station,model,window,hour_index,day_index,pred,actual,abs_error
stachus,catboost,spring_2024,0,0,16.73761428609816,15.0,1.737614286098161
stachus,catboost,spring_2024,1,0,15.933761161055518,14.0,1.9337611610555179
stachus,catboost,spring_2024,2,0,15.897126150559046,14.0,1.8971261505590462
stachus,catboost,spring_2024,3,0,15.818070476923472,13.0,2.818070476923472
stachus,catboost,spring_2024,4,0,15.312792460474462,13.0,2.312792460474462
stachus,catboost,spring_2024,5,0,14.367345210888377,11.0,3.3673452108883772
stachus,catboost,spring_2024,6,0,13.523947315909833,11.0,2.523947315909833
stachus,catboost,spring_2024,7,0,12.736773425258566,10.0,2.7367734252585656
stachus,catboost,spring_2024,8,0,11.543979424919355,9.0,2.543979424919355
stachus,catboost,spring_2024,9,0,9.746040447536533,8.0,1.746040447536533
stachus,catboost,spring_2024,10,0,8.644488733737363,7.0,1.6444887337373633
stachus,catboost,spring_2024,11,0,7.962081354132762,7.0,0.9620813541327617
stachus,catboost,spring_2024,12,0,7.536085964990507,7.0,0.536085964990507
stachus,catboost,spring_2024,13,0,7.881820323003133,7.0,0.881820323003133
stachus,catboost,spring_2024,14,0,7.5555714328379295,6.0,1.5555714328379295
stachus,catboost,spring_2024,15,0,6.278196106453938,4.0,2.2781961064539384
stachus,catboost,spring_2024,16,0,5.600610798245306,3.0,2.600610798245306
stachus,catboost,spring_2024,17,0,5.189089402903904,4.0,1.189089402903904
stachus,catboost,spring_2024,18,0,6.244464060143363,8.0,1.755535939856637
stachus,catboost,spring_2024,19,0,6.824974430019354,6.0,0.8249744300193544
stachus,catboost,spring_2024,20,0,8.628737673361327,11.0,2.371262326638673
stachus,catboost,spring_2024,21,0,9.438136567347383,14.0,4.561863432652617
stachus,catboost,spring_2024,22,0,8.956689684565685,9.0,0.04331031543431507
stachus,catboost,spring_2024,23,0,7.712944708512712,6.0,1.7129447085127119
stachus,catboost,spring_2024,24,1,7.713155555507724,8.0,0.2868444444922762
stachus,catboost,spring_2024,25,1,7.8106390536323875,10.0,2.1893609463676125
stachus,catboost,spring_2024,26,1,6.733544046401908,6.0,0.7335440464019083
stachus,catboost,spring_2024,27,1,5.855791005901823,6.0,0.144208994098177
stachus,catboost,spring_2024,28,1,5.696441597424515,5.0,0.6964415974245153
stachus,catboost,spring_2024,29,1,5.570636517841892,5.0,0.5706365178418924
stachus,catboost,spring_2024,30,1,5.471490221309714,5.0,0.47149022130971385
stachus,catboost,spring_2024,31,1,5.141498142179871,4.0,1.141498142179871
stachus,catboost,spring_2024,32,1,5.155686714881232,4.0,1.1556867148812318
stachus,catboost,spring_2024,33,1,5.108671067170398,4.0,1.1086710671703983
stachus,catboost,spring_2024,34,1,5.366745977166042,4.0,1.3667459771660422
stachus,catboost,spring_2024,35,1,5.2517769962690615,2.0,3.2517769962690615
stachus,catboost,spring_2024,36,1,4.8804841939125305,3.0,1.8804841939125305
stachus,catboost,spring_2024,37,1,4.984676440302113,5.0,0.01532355969788668
stachus,catboost,spring_2024,38,1,4.90268880424458,5.0,0.09731119575542024
stachus,catboost,spring_2024,39,1,5.437256053560893,6.0,0.5627439464391069
stachus,catboost,spring_2024,40,1,5.330637878415331,4.0,1.330637878415331
stachus,catboost,spring_2024,41,1,4.7322821892472255,3.0,1.7322821892472255
stachus,catboost,spring_2024,42,1,4.906690787369569,6.0,1.0933092126304311
stachus,catboost,spring_2024,43,1,5.3915658938453195,6.0,0.6084341061546805
stachus,catboost,spring_2024,44,1,4.999873880584621,2.0,2.9998738805846212
stachus,catboost,spring_2024,45,1,4.115570753096146,2.0,2.1155707530961463
stachus,catboost,spring_2024,46,1,3.5731037011832845,2.0,1.5731037011832845
stachus,catboost,spring_2024,47,1,2.8741554575245685,2.0,0.8741554575245685
stachus,catboost,spring_2024,48,2,2.840145033464255,3.0,0.15985496653574494
stachus,catboost,spring_2024,49,2,2.9783222451049873,4.0,1.0216777548950127
stachus,catboost,spring_2024,50,2,2.7441412191418006,3.0,0.25585878085819935
stachus,catboost,spring_2024,51,2,2.56128242083878,2.0,0.5612824208387801
stachus,catboost,spring_2024,52,2,2.6403790311604967,2.0,0.6403790311604967
stachus,catboost,spring_2024,53,2,2.5183250528554293,1.0,1.5183250528554293
stachus,catboost,spring_2024,54,2,2.5652227839608273,1.0,1.5652227839608273
stachus,catboost,spring_2024,55,2,2.4269781739665968,0.6,1.8269781739665967
stachus,catboost,spring_2024,56,2,2.3894174802486656,0.6,1.7894174802486655
stachus,catboost,spring_2024,57,2,2.218193162002448,0.4,1.8181931620024483
stachus,catboost,spring_2024,58,2,2.050758143790449,0.3,1.750758143790449
stachus,catboost,spring_2024,59,2,1.9744788654659402,0.8,1.1744788654659402
stachus,catboost,spring_2024,60,2,1.985951792935201,0.7,1.2859517929352011
stachus,catboost,spring_2024,61,2,1.901253065806909,1.0,0.9012530658069089
stachus,catboost,spring_2024,62,2,2.087979586009414,3.0,0.9120204139905859
stachus,catboost,spring_2024,63,2,2.191521097308569,4.0,1.808478902691431
stachus,catboost,spring_2024,64,2,2.4639328013520663,5.0,2.5360671986479337
stachus,catboost,spring_2024,65,2,3.01154883055813,4.0,0.9884511694418698
stachus,catboost,spring_2024,66,2,3.106918078032093,5.0,1.893081921967907
stachus,catboost,spring_2024,67,2,2.934741353186128,4.0,1.0652586468138718
stachus,catboost,spring_2024,68,2,2.841279716555748,3.0,0.15872028344425182
stachus,catboost,spring_2024,69,2,2.6174077776102624,3.0,0.38259222238973756
stachus,catboost,spring_2024,70,2,2.5636222736953966,3.0,0.43637772630460336
stachus,catboost,spring_2024,71,2,2.441747906951025,2.0,0.44174790695102484
stachus,catboost,spring_2024,72,3,2.3433621057102245,1.0,1.3433621057102245
stachus,catboost,spring_2024,73,3,2.1393391466892,1.0,1.1393391466892
stachus,catboost,spring_2024,74,3,1.9953239005380805,1.0,0.9953239005380805
stachus,catboost,spring_2024,75,3,1.9728595273259701,0.7,1.2728595273259702
stachus,catboost,spring_2024,76,3,2.074923899570675,1.0,1.074923899570675
stachus,catboost,spring_2024,77,3,2.0596609213676764,1.0,1.0596609213676764
stachus,catboost,spring_2024,78,3,2.382661471460527,2.0,0.3826614714605272
stachus,catboost,spring_2024,79,3,2.6421518798474635,2.0,0.6421518798474635
stachus,catboost,spring_2024,80,3,3.530455995971354,3.0,0.5304559959713542
stachus,catboost,spring_2024,81,3,3.907305593219503,3.0,0.9073055932195029
stachus,catboost,spring_2024,82,3,4.389273356390505,4.0,0.38927335639050487
stachus,catboost,spring_2024,83,3,4.572970584073917,5.0,0.427029415926083
stachus,catboost,spring_2024,84,3,4.290952030938397,3.0,1.2909520309383966
stachus,catboost,spring_2024,85,3,4.059671316070786,3.0,1.0596713160707862
stachus,catboost,spring_2024,86,3,3.611382745097984,3.0,0.6113827450979841
stachus,catboost,spring_2024,87,3,3.4148579979760108,3.0,0.41485799797601075
stachus,catboost,spring_2024,88,3,3.4033749614448974,5.0,1.5966250385551026
stachus,catboost,spring_2024,89,3,3.5640718289291344,4.0,0.43592817107086557
stachus,catboost,spring_2024,90,3,3.645762818283547,4.0,0.3542371817164529
stachus,catboost,spring_2024,91,3,4.048496134390915,6.0,1.9515038656090846
stachus,catboost,spring_2024,92,3,4.96218745260296,6.0,1.0378125473970403
stachus,catboost,spring_2024,93,3,5.253812165271552,4.0,1.253812165271552
stachus,catboost,spring_2024,94,3,5.182613921360042,4.0,1.1826139213600424
stachus,catboost,spring_2024,95,3,5.068857916587806,5.0,0.06885791658780605
stachus,catboost,spring_2024,96,4,4.895255591804122,5.0,0.10474440819587816
stachus,catboost,spring_2024,97,4,5.210090015268043,5.0,0.21009001526804294
stachus,catboost,spring_2024,98,4,5.713761719802344,7.0,1.2862382801976562
stachus,catboost,spring_2024,99,4,6.366120165346652,6.0,0.36612016534665237
stachus,catboost,spring_2024,100,4,6.5576866773768625,6.0,0.5576866773768625
stachus,catboost,spring_2024,101,4,6.350493958918212,5.0,1.3504939589182117
stachus,catboost,spring_2024,102,4,6.485512189525236,5.0,1.4855121895252363
stachus,catboost,spring_2024,103,4,5.92243661216593,5.0,0.9224366121659298
stachus,catboost,spring_2024,104,4,6.268029723722804,6.0,0.26802972372280376
stachus,catboost,spring_2024,105,4,6.248832424236314,7.0,0.7511675757636862
stachus,catboost,spring_2024,106,4,6.003120452109229,7.0,0.9968795478907708
stachus,catboost,spring_2024,107,4,5.796416122714499,6.0,0.2035838772855012
stachus,catboost,spring_2024,108,4,5.8763232709797,7.0,1.1236767290202998
stachus,catboost,spring_2024,109,4,5.800616196027564,6.0,0.19938380397243627
stachus,catboost,spring_2024,110,4,6.581567146070935,8.0,1.4184328539290654
stachus,catboost,spring_2024,111,4,6.452580097140516,7.0,0.5474199028594837
stachus,catboost,spring_2024,112,4,6.608980854256456,8.0,1.3910191457435443
stachus,catboost,spring_2024,113,4,6.671081254919869,7.0,0.32891874508013075
stachus,catboost,spring_2024,114,4,7.163071773812963,9.0,1.8369282261870374
stachus,catboost,spring_2024,115,4,8.42701376594473,11.0,2.5729862340552696
stachus,catboost,spring_2024,116,4,10.015309329164092,13.0,2.984690670835908
stachus,catboost,spring_2024,117,4,11.359014337683927,14.0,2.640985662316073
stachus,catboost,spring_2024,118,4,12.221835835951303,15.0,2.7781641640486967
stachus,catboost,spring_2024,119,4,10.730338857108885,9.0,1.730338857108885
stachus,catboost,spring_2024,120,5,9.815721725935335,9.0,0.8157217259353349
stachus,catboost,spring_2024,121,5,9.556675172517695,9.0,0.5566751725176946
stachus,catboost,spring_2024,122,5,9.157594865691722,7.0,2.1575948656917223
stachus,catboost,spring_2024,123,5,8.168410803121976,4.0,4.168410803121976
stachus,catboost,spring_2024,124,5,6.8636112298796075,3.0,3.8636112298796075
stachus,catboost,spring_2024,125,5,6.911736678091977,3.0,3.9117366780919767
stachus,catboost,spring_2024,126,5,7.413210368265853,4.0,3.413210368265853
stachus,catboost,spring_2024,127,5,8.231252241807933,6.0,2.2312522418079332
stachus,catboost,spring_2024,128,5,8.120491405143971,8.0,0.12049140514397116
stachus,catboost,spring_2024,129,5,8.0499184313137,7.0,1.0499184313136993
stachus,catboost,spring_2024,130,5,5.87260124559832,2.0,3.87260124559832
stachus,catboost,spring_2024,131,5,5.018625392913912,3.0,2.018625392913912
stachus,catboost,spring_2024,132,5,3.9462045923760956,3.0,0.9462045923760956
stachus,catboost,spring_2024,133,5,3.521837996249654,3.0,0.521837996249654
stachus,catboost,spring_2024,134,5,3.0836710170028026,4.0,0.9163289829971974
stachus,catboost,spring_2024,135,5,5.3594696881150155,12.0,6.6405303118849845
stachus,catboost,spring_2024,136,5,8.262535813423499,18.0,9.737464186576501
stachus,catboost,spring_2024,137,5,12.498699879357547,25.0,12.501300120642453
stachus,catboost,spring_2024,138,5,12.76871632681654,15.0,2.2312836731834604
stachus,catboost,spring_2024,139,5,9.635178466502312,8.0,1.6351784665023121
stachus,catboost,spring_2024,140,5,7.259685509094307,6.0,1.2596855090943073
stachus,catboost,spring_2024,141,5,5.5449010681996915,3.0,2.5449010681996915
stachus,catboost,spring_2024,142,5,4.745848438244412,3.0,1.745848438244412
stachus,catboost,spring_2024,143,5,3.5845808053552286,0.5,3.0845808053552286
stachus,catboost,spring_2024,144,6,2.630620998117675,0.5,2.130620998117675
stachus,catboost,spring_2024,145,6,2.15411596337625,0.3,1.8541159633762498
stachus,catboost,spring_2024,146,6,1.7181847779373598,0.3,1.4181847779373598
stachus,catboost,spring_2024,147,6,1.5617568735991885,0.5,1.0617568735991885
stachus,catboost,spring_2024,148,6,1.5431716741566373,0.3,1.2431716741566372
stachus,catboost,spring_2024,149,6,1.5483857144309479,0.3,1.2483857144309478
stachus,catboost,spring_2024,150,6,2.0463278553293174,0.5,1.5463278553293174
stachus,catboost,spring_2024,151,6,1.788935476000061,0.3,1.488935476000061
stachus,catboost,spring_2024,152,6,1.7353441118652224,0.3,1.4353441118652224
stachus,catboost,spring_2024,153,6,1.7834513570307582,0.6,1.183451357030758
stachus,catboost,spring_2024,154,6,2.09424393704543,2.0,0.09424393704543021
stachus,catboost,spring_2024,155,6,3.2619511302452793,4.0,0.7380488697547207
stachus,catboost,spring_2024,156,6,3.765603159640217,4.0,0.23439684035978292
stachus,catboost,spring_2024,157,6,3.180322153969107,2.0,1.1803221539691071
stachus,catboost,spring_2024,158,6,2.6708369799304545,1.0,1.6708369799304545
stachus,catboost,spring_2024,159,6,2.6270703246417977,2.0,0.6270703246417977
stachus,catboost,spring_2024,160,6,2.734233289031028,2.0,0.7342332890310281
stachus,catboost,spring_2024,161,6,3.1511785919016395,3.0,0.15117859190163951
stachus,catboost,spring_2024,162,6,2.956008508550875,3.0,0.043991491449125064
stachus,catboost,spring_2024,163,6,3.0031168718107395,4.0,0.9968831281892605
stachus,catboost,spring_2024,164,6,3.0488170620084487,4.0,0.9511829379915513
stachus,catboost,spring_2024,165,6,3.2078414123505805,4.0,0.7921585876494195
stachus,catboost,spring_2024,166,6,2.981051965955597,4.0,1.0189480340444028
stachus,catboost,spring_2024,167,6,3.0591637027496414,4.0,0.9408362972503586
stachus,catboost,spring_2024,168,7,3.223156081843583,4.0,0.7768439181564171
stachus,catboost,spring_2024,169,7,3.2298396019598066,3.0,0.22983960195980657
stachus,catboost,spring_2024,170,7,2.9348978083689676,0.8,2.134897808368968
stachus,catboost,spring_2024,171,7,2.790370643114861,0.4,2.3903706431148612
stachus,catboost,spring_2024,172,7,2.8881015074680016,0.8,2.088101507468002
stachus,catboost,spring_2024,173,7,2.6719575651991985,0.6,2.0719575651991984
stachus,catboost,spring_2024,174,7,2.7815090701228264,1.0,1.7815090701228264
stachus,catboost,spring_2024,175,7,2.757506095762446,2.0,0.7575060957624462
stachus,catboost,spring_2024,176,7,2.409023766655208,2.0,0.4090237666552081
stachus,catboost,spring_2024,177,7,2.393002419395528,2.0,0.39300241939552816
stachus,catboost,spring_2024,178,7,2.142445054432864,1.0,1.142445054432864
stachus,catboost,spring_2024,179,7,1.8386499655617907,1.0,0.8386499655617907
stachus,catboost,spring_2024,180,7,1.607473415469462,1.0,0.6074734154694621
stachus,catboost,spring_2024,181,7,1.1946636452894328,0.9,0.2946636452894328
stachus,catboost,spring_2024,182,7,0.5963351230945797,2.0,1.4036648769054203
stachus,catboost,spring_2024,183,7,0.3820217209355885,2.0,1.6179782790644115
stachus,catboost,spring_2024,184,7,0.28863958362246933,2.0,1.7113604163775307
stachus,catboost,spring_2024,185,7,1.7993076007613258,10.0,8.200692399238674
stachus,catboost,spring_2024,186,7,10.133993889154107,32.0,21.866006110845895
stachus,catboost,spring_2024,187,7,19.097516659532836,37.0,17.902483340467164
stachus,catboost,spring_2024,188,7,27.303923098290298,37.0,9.696076901709702
stachus,catboost,spring_2024,189,7,34.043601349864026,37.0,2.9563986501359736
stachus,catboost,spring_2024,190,7,37.250194568865126,37.0,0.25019456886512614
stachus,catboost,spring_2024,191,7,37.814017398682026,37.0,0.8140173986820258
stachus,catboost,spring_2024,192,8,37.868419170398106,37.0,0.8684191703981057
stachus,catboost,spring_2024,193,8,37.45030046767833,37.0,0.450300467678332
stachus,catboost,spring_2024,194,8,36.99416526731014,37.0,0.005834732689862676
stachus,catboost,spring_2024,195,8,36.94677024589892,37.0,0.053229754101081994
stachus,catboost,spring_2024,196,8,37.11171999177418,37.0,0.11171999177418002
stachus,catboost,spring_2024,197,8,36.78078153351813,36.0,0.7807815335181303
stachus,catboost,spring_2024,198,8,36.286316241599515,35.0,1.2863162415995149
stachus,catboost,spring_2024,199,8,35.942611460889566,33.0,2.942611460889566
stachus,catboost,spring_2024,200,8,35.7901238328633,28.0,7.790123832863301
stachus,catboost,spring_2024,201,8,35.44367629520056,24.0,11.44367629520056
stachus,catboost,spring_2024,202,8,34.745105433298264,25.0,9.745105433298264
stachus,catboost,spring_2024,203,8,34.277091889289316,24.0,10.277091889289316
stachus,catboost,spring_2024,204,8,33.856417512651795,24.0,9.856417512651795
stachus,catboost,spring_2024,205,8,33.27041123463043,27.0,6.27041123463043
stachus,catboost,spring_2024,206,8,32.998919130117834,32.0,0.9989191301178337
stachus,catboost,spring_2024,207,8,33.275555894598014,31.0,2.275555894598014
stachus,catboost,spring_2024,208,8,33.43118069713814,30.0,3.4311806971381387
stachus,catboost,spring_2024,209,8,33.79856995840733,34.0,0.20143004159267264
stachus,catboost,spring_2024,210,8,33.77357481737047,37.0,3.2264251826295265
stachus,catboost,spring_2024,211,8,33.47664389427296,37.0,3.5233561057270393
stachus,catboost,spring_2024,212,8,32.986756525594664,37.0,4.013243474405336
stachus,catboost,spring_2024,213,8,32.53790806550421,32.0,0.5379080655042117
stachus,catboost,spring_2024,214,8,31.08067148834647,21.0,10.080671488346471
stachus,catboost,spring_2024,215,8,28.40940232100997,16.0,12.40940232100997
stachus,catboost,spring_2024,216,9,32.255758049372915,33.0,0.7442419506270852
stachus,catboost,spring_2024,217,9,34.28979360719306,37.0,2.7102063928069384
stachus,catboost,spring_2024,218,9,33.33663102163738,36.0,2.6633689783626195
stachus,catboost,spring_2024,219,9,33.16680950466315,19.0,14.16680950466315
stachus,catboost,spring_2024,220,9,31.86326789208268,17.0,14.863267892082678
stachus,catboost,spring_2024,221,9,30.74542782046895,16.0,14.74542782046895
stachus,catboost,spring_2024,222,9,31.710941263506857,17.0,14.710941263506857
stachus,catboost,spring_2024,223,9,31.735282798118575,16.0,15.735282798118575
stachus,catboost,spring_2024,224,9,31.850462762728544,17.0,14.850462762728544
stachus,catboost,spring_2024,225,9,33.24491693684726,16.0,17.24491693684726
stachus,catboost,spring_2024,226,9,32.28362975926338,16.0,16.283629759263377
stachus,catboost,spring_2024,227,9,29.70322447512769,15.0,14.70322447512769
stachus,catboost,spring_2024,228,9,28.058588477300763,14.0,14.058588477300763
stachus,catboost,spring_2024,229,9,24.605300139080793,12.0,12.605300139080793
stachus,catboost,spring_2024,230,9,21.87562747927612,11.0,10.875627479276119
stachus,catboost,spring_2024,231,9,14.176419768297455,6.0,8.176419768297455
stachus,catboost,spring_2024,232,9,6.136789626146426,2.0,4.136789626146426
stachus,catboost,spring_2024,233,9,3.868665275842697,2.0,1.8686652758426971
stachus,catboost,spring_2024,234,9,3.549974704528262,2.0,1.5499747045282621
stachus,catboost,spring_2024,235,9,3.9829063021700923,4.0,0.01709369782990766
stachus,catboost,spring_2024,236,9,4.774096179495579,4.0,0.7740961794955794
stachus,catboost,spring_2024,237,9,5.3087417217288095,4.0,1.3087417217288095
stachus,catboost,spring_2024,238,9,5.8520911924451635,4.0,1.8520911924451635
stachus,catboost,spring_2024,239,9,6.116637108357143,4.0,2.1166371083571427
stachus,catboost,spring_2024,240,10,6.1802489674986765,4.0,2.1802489674986765
stachus,catboost,spring_2024,241,10,5.616230257828616,3.0,2.616230257828616
stachus,catboost,spring_2024,242,10,5.458537930374173,3.0,2.458537930374173
stachus,catboost,spring_2024,243,10,5.384983380925816,3.0,2.3849833809258163
stachus,catboost,spring_2024,244,10,5.507765066260914,3.0,2.507765066260914
stachus,catboost,spring_2024,245,10,5.543177964535922,3.0,2.5431779645359223
stachus,catboost,spring_2024,246,10,5.634877511609493,3.0,2.634877511609493
stachus,catboost,spring_2024,247,10,5.508380068860836,2.0,3.508380068860836
stachus,catboost,spring_2024,248,10,5.672297432118634,3.0,2.6722974321186337
stachus,catboost,spring_2024,249,10,5.168233807019619,1.0,4.168233807019619
stachus,catboost,spring_2024,250,10,4.030161311524223,0.6,3.430161311524223
stachus,catboost,spring_2024,251,10,3.322187311811386,0.6,2.722187311811386
stachus,catboost,spring_2024,252,10,2.7106388038244997,0.6,2.1106388038244996
stachus,catboost,spring_2024,253,10,2.4791634780964165,0.7,1.7791634780964165
stachus,catboost,spring_2024,254,10,2.5797847835102354,1.0,1.5797847835102354
stachus,catboost,spring_2024,255,10,2.7209956103914426,2.0,0.7209956103914426
stachus,catboost,spring_2024,256,10,2.751261955552552,2.0,0.7512619555525522
stachus,catboost,spring_2024,257,10,2.90728840217687,3.0,0.0927115978231301
stachus,catboost,spring_2024,258,10,3.1166293168108714,5.0,1.8833706831891286
stachus,catboost,spring_2024,259,10,3.2788747743767166,4.0,0.7211252256232834
stachus,catboost,spring_2024,260,10,2.9702739215627494,2.0,0.9702739215627494
stachus,catboost,spring_2024,261,10,2.97011260638147,3.0,0.02988739361853021
stachus,catboost,spring_2024,262,10,2.7252080113821844,1.0,1.7252080113821844
stachus,catboost,spring_2024,263,10,2.836160200098395,2.0,0.8361602000983952
stachus,catboost,spring_2024,264,11,2.741071995733641,1.0,1.7410719957336411
stachus,catboost,spring_2024,265,11,2.576272632398707,0.3,2.2762726323987073
stachus,catboost,spring_2024,266,11,2.625562633618175,0.3,2.3255626336181754
stachus,catboost,spring_2024,267,11,2.6137752107028502,0.4,2.2137752107028503
stachus,catboost,spring_2024,268,11,2.608033561898276,0.3,2.3080335618982764
stachus,catboost,spring_2024,269,11,2.6436357433603543,0.3,2.3436357433603545
stachus,catboost,spring_2024,270,11,3.2657627056763063,1.0,2.2657627056763063
stachus,catboost,spring_2024,271,11,3.582163720759209,2.0,1.5821637207592092
stachus,catboost,spring_2024,272,11,3.616335044333085,2.0,1.616335044333085
stachus,catboost,spring_2024,273,11,3.9214998604818563,2.0,1.9214998604818563
stachus,catboost,spring_2024,274,11,4.634061452677124,4.0,0.6340614526771242
stachus,catboost,spring_2024,275,11,4.820347261183615,4.0,0.8203472611836151
stachus,catboost,spring_2024,276,11,5.136755828642176,4.0,1.1367558286421762
stachus,catboost,spring_2024,277,11,5.7526282313657635,4.0,1.7526282313657635
stachus,catboost,spring_2024,278,11,6.891873382347538,6.0,0.891873382347538
stachus,catboost,spring_2024,279,11,7.248183589664375,4.0,3.248183589664375
stachus,catboost,spring_2024,280,11,6.976599952106598,4.0,2.9765999521065982
stachus,catboost,spring_2024,281,11,6.589581724274588,4.0,2.5895817242745878
stachus,catboost,spring_2024,282,11,6.765686045300879,7.0,0.23431395469912086
stachus,catboost,spring_2024,283,11,7.252172281659934,7.0,0.2521722816599343
stachus,catboost,spring_2024,284,11,6.551816818232203,3.0,3.5518168182322034
stachus,catboost,spring_2024,285,11,6.064290205706552,5.0,1.064290205706552
stachus,catboost,spring_2024,286,11,5.501647018358918,3.0,2.501647018358918
stachus,catboost,spring_2024,287,11,5.220034014332485,2.0,3.2200340143324846
stachus,catboost,spring_2024,288,12,4.786386766672298,1.0,3.7863867666722983
stachus,catboost,spring_2024,289,12,4.670742409492995,2.0,2.670742409492995
stachus,catboost,spring_2024,290,12,4.1898069738063715,1.0,3.1898069738063715
stachus,catboost,spring_2024,291,12,4.04982027689065,0.8,3.2498202768906506
stachus,catboost,spring_2024,292,12,4.087949653030474,0.6,3.487949653030474
stachus,catboost,spring_2024,293,12,4.182364541513908,0.9,3.282364541513908
stachus,catboost,spring_2024,294,12,4.605537675092535,2.0,2.6055376750925348
stachus,catboost,spring_2024,295,12,4.6690791722286695,2.0,2.6690791722286695
stachus,catboost,spring_2024,296,12,4.385427647714275,3.0,1.385427647714275
stachus,catboost,spring_2024,297,12,4.35650374433796,3.0,1.3565037443379602
stachus,catboost,spring_2024,298,12,4.348348925430996,3.0,1.3483489254309964
stachus,catboost,spring_2024,299,12,4.6470107634296784,3.0,1.6470107634296784
stachus,catboost,spring_2024,300,12,4.331920993340936,2.0,2.331920993340936
stachus,catboost,spring_2024,301,12,4.314712698294838,2.0,2.314712698294838
stachus,catboost,spring_2024,302,12,4.611687949727604,3.0,1.611687949727604
stachus,catboost,spring_2024,303,12,5.137409955260408,5.0,0.13740995526040756
stachus,catboost,spring_2024,304,12,5.265279417603364,4.0,1.265279417603364
stachus,catboost,spring_2024,305,12,5.687707992644743,4.0,1.687707992644743
stachus,catboost,spring_2024,306,12,6.2152117063095975,5.0,1.2152117063095975
stachus,catboost,spring_2024,307,12,5.819708181686515,4.0,1.819708181686515
stachus,catboost,spring_2024,308,12,5.500208660418956,3.0,2.5002086604189557
stachus,catboost,spring_2024,309,12,5.256103578157036,3.0,2.2561035781570364
stachus,catboost,spring_2024,310,12,4.4635276900112,2.0,2.4635276900112
stachus,catboost,spring_2024,311,12,3.722803097004742,0.7,3.0228030970047417
stachus,catboost,spring_2024,312,13,2.893294273648918,1.0,1.8932942736489178
stachus,catboost,spring_2024,313,13,2.7987752350478994,2.0,0.7987752350478994
stachus,catboost,spring_2024,314,13,2.814457758376628,2.0,0.8144577583766281
stachus,catboost,spring_2024,315,13,2.910582556868367,2.0,0.9105825568683672
stachus,catboost,spring_2024,316,13,2.9910292369282026,1.0,1.9910292369282026
stachus,catboost,spring_2024,317,13,2.969950119737754,1.0,1.9699501197377538
stachus,catboost,spring_2024,318,13,3.690075052364688,4.0,0.3099249476353121
stachus,catboost,spring_2024,319,13,3.7101684893812346,2.0,1.7101684893812346
stachus,catboost,spring_2024,320,13,3.4727946772694613,2.0,1.4727946772694613
stachus,catboost,spring_2024,321,13,3.435131384224479,3.0,0.43513138422447906
stachus,catboost,spring_2024,322,13,3.3916856428355864,4.0,0.6083143571644136
stachus,catboost,spring_2024,323,13,3.232350090876741,3.0,0.23235009087674108
stachus,catboost,spring_2024,324,13,3.707383656454832,5.0,1.292616343545168
stachus,catboost,spring_2024,325,13,4.166392051839178,5.0,0.8336079481608216
stachus,catboost,spring_2024,326,13,5.198936243935742,8.0,2.8010637560642584
stachus,catboost,spring_2024,327,13,5.930638274927373,8.0,2.0693617250726266
stachus,catboost,spring_2024,328,13,6.327696556466004,6.0,0.3276965564660044
stachus,catboost,spring_2024,329,13,6.46130466863052,7.0,0.53869533136948
stachus,catboost,spring_2024,330,13,6.461793583207925,9.0,2.5382064167920753
stachus,catboost,spring_2024,331,13,7.21312006721297,13.0,5.78687993278703
stachus,catboost,spring_2024,332,13,7.53535205260681,8.0,0.46464794739318993
stachus,catboost,spring_2024,333,13,8.181490042616241,8.0,0.18149004261624135
stachus,catboost,spring_2024,334,13,7.822351190584367,8.0,0.17764880941563277
stachus,catboost,spring_2024,335,13,7.148890510928936,5.0,2.1488905109289362
stachus,catboost,spring_2024,336,14,6.636141627491796,5.0,1.6361416274917957
stachus,catboost,spring_2024,337,14,6.144293618266106,5.0,1.144293618266106
stachus,catboost,spring_2024,338,14,5.837924403606544,4.0,1.8379244036065439
stachus,catboost,spring_2024,339,14,5.854933667999739,3.0,2.854933667999739
stachus,catboost,spring_2024,340,14,5.9666638876505695,4.0,1.9666638876505695
stachus,catboost,spring_2024,341,14,6.412220053316869,5.0,1.4122200533168687
stachus,catboost,spring_2024,342,14,6.493659820933397,5.0,1.4936598209333969
stachus,catboost,spring_2024,343,14,6.096691585150419,5.0,1.0966915851504186
stachus,catboost,spring_2024,344,14,5.576150096315954,4.0,1.5761500963159536
stachus,catboost,spring_2024,345,14,5.142672600813998,3.0,2.142672600813998
stachus,catboost,spring_2024,346,14,4.758100025312408,3.0,1.758100025312408
stachus,catboost,spring_2024,347,14,4.363575606171345,3.0,1.363575606171345
stachus,catboost,spring_2024,348,14,4.250311656072893,5.0,0.7496883439271071
stachus,catboost,spring_2024,349,14,3.697352893614231,3.0,0.697352893614231
stachus,catboost,spring_2024,350,14,3.156945970601158,4.0,0.843054029398842
stachus,catboost,spring_2024,351,14,3.48193711819765,6.0,2.51806288180235
stachus,catboost,spring_2024,352,14,4.212997276826445,9.0,4.787002723173555
stachus,catboost,spring_2024,353,14,5.482015317038959,9.0,3.517984682961041
stachus,catboost,spring_2024,354,14,7.581059772038664,16.0,8.418940227961336
stachus,catboost,spring_2024,355,14,9.226636965634155,16.0,6.773363034365845
stachus,catboost,spring_2024,356,14,8.79433331582584,10.0,1.20566668417416
stachus,catboost,spring_2024,357,14,8.882114893335931,10.0,1.117885106664069
stachus,catboost,spring_2024,358,14,8.203284793245718,7.0,1.203284793245718
stachus,catboost,spring_2024,359,14,7.441144070571998,8.0,0.5588559294280024
stachus,catboost,spring_2024,360,15,7.632636211227627,9.0,1.3673637887723729
stachus,catboost,spring_2024,361,15,7.500553641198442,7.0,0.5005536411984419
stachus,catboost,spring_2024,362,15,7.091777768464995,6.0,1.0917777684649952
stachus,catboost,spring_2024,363,15,6.806534727814892,5.0,1.806534727814892
stachus,catboost,spring_2024,364,15,7.315091595527769,6.0,1.315091595527769
stachus,catboost,spring_2024,365,15,8.521214489049932,8.0,0.5212144890499317
stachus,catboost,spring_2024,366,15,7.887838603518964,7.0,0.887838603518964
stachus,catboost,spring_2024,367,15,7.381403871470405,6.0,1.3814038714704049
stachus,catboost,spring_2024,368,15,6.477593051114107,5.0,1.4775930511141073
stachus,catboost,spring_2024,369,15,5.830804258749346,4.0,1.830804258749346
stachus,catboost,spring_2024,370,15,5.543334785084793,4.0,1.5433347850847934
stachus,catboost,spring_2024,371,15,5.1628604526875135,5.0,0.16286045268751348
stachus,catboost,spring_2024,372,15,4.635075750594386,5.0,0.36492424940561374
stachus,catboost,spring_2024,373,15,4.077616637287141,4.0,0.07761663728714119
stachus,catboost,spring_2024,374,15,4.1255393119834896,5.0,0.8744606880165104
stachus,catboost,spring_2024,375,15,4.454523399026778,6.0,1.5454766009732221
stachus,catboost,spring_2024,376,15,4.460172996380324,7.0,2.539827003619676
stachus,catboost,spring_2024,377,15,5.318634688766718,9.0,3.6813653112332823
stachus,catboost,spring_2024,378,15,8.966959151579701,11.0,2.033040848420299
stachus,catboost,spring_2024,379,15,13.549054872989466,16.0,2.4509451270105345
stachus,catboost,spring_2024,380,15,16.345014647042824,19.0,2.6549853529571763
stachus,catboost,spring_2024,381,15,18.433009967118846,22.0,3.5669900328811543
stachus,catboost,spring_2024,382,15,18.621082106189178,19.0,0.3789178938108222
stachus,catboost,spring_2024,383,15,17.646436618356013,17.0,0.6464366183560131
stachus,catboost,spring_2024,384,16,14.20065727541703,12.0,2.2006572754170293
stachus,catboost,spring_2024,385,16,9.663809144094703,7.0,2.663809144094703
stachus,catboost,spring_2024,386,16,9.295355325211101,9.0,0.2953553252111014
stachus,catboost,spring_2024,387,16,8.105804914982906,7.0,1.1058049149829063
stachus,catboost,spring_2024,388,16,6.6345465548944205,5.0,1.6345465548944205
stachus,catboost,spring_2024,389,16,5.647949239707614,5.0,0.6479492397076143
stachus,catboost,spring_2024,390,16,5.403702718649596,5.0,0.40370271864959584
stachus,catboost,spring_2024,391,16,5.083767761976059,4.0,1.083767761976059
stachus,catboost,spring_2024,392,16,5.143135743362252,4.0,1.1431357433622518
stachus,catboost,spring_2024,393,16,4.964752727900589,4.0,0.9647527279005894
stachus,catboost,spring_2024,394,16,4.918434661456562,5.0,0.08156533854343806
stachus,catboost,spring_2024,395,16,7.014664047635787,8.0,0.9853359523642133
stachus,catboost,spring_2024,396,16,10.131916332450626,9.0,1.1319163324506256
stachus,catboost,spring_2024,397,16,11.375666559262548,9.0,2.375666559262548
stachus,catboost,spring_2024,398,16,12.749678631902565,9.0,3.7496786319025652
stachus,catboost,spring_2024,399,16,13.726372345880419,9.0,4.726372345880419
stachus,catboost,spring_2024,400,16,14.017837750421176,10.0,4.017837750421176
stachus,catboost,spring_2024,401,16,14.458770737588573,11.0,3.458770737588573
stachus,catboost,spring_2024,402,16,15.546269846740383,12.0,3.5462698467403833
stachus,catboost,spring_2024,403,16,17.453201598122885,14.0,3.4532015981228845
stachus,catboost,spring_2024,404,16,17.046093851756332,12.0,5.046093851756332
stachus,catboost,spring_2024,405,16,15.840346866655697,10.0,5.840346866655697
stachus,catboost,spring_2024,406,16,14.439132685016236,10.0,4.4391326850162365
stachus,catboost,spring_2024,407,16,12.355859923559587,8.0,4.355859923559587
stachus,catboost,spring_2024,408,17,11.703708534938176,9.0,2.703708534938176
stachus,catboost,spring_2024,409,17,11.713169009844055,9.0,2.713169009844055
stachus,catboost,spring_2024,410,17,11.723655349760636,9.0,2.7236553497606355
stachus,catboost,spring_2024,411,17,12.239876110195054,10.0,2.2398761101950537
stachus,catboost,spring_2024,412,17,12.84418950559925,9.0,3.8441895055992497
stachus,catboost,spring_2024,413,17,15.450715834026512,11.0,4.4507158340265125
stachus,catboost,spring_2024,414,17,19.07007227563921,13.0,6.070072275639209
stachus,catboost,spring_2024,415,17,20.595937746208307,13.0,7.595937746208307
stachus,catboost,spring_2024,416,17,21.32723203520697,14.0,7.327232035206968
stachus,catboost,spring_2024,417,17,23.149817480342787,14.0,9.149817480342787
stachus,catboost,spring_2024,418,17,23.682519982819766,14.0,9.682519982819766
stachus,catboost,spring_2024,419,17,27.06505459106712,17.0,10.06505459106712
stachus,catboost,spring_2024,420,17,28.46782354265328,17.0,11.467823542653282
stachus,catboost,spring_2024,421,17,27.204174394124436,18.0,9.204174394124436
stachus,catboost,spring_2024,422,17,27.047784036497802,19.0,8.047784036497802
stachus,catboost,spring_2024,423,17,27.02267039256698,21.0,6.02267039256698
stachus,catboost,spring_2024,424,17,26.63064051877153,21.0,5.6306405187715285
stachus,catboost,spring_2024,425,17,28.04123383256677,20.0,8.041233832566771
stachus,catboost,spring_2024,426,17,29.21224705649966,22.0,7.21224705649966
stachus,catboost,spring_2024,427,17,29.78631412479738,23.0,6.786314124797379
stachus,catboost,spring_2024,428,17,30.667976866136925,20.0,10.667976866136925
stachus,catboost,spring_2024,429,17,33.745200555441954,21.0,12.745200555441954
stachus,catboost,spring_2024,430,17,32.93995243638361,19.0,13.939952436383606
stachus,catboost,spring_2024,431,17,28.814948965746023,15.0,13.814948965746023
stachus,catboost,spring_2024,432,18,24.72041002538646,13.0,11.72041002538646
stachus,catboost,spring_2024,433,18,21.237327121616893,12.0,9.237327121616893
stachus,catboost,spring_2024,434,18,18.64365437244122,11.0,7.643654372441219
stachus,catboost,spring_2024,435,18,19.773497636666104,12.0,7.773497636666104
stachus,catboost,spring_2024,436,18,20.9892675753806,13.0,7.989267575380602
stachus,catboost,spring_2024,437,18,20.62995654052225,12.0,8.629956540522251
stachus,catboost,spring_2024,438,18,20.951047224225697,12.0,8.951047224225697
stachus,catboost,spring_2024,439,18,22.467869677156777,14.0,8.467869677156777
stachus,catboost,spring_2024,440,18,24.206372596284055,14.0,10.206372596284055
stachus,catboost,spring_2024,441,18,24.586206790660242,14.0,10.586206790660242
stachus,catboost,spring_2024,442,18,24.342536936924102,14.0,10.342536936924102
stachus,catboost,spring_2024,443,18,23.452122093482693,15.0,8.452122093482693
stachus,catboost,spring_2024,444,18,25.086165908845196,16.0,9.086165908845196
stachus,catboost,spring_2024,445,18,22.128214994070593,13.0,9.128214994070593
stachus,catboost,spring_2024,446,18,13.97034310035297,6.0,7.97034310035297
stachus,catboost,spring_2024,447,18,8.468564985490096,5.0,3.4685649854900955
stachus,catboost,spring_2024,448,18,7.521897261635069,5.0,2.521897261635069
stachus,catboost,spring_2024,449,18,8.061172461523524,6.0,2.0611724615235243
stachus,catboost,spring_2024,450,18,7.565000414957874,6.0,1.5650004149578738
stachus,catboost,spring_2024,451,18,8.522371369433495,6.0,2.522371369433495
stachus,catboost,spring_2024,452,18,7.654685920320657,5.0,2.6546859203206568
stachus,catboost,spring_2024,453,18,6.637445791688487,2.0,4.637445791688487
stachus,catboost,spring_2024,454,18,5.358887134898102,2.0,3.3588871348981018
stachus,catboost,spring_2024,455,18,4.8170840197192595,1.0,3.8170840197192595
stachus,catboost,spring_2024,456,19,4.560463850377016,1.0,3.5604638503770163
stachus,catboost,spring_2024,457,19,4.069379806689367,0.8,3.2693798066893676
stachus,catboost,spring_2024,458,19,3.8715191364778185,0.8,3.0715191364778187
stachus,catboost,spring_2024,459,19,3.588722142753646,0.8,2.788722142753646
stachus,catboost,spring_2024,460,19,3.40169440931727,0.8,2.60169440931727
stachus,catboost,spring_2024,461,19,3.235478274483949,1.0,2.235478274483949
stachus,catboost,spring_2024,462,19,3.7472299126545527,2.0,1.7472299126545527
stachus,catboost,spring_2024,463,19,4.629708589246716,2.0,2.6297085892467162
stachus,catboost,spring_2024,464,19,5.557646783354222,3.0,2.5576467833542216
stachus,catboost,spring_2024,465,19,6.742470276370295,3.0,3.7424702763702946
stachus,catboost,spring_2024,466,19,6.95212510879726,4.0,2.9521251087972598
stachus,catboost,spring_2024,467,19,6.7963583325897385,4.0,2.7963583325897385
stachus,catboost,spring_2024,468,19,5.979531694226575,2.0,3.9795316942265746
stachus,catboost,spring_2024,469,19,5.784379539059825,2.0,3.7843795390598247
stachus,catboost,spring_2024,470,19,5.736488026057691,3.0,2.7364880260576907
stachus,catboost,spring_2024,471,19,5.506407038427056,3.0,2.5064070384270556
stachus,catboost,spring_2024,472,19,5.630984100893492,3.0,2.6309841008934924
stachus,catboost,spring_2024,473,19,5.886700592273479,3.0,2.8867005922734794
stachus,catboost,spring_2024,474,19,6.010181148432029,4.0,2.0101811484320287
stachus,catboost,spring_2024,475,19,6.832062835499665,4.0,2.8320628354996646
stachus,catboost,spring_2024,476,19,7.550843159473956,4.0,3.5508431594739562
stachus,catboost,spring_2024,477,19,8.184873680938699,4.0,4.184873680938699
stachus,catboost,spring_2024,478,19,9.156994094213417,6.0,3.1569940942134167
stachus,catboost,spring_2024,479,19,9.92147920675814,6.0,3.921479206758139
stachus,catboost,spring_2024,480,20,10.948112119145883,7.0,3.9481121191458826
stachus,catboost,spring_2024,481,20,10.809631763445577,7.0,3.8096317634455765
stachus,catboost,spring_2024,482,20,11.51952293184639,8.0,3.5195229318463905
stachus,catboost,spring_2024,483,20,13.003896497595482,11.0,2.0038964975954823
stachus,catboost,spring_2024,484,20,14.08052126737787,11.0,3.08052126737787
stachus,catboost,spring_2024,485,20,13.940592875651333,9.0,4.940592875651333
stachus,catboost,spring_2024,486,20,14.233534662391122,9.0,5.233534662391122
stachus,catboost,spring_2024,487,20,14.187196608882784,11.0,3.1871966088827843
stachus,catboost,spring_2024,488,20,12.437490618530523,9.0,3.437490618530523
stachus,catboost,spring_2024,489,20,10.904419087113135,9.0,1.9044190871131352
stachus,catboost,spring_2024,490,20,10.311021855040568,9.0,1.3110218550405683
stachus,catboost,spring_2024,491,20,10.047449981757632,10.0,0.04744998175763193
stachus,catboost,spring_2024,492,20,9.229889952201129,10.0,0.7701100477988714
stachus,catboost,spring_2024,493,20,8.857095011668704,10.0,1.1429049883312956
stachus,catboost,spring_2024,494,20,8.805336568222593,9.0,0.19466343177740697
stachus,catboost,spring_2024,495,20,9.207362916575907,10.0,0.7926370834240934
stachus,catboost,spring_2024,496,20,9.5819144506281,12.0,2.4180855493719005
stachus,catboost,spring_2024,497,20,10.527328647479466,13.0,2.4726713525205337
stachus,catboost,spring_2024,498,20,11.42136904218956,13.0,1.5786309578104394
stachus,catboost,spring_2024,499,20,12.100327068909412,13.0,0.8996729310905884
stachus,catboost,spring_2024,500,20,13.362067059823413,14.0,0.6379329401765865
stachus,catboost,spring_2024,501,20,15.31974978422981,19.0,3.68025021577019
stachus,catboost,spring_2024,502,20,15.371362541504176,16.0,0.6286374584958239
stachus,catboost,spring_2024,503,20,15.090972269376401,14.0,1.090972269376401
stachus,catboost,spring_2024,504,21,13.581866406863305,12.0,1.5818664068633055
stachus,catboost,spring_2024,505,21,13.420302745994508,13.0,0.42030274599450834
stachus,catboost,spring_2024,506,21,13.913377964312051,14.0,0.0866220356879488
stachus,catboost,spring_2024,507,21,13.125430895847714,10.0,3.125430895847714
stachus,catboost,spring_2024,508,21,12.78257961910513,9.0,3.78257961910513
stachus,catboost,spring_2024,509,21,13.5104914033597,9.0,4.5104914033596994
stachus,catboost,spring_2024,510,21,13.360157843222435,8.0,5.360157843222435
stachus,catboost,spring_2024,511,21,13.694275244937021,9.0,4.694275244937021
stachus,catboost,spring_2024,512,21,13.006879397701352,9.0,4.006879397701352
stachus,catboost,spring_2024,513,21,12.360266015666058,10.0,2.360266015666058
stachus,catboost,spring_2024,514,21,11.912451011341334,10.0,1.912451011341334
stachus,catboost,spring_2024,515,21,12.040867631196447,12.0,0.04086763119644665
stachus,catboost,spring_2024,516,21,11.958987375988828,12.0,0.041012624011171894
stachus,catboost,spring_2024,517,21,11.85569251011446,11.0,0.8556925101144603
stachus,catboost,spring_2024,518,21,12.5521295227055,12.0,0.5521295227054992
stachus,catboost,spring_2024,519,21,13.143601116292206,12.0,1.1436011162922064
stachus,catboost,spring_2024,520,21,13.158680379508422,12.0,1.1586803795084215
stachus,catboost,spring_2024,521,21,13.667359716420405,16.0,2.332640283579595
stachus,catboost,spring_2024,522,21,14.045956991561237,16.0,1.954043008438763
stachus,catboost,spring_2024,523,21,15.315331561377487,18.0,2.684668438622513
stachus,catboost,spring_2024,524,21,17.542214515760136,19.0,1.4577854842398636
stachus,catboost,spring_2024,525,21,19.829942230494346,22.0,2.1700577695056538
stachus,catboost,spring_2024,526,21,19.029859952824157,18.0,1.0298599528241574
stachus,catboost,spring_2024,527,21,17.673523257614164,14.0,3.673523257614164
stachus,catboost,spring_2024,528,22,17.07814336461181,12.0,5.078143364611812
stachus,catboost,spring_2024,529,22,16.46874564852998,10.0,6.468745648529978
stachus,catboost,spring_2024,530,22,15.581079268550521,10.0,5.581079268550521
stachus,catboost,spring_2024,531,22,14.953642188407532,10.0,4.953642188407532
stachus,catboost,spring_2024,532,22,15.951405306715555,11.0,4.9514053067155555
stachus,catboost,spring_2024,533,22,16.228795182030915,11.0,5.228795182030915
stachus,catboost,spring_2024,534,22,14.654499863067995,9.0,5.654499863067995
stachus,catboost,spring_2024,535,22,11.97281083036453,8.0,3.97281083036453
stachus,catboost,spring_2024,536,22,10.528249216913563,8.0,2.5282492169135633
stachus,catboost,spring_2024,537,22,10.646031764866542,9.0,1.6460317648665423
stachus,catboost,spring_2024,538,22,11.149895366305062,9.0,2.1498953663050617
stachus,catboost,spring_2024,539,22,11.055719471627995,9.0,2.055719471627995
stachus,catboost,spring_2024,540,22,9.751918016881351,7.0,2.7519180168813513
stachus,catboost,spring_2024,541,22,8.365936059710911,7.0,1.3659360597109114
stachus,catboost,spring_2024,542,22,7.769372559107007,7.0,0.7693725591070066
stachus,catboost,spring_2024,543,22,8.027453495788093,7.0,1.0274534957880928
stachus,catboost,spring_2024,544,22,8.92005546162384,11.0,2.079944538376161
stachus,catboost,spring_2024,545,22,9.544217409482803,10.0,0.45578259051719705
stachus,catboost,spring_2024,546,22,12.255103069575517,16.0,3.744896930424483
stachus,catboost,spring_2024,547,22,15.116945884517527,18.0,2.883054115482473
stachus,catboost,spring_2024,548,22,21.92662686582721,27.0,5.07337313417279
stachus,catboost,spring_2024,549,22,20.848421974929323,19.0,1.8484219749293231
stachus,catboost,spring_2024,550,22,18.264108066565193,16.0,2.2641080665651927
stachus,catboost,spring_2024,551,22,14.454462487843214,12.0,2.454462487843214
stachus,catboost,spring_2024,552,23,11.890339208991126,12.0,0.10966079100887427
stachus,catboost,spring_2024,553,23,11.023364325704428,11.0,0.023364325704427813
stachus,catboost,spring_2024,554,23,10.646218109574955,10.0,0.6462181095749546
stachus,catboost,spring_2024,555,23,10.810364691190879,9.0,1.8103646911908786
stachus,catboost,spring_2024,556,23,9.977941468389453,7.0,2.977941468389453
stachus,catboost,spring_2024,557,23,9.41308214500131,7.0,2.41308214500131
stachus,catboost,spring_2024,558,23,8.615959551145787,6.0,2.615959551145787
stachus,catboost,spring_2024,559,23,7.037898913929727,5.0,2.0378989139297268
stachus,catboost,spring_2024,560,23,6.199480851111395,5.0,1.199480851111395
stachus,catboost,spring_2024,561,23,5.814475695624143,4.0,1.814475695624143
stachus,catboost,spring_2024,562,23,6.065349151560353,4.0,2.065349151560353
stachus,catboost,spring_2024,563,23,6.284683050433314,5.0,1.2846830504333138
stachus,catboost,spring_2024,564,23,7.0247337003806365,6.0,1.0247337003806365
stachus,catboost,spring_2024,565,23,7.4918809944416545,8.0,0.5081190055583455
stachus,catboost,spring_2024,566,23,7.6828144394985145,7.0,0.6828144394985145
stachus,catboost,spring_2024,567,23,8.212710009551394,9.0,0.7872899904486061
stachus,catboost,spring_2024,568,23,8.625114597157912,9.0,0.3748854028420876
stachus,catboost,spring_2024,569,23,9.847550671197341,12.0,2.1524493288026587
stachus,catboost,spring_2024,570,23,10.720195005516613,12.0,1.2798049944833867
stachus,catboost,spring_2024,571,23,11.703168124144318,12.0,0.29683187585568227
stachus,catboost,spring_2024,572,23,11.783407160751093,10.0,1.7834071607510928
stachus,catboost,spring_2024,573,23,12.30975237159096,10.0,2.3097523715909603
stachus,catboost,spring_2024,574,23,13.795062251801767,12.0,1.7950622518017667
stachus,catboost,spring_2024,575,23,15.01911377825143,14.0,1.0191137782514303
stachus,catboost,spring_2024,576,24,14.225562308336556,12.0,2.2255623083365563
stachus,catboost,spring_2024,577,24,12.350390813936237,9.0,3.3503908139362366
stachus,catboost,spring_2024,578,24,10.183777678813726,7.0,3.183777678813726
stachus,catboost,spring_2024,579,24,8.48334323263666,6.0,2.48334323263666
stachus,catboost,spring_2024,580,24,7.858474481848803,6.0,1.8584744818488028
stachus,catboost,spring_2024,581,24,8.787659345333937,7.0,1.787659345333937
stachus,catboost,spring_2024,582,24,10.423105498339407,9.0,1.4231054983394067
stachus,catboost,spring_2024,583,24,12.037308049206686,9.0,3.037308049206686
stachus,catboost,spring_2024,584,24,11.93237111490603,9.0,2.9323711149060294
stachus,catboost,spring_2024,585,24,13.034179149632141,10.0,3.0341791496321413
stachus,catboost,spring_2024,586,24,14.053847918655466,11.0,3.0538479186554657
stachus,catboost,spring_2024,587,24,14.468577524016194,11.0,3.468577524016194
stachus,catboost,spring_2024,588,24,12.462600224834993,10.0,2.4626002248349934
stachus,catboost,spring_2024,589,24,11.414587391227276,10.0,1.4145873912272755
stachus,catboost,spring_2024,590,24,10.407424585112192,8.0,2.4074245851121923
stachus,catboost,spring_2024,591,24,9.157315055009073,7.0,2.1573150550090734
stachus,catboost,spring_2024,592,24,8.632352113923071,8.0,0.632352113923071
stachus,catboost,spring_2024,593,24,8.003329538178907,8.0,0.003329538178906688
stachus,catboost,spring_2024,594,24,8.565782832118416,9.0,0.4342171678815845
stachus,catboost,spring_2024,595,24,8.228233726866959,9.0,0.771766273133041
stachus,catboost,spring_2024,596,24,7.295583648591716,7.0,0.29558364859171604
stachus,catboost,spring_2024,597,24,6.394490074572893,6.0,0.394490074572893
stachus,catboost,spring_2024,598,24,6.185370452528853,6.0,0.1853704525288533
stachus,catboost,spring_2024,599,24,5.2853957143396,4.0,1.2853957143396002
stachus,catboost,spring_2024,600,25,4.580307744563666,2.0,2.580307744563666
stachus,catboost,spring_2024,601,25,4.248053879753836,2.0,2.2480538797538356
stachus,catboost,spring_2024,602,25,4.139330963096927,1.0,3.139330963096927
stachus,catboost,spring_2024,603,25,3.9712067907702835,2.0,1.9712067907702835
stachus,catboost,spring_2024,604,25,3.8836557012861945,2.0,1.8836557012861945
stachus,catboost,spring_2024,605,25,3.4304138979486725,1.0,2.4304138979486725
stachus,catboost,spring_2024,606,25,3.133459698067808,1.0,2.133459698067808
stachus,catboost,spring_2024,607,25,2.7868382925590733,0.6,2.1868382925590732
stachus,catboost,spring_2024,608,25,2.745389988516478,1.0,1.7453899885164779
stachus,catboost,spring_2024,609,25,2.697161502057579,2.0,0.697161502057579
stachus,catboost,spring_2024,610,25,2.8229375339651392,3.0,0.17706246603486075
stachus,catboost,spring_2024,611,25,2.793483713392968,4.0,1.206516286607032
stachus,catboost,spring_2024,612,25,2.89244507080131,5.0,2.10755492919869
stachus,catboost,spring_2024,613,25,2.995545266085191,6.0,3.004454733914809
stachus,catboost,spring_2024,614,25,3.2526035753537057,7.0,3.7473964246462943
stachus,catboost,spring_2024,615,25,3.569423217726089,7.0,3.430576782273911
stachus,catboost,spring_2024,616,25,3.6671756257553385,7.0,3.3328243742446615
stachus,catboost,spring_2024,617,25,3.851761031192968,7.0,3.148238968807032
stachus,catboost,spring_2024,618,25,4.0552280675805585,8.0,3.9447719324194415
stachus,catboost,spring_2024,619,25,4.124638319891397,6.0,1.875361680108603
stachus,catboost,spring_2024,620,25,4.1210239773051205,6.0,1.8789760226948795
stachus,catboost,spring_2024,621,25,3.895169260936118,4.0,0.10483073906388185
stachus,catboost,spring_2024,622,25,3.3333794222887194,3.0,0.3333794222887194
stachus,catboost,spring_2024,623,25,2.914892182082709,2.0,0.914892182082709
stachus,catboost,spring_2024,624,26,2.684715463901342,2.0,0.684715463901342
stachus,catboost,spring_2024,625,26,2.550308289066387,0.8,1.750308289066387
stachus,catboost,spring_2024,626,26,2.487413054402385,0.6,1.8874130544023848
stachus,catboost,spring_2024,627,26,2.847333106758203,0.8,2.0473331067582032
stachus,catboost,spring_2024,628,26,3.090227078400198,0.4,2.690227078400198
stachus,catboost,spring_2024,629,26,3.204842498872938,1.0,2.204842498872938
stachus,catboost,spring_2024,630,26,3.8271891221824674,2.0,1.8271891221824674
stachus,catboost,spring_2024,631,26,4.246867647698524,3.0,1.246867647698524
stachus,catboost,spring_2024,632,26,4.609778696214957,2.0,2.609778696214957
stachus,catboost,spring_2024,633,26,4.550208739757861,3.0,1.5502087397578608
stachus,catboost,spring_2024,634,26,4.684909298441393,5.0,0.3150907015586073
stachus,catboost,spring_2024,635,26,5.20475920421789,11.0,5.79524079578211
stachus,catboost,spring_2024,636,26,5.556285633072201,8.0,2.443714366927799
stachus,catboost,spring_2024,637,26,6.081482826868723,7.0,0.9185171731312769
stachus,catboost,spring_2024,638,26,6.378936699764954,5.0,1.378936699764954
stachus,catboost,spring_2024,639,26,6.883149572957585,8.0,1.116850427042415
stachus,catboost,spring_2024,640,26,6.873193865897999,8.0,1.1268061341020008
stachus,catboost,spring_2024,641,26,7.0420447535221005,7.0,0.042044753522100464
stachus,catboost,spring_2024,642,26,6.4030834403326065,5.0,1.4030834403326065
stachus,catboost,spring_2024,643,26,5.126569689788235,2.0,3.1265696897882354
stachus,catboost,spring_2024,644,26,4.621001091824906,2.0,2.6210010918249056
stachus,catboost,spring_2024,645,26,4.221408497905099,3.0,1.2214084979050988
stachus,catboost,spring_2024,646,26,4.325553852697776,3.0,1.3255538526977757
stachus,catboost,spring_2024,647,26,5.412566669938277,8.0,2.5874333300617227
stachus,catboost,spring_2024,648,27,5.703578631092068,4.0,1.7035786310920678
stachus,catboost,spring_2024,649,27,5.885713875752913,5.0,0.8857138757529128
stachus,catboost,spring_2024,650,27,5.9433162401325355,4.0,1.9433162401325355
stachus,catboost,spring_2024,651,27,6.477716894330973,5.0,1.4777168943309729
stachus,catboost,spring_2024,652,27,6.949278850766504,6.0,0.949278850766504
stachus,catboost,spring_2024,653,27,7.925601037487409,8.0,0.07439896251259093
stachus,catboost,spring_2024,654,27,8.663945243223138,8.0,0.6639452432231376
stachus,catboost,spring_2024,655,27,7.717744847529085,5.0,2.717744847529085
stachus,catboost,spring_2024,656,27,7.935484125596412,8.0,0.06451587440358786
stachus,catboost,spring_2024,657,27,8.272169029211419,9.0,0.727830970788581
stachus,catboost,spring_2024,658,27,7.591318178939584,6.0,1.5913181789395843
stachus,catboost,spring_2024,659,27,6.793612197219425,5.0,1.7936121972194252
stachus,catboost,spring_2024,660,27,6.70448338664745,6.0,0.7044833866474498
stachus,catboost,spring_2024,661,27,7.039568723946547,6.0,1.0395687239465472
stachus,catboost,spring_2024,662,27,8.397251744351568,9.0,0.6027482556484323
stachus,catboost,spring_2024,663,27,9.377427662903115,6.0,3.3774276629031146
stachus,catboost,spring_2024,664,27,8.73056260849265,7.0,1.7305626084926509
stachus,catboost,spring_2024,665,27,8.321418293930023,7.0,1.321418293930023
stachus,catboost,spring_2024,666,27,7.497639975367074,5.0,2.4976399753670737
stachus,catboost,spring_2024,667,27,7.33766417193632,6.0,1.3376641719363196
stachus,catboost,spring_2024,668,27,7.475686556591594,6.0,1.4756865565915938
stachus,catboost,spring_2024,669,27,7.298869552181144,5.0,2.298869552181144
stachus,catboost,spring_2024,670,27,7.055025030942031,5.0,2.055025030942031
stachus,catboost,spring_2024,671,27,6.431683432316389,4.0,2.4316834323163894
stachus,catboost,spring_2024,672,28,6.000746551466079,5.0,1.0007465514660794
stachus,catboost,spring_2024,673,28,6.1033766551095034,5.0,1.1033766551095034
stachus,catboost,spring_2024,674,28,6.942102413786227,7.0,0.05789758621377317
stachus,catboost,spring_2024,675,28,8.33133477215021,8.0,0.33133477215021045
stachus,catboost,spring_2024,676,28,8.224190854585082,6.0,2.224190854585082
stachus,catboost,spring_2024,677,28,8.899430695681982,8.0,0.899430695681982
stachus,catboost,spring_2024,678,28,10.210663030612897,9.0,1.2106630306128974
stachus,catboost,spring_2024,679,28,10.026555207524975,8.0,2.026555207524975
stachus,catboost,spring_2024,680,28,10.179561798925507,8.0,2.1795617989255067
stachus,catboost,spring_2024,681,28,9.05706153009948,8.0,1.05706153009948
stachus,catboost,spring_2024,682,28,8.345837396370046,6.0,2.3458373963700456
stachus,catboost,spring_2024,683,28,6.938151599978529,5.0,1.9381515999785286
stachus,catboost,spring_2024,684,28,6.325337180134724,5.0,1.3253371801347242
stachus,catboost,spring_2024,685,28,5.614777576123155,5.0,0.6147775761231546
stachus,catboost,spring_2024,686,28,5.411858298845702,5.0,0.4118582988457016
stachus,catboost,spring_2024,687,28,5.108589652798135,3.0,2.108589652798135
stachus,catboost,spring_2024,688,28,4.73159411027218,4.0,0.7315941102721801
stachus,catboost,spring_2024,689,28,4.1168952218882735,2.0,2.1168952218882735
stachus,catboost,spring_2024,690,28,4.075642935780586,4.0,0.07564293578058567
stachus,catboost,spring_2024,691,28,3.9902031753990945,4.0,0.009796824600905474
stachus,catboost,spring_2024,692,28,4.04228880579043,4.0,0.04228880579043004
stachus,catboost,spring_2024,693,28,4.235536826181041,5.0,0.7644631738189593
stachus,catboost,spring_2024,694,28,4.150376155352615,5.0,0.8496238446473852
stachus,catboost,spring_2024,695,28,4.154994693021005,5.0,0.8450053069789947
stachus,catboost,spring_2024,696,29,3.998146380894857,4.0,0.001853619105142812
stachus,catboost,spring_2024,697,29,3.8193537275559457,5.0,1.1806462724440543
stachus,catboost,spring_2024,698,29,3.176008916987901,3.0,0.1760089169879011
stachus,catboost,spring_2024,699,29,2.8867274688819498,3.0,0.11327253111805025
stachus,catboost,spring_2024,700,29,3.005771042333783,2.0,1.005771042333783
stachus,catboost,spring_2024,701,29,3.1763216908948557,2.0,1.1763216908948557
stachus,catboost,spring_2024,702,29,3.3051565371690605,3.0,0.30515653716906055
stachus,catboost,spring_2024,703,29,3.473650784977866,3.0,0.47365078497786595
stachus,catboost,spring_2024,704,29,3.4435800412821633,3.0,0.44358004128216333
stachus,catboost,spring_2024,705,29,3.4236463211629147,3.0,0.4236463211629147
stachus,catboost,spring_2024,706,29,3.4283493857658414,3.0,0.42834938576584136
stachus,catboost,spring_2024,707,29,3.2689376123299647,3.0,0.2689376123299647
stachus,catboost,spring_2024,708,29,3.4909269592487266,3.0,0.49092695924872665
stachus,catboost,spring_2024,709,29,3.898269787336538,7.0,3.101730212663462
stachus,catboost,spring_2024,710,29,4.275412848371703,6.0,1.7245871516282971
stachus,catboost,spring_2024,711,29,4.886108486597054,7.0,2.1138915134029457
stachus,catboost,spring_2024,712,29,4.693947279157249,4.0,0.693947279157249
stachus,catboost,spring_2024,713,29,4.88618718708034,6.0,1.1138128129196598
stachus,catboost,spring_2024,714,29,5.442347289980695,7.0,1.5576527100193047
stachus,catboost,spring_2024,715,29,6.406999064187321,7.0,0.5930009358126789
stachus,catboost,spring_2024,716,29,6.5193681298095605,6.0,0.5193681298095605
stachus,catboost,spring_2024,717,29,6.413283118881189,6.0,0.4132831188811892
stachus,catboost,spring_2024,718,29,5.734107983592717,5.0,0.7341079835927173
stachus,catboost,spring_2024,719,29,5.401860718493832,4.0,1.4018607184938316
stachus,catboost,spring_2024,720,30,6.790836838987025,9.0,2.2091631610129747
stachus,catboost,spring_2024,721,30,8.951488263891163,11.0,2.0485117361088374
stachus,catboost,spring_2024,722,30,8.922373045242775,8.0,0.9223730452427752
stachus,catboost,spring_2024,723,30,8.44843438864339,7.0,1.4484343886433901
stachus,catboost,spring_2024,724,30,7.567102253741544,5.0,2.5671022537415444
stachus,catboost,spring_2024,725,30,7.019641254048914,6.0,1.0196412540489144
stachus,catboost,spring_2024,726,30,6.055783094967632,4.0,2.055783094967632
stachus,catboost,spring_2024,727,30,5.208903700510559,3.0,2.208903700510559
stachus,catboost,spring_2024,728,30,4.551323661328371,2.0,2.5513236613283707
stachus,catboost,spring_2024,729,30,3.7868107629523227,2.0,1.7868107629523227
stachus,catboost,spring_2024,730,30,3.7943405920598154,2.0,1.7943405920598154
stachus,catboost,spring_2024,731,30,3.9719669528398205,3.0,0.9719669528398205
stachus,catboost,spring_2024,732,30,3.964261978523214,2.0,1.964261978523214
stachus,catboost,spring_2024,733,30,3.771521328407516,2.0,1.7715213284075162
stachus,catboost,spring_2024,734,30,3.6610811840246713,3.0,0.6610811840246713
stachus,catboost,spring_2024,735,30,3.4760472699677143,2.0,1.4760472699677143
stachus,catboost,spring_2024,736,30,3.2802043490717256,3.0,0.28020434907172564
stachus,catboost,spring_2024,737,30,3.9113002910915187,6.0,2.0886997089084813
stachus,catboost,spring_2024,738,30,4.881085719921775,7.0,2.118914280078225
stachus,catboost,spring_2024,739,30,5.803105386536591,7.0,1.1968946134634093
stachus,catboost,spring_2024,740,30,6.880085780326546,7.0,0.11991421967345417
stachus,catboost,spring_2024,741,30,5.505891639682557,2.0,3.505891639682557
stachus,catboost,spring_2024,742,30,4.782043677270449,1.0,3.7820436772704493
stachus,catboost,spring_2024,743,30,4.666159392641056,3.0,1.666159392641056
stachus,catboost,spring_2024,744,31,4.070430229886937,1.0,3.070430229886937
stachus,catboost,spring_2024,745,31,3.9456470075407175,0.9,3.0456470075407176
stachus,catboost,spring_2024,746,31,4.639367817943144,3.0,1.6393678179431443
stachus,catboost,spring_2024,747,31,5.806965677347193,7.0,1.1930343226528066
stachus,catboost,spring_2024,748,31,7.116542224809731,8.0,0.8834577751902692
stachus,catboost,spring_2024,749,31,8.225089473035558,8.0,0.22508947303555793
stachus,catboost,spring_2024,750,31,8.899818895670396,8.0,0.8998188956703963
stachus,catboost,spring_2024,751,31,9.408088837851071,8.0,1.4080888378510714
stachus,catboost,spring_2024,752,31,9.45379610068336,7.0,2.453796100683361
stachus,catboost,spring_2024,753,31,8.940177338724531,7.0,1.9401773387245314
stachus,catboost,spring_2024,754,31,8.170631851112772,6.0,2.1706318511127716
stachus,catboost,spring_2024,755,31,7.858555528696107,7.0,0.8585555286961073
stachus,catboost,spring_2024,756,31,8.225038796157417,7.0,1.225038796157417
stachus,catboost,spring_2024,757,31,8.018086283919374,7.0,1.0180862839193736
stachus,catboost,spring_2024,758,31,7.426741554023479,7.0,0.42674155402347935
stachus,catboost,spring_2024,759,31,6.980804629414239,6.0,0.980804629414239
stachus,catboost,spring_2024,760,31,6.511652438840237,4.0,2.511652438840237
stachus,catboost,spring_2024,761,31,5.868419205112548,4.0,1.8684192051125477
stachus,catboost,spring_2024,762,31,5.808883470500965,4.0,1.808883470500965
stachus,catboost,spring_2024,763,31,6.150225091822366,5.0,1.1502250918223664
stachus,catboost,spring_2024,764,31,6.176764970841488,4.0,2.1767649708414876
stachus,catboost,spring_2024,765,31,5.825158146798284,4.0,1.8251581467982838
stachus,catboost,spring_2024,766,31,6.215960176980316,5.0,1.2159601769803157
stachus,catboost,spring_2024,767,31,6.5033188402513415,5.0,1.5033188402513415
stachus,catboost,spring_2024,768,32,6.840410741343637,5.0,1.8404107413436366
stachus,catboost,spring_2024,769,32,8.40806920175903,7.0,1.4080692017590302
stachus,catboost,spring_2024,770,32,10.069827892697418,7.0,3.0698278926974183
stachus,catboost,spring_2024,771,32,10.924380432938472,6.0,4.924380432938472
stachus,catboost,spring_2024,772,32,12.125858484837345,8.0,4.1258584848373445
stachus,catboost,spring_2024,773,32,12.474544064765272,9.0,3.474544064765272
stachus,catboost,spring_2024,774,32,12.576823043399013,8.0,4.576823043399013
stachus,catboost,spring_2024,775,32,13.21455437799515,9.0,4.2145543779951495
stachus,catboost,spring_2024,776,32,12.84993811899611,8.0,4.849938118996111
stachus,catboost,spring_2024,777,32,12.425824937952111,9.0,3.425824937952111
stachus,catboost,spring_2024,778,32,11.130336820548303,8.0,3.130336820548303
stachus,catboost,spring_2024,779,32,11.120475660958727,8.0,3.1204756609587267
stachus,catboost,spring_2024,780,32,10.565940691233312,8.0,2.565940691233312
stachus,catboost,spring_2024,781,32,11.002061770072238,9.0,2.0020617700722383
stachus,catboost,spring_2024,782,32,11.912649103139653,11.0,0.9126491031396533
stachus,catboost,spring_2024,783,32,12.794015964353527,12.0,0.7940159643535267
stachus,catboost,spring_2024,784,32,12.966827854685862,10.0,2.966827854685862
stachus,catboost,spring_2024,785,32,14.649442363213156,13.0,1.649442363213156
stachus,catboost,spring_2024,786,32,14.786213617833273,11.0,3.7862136178332726
stachus,catboost,spring_2024,787,32,14.829334713051914,12.0,2.8293347130519138
stachus,catboost,spring_2024,788,32,15.797219887036729,14.0,1.7972198870367286
stachus,catboost,spring_2024,789,32,16.989330400890253,14.0,2.9893304008902533
stachus,catboost,spring_2024,790,32,17.829857558431506,14.0,3.829857558431506
stachus,catboost,spring_2024,791,32,17.558791975280148,14.0,3.5587919752801476
stachus,catboost,spring_2024,792,33,16.455471096592206,13.0,3.4554710965922055
stachus,catboost,spring_2024,793,33,15.803257801486499,14.0,1.8032578014864988
stachus,catboost,spring_2024,794,33,15.916930539556637,14.0,1.9169305395566365
stachus,catboost,spring_2024,795,33,15.626438489656472,14.0,1.626438489656472
stachus,catboost,spring_2024,796,33,15.37016387489195,14.0,1.3701638748919507
stachus,catboost,spring_2024,797,33,15.218773524299902,14.0,1.2187735242999018
stachus,catboost,spring_2024,798,33,14.794204072042044,13.0,1.794204072042044
stachus,catboost,spring_2024,799,33,14.422004938747492,13.0,1.4220049387474916
stachus,catboost,spring_2024,800,33,13.010574449245059,11.0,2.010574449245059
stachus,catboost,spring_2024,801,33,10.93905990187224,9.0,1.9390599018722394
stachus,catboost,spring_2024,802,33,9.420914561880773,7.0,2.420914561880773
stachus,catboost,spring_2024,803,33,7.6873288573487635,6.0,1.6873288573487635
stachus,catboost,spring_2024,804,33,6.213684506598187,5.0,1.2136845065981872
stachus,catboost,spring_2024,805,33,5.3691961507241315,5.0,0.3691961507241315
stachus,catboost,spring_2024,806,33,6.30009780669924,6.0,0.3000978066992399
stachus,catboost,spring_2024,807,33,7.0542838866458615,7.0,0.05428388664586148
stachus,catboost,spring_2024,808,33,7.196635467070985,7.0,0.19663546707098511
stachus,catboost,spring_2024,809,33,7.639547950342916,7.0,0.6395479503429158
stachus,catboost,spring_2024,810,33,7.212567544007994,7.0,0.21256754400799416
stachus,catboost,spring_2024,811,33,6.059676370775252,5.0,1.059676370775252
stachus,catboost,spring_2024,812,33,5.831712841836519,5.0,0.8317128418365192
stachus,catboost,spring_2024,813,33,6.010230419026407,6.0,0.010230419026407311
stachus,catboost,spring_2024,814,33,5.452341281094042,4.0,1.452341281094042
stachus,catboost,spring_2024,815,33,4.783177602893525,2.0,2.7831776028935247
stachus,catboost,spring_2024,816,34,4.426982088531537,2.0,2.4269820885315374
stachus,catboost,spring_2024,817,34,4.740454667557631,3.0,1.7404546675576311
stachus,catboost,spring_2024,818,34,4.740714243720013,3.0,1.7407142437200127
stachus,catboost,spring_2024,819,34,5.104968481006284,3.0,2.104968481006284
stachus,catboost,spring_2024,820,34,5.450512922164885,3.0,2.4505129221648847
stachus,catboost,spring_2024,821,34,5.8951046871834585,3.0,2.8951046871834585
stachus,catboost,spring_2024,822,34,7.025227686341026,4.0,3.025227686341026
stachus,catboost,spring_2024,823,34,7.716138738851656,4.0,3.7161387388516562
stachus,catboost,spring_2024,824,34,8.3182185473365,5.0,3.3182185473364996
stachus,catboost,spring_2024,825,34,8.225305787641899,5.0,3.225305787641899
stachus,catboost,spring_2024,826,34,7.240078143209947,4.0,3.2400781432099466
stachus,catboost,spring_2024,827,34,6.555205060792732,6.0,0.5552050607927317
stachus,catboost,spring_2024,828,34,6.745456860648196,6.0,0.7454568606481962
stachus,catboost,spring_2024,829,34,6.055800938648321,4.0,2.0558009386483214
stachus,catboost,spring_2024,830,34,5.85109881680445,4.0,1.8510988168044502
stachus,catboost,spring_2024,831,34,7.067957936193137,6.0,1.067957936193137
stachus,catboost,spring_2024,832,34,6.645209675280035,5.0,1.645209675280035
stachus,catboost,spring_2024,833,34,6.412070438594073,6.0,0.412070438594073
stachus,catboost,spring_2024,834,34,7.449735478217567,8.0,0.5502645217824327
stachus,catboost,spring_2024,835,34,7.804208546004213,6.0,1.8042085460042134
stachus,catboost,spring_2024,836,34,7.903301962739684,5.0,2.9033019627396843
stachus,catboost,spring_2024,837,34,8.285088311022497,6.0,2.2850883110224967
stachus,catboost,spring_2024,838,34,8.060242057995087,6.0,2.0602420579950866
stachus,catboost,spring_2024,839,34,7.726353402825817,5.0,2.7263534028258167
stachus,catboost,spring_2024,840,35,7.278546121301747,5.0,2.278546121301747
stachus,catboost,spring_2024,841,35,7.094979623769081,5.0,2.094979623769081
stachus,catboost,spring_2024,842,35,6.525927080133498,4.0,2.5259270801334983
stachus,catboost,spring_2024,843,35,7.844485306667693,7.0,0.8444853066676927
stachus,catboost,spring_2024,844,35,7.4439773015428,4.0,3.4439773015428
stachus,catboost,spring_2024,845,35,7.306535095695095,5.0,2.3065350956950947
stachus,catboost,spring_2024,846,35,7.171209997055201,4.0,3.1712099970552012
stachus,catboost,spring_2024,847,35,6.443626150805711,4.0,2.443626150805711
stachus,catboost,spring_2024,848,35,6.329686200861356,5.0,1.3296862008613557
stachus,catboost,spring_2024,849,35,5.598710060502934,4.0,1.5987100605029338
stachus,catboost,spring_2024,850,35,5.0020323844028,4.0,1.0020323844028
stachus,catboost,spring_2024,851,35,4.334884316394282,4.0,0.33488431639428207
stachus,catboost,spring_2024,852,35,5.235915376084786,9.0,3.764084623915214
stachus,catboost,spring_2024,853,35,4.689597481877735,5.0,0.31040251812226494
stachus,catboost,spring_2024,854,35,5.599657273282546,9.0,3.4003427267174544
stachus,catboost,spring_2024,855,35,5.022018258688174,5.0,0.022018258688174086
stachus,catboost,spring_2024,856,35,5.310405559186189,8.0,2.689594440813811
stachus,catboost,spring_2024,857,35,5.072578175351731,5.0,0.07257817535173139
stachus,catboost,spring_2024,858,35,5.312347831318965,7.0,1.6876521686810353
stachus,catboost,spring_2024,859,35,6.9476173459746375,11.0,4.0523826540253625
stachus,catboost,spring_2024,860,35,8.223109652808075,11.0,2.776890347191925
stachus,catboost,spring_2024,861,35,9.5008786127773,12.0,2.4991213872227007
stachus,catboost,spring_2024,862,35,11.829646324632428,14.0,2.170353675367572
stachus,catboost,spring_2024,863,35,12.057277789090314,12.0,0.057277789090314
stachus,catboost,spring_2024,864,36,10.898359529939906,8.0,2.8983595299399063
stachus,catboost,spring_2024,865,36,10.567944482012724,8.0,2.5679444820127237
stachus,catboost,spring_2024,866,36,9.633816779955254,6.0,3.6338167799552537
stachus,catboost,spring_2024,867,36,8.965879129446417,6.0,2.9658791294464173
stachus,catboost,spring_2024,868,36,8.394947815492351,5.0,3.394947815492351
stachus,catboost,spring_2024,869,36,8.437314054204187,5.0,3.4373140542041867
stachus,catboost,spring_2024,870,36,8.424783965990503,6.0,2.4247839659905033
stachus,catboost,spring_2024,871,36,7.383042443643008,4.0,3.383042443643008
stachus,catboost,spring_2024,872,36,6.237384271399289,3.0,3.2373842713992893
stachus,catboost,spring_2024,873,36,5.270678448352464,3.0,2.270678448352464
stachus,catboost,spring_2024,874,36,4.510653784036459,3.0,1.5106537840364593
stachus,catboost,spring_2024,875,36,3.7670152251895583,3.0,0.7670152251895583
stachus,catboost,spring_2024,876,36,3.450599474186249,3.0,0.4505994741862489
stachus,catboost,spring_2024,877,36,3.021165271949884,3.0,0.021165271949883824
stachus,catboost,spring_2024,878,36,2.6842369281904173,4.0,1.3157630718095827
stachus,catboost,spring_2024,879,36,2.456176014282411,4.0,1.543823985717589
stachus,catboost,spring_2024,880,36,2.6246977453407965,5.0,2.3753022546592035
stachus,catboost,spring_2024,881,36,2.758150394252855,5.0,2.241849605747145
stachus,catboost,spring_2024,882,36,3.072324488346897,7.0,3.927675511653103
stachus,catboost,spring_2024,883,36,4.570743797822281,9.0,4.429256202177719
stachus,catboost,spring_2024,884,36,4.755047803334966,7.0,2.244952196665034
stachus,catboost,spring_2024,885,36,5.930967710207691,8.0,2.0690322897923092
stachus,catboost,spring_2024,886,36,6.023919641506665,5.0,1.023919641506665
stachus,catboost,spring_2024,887,36,5.141958514405108,4.0,1.1419585144051076
stachus,catboost,spring_2024,888,37,4.957811931239405,5.0,0.04218806876059489
stachus,catboost,spring_2024,889,37,4.824198301122062,6.0,1.1758016988779376
stachus,catboost,spring_2024,890,37,4.937030209001499,5.0,0.0629697909985012
stachus,catboost,spring_2024,891,37,4.872187720490449,4.0,0.8721877204904489
stachus,catboost,spring_2024,892,37,4.550964342346396,4.0,0.5509643423463961
stachus,catboost,spring_2024,893,37,4.279677963533723,4.0,0.27967796353372343
stachus,catboost,spring_2024,894,37,4.272810884107905,4.0,0.2728108841079049
stachus,catboost,spring_2024,895,37,4.2581694477976795,3.0,1.2581694477976795
stachus,catboost,spring_2024,896,37,4.254256957951333,4.0,0.2542569579513332
stachus,catboost,spring_2024,897,37,4.162606350716043,3.0,1.1626063507160431
stachus,catboost,spring_2024,898,37,3.750917907946066,3.0,0.7509179079460662
stachus,catboost,spring_2024,899,37,3.2539073618239653,3.0,0.25390736182396534
stachus,catboost,spring_2024,900,37,2.902985815388348,3.0,0.0970141846116519
stachus,catboost,spring_2024,901,37,3.1880067704541872,4.0,0.8119932295458128
stachus,catboost,spring_2024,902,37,2.896147048950306,4.0,1.103852951049694
stachus,catboost,spring_2024,903,37,2.9801662887147007,4.0,1.0198337112852993
stachus,catboost,spring_2024,904,37,3.2378676711283365,6.0,2.7621323288716635
stachus,catboost,spring_2024,905,37,5.325625096493978,10.0,4.674374903506022
stachus,catboost,spring_2024,906,37,7.723585018922676,13.0,5.276414981077324
stachus,catboost,spring_2024,907,37,10.031968026891052,15.0,4.968031973108948
stachus,catboost,spring_2024,908,37,11.327128707510308,14.0,2.672871292489692
stachus,catboost,spring_2024,909,37,11.455836824010134,11.0,0.4558368240101345
stachus,catboost,spring_2024,910,37,11.049918932242933,11.0,0.04991893224293342
stachus,catboost,spring_2024,911,37,9.284640761727925,8.0,1.2846407617279247
stachus,catboost,spring_2024,912,38,7.663897496187757,6.0,1.663897496187757
stachus,catboost,spring_2024,913,38,6.7625343149258486,6.0,0.7625343149258486
stachus,catboost,spring_2024,914,38,6.283264005668929,4.0,2.2832640056689293
stachus,catboost,spring_2024,915,38,7.995839734368786,6.0,1.9958397343687864
stachus,catboost,spring_2024,916,38,8.285074212220072,5.0,3.2850742122200725
stachus,catboost,spring_2024,917,38,9.698837633959418,8.0,1.6988376339594176
stachus,catboost,spring_2024,918,38,10.201892485601322,7.0,3.201892485601322
stachus,catboost,spring_2024,919,38,9.610690401437516,6.0,3.610690401437516
stachus,catboost,spring_2024,920,38,8.348623333869877,5.0,3.3486233338698774
stachus,catboost,spring_2024,921,38,7.337571513915764,4.0,3.337571513915764
stachus,catboost,spring_2024,922,38,6.465712294746062,4.0,2.465712294746062
stachus,catboost,spring_2024,923,38,5.811649909992086,5.0,0.8116499099920862
stachus,catboost,spring_2024,924,38,6.924245311433218,8.0,1.0757546885667821
stachus,catboost,spring_2024,925,38,7.453140368304776,7.0,0.45314036830477633
stachus,catboost,spring_2024,926,38,7.875648886795046,7.0,0.8756488867950463
stachus,catboost,spring_2024,927,38,8.362399582662249,7.0,1.362399582662249
stachus,catboost,spring_2024,928,38,8.79464321987184,8.0,0.7946432198718405
stachus,catboost,spring_2024,929,38,9.674619918489205,10.0,0.32538008151079545
stachus,catboost,spring_2024,930,38,10.067317652002505,10.0,0.0673176520025045
stachus,catboost,spring_2024,931,38,10.819513431350638,12.0,1.1804865686493624
stachus,catboost,spring_2024,932,38,12.727628696910624,13.0,0.2723713030893755
stachus,catboost,spring_2024,933,38,13.698494402269516,12.0,1.6984944022695156
stachus,catboost,spring_2024,934,38,14.49737278315073,13.0,1.4973727831507304
stachus,catboost,spring_2024,935,38,15.62225110569578,16.0,0.37774889430422043
stachus,catboost,spring_2024,936,39,16.16977315360905,17.0,0.8302268463909499
stachus,catboost,spring_2024,937,39,16.390276049697214,17.0,0.6097239503027865
stachus,catboost,spring_2024,938,39,14.178568282032145,11.0,3.1785682820321455
stachus,catboost,spring_2024,939,39,12.998144491201062,10.0,2.998144491201062
stachus,catboost,spring_2024,940,39,13.077080409497258,10.0,3.077080409497258
stachus,catboost,spring_2024,941,39,14.423301224056019,12.0,2.4233012240560186
stachus,catboost,spring_2024,942,39,15.178979679089977,12.0,3.178979679089977
stachus,catboost,spring_2024,943,39,14.288638124259553,11.0,3.2886381242595526
stachus,catboost,spring_2024,944,39,13.127659035523829,10.0,3.1276590355238287
stachus,catboost,spring_2024,945,39,11.990896004599673,9.0,2.990896004599673
stachus,catboost,spring_2024,946,39,10.597206535283592,8.0,2.5972065352835916
stachus,catboost,spring_2024,947,39,10.46254281507622,10.0,0.46254281507622075
stachus,catboost,spring_2024,948,39,11.160392143555397,12.0,0.8396078564446032
stachus,catboost,spring_2024,949,39,11.854044990727994,13.0,1.145955009272006
stachus,catboost,spring_2024,950,39,12.327040795072604,14.0,1.6729592049273965
stachus,catboost,spring_2024,951,39,12.674831462000522,15.0,2.3251685379994775
stachus,catboost,spring_2024,952,39,14.74578843686197,17.0,2.25421156313803
stachus,catboost,spring_2024,953,39,15.78210604977215,19.0,3.2178939502278503
stachus,catboost,spring_2024,954,39,18.206136506621924,20.0,1.7938634933780762
stachus,catboost,spring_2024,955,39,20.0753959113799,21.0,0.9246040886201001
stachus,catboost,spring_2024,956,39,19.987265620715718,19.0,0.9872656207157178
stachus,catboost,spring_2024,957,39,19.213172824194103,17.0,2.2131728241941033
stachus,catboost,spring_2024,958,39,18.611216844398506,16.0,2.6112168443985055
stachus,catboost,spring_2024,959,39,17.9341487524582,16.0,1.9341487524581993
stachus,catboost,spring_2024,960,40,18.316302102627304,16.0,2.3163021026273043
stachus,catboost,spring_2024,961,40,19.616875149520936,15.0,4.616875149520936
stachus,catboost,spring_2024,962,40,20.095951421581297,14.0,6.095951421581297
stachus,catboost,spring_2024,963,40,19.067114160202102,13.0,6.067114160202102
stachus,catboost,spring_2024,964,40,19.175578699188613,14.0,5.175578699188613
stachus,catboost,spring_2024,965,40,19.825198599098478,16.0,3.825198599098478
stachus,catboost,spring_2024,966,40,18.87539378616686,12.0,6.87539378616686
stachus,catboost,spring_2024,967,40,16.555612003465786,11.0,5.555612003465786
stachus,catboost,spring_2024,968,40,13.828797972296567,10.0,3.8287979722965666
stachus,catboost,spring_2024,969,40,12.21502483403936,9.0,3.21502483403936
stachus,catboost,spring_2024,970,40,10.81480918451272,9.0,1.81480918451272
stachus,catboost,spring_2024,971,40,10.650051306906523,9.0,1.6500513069065228
stachus,catboost,spring_2024,972,40,10.873604550370866,11.0,0.1263954496291344
stachus,catboost,spring_2024,973,40,11.075824865993766,11.0,0.07582486599376637
stachus,catboost,spring_2024,974,40,11.221396841469183,11.0,0.2213968414691827
stachus,catboost,spring_2024,975,40,11.20858820468005,11.0,0.20858820468004957
stachus,catboost,spring_2024,976,40,10.766618492095573,11.0,0.23338150790442747
stachus,catboost,spring_2024,977,40,10.783415036704373,11.0,0.21658496329562738
stachus,catboost,spring_2024,978,40,10.824977866948506,11.0,0.1750221330514936
stachus,catboost,spring_2024,979,40,11.638715577050808,12.0,0.3612844229491916
stachus,catboost,spring_2024,980,40,10.531003161564259,10.0,0.531003161564259
stachus,catboost,spring_2024,981,40,9.247463782038126,8.0,1.2474637820381265
stachus,catboost,spring_2024,982,40,8.428327649751857,8.0,0.4283276497518571
stachus,catboost,spring_2024,983,40,7.7207726446055975,7.0,0.7207726446055975
stachus,catboost,spring_2024,984,41,7.409889232361387,8.0,0.5901107676386133
stachus,catboost,spring_2024,985,41,7.201802834480984,8.0,0.7981971655190163
stachus,catboost,spring_2024,986,41,6.968159152404713,8.0,1.0318408475952872
stachus,catboost,spring_2024,987,41,7.011969161454543,8.0,0.9880308385454573
stachus,catboost,spring_2024,988,41,7.162880236188514,8.0,0.8371197638114856
stachus,catboost,spring_2024,989,41,7.687391984455605,8.0,0.3126080155443951
stachus,catboost,spring_2024,990,41,8.256844265845194,8.0,0.25684426584519393
stachus,catboost,spring_2024,991,41,9.140171645009863,9.0,0.1401716450098629
stachus,catboost,spring_2024,992,41,8.013234921792122,7.0,1.0132349217921224
stachus,catboost,spring_2024,993,41,6.920377839551806,5.0,1.920377839551806
stachus,catboost,spring_2024,994,41,5.869263778458465,4.0,1.869263778458465
stachus,catboost,spring_2024,995,41,5.394854046451215,4.0,1.394854046451215
stachus,catboost,spring_2024,996,41,5.368484137879805,4.0,1.368484137879805
stachus,catboost,spring_2024,997,41,7.717645226023919,7.0,0.7176452260239188
stachus,catboost,spring_2024,998,41,8.696144641411962,8.0,0.6961446414119621
stachus,catboost,spring_2024,999,41,8.940647360979396,6.0,2.940647360979396
stachus,catboost,spring_2024,1000,41,9.57971982673023,8.0,1.57971982673023
stachus,catboost,spring_2024,1001,41,8.610526723390407,6.0,2.6105267233904073
stachus,catboost,spring_2024,1002,41,7.693948936573854,7.0,0.6939489365738538
stachus,catboost,spring_2024,1003,41,8.05088680794242,8.0,0.05088680794242073
stachus,catboost,spring_2024,1004,41,7.576442508701659,6.0,1.5764425087016587
stachus,catboost,spring_2024,1005,41,7.552910078638126,7.0,0.552910078638126
stachus,catboost,spring_2024,1006,41,6.563232799046968,5.0,1.5632327990469683
stachus,catboost,spring_2024,1007,41,5.144558843051066,3.0,2.1445588430510663
stachus,catboost,spring_2024,1008,42,4.656258425223914,3.0,1.656258425223914
stachus,catboost,spring_2024,1009,42,3.8615337015057998,3.0,0.8615337015057998
stachus,catboost,spring_2024,1010,42,3.48487564151222,2.0,1.48487564151222
stachus,catboost,spring_2024,1011,42,3.063971664580148,2.0,1.0639716645801478
stachus,catboost,spring_2024,1012,42,2.8946747704027995,2.0,0.8946747704027995
stachus,catboost,spring_2024,1013,42,3.1697306429190375,2.0,1.1697306429190375
stachus,catboost,spring_2024,1014,42,4.029745580045392,2.0,2.0297455800453923
stachus,catboost,spring_2024,1015,42,5.469834817055494,3.0,2.469834817055494
stachus,catboost,spring_2024,1016,42,6.474280936947078,3.0,3.4742809369470784
stachus,catboost,spring_2024,1017,42,6.669488340838732,3.0,3.6694883408387318
stachus,catboost,spring_2024,1018,42,6.557513057630846,3.0,3.557513057630846
stachus,catboost,spring_2024,1019,42,7.14068328865788,4.0,3.14068328865788
stachus,catboost,spring_2024,1020,42,9.040989018701612,6.0,3.0409890187016124
stachus,catboost,spring_2024,1021,42,8.844841985980278,5.0,3.8448419859802776
stachus,catboost,spring_2024,1022,42,8.60952894576481,5.0,3.6095289457648096
stachus,catboost,spring_2024,1023,42,8.347835109862716,5.0,3.347835109862716
stachus,catboost,spring_2024,1024,42,7.997294942925305,5.0,2.997294942925305
stachus,catboost,spring_2024,1025,42,8.894677821757401,8.0,0.8946778217574014
stachus,catboost,spring_2024,1026,42,9.777746254270646,9.0,0.7777462542706459
stachus,catboost,spring_2024,1027,42,9.667532299567505,7.0,2.6675322995675046
stachus,catboost,spring_2024,1028,42,9.821176780415533,8.0,1.8211767804155325
stachus,catboost,spring_2024,1029,42,18.466003058117252,29.0,10.533996941882748
stachus,catboost,spring_2024,1030,42,10.983753087855119,7.0,3.983753087855119
stachus,catboost,spring_2024,1031,42,8.341575981953719,7.0,1.341575981953719
stachus,catboost,spring_2024,1032,43,7.540700745981456,6.0,1.5407007459814563
stachus,catboost,spring_2024,1033,43,7.7751318532736295,6.0,1.7751318532736295
stachus,catboost,spring_2024,1034,43,7.372697019859158,5.0,2.3726970198591584
stachus,catboost,spring_2024,1035,43,7.070751758261745,6.0,1.0707517582617454
stachus,catboost,spring_2024,1036,43,6.640059272894201,5.0,1.6400592728942014
stachus,catboost,spring_2024,1037,43,6.634506632608729,4.0,2.634506632608729
stachus,catboost,spring_2024,1038,43,6.28235662594257,4.0,2.28235662594257
stachus,catboost,spring_2024,1039,43,6.038623983071622,4.0,2.0386239830716217
stachus,catboost,spring_2024,1040,43,5.83401363399799,3.0,2.83401363399799
stachus,catboost,spring_2024,1041,43,5.794655787374941,3.0,2.794655787374941
stachus,catboost,spring_2024,1042,43,5.808635210204712,3.0,2.808635210204712
stachus,catboost,spring_2024,1043,43,5.949462388875441,4.0,1.9494623888754408
stachus,catboost,spring_2024,1044,43,5.717100806907579,5.0,0.7171008069075793
stachus,catboost,spring_2024,1045,43,5.55059524397709,4.0,1.5505952439770896
stachus,catboost,spring_2024,1046,43,5.4288754058261866,5.0,0.42887540582618655
stachus,catboost,spring_2024,1047,43,5.510852676013104,5.0,0.510852676013104
stachus,catboost,spring_2024,1048,43,5.605370210956377,6.0,0.39462978904362256
stachus,catboost,spring_2024,1049,43,6.120403460911708,8.0,1.8795965390882916
stachus,catboost,spring_2024,1050,43,7.202577686854754,9.0,1.7974223131452458
stachus,catboost,spring_2024,1051,43,9.02433455346943,12.0,2.97566544653057
stachus,catboost,spring_2024,1052,43,11.595463605655873,14.0,2.4045363943441274
stachus,catboost,spring_2024,1053,43,14.101226037670155,17.0,2.8987739623298445
stachus,catboost,spring_2024,1054,43,15.542549280499335,18.0,2.457450719500665
stachus,catboost,spring_2024,1055,43,16.236834815721938,17.0,0.763165184278062
stachus,catboost,summer_2024,0,0,5.088395862741976,6.0,0.9116041372580241
stachus,catboost,summer_2024,1,0,5.587270966388675,6.0,0.41272903361132496
stachus,catboost,summer_2024,2,0,5.84858641196241,4.0,1.84858641196241
stachus,catboost,summer_2024,3,0,5.7873566807352965,4.0,1.7873566807352965
stachus,catboost,summer_2024,4,0,6.0762170639526865,5.0,1.0762170639526865
stachus,catboost,summer_2024,5,0,5.868456720590431,4.0,1.868456720590431
stachus,catboost,summer_2024,6,0,5.924831575425509,4.0,1.9248315754255092
stachus,catboost,summer_2024,7,0,6.168084986827989,4.0,2.1680849868279886
stachus,catboost,summer_2024,8,0,5.985640010177402,4.0,1.985640010177402
stachus,catboost,summer_2024,9,0,6.184272734103564,4.0,2.1842727341035637
stachus,catboost,summer_2024,10,0,6.6263629036612794,6.0,0.6263629036612794
stachus,catboost,summer_2024,11,0,6.386814390364645,6.0,0.3868143903646448
stachus,catboost,summer_2024,12,0,6.0171803487920155,4.0,2.0171803487920155
stachus,catboost,summer_2024,13,0,5.718675692689153,3.0,2.7186756926891533
stachus,catboost,summer_2024,14,0,5.617009327338823,4.0,1.617009327338823
stachus,catboost,summer_2024,15,0,5.438506928138479,4.0,1.4385069281384792
stachus,catboost,summer_2024,16,0,5.701712026042644,5.0,0.7017120260426442
stachus,catboost,summer_2024,17,0,7.5467686488756325,9.0,1.4532313511243675
stachus,catboost,summer_2024,18,0,9.079420141788711,11.0,1.9205798582112887
stachus,catboost,summer_2024,19,0,9.448428537096616,9.0,0.4484285370966159
stachus,catboost,summer_2024,20,0,9.391105491854065,9.0,0.3911054918540646
stachus,catboost,summer_2024,21,0,8.391392843939709,6.0,2.391392843939709
stachus,catboost,summer_2024,22,0,7.337038480694931,5.0,2.3370384806949307
stachus,catboost,summer_2024,23,0,6.972089407224625,6.0,0.9720894072246251
stachus,catboost,summer_2024,24,1,6.47589793712517,4.0,2.47589793712517
stachus,catboost,summer_2024,25,1,6.304622152412302,5.0,1.3046221524123016
stachus,catboost,summer_2024,26,1,6.810422870412676,5.0,1.8104228704126761
stachus,catboost,summer_2024,27,1,7.249401392347695,6.0,1.2494013923476954
stachus,catboost,summer_2024,28,1,7.708711737560957,6.0,1.7087117375609573
stachus,catboost,summer_2024,29,1,8.152020116161603,6.0,2.1520201161616033
stachus,catboost,summer_2024,30,1,7.917671232717988,5.0,2.9176712327179883
stachus,catboost,summer_2024,31,1,7.6850945391431065,5.0,2.6850945391431065
stachus,catboost,summer_2024,32,1,7.118470527459243,4.0,3.118470527459243
stachus,catboost,summer_2024,33,1,6.657809502345442,4.0,2.657809502345442
stachus,catboost,summer_2024,34,1,6.190334850562421,5.0,1.1903348505624214
stachus,catboost,summer_2024,35,1,6.017290899140825,4.0,2.017290899140825
stachus,catboost,summer_2024,36,1,5.994080153752966,5.0,0.9940801537529662
stachus,catboost,summer_2024,37,1,6.602215937420464,7.0,0.3977840625795359
stachus,catboost,summer_2024,38,1,6.033029496363293,5.0,1.0330294963632927
stachus,catboost,summer_2024,39,1,6.5511432305023725,6.0,0.5511432305023725
stachus,catboost,summer_2024,40,1,6.262197120866639,6.0,0.26219712086663893
stachus,catboost,summer_2024,41,1,6.767988183062753,7.0,0.2320118169372467
stachus,catboost,summer_2024,42,1,6.884858041067401,6.0,0.8848580410674014
stachus,catboost,summer_2024,43,1,7.179924577874525,7.0,0.17992457787452487
stachus,catboost,summer_2024,44,1,7.322636204883735,7.0,0.322636204883735
stachus,catboost,summer_2024,45,1,8.714154061787273,9.0,0.2858459382127272
stachus,catboost,summer_2024,46,1,8.560465243613958,9.0,0.4395347563860419
stachus,catboost,summer_2024,47,1,8.085745181433373,8.0,0.08574518143337251
stachus,catboost,summer_2024,48,2,7.791569066348293,7.0,0.791569066348293
stachus,catboost,summer_2024,49,2,7.426475133030014,6.0,1.4264751330300136
stachus,catboost,summer_2024,50,2,7.017603204580359,5.0,2.017603204580359
stachus,catboost,summer_2024,51,2,6.389071120844932,5.0,1.3890711208449318
stachus,catboost,summer_2024,52,2,6.13547776131437,4.0,2.1354777613143696
stachus,catboost,summer_2024,53,2,6.146162732171494,5.0,1.1461627321714936
stachus,catboost,summer_2024,54,2,6.683337557063389,5.0,1.683337557063389
stachus,catboost,summer_2024,55,2,5.856927500963022,4.0,1.856927500963022
stachus,catboost,summer_2024,56,2,5.838818050237357,4.0,1.8388180502373572
stachus,catboost,summer_2024,57,2,5.120365223629071,3.0,2.1203652236290713
stachus,catboost,summer_2024,58,2,5.076332849590005,3.0,2.0763328495900053
stachus,catboost,summer_2024,59,2,4.777747750253027,3.0,1.7777477502530266
stachus,catboost,summer_2024,60,2,4.593632659916328,3.0,1.5936326599163282
stachus,catboost,summer_2024,61,2,5.072082396137815,4.0,1.072082396137815
stachus,catboost,summer_2024,62,2,6.138941194200756,5.0,1.138941194200756
stachus,catboost,summer_2024,63,2,5.932766730094294,3.0,2.9327667300942943
stachus,catboost,summer_2024,64,2,6.089106469433638,5.0,1.0891064694336379
stachus,catboost,summer_2024,65,2,6.007539900257747,4.0,2.007539900257747
stachus,catboost,summer_2024,66,2,6.126261531916099,5.0,1.1262615319160991
stachus,catboost,summer_2024,67,2,6.108913067279925,5.0,1.108913067279925
stachus,catboost,summer_2024,68,2,6.137955225244269,5.0,1.1379552252442693
stachus,catboost,summer_2024,69,2,5.721429993690794,4.0,1.7214299936907942
stachus,catboost,summer_2024,70,2,4.7731327246856186,2.0,2.7731327246856186
stachus,catboost,summer_2024,71,2,4.121911356032373,1.0,3.1219113560323732
stachus,catboost,summer_2024,72,3,3.6737987559306147,2.0,1.6737987559306147
stachus,catboost,summer_2024,73,3,3.283565574343714,1.0,2.283565574343714
stachus,catboost,summer_2024,74,3,2.8111949383495656,1.0,1.8111949383495656
stachus,catboost,summer_2024,75,3,2.8236023602068485,2.0,0.8236023602068485
stachus,catboost,summer_2024,76,3,3.0778068646720858,2.0,1.0778068646720858
stachus,catboost,summer_2024,77,3,3.104155855384316,2.0,1.1041558553843158
stachus,catboost,summer_2024,78,3,3.3638201884630785,2.0,1.3638201884630785
stachus,catboost,summer_2024,79,3,3.670155722105803,2.0,1.670155722105803
stachus,catboost,summer_2024,80,3,3.4885243796440957,2.0,1.4885243796440957
stachus,catboost,summer_2024,81,3,3.5960173237952278,3.0,0.5960173237952278
stachus,catboost,summer_2024,82,3,3.8233303205528504,3.0,0.8233303205528504
stachus,catboost,summer_2024,83,3,4.158715078762077,4.0,0.1587150787620768
stachus,catboost,summer_2024,84,3,4.543336967177109,4.0,0.5433369671771091
stachus,catboost,summer_2024,85,3,4.828951577487842,5.0,0.17104842251215757
stachus,catboost,summer_2024,86,3,5.972604303375012,7.0,1.0273956966249882
stachus,catboost,summer_2024,87,3,6.411975467512937,7.0,0.5880245324870632
stachus,catboost,summer_2024,88,3,6.118108092544817,4.0,2.1181080925448166
stachus,catboost,summer_2024,89,3,6.1942467360441125,6.0,0.19424673604411247
stachus,catboost,summer_2024,90,3,6.296915571898381,5.0,1.2969155718983814
stachus,catboost,summer_2024,91,3,6.623179188377247,7.0,0.3768208116227534
stachus,catboost,summer_2024,92,3,6.6081190377212735,7.0,0.3918809622787265
stachus,catboost,summer_2024,93,3,6.346507224198547,6.0,0.34650722419854674
stachus,catboost,summer_2024,94,3,6.19614751665185,5.0,1.19614751665185
stachus,catboost,summer_2024,95,3,6.616890274419344,6.0,0.6168902744193439
stachus,catboost,summer_2024,96,4,5.943360347713044,4.0,1.9433603477130443
stachus,catboost,summer_2024,97,4,6.166550385335788,5.0,1.1665503853357881
stachus,catboost,summer_2024,98,4,6.210454426656159,5.0,1.2104544266561588
stachus,catboost,summer_2024,99,4,5.978740404018602,5.0,0.9787404040186019
stachus,catboost,summer_2024,100,4,6.275085033074293,5.0,1.2750850330742933
stachus,catboost,summer_2024,101,4,6.096130501359728,5.0,1.0961305013597276
stachus,catboost,summer_2024,102,4,6.269022680090152,5.0,1.2690226800901518
stachus,catboost,summer_2024,103,4,6.421999662922117,5.0,1.4219996629221168
stachus,catboost,summer_2024,104,4,6.119461150577603,4.0,2.119461150577603
stachus,catboost,summer_2024,105,4,5.904300119371747,4.0,1.9043001193717473
stachus,catboost,summer_2024,106,4,5.762752185006049,4.0,1.7627521850060486
stachus,catboost,summer_2024,107,4,5.760908111113829,5.0,0.7609081111138289
stachus,catboost,summer_2024,108,4,5.922334071507409,6.0,0.07766592849259091
stachus,catboost,summer_2024,109,4,6.105212533370239,6.0,0.10521253337023939
stachus,catboost,summer_2024,110,4,6.395016631639996,7.0,0.6049833683600037
stachus,catboost,summer_2024,111,4,6.578875541649968,7.0,0.4211244583500324
stachus,catboost,summer_2024,112,4,6.533943622927964,6.0,0.5339436229279642
stachus,catboost,summer_2024,113,4,6.272766363089001,6.0,0.2727663630890014
stachus,catboost,summer_2024,114,4,6.275891425353631,7.0,0.7241085746463689
stachus,catboost,summer_2024,115,4,6.284660837144765,6.0,0.28466083714476476
stachus,catboost,summer_2024,116,4,6.879961883403466,8.0,1.1200381165965343
stachus,catboost,summer_2024,117,4,7.647100123522382,8.0,0.35289987647761834
stachus,catboost,summer_2024,118,4,8.322775926140793,9.0,0.6772240738592075
stachus,catboost,summer_2024,119,4,8.5404503463291,9.0,0.4595496536708996
stachus,catboost,summer_2024,120,5,9.177769047662565,8.0,1.177769047662565
stachus,catboost,summer_2024,121,5,9.948305911831122,7.0,2.948305911831122
stachus,catboost,summer_2024,122,5,10.354449148986138,7.0,3.354449148986138
stachus,catboost,summer_2024,123,5,10.374684241307635,7.0,3.3746842413076354
stachus,catboost,summer_2024,124,5,10.291081342782736,7.0,3.2910813427827357
stachus,catboost,summer_2024,125,5,10.135167132708744,7.0,3.1351671327087445
stachus,catboost,summer_2024,126,5,9.11482051195488,6.0,3.11482051195488
stachus,catboost,summer_2024,127,5,8.471261417804598,6.0,2.471261417804598
stachus,catboost,summer_2024,128,5,7.639447149518791,6.0,1.6394471495187908
stachus,catboost,summer_2024,129,5,6.947979997690112,6.0,0.947979997690112
stachus,catboost,summer_2024,130,5,6.50220890663269,6.0,0.5022089066326902
stachus,catboost,summer_2024,131,5,6.220843936866471,6.0,0.22084393686647097
stachus,catboost,summer_2024,132,5,6.015331827302768,7.0,0.9846681726972317
stachus,catboost,summer_2024,133,5,6.4534338158426205,7.0,0.5465661841573795
stachus,catboost,summer_2024,134,5,6.27448250747989,7.0,0.72551749252011
stachus,catboost,summer_2024,135,5,8.662369273266059,9.0,0.33763072673394134
stachus,catboost,summer_2024,136,5,12.149052562308384,14.0,1.850947437691616
stachus,catboost,summer_2024,137,5,13.545918256223999,13.0,0.5459182562239988
stachus,catboost,summer_2024,138,5,12.905867486988654,14.0,1.0941325130113455
stachus,catboost,summer_2024,139,5,10.317199099803034,8.0,2.317199099803034
stachus,catboost,summer_2024,140,5,8.4871512230756,6.0,2.4871512230755997
stachus,catboost,summer_2024,141,5,7.552619577445723,7.0,0.5526195774457232
stachus,catboost,summer_2024,142,5,7.140809068658583,7.0,0.14080906865858278
stachus,catboost,summer_2024,143,5,6.488002488189551,6.0,0.48800248818955083
stachus,catboost,summer_2024,144,6,6.324310958652648,5.0,1.3243109586526476
stachus,catboost,summer_2024,145,6,6.383225218467177,5.0,1.3832252184671772
stachus,catboost,summer_2024,146,6,6.345876582745433,4.0,2.345876582745433
stachus,catboost,summer_2024,147,6,6.1252952417033715,4.0,2.1252952417033715
stachus,catboost,summer_2024,148,6,5.832780034595001,4.0,1.8327800345950012
stachus,catboost,summer_2024,149,6,5.552768883736764,4.0,1.5527688837367641
stachus,catboost,summer_2024,150,6,5.510389040846612,3.0,2.5103890408466123
stachus,catboost,summer_2024,151,6,5.196335784000697,2.0,3.1963357840006967
stachus,catboost,summer_2024,152,6,4.862116420133187,2.0,2.8621164201331872
stachus,catboost,summer_2024,153,6,5.185840576674293,3.0,2.185840576674293
stachus,catboost,summer_2024,154,6,5.646091458811467,4.0,1.6460914588114672
stachus,catboost,summer_2024,155,6,6.120826658326569,4.0,2.1208266583265694
stachus,catboost,summer_2024,156,6,5.782888847052087,3.0,2.782888847052087
stachus,catboost,summer_2024,157,6,5.58939640129172,3.0,2.5893964012917197
stachus,catboost,summer_2024,158,6,4.985695519510804,2.0,2.985695519510804
stachus,catboost,summer_2024,159,6,4.65625579458495,2.0,2.6562557945849496
stachus,catboost,summer_2024,160,6,4.541933804699611,3.0,1.5419338046996112
stachus,catboost,summer_2024,161,6,4.6215105725995,3.0,1.6215105725995
stachus,catboost,summer_2024,162,6,4.789104840022404,4.0,0.7891048400224037
stachus,catboost,summer_2024,163,6,5.045876418898777,3.0,2.045876418898777
stachus,catboost,summer_2024,164,6,5.370343830653834,4.0,1.3703438306538338
stachus,catboost,summer_2024,165,6,5.832321584726464,3.0,2.832321584726464
stachus,catboost,summer_2024,166,6,5.9455354090552595,3.0,2.9455354090552595
stachus,catboost,summer_2024,167,6,6.053180762706699,4.0,2.053180762706699
stachus,catboost,summer_2024,168,7,6.573249046224475,4.0,2.5732490462244746
stachus,catboost,summer_2024,169,7,6.767911921516962,4.0,2.767911921516962
stachus,catboost,summer_2024,170,7,6.948559306653523,4.0,2.9485593066535234
stachus,catboost,summer_2024,171,7,7.220592890342122,3.0,4.220592890342122
stachus,catboost,summer_2024,172,7,7.075466888413918,4.0,3.075466888413918
stachus,catboost,summer_2024,173,7,7.499242067441387,4.0,3.4992420674413873
stachus,catboost,summer_2024,174,7,8.0777453489499,5.0,3.0777453489499003
stachus,catboost,summer_2024,175,7,8.144825976603562,5.0,3.1448259766035616
stachus,catboost,summer_2024,176,7,7.308517087980259,4.0,3.308517087980259
stachus,catboost,summer_2024,177,7,6.471648525983015,3.0,3.4716485259830154
stachus,catboost,summer_2024,178,7,5.53652142010048,3.0,2.53652142010048
stachus,catboost,summer_2024,179,7,5.392786133985557,3.0,2.392786133985557
stachus,catboost,summer_2024,180,7,5.551105204609143,3.0,2.5511052046091427
stachus,catboost,summer_2024,181,7,5.611329167164249,4.0,1.6113291671642491
stachus,catboost,summer_2024,182,7,5.620892095227138,4.0,1.6208920952271377
stachus,catboost,summer_2024,183,7,5.941132063547022,6.0,0.05886793645297761
stachus,catboost,summer_2024,184,7,6.512122956865072,7.0,0.48787704313492775
stachus,catboost,summer_2024,185,7,6.559687127750966,7.0,0.44031287224903437
stachus,catboost,summer_2024,186,7,6.792804117811157,7.0,0.20719588218884333
stachus,catboost,summer_2024,187,7,7.661561929106863,8.0,0.3384380708931367
stachus,catboost,summer_2024,188,7,8.476402862839723,10.0,1.5235971371602766
stachus,catboost,summer_2024,189,7,9.438676471845707,11.0,1.5613235281542934
stachus,catboost,summer_2024,190,7,10.12359273732654,11.0,0.8764072626734603
stachus,catboost,summer_2024,191,7,10.869415475918442,10.0,0.8694154759184425
stachus,catboost,summer_2024,192,8,11.757117522942545,10.0,1.7571175229425453
stachus,catboost,summer_2024,193,8,12.18631965897609,10.0,2.1863196589760907
stachus,catboost,summer_2024,194,8,12.528498157069837,11.0,1.528498157069837
stachus,catboost,summer_2024,195,8,12.740007282347005,9.0,3.7400072823470047
stachus,catboost,summer_2024,196,8,12.873909427375215,10.0,2.8739094273752155
stachus,catboost,summer_2024,197,8,12.616042121524108,9.0,3.6160421215241083
stachus,catboost,summer_2024,198,8,11.781212713113177,8.0,3.7812127131131774
stachus,catboost,summer_2024,199,8,9.876502803304547,7.0,2.8765028033045468
stachus,catboost,summer_2024,200,8,8.810096659415505,6.0,2.810096659415505
stachus,catboost,summer_2024,201,8,8.735332821064722,7.0,1.7353328210647216
stachus,catboost,summer_2024,202,8,7.93174079007489,7.0,0.9317407900748904
stachus,catboost,summer_2024,203,8,7.830848412155884,7.0,0.8308484121558841
stachus,catboost,summer_2024,204,8,7.562516557129479,7.0,0.562516557129479
stachus,catboost,summer_2024,205,8,7.067984853091141,7.0,0.06798485309114088
stachus,catboost,summer_2024,206,8,6.906739432711117,7.0,0.09326056728888332
stachus,catboost,summer_2024,207,8,7.705813843697594,9.0,1.2941861563024064
stachus,catboost,summer_2024,208,8,8.810067535842586,11.0,2.1899324641574136
stachus,catboost,summer_2024,209,8,10.496654598975896,13.0,2.503345401024104
stachus,catboost,summer_2024,210,8,12.13502662722886,14.0,1.8649733727711393
stachus,catboost,summer_2024,211,8,13.220893820702091,14.0,0.7791061792979086
stachus,catboost,summer_2024,212,8,13.929474171883822,13.0,0.9294741718838218
stachus,catboost,summer_2024,213,8,14.938540429651365,15.0,0.06145957034863514
stachus,catboost,summer_2024,214,8,16.611671339967476,21.0,4.388328660032524
stachus,catboost,summer_2024,215,8,18.160336912887782,20.0,1.8396630871122177
stachus,catboost,summer_2024,216,9,17.437316685644443,15.0,2.4373166856444435
stachus,catboost,summer_2024,217,9,17.41223922111546,14.0,3.4122392211154597
stachus,catboost,summer_2024,218,9,17.85659296518667,17.0,0.856592965186671
stachus,catboost,summer_2024,219,9,17.906884910524806,16.0,1.9068849105248056
stachus,catboost,summer_2024,220,9,16.918425086760685,16.0,0.9184250867606849
stachus,catboost,summer_2024,221,9,15.777711428486263,13.0,2.7777114284862634
stachus,catboost,summer_2024,222,9,14.52873694434042,12.0,2.5287369443404195
stachus,catboost,summer_2024,223,9,12.631793169862291,10.0,2.6317931698622914
stachus,catboost,summer_2024,224,9,12.017975696847206,9.0,3.0179756968472056
stachus,catboost,summer_2024,225,9,11.810191104867798,9.0,2.8101911048677977
stachus,catboost,summer_2024,226,9,10.705063840537841,8.0,2.705063840537841
stachus,catboost,summer_2024,227,9,9.608041162945975,8.0,1.608041162945975
stachus,catboost,summer_2024,228,9,8.681253214506997,7.0,1.681253214506997
stachus,catboost,summer_2024,229,9,8.170256789858067,7.0,1.1702567898580671
stachus,catboost,summer_2024,230,9,8.64383332849092,8.0,0.6438333284909206
stachus,catboost,summer_2024,231,9,9.564575368294106,9.0,0.5645753682941059
stachus,catboost,summer_2024,232,9,10.603417742936633,11.0,0.3965822570633666
stachus,catboost,summer_2024,233,9,10.47824737959086,8.0,2.4782473795908597
stachus,catboost,summer_2024,234,9,9.861388086535326,6.0,3.8613880865353263
stachus,catboost,summer_2024,235,9,9.97622090532902,6.0,3.9762209053290203
stachus,catboost,summer_2024,236,9,10.45172110453187,9.0,1.4517211045318703
stachus,catboost,summer_2024,237,9,11.489453876933881,12.0,0.5105461230661188
stachus,catboost,summer_2024,238,9,10.707782880819424,12.0,1.2922171191805756
stachus,catboost,summer_2024,239,9,9.196529663882762,7.0,2.196529663882762
stachus,catboost,summer_2024,240,10,8.701680896838722,6.0,2.701680896838722
stachus,catboost,summer_2024,241,10,8.702015216719193,7.0,1.702015216719193
stachus,catboost,summer_2024,242,10,8.256959332137672,5.0,3.256959332137672
stachus,catboost,summer_2024,243,10,8.224686163397791,5.0,3.2246861633977915
stachus,catboost,summer_2024,244,10,8.972568823496799,7.0,1.9725688234967986
stachus,catboost,summer_2024,245,10,9.629745165310112,6.0,3.629745165310112
stachus,catboost,summer_2024,246,10,10.01347254212397,6.0,4.013472542123971
stachus,catboost,summer_2024,247,10,10.136483561058416,7.0,3.136483561058416
stachus,catboost,summer_2024,248,10,10.868464725079477,9.0,1.8684647250794768
stachus,catboost,summer_2024,249,10,11.649492553329665,11.0,0.6494925533296652
stachus,catboost,summer_2024,250,10,10.831426636928848,10.0,0.8314266369288479
stachus,catboost,summer_2024,251,10,11.493111197076706,13.0,1.506888802923294
stachus,catboost,summer_2024,252,10,11.326167585739782,11.0,0.3261675857397819
stachus,catboost,summer_2024,253,10,10.039691809422115,8.0,2.0396918094221146
stachus,catboost,summer_2024,254,10,8.675338265238372,7.0,1.6753382652383717
stachus,catboost,summer_2024,255,10,8.139660357318494,9.0,0.860339642681506
stachus,catboost,summer_2024,256,10,7.485325699067551,7.0,0.48532569906755096
stachus,catboost,summer_2024,257,10,7.254855648471068,7.0,0.254855648471068
stachus,catboost,summer_2024,258,10,7.584006924144603,8.0,0.4159930758553969
stachus,catboost,summer_2024,259,10,8.009512600623182,9.0,0.9904873993768177
stachus,catboost,summer_2024,260,10,8.687185029418101,11.0,2.3128149705818988
stachus,catboost,summer_2024,261,10,9.3180149566351,12.0,2.6819850433649
stachus,catboost,summer_2024,262,10,9.603690212793198,10.0,0.39630978720680154
stachus,catboost,summer_2024,263,10,9.217070303281654,8.0,1.2170703032816537
stachus,catboost,summer_2024,264,11,9.63848002373865,7.0,2.6384800237386496
stachus,catboost,summer_2024,265,11,10.084493291225275,9.0,1.0844932912252752
stachus,catboost,summer_2024,266,11,10.794343257639618,11.0,0.20565674236038234
stachus,catboost,summer_2024,267,11,11.822607581905089,12.0,0.1773924180949109
stachus,catboost,summer_2024,268,11,11.450237777472033,10.0,1.450237777472033
stachus,catboost,summer_2024,269,11,10.75761180282815,8.0,2.7576118028281495
stachus,catboost,summer_2024,270,11,9.74527548218367,7.0,2.7452754821836702
stachus,catboost,summer_2024,271,11,8.774490621321268,7.0,1.7744906213212683
stachus,catboost,summer_2024,272,11,9.239450655934213,9.0,0.23945065593421333
stachus,catboost,summer_2024,273,11,8.59436527117849,6.0,2.5943652711784893
stachus,catboost,summer_2024,274,11,7.521427451146584,4.0,3.521427451146584
stachus,catboost,summer_2024,275,11,7.205457235532094,4.0,3.2054572355320943
stachus,catboost,summer_2024,276,11,6.58292178011423,5.0,1.58292178011423
stachus,catboost,summer_2024,277,11,6.018056831807758,6.0,0.0180568318077583
stachus,catboost,summer_2024,278,11,5.820108790718884,6.0,0.17989120928111557
stachus,catboost,summer_2024,279,11,5.3530040295139045,5.0,0.3530040295139045
stachus,catboost,summer_2024,280,11,4.846531540338261,4.0,0.846531540338261
stachus,catboost,summer_2024,281,11,4.471679712856054,4.0,0.47167971285605415
stachus,catboost,summer_2024,282,11,4.447935046174043,4.0,0.44793504617404256
stachus,catboost,summer_2024,283,11,4.316904464441861,5.0,0.683095535558139
stachus,catboost,summer_2024,284,11,5.363913707588719,6.0,0.6360862924112807
stachus,catboost,summer_2024,285,11,6.070977073293568,6.0,0.07097707329356773
stachus,catboost,summer_2024,286,11,5.271926451419647,4.0,1.271926451419647
stachus,catboost,summer_2024,287,11,4.983493401163241,4.0,0.9834934011632406
stachus,catboost,summer_2024,288,12,4.5173628453003865,4.0,0.5173628453003865
stachus,catboost,summer_2024,289,12,4.175337605503673,4.0,0.17533760550367283
stachus,catboost,summer_2024,290,12,3.9910566272723234,4.0,0.008943372727676646
stachus,catboost,summer_2024,291,12,3.6993112440122733,4.0,0.3006887559877267
stachus,catboost,summer_2024,292,12,3.4868050279871134,4.0,0.5131949720128866
stachus,catboost,summer_2024,293,12,3.4382637190411733,4.0,0.5617362809588267
stachus,catboost,summer_2024,294,12,3.2975579663608103,3.0,0.29755796636081033
stachus,catboost,summer_2024,295,12,3.1907450261328796,3.0,0.19074502613287958
stachus,catboost,summer_2024,296,12,3.2083119520170307,3.0,0.20831195201703068
stachus,catboost,summer_2024,297,12,3.385560691143156,3.0,0.38556069114315594
stachus,catboost,summer_2024,298,12,3.544694974604263,3.0,0.5446949746042629
stachus,catboost,summer_2024,299,12,3.5708196055528214,4.0,0.4291803944471786
stachus,catboost,summer_2024,300,12,3.4492741815019494,4.0,0.5507258184980506
stachus,catboost,summer_2024,301,12,3.4505583892819622,5.0,1.5494416107180378
stachus,catboost,summer_2024,302,12,3.8080289324857404,4.0,0.19197106751425963
stachus,catboost,summer_2024,303,12,3.9340315875660865,5.0,1.0659684124339135
stachus,catboost,summer_2024,304,12,4.354260743136042,5.0,0.6457392568639584
stachus,catboost,summer_2024,305,12,4.5578157699891575,5.0,0.4421842300108425
stachus,catboost,summer_2024,306,12,5.05843295699491,6.0,0.9415670430050902
stachus,catboost,summer_2024,307,12,5.8380864771393,6.0,0.16191352286069982
stachus,catboost,summer_2024,308,12,6.393328287234374,6.0,0.3933282872343744
stachus,catboost,summer_2024,309,12,6.605555415617182,7.0,0.3944445843828177
stachus,catboost,summer_2024,310,12,6.117504656570784,6.0,0.1175046565707838
stachus,catboost,summer_2024,311,12,6.623319708966683,6.0,0.6233197089666831
stachus,catboost,summer_2024,312,13,6.726727606929428,6.0,0.726727606929428
stachus,catboost,summer_2024,313,13,7.2803168896633785,7.0,0.28031688966337853
stachus,catboost,summer_2024,314,13,8.005138800865037,6.0,2.005138800865037
stachus,catboost,summer_2024,315,13,7.806164139522334,5.0,2.806164139522334
stachus,catboost,summer_2024,316,13,8.012864362993117,4.0,4.012864362993117
stachus,catboost,summer_2024,317,13,8.069710239884953,5.0,3.0697102398849534
stachus,catboost,summer_2024,318,13,8.08476768380621,5.0,3.0847676838062092
stachus,catboost,summer_2024,319,13,7.505806242697622,4.0,3.5058062426976218
stachus,catboost,summer_2024,320,13,6.7118386196794555,4.0,2.7118386196794555
stachus,catboost,summer_2024,321,13,5.713023104284682,4.0,1.713023104284682
stachus,catboost,summer_2024,322,13,5.550223313781338,4.0,1.5502233137813377
stachus,catboost,summer_2024,323,13,5.118019620543165,4.0,1.1180196205431647
stachus,catboost,summer_2024,324,13,4.986281804383097,4.0,0.986281804383097
stachus,catboost,summer_2024,325,13,4.775677496416834,4.0,0.7756774964168338
stachus,catboost,summer_2024,326,13,4.571861437502588,5.0,0.4281385624974119
stachus,catboost,summer_2024,327,13,4.165541069538206,4.0,0.16554106953820558
stachus,catboost,summer_2024,328,13,4.148881113838543,4.0,0.1488811138385433
stachus,catboost,summer_2024,329,13,4.246037161260149,5.0,0.7539628387398514
stachus,catboost,summer_2024,330,13,4.669906145250893,6.0,1.3300938547491068
stachus,catboost,summer_2024,331,13,4.892900585755552,6.0,1.1070994142444484
stachus,catboost,summer_2024,332,13,5.194146801372683,6.0,0.8058531986273172
stachus,catboost,summer_2024,333,13,5.60028497477235,7.0,1.3997150252276498
stachus,catboost,summer_2024,334,13,5.714500323685843,5.0,0.7145003236858427
stachus,catboost,summer_2024,335,13,6.1109900899079115,5.0,1.1109900899079115
stachus,catboost,summer_2024,336,14,6.191312616759712,6.0,0.19131261675971167
stachus,catboost,summer_2024,337,14,6.376731971995993,7.0,0.6232680280040066
stachus,catboost,summer_2024,338,14,6.7692734276721644,8.0,1.2307265723278356
stachus,catboost,summer_2024,339,14,7.124239690577268,7.0,0.12423969057726758
stachus,catboost,summer_2024,340,14,7.478299069339839,9.0,1.5217009306601614
stachus,catboost,summer_2024,341,14,7.960242549796694,8.0,0.03975745020330557
stachus,catboost,summer_2024,342,14,7.783570345003266,7.0,0.7835703450032661
stachus,catboost,summer_2024,343,14,7.421402643695276,8.0,0.5785973563047238
stachus,catboost,summer_2024,344,14,7.001565791050297,7.0,0.0015657910502966388
stachus,catboost,summer_2024,345,14,6.407483698173413,6.0,0.40748369817341334
stachus,catboost,summer_2024,346,14,5.999684114683019,6.0,0.00031588531698112376
stachus,catboost,summer_2024,347,14,6.116383882801729,6.0,0.1163838828017294
stachus,catboost,summer_2024,348,14,6.215050814080722,7.0,0.7849491859192783
stachus,catboost,summer_2024,349,14,6.517809421885878,8.0,1.482190578114122
stachus,catboost,summer_2024,350,14,6.640596151882061,9.0,2.359403848117939
stachus,catboost,summer_2024,351,14,6.776293764234698,9.0,2.2237062357653024
stachus,catboost,summer_2024,352,14,7.773050732123425,10.0,2.2269492678765754
stachus,catboost,summer_2024,353,14,8.649224791557216,12.0,3.3507752084427835
stachus,catboost,summer_2024,354,14,8.935619679628036,11.0,2.0643803203719635
stachus,catboost,summer_2024,355,14,9.89503281781016,13.0,3.1049671821898404
stachus,catboost,summer_2024,356,14,10.370704558346812,12.0,1.6292954416531877
stachus,catboost,summer_2024,357,14,11.244322735712053,11.0,0.24432273571205343
stachus,catboost,summer_2024,358,14,11.643082116537903,13.0,1.3569178834620974
stachus,catboost,summer_2024,359,14,11.72622424579767,12.0,0.2737757542023296
stachus,catboost,summer_2024,360,15,10.988006409147582,10.0,0.988006409147582
stachus,catboost,summer_2024,361,15,10.299631430985535,6.0,4.299631430985535
stachus,catboost,summer_2024,362,15,10.125245826106774,5.0,5.125245826106774
stachus,catboost,summer_2024,363,15,9.473902006147346,6.0,3.4739020061473465
stachus,catboost,summer_2024,364,15,9.98239309651408,8.0,1.9823930965140804
stachus,catboost,summer_2024,365,15,9.87467005952609,6.0,3.874670059526091
stachus,catboost,summer_2024,366,15,9.89608507321035,7.0,2.896085073210349
stachus,catboost,summer_2024,367,15,9.588596289814564,6.0,3.5885962898145642
stachus,catboost,summer_2024,368,15,9.134614016289305,5.0,4.134614016289305
stachus,catboost,summer_2024,369,15,8.94618074149264,8.0,0.9461807414926398
stachus,catboost,summer_2024,370,15,8.924333605894443,8.0,0.9243336058944429
stachus,catboost,summer_2024,371,15,8.357164788678462,7.0,1.3571647886784621
stachus,catboost,summer_2024,372,15,7.6091932736259835,6.0,1.6091932736259835
stachus,catboost,summer_2024,373,15,6.913734802292863,5.0,1.913734802292863
stachus,catboost,summer_2024,374,15,6.478814935785817,5.0,1.4788149357858167
stachus,catboost,summer_2024,375,15,5.8876345815817315,5.0,0.8876345815817315
stachus,catboost,summer_2024,376,15,5.989476235623572,5.0,0.989476235623572
stachus,catboost,summer_2024,377,15,6.087112670687637,7.0,0.9128873293123627
stachus,catboost,summer_2024,378,15,6.731253840304696,7.0,0.26874615969530424
stachus,catboost,summer_2024,379,15,6.4993805035072905,6.0,0.49938050350729046
stachus,catboost,summer_2024,380,15,6.84957488334388,7.0,0.15042511665611968
stachus,catboost,summer_2024,381,15,7.561834670809272,7.0,0.5618346708092723
stachus,catboost,summer_2024,382,15,7.571349397055156,5.0,2.5713493970551564
stachus,catboost,summer_2024,383,15,7.2179895684878,4.0,3.2179895684878
stachus,catboost,summer_2024,384,16,6.8308524947014035,5.0,1.8308524947014035
stachus,catboost,summer_2024,385,16,6.945719839291421,5.0,1.9457198392914208
stachus,catboost,summer_2024,386,16,6.686511255498439,5.0,1.6865112554984387
stachus,catboost,summer_2024,387,16,6.045443419207025,5.0,1.0454434192070252
stachus,catboost,summer_2024,388,16,5.831487570515488,4.0,1.8314875705154883
stachus,catboost,summer_2024,389,16,5.929311352142248,3.0,2.929311352142248
stachus,catboost,summer_2024,390,16,5.8476125359165305,3.0,2.8476125359165305
stachus,catboost,summer_2024,391,16,5.926690297177246,3.0,2.926690297177246
stachus,catboost,summer_2024,392,16,6.238419387530941,4.0,2.238419387530941
stachus,catboost,summer_2024,393,16,6.386857108664051,4.0,2.386857108664051
stachus,catboost,summer_2024,394,16,6.429563783689622,4.0,2.4295637836896216
stachus,catboost,summer_2024,395,16,6.246199660394023,4.0,2.246199660394023
stachus,catboost,summer_2024,396,16,5.996849221981717,5.0,0.9968492219817167
stachus,catboost,summer_2024,397,16,6.011469615627314,5.0,1.0114696156273144
stachus,catboost,summer_2024,398,16,6.334181696074415,4.0,2.334181696074415
stachus,catboost,summer_2024,399,16,6.344280130303815,4.0,2.344280130303815
stachus,catboost,summer_2024,400,16,6.176759217880683,5.0,1.176759217880683
stachus,catboost,summer_2024,401,16,6.37825508219548,5.0,1.37825508219548
stachus,catboost,summer_2024,402,16,6.4423598550654875,5.0,1.4423598550654875
stachus,catboost,summer_2024,403,16,7.032658110205408,5.0,2.032658110205408
stachus,catboost,summer_2024,404,16,7.38912247609116,7.0,0.3891224760911598
stachus,catboost,summer_2024,405,16,7.8800303846654565,7.0,0.8800303846654565
stachus,catboost,summer_2024,406,16,8.414163541217455,7.0,1.4141635412174551
stachus,catboost,summer_2024,407,16,8.859009243992686,7.0,1.859009243992686
stachus,catboost,summer_2024,408,17,9.32539963488854,9.0,0.32539963488854085
stachus,catboost,summer_2024,409,17,10.141582795405064,11.0,0.8584172045949359
stachus,catboost,summer_2024,410,17,11.008110918763041,11.0,0.008110918763041042
stachus,catboost,summer_2024,411,17,11.824288142077746,10.0,1.8242881420777461
stachus,catboost,summer_2024,412,17,11.81106323450728,10.0,1.8110632345072801
stachus,catboost,summer_2024,413,17,11.998917082478117,10.0,1.9989170824781173
stachus,catboost,summer_2024,414,17,11.353764790859596,9.0,2.3537647908595964
stachus,catboost,summer_2024,415,17,10.565248117641262,8.0,2.5652481176412625
stachus,catboost,summer_2024,416,17,9.636299512182394,7.0,2.6362995121823936
stachus,catboost,summer_2024,417,17,9.123908939528556,7.0,2.1239089395285564
stachus,catboost,summer_2024,418,17,8.8871829320472,8.0,0.8871829320471996
stachus,catboost,summer_2024,419,17,8.841764415623325,9.0,0.1582355843766745
stachus,catboost,summer_2024,420,17,8.685080271773835,8.0,0.6850802717738347
stachus,catboost,summer_2024,421,17,8.018501272800401,7.0,1.0185012728004015
stachus,catboost,summer_2024,422,17,7.701945038228473,7.0,0.7019450382284731
stachus,catboost,summer_2024,423,17,7.760003918093842,7.0,0.760003918093842
stachus,catboost,summer_2024,424,17,8.072925581527741,8.0,0.0729255815277412
stachus,catboost,summer_2024,425,17,8.212990607741832,9.0,0.7870093922581685
stachus,catboost,summer_2024,426,17,8.242950576713742,9.0,0.7570494232862579
stachus,catboost,summer_2024,427,17,8.866045416105369,10.0,1.1339545838946314
stachus,catboost,summer_2024,428,17,9.807314237748628,10.0,0.19268576225137224
stachus,catboost,summer_2024,429,17,11.212894557100018,12.0,0.787105442899982
stachus,catboost,summer_2024,430,17,11.864849809541202,10.0,1.8648498095412016
stachus,catboost,summer_2024,431,17,12.275226319518335,10.0,2.2752263195183353
stachus,catboost,summer_2024,432,18,12.31229244932064,8.0,4.3122924493206405
stachus,catboost,summer_2024,433,18,12.853907684826385,8.0,4.853907684826385
stachus,catboost,summer_2024,434,18,13.884565880716522,10.0,3.884565880716522
stachus,catboost,summer_2024,435,18,14.87745701949704,10.0,4.87745701949704
stachus,catboost,summer_2024,436,18,16.398369721205817,14.0,2.3983697212058175
stachus,catboost,summer_2024,437,18,17.796941954398378,14.0,3.7969419543983776
stachus,catboost,summer_2024,438,18,18.19452443098519,15.0,3.19452443098519
stachus,catboost,summer_2024,439,18,17.273174159046864,14.0,3.2731741590468637
stachus,catboost,summer_2024,440,18,15.921216839041755,12.0,3.9212168390417546
stachus,catboost,summer_2024,441,18,14.984670126698777,11.0,3.984670126698777
stachus,catboost,summer_2024,442,18,13.180077573983057,9.0,4.180077573983057
stachus,catboost,summer_2024,443,18,12.453542709057752,10.0,2.4535427090577517
stachus,catboost,summer_2024,444,18,11.791960742822917,11.0,0.7919607428229174
stachus,catboost,summer_2024,445,18,11.009372608838028,11.0,0.00937260883802793
stachus,catboost,summer_2024,446,18,10.757370306743763,10.0,0.7573703067437627
stachus,catboost,summer_2024,447,18,10.963263852002793,10.0,0.9632638520027932
stachus,catboost,summer_2024,448,18,11.01450925231093,10.0,1.0145092523109298
stachus,catboost,summer_2024,449,18,11.603855228526504,11.0,0.6038552285265038
stachus,catboost,summer_2024,450,18,11.571606278153316,12.0,0.42839372184668356
stachus,catboost,summer_2024,451,18,12.398435465246664,13.0,0.6015645347533365
stachus,catboost,summer_2024,452,18,13.46748011063661,13.0,0.4674801106366093
stachus,catboost,summer_2024,453,18,14.572885747438507,16.0,1.427114252561493
stachus,catboost,summer_2024,454,18,14.011325433236175,16.0,1.9886745667638248
stachus,catboost,summer_2024,455,18,12.407818936020856,13.0,0.5921810639791438
stachus,catboost,summer_2024,456,19,12.178543804582507,12.0,0.17854380458250674
stachus,catboost,summer_2024,457,19,12.035655448454689,11.0,1.0356554484546887
stachus,catboost,summer_2024,458,19,12.595939726720594,11.0,1.5959397267205944
stachus,catboost,summer_2024,459,19,12.798684242782425,10.0,2.798684242782425
stachus,catboost,summer_2024,460,19,12.434622897661594,10.0,2.434622897661594
stachus,catboost,summer_2024,461,19,12.042983163116894,10.0,2.0429831631168938
stachus,catboost,summer_2024,462,19,11.926751148527872,9.0,2.926751148527872
stachus,catboost,summer_2024,463,19,11.548206946797386,9.0,2.548206946797386
stachus,catboost,summer_2024,464,19,10.4447451034193,9.0,1.4447451034193008
stachus,catboost,summer_2024,465,19,10.493538612433357,9.0,1.4935386124333565
stachus,catboost,summer_2024,466,19,10.511446650663409,9.0,1.5114466506634088
stachus,catboost,summer_2024,467,19,10.46529115155725,9.0,1.4652911515572509
stachus,catboost,summer_2024,468,19,10.365495003831809,9.0,1.3654950038318088
stachus,catboost,summer_2024,469,19,10.100084504914285,9.0,1.1000845049142853
stachus,catboost,summer_2024,470,19,11.18658665207868,11.0,0.1865866520786792
stachus,catboost,summer_2024,471,19,11.92086737320781,10.0,1.9208673732078108
stachus,catboost,summer_2024,472,19,12.088011067896304,9.0,3.0880110678963035
stachus,catboost,summer_2024,473,19,12.18309401629081,10.0,2.1830940162908092
stachus,catboost,summer_2024,474,19,12.804351641094895,11.0,1.804351641094895
stachus,catboost,summer_2024,475,19,13.639202890267327,14.0,0.36079710973267254
stachus,catboost,summer_2024,476,19,13.176805221124077,12.0,1.1768052211240771
stachus,catboost,summer_2024,477,19,12.988344648151415,11.0,1.9883446481514149
stachus,catboost,summer_2024,478,19,14.055062381406707,16.0,1.9449376185932934
stachus,catboost,summer_2024,479,19,15.523811648052963,16.0,0.47618835194703735
stachus,catboost,summer_2024,480,20,15.710768822287605,15.5,0.21076882228760496
stachus,catboost,summer_2024,481,20,17.063255055131915,15.0,2.063255055131915
stachus,catboost,summer_2024,482,20,18.351028434778236,14.5,3.851028434778236
stachus,catboost,summer_2024,483,20,18.352506175534035,14.0,4.352506175534035
stachus,catboost,summer_2024,484,20,17.339607856437922,13.5,3.8396078564379224
stachus,catboost,summer_2024,485,20,17.1033642918561,13.0,4.103364291856099
stachus,catboost,summer_2024,486,20,1.8380743807729996,3.0,1.1619256192270004
stachus,catboost,summer_2024,487,20,3.193857046703565,4.0,0.806142953296435
stachus,catboost,summer_2024,488,20,3.847196092204552,4.0,0.15280390779544817
stachus,catboost,summer_2024,489,20,4.296050663140528,4.0,0.2960506631405284
stachus,catboost,summer_2024,490,20,2.2943173495357394,5.0,2.7056826504642606
stachus,catboost,summer_2024,491,20,3.495271955535122,6.0,2.504728044464878
stachus,catboost,summer_2024,492,20,4.823179789250201,7.0,2.176820210749799
stachus,catboost,summer_2024,493,20,5.760898694183393,6.0,0.23910130581660738
stachus,catboost,summer_2024,494,20,6.667091118990971,6.0,0.667091118990971
stachus,catboost,summer_2024,495,20,6.895847778855918,6.0,0.8958477788559183
stachus,catboost,summer_2024,496,20,7.259993982988739,6.0,1.259993982988739
stachus,catboost,summer_2024,497,20,7.302122549767166,6.0,1.3021225497671658
stachus,catboost,summer_2024,498,20,6.959135217811539,5.0,1.9591352178115393
stachus,catboost,summer_2024,499,20,6.457714190915594,5.0,1.4577141909155937
stachus,catboost,summer_2024,500,20,6.289615601839184,5.0,1.2896156018391842
stachus,catboost,summer_2024,501,20,6.251666947535392,5.0,1.2516669475353916
stachus,catboost,summer_2024,502,20,6.541200360082259,6.0,0.541200360082259
stachus,catboost,summer_2024,503,20,6.501546024623308,7.0,0.4984539753766919
stachus,catboost,summer_2024,504,21,6.471502504834916,6.0,0.4715025048349162
stachus,catboost,summer_2024,505,21,6.538649121966452,6.0,0.5386491219664524
stachus,catboost,summer_2024,506,21,6.513138232473578,7.0,0.4868617675264222
stachus,catboost,summer_2024,507,21,6.416632429733399,7.0,0.583367570266601
stachus,catboost,summer_2024,508,21,6.8305779377091715,8.0,1.1694220622908285
stachus,catboost,summer_2024,509,21,6.926337939747585,6.0,0.9263379397475848
stachus,catboost,summer_2024,510,21,7.046527388085725,6.0,1.0465273880857247
stachus,catboost,summer_2024,511,21,6.767909260497353,5.0,1.767909260497353
stachus,catboost,summer_2024,512,21,6.566981235187326,4.0,2.566981235187326
stachus,catboost,summer_2024,513,21,5.706924517376143,6.0,0.2930754826238573
stachus,catboost,summer_2024,514,21,5.627425245155943,5.0,0.6274252451559432
stachus,catboost,summer_2024,515,21,5.728840330770823,5.0,0.7288403307708231
stachus,catboost,summer_2024,516,21,5.912052433131299,5.0,0.9120524331312989
stachus,catboost,summer_2024,517,21,6.074155788338745,5.0,1.0741557883387447
stachus,catboost,summer_2024,518,21,6.1301215440607315,5.0,1.1301215440607315
stachus,catboost,summer_2024,519,21,6.653246119263902,5.0,1.653246119263902
stachus,catboost,summer_2024,520,21,6.367929471878393,5.0,1.3679294718783934
stachus,catboost,summer_2024,521,21,6.278045495618856,4.0,2.278045495618856
stachus,catboost,summer_2024,522,21,6.429934510324548,4.0,2.429934510324548
stachus,catboost,summer_2024,523,21,6.304207367552822,4.0,2.304207367552822
stachus,catboost,summer_2024,524,21,6.069154154727945,4.0,2.0691541547279453
stachus,catboost,summer_2024,525,21,5.949608928603881,5.0,0.9496089286038814
stachus,catboost,summer_2024,526,21,5.742725862751135,4.0,1.7427258627511346
stachus,catboost,summer_2024,527,21,5.6865075017379265,4.0,1.6865075017379265
stachus,catboost,summer_2024,528,22,5.732077209125559,4.0,1.732077209125559
stachus,catboost,summer_2024,529,22,5.794277748058914,5.0,0.7942777480589136
stachus,catboost,summer_2024,530,22,6.325437932333138,6.0,0.3254379323331378
stachus,catboost,summer_2024,531,22,6.257145686851485,5.0,1.2571456868514854
stachus,catboost,summer_2024,532,22,6.396832570456578,6.0,0.3968325704565778
stachus,catboost,summer_2024,533,22,6.720714306611165,5.0,1.720714306611165
stachus,catboost,summer_2024,534,22,6.7340834993862355,6.0,0.7340834993862355
stachus,catboost,summer_2024,535,22,6.793734545673609,6.0,0.7937345456736091
stachus,catboost,summer_2024,536,22,7.207115970902081,5.0,2.2071159709020813
stachus,catboost,summer_2024,537,22,7.135319593169652,5.0,2.135319593169652
stachus,catboost,summer_2024,538,22,7.391911164152466,6.0,1.3919111641524662
stachus,catboost,summer_2024,539,22,7.966420011055501,6.0,1.9664200110555008
stachus,catboost,summer_2024,540,22,8.170122168123468,6.0,2.170122168123468
stachus,catboost,summer_2024,541,22,8.54979903058157,7.0,1.5497990305815694
stachus,catboost,summer_2024,542,22,8.79901145580203,7.0,1.7990114558020291
stachus,catboost,summer_2024,543,22,9.56918619894776,8.0,1.5691861989477598
stachus,catboost,summer_2024,544,22,9.06726067369517,7.0,2.06726067369517
stachus,catboost,summer_2024,545,22,8.086914990829623,7.0,1.086914990829623
stachus,catboost,summer_2024,546,22,7.427370332191268,6.0,1.427370332191268
stachus,catboost,summer_2024,547,22,7.128965994617399,6.0,1.128965994617399
stachus,catboost,summer_2024,548,22,6.4064369672034545,5.0,1.4064369672034545
stachus,catboost,summer_2024,549,22,6.059722019371942,5.0,1.059722019371942
stachus,catboost,summer_2024,550,22,5.852855194968237,4.0,1.852855194968237
stachus,catboost,summer_2024,551,22,5.555179681411244,5.0,0.5551796814112437
stachus,catboost,summer_2024,552,23,5.732869689985729,4.0,1.732869689985729
stachus,catboost,summer_2024,553,23,5.75383126138857,5.0,0.7538312613885703
stachus,catboost,summer_2024,554,23,6.473764522335083,6.0,0.4737645223350828
stachus,catboost,summer_2024,555,23,6.623661007436379,5.0,1.6236610074363789
stachus,catboost,summer_2024,556,23,6.853166310634233,6.0,0.8531663106342329
stachus,catboost,summer_2024,557,23,7.3676511441169,6.0,1.3676511441169001
stachus,catboost,summer_2024,558,23,8.094982303471676,6.0,2.094982303471676
stachus,catboost,summer_2024,559,23,8.45992181600608,7.0,1.45992181600608
stachus,catboost,summer_2024,560,23,8.72710680022142,8.0,0.7271068002214207
stachus,catboost,summer_2024,561,23,9.022503272083961,9.0,0.02250327208396108
stachus,catboost,summer_2024,562,23,9.866313175526365,10.0,0.1336868244736351
stachus,catboost,summer_2024,563,23,10.997829373098378,12.0,1.0021706269016217
stachus,catboost,summer_2024,564,23,11.907432720935347,12.0,0.09256727906465301
stachus,catboost,summer_2024,565,23,11.88465019364769,11.0,0.8846501936476905
stachus,catboost,summer_2024,566,23,11.066016688345723,9.0,2.066016688345723
stachus,catboost,summer_2024,567,23,10.682531648917749,9.0,1.6825316489177489
stachus,catboost,summer_2024,568,23,10.316440610064898,9.0,1.3164406100648982
stachus,catboost,summer_2024,569,23,9.695931849632501,7.0,2.695931849632501
stachus,catboost,summer_2024,570,23,8.94828149830665,8.0,0.9482814983066508
stachus,catboost,summer_2024,571,23,9.048031596067748,8.0,1.048031596067748
stachus,catboost,summer_2024,572,23,8.824426548706802,8.0,0.8244265487068017
stachus,catboost,summer_2024,573,23,8.726679389839127,8.0,0.726679389839127
stachus,catboost,summer_2024,574,23,8.542507408608978,9.0,0.4574925913910217
stachus,catboost,summer_2024,575,23,8.490799804018273,9.0,0.5092001959817267
stachus,catboost,summer_2024,576,24,8.779341785093731,9.0,0.22065821490626902
stachus,catboost,summer_2024,577,24,9.090410990659997,9.0,0.09041099065999703
stachus,catboost,summer_2024,578,24,9.19121246874914,10.0,0.8087875312508608
stachus,catboost,summer_2024,579,24,9.378524381776677,10.0,0.6214756182233234
stachus,catboost,summer_2024,580,24,9.68685943847657,10.0,0.3131405615234293
stachus,catboost,summer_2024,581,24,10.233804148526522,10.0,0.23380414852652187
stachus,catboost,summer_2024,582,24,11.337768616866695,11.0,0.3377686168666951
stachus,catboost,summer_2024,583,24,12.536684499182986,11.0,1.5366844991829858
stachus,catboost,summer_2024,584,24,12.919082818035344,10.0,2.919082818035344
stachus,catboost,summer_2024,585,24,14.204547584263308,11.0,3.2045475842633078
stachus,catboost,summer_2024,586,24,15.929699000927256,13.0,2.929699000927256
stachus,catboost,summer_2024,587,24,17.240898288940514,14.0,3.240898288940514
stachus,catboost,summer_2024,588,24,17.091506330487615,14.0,3.091506330487615
stachus,catboost,summer_2024,589,24,17.223952063282216,15.0,2.2239520632822156
stachus,catboost,summer_2024,590,24,17.104488032445254,13.0,4.1044880324452535
stachus,catboost,summer_2024,591,24,16.746689378242564,13.0,3.7466893782425643
stachus,catboost,summer_2024,592,24,15.306300397198427,12.0,3.3063003971984273
stachus,catboost,summer_2024,593,24,13.402364575612635,11.0,2.4023645756126353
stachus,catboost,summer_2024,594,24,12.168563760775372,10.0,2.1685637607753723
stachus,catboost,summer_2024,595,24,11.409911315126774,10.0,1.4099113151267737
stachus,catboost,summer_2024,596,24,11.223934817832113,9.0,2.223934817832113
stachus,catboost,summer_2024,597,24,10.96851722415498,9.0,1.9685172241549793
stachus,catboost,summer_2024,598,24,10.93369841803034,10.0,0.9336984180303407
stachus,catboost,summer_2024,599,24,11.247100415494598,10.0,1.2471004154945984
stachus,catboost,summer_2024,600,25,11.49841169693417,11.0,0.49841169693416987
stachus,catboost,summer_2024,601,25,11.820909018841343,10.0,1.820909018841343
stachus,catboost,summer_2024,602,25,11.47745727463497,12.0,0.5225427253650299
stachus,catboost,summer_2024,603,25,11.788207377644532,13.0,1.2117926223554676
stachus,catboost,summer_2024,604,25,13.043303421412006,14.0,0.9566965785879944
stachus,catboost,summer_2024,605,25,12.593764815389939,10.0,2.593764815389939
stachus,catboost,summer_2024,606,25,12.39945217516966,11.0,1.3994521751696603
stachus,catboost,summer_2024,607,25,12.72151726202785,11.0,1.7215172620278505
stachus,catboost,summer_2024,608,25,12.943392783039942,11.0,1.9433927830399416
stachus,catboost,summer_2024,609,25,11.89580034478059,8.0,3.8958003447805893
stachus,catboost,summer_2024,610,25,11.386141244221827,8.0,3.386141244221827
stachus,catboost,summer_2024,611,25,12.368153541388615,8.0,4.368153541388615
stachus,catboost,summer_2024,612,25,12.44519356886826,11.0,1.4451935688682607
stachus,catboost,summer_2024,613,25,12.590538209023345,13.0,0.40946179097665514
stachus,catboost,summer_2024,614,25,13.755990014466002,13.0,0.7559900144660023
stachus,catboost,summer_2024,615,25,10.589368389830128,7.0,3.5893683898301276
stachus,catboost,summer_2024,616,25,8.885535579955139,5.0,3.885535579955139
stachus,catboost,summer_2024,617,25,7.546111882149411,4.0,3.546111882149411
stachus,catboost,summer_2024,618,25,6.7279810940776565,5.0,1.7279810940776565
stachus,catboost,summer_2024,619,25,6.628385831154654,5.0,1.6283858311546542
stachus,catboost,summer_2024,620,25,6.967934406439829,7.0,0.032065593560171024
stachus,catboost,summer_2024,621,25,6.575762596517384,6.0,0.575762596517384
stachus,catboost,summer_2024,622,25,5.328566088148126,4.0,1.3285660881481256
stachus,catboost,summer_2024,623,25,4.651578591772584,3.0,1.6515785917725836
stachus,catboost,summer_2024,624,26,4.1605605259842395,3.0,1.1605605259842395
stachus,catboost,summer_2024,625,26,4.09691222864045,3.0,1.0969122286404502
stachus,catboost,summer_2024,626,26,4.135941194270151,4.0,0.13594119427015094
stachus,catboost,summer_2024,627,26,4.0491391812327775,3.0,1.0491391812327775
stachus,catboost,summer_2024,628,26,4.4840566871816145,4.0,0.48405668718161454
stachus,catboost,summer_2024,629,26,4.98907714769284,4.0,0.9890771476928402
stachus,catboost,summer_2024,630,26,5.556931442077211,5.0,0.5569314420772109
stachus,catboost,summer_2024,631,26,6.639634137462437,5.0,1.639634137462437
stachus,catboost,summer_2024,632,26,6.8590005336735285,5.0,1.8590005336735285
stachus,catboost,summer_2024,633,26,8.064802220122303,7.0,1.0648022201223029
stachus,catboost,summer_2024,634,26,8.960352782870487,8.0,0.960352782870487
stachus,catboost,summer_2024,635,26,9.51828796744061,8.0,1.5182879674406102
stachus,catboost,summer_2024,636,26,10.665979356183882,10.0,0.6659793561838825
stachus,catboost,summer_2024,637,26,11.34862840228115,10.0,1.3486284022811503
stachus,catboost,summer_2024,638,26,11.540855654228187,9.0,2.540855654228187
stachus,catboost,summer_2024,639,26,11.794203114802208,8.0,3.794203114802208
stachus,catboost,summer_2024,640,26,10.099164345693667,6.0,4.0991643456936675
stachus,catboost,summer_2024,641,26,8.662317831941287,5.0,3.6623178319412872
stachus,catboost,summer_2024,642,26,7.807742190050479,5.0,2.8077421900504786
stachus,catboost,summer_2024,643,26,7.358449683885801,5.0,2.3584496838858007
stachus,catboost,summer_2024,644,26,7.307861563561823,6.0,1.307861563561823
stachus,catboost,summer_2024,645,26,7.306801713131774,6.0,1.3068017131317742
stachus,catboost,summer_2024,646,26,6.966248761149568,6.0,0.9662487611495676
stachus,catboost,summer_2024,647,26,6.4657788876148015,6.0,0.46577888761480146
stachus,catboost,summer_2024,648,27,6.251190490410235,6.0,0.25119049041023533
stachus,catboost,summer_2024,649,27,6.30098316291568,5.0,1.3009831629156796
stachus,catboost,summer_2024,650,27,6.388126826959073,6.0,0.3881268269590734
stachus,catboost,summer_2024,651,27,6.732879478203591,7.0,0.267120521796409
stachus,catboost,summer_2024,652,27,7.189224362399269,7.0,0.1892243623992691
stachus,catboost,summer_2024,653,27,8.107525073158806,8.0,0.107525073158806
stachus,catboost,summer_2024,654,27,9.357282770316496,9.0,0.35728277031649647
stachus,catboost,summer_2024,655,27,10.335586196637463,8.0,2.335586196637463
stachus,catboost,summer_2024,656,27,11.08133821791988,9.0,2.08133821791988
stachus,catboost,summer_2024,657,27,11.226701831376477,9.333333333333334,1.8933684980431433
stachus,catboost,summer_2024,658,27,11.509302204307877,10.0,1.5093022043078772
stachus,catboost,summer_2024,659,27,11.227980316022187,9.833333333333334,1.3946469826888528
stachus,catboost,summer_2024,660,27,11.31883389250551,9.666666666666666,1.6521672258388431
stachus,catboost,summer_2024,661,27,11.680886584387142,10.333333333333334,1.3475532510538084
stachus,catboost,summer_2024,662,27,12.388621028057834,11.833333333333334,0.5552876947245
stachus,catboost,summer_2024,663,27,12.168910198681692,11.0,1.1689101986816919
stachus,catboost,summer_2024,664,27,11.467637345520302,9.0,2.467637345520302
stachus,catboost,summer_2024,665,27,10.176031518030882,8.0,2.1760315180308822
stachus,catboost,summer_2024,666,27,9.654779056566055,8.333333333333334,1.3214457232327206
stachus,catboost,summer_2024,667,27,9.30624605050073,9.0,0.3062460505007305
stachus,catboost,summer_2024,668,27,9.036509856490028,9.0,0.036509856490027914
stachus,catboost,summer_2024,669,27,8.495007428551911,8.0,0.4950074285519115
stachus,catboost,summer_2024,670,27,7.8098972523168575,8.0,0.1901027476831425
stachus,catboost,summer_2024,671,27,7.842662488656141,10.0,2.157337511343859
stachus,catboost,summer_2024,672,28,8.067310230448776,11.0,2.9326897695512244
stachus,catboost,summer_2024,673,28,8.341478390351863,12.0,3.6585216096481368
stachus,catboost,summer_2024,674,28,8.86576694189017,13.0,4.13423305810983
stachus,catboost,summer_2024,675,28,9.421868428658971,13.0,3.5781315713410287
stachus,catboost,summer_2024,676,28,10.628172615431597,14.0,3.3718273845684035
stachus,catboost,summer_2024,677,28,12.616120616066574,16.0,3.383879383933426
stachus,catboost,summer_2024,678,28,14.782841427818088,19.0,4.217158572181912
stachus,catboost,summer_2024,679,28,15.859862618651336,18.0,2.140137381348664
stachus,catboost,summer_2024,680,28,15.809726841413518,17.0,1.190273158586482
stachus,catboost,summer_2024,681,28,15.979901859095687,16.0,0.020098140904313055
stachus,catboost,summer_2024,682,28,15.304754567552486,13.0,2.304754567552486
stachus,catboost,summer_2024,683,28,14.435196996643377,11.0,3.435196996643377
stachus,catboost,summer_2024,684,28,14.097480120788816,12.0,2.0974801207888163
stachus,catboost,summer_2024,685,28,15.12961696284049,15.0,0.1296169628404904
stachus,catboost,summer_2024,686,28,15.227389640035096,14.0,1.2273896400350957
stachus,catboost,summer_2024,687,28,14.166998938313363,12.0,2.1669989383133625
stachus,catboost,summer_2024,688,28,13.345073077541127,12.0,1.3450730775411266
stachus,catboost,summer_2024,689,28,12.652758758846538,12.0,0.652758758846538
stachus,catboost,summer_2024,690,28,12.741896821160612,11.0,1.741896821160612
stachus,catboost,summer_2024,691,28,12.48629431111898,10.0,2.4862943111189804
stachus,catboost,summer_2024,692,28,11.827516351114326,10.0,1.8275163511143262
stachus,catboost,summer_2024,693,28,11.498532395023972,10.0,1.4985323950239717
stachus,catboost,summer_2024,694,28,12.115695952613603,10.0,2.1156959526136028
stachus,catboost,summer_2024,695,28,12.323397233941686,10.0,2.3233972339416855
stachus,catboost,summer_2024,696,29,12.428200405066576,10.0,2.428200405066576
stachus,catboost,summer_2024,697,29,12.658049752240325,11.0,1.6580497522403252
stachus,catboost,summer_2024,698,29,13.709641831458207,12.0,1.7096418314582067
stachus,catboost,summer_2024,699,29,14.17371302004981,13.0,1.17371302004981
stachus,catboost,summer_2024,700,29,14.38498747306516,13.0,1.3849874730651592
stachus,catboost,summer_2024,701,29,11.774940542496354,9.0,2.7749405424963545
stachus,catboost,summer_2024,702,29,9.169763132175957,7.0,2.169763132175957
stachus,catboost,summer_2024,703,29,8.125138553238207,5.0,3.125138553238207
stachus,catboost,summer_2024,704,29,7.17292499934012,4.0,3.17292499934012
stachus,catboost,summer_2024,705,29,7.040154634768832,4.0,3.0401546347688324
stachus,catboost,summer_2024,706,29,7.398748501184601,6.0,1.3987485011846008
stachus,catboost,summer_2024,707,29,7.892629008388026,6.0,1.8926290083880257
stachus,catboost,summer_2024,708,29,7.613342478686886,5.0,2.613342478686886
stachus,catboost,summer_2024,709,29,7.667809413887954,6.0,1.6678094138879542
stachus,catboost,summer_2024,710,29,8.100713385748099,6.0,2.100713385748099
stachus,catboost,summer_2024,711,29,8.571629840384306,6.0,2.571629840384306
stachus,catboost,summer_2024,712,29,8.297455616794402,6.0,2.2974556167944016
stachus,catboost,summer_2024,713,29,8.135141283923009,6.0,2.1351412839230086
stachus,catboost,summer_2024,714,29,8.095874989052213,6.0,2.095874989052213
stachus,catboost,summer_2024,715,29,8.118966050212194,7.0,1.1189660502121939
stachus,catboost,summer_2024,716,29,8.103419707990529,6.0,2.103419707990529
stachus,catboost,summer_2024,717,29,8.488780402195419,8.0,0.4887804021954185
stachus,catboost,summer_2024,718,29,8.764911253699676,9.0,0.23508874630032395
stachus,catboost,summer_2024,719,29,8.607393982156838,7.0,1.6073939821568377
stachus,catboost,summer_2024,720,30,8.241178657121086,8.0,0.2411786571210861
stachus,catboost,summer_2024,721,30,8.292761203335015,8.0,0.2927612033350151
stachus,catboost,summer_2024,722,30,8.998361804686102,9.0,0.0016381953138981942
stachus,catboost,summer_2024,723,30,9.353175209926878,10.0,0.6468247900731221
stachus,catboost,summer_2024,724,30,9.227566908929111,8.0,1.227566908929111
stachus,catboost,summer_2024,725,30,8.958548344221494,8.0,0.9585483442214944
stachus,catboost,summer_2024,726,30,9.115430375237441,8.0,1.115430375237441
stachus,catboost,summer_2024,727,30,9.443978827931458,9.0,0.44397882793145804
stachus,catboost,summer_2024,728,30,9.45710187914877,7.0,2.4571018791487695
stachus,catboost,summer_2024,729,30,9.065561818547442,6.0,3.065561818547442
stachus,catboost,summer_2024,730,30,9.252451037699124,8.0,1.2524510376991245
stachus,catboost,summer_2024,731,30,11.071561924178045,11.0,0.07156192417804519
stachus,catboost,summer_2024,732,30,11.621835926935344,10.0,1.6218359269353435
stachus,catboost,summer_2024,733,30,11.99388986875835,9.0,2.99388986875835
stachus,catboost,summer_2024,734,30,13.089514737475849,12.0,1.0895147374758487
stachus,catboost,summer_2024,735,30,15.124195291299804,17.0,1.8758047087001959
stachus,catboost,summer_2024,736,30,15.610007741279922,13.0,2.6100077412799223
stachus,catboost,summer_2024,737,30,13.553206732831667,10.0,3.5532067328316668
stachus,catboost,summer_2024,738,30,12.135333340766067,9.0,3.135333340766067
stachus,catboost,summer_2024,739,30,10.77107413741484,8.0,2.771074137414841
stachus,catboost,summer_2024,740,30,10.260468091561586,8.0,2.2604680915615862
stachus,catboost,summer_2024,741,30,10.161217775033188,8.0,2.1612177750331885
stachus,catboost,summer_2024,742,30,9.92310749229617,9.0,0.92310749229617
stachus,catboost,summer_2024,743,30,10.93621343782916,10.0,0.93621343782916
stachus,catboost,summer_2024,744,31,11.008861532258328,9.0,2.0088615322583276
stachus,catboost,summer_2024,745,31,10.628717055612794,9.0,1.6287170556127943
stachus,catboost,summer_2024,746,31,10.53070253915036,10.0,0.5307025391503597
stachus,catboost,summer_2024,747,31,10.31104955740813,10.0,0.3110495574081291
stachus,catboost,summer_2024,748,31,9.470500864661336,7.0,2.470500864661336
stachus,catboost,summer_2024,749,31,8.56641590045333,6.0,2.5664159004533307
stachus,catboost,summer_2024,750,31,8.385436022613202,7.0,1.3854360226132023
stachus,catboost,summer_2024,751,31,9.047272213987895,9.0,0.047272213987895384
stachus,catboost,summer_2024,752,31,9.10798018143393,8.0,1.1079801814339305
stachus,catboost,summer_2024,753,31,9.27197280049836,8.0,1.2719728004983608
stachus,catboost,summer_2024,754,31,10.043134324304683,9.0,1.043134324304683
stachus,catboost,summer_2024,755,31,10.4113747339147,9.0,1.4113747339147
stachus,catboost,summer_2024,756,31,9.759804094760947,7.0,2.7598040947609466
stachus,catboost,summer_2024,757,31,9.161005993542691,6.0,3.161005993542691
stachus,catboost,summer_2024,758,31,8.883104985807,7.0,1.883104985807
stachus,catboost,summer_2024,759,31,9.003387317926205,6.0,3.0033873179262045
stachus,catboost,summer_2024,760,31,8.741766469238978,5.0,3.7417664692389785
stachus,catboost,summer_2024,761,31,8.7070672060453,6.0,2.7070672060453003
stachus,catboost,summer_2024,762,31,9.589291640156858,7.0,2.5892916401568584
stachus,catboost,summer_2024,763,31,10.201944550426921,7.0,3.201944550426921
stachus,catboost,summer_2024,764,31,9.506682900515859,8.0,1.5066829005158588
stachus,catboost,summer_2024,765,31,9.162509248963271,9.0,0.16250924896327135
stachus,catboost,summer_2024,766,31,8.898680119901844,7.0,1.8986801199018437
stachus,catboost,summer_2024,767,31,8.47606099773535,7.0,1.4760609977353507
stachus,catboost,summer_2024,768,32,8.273017952285914,7.0,1.2730179522859135
stachus,catboost,summer_2024,769,32,9.707294515589403,10.0,0.29270548441059674
stachus,catboost,summer_2024,770,32,9.704023130912505,7.0,2.704023130912505
stachus,catboost,summer_2024,771,32,10.075493198824288,9.0,1.0754931988242884
stachus,catboost,summer_2024,772,32,11.150096545824148,14.0,2.849903454175852
stachus,catboost,summer_2024,773,32,11.961990201526483,13.0,1.0380097984735173
stachus,catboost,summer_2024,774,32,11.86963815291511,12.0,0.13036184708488996
stachus,catboost,summer_2024,775,32,12.057974733307072,12.0,0.0579747333070717
stachus,catboost,summer_2024,776,32,12.301157385292294,12.0,0.30115738529229397
stachus,catboost,summer_2024,777,32,13.733681639948328,14.0,0.2663183600516721
stachus,catboost,summer_2024,778,32,14.075907657635526,14.0,0.07590765763552554
stachus,catboost,summer_2024,779,32,10.640003077010697,6.0,4.640003077010697
stachus,catboost,summer_2024,780,32,9.348037712123542,6.0,3.348037712123542
stachus,catboost,summer_2024,781,32,9.44693829168455,8.0,1.4469382916845497
stachus,catboost,summer_2024,782,32,9.702154317182924,8.0,1.7021543171829236
stachus,catboost,summer_2024,783,32,9.661079895798986,7.0,2.661079895798986
stachus,catboost,summer_2024,784,32,9.245400298410154,8.0,1.2454002984101535
stachus,catboost,summer_2024,785,32,8.699717400923857,8.0,0.6997174009238574
stachus,catboost,summer_2024,786,32,8.305781620035043,8.0,0.3057816200350434
stachus,catboost,summer_2024,787,32,8.235421724663123,8.0,0.23542172466312294
stachus,catboost,summer_2024,788,32,7.80354683903295,7.0,0.8035468390329497
stachus,catboost,summer_2024,789,32,7.916001791739819,8.0,0.0839982082601809
stachus,catboost,summer_2024,790,32,7.782730859597821,8.0,0.2172691404021787
stachus,catboost,summer_2024,791,32,7.628568498875375,8.0,0.37143150112462475
stachus,catboost,summer_2024,792,33,7.612409961560846,7.0,0.6124099615608456
stachus,catboost,summer_2024,793,33,7.74851682665399,8.0,0.2514831733460099
stachus,catboost,summer_2024,794,33,8.048445906597983,9.0,0.9515540934020166
stachus,catboost,summer_2024,795,33,8.268705344753307,9.0,0.7312946552466926
stachus,catboost,summer_2024,796,33,8.500104591520751,9.0,0.49989540847924907
stachus,catboost,summer_2024,797,33,8.45853607778717,9.0,0.5414639222128308
stachus,catboost,summer_2024,798,33,8.59383531752735,8.0,0.5938353175273505
stachus,catboost,summer_2024,799,33,8.25638301674333,8.0,0.25638301674332986
stachus,catboost,summer_2024,800,33,8.132098259426462,7.0,1.1320982594264617
stachus,catboost,summer_2024,801,33,7.650778841116177,6.0,1.6507788411161766
stachus,catboost,summer_2024,802,33,7.934540692285137,6.0,1.934540692285137
stachus,catboost,summer_2024,803,33,8.009135764843524,7.0,1.0091357648435242
stachus,catboost,summer_2024,804,33,8.187699928330902,7.0,1.1876999283309022
stachus,catboost,summer_2024,805,33,8.019849460550644,6.0,2.0198494605506436
stachus,catboost,summer_2024,806,33,7.907156722029983,6.0,1.907156722029983
stachus,catboost,summer_2024,807,33,8.200040605908413,7.0,1.2000406059084128
stachus,catboost,summer_2024,808,33,8.08245864101854,6.0,2.0824586410185404
stachus,catboost,summer_2024,809,33,7.6141102276442645,5.0,2.6141102276442645
stachus,catboost,summer_2024,810,33,7.475007274724181,5.0,2.475007274724181
stachus,catboost,summer_2024,811,33,7.773993875763366,5.0,2.7739938757633658
stachus,catboost,summer_2024,812,33,7.819171215191931,6.0,1.8191712151919308
stachus,catboost,summer_2024,813,33,7.728175345305086,6.0,1.728175345305086
stachus,catboost,summer_2024,814,33,7.558331518351797,6.0,1.558331518351797
stachus,catboost,summer_2024,815,33,7.336899893750493,7.0,0.336899893750493
stachus,catboost,summer_2024,816,34,7.692658128772513,8.0,0.3073418712274867
stachus,catboost,summer_2024,817,34,7.407630795342722,7.0,0.4076307953427216
stachus,catboost,summer_2024,818,34,7.334630999028192,7.0,0.3346309990281924
stachus,catboost,summer_2024,819,34,7.374760223670829,7.0,0.37476022367082873
stachus,catboost,summer_2024,820,34,7.292221593559834,6.0,1.2922215935598338
stachus,catboost,summer_2024,821,34,7.863075824783969,7.0,0.8630758247839694
stachus,catboost,summer_2024,822,34,8.579408022187733,8.0,0.5794080221877334
stachus,catboost,summer_2024,823,34,9.54273866205717,10.0,0.4572613379428301
stachus,catboost,summer_2024,824,34,9.683559801221403,9.0,0.6835598012214028
stachus,catboost,summer_2024,825,34,9.833668047000886,9.0,0.8336680470008861
stachus,catboost,summer_2024,826,34,10.253267723714211,10.0,0.25326772371421136
stachus,catboost,summer_2024,827,34,11.029954547340406,10.0,1.029954547340406
stachus,catboost,summer_2024,828,34,11.211198224249594,10.0,1.2111982242495944
stachus,catboost,summer_2024,829,34,11.216167823364211,11.0,0.21616782336421103
stachus,catboost,summer_2024,830,34,11.783764936255253,11.0,0.7837649362552526
stachus,catboost,summer_2024,831,34,11.756380403427519,10.0,1.756380403427519
stachus,catboost,summer_2024,832,34,10.73428159969318,10.0,0.7342815996931797
stachus,catboost,summer_2024,833,34,9.706121833787446,9.0,0.7061218337874458
stachus,catboost,summer_2024,834,34,8.741422206905243,8.0,0.7414222069052432
stachus,catboost,summer_2024,835,34,8.163601422634606,8.0,0.1636014226346063
stachus,catboost,summer_2024,836,34,8.016188554527025,8.0,0.016188554527024834
stachus,catboost,summer_2024,837,34,8.120842365287091,8.0,0.12084236528709091
stachus,catboost,summer_2024,838,34,7.575127856760199,7.0,0.575127856760199
stachus,catboost,summer_2024,839,34,7.421578689435803,7.0,0.4215786894358029
stachus,catboost,summer_2024,840,35,6.994646794059005,6.0,0.9946467940590047
stachus,catboost,summer_2024,841,35,6.88324421027848,6.0,0.8832442102784803
stachus,catboost,summer_2024,842,35,7.435547798895405,8.0,0.5644522011045954
stachus,catboost,summer_2024,843,35,8.110756183591693,8.0,0.11075618359169326
stachus,catboost,summer_2024,844,35,8.628359211024662,9.0,0.3716407889753377
stachus,catboost,summer_2024,845,35,9.129647554317252,10.0,0.870352445682748
stachus,catboost,summer_2024,846,35,9.289810322970801,10.0,0.7101896770291987
stachus,catboost,summer_2024,847,35,9.599297991005317,10.0,0.4007020089946831
stachus,catboost,summer_2024,848,35,9.262609100087406,9.0,0.26260910008740623
stachus,catboost,summer_2024,849,35,9.464072325798291,9.0,0.4640723257982913
stachus,catboost,summer_2024,850,35,9.648115284040205,10.0,0.35188471595979465
stachus,catboost,summer_2024,851,35,9.656925529113726,9.0,0.6569255291137264
stachus,catboost,summer_2024,852,35,9.867660809681709,9.0,0.8676608096817091
stachus,catboost,summer_2024,853,35,10.356684371725107,11.0,0.6433156282748929
stachus,catboost,summer_2024,854,35,11.325563421873735,12.0,0.6744365781262651
stachus,catboost,summer_2024,855,35,11.520595235094504,11.0,0.520595235094504
stachus,catboost,summer_2024,856,35,12.31884003406365,12.0,0.31884003406364947
stachus,catboost,summer_2024,857,35,12.849832139122995,12.6,0.2498321391229954
stachus,catboost,summer_2024,858,35,13.363702440085492,13.2,0.16370244008549228
stachus,catboost,summer_2024,859,35,13.609016709172895,13.8,0.19098329082710563
stachus,catboost,summer_2024,860,35,13.032763142559013,14.4,1.3672368574409877
stachus,catboost,summer_2024,861,35,12.673871385987285,15.0,2.326128614012715
stachus,catboost,summer_2024,862,35,11.226254084254467,13.0,1.7737459157455326
stachus,catboost,summer_2024,863,35,8.293872434529652,7.0,1.2938724345296517
stachus,catboost,summer_2024,864,36,6.986838860013225,7.0,0.013161139986775261
stachus,catboost,summer_2024,865,36,5.941385070690787,7.0,1.058614929309213
stachus,catboost,summer_2024,866,36,5.70942374485221,7.0,1.2905762551477897
stachus,catboost,summer_2024,867,36,5.511225657127257,6.0,0.4887743428727429
stachus,catboost,summer_2024,868,36,5.508775851092673,6.0,0.49122414890732724
stachus,catboost,summer_2024,869,36,6.365824078573828,8.0,1.6341759214261717
stachus,catboost,summer_2024,870,36,6.582778603763159,9.0,2.417221396236841
stachus,catboost,summer_2024,871,36,5.823628877208223,6.0,0.17637112279177725
stachus,catboost,summer_2024,872,36,5.497654436390125,5.0,0.49765443639012474
stachus,catboost,summer_2024,873,36,5.820461239317423,5.0,0.8204612393174227
stachus,catboost,summer_2024,874,36,6.1135785954751345,5.0,1.1135785954751345
stachus,catboost,summer_2024,875,36,6.298580108080809,6.0,0.2985801080808086
stachus,catboost,summer_2024,876,36,6.6652720512485235,7.0,0.3347279487514765
stachus,catboost,summer_2024,877,36,7.466875535171905,8.0,0.5331244648280951
stachus,catboost,summer_2024,878,36,8.648523276290256,9.0,0.3514767237097445
stachus,catboost,summer_2024,879,36,9.418718902085867,8.0,1.4187189020858675
stachus,catboost,summer_2024,880,36,10.09995681308455,6.0,4.09995681308455
stachus,catboost,summer_2024,881,36,10.206995706656151,8.0,2.2069957066561514
stachus,catboost,summer_2024,882,36,10.251895314919997,10.0,0.25189531491999695
stachus,catboost,summer_2024,883,36,10.878103905171622,9.0,1.8781039051716224
stachus,catboost,summer_2024,884,36,11.578899443730943,11.0,0.5788994437309434
stachus,catboost,summer_2024,885,36,10.10935532920994,7.0,3.10935532920994
stachus,catboost,summer_2024,886,36,8.809152152744867,8.0,0.8091521527448666
stachus,catboost,summer_2024,887,36,9.334701439240725,9.0,0.3347014392407246
stachus,catboost,summer_2024,888,37,8.441682814738648,8.0,0.44168281473864823
stachus,catboost,summer_2024,889,37,7.271104167382756,5.0,2.271104167382756
stachus,catboost,summer_2024,890,37,8.421973328686187,5.0,3.421973328686187
stachus,catboost,summer_2024,891,37,9.414551818649626,8.0,1.4145518186496258
stachus,catboost,summer_2024,892,37,11.080988267768518,13.0,1.919011732231482
stachus,catboost,summer_2024,893,37,11.707218681257702,11.0,0.7072186812577019
stachus,catboost,summer_2024,894,37,10.727049001434805,10.0,0.7270490014348052
stachus,catboost,summer_2024,895,37,10.200842395805644,9.0,1.200842395805644
stachus,catboost,summer_2024,896,37,10.417923324877506,12.0,1.5820766751224937
stachus,catboost,summer_2024,897,37,10.532422630986407,10.0,0.5324226309864066
stachus,catboost,summer_2024,898,37,10.569531451628944,9.0,1.5695314516289436
stachus,catboost,summer_2024,899,37,10.883464746672322,9.0,1.8834647466723222
stachus,catboost,summer_2024,900,37,10.404962351973431,8.0,2.404962351973431
stachus,catboost,summer_2024,901,37,9.81260544514879,7.0,2.8126054451487903
stachus,catboost,summer_2024,902,37,10.140358513428136,7.0,3.1403585134281364
stachus,catboost,summer_2024,903,37,10.338554707136005,7.0,3.338554707136005
stachus,catboost,summer_2024,904,37,10.443415764546575,8.0,2.4434157645465753
stachus,catboost,summer_2024,905,37,9.036730898177838,7.0,2.0367308981778383
stachus,catboost,summer_2024,906,37,8.605959758858916,7.0,1.6059597588589156
stachus,catboost,summer_2024,907,37,7.947719687185262,6.0,1.9477196871852618
stachus,catboost,summer_2024,908,37,7.750058339960649,5.0,2.750058339960649
stachus,catboost,summer_2024,909,37,8.843210341272059,9.0,0.15678965872794137
stachus,catboost,summer_2024,910,37,8.384442008922292,7.0,1.3844420089222922
stachus,catboost,summer_2024,911,37,7.250645948177411,6.0,1.2506459481774108
stachus,catboost,summer_2024,912,38,7.457711406034845,8.0,0.5422885939651554
stachus,catboost,summer_2024,913,38,6.891138055815167,6.0,0.8911380558151674
stachus,catboost,summer_2024,914,38,7.389703785313252,8.0,0.6102962146867483
stachus,catboost,summer_2024,915,38,7.68247420709193,8.0,0.3175257929080697
stachus,catboost,summer_2024,916,38,9.79565524221863,14.0,4.204344757781371
stachus,catboost,summer_2024,917,38,9.187637238248975,8.0,1.1876372382489748
stachus,catboost,summer_2024,918,38,9.946336028794489,13.0,3.053663971205511
stachus,catboost,summer_2024,919,38,9.451611033817807,11.0,1.548388966182193
stachus,catboost,summer_2024,920,38,9.262968674959179,10.0,0.7370313250408209
stachus,catboost,summer_2024,921,38,9.42750987171026,8.0,1.4275098717102601
stachus,catboost,summer_2024,922,38,9.218820677520855,8.0,1.2188206775208545
stachus,catboost,summer_2024,923,38,8.852161277887223,7.0,1.8521612778872232
stachus,catboost,summer_2024,924,38,8.884642507080676,8.0,0.8846425070806756
stachus,catboost,summer_2024,925,38,9.555938355158307,10.0,0.4440616448416925
stachus,catboost,summer_2024,926,38,9.703178010480745,10.0,0.2968219895192554
stachus,catboost,summer_2024,927,38,9.16768575668816,8.0,1.1676857566881598
stachus,catboost,summer_2024,928,38,8.763521678359442,7.0,1.7635216783594423
stachus,catboost,summer_2024,929,38,8.186960132493232,6.0,2.1869601324932315
stachus,catboost,summer_2024,930,38,7.445714289853255,5.0,2.445714289853255
stachus,catboost,summer_2024,931,38,7.445352319929432,6.0,1.445352319929432
stachus,catboost,summer_2024,932,38,7.80207044643953,7.0,0.8020704464395303
stachus,catboost,summer_2024,933,38,8.06282547796677,8.0,0.0628254779667703
stachus,catboost,summer_2024,934,38,8.390794998234444,9.0,0.6092050017655559
stachus,catboost,summer_2024,935,38,7.900282876207018,8.0,0.09971712379298214
stachus,catboost,summer_2024,936,39,7.77362975424777,8.0,0.2263702457522303
stachus,catboost,summer_2024,937,39,9.148765273488147,12.0,2.851234726511853
stachus,catboost,summer_2024,938,39,9.194344181900304,9.0,0.19434418190030378
stachus,catboost,summer_2024,939,39,8.704126218587497,8.0,0.704126218587497
stachus,catboost,summer_2024,940,39,8.879315655048462,9.0,0.12068434495153824
stachus,catboost,summer_2024,941,39,10.844961704107451,12.0,1.155038295892549
stachus,catboost,summer_2024,942,39,13.099321391480373,14.0,0.9006786085196268
stachus,catboost,summer_2024,943,39,16.086611680191606,19.0,2.9133883198083943
stachus,catboost,summer_2024,944,39,19.64712715197772,24.0,4.35287284802228
stachus,catboost,summer_2024,945,39,19.374888180612448,20.0,0.625111819387552
stachus,catboost,summer_2024,946,39,18.717036616453345,16.0,2.7170366164533455
stachus,catboost,summer_2024,947,39,18.57678594665734,18.0,0.5767859466573384
stachus,catboost,summer_2024,948,39,18.045613390558835,19.0,0.9543866094411655
stachus,catboost,summer_2024,949,39,16.84597067186902,16.0,0.8459706718690185
stachus,catboost,summer_2024,950,39,16.83011576405386,14.0,2.8301157640538612
stachus,catboost,summer_2024,951,39,15.089164569130155,9.0,6.089164569130155
stachus,catboost,summer_2024,952,39,12.158791692411247,8.0,4.158791692411247
stachus,catboost,summer_2024,953,39,10.529979198764082,9.0,1.5299791987640816
stachus,catboost,summer_2024,954,39,10.134826450970664,10.0,0.1348264509706638
stachus,catboost,summer_2024,955,39,9.997511299877203,11.0,1.0024887001227967
stachus,catboost,summer_2024,956,39,9.324523020363829,9.0,0.32452302036382896
stachus,catboost,summer_2024,957,39,8.935735338848199,9.0,0.0642646611518014
stachus,catboost,summer_2024,958,39,8.489993939548095,9.0,0.5100060604519054
stachus,catboost,summer_2024,959,39,7.637105639122715,8.0,0.3628943608772852
stachus,catboost,summer_2024,960,40,7.02233866218915,7.0,0.02233866218915015
stachus,catboost,summer_2024,961,40,6.614337131436729,6.0,0.614337131436729
stachus,catboost,summer_2024,962,40,6.389095463592762,7.0,0.6109045364072383
stachus,catboost,summer_2024,963,40,6.484218667798913,7.0,0.5157813322010867
stachus,catboost,summer_2024,964,40,7.924025822964646,8.0,0.07597417703535392
stachus,catboost,summer_2024,965,40,9.408938283198289,10.0,0.5910617168017112
stachus,catboost,summer_2024,966,40,10.714694912914322,11.0,0.28530508708567837
stachus,catboost,summer_2024,967,40,11.141735604008383,11.0,0.14173560400838348
stachus,catboost,summer_2024,968,40,10.961900322643015,10.0,0.9619003226430145
stachus,catboost,summer_2024,969,40,10.80528258399054,8.0,2.8052825839905395
stachus,catboost,summer_2024,970,40,10.873722321299418,8.0,2.873722321299418
stachus,catboost,summer_2024,971,40,11.110777517018807,8.0,3.110777517018807
stachus,catboost,summer_2024,972,40,11.104863343125869,9.0,2.104863343125869
stachus,catboost,summer_2024,973,40,11.614846777455224,10.0,1.6148467774552238
stachus,catboost,summer_2024,974,40,12.061478834204243,10.0,2.0614788342042427
stachus,catboost,summer_2024,975,40,12.160162531690162,9.0,3.160162531690162
stachus,catboost,summer_2024,976,40,12.21240918032961,10.0,2.21240918032961
stachus,catboost,summer_2024,977,40,11.462350471267158,10.0,1.4623504712671576
stachus,catboost,summer_2024,978,40,11.012424682480502,8.0,3.0124246824805017
stachus,catboost,summer_2024,979,40,11.27278428335357,8.0,3.2727842833535696
stachus,catboost,summer_2024,980,40,11.943771703826936,12.0,0.056228296173063796
stachus,catboost,summer_2024,981,40,12.481423670151068,14.0,1.5185763298489316
stachus,catboost,summer_2024,982,40,11.686719157725053,12.0,0.31328084227494735
stachus,catboost,summer_2024,983,40,11.56146796879169,13.0,1.4385320312083092
stachus,catboost,summer_2024,984,41,11.03398225309198,10.0,1.0339822530919793
stachus,catboost,summer_2024,985,41,10.318682104263702,10.0,0.31868210426370247
stachus,catboost,summer_2024,986,41,10.52549091397891,11.0,0.4745090860210901
stachus,catboost,summer_2024,987,41,10.775326134153426,11.0,0.22467386584657412
stachus,catboost,summer_2024,988,41,11.747043252821886,14.0,2.2529567471781142
stachus,catboost,summer_2024,989,41,12.008286627642184,14.0,1.9917133723578164
stachus,catboost,summer_2024,990,41,12.85991792533207,14.0,1.14008207466793
stachus,catboost,summer_2024,991,41,13.551691325797151,13.0,0.551691325797151
stachus,catboost,summer_2024,992,41,13.866152400090268,15.0,1.133847599909732
stachus,catboost,summer_2024,993,41,14.885927994989176,19.0,4.114072005010824
stachus,catboost,summer_2024,994,41,14.74890150107058,17.0,2.2510984989294194
stachus,catboost,summer_2024,995,41,13.350672444972792,14.0,0.6493275550272077
stachus,catboost,summer_2024,996,41,12.443669802441494,13.0,0.5563301975585055
stachus,catboost,summer_2024,997,41,11.388562503084144,11.0,0.38856250308414353
stachus,catboost,summer_2024,998,41,11.96874916504008,13.0,1.0312508349599199
stachus,catboost,summer_2024,999,41,11.468748986880732,10.0,1.4687489868807315
stachus,catboost,summer_2024,1000,41,10.58038794510818,10.0,0.5803879451081801
stachus,catboost,summer_2024,1001,41,9.414835997236665,7.0,2.414835997236665
stachus,catboost,summer_2024,1002,41,8.508565160099892,7.0,1.5085651600998915
stachus,catboost,summer_2024,1003,41,8.32950991341421,8.0,0.3295099134142099
stachus,catboost,summer_2024,1004,41,7.970220376691049,8.0,0.029779623308950676
stachus,catboost,summer_2024,1005,41,7.854580131234152,8.0,0.14541986876584811
stachus,catboost,summer_2024,1006,41,7.6302139536200375,8.0,0.3697860463799625
stachus,catboost,summer_2024,1007,41,7.519686706766985,9.0,1.4803132932330154
stachus,catboost,summer_2024,1008,42,7.5253851796942195,8.0,0.4746148203057805
stachus,catboost,summer_2024,1009,42,7.785355132410221,9.0,1.2146448675897794
stachus,catboost,summer_2024,1010,42,9.35511583918248,10.0,0.6448841608175204
stachus,catboost,summer_2024,1011,42,7.6034541983641715,6.0,1.6034541983641715
stachus,catboost,summer_2024,1012,42,6.296751009250165,5.0,1.2967510092501646
stachus,catboost,summer_2024,1013,42,6.228562609147725,7.0,0.7714373908522747
stachus,catboost,summer_2024,1014,42,5.508446238891927,5.0,0.5084462388919269
stachus,catboost,summer_2024,1015,42,5.144669462796393,5.0,0.1446694627963927
stachus,catboost,summer_2024,1016,42,5.102604945767587,4.0,1.1026049457675873
stachus,catboost,autumn_2024,0,0,5.470337030179922,5.0,0.47033703017992234
stachus,catboost,autumn_2024,1,0,5.237620923161539,3.0,2.237620923161539
stachus,catboost,autumn_2024,2,0,4.7023505884589785,3.0,1.7023505884589785
stachus,catboost,autumn_2024,3,0,4.487373507393836,3.0,1.4873735073938361
stachus,catboost,autumn_2024,4,0,4.518392985268672,3.0,1.5183929852686724
stachus,catboost,autumn_2024,5,0,5.40121748776252,6.0,0.5987825122374799
stachus,catboost,autumn_2024,6,0,7.874387393927302,11.0,3.125612606072698
stachus,catboost,autumn_2024,7,0,7.563582896442476,6.0,1.563582896442476
stachus,catboost,autumn_2024,8,0,7.031108617659083,6.0,1.0311086176590827
stachus,catboost,autumn_2024,9,0,6.690699667573941,6.0,0.6906996675739414
stachus,catboost,autumn_2024,10,0,7.054085398862412,8.0,0.9459146011375879
stachus,catboost,autumn_2024,11,0,8.244411317335002,10.0,1.7555886826649978
stachus,catboost,autumn_2024,12,0,9.194445676333544,12.0,2.805554323666456
stachus,catboost,autumn_2024,13,0,8.83553936889987,9.0,0.16446063110013043
stachus,catboost,autumn_2024,14,0,8.328358271791181,7.0,1.3283582717911813
stachus,catboost,autumn_2024,15,0,8.032783304831407,7.0,1.0327833048314066
stachus,catboost,autumn_2024,16,0,7.713127221045372,7.0,0.7131272210453723
stachus,catboost,autumn_2024,17,0,6.524600570976136,4.0,2.524600570976136
stachus,catboost,autumn_2024,18,0,6.4458589607839265,7.0,0.5541410392160735
stachus,catboost,autumn_2024,19,0,6.653824150399415,7.0,0.3461758496005851
stachus,catboost,autumn_2024,20,0,6.183928508811239,4.0,2.1839285088112392
stachus,catboost,autumn_2024,21,0,6.646709079428415,6.0,0.6467090794284154
stachus,catboost,autumn_2024,22,0,7.068589909707033,7.0,0.0685899097070326
stachus,catboost,autumn_2024,23,0,6.664128001031111,6.0,0.664128001031111
stachus,catboost,autumn_2024,24,1,6.631561513399586,6.0,0.6315615133995864
stachus,catboost,autumn_2024,25,1,6.689263238429058,9.0,2.3107367615709418
stachus,catboost,autumn_2024,26,1,7.482421094587423,12.0,4.517578905412577
stachus,catboost,autumn_2024,27,1,7.786671636035711,11.0,3.2133283639642887
stachus,catboost,autumn_2024,28,1,7.1343123486853255,8.0,0.8656876513146745
stachus,catboost,autumn_2024,29,1,6.250492842128136,6.0,0.2504928421281356
stachus,catboost,autumn_2024,30,1,6.028225370010725,7.0,0.9717746299892749
stachus,catboost,autumn_2024,31,1,4.869548753664574,3.0,1.8695487536645743
stachus,catboost,autumn_2024,32,1,4.869955029292448,4.0,0.8699550292924476
stachus,catboost,autumn_2024,33,1,4.545408783559424,4.0,0.5454087835594237
stachus,catboost,autumn_2024,34,1,3.9261197641990506,2.0,1.9261197641990506
stachus,catboost,autumn_2024,35,1,3.807621508116056,2.0,1.807621508116056
stachus,catboost,autumn_2024,36,1,3.4160428809106076,3.0,0.4160428809106076
stachus,catboost,autumn_2024,37,1,3.952087214738661,8.0,4.047912785261339
stachus,catboost,autumn_2024,38,1,4.01170049825277,3.0,1.01170049825277
stachus,catboost,autumn_2024,39,1,4.591137897909006,5.0,0.4088621020909944
stachus,catboost,autumn_2024,40,1,5.059045712023636,6.0,0.9409542879763642
stachus,catboost,autumn_2024,41,1,5.483308606335502,6.0,0.5166913936644981
stachus,catboost,autumn_2024,42,1,6.244464456735729,7.0,0.755535543264271
stachus,catboost,autumn_2024,43,1,8.4777205392459,12.0,3.522279460754101
stachus,catboost,autumn_2024,44,1,9.00195494349216,10.0,0.9980450565078396
stachus,catboost,autumn_2024,45,1,9.46836816617197,9.0,0.4683681661719703
stachus,catboost,autumn_2024,46,1,10.907730783149562,12.0,1.092269216850438
stachus,catboost,autumn_2024,47,1,11.334453631283353,11.0,0.3344536312833526
stachus,catboost,autumn_2024,48,2,11.624291517990125,10.0,1.624291517990125
stachus,catboost,autumn_2024,49,2,10.299959880405057,9.0,1.2999598804050567
stachus,catboost,autumn_2024,50,2,9.098083126294949,6.0,3.0980831262949486
stachus,catboost,autumn_2024,51,2,7.780089651808585,5.0,2.780089651808585
stachus,catboost,autumn_2024,52,2,7.687982471572232,4.0,3.687982471572232
stachus,catboost,autumn_2024,53,2,8.523510779134494,7.0,1.5235107791344937
stachus,catboost,autumn_2024,54,2,9.121090837124493,8.0,1.121090837124493
stachus,catboost,autumn_2024,55,2,10.69570962659645,10.0,0.6957096265964502
stachus,catboost,autumn_2024,56,2,13.256320682447296,14.0,0.7436793175527043
stachus,catboost,autumn_2024,57,2,13.440634781478373,11.0,2.440634781478373
stachus,catboost,autumn_2024,58,2,12.2594453135863,9.0,3.2594453135862995
stachus,catboost,autumn_2024,59,2,10.831061607952753,8.0,2.831061607952753
stachus,catboost,autumn_2024,60,2,9.20481591769012,6.0,3.2048159176901194
stachus,catboost,autumn_2024,61,2,7.858845634762564,6.0,1.858845634762564
stachus,catboost,autumn_2024,62,2,7.447612535844053,8.0,0.552387464155947
stachus,catboost,autumn_2024,63,2,7.1317967329805825,8.0,0.8682032670194175
stachus,catboost,autumn_2024,64,2,6.976327162959734,7.0,0.023672837040265904
stachus,catboost,autumn_2024,65,2,8.009852352552926,10.0,1.990147647447074
stachus,catboost,autumn_2024,66,2,8.077181128435631,9.0,0.9228188715643686
stachus,catboost,autumn_2024,67,2,7.56141402218826,7.0,0.5614140221882602
stachus,catboost,autumn_2024,68,2,7.997847992439767,9.0,1.002152007560233
stachus,catboost,autumn_2024,69,2,8.063707163778849,10.0,1.936292836221151
stachus,catboost,autumn_2024,70,2,7.558366182135505,8.0,0.44163381786449474
stachus,catboost,autumn_2024,71,2,7.582158294712226,7.0,0.5821582947122259
stachus,catboost,autumn_2024,72,3,7.757746065351397,9.0,1.2422539346486028
stachus,catboost,autumn_2024,73,3,7.931929828853611,11.0,3.068070171146389
stachus,catboost,autumn_2024,74,3,7.44886922460525,8.0,0.5511307753947499
stachus,catboost,autumn_2024,75,3,6.5918964758805805,5.0,1.5918964758805805
stachus,catboost,autumn_2024,76,3,5.563598821655734,4.0,1.5635988216557344
stachus,catboost,autumn_2024,77,3,5.840560362929092,4.0,1.840560362929092
stachus,catboost,autumn_2024,78,3,6.094531292946654,5.0,1.0945312929466544
stachus,catboost,autumn_2024,79,3,6.018953100481767,6.0,0.018953100481766683
stachus,catboost,autumn_2024,80,3,6.494070127791693,7.0,0.5059298722083074
stachus,catboost,autumn_2024,81,3,6.5980373652742355,7.0,0.40196263472576454
stachus,catboost,autumn_2024,82,3,5.75640554932223,5.0,0.7564055493222304
stachus,catboost,autumn_2024,83,3,5.867389020498918,5.0,0.8673890204989183
stachus,catboost,autumn_2024,84,3,5.538912746120163,4.0,1.5389127461201628
stachus,catboost,autumn_2024,85,3,5.118939194991027,4.0,1.118939194991027
stachus,catboost,autumn_2024,86,3,4.64570103566008,3.0,1.64570103566008
stachus,catboost,autumn_2024,87,3,4.31004851238069,4.0,0.31004851238069
stachus,catboost,autumn_2024,88,3,4.518257236788417,4.0,0.5182572367884166
stachus,catboost,autumn_2024,89,3,4.856430607270835,6.0,1.143569392729165
stachus,catboost,autumn_2024,90,3,5.755995921101294,7.0,1.2440040788987057
stachus,catboost,autumn_2024,91,3,6.908384157926832,7.0,0.09161584207316764
stachus,catboost,autumn_2024,92,3,7.353448463289563,7.0,0.35344846328956336
stachus,catboost,autumn_2024,93,3,7.189341178818008,7.0,0.18934117881800816
stachus,catboost,autumn_2024,94,3,6.982577420154806,7.0,0.01742257984519391
stachus,catboost,autumn_2024,95,3,7.933385632421854,9.0,1.066614367578146
stachus,catboost,autumn_2024,96,4,8.713290449460544,8.0,0.7132904494605441
stachus,catboost,autumn_2024,97,4,9.391564534807708,9.0,0.39156453480770814
stachus,catboost,autumn_2024,98,4,10.034782175296668,9.0,1.0347821752966677
stachus,catboost,autumn_2024,99,4,9.429707444128116,8.0,1.4297074441281161
stachus,catboost,autumn_2024,100,4,9.748132485731846,7.0,2.748132485731846
stachus,catboost,autumn_2024,101,4,9.07125506451716,5.0,4.07125506451716
stachus,catboost,autumn_2024,102,4,8.6302073605643,7.0,1.6302073605643006
stachus,catboost,autumn_2024,103,4,8.626276552219123,8.0,0.6262765522191227
stachus,catboost,autumn_2024,104,4,8.540977993428607,6.0,2.5409779934286068
stachus,catboost,autumn_2024,105,4,7.79814992842276,7.0,0.7981499284227596
stachus,catboost,autumn_2024,106,4,6.200424381096968,4.0,2.200424381096968
stachus,catboost,autumn_2024,107,4,5.757362267916101,4.0,1.7573622679161014
stachus,catboost,autumn_2024,108,4,5.681404654810712,5.0,0.681404654810712
stachus,catboost,autumn_2024,109,4,5.526667248402741,6.0,0.4733327515972592
stachus,catboost,autumn_2024,110,4,6.117470941555492,7.0,0.8825290584445078
stachus,catboost,autumn_2024,111,4,6.301564002930997,7.0,0.6984359970690033
stachus,catboost,autumn_2024,112,4,6.595260931388297,7.0,0.40473906861170317
stachus,catboost,autumn_2024,113,4,6.441174275322741,7.0,0.5588257246772592
stachus,catboost,autumn_2024,114,4,7.082057264164273,8.0,0.9179427358357266
stachus,catboost,autumn_2024,115,4,6.445306691852668,6.0,0.445306691852668
stachus,catboost,autumn_2024,116,4,6.070166244157559,6.0,0.07016624415755857
stachus,catboost,autumn_2024,117,4,6.763605163090192,8.0,1.236394836909808
stachus,catboost,autumn_2024,118,4,8.551547595797965,11.0,2.448452404202035
stachus,catboost,autumn_2024,119,4,9.680152046460734,12.0,2.3198479535392664
stachus,catboost,autumn_2024,120,5,11.577819249168822,16.0,4.422180750831178
stachus,catboost,autumn_2024,121,5,13.239014968437493,17.0,3.760985031562507
stachus,catboost,autumn_2024,122,5,11.891139990854754,11.0,0.8911399908547537
stachus,catboost,autumn_2024,123,5,8.27693612324369,6.0,2.27693612324369
stachus,catboost,autumn_2024,124,5,6.836496396525453,6.0,0.8364963965254528
stachus,catboost,autumn_2024,125,5,5.909712370993043,5.0,0.9097123709930433
stachus,catboost,autumn_2024,126,5,6.013436877532126,6.0,0.013436877532125635
stachus,catboost,autumn_2024,127,5,5.732297329709313,6.0,0.26770267029068684
stachus,catboost,autumn_2024,128,5,5.288330874036019,4.0,1.2883308740360189
stachus,catboost,autumn_2024,129,5,4.422311207303887,4.0,0.4223112073038866
stachus,catboost,autumn_2024,130,5,3.852696766548336,3.0,0.8526967665483358
stachus,catboost,autumn_2024,131,5,3.199341908792472,2.0,1.199341908792472
stachus,catboost,autumn_2024,132,5,2.8904473834461433,2.0,0.8904473834461433
stachus,catboost,autumn_2024,133,5,2.847831948884897,2.0,0.8478319488848971
stachus,catboost,autumn_2024,134,5,2.899654380011243,2.0,0.8996543800112429
stachus,catboost,autumn_2024,135,5,3.337127638119455,3.0,0.3371276381194548
stachus,catboost,autumn_2024,136,5,3.584158305114965,3.0,0.5841583051149648
stachus,catboost,autumn_2024,137,5,4.164686098552273,4.0,0.16468609855227268
stachus,catboost,autumn_2024,138,5,5.215980306270836,6.0,0.7840196937291637
stachus,catboost,autumn_2024,139,5,6.2370302396194655,7.0,0.7629697603805345
stachus,catboost,autumn_2024,140,5,6.967020132035258,6.0,0.967020132035258
stachus,catboost,autumn_2024,141,5,7.348510768747927,6.0,1.3485107687479267
stachus,catboost,autumn_2024,142,5,6.917247629648285,4.0,2.917247629648285
stachus,catboost,autumn_2024,143,5,6.047188460545929,4.0,2.0471884605459287
stachus,catboost,autumn_2024,144,6,5.223535435400889,4.0,1.2235354354008887
stachus,catboost,autumn_2024,145,6,4.78932447620977,3.0,1.78932447620977
stachus,catboost,autumn_2024,146,6,4.511998718162206,2.0,2.5119987181622063
stachus,catboost,autumn_2024,147,6,4.0518021128499635,2.0,2.0518021128499635
stachus,catboost,autumn_2024,148,6,3.89269142448944,2.0,1.8926914244894402
stachus,catboost,autumn_2024,149,6,4.5643099768050295,4.0,0.5643099768050295
stachus,catboost,autumn_2024,150,6,5.154960287267729,5.0,0.1549602872677287
stachus,catboost,autumn_2024,151,6,5.168133316762256,3.0,2.1681333167622556
stachus,catboost,autumn_2024,152,6,4.534693734423603,2.0,2.5346937344236027
stachus,catboost,autumn_2024,153,6,4.013794087072281,2.0,2.013794087072281
stachus,catboost,autumn_2024,154,6,4.925839659072837,3.0,1.925839659072837
stachus,catboost,autumn_2024,155,6,5.0007529757474165,2.0,3.0007529757474165
stachus,catboost,autumn_2024,156,6,4.7201413551887725,3.0,1.7201413551887725
stachus,catboost,autumn_2024,157,6,5.7015467247557465,6.0,0.29845327524425347
stachus,catboost,autumn_2024,158,6,6.0003783890617015,4.0,2.0003783890617015
stachus,catboost,autumn_2024,159,6,6.455729140506824,6.0,0.4557291405068238
stachus,catboost,autumn_2024,160,6,6.826258861326565,7.0,0.1737411386734351
stachus,catboost,autumn_2024,161,6,8.292158419230486,10.0,1.7078415807695144
stachus,catboost,autumn_2024,162,6,10.037260882902018,13.0,2.962739117097982
stachus,catboost,autumn_2024,163,6,11.196210305149895,12.0,0.8037896948501047
stachus,catboost,autumn_2024,164,6,12.874414726663108,13.0,0.12558527333689185
stachus,catboost,autumn_2024,165,6,14.361075693388877,16.0,1.6389243066111234
stachus,catboost,autumn_2024,166,6,14.446180086866606,14.0,0.4461800868666064
stachus,catboost,autumn_2024,167,6,13.033388700999575,10.0,3.0333887009995752
stachus,catboost,autumn_2024,168,7,12.090981167832501,10.0,2.090981167832501
stachus,catboost,autumn_2024,169,7,11.692085256705052,9.0,2.6920852567050524
stachus,catboost,autumn_2024,170,7,10.900278698834072,8.0,2.9002786988340716
stachus,catboost,autumn_2024,171,7,11.555716502378509,7.0,4.555716502378509
stachus,catboost,autumn_2024,172,7,10.134605917783867,5.0,5.134605917783867
stachus,catboost,autumn_2024,173,7,9.408323186472872,5.0,4.408323186472872
stachus,catboost,autumn_2024,174,7,10.107645341751713,7.0,3.107645341751713
stachus,catboost,autumn_2024,175,7,10.743128751724958,7.0,3.7431287517249583
stachus,catboost,autumn_2024,176,7,11.94648417835159,8.0,3.9464841783515894
stachus,catboost,autumn_2024,177,7,12.231967807745717,8.0,4.231967807745717
stachus,catboost,autumn_2024,178,7,11.895366194714015,9.0,2.895366194714015
stachus,catboost,autumn_2024,179,7,11.14777640577963,8.0,3.1477764057796307
stachus,catboost,autumn_2024,180,7,11.110993428746614,10.0,1.1109934287466139
stachus,catboost,autumn_2024,181,7,10.611351168837777,9.0,1.6113511688377766
stachus,catboost,autumn_2024,182,7,10.396154754479502,8.0,2.396154754479502
stachus,catboost,autumn_2024,183,7,11.311786963772185,10.0,1.3117869637721853
stachus,catboost,autumn_2024,184,7,11.782206639671085,11.0,0.7822066396710845
stachus,catboost,autumn_2024,185,7,10.429404483543511,8.0,2.429404483543511
stachus,catboost,autumn_2024,186,7,10.19639349426225,9.0,1.1963934942622494
stachus,catboost,autumn_2024,187,7,9.679185215785031,9.0,0.6791852157850311
stachus,catboost,autumn_2024,188,7,9.562832668656718,9.0,0.5628326686567178
stachus,catboost,autumn_2024,189,7,7.6991540834942604,4.0,3.6991540834942604
stachus,catboost,autumn_2024,190,7,5.846211458220107,3.0,2.8462114582201066
stachus,catboost,autumn_2024,191,7,4.42398912065374,1.0,3.42398912065374
stachus,catboost,autumn_2024,192,8,3.855669557940189,1.0,2.855669557940189
stachus,catboost,autumn_2024,193,8,3.1461819231884602,0.5,2.6461819231884602
stachus,catboost,autumn_2024,194,8,2.67329838140998,0.6,2.07329838140998
stachus,catboost,autumn_2024,195,8,2.55259095342248,0.6,1.95259095342248
stachus,catboost,autumn_2024,196,8,2.4552442483220984,0.4,2.0552442483220985
stachus,catboost,autumn_2024,197,8,2.523096565336912,0.9,1.6230965653369123
stachus,catboost,autumn_2024,198,8,3.968579506079365,4.0,0.03142049392063484
stachus,catboost,autumn_2024,199,8,3.690912458936177,2.0,1.690912458936177
stachus,catboost,autumn_2024,200,8,3.287094428114586,1.0,2.287094428114586
stachus,catboost,autumn_2024,201,8,2.8028184155607097,1.0,1.8028184155607097
stachus,catboost,autumn_2024,202,8,2.599982176100548,2.0,0.5999821761005482
stachus,catboost,autumn_2024,203,8,2.541200386884669,2.0,0.5412003868846691
stachus,catboost,autumn_2024,204,8,2.6886982879539962,2.0,0.6886982879539962
stachus,catboost,autumn_2024,205,8,2.6331295983031193,2.0,0.6331295983031193
stachus,catboost,autumn_2024,206,8,2.6704333246152627,2.0,0.6704333246152627
stachus,catboost,autumn_2024,207,8,3.1423142619562245,2.0,1.1423142619562245
stachus,catboost,autumn_2024,208,8,3.6371239635219608,3.0,0.6371239635219608
stachus,catboost,autumn_2024,209,8,4.227531419696196,4.0,0.22753141969619595
stachus,catboost,autumn_2024,210,8,4.959015922278193,5.0,0.04098407772180668
stachus,catboost,autumn_2024,211,8,5.054810235199063,4.0,1.0548102351990627
stachus,catboost,autumn_2024,212,8,5.0748863924317185,4.0,1.0748863924317185
stachus,catboost,autumn_2024,213,8,4.771572342192762,4.0,0.771572342192762
stachus,catboost,autumn_2024,214,8,4.318147053059858,3.0,1.3181470530598576
stachus,catboost,autumn_2024,215,8,3.9662855760005717,3.0,0.9662855760005717
stachus,catboost,autumn_2024,216,9,3.6429593575136607,3.0,0.6429593575136607
stachus,catboost,autumn_2024,217,9,3.379221802204487,3.0,0.3792218022044871
stachus,catboost,autumn_2024,218,9,3.061011481845771,3.0,0.06101148184577099
stachus,catboost,autumn_2024,219,9,2.7594378792948016,2.0,0.7594378792948016
stachus,catboost,autumn_2024,220,9,3.1479703980703864,2.0,1.1479703980703864
stachus,catboost,autumn_2024,221,9,3.009256200597389,2.0,1.009256200597389
stachus,catboost,autumn_2024,222,9,3.1916046425430222,2.0,1.1916046425430222
stachus,catboost,autumn_2024,223,9,2.9667615783127452,2.0,0.9667615783127452
stachus,catboost,autumn_2024,224,9,3.4158946919297177,3.0,0.41589469192971773
stachus,catboost,autumn_2024,225,9,3.1567221634442113,3.0,0.1567221634442113
stachus,catboost,autumn_2024,226,9,3.2738566595332435,3.0,0.27385665953324345
stachus,catboost,autumn_2024,227,9,3.341851394261875,4.0,0.6581486057381252
stachus,catboost,autumn_2024,228,9,3.6329534306364124,4.0,0.3670465693635876
stachus,catboost,autumn_2024,229,9,4.060246925707071,5.0,0.9397530742929288
stachus,catboost,autumn_2024,230,9,4.372936427287505,5.0,0.6270635727124949
stachus,catboost,autumn_2024,231,9,4.928864306226244,4.0,0.9288643062262443
stachus,catboost,autumn_2024,232,9,5.928775938281797,7.0,1.071224061718203
stachus,catboost,autumn_2024,233,9,6.110186769972163,4.0,2.110186769972163
stachus,catboost,autumn_2024,234,9,5.674106454006255,3.0,2.674106454006255
stachus,catboost,autumn_2024,235,9,5.708802183148773,4.0,1.708802183148773
stachus,catboost,autumn_2024,236,9,6.066721647127857,6.0,0.06672164712785733
stachus,catboost,autumn_2024,237,9,5.1205371017743095,3.0,2.1205371017743095
stachus,catboost,autumn_2024,238,9,4.217280222276151,2.0,2.217280222276151
stachus,catboost,autumn_2024,239,9,3.687693805358948,1.0,2.687693805358948
stachus,catboost,autumn_2024,240,10,3.054664254921467,1.0,2.054664254921467
stachus,catboost,autumn_2024,241,10,2.622068878954286,1.0,1.6220688789542859
stachus,catboost,autumn_2024,242,10,2.429068802807808,0.7,1.7290688028078078
stachus,catboost,autumn_2024,243,10,2.37584815981881,0.6,1.77584815981881
stachus,catboost,autumn_2024,244,10,1.9961241928405506,0.7,1.2961241928405507
stachus,catboost,autumn_2024,245,10,1.9620074185534744,0.9,1.0620074185534745
stachus,catboost,autumn_2024,246,10,2.7275039171770654,3.0,0.2724960828229346
stachus,catboost,autumn_2024,247,10,3.3132670218943785,2.0,1.3132670218943785
stachus,catboost,autumn_2024,248,10,3.7846885419964353,3.0,0.7846885419964353
stachus,catboost,autumn_2024,249,10,4.270221921085598,2.0,2.2702219210855983
stachus,catboost,autumn_2024,250,10,4.594259956802041,2.0,2.5942599568020412
stachus,catboost,autumn_2024,251,10,4.408982062467098,2.0,2.408982062467098
stachus,catboost,autumn_2024,252,10,4.547267726107575,2.0,2.5472677261075747
stachus,catboost,autumn_2024,253,10,4.15772280518773,3.0,1.1577228051877304
stachus,catboost,autumn_2024,254,10,4.2876411846329745,4.0,0.2876411846329745
stachus,catboost,autumn_2024,255,10,4.881649876998398,5.0,0.11835012300160219
stachus,catboost,autumn_2024,256,10,4.895110190690235,3.0,1.895110190690235
stachus,catboost,autumn_2024,257,10,4.932779088754221,4.0,0.9327790887542209
stachus,catboost,autumn_2024,258,10,5.428268381163679,3.0,2.4282683811636794
stachus,catboost,autumn_2024,259,10,7.253052222037894,7.0,0.2530522220378941
stachus,catboost,autumn_2024,260,10,7.092340119963598,4.0,3.0923401199635983
stachus,catboost,autumn_2024,261,10,8.27966432136333,7.0,1.2796643213633292
stachus,catboost,autumn_2024,262,10,9.473378880505928,9.0,0.473378880505928
stachus,catboost,autumn_2024,263,10,9.697176203082043,7.0,2.6971762030820425
stachus,catboost,autumn_2024,264,11,9.461681718298161,6.0,3.461681718298161
stachus,catboost,autumn_2024,265,11,9.348539196956164,6.0,3.348539196956164
stachus,catboost,autumn_2024,266,11,10.38715688628923,7.0,3.3871568862892296
stachus,catboost,autumn_2024,267,11,10.30805956719438,6.0,4.30805956719438
stachus,catboost,autumn_2024,268,11,9.487775471052531,5.0,4.487775471052531
stachus,catboost,autumn_2024,269,11,8.874463600095593,5.0,3.874463600095593
stachus,catboost,autumn_2024,270,11,8.866873570238267,5.0,3.8668735702382673
stachus,catboost,autumn_2024,271,11,8.561050878538847,4.0,4.561050878538847
stachus,catboost,autumn_2024,272,11,6.478471101677618,2.0,4.478471101677618
stachus,catboost,autumn_2024,273,11,4.95204280675724,1.0,3.95204280675724
stachus,catboost,autumn_2024,274,11,4.345561533034598,1.0,3.345561533034598
stachus,catboost,autumn_2024,275,11,4.052445298565186,1.0,3.0524452985651864
stachus,catboost,autumn_2024,276,11,3.952673056538111,1.0,2.952673056538111
stachus,catboost,autumn_2024,277,11,3.9141113622578443,1.0,2.9141113622578443
stachus,catboost,autumn_2024,278,11,4.0770460364875865,2.0,2.0770460364875865
stachus,catboost,autumn_2024,279,11,4.664204033779415,2.0,2.6642040337794146
stachus,catboost,autumn_2024,280,11,5.892931158177003,4.0,1.892931158177003
stachus,catboost,autumn_2024,281,11,9.449788188171206,9.0,0.44978818817120647
stachus,catboost,autumn_2024,282,11,12.52036194263219,13.0,0.4796380573678096
stachus,catboost,autumn_2024,283,11,13.862628175261342,14.0,0.13737182473865772
stachus,catboost,autumn_2024,284,11,12.756372980601434,10.0,2.7563729806014337
stachus,catboost,autumn_2024,285,11,9.934625240433515,7.0,2.9346252404335154
stachus,catboost,autumn_2024,286,11,7.512045125891186,5.0,2.512045125891186
stachus,catboost,autumn_2024,287,11,6.544687702331499,4.0,2.5446877023314993
stachus,catboost,autumn_2024,288,12,5.819134533375366,4.0,1.8191345333753661
stachus,catboost,autumn_2024,289,12,5.295946494426794,3.0,2.2959464944267944
stachus,catboost,autumn_2024,290,12,4.231956882349695,2.0,2.231956882349695
stachus,catboost,autumn_2024,291,12,3.6355813175302503,1.0,2.6355813175302503
stachus,catboost,autumn_2024,292,12,3.0593600296082073,0.6,2.459360029608207
stachus,catboost,autumn_2024,293,12,2.737673214161134,0.3,2.4376732141611344
stachus,catboost,autumn_2024,294,12,2.9034907839615114,1.0,1.9034907839615114
stachus,catboost,autumn_2024,295,12,2.7373703176821786,0.5,2.2373703176821786
stachus,catboost,autumn_2024,296,12,2.7574793665782895,1.0,1.7574793665782895
stachus,catboost,autumn_2024,297,12,3.309124396864643,2.0,1.309124396864643
stachus,catboost,autumn_2024,298,12,3.5917737045129465,2.0,1.5917737045129465
stachus,catboost,autumn_2024,299,12,4.705135620668164,4.0,0.7051356206681643
stachus,catboost,autumn_2024,300,12,5.568215365744163,5.0,0.5682153657441633
stachus,catboost,autumn_2024,301,12,5.447016244259917,4.0,1.4470162442599168
stachus,catboost,autumn_2024,302,12,5.2416926373961825,5.0,0.24169263739618252
stachus,catboost,autumn_2024,303,12,5.0721453331707975,4.0,1.0721453331707975
stachus,catboost,autumn_2024,304,12,4.808966278800043,4.0,0.8089662788000433
stachus,catboost,autumn_2024,305,12,5.429563516953,6.0,0.5704364830469997
stachus,catboost,autumn_2024,306,12,5.141173996351206,3.0,2.141173996351206
stachus,catboost,autumn_2024,307,12,4.999907562017004,4.0,0.9999075620170039
stachus,catboost,autumn_2024,308,12,5.232657140105354,4.0,1.2326571401053537
stachus,catboost,autumn_2024,309,12,5.397981602200464,5.0,0.3979816022004643
stachus,catboost,autumn_2024,310,12,5.736354687781371,4.0,1.736354687781371
stachus,catboost,autumn_2024,311,12,5.323272209270361,3.0,2.3232722092703613
stachus,catboost,autumn_2024,312,13,4.636444435539119,3.0,1.6364444355391186
stachus,catboost,autumn_2024,313,13,4.038602065387189,2.0,2.038602065387189
stachus,catboost,autumn_2024,314,13,3.859716881526584,2.0,1.8597168815265839
stachus,catboost,autumn_2024,315,13,3.853456951966918,3.0,0.8534569519669182
stachus,catboost,autumn_2024,316,13,3.6969822917319037,2.0,1.6969822917319037
stachus,catboost,autumn_2024,317,13,3.800664493199336,2.0,1.8006644931993359
stachus,catboost,autumn_2024,318,13,5.069792562869881,5.0,0.069792562869881
stachus,catboost,autumn_2024,319,13,5.869146369523352,4.0,1.8691463695233521
stachus,catboost,autumn_2024,320,13,6.438623726550999,4.0,2.4386237265509987
stachus,catboost,autumn_2024,321,13,5.862651055865536,3.0,2.862651055865536
stachus,catboost,autumn_2024,322,13,5.562396110907079,2.0,3.5623961109070788
stachus,catboost,autumn_2024,323,13,5.674946910940407,3.0,2.674946910940407
stachus,catboost,autumn_2024,324,13,6.511958282766065,4.0,2.5119582827660647
stachus,catboost,autumn_2024,325,13,7.145173241829941,4.0,3.1451732418299407
stachus,catboost,autumn_2024,326,13,9.738242143399036,8.0,1.7382421433990363
stachus,catboost,autumn_2024,327,13,12.24612394532353,10.0,2.2461239453235304
stachus,catboost,autumn_2024,328,13,14.182360202074506,13.0,1.1823602020745057
stachus,catboost,autumn_2024,329,13,14.962278228096553,13.0,1.9622782280965527
stachus,catboost,autumn_2024,330,13,16.382697643405663,17.0,0.6173023565943367
stachus,catboost,autumn_2024,331,13,16.547109547398257,16.0,0.5471095473982572
stachus,catboost,autumn_2024,332,13,10.940968946963668,6.0,4.940968946963668
stachus,catboost,autumn_2024,333,13,8.612197717724568,6.0,2.612197717724568
stachus,catboost,autumn_2024,334,13,9.321832474377878,6.0,3.321832474377878
stachus,catboost,autumn_2024,335,13,11.00891993883345,11.0,0.008919938833450658
stachus,catboost,autumn_2024,336,14,12.1015986310475,11.0,1.1015986310474997
stachus,catboost,autumn_2024,337,14,11.205988289813174,10.0,1.205988289813174
stachus,catboost,autumn_2024,338,14,11.23161131779107,9.0,2.231611317791071
stachus,catboost,autumn_2024,339,14,11.68923043169519,10.0,1.68923043169519
stachus,catboost,autumn_2024,340,14,11.894887966545372,11.0,0.8948879665453724
stachus,catboost,autumn_2024,341,14,13.34046343076433,15.0,1.6595365692356694
stachus,catboost,autumn_2024,342,14,15.938086056567087,22.0,6.061913943432913
stachus,catboost,autumn_2024,343,14,18.742587482773953,26.0,7.257412517226047
stachus,catboost,autumn_2024,344,14,22.838843375439225,28.0,5.161156624560775
stachus,catboost,autumn_2024,345,14,23.637291424470163,25.0,1.3627085755298367
stachus,catboost,autumn_2024,346,14,20.40782629130549,20.0,0.40782629130549
stachus,catboost,autumn_2024,347,14,17.352008585750472,17.0,0.3520085857504718
stachus,catboost,autumn_2024,348,14,14.502032016981165,12.0,2.5020320169811647
stachus,catboost,autumn_2024,349,14,13.037159873873001,10.0,3.0371598738730015
stachus,catboost,autumn_2024,350,14,12.404919497967235,10.0,2.404919497967235
stachus,catboost,autumn_2024,351,14,12.276424880523772,11.0,1.2764248805237717
stachus,catboost,autumn_2024,352,14,12.860696602794492,13.0,0.13930339720550755
stachus,catboost,autumn_2024,353,14,13.973877399421989,15.0,1.0261226005780113
stachus,catboost,autumn_2024,354,14,13.688859951529995,12.0,1.6888599515299951
stachus,catboost,autumn_2024,355,14,13.749900049572268,11.0,2.7499000495722683
stachus,catboost,autumn_2024,356,14,13.541815353895382,11.0,2.541815353895382
stachus,catboost,autumn_2024,357,14,12.132105617541058,10.0,2.1321056175410575
stachus,catboost,autumn_2024,358,14,11.74215899724543,11.0,0.7421589972454292
stachus,catboost,autumn_2024,359,14,11.971463204587247,11.0,0.9714632045872467
stachus,catboost,autumn_2024,360,15,11.473097709891746,9.0,2.4730977098917464
stachus,catboost,autumn_2024,361,15,10.392620271180892,9.0,1.392620271180892
stachus,catboost,autumn_2024,362,15,9.40384119142498,7.0,2.4038411914249807
stachus,catboost,autumn_2024,363,15,8.42118620167297,6.0,2.4211862016729704
stachus,catboost,autumn_2024,364,15,8.100741837422401,7.0,1.100741837422401
stachus,catboost,autumn_2024,365,15,8.041262737954984,7.0,1.041262737954984
stachus,catboost,autumn_2024,366,15,8.446557055599833,8.0,0.4465570555998326
stachus,catboost,autumn_2024,367,15,8.29655175531275,7.0,1.2965517553127501
stachus,catboost,autumn_2024,368,15,8.253787880625103,6.0,2.2537878806251026
stachus,catboost,autumn_2024,369,15,8.054907957317251,6.0,2.0549079573172513
stachus,catboost,autumn_2024,370,15,7.448983948735189,5.0,2.448983948735189
stachus,catboost,autumn_2024,371,15,7.467154879617779,6.0,1.4671548796177794
stachus,catboost,autumn_2024,372,15,7.344924887487341,6.0,1.3449248874873412
stachus,catboost,autumn_2024,373,15,7.579279433166794,6.0,1.5792794331667936
stachus,catboost,autumn_2024,374,15,7.1810738240561225,5.0,2.1810738240561225
stachus,catboost,autumn_2024,375,15,7.487078465942301,5.0,2.487078465942301
stachus,catboost,autumn_2024,376,15,8.064567741810343,5.0,3.064567741810343
stachus,catboost,autumn_2024,377,15,8.85346794128736,6.0,2.8534679412873594
stachus,catboost,autumn_2024,378,15,10.425736238374887,9.0,1.4257362383748866
stachus,catboost,autumn_2024,379,15,11.504488394672423,8.0,3.504488394672423
stachus,catboost,autumn_2024,380,15,11.767471630060724,9.0,2.767471630060724
stachus,catboost,autumn_2024,381,15,11.515468625183466,8.0,3.515468625183466
stachus,catboost,autumn_2024,382,15,11.413543768592993,8.0,3.4135437685929926
stachus,catboost,autumn_2024,383,15,11.478316744574355,8.0,3.4783167445743555
stachus,catboost,autumn_2024,384,16,11.42009732647734,7.0,4.4200973264773395
stachus,catboost,autumn_2024,385,16,11.85338760828903,7.0,4.8533876082890295
stachus,catboost,autumn_2024,386,16,12.20509840704506,8.0,4.20509840704506
stachus,catboost,autumn_2024,387,16,12.072585240872439,9.0,3.0725852408724386
stachus,catboost,autumn_2024,388,16,12.424147882686588,8.0,4.424147882686588
stachus,catboost,autumn_2024,389,16,12.936035374675738,9.0,3.936035374675738
stachus,catboost,autumn_2024,390,16,14.328756094433079,11.0,3.3287560944330785
stachus,catboost,autumn_2024,391,16,15.563628168399116,12.0,3.5636281683991164
stachus,catboost,autumn_2024,392,16,16.938767053612757,14.0,2.9387670536127573
stachus,catboost,autumn_2024,393,16,17.28124407042236,14.0,3.2812440704223604
stachus,catboost,autumn_2024,394,16,15.747286528233051,12.0,3.747286528233051
stachus,catboost,autumn_2024,395,16,14.083015307914781,10.0,4.083015307914781
stachus,catboost,autumn_2024,396,16,12.15857869097244,8.0,4.1585786909724405
stachus,catboost,autumn_2024,397,16,9.914958841651778,6.0,3.914958841651778
stachus,catboost,autumn_2024,398,16,10.289852644437516,8.0,2.2898526444375165
stachus,catboost,autumn_2024,399,16,11.025645216716502,8.0,3.0256452167165016
stachus,catboost,autumn_2024,400,16,11.99648701106773,9.0,2.99648701106773
stachus,catboost,autumn_2024,401,16,13.617362473913449,12.0,1.617362473913449
stachus,catboost,autumn_2024,402,16,14.141894351424575,12.0,2.1418943514245754
stachus,catboost,autumn_2024,403,16,15.074262327188421,13.0,2.0742623271884213
stachus,catboost,autumn_2024,404,16,15.744599054245892,13.0,2.7445990542458922
stachus,catboost,autumn_2024,405,16,15.634302123987958,13.0,2.6343021239879576
stachus,catboost,autumn_2024,406,16,15.300670634504433,12.0,3.300670634504433
stachus,catboost,autumn_2024,407,16,14.608942592161304,11.0,3.608942592161304
stachus,catboost,autumn_2024,408,17,14.88995693637958,13.0,1.8899569363795798
stachus,catboost,autumn_2024,409,17,15.65875853936796,14.0,1.6587585393679607
stachus,catboost,autumn_2024,410,17,16.82006168105477,14.0,2.8200616810547707
stachus,catboost,autumn_2024,411,17,17.40493277971639,14.0,3.4049327797163897
stachus,catboost,autumn_2024,412,17,17.10161656420921,13.0,4.101616564209209
stachus,catboost,autumn_2024,413,17,16.868421433282062,13.0,3.8684214332820623
stachus,catboost,autumn_2024,414,17,17.962303761886602,13.0,4.962303761886602
stachus,catboost,autumn_2024,415,17,17.556243510106817,12.0,5.5562435101068175
stachus,catboost,autumn_2024,416,17,18.120879062133994,13.0,5.120879062133994
stachus,catboost,autumn_2024,417,17,17.969173029373163,14.0,3.969173029373163
stachus,catboost,autumn_2024,418,17,18.620120645802714,17.0,1.6201206458027144
stachus,catboost,autumn_2024,419,17,19.584877935996907,17.0,2.584877935996907
stachus,catboost,autumn_2024,420,17,20.828416914895115,17.0,3.828416914895115
stachus,catboost,autumn_2024,421,17,20.673228654807986,18.0,2.6732286548079855
stachus,catboost,autumn_2024,422,17,19.353975633366797,14.0,5.353975633366797
stachus,catboost,autumn_2024,423,17,20.162881906949988,15.0,5.162881906949988
stachus,catboost,autumn_2024,424,17,22.607425585278477,20.0,2.6074255852784773
stachus,catboost,autumn_2024,425,17,26.529140734841572,24.0,2.5291407348415724
stachus,catboost,autumn_2024,426,17,27.001874379851625,22.0,5.001874379851625
stachus,catboost,autumn_2024,427,17,26.694905635105837,23.0,3.6949056351058367
stachus,catboost,autumn_2024,428,17,24.307346099450413,21.0,3.307346099450413
stachus,catboost,autumn_2024,429,17,22.449071402108647,21.0,1.4490714021086468
stachus,catboost,autumn_2024,430,17,19.012791053541903,19.0,0.012791053541903352
stachus,catboost,autumn_2024,431,17,17.042148708097205,16.0,1.042148708097205
stachus,catboost,autumn_2024,432,18,14.021794385446729,12.0,2.0217943854467286
stachus,catboost,autumn_2024,433,18,11.49118399555959,9.0,2.49118399555959
stachus,catboost,autumn_2024,434,18,10.264797677415372,9.0,1.2647976774153715
stachus,catboost,autumn_2024,435,18,10.12678953226223,8.0,2.1267895322622294
stachus,catboost,autumn_2024,436,18,9.087667099358951,5.0,4.087667099358951
stachus,catboost,autumn_2024,437,18,7.590851769455831,5.0,2.5908517694558313
stachus,catboost,autumn_2024,438,18,8.29095373741851,7.0,1.2909537374185103
stachus,catboost,autumn_2024,439,18,7.983930520423463,5.0,2.9839305204234634
stachus,catboost,autumn_2024,440,18,7.865819199844822,5.0,2.8658191998448217
stachus,catboost,autumn_2024,441,18,6.888000027999791,4.0,2.888000027999791
stachus,catboost,autumn_2024,442,18,6.55929848162858,5.0,1.5592984816285798
stachus,catboost,autumn_2024,443,18,6.76715437561019,7.0,0.23284562438981027
stachus,catboost,autumn_2024,444,18,7.3150091487957685,7.0,0.31500914879576847
stachus,catboost,autumn_2024,445,18,7.862093160769998,8.0,0.13790683923000202
stachus,catboost,autumn_2024,446,18,8.85993199235266,10.0,1.14006800764734
stachus,catboost,autumn_2024,447,18,11.529758362296707,16.0,4.4702416377032925
stachus,catboost,autumn_2024,448,18,13.913143983719353,19.0,5.086856016280647
stachus,catboost,autumn_2024,449,18,15.567092165644993,18.0,2.4329078343550066
stachus,catboost,autumn_2024,450,18,17.36296064540614,19.0,1.6370393545938597
stachus,catboost,autumn_2024,451,18,18.958485564541796,20.0,1.041514435458204
stachus,catboost,autumn_2024,452,18,20.096483643664477,19.0,1.0964836436644774
stachus,catboost,autumn_2024,453,18,20.617218643579186,20.0,0.6172186435791858
stachus,catboost,autumn_2024,454,18,22.435069308768377,22.0,0.4350693087683766
stachus,catboost,autumn_2024,455,18,22.526962659366852,22.0,0.5269626593668519
stachus,catboost,autumn_2024,456,19,21.771257474527417,19.0,2.7712574745274168
stachus,catboost,autumn_2024,457,19,21.68309375537734,20.0,1.6830937553773389
stachus,catboost,autumn_2024,458,19,21.352816105163022,19.0,2.352816105163022
stachus,catboost,autumn_2024,459,19,22.0396115074382,20.0,2.039611507438199
stachus,catboost,autumn_2024,460,19,23.494206960780865,22.0,1.4942069607808648
stachus,catboost,autumn_2024,461,19,24.42288223848579,21.0,3.4228822384857907
stachus,catboost,autumn_2024,462,19,22.660706901231336,17.0,5.660706901231336
stachus,catboost,autumn_2024,463,19,21.433199510552306,18.0,3.4331995105523063
stachus,catboost,autumn_2024,464,19,18.666608938215706,14.0,4.666608938215706
stachus,catboost,autumn_2024,465,19,17.46122123212296,14.0,3.461221232122959
stachus,catboost,autumn_2024,466,19,14.51854220799141,9.0,5.518542207991411
stachus,catboost,autumn_2024,467,19,11.335582628369385,8.0,3.3355826283693855
stachus,catboost,autumn_2024,468,19,9.78024595481319,7.0,2.7802459548131893
stachus,catboost,autumn_2024,469,19,8.852835190957872,7.0,1.8528351909578724
stachus,catboost,autumn_2024,470,19,9.432131922000698,7.0,2.432131922000698
stachus,catboost,autumn_2024,471,19,9.498462931871595,8.0,1.498462931871595
stachus,catboost,autumn_2024,472,19,10.233636768336824,8.0,2.233636768336824
stachus,catboost,autumn_2024,473,19,10.561791251807335,9.0,1.5617912518073354
stachus,catboost,autumn_2024,474,19,12.249969239543521,11.0,1.2499692395435211
stachus,catboost,autumn_2024,475,19,11.709782794969556,8.0,3.7097827949695557
stachus,catboost,autumn_2024,476,19,12.417205304682595,10.0,2.4172053046825948
stachus,catboost,autumn_2024,477,19,12.224406102559694,11.0,1.2244061025596942
stachus,catboost,autumn_2024,478,19,12.37135053126131,11.0,1.3713505312613101
stachus,catboost,autumn_2024,479,19,13.059861398201543,12.0,1.0598613982015426
stachus,catboost,autumn_2024,480,20,13.093105617295368,10.0,3.093105617295368
stachus,catboost,autumn_2024,481,20,11.043979228331317,5.0,6.043979228331317
stachus,catboost,autumn_2024,482,20,9.707588832027557,5.0,4.707588832027557
stachus,catboost,autumn_2024,483,20,7.635125766536431,3.0,4.635125766536431
stachus,catboost,autumn_2024,484,20,6.184587671380732,3.0,3.184587671380732
stachus,catboost,autumn_2024,485,20,5.437456622121119,3.0,2.437456622121119
stachus,catboost,autumn_2024,486,20,5.502387804773209,3.0,2.5023878047732087
stachus,catboost,autumn_2024,487,20,5.578106591959423,3.0,2.578106591959423
stachus,catboost,autumn_2024,488,20,6.298598996512521,3.0,3.2985989965125206
stachus,catboost,autumn_2024,489,20,6.861323984874682,4.0,2.861323984874682
stachus,catboost,autumn_2024,490,20,7.292491380368506,6.0,1.2924913803685056
stachus,catboost,autumn_2024,491,20,7.3457208319084355,5.0,2.3457208319084355
stachus,catboost,autumn_2024,492,20,8.709083160916563,8.0,0.7090831609165633
stachus,catboost,autumn_2024,493,20,9.63315103472242,9.0,0.6331510347224203
stachus,catboost,autumn_2024,494,20,10.803576794990043,10.0,0.8035767949900432
stachus,catboost,autumn_2024,495,20,12.937921138071381,13.0,0.06207886192861878
stachus,catboost,autumn_2024,496,20,15.220961333377172,15.0,0.22096133337717205
stachus,catboost,autumn_2024,497,20,18.789501134041224,23.0,4.210498865958776
stachus,catboost,autumn_2024,498,20,21.816870369303217,22.0,0.1831296306967829
stachus,catboost,autumn_2024,499,20,24.970018449346746,23.0,1.970018449346746
stachus,catboost,autumn_2024,500,20,25.901893726727824,23.0,2.901893726727824
stachus,catboost,autumn_2024,501,20,25.641601074129085,24.0,1.6416010741290847
stachus,catboost,autumn_2024,502,20,23.128773018198366,21.0,2.128773018198366
stachus,catboost,autumn_2024,503,20,19.270826970073223,17.0,2.270826970073223
stachus,catboost,autumn_2024,504,21,13.84881766655186,12.0,1.8488176665518594
stachus,catboost,autumn_2024,505,21,10.234461340092698,8.0,2.2344613400926985
stachus,catboost,autumn_2024,506,21,8.145660945346782,7.0,1.1456609453467816
stachus,catboost,autumn_2024,507,21,7.705300801319109,6.0,1.705300801319109
stachus,catboost,autumn_2024,508,21,7.79848293066213,5.0,2.7984829306621304
stachus,catboost,autumn_2024,509,21,7.621586299713497,4.0,3.6215862997134973
stachus,catboost,autumn_2024,510,21,7.667353239522027,5.0,2.6673532395220274
stachus,catboost,autumn_2024,511,21,7.151199358011299,4.0,3.151199358011299
stachus,catboost,autumn_2024,512,21,6.864318983796364,4.0,2.8643189837963643
stachus,catboost,autumn_2024,513,21,7.182127512416308,5.0,2.182127512416308
stachus,catboost,autumn_2024,514,21,7.354845461281142,5.0,2.3548454612811422
stachus,catboost,autumn_2024,515,21,8.20899982043309,7.0,1.2089998204330907
stachus,catboost,autumn_2024,516,21,7.538189575697046,6.0,1.5381895756970456
stachus,catboost,autumn_2024,517,21,8.73145960819591,10.0,1.2685403918040894
stachus,catboost,autumn_2024,518,21,9.918057568440616,9.0,0.9180575684406165
stachus,catboost,autumn_2024,519,21,11.065815442556994,9.0,2.0658154425569943
stachus,catboost,autumn_2024,520,21,11.511406652463783,10.0,1.5114066524637835
stachus,catboost,autumn_2024,521,21,12.768285289495752,12.0,0.7682852894957524
stachus,catboost,autumn_2024,522,21,12.57421393343033,9.0,3.5742139334303307
stachus,catboost,autumn_2024,523,21,12.77819242710309,10.0,2.7781924271030896
stachus,catboost,autumn_2024,524,21,13.38791374199478,10.0,3.3879137419947796
stachus,catboost,autumn_2024,525,21,13.498623029523777,10.0,3.4986230295237775
stachus,catboost,autumn_2024,526,21,13.855230769619574,11.0,2.855230769619574
stachus,catboost,autumn_2024,527,21,13.761739673752846,10.0,3.761739673752846
stachus,catboost,autumn_2024,528,22,13.341386806847689,10.0,3.341386806847689
stachus,catboost,autumn_2024,529,22,13.214075129606222,11.0,2.214075129606222
stachus,catboost,autumn_2024,530,22,14.052994356497429,13.0,1.052994356497429
stachus,catboost,autumn_2024,531,22,14.315499729124815,13.0,1.3154997291248147
stachus,catboost,autumn_2024,532,22,12.781096036570286,11.0,1.7810960365702861
stachus,catboost,autumn_2024,533,22,11.611297110869238,9.0,2.6112971108692378
stachus,catboost,autumn_2024,534,22,11.194782983709327,9.0,2.1947829837093273
stachus,catboost,autumn_2024,535,22,9.660496577800581,6.0,3.660496577800581
stachus,catboost,autumn_2024,536,22,8.518412963061522,5.0,3.5184129630615217
stachus,catboost,autumn_2024,537,22,7.783565606918217,6.0,1.7835656069182173
stachus,catboost,autumn_2024,538,22,8.546857070250494,8.0,0.5468570702504945
stachus,catboost,autumn_2024,539,22,9.253366100104333,10.0,0.7466338998956665
stachus,catboost,autumn_2024,540,22,10.121197934267501,9.0,1.1211979342675011
stachus,catboost,autumn_2024,541,22,9.26616826894759,7.0,2.26616826894759
stachus,catboost,autumn_2024,542,22,9.785710240180133,8.0,1.7857102401801335
stachus,catboost,autumn_2024,543,22,9.154983707121405,6.0,3.1549837071214046
stachus,catboost,autumn_2024,544,22,8.610633960911393,6.0,2.610633960911393
stachus,catboost,autumn_2024,545,22,7.532577642302654,5.0,2.5325776423026536
stachus,catboost,autumn_2024,546,22,7.925636021207406,5.0,2.9256360212074064
stachus,catboost,autumn_2024,547,22,9.27438032118475,7.0,2.2743803211847506
stachus,catboost,autumn_2024,548,22,9.914701701480356,8.0,1.9147017014803556
stachus,catboost,autumn_2024,549,22,8.626817345113952,6.0,2.6268173451139525
stachus,catboost,autumn_2024,550,22,7.040126285305075,5.0,2.0401262853050746
stachus,catboost,autumn_2024,551,22,6.062844497746184,4.0,2.062844497746184
stachus,catboost,autumn_2024,552,23,6.2229156270027035,5.0,1.2229156270027035
stachus,catboost,autumn_2024,553,23,6.096933823817261,6.0,0.09693382381726057
stachus,catboost,autumn_2024,554,23,6.10891185984657,6.0,0.10891185984656993
stachus,catboost,autumn_2024,555,23,7.062540649846342,8.0,0.9374593501536577
stachus,catboost,autumn_2024,556,23,8.438266071681976,9.0,0.5617339283180236
stachus,catboost,autumn_2024,557,23,8.340017146589116,7.0,1.3400171465891155
stachus,catboost,autumn_2024,558,23,7.626155585244357,6.0,1.6261555852443568
stachus,catboost,autumn_2024,559,23,6.57979215804367,5.0,1.57979215804367
stachus,catboost,autumn_2024,560,23,5.443991929888779,4.0,1.443991929888779
stachus,catboost,autumn_2024,561,23,4.572700275609269,2.0,2.572700275609269
stachus,catboost,autumn_2024,562,23,3.791013139896908,2.0,1.7910131398969078
stachus,catboost,autumn_2024,563,23,3.866008052409293,2.0,1.8660080524092928
stachus,catboost,autumn_2024,564,23,5.066181112955298,3.0,2.066181112955298
stachus,catboost,autumn_2024,565,23,5.808215918485495,4.0,1.8082159184854953
stachus,catboost,autumn_2024,566,23,6.698311152217127,3.0,3.6983111522171273
stachus,catboost,autumn_2024,567,23,7.185305166671718,4.0,3.185305166671718
stachus,catboost,autumn_2024,568,23,7.36892202240284,4.0,3.36892202240284
stachus,catboost,autumn_2024,569,23,7.4734496591090425,4.0,3.4734496591090425
stachus,catboost,autumn_2024,570,23,7.916785050452845,5.0,2.9167850504528454
stachus,catboost,autumn_2024,571,23,8.703508007488786,7.0,1.7035080074887858
stachus,catboost,autumn_2024,572,23,9.40595086499539,8.0,1.4059508649953898
stachus,catboost,autumn_2024,573,23,10.342648987559873,10.0,0.3426489875598726
stachus,catboost,autumn_2024,574,23,10.434624703098816,8.0,2.434624703098816
stachus,catboost,autumn_2024,575,23,10.02930117354816,8.0,2.029301173548159
stachus,catboost,autumn_2024,576,24,9.65890627769304,8.0,1.65890627769304
stachus,catboost,autumn_2024,577,24,9.851849200963137,8.0,1.8518492009631373
stachus,catboost,autumn_2024,578,24,9.416109124753433,7.0,2.416109124753433
stachus,catboost,autumn_2024,579,24,7.952698980054073,5.0,2.9526989800540733
stachus,catboost,autumn_2024,580,24,7.650149396013002,6.0,1.6501493960130018
stachus,catboost,autumn_2024,581,24,8.061401638097493,7.0,1.061401638097493
stachus,catboost,autumn_2024,582,24,8.54699844757122,8.0,0.5469984475712195
stachus,catboost,autumn_2024,583,24,8.5845145082481,8.0,0.5845145082481
stachus,catboost,autumn_2024,584,24,7.410149915408863,5.0,2.410149915408863
stachus,catboost,autumn_2024,585,24,7.257072762705754,6.0,1.2570727627057536
stachus,catboost,autumn_2024,586,24,7.979385633792902,6.0,1.9793856337929023
stachus,catboost,autumn_2024,587,24,8.327885635928922,8.0,0.32788563592892217
stachus,catboost,autumn_2024,588,24,8.720616935612718,8.0,0.7206169356127177
stachus,catboost,autumn_2024,589,24,8.24788011765005,7.0,1.24788011765005
stachus,catboost,autumn_2024,590,24,8.55060692118984,8.0,0.5506069211898392
stachus,catboost,autumn_2024,591,24,8.46959063818303,7.0,1.4695906381830302
stachus,catboost,autumn_2024,592,24,9.044032879796221,8.0,1.0440328797962213
stachus,catboost,autumn_2024,593,24,9.75820686766269,9.0,0.7582068676626896
stachus,catboost,autumn_2024,594,24,9.871859832876341,8.0,1.871859832876341
stachus,catboost,autumn_2024,595,24,10.520545006837704,9.0,1.520545006837704
stachus,catboost,autumn_2024,596,24,12.781483106067443,14.0,1.2185168939325575
stachus,catboost,autumn_2024,597,24,15.358997244326947,19.0,3.6410027556730533
stachus,catboost,autumn_2024,598,24,18.836262007674158,22.0,3.163737992325842
stachus,catboost,autumn_2024,599,24,21.321988611722638,23.0,1.678011388277362
stachus,catboost,autumn_2024,600,25,22.20336046121357,21.0,1.2033604612135704
stachus,catboost,autumn_2024,601,25,20.300346668570633,18.0,2.300346668570633
stachus,catboost,autumn_2024,602,25,16.808059981392823,14.0,2.808059981392823
stachus,catboost,autumn_2024,603,25,15.1855568856062,13.0,2.1855568856062
stachus,catboost,autumn_2024,604,25,13.62898768856203,11.0,2.628987688562029
stachus,catboost,autumn_2024,605,25,11.64077635097733,9.0,2.6407763509773297
stachus,catboost,autumn_2024,606,25,9.833707511644933,7.0,2.833707511644933
stachus,catboost,autumn_2024,607,25,8.372146691303145,5.0,3.3721466913031453
stachus,catboost,autumn_2024,608,25,6.731546321480897,4.0,2.731546321480897
stachus,catboost,autumn_2024,609,25,6.375024241055996,5.0,1.3750242410559963
stachus,catboost,autumn_2024,610,25,6.009524497876468,4.0,2.009524497876468
stachus,catboost,autumn_2024,611,25,6.237957695732844,5.0,1.2379576957328444
stachus,catboost,autumn_2024,612,25,7.710179100755148,8.0,0.28982089924485166
stachus,catboost,autumn_2024,613,25,9.26975902773716,10.0,0.7302409722628393
stachus,catboost,autumn_2024,614,25,11.218734211666684,12.0,0.7812657883333163
stachus,catboost,autumn_2024,615,25,13.53455337342249,14.0,0.4654466265775099
stachus,catboost,autumn_2024,616,25,15.584034407280207,15.0,0.5840344072802068
stachus,catboost,autumn_2024,617,25,16.940556774265268,15.0,1.9405567742652678
stachus,catboost,autumn_2024,618,25,16.733690028153415,14.0,2.733690028153415
stachus,catboost,autumn_2024,619,25,16.236897445177185,13.0,3.236897445177185
stachus,catboost,autumn_2024,620,25,15.589003077495788,14.0,1.5890030774957875
stachus,catboost,autumn_2024,621,25,16.248020116527215,15.0,1.248020116527215
stachus,catboost,autumn_2024,622,25,16.262575423261975,15.0,1.2625754232619748
stachus,catboost,autumn_2024,623,25,15.798120224205878,14.0,1.7981202242058778
stachus,catboost,autumn_2024,624,26,15.674794183039934,14.0,1.6747941830399338
stachus,catboost,autumn_2024,625,26,15.581252845960304,12.0,3.5812528459603037
stachus,catboost,autumn_2024,626,26,14.604720629436681,12.0,2.604720629436681
stachus,catboost,autumn_2024,627,26,13.181141104161533,10.0,3.181141104161533
stachus,catboost,autumn_2024,628,26,12.034833564329666,10.0,2.0348335643296664
stachus,catboost,autumn_2024,629,26,10.979404287437916,9.0,1.9794042874379159
stachus,catboost,autumn_2024,630,26,10.857813243084518,9.0,1.857813243084518
stachus,catboost,autumn_2024,631,26,10.764568047295104,9.0,1.7645680472951035
stachus,catboost,autumn_2024,632,26,8.71641011313992,6.0,2.7164101131399203
stachus,catboost,autumn_2024,633,26,5.598613331266483,3.0,2.598613331266483
stachus,catboost,autumn_2024,634,26,5.252123334452848,3.0,2.2521233344528477
stachus,catboost,autumn_2024,635,26,5.1043452143464885,3.0,2.1043452143464885
stachus,catboost,autumn_2024,636,26,6.237700230923224,5.0,1.237700230923224
stachus,catboost,autumn_2024,637,26,7.598404891673226,8.0,0.4015951083267737
stachus,catboost,autumn_2024,638,26,8.346907397010368,9.0,0.6530926029896325
stachus,catboost,autumn_2024,639,26,9.922427081714238,13.0,3.077572918285762
stachus,catboost,autumn_2024,640,26,10.486931721139392,11.0,0.513068278860608
stachus,catboost,autumn_2024,641,26,12.152894427876525,12.0,0.15289442787652519
stachus,catboost,autumn_2024,642,26,13.048476448120965,12.0,1.0484764481209652
stachus,catboost,autumn_2024,643,26,13.830436614809589,13.0,0.8304366148095887
stachus,catboost,autumn_2024,644,26,13.938275563616079,13.0,0.9382755636160791
stachus,catboost,autumn_2024,645,26,13.217301702484672,13.0,0.21730170248467218
stachus,catboost,autumn_2024,646,26,12.47391580459454,11.0,1.4739158045945402
stachus,catboost,autumn_2024,647,26,10.399653845890317,9.0,1.3996538458903167
stachus,catboost,autumn_2024,648,27,10.475977167137005,8.0,2.475977167137005
stachus,catboost,autumn_2024,649,27,11.039956850580252,9.0,2.0399568505802517
stachus,catboost,autumn_2024,650,27,11.761082265110552,10.0,1.7610822651105522
stachus,catboost,autumn_2024,651,27,11.886383508604075,11.0,0.8863835086040748
stachus,catboost,autumn_2024,652,27,10.996601994169362,8.0,2.996601994169362
stachus,catboost,autumn_2024,653,27,8.922739142463666,5.0,3.9227391424636657
stachus,catboost,autumn_2024,654,27,8.263581363644272,6.0,2.2635813636442723
stachus,catboost,autumn_2024,655,27,8.254333286875422,7.0,1.254333286875422
stachus,catboost,autumn_2024,656,27,8.578908930624834,8.0,0.5789089306248343
stachus,catboost,autumn_2024,657,27,8.706648847715291,8.0,0.7066488477152912
stachus,catboost,autumn_2024,658,27,8.035329693689528,6.0,2.035329693689528
stachus,catboost,autumn_2024,659,27,8.430299998603786,8.0,0.4302999986037861
stachus,catboost,autumn_2024,660,27,9.43186557146827,11.0,1.5681344285317298
stachus,catboost,autumn_2024,661,27,10.85443034363658,13.0,2.1455696563634206
stachus,catboost,autumn_2024,662,27,12.26368314347081,15.0,2.7363168565291893
stachus,catboost,autumn_2024,663,27,12.958170751404246,16.0,3.0418292485957537
stachus,catboost,autumn_2024,664,27,13.974354389032579,15.0,1.0256456109674215
stachus,catboost,autumn_2024,665,27,15.476364600191518,17.0,1.523635399808482
stachus,catboost,autumn_2024,666,27,16.54161761907597,18.0,1.4583823809240286
stachus,catboost,autumn_2024,667,27,16.01723839357137,19.0,2.9827616064286318
stachus,catboost,autumn_2024,668,27,14.635946536973993,14.0,0.635946536973993
stachus,catboost,autumn_2024,669,27,12.950830325998595,13.0,0.04916967400140493
stachus,catboost,autumn_2024,670,27,11.536352476871086,12.0,0.46364752312891433
stachus,catboost,autumn_2024,671,27,11.038705297979806,10.0,1.0387052979798064
stachus,catboost,autumn_2024,672,28,8.846050861974385,7.0,1.8460508619743852
stachus,catboost,autumn_2024,673,28,8.372048424355642,6.0,2.3720484243556417
stachus,catboost,autumn_2024,674,28,7.353480448717551,6.0,1.3534804487175514
stachus,catboost,autumn_2024,675,28,6.430064153299858,5.0,1.430064153299858
stachus,catboost,autumn_2024,676,28,6.391409143449675,5.0,1.3914091434496747
stachus,catboost,autumn_2024,677,28,6.351224295717818,5.0,1.3512242957178184
stachus,catboost,autumn_2024,678,28,7.745843375246249,7.0,0.745843375246249
stachus,catboost,autumn_2024,679,28,8.515331474671843,7.0,1.515331474671843
stachus,catboost,autumn_2024,680,28,9.877569631796403,7.0,2.877569631796403
stachus,catboost,autumn_2024,681,28,11.172650752535764,8.0,3.1726507525357643
stachus,catboost,autumn_2024,682,28,14.83108328478085,17.0,2.168916715219151
stachus,catboost,autumn_2024,683,28,15.686581047117894,19.0,3.313418952882106
stachus,catboost,autumn_2024,684,28,16.04972887970269,18.0,1.9502711202973089
stachus,catboost,autumn_2024,685,28,15.1741518992382,15.0,0.1741518992382005
stachus,catboost,autumn_2024,686,28,15.45223383313289,16.0,0.5477661668671097
stachus,catboost,autumn_2024,687,28,17.022752048076693,21.0,3.9772479519233066
stachus,catboost,autumn_2024,688,28,19.416826828562947,23.0,3.5831731714370534
stachus,catboost,autumn_2024,689,28,22.21297669636785,25.0,2.78702330363215
stachus,catboost,autumn_2024,690,28,26.425589638241355,28.0,1.5744103617586447
stachus,catboost,autumn_2024,691,28,28.526399236734576,32.0,3.4736007632654236
stachus,catboost,autumn_2024,692,28,25.60746499270073,25.0,0.6074649927007307
stachus,catboost,autumn_2024,693,28,20.11302262743348,20.0,0.11302262743348024
stachus,catboost,autumn_2024,694,28,15.926866008849071,15.0,0.9268660088490712
stachus,catboost,autumn_2024,695,28,16.61657878325957,19.0,2.3834212167404303
stachus,catboost,autumn_2024,696,29,15.274488957417834,14.0,1.2744889574178337
stachus,catboost,autumn_2024,697,29,12.275065345166354,9.0,3.275065345166354
stachus,catboost,autumn_2024,698,29,11.294907032582307,10.0,1.2949070325823069
stachus,catboost,autumn_2024,699,29,11.661816804781632,11.0,0.6618168047816315
stachus,catboost,autumn_2024,700,29,12.106939804302138,11.0,1.1069398043021383
stachus,catboost,autumn_2024,701,29,11.198185728237052,7.0,4.198185728237052
stachus,catboost,autumn_2024,702,29,11.678638795801227,11.0,0.678638795801227
stachus,catboost,autumn_2024,703,29,11.761561459238177,12.0,0.23843854076182325
stachus,catboost,autumn_2024,704,29,13.121678642891656,15.0,1.8783213571083444
stachus,catboost,autumn_2024,705,29,16.039255619863848,19.0,2.960744380136152
stachus,catboost,autumn_2024,706,29,19.27200231179137,19.0,0.27200231179136836
stachus,catboost,autumn_2024,707,29,20.7359518724302,20.0,0.7359518724301992
stachus,catboost,autumn_2024,708,29,20.37429190213613,21.0,0.6257080978638712
stachus,catboost,autumn_2024,709,29,18.33354604112249,16.0,2.3335460411224886
stachus,catboost,autumn_2024,710,29,16.22607393540819,14.0,2.2260739354081913
stachus,catboost,autumn_2024,711,29,15.515150187691361,15.0,0.5151501876913613
stachus,catboost,autumn_2024,712,29,17.430057008077092,23.0,5.5699429919229075
stachus,catboost,autumn_2024,713,29,20.734194416617704,28.0,7.265805583382296
stachus,catboost,autumn_2024,714,29,23.481088123331006,29.0,5.518911876668994
stachus,catboost,autumn_2024,715,29,25.377480048576437,28.0,2.6225199514235626
stachus,catboost,autumn_2024,716,29,24.5216544246181,28.0,3.4783455753819013
stachus,catboost,autumn_2024,717,29,24.76356270607169,29.0,4.2364372939283115
stachus,catboost,autumn_2024,718,29,24.647168684351406,28.0,3.3528313156485936
stachus,catboost,autumn_2024,719,29,21.04158128026223,21.0,0.041581280262228404
stachus,catboost,autumn_2024,720,30,19.469024312646884,23.0,3.5309756873531164
stachus,catboost,autumn_2024,721,30,21.689669522266776,29.0,7.310330477733224
stachus,catboost,autumn_2024,722,30,22.999427174882854,27.0,4.000572825117146
stachus,catboost,autumn_2024,723,30,20.72511538583408,24.0,3.27488461416592
stachus,catboost,autumn_2024,724,30,18.127277944946755,20.0,1.872722055053245
stachus,catboost,autumn_2024,725,30,13.302371439869225,12.0,1.3023714398692245
stachus,catboost,autumn_2024,726,30,12.454013618861248,12.0,0.45401361886124825
stachus,catboost,autumn_2024,727,30,12.621055116064182,14.0,1.3789448839358176
stachus,catboost,autumn_2024,728,30,14.523394076545635,17.0,2.4766059234543647
stachus,catboost,autumn_2024,729,30,13.187481328492336,11.0,2.1874813284923356
stachus,catboost,autumn_2024,730,30,11.47074918782885,9.0,2.470749187828851
stachus,catboost,autumn_2024,731,30,10.18381218676327,9.0,1.1838121867632694
stachus,catboost,autumn_2024,732,30,11.196052424078921,13.0,1.8039475759210788
stachus,catboost,autumn_2024,733,30,11.982523822101228,13.0,1.0174761778987715
stachus,catboost,autumn_2024,734,30,12.126912523577019,11.0,1.126912523577019
stachus,catboost,autumn_2024,735,30,11.307993490062065,10.0,1.3079934900620653
stachus,catboost,autumn_2024,736,30,12.346181346369544,11.0,1.3461813463695442
stachus,catboost,autumn_2024,737,30,12.980885275784939,11.0,1.9808852757849387
stachus,catboost,autumn_2024,738,30,14.207094053546298,12.0,2.2070940535462977
stachus,catboost,autumn_2024,739,30,15.26527590006356,14.0,1.2652759000635605
stachus,catboost,autumn_2024,740,30,15.193132006333933,14.0,1.1931320063339328
stachus,catboost,autumn_2024,741,30,15.740017438199038,16.0,0.25998256180096213
stachus,catboost,autumn_2024,742,30,16.194852037078437,16.0,0.19485203707843723
stachus,catboost,autumn_2024,743,30,15.827357355363555,18.0,2.1726426446364453
stachus,catboost,autumn_2024,744,31,16.318695762814016,18.0,1.6813042371859837
stachus,catboost,autumn_2024,745,31,17.093429831067343,19.0,1.9065701689326566
stachus,catboost,autumn_2024,746,31,15.81533930191566,15.0,0.8153393019156603
stachus,catboost,autumn_2024,747,31,12.671475875381194,11.0,1.6714758753811942
stachus,catboost,autumn_2024,748,31,11.0418246259774,9.0,2.0418246259773998
stachus,catboost,autumn_2024,749,31,10.762934793647236,10.0,0.7629347936472364
stachus,catboost,autumn_2024,750,31,11.228767992029638,11.0,0.22876799202963838
stachus,catboost,autumn_2024,751,31,10.743617572837051,9.0,1.743617572837051
stachus,catboost,autumn_2024,752,31,9.685022869503321,8.0,1.685022869503321
stachus,catboost,autumn_2024,753,31,8.628300946379845,7.0,1.628300946379845
stachus,catboost,autumn_2024,754,31,7.560781680279706,6.0,1.5607816802797059
stachus,catboost,autumn_2024,755,31,6.3456511892649825,5.0,1.3456511892649825
stachus,catboost,autumn_2024,756,31,4.976654092023759,3.0,1.9766540920237592
stachus,catboost,autumn_2024,757,31,3.957943382002278,2.0,1.957943382002278
stachus,catboost,autumn_2024,758,31,4.3181704515109915,4.0,0.31817045151099155
stachus,catboost,autumn_2024,759,31,4.760746886799665,5.0,0.23925311320033504
stachus,catboost,autumn_2024,760,31,5.738536811705518,6.0,0.26146318829448223
stachus,catboost,autumn_2024,761,31,8.089520796378965,7.0,1.0895207963789648
stachus,catboost,autumn_2024,762,31,10.805469317249193,11.0,0.19453068275080732
stachus,catboost,autumn_2024,763,31,14.449706752899317,15.0,0.550293247100683
stachus,catboost,autumn_2024,764,31,17.740838665310648,17.0,0.7408386653106476
stachus,catboost,autumn_2024,765,31,18.40603996005145,18.0,0.4060399600514515
stachus,catboost,autumn_2024,766,31,16.905906696741457,14.0,2.9059066967414573
stachus,catboost,autumn_2024,767,31,15.14131054558598,11.0,4.141310545585981
stachus,catboost,autumn_2024,768,32,14.121169084309237,10.0,4.121169084309237
stachus,catboost,autumn_2024,769,32,14.107328576506628,10.0,4.107328576506628
stachus,catboost,autumn_2024,770,32,15.908974236629062,15.0,0.9089742366290618
stachus,catboost,autumn_2024,771,32,17.000368159695782,16.0,1.0003681596957819
stachus,catboost,autumn_2024,772,32,16.1045897432342,14.0,2.1045897432342002
stachus,catboost,autumn_2024,773,32,15.820155965742078,12.0,3.820155965742078
stachus,catboost,autumn_2024,774,32,15.129574702975047,10.0,5.129574702975047
stachus,catboost,autumn_2024,775,32,18.42768468015766,20.0,1.572315319842339
stachus,catboost,autumn_2024,776,32,19.072296368759073,17.0,2.0722963687590727
stachus,catboost,autumn_2024,777,32,17.22226060417082,14.0,3.2222606041708204
stachus,catboost,autumn_2024,778,32,15.40375146321692,13.0,2.4037514632169206
stachus,catboost,autumn_2024,779,32,12.35776145813184,10.0,2.35776145813184
stachus,catboost,autumn_2024,780,32,10.176605597926933,8.0,2.176605597926933
stachus,catboost,autumn_2024,781,32,10.2735601186244,11.0,0.7264398813755992
stachus,catboost,autumn_2024,782,32,11.460630090503567,12.0,0.5393699094964326
stachus,catboost,autumn_2024,783,32,12.27345816058369,13.0,0.7265418394163099
stachus,catboost,autumn_2024,784,32,12.658304109324352,14.0,1.3416958906756484
stachus,catboost,autumn_2024,785,32,12.873135004198922,13.0,0.12686499580107835
stachus,catboost,autumn_2024,786,32,11.915158415289318,12.0,0.08484158471068248
stachus,catboost,autumn_2024,787,32,12.71107050709874,14.0,1.2889294929012607
stachus,catboost,autumn_2024,788,32,14.789511868483862,18.0,3.210488131516138
stachus,catboost,autumn_2024,789,32,14.62270554711953,15.0,0.37729445288047003
stachus,catboost,autumn_2024,790,32,14.018399863860171,14.0,0.01839986386017145
stachus,catboost,autumn_2024,791,32,14.917441658192324,16.0,1.082558341807676
stachus,catboost,autumn_2024,792,33,15.680279562197665,16.0,0.31972043780233506
stachus,catboost,autumn_2024,793,33,16.444046590385927,16.0,0.444046590385927
stachus,catboost,autumn_2024,794,33,17.047010185481508,17.0,0.047010185481507705
stachus,catboost,autumn_2024,795,33,17.578770518464307,17.0,0.5787705184643066
stachus,catboost,autumn_2024,796,33,17.502261321414302,16.0,1.5022613214143021
stachus,catboost,autumn_2024,797,33,16.51409444293156,14.0,2.5140944429315617
stachus,catboost,autumn_2024,798,33,15.797829853603922,14.0,1.797829853603922
stachus,catboost,autumn_2024,799,33,14.67930032050636,12.0,2.6793003205063606
stachus,catboost,autumn_2024,800,33,13.742696538188973,13.0,0.742696538188973
stachus,catboost,autumn_2024,801,33,14.408529893312476,14.0,0.40852989331247613
stachus,catboost,autumn_2024,802,33,14.15924689087142,14.0,0.15924689087142063
stachus,catboost,autumn_2024,803,33,13.688139009657638,12.0,1.6881390096576379
stachus,catboost,autumn_2024,804,33,13.606116118877207,12.0,1.6061161188772068
stachus,catboost,autumn_2024,805,33,13.16552022255096,12.0,1.1655202225509598
stachus,catboost,autumn_2024,806,33,12.400297171593788,11.0,1.4002971715937882
stachus,catboost,autumn_2024,807,33,11.385526721735857,10.0,1.3855267217358573
stachus,catboost,autumn_2024,808,33,10.554506751235515,9.0,1.5545067512355146
stachus,catboost,autumn_2024,809,33,10.40157624042678,9.0,1.4015762404267793
stachus,catboost,autumn_2024,810,33,11.348980217336361,10.0,1.3489802173363614
stachus,catboost,autumn_2024,811,33,12.314890720181344,11.0,1.314890720181344
stachus,catboost,autumn_2024,812,33,13.129026785038178,12.0,1.129026785038178
stachus,catboost,autumn_2024,813,33,13.243948349468791,13.0,0.2439483494687913
stachus,catboost,autumn_2024,814,33,13.043984146185721,12.0,1.0439841461857213
stachus,catboost,autumn_2024,815,33,13.183383290909159,12.0,1.183383290909159
stachus,catboost,autumn_2024,816,34,13.857594569551848,12.0,1.857594569551848
stachus,catboost,autumn_2024,817,34,14.850953008525892,14.0,0.8509530085258916
stachus,catboost,autumn_2024,818,34,15.149645813171743,13.0,2.149645813171743
stachus,catboost,autumn_2024,819,34,15.187818080420858,14.0,1.1878180804208576
stachus,catboost,autumn_2024,820,34,15.63268268072498,14.0,1.6326826807249795
stachus,catboost,autumn_2024,821,34,15.876290873246962,14.0,1.8762908732469619
stachus,catboost,autumn_2024,822,34,14.943478492033929,12.0,2.943478492033929
stachus,catboost,autumn_2024,823,34,14.809646481331544,13.0,1.8096464813315443
stachus,catboost,autumn_2024,824,34,14.499680853646602,14.0,0.499680853646602
stachus,catboost,autumn_2024,825,34,13.991112507395037,13.0,0.9911125073950373
stachus,catboost,autumn_2024,826,34,14.129991142458609,13.0,1.1299911424586089
stachus,catboost,autumn_2024,827,34,12.933945633603287,11.0,1.9339456336032868
stachus,catboost,autumn_2024,828,34,11.700616504388572,10.0,1.700616504388572
stachus,catboost,autumn_2024,829,34,10.113184153330884,9.0,1.1131841533308844
stachus,catboost,autumn_2024,830,34,9.311683363246733,9.0,0.3116833632467326
stachus,catboost,autumn_2024,831,34,11.412009112805222,12.0,0.5879908871947777
stachus,catboost,autumn_2024,832,34,13.534817635100843,14.0,0.46518236489915665
stachus,catboost,autumn_2024,833,34,15.15373259498402,15.0,0.15373259498401914
stachus,catboost,autumn_2024,834,34,16.33045158055566,16.0,0.3304515805556605
stachus,catboost,autumn_2024,835,34,16.625884576085586,17.0,0.37411542391441444
stachus,catboost,autumn_2024,836,34,16.88223700192344,18.0,1.1177629980765609
stachus,catboost,autumn_2024,837,34,17.022368424203965,13.0,4.022368424203965
stachus,catboost,autumn_2024,838,34,16.475539187707476,14.0,2.4755391877074757
stachus,catboost,autumn_2024,839,34,15.976510778380161,15.0,0.9765107783801614
stachus,catboost,autumn_2024,840,35,15.383505371048582,15.0,0.3835053710485816
stachus,catboost,autumn_2024,841,35,14.645462281179103,15.0,0.3545377188208967
stachus,catboost,autumn_2024,842,35,14.357460382885634,14.0,0.357460382885634
stachus,catboost,autumn_2024,843,35,13.712281038457148,14.0,0.28771896154285237
stachus,catboost,autumn_2024,844,35,12.58138422624702,12.0,0.5813842262470192
stachus,catboost,autumn_2024,845,35,11.45173416064003,11.0,0.45173416064002936
stachus,catboost,autumn_2024,846,35,9.659211475404044,9.0,0.6592114754040441
stachus,catboost,autumn_2024,847,35,9.655308912398818,10.0,0.3446910876011824
stachus,catboost,autumn_2024,848,35,9.363540635398657,9.0,0.3635406353986568
stachus,catboost,autumn_2024,849,35,8.93982136199415,8.0,0.9398213619941505
stachus,catboost,autumn_2024,850,35,8.211060247042512,6.0,2.2110602470425125
stachus,catboost,autumn_2024,851,35,7.665152199542582,6.0,1.6651521995425824
stachus,catboost,autumn_2024,852,35,7.56837292000626,7.0,0.5683729200062597
stachus,catboost,autumn_2024,853,35,8.314150123766705,9.0,0.685849876233295
stachus,catboost,autumn_2024,854,35,9.245297811271193,10.0,0.7547021887288068
stachus,catboost,autumn_2024,855,35,10.423850973173925,11.0,0.5761490268260747
stachus,catboost,autumn_2024,856,35,11.566541807633447,10.0,1.5665418076334472
stachus,catboost,autumn_2024,857,35,12.870507455573279,11.0,1.8705074555732786
stachus,catboost,autumn_2024,858,35,14.529459294673984,13.0,1.529459294673984
stachus,catboost,autumn_2024,859,35,16.44497124281174,17.0,0.5550287571882606
stachus,catboost,autumn_2024,860,35,17.935550377951657,19.0,1.0644496220483433
stachus,catboost,autumn_2024,861,35,16.73901085776622,17.0,0.2609891422337789
stachus,catboost,autumn_2024,862,35,14.741680094353336,12.0,2.7416800943533364
stachus,catboost,autumn_2024,863,35,13.382920375680332,13.0,0.38292037568033166
stachus,catboost,autumn_2024,864,36,11.516571692922339,9.0,2.516571692922339
stachus,catboost,autumn_2024,865,36,9.381338693483295,8.0,1.3813386934832952
stachus,catboost,autumn_2024,866,36,8.28223811765338,7.0,1.28223811765338
stachus,catboost,autumn_2024,867,36,7.739776035031504,7.0,0.7397760350315039
stachus,catboost,autumn_2024,868,36,7.974620284371288,7.0,0.9746202843712881
stachus,catboost,autumn_2024,869,36,8.708412683262594,8.0,0.7084126832625941
stachus,catboost,autumn_2024,870,36,9.164137460231775,8.0,1.1641374602317747
stachus,catboost,autumn_2024,871,36,9.070438367530683,7.0,2.0704383675306826
stachus,catboost,autumn_2024,872,36,10.878947161952055,11.0,0.12105283804794453
stachus,catboost,autumn_2024,873,36,14.221121914800191,13.0,1.2211219148001913
stachus,catboost,autumn_2024,874,36,15.656019046165424,13.0,2.656019046165424
stachus,catboost,autumn_2024,875,36,19.18252747268843,19.0,0.18252747268843095
stachus,catboost,autumn_2024,876,36,20.01482109432481,18.0,2.014821094324809
stachus,catboost,autumn_2024,877,36,20.66035119770364,20.0,0.6603511977036405
stachus,catboost,autumn_2024,878,36,21.309451231378564,21.0,0.30945123137856356
stachus,catboost,autumn_2024,879,36,21.549241647020203,19.0,2.549241647020203
stachus,catboost,autumn_2024,880,36,21.321836952572774,20.0,1.3218369525727738
stachus,catboost,autumn_2024,881,36,19.45783441033542,17.0,2.457834410335419
stachus,catboost,autumn_2024,882,36,20.418576561801093,20.0,0.4185765618010926
stachus,catboost,autumn_2024,883,36,21.439772608510943,22.0,0.5602273914890574
stachus,catboost,autumn_2024,884,36,21.731156408306333,21.0,0.7311564083063331
stachus,catboost,autumn_2024,885,36,20.648388709726042,20.0,0.6483887097260421
stachus,catboost,autumn_2024,886,36,19.135196297738307,18.0,1.1351962977383074
stachus,catboost,autumn_2024,887,36,16.443054769655653,13.0,3.443054769655653
stachus,catboost,autumn_2024,888,37,14.367072627850533,12.0,2.3670726278505327
stachus,catboost,autumn_2024,889,37,13.498017960062585,12.0,1.498017960062585
stachus,catboost,autumn_2024,890,37,11.955884642394693,9.0,2.955884642394693
stachus,catboost,autumn_2024,891,37,11.244137311789014,9.0,2.2441373117890144
stachus,catboost,autumn_2024,892,37,10.630273392513178,9.0,1.6302733925131783
stachus,catboost,autumn_2024,893,37,10.053663266981449,8.0,2.0536632669814487
stachus,catboost,autumn_2024,894,37,9.667055023345899,7.0,2.667055023345899
stachus,catboost,autumn_2024,895,37,9.585309559791806,8.0,1.5853095597918063
stachus,catboost,autumn_2024,896,37,9.218802004455949,7.0,2.2188020044559487
stachus,catboost,autumn_2024,897,37,9.157681532509418,7.0,2.157681532509418
stachus,catboost,autumn_2024,898,37,9.034432886366119,7.0,2.034432886366119
stachus,catboost,autumn_2024,899,37,9.095144303696436,7.0,2.0951443036964363
stachus,catboost,autumn_2024,900,37,10.102181758196094,8.0,2.102181758196094
stachus,catboost,autumn_2024,901,37,11.10657702279883,9.0,2.106577022798829
stachus,catboost,autumn_2024,902,37,11.550422601337475,9.0,2.550422601337475
stachus,catboost,autumn_2024,903,37,11.189604686346012,8.0,3.189604686346012
stachus,catboost,autumn_2024,904,37,10.83348298698575,8.0,2.83348298698575
stachus,catboost,autumn_2024,905,37,10.517670192936354,7.0,3.517670192936354
stachus,catboost,autumn_2024,906,37,10.021023179089452,7.0,3.021023179089452
stachus,catboost,autumn_2024,907,37,10.11848978880022,8.0,2.11848978880022
stachus,catboost,autumn_2024,908,37,9.852247798296123,7.0,2.8522477982961227
stachus,catboost,autumn_2024,909,37,9.259857819008445,7.0,2.2598578190084453
stachus,catboost,autumn_2024,910,37,8.698564192968941,6.0,2.6985641929689415
stachus,catboost,autumn_2024,911,37,7.515512637652215,6.0,1.5155126376522148
stachus,catboost,autumn_2024,912,38,7.346300551939121,6.0,1.3463005519391213
stachus,catboost,autumn_2024,913,38,7.1758340137149,7.0,0.17583401371490037
stachus,catboost,autumn_2024,914,38,7.071509933032892,6.0,1.0715099330328917
stachus,catboost,autumn_2024,915,38,6.70602426456672,6.0,0.7060242645667199
stachus,catboost,autumn_2024,916,38,6.264943807849871,6.0,0.26494380784987115
stachus,catboost,autumn_2024,917,38,6.226586324144138,5.0,1.2265863241441384
stachus,catboost,autumn_2024,918,38,6.519024897298856,6.0,0.5190248972988556
stachus,catboost,autumn_2024,919,38,6.85248920671842,7.0,0.14751079328157957
stachus,catboost,autumn_2024,920,38,7.169798681643903,7.0,0.16979868164390322
stachus,catboost,autumn_2024,921,38,7.111051422037692,6.0,1.1110514220376917
stachus,catboost,autumn_2024,922,38,6.597834755302473,5.0,1.5978347553024728
stachus,catboost,autumn_2024,923,38,5.6142843307142805,4.0,1.6142843307142805
stachus,catboost,autumn_2024,924,38,5.45329944905847,4.0,1.4532994490584699
stachus,catboost,autumn_2024,925,38,6.372220337432882,6.0,0.3722203374328821
stachus,catboost,autumn_2024,926,38,6.662903411756657,7.0,0.33709658824334277
stachus,catboost,autumn_2024,927,38,6.824481190699074,6.0,0.8244811906990739
stachus,catboost,autumn_2024,928,38,7.330041095639327,6.0,1.3300410956393272
stachus,catboost,autumn_2024,929,38,7.664937433543758,6.0,1.6649374335437583
stachus,catboost,autumn_2024,930,38,7.873544780593945,7.0,0.8735447805939449
stachus,catboost,autumn_2024,931,38,9.242840121289557,11.0,1.7571598787104428
stachus,catboost,autumn_2024,932,38,10.612494493314554,12.0,1.3875055066854465
stachus,catboost,autumn_2024,933,38,12.031415584794958,13.0,0.9685844152050418
stachus,catboost,autumn_2024,934,38,12.459350723998988,13.0,0.5406492760010124
stachus,catboost,autumn_2024,935,38,11.965265647691849,12.0,0.03473435230815092
stachus,catboost,autumn_2024,936,39,11.479874496403603,11.0,0.47987449640360325
stachus,catboost,autumn_2024,937,39,10.590202629938275,10.0,0.5902026299382754
stachus,catboost,autumn_2024,938,39,9.993434733878692,9.0,0.9934347338786917
stachus,catboost,autumn_2024,939,39,8.92894065231383,8.0,0.9289406523138304
stachus,catboost,autumn_2024,940,39,8.63515453792292,7.0,1.6351545379229204
stachus,catboost,autumn_2024,941,39,7.867491670761538,7.0,0.8674916707615381
stachus,catboost,autumn_2024,942,39,7.3377641489816305,6.0,1.3377641489816305
stachus,catboost,autumn_2024,943,39,7.526736025303267,6.0,1.5267360253032667
stachus,catboost,autumn_2024,944,39,7.088445297790846,6.0,1.0884452977908463
stachus,catboost,autumn_2024,945,39,6.551452351020642,5.0,1.5514523510206422
stachus,catboost,autumn_2024,946,39,6.0473451322120635,4.0,2.0473451322120635
stachus,catboost,autumn_2024,947,39,6.628894732590447,6.0,0.6288947325904468
stachus,catboost,autumn_2024,948,39,7.077261488495047,7.0,0.0772614884950471
stachus,catboost,autumn_2024,949,39,8.892332616619374,11.0,2.107667383380626
stachus,catboost,autumn_2024,950,39,11.417333274291538,12.0,0.5826667257084619
stachus,catboost,autumn_2024,951,39,13.805212221379467,14.0,0.1947877786205332
stachus,catboost,autumn_2024,952,39,15.46990962750301,16.0,0.5300903724969892
stachus,catboost,autumn_2024,953,39,15.55861757245966,16.0,0.44138242754033996
stachus,catboost,autumn_2024,954,39,15.913194689702753,16.0,0.08680531029724747
stachus,catboost,autumn_2024,955,39,16.915664728593093,16.0,0.915664728593093
stachus,catboost,autumn_2024,956,39,17.711787741123917,17.0,0.7117877411239171
stachus,catboost,autumn_2024,957,39,17.975460123724154,17.0,0.9754601237241545
stachus,catboost,autumn_2024,958,39,17.918058230653287,18.0,0.08194176934671304
stachus,catboost,autumn_2024,959,39,18.977216552579325,20.0,1.0227834474206752
stachus,catboost,autumn_2024,960,40,19.13433308390121,18.0,1.1343330839012111
stachus,catboost,autumn_2024,961,40,18.654780414506355,18.0,0.6547804145063552
stachus,catboost,autumn_2024,962,40,13.269077596016912,11.0,2.2690775960169116
stachus,catboost,autumn_2024,963,40,8.689890273787826,7.0,1.6898902737878263
stachus,catboost,autumn_2024,964,40,7.663910542991188,7.0,0.6639105429911876
stachus,catboost,autumn_2024,965,40,6.899711908451318,6.0,0.8997119084513177
stachus,catboost,autumn_2024,966,40,7.1175197888107204,6.0,1.1175197888107204
stachus,catboost,autumn_2024,967,40,7.642386513395581,8.0,0.3576134866044187
stachus,catboost,autumn_2024,968,40,7.372752940240035,6.0,1.3727529402400354
stachus,catboost,autumn_2024,969,40,8.000546889766788,8.0,0.0005468897667881834
stachus,catboost,autumn_2024,970,40,8.643481501271399,7.0,1.643481501271399
stachus,catboost,autumn_2024,971,40,10.1931481610368,11.0,0.8068518389631993
stachus,catboost,autumn_2024,972,40,9.982980607034222,9.0,0.9829806070342215
stachus,catboost,autumn_2024,973,40,9.442196243071688,8.0,1.4421962430716881
stachus,catboost,autumn_2024,974,40,9.305818855323535,8.0,1.305818855323535
stachus,catboost,autumn_2024,975,40,10.384112401705018,9.0,1.3841124017050177
stachus,catboost,autumn_2024,976,40,10.896003840858258,9.0,1.896003840858258
stachus,catboost,autumn_2024,977,40,11.374380187474053,10.0,1.3743801874740527
stachus,catboost,autumn_2024,978,40,11.63302835235555,11.0,0.6330283523555504
stachus,catboost,autumn_2024,979,40,12.353153302609483,12.0,0.3531533026094831
stachus,catboost,autumn_2024,980,40,13.682320598250117,15.0,1.3176794017498832
stachus,catboost,autumn_2024,981,40,15.501044490495241,17.0,1.4989555095047589
stachus,catboost,autumn_2024,982,40,15.800194266524429,17.0,1.1998057334755714
stachus,catboost,autumn_2024,983,40,16.58370798290713,17.0,0.41629201709287145
stachus,catboost,autumn_2024,984,41,16.99726463321033,19.0,2.0027353667896683
stachus,catboost,autumn_2024,985,41,18.576231159337613,21.0,2.4237688406623867
stachus,catboost,autumn_2024,986,41,19.244430447406696,20.0,0.7555695525933039
stachus,catboost,autumn_2024,987,41,18.558756379620704,19.0,0.44124362037929643
stachus,catboost,autumn_2024,988,41,18.37070939130455,19.0,0.6292906086954488
stachus,catboost,autumn_2024,989,41,18.687952630450603,18.0,0.687952630450603
stachus,catboost,autumn_2024,990,41,19.888476347724293,19.0,0.8884763477242927
stachus,catboost,autumn_2024,991,41,20.477546327702868,18.0,2.4775463277028678
stachus,catboost,autumn_2024,992,41,18.701769409425502,15.0,3.701769409425502
stachus,catboost,autumn_2024,993,41,16.97220189618065,14.0,2.97220189618065
stachus,catboost,autumn_2024,994,41,16.549715369338408,14.0,2.549715369338408
stachus,catboost,autumn_2024,995,41,18.22899515732953,21.0,2.7710048426704716
stachus,catboost,autumn_2024,996,41,20.55668518966225,25.0,4.44331481033775
stachus,catboost,autumn_2024,997,41,20.924386207903012,26.0,5.075613792096988
stachus,catboost,autumn_2024,998,41,20.072878902998493,24.0,3.927121097001507
stachus,catboost,autumn_2024,999,41,20.385953002443628,22.0,1.6140469975563718
stachus,catboost,autumn_2024,1000,41,21.473987936787772,26.0,4.526012063212228
stachus,catboost,autumn_2024,1001,41,23.656551622664903,26.0,2.343448377335097
stachus,catboost,autumn_2024,1002,41,23.723464383204075,23.0,0.7234643832040746
stachus,catboost,autumn_2024,1003,41,22.788247146339096,19.0,3.7882471463390957
stachus,catboost,autumn_2024,1004,41,22.077109983081282,19.0,3.0771099830812823
stachus,catboost,autumn_2024,1005,41,22.306208646090155,21.0,1.3062086460901554
stachus,catboost,autumn_2024,1006,41,22.864585124528464,23.0,0.13541487547153608
stachus,catboost,autumn_2024,1007,41,22.78372143565581,23.0,0.21627856434419002
stachus,catboost,autumn_2024,1008,42,22.187002073716116,22.0,0.18700207371611555
stachus,catboost,autumn_2024,1009,42,22.80472528553993,23.0,0.19527471446006928
stachus,catboost,autumn_2024,1010,42,24.75891683364982,28.0,3.2410831663501796
stachus,catboost,autumn_2024,1011,42,26.392425833808023,30.0,3.607574166191977
stachus,catboost,autumn_2024,1012,42,26.299114691816033,28.0,1.7008853081839668
stachus,catboost,autumn_2024,1013,42,26.658185240498906,28.0,1.3418147595010943
stachus,catboost,autumn_2024,1014,42,32.33722376231866,37.0,4.662776237681342
stachus,catboost,autumn_2024,1015,42,35.552078844890076,37.0,1.447921155109924
stachus,catboost,autumn_2024,1016,42,36.456438781522806,36.0,0.4564387815228059
stachus,catboost,autumn_2024,1017,42,34.37438814849992,32.0,2.374388148499918
stachus,catboost,autumn_2024,1018,42,31.54348242480878,30.0,1.5434824248087793
stachus,catboost,autumn_2024,1019,42,30.624127945270214,28.0,2.6241279452702138
stachus,catboost,autumn_2024,1020,42,27.445804418133797,23.0,4.445804418133797
stachus,catboost,autumn_2024,1021,42,22.000203413537335,18.0,4.000203413537335
stachus,catboost,autumn_2024,1022,42,20.501314978701558,17.0,3.501314978701558
stachus,catboost,autumn_2024,1023,42,20.662270290383862,18.0,2.662270290383862
stachus,catboost,autumn_2024,1024,42,20.58658244037065,19.0,1.5865824403706483
stachus,catboost,autumn_2024,1025,42,19.900217450938037,17.0,2.9002174509380367
stachus,catboost,autumn_2024,1026,42,20.027252189656153,17.0,3.027252189656153
stachus,catboost,autumn_2024,1027,42,20.598157441630583,19.0,1.5981574416305833
stachus,catboost,autumn_2024,1028,42,22.580707630018537,21.0,1.5807076300185372
stachus,catboost,autumn_2024,1029,42,23.991993868185155,23.0,0.9919938681851548
stachus,catboost,autumn_2024,1030,42,24.406060384487574,22.0,2.4060603844875743
stachus,catboost,autumn_2024,1031,42,24.06873341837546,22.0,2.0687334183754587
stachus,catboost,autumn_2024,1032,43,23.676220213931146,22.0,1.6762202139311455
stachus,catboost,autumn_2024,1033,43,24.9881438799026,23.0,1.9881438799026014
stachus,catboost,autumn_2024,1034,43,25.1154394557428,22.0,3.1154394557427985
stachus,catboost,autumn_2024,1035,43,25.691466585142543,22.0,3.6914665851425426
stachus,catboost,autumn_2024,1036,43,26.163705468096833,22.0,4.163705468096833
stachus,catboost,autumn_2024,1037,43,25.30402460071176,22.0,3.3040246007117595
stachus,catboost,autumn_2024,1038,43,22.648473691890025,18.0,4.648473691890025
stachus,catboost,autumn_2024,1039,43,23.46265614135235,20.0,3.462656141352351
stachus,catboost,autumn_2024,1040,43,23.322456919426628,19.0,4.322456919426628
stachus,catboost,autumn_2024,1041,43,23.91360718909735,20.0,3.9136071890973483
stachus,catboost,autumn_2024,1042,43,24.85848563530992,21.0,3.8584856353099184
stachus,catboost,autumn_2024,1043,43,25.111379905646565,20.0,5.111379905646565
stachus,catboost,autumn_2024,1044,43,25.998545277632598,23.0,2.998545277632598
stachus,catboost,autumn_2024,1045,43,26.816515358445578,24.0,2.816515358445578
stachus,catboost,autumn_2024,1046,43,25.728249611055254,22.0,3.7282496110552543
stachus,catboost,autumn_2024,1047,43,24.720106466876203,20.0,4.720106466876203
stachus,catboost,autumn_2024,1048,43,24.56086783422817,21.0,3.560867834228169
stachus,catboost,autumn_2024,1049,43,24.858265494880126,22.0,2.8582654948801256
stachus,catboost,autumn_2024,1050,43,24.798571139400792,22.0,2.798571139400792
stachus,catboost,autumn_2024,1051,43,24.473438624288377,20.0,4.473438624288377
stachus,catboost,autumn_2024,1052,43,22.043166545920357,18.0,4.043166545920357
stachus,catboost,autumn_2024,1053,43,20.940581105186745,19.0,1.9405811051867445
stachus,catboost,autumn_2024,1054,43,18.643577251842,17.0,1.6435772518420002
stachus,catboost,autumn_2024,1055,43,15.85079517452815,15.0,0.8507951745281499
