station,model,window,hour_index,day_index,pred,actual,abs_error
augsburg_bourges,lightgbm,spring_2024,0,0,9.796501535356215,10.0,0.20349846464378452
augsburg_bourges,lightgbm,spring_2024,1,0,10.836338156574987,10.0,0.8363381565749872
augsburg_bourges,lightgbm,spring_2024,2,0,13.136088034057352,17.0,3.8639119659426484
augsburg_bourges,lightgbm,spring_2024,3,0,14.27063752259071,18.0,3.729362477409291
augsburg_bourges,lightgbm,spring_2024,4,0,15.680381843328766,18.0,2.3196181566712344
augsburg_bourges,lightgbm,spring_2024,5,0,16.31071919173573,17.0,0.6892808082642716
augsburg_bourges,lightgbm,spring_2024,6,0,16.336081020042695,18.0,1.6639189799573053
augsburg_bourges,lightgbm,spring_2024,7,0,15.430246232865498,16.0,0.5697537671345021
augsburg_bourges,lightgbm,spring_2024,8,0,12.53518236001079,11.0,1.53518236001079
augsburg_bourges,lightgbm,spring_2024,9,0,8.086118133895052,7.0,1.0861181338950523
augsburg_bourges,lightgbm,spring_2024,10,0,6.843700687124364,7.0,0.15629931287563625
augsburg_bourges,lightgbm,spring_2024,11,0,6.829135419800726,7.0,0.1708645801992743
augsburg_bourges,lightgbm,spring_2024,12,0,6.570412732263469,5.0,1.5704127322634687
augsburg_bourges,lightgbm,spring_2024,13,0,5.805738665189023,5.0,0.8057386651890228
augsburg_bourges,lightgbm,spring_2024,14,0,5.509632108184839,4.0,1.5096321081848387
augsburg_bourges,lightgbm,spring_2024,15,0,4.939101110616522,3.0,1.9391011106165221
augsburg_bourges,lightgbm,spring_2024,16,0,4.673746778488457,3.0,1.6737467784884572
augsburg_bourges,lightgbm,spring_2024,17,0,4.50245362395728,3.0,1.5024536239572797
augsburg_bourges,lightgbm,spring_2024,18,0,5.010905960436484,4.0,1.0109059604364843
augsburg_bourges,lightgbm,spring_2024,19,0,5.338084053214942,5.0,0.33808405321494206
augsburg_bourges,lightgbm,spring_2024,20,0,7.06693367414095,6.0,1.0669336741409499
augsburg_bourges,lightgbm,spring_2024,21,0,6.575023045083365,5.0,1.5750230450833653
augsburg_bourges,lightgbm,spring_2024,22,0,5.450985273310224,5.0,0.4509852733102244
augsburg_bourges,lightgbm,spring_2024,23,0,5.560660828935948,5.0,0.5606608289359478
augsburg_bourges,lightgbm,spring_2024,24,1,5.717296982215472,5.0,0.7172969822154718
augsburg_bourges,lightgbm,spring_2024,25,1,5.817103919620727,6.0,0.1828960803792734
augsburg_bourges,lightgbm,spring_2024,26,1,5.415507640428987,6.0,0.584492359571013
augsburg_bourges,lightgbm,spring_2024,27,1,5.479618583503307,5.0,0.4796185835033073
augsburg_bourges,lightgbm,spring_2024,28,1,5.731905391687891,6.0,0.26809460831210874
augsburg_bourges,lightgbm,spring_2024,29,1,5.7533303019458595,5.0,0.7533303019458595
augsburg_bourges,lightgbm,spring_2024,30,1,5.4478489063821,5.0,0.4478489063820996
augsburg_bourges,lightgbm,spring_2024,31,1,5.428052886206829,5.0,0.4280528862068289
augsburg_bourges,lightgbm,spring_2024,32,1,5.168743742174853,5.0,0.16874374217485322
augsburg_bourges,lightgbm,spring_2024,33,1,4.952282191123842,5.0,0.04771780887615762
augsburg_bourges,lightgbm,spring_2024,34,1,3.1708382769037216,2.0,1.1708382769037216
augsburg_bourges,lightgbm,spring_2024,35,1,2.5580547662802355,1.0,1.5580547662802355
augsburg_bourges,lightgbm,spring_2024,36,1,3.43277786795805,3.0,0.43277786795805007
augsburg_bourges,lightgbm,spring_2024,37,1,4.4269337450546296,5.0,0.5730662549453704
augsburg_bourges,lightgbm,spring_2024,38,1,5.000897826184485,4.0,1.0008978261844854
augsburg_bourges,lightgbm,spring_2024,39,1,5.08181981704387,4.0,1.0818198170438702
augsburg_bourges,lightgbm,spring_2024,40,1,5.553990256473027,4.0,1.5539902564730266
augsburg_bourges,lightgbm,spring_2024,41,1,5.552063241278187,3.0,2.552063241278187
augsburg_bourges,lightgbm,spring_2024,42,1,4.301334493916967,2.0,2.3013344939169667
augsburg_bourges,lightgbm,spring_2024,43,1,3.6404689344835863,1.0,2.6404689344835863
augsburg_bourges,lightgbm,spring_2024,44,1,3.224726144776495,1.0,2.224726144776495
augsburg_bourges,lightgbm,spring_2024,45,1,2.424335783408448,1.0,1.424335783408448
augsburg_bourges,lightgbm,spring_2024,46,1,1.8686823459532422,1.0,0.8686823459532422
augsburg_bourges,lightgbm,spring_2024,47,1,1.6216952012296244,0.9,0.7216952012296244
augsburg_bourges,lightgbm,spring_2024,48,2,1.7812571027593478,0.8,0.9812571027593477
augsburg_bourges,lightgbm,spring_2024,49,2,1.9333766473268417,0.5,1.4333766473268417
augsburg_bourges,lightgbm,spring_2024,50,2,1.9022002737170758,0.3,1.6022002737170757
augsburg_bourges,lightgbm,spring_2024,51,2,1.744455941366801,0.3,1.444455941366801
augsburg_bourges,lightgbm,spring_2024,52,2,1.901701237878207,0.5,1.401701237878207
augsburg_bourges,lightgbm,spring_2024,53,2,1.7564840607877235,0.3,1.4564840607877234
augsburg_bourges,lightgbm,spring_2024,54,2,1.75722397851178,0.4,1.35722397851178
augsburg_bourges,lightgbm,spring_2024,55,2,1.7357103718827718,0.6,1.1357103718827717
augsburg_bourges,lightgbm,spring_2024,56,2,1.7992708408595168,0.3,1.4992708408595168
augsburg_bourges,lightgbm,spring_2024,57,2,1.82414573120584,0.3,1.52414573120584
augsburg_bourges,lightgbm,spring_2024,58,2,1.8364023826509572,0.6,1.2364023826509571
augsburg_bourges,lightgbm,spring_2024,59,2,1.895724796135971,0.7,1.195724796135971
augsburg_bourges,lightgbm,spring_2024,60,2,2.1216416535736755,1.0,1.1216416535736755
augsburg_bourges,lightgbm,spring_2024,61,2,2.2171920666075655,2.0,0.21719206660756551
augsburg_bourges,lightgbm,spring_2024,62,2,2.074584770424257,2.0,0.07458477042425704
augsburg_bourges,lightgbm,spring_2024,63,2,2.530156073734085,2.0,0.5301560737340849
augsburg_bourges,lightgbm,spring_2024,64,2,2.905786886645128,2.0,0.905786886645128
augsburg_bourges,lightgbm,spring_2024,65,2,3.1109056828276906,2.0,1.1109056828276906
augsburg_bourges,lightgbm,spring_2024,66,2,3.037296336789917,2.0,1.0372963367899168
augsburg_bourges,lightgbm,spring_2024,67,2,2.989485360359739,2.0,0.9894853603597391
augsburg_bourges,lightgbm,spring_2024,68,2,2.804717564328244,3.0,0.19528243567175618
augsburg_bourges,lightgbm,spring_2024,69,2,2.682573209554804,2.0,0.6825732095548038
augsburg_bourges,lightgbm,spring_2024,70,2,2.5287760880760763,2.0,0.5287760880760763
augsburg_bourges,lightgbm,spring_2024,71,2,2.523113127459912,2.0,0.5231131274599119
augsburg_bourges,lightgbm,spring_2024,72,3,2.6057307641707372,2.0,0.6057307641707372
augsburg_bourges,lightgbm,spring_2024,73,3,2.936577406445617,3.0,0.06342259355438307
augsburg_bourges,lightgbm,spring_2024,74,3,2.7699330098169335,3.0,0.23006699018306653
augsburg_bourges,lightgbm,spring_2024,75,3,3.0363127386867865,4.0,0.9636872613132135
augsburg_bourges,lightgbm,spring_2024,76,3,3.029638548028502,4.0,0.970361451971498
augsburg_bourges,lightgbm,spring_2024,77,3,3.0277634220539555,4.0,0.9722365779460445
augsburg_bourges,lightgbm,spring_2024,78,3,3.238873588066445,4.0,0.7611264119335548
augsburg_bourges,lightgbm,spring_2024,79,3,3.1764374263889783,4.0,0.8235625736110217
augsburg_bourges,lightgbm,spring_2024,80,3,3.1840163934354218,4.0,0.8159836065645782
augsburg_bourges,lightgbm,spring_2024,81,3,3.1593993473674797,5.0,1.8406006526325203
augsburg_bourges,lightgbm,spring_2024,82,3,3.140530001108232,4.0,0.8594699988917678
augsburg_bourges,lightgbm,spring_2024,83,3,2.8912459004919984,2.0,0.8912459004919984
augsburg_bourges,lightgbm,spring_2024,84,3,3.035413736288713,2.0,1.0354137362887128
augsburg_bourges,lightgbm,spring_2024,85,3,3.0281170427430952,2.0,1.0281170427430952
augsburg_bourges,lightgbm,spring_2024,86,3,3.305741813744398,2.0,1.305741813744398
augsburg_bourges,lightgbm,spring_2024,87,3,4.314312603278624,2.0,2.3143126032786236
augsburg_bourges,lightgbm,spring_2024,88,3,4.491615477819669,2.0,2.4916154778196686
augsburg_bourges,lightgbm,spring_2024,89,3,5.049385219798427,4.0,1.0493852197984266
augsburg_bourges,lightgbm,spring_2024,90,3,5.8365343467347355,5.0,0.8365343467347355
augsburg_bourges,lightgbm,spring_2024,91,3,7.645658259016362,8.0,0.3543417409836378
augsburg_bourges,lightgbm,spring_2024,92,3,7.649079530634884,7.0,0.649079530634884
augsburg_bourges,lightgbm,spring_2024,93,3,6.589316120602341,6.0,0.5893161206023407
augsburg_bourges,lightgbm,spring_2024,94,3,5.4100347838658225,4.0,1.4100347838658225
augsburg_bourges,lightgbm,spring_2024,95,3,4.813867682958437,4.0,0.8138676829584366
augsburg_bourges,lightgbm,spring_2024,96,4,4.0607220477143455,4.0,0.06072204771434553
augsburg_bourges,lightgbm,spring_2024,97,4,4.123226426018529,6.0,1.8767735739814713
augsburg_bourges,lightgbm,spring_2024,98,4,4.063410057099118,7.0,2.9365899429008824
augsburg_bourges,lightgbm,spring_2024,99,4,4.372223653578789,6.0,1.6277763464212107
augsburg_bourges,lightgbm,spring_2024,100,4,4.312227732194159,5.0,0.6877722678058413
augsburg_bourges,lightgbm,spring_2024,101,4,4.449526741368013,6.0,1.5504732586319872
augsburg_bourges,lightgbm,spring_2024,102,4,4.866689623422304,7.0,2.133310376577696
augsburg_bourges,lightgbm,spring_2024,103,4,4.826814448888537,6.0,1.1731855511114633
augsburg_bourges,lightgbm,spring_2024,104,4,4.940864339124435,6.0,1.0591356608755653
augsburg_bourges,lightgbm,spring_2024,105,4,5.166730808617027,7.0,1.833269191382973
augsburg_bourges,lightgbm,spring_2024,106,4,5.915453555620552,7.0,1.0845464443794484
augsburg_bourges,lightgbm,spring_2024,107,4,6.0683995451972725,7.0,0.9316004548027275
augsburg_bourges,lightgbm,spring_2024,108,4,6.367569445230588,7.0,0.632430554769412
augsburg_bourges,lightgbm,spring_2024,109,4,6.1270223029157265,6.0,0.12702230291572647
augsburg_bourges,lightgbm,spring_2024,110,4,6.375222501356971,6.0,0.375222501356971
augsburg_bourges,lightgbm,spring_2024,111,4,6.961371178364131,6.0,0.9613711783641312
augsburg_bourges,lightgbm,spring_2024,112,4,8.015046781281962,6.0,2.0150467812819617
augsburg_bourges,lightgbm,spring_2024,113,4,8.846975907731284,6.0,2.8469759077312844
augsburg_bourges,lightgbm,spring_2024,114,4,10.38305662396291,8.0,2.3830566239629096
augsburg_bourges,lightgbm,spring_2024,115,4,12.970291001596431,11.0,1.970291001596431
augsburg_bourges,lightgbm,spring_2024,116,4,12.879992682296201,12.0,0.8799926822962014
augsburg_bourges,lightgbm,spring_2024,117,4,13.301848788239196,12.0,1.3018487882391963
augsburg_bourges,lightgbm,spring_2024,118,4,12.598183440765782,11.0,1.5981834407657818
augsburg_bourges,lightgbm,spring_2024,119,4,10.593842229215529,12.0,1.4061577707844712
augsburg_bourges,lightgbm,spring_2024,120,5,11.377373124088317,14.0,2.622626875911683
augsburg_bourges,lightgbm,spring_2024,121,5,12.560342958988281,15.0,2.439657041011719
augsburg_bourges,lightgbm,spring_2024,122,5,12.07428543745258,13.0,0.9257145625474195
augsburg_bourges,lightgbm,spring_2024,123,5,11.89076731427657,13.0,1.1092326857234305
augsburg_bourges,lightgbm,spring_2024,124,5,11.857534528487365,12.0,0.14246547151263478
augsburg_bourges,lightgbm,spring_2024,125,5,11.960905117705147,11.0,0.9609051177051473
augsburg_bourges,lightgbm,spring_2024,126,5,11.552333197097209,10.0,1.5523331970972087
augsburg_bourges,lightgbm,spring_2024,127,5,11.219628032096677,9.0,2.2196280320966775
augsburg_bourges,lightgbm,spring_2024,128,5,9.496275143240554,8.0,1.4962751432405543
augsburg_bourges,lightgbm,spring_2024,129,5,9.46978146163313,8.0,1.4697814616331293
augsburg_bourges,lightgbm,spring_2024,130,5,9.29105209309188,9.0,0.2910520930918796
augsburg_bourges,lightgbm,spring_2024,131,5,8.871907637524872,6.0,2.871907637524872
augsburg_bourges,lightgbm,spring_2024,132,5,8.11368361252413,5.0,3.113683612524129
augsburg_bourges,lightgbm,spring_2024,133,5,7.210963368791882,5.0,2.210963368791882
augsburg_bourges,lightgbm,spring_2024,134,5,7.056081919658579,5.0,2.0560819196585793
augsburg_bourges,lightgbm,spring_2024,135,5,10.396712757976413,14.0,3.603287242023587
augsburg_bourges,lightgbm,spring_2024,136,5,13.653421735745008,15.0,1.3465782642549922
augsburg_bourges,lightgbm,spring_2024,137,5,15.478444813612478,14.0,1.4784448136124784
augsburg_bourges,lightgbm,spring_2024,138,5,11.390387002481486,8.0,3.3903870024814857
augsburg_bourges,lightgbm,spring_2024,139,5,4.56761592472654,2.0,2.5676159247265398
augsburg_bourges,lightgbm,spring_2024,140,5,1.6886796946146387,1.0,0.6886796946146387
augsburg_bourges,lightgbm,spring_2024,141,5,1.6338724140085332,1.0,0.6338724140085332
augsburg_bourges,lightgbm,spring_2024,142,5,1.5999746229019538,1.0,0.5999746229019538
augsburg_bourges,lightgbm,spring_2024,143,5,1.7228220690595124,2.0,0.2771779309404876
augsburg_bourges,lightgbm,spring_2024,144,6,2.503041679805031,3.0,0.496958320194969
augsburg_bourges,lightgbm,spring_2024,145,6,3.0291632551861807,3.0,0.02916325518618068
augsburg_bourges,lightgbm,spring_2024,146,6,2.5925341411709173,2.0,0.5925341411709173
augsburg_bourges,lightgbm,spring_2024,147,6,2.2829017065491612,0.4,1.8829017065491613
augsburg_bourges,lightgbm,spring_2024,148,6,1.889069881921374,0.4,1.489069881921374
augsburg_bourges,lightgbm,spring_2024,149,6,2.3607181985759187,2.0,0.3607181985759187
augsburg_bourges,lightgbm,spring_2024,150,6,5.719451146984812,14.0,8.280548853015187
augsburg_bourges,lightgbm,spring_2024,151,6,4.759964067351148,1.0,3.759964067351148
augsburg_bourges,lightgbm,spring_2024,152,6,3.1875571258647897,0.8,2.38755712586479
augsburg_bourges,lightgbm,spring_2024,153,6,2.5108122279201557,0.9,1.6108122279201558
augsburg_bourges,lightgbm,spring_2024,154,6,3.050166904682656,2.0,1.0501669046826558
augsburg_bourges,lightgbm,spring_2024,155,6,2.9389858189435967,2.0,0.9389858189435967
augsburg_bourges,lightgbm,spring_2024,156,6,2.2842631621311584,0.5,1.7842631621311584
augsburg_bourges,lightgbm,spring_2024,157,6,1.7245252155715265,0.3,1.4245252155715264
augsburg_bourges,lightgbm,spring_2024,158,6,1.8376396979695186,0.6,1.2376396979695188
augsburg_bourges,lightgbm,spring_2024,159,6,1.9820088241382892,0.7,1.2820088241382892
augsburg_bourges,lightgbm,spring_2024,160,6,1.9403060671999677,1.0,0.9403060671999677
augsburg_bourges,lightgbm,spring_2024,161,6,2.1959877718814664,2.0,0.19598777188146643
augsburg_bourges,lightgbm,spring_2024,162,6,2.595171720253805,2.0,0.5951717202538052
augsburg_bourges,lightgbm,spring_2024,163,6,3.9938585058901457,4.0,0.006141494109854317
augsburg_bourges,lightgbm,spring_2024,164,6,4.516707201236404,4.0,0.5167072012364038
augsburg_bourges,lightgbm,spring_2024,165,6,4.9701065898998165,5.0,0.029893410100183537
augsburg_bourges,lightgbm,spring_2024,166,6,4.346307591240742,3.0,1.346307591240742
augsburg_bourges,lightgbm,spring_2024,167,6,3.7128748579407507,3.0,0.7128748579407507
augsburg_bourges,lightgbm,spring_2024,168,7,3.280328178663131,3.0,0.28032817866313087
augsburg_bourges,lightgbm,spring_2024,169,7,3.3496957633299567,3.0,0.34969576332995667
augsburg_bourges,lightgbm,spring_2024,170,7,2.85105501556061,1.0,1.8510550155606098
augsburg_bourges,lightgbm,spring_2024,171,7,2.437744029108468,1.0,1.437744029108468
augsburg_bourges,lightgbm,spring_2024,172,7,1.929337786038726,1.0,0.929337786038726
augsburg_bourges,lightgbm,spring_2024,173,7,1.9329902210232304,1.0,0.9329902210232304
augsburg_bourges,lightgbm,spring_2024,174,7,1.6682120749309244,0.6,1.0682120749309245
augsburg_bourges,lightgbm,spring_2024,175,7,1.7970869006003098,1.0,0.7970869006003098
augsburg_bourges,lightgbm,spring_2024,176,7,1.7058264987759941,1.0,0.7058264987759941
augsburg_bourges,lightgbm,spring_2024,177,7,1.8984552374964452,3.0,1.1015447625035548
augsburg_bourges,lightgbm,spring_2024,178,7,2.0991605074632007,4.0,1.9008394925367993
augsburg_bourges,lightgbm,spring_2024,179,7,2.545476293788584,4.0,1.454523706211416
augsburg_bourges,lightgbm,spring_2024,180,7,3.396139995316356,5.0,1.6038600046836442
augsburg_bourges,lightgbm,spring_2024,181,7,4.144759424208463,5.0,0.8552405757915373
augsburg_bourges,lightgbm,spring_2024,182,7,4.467773773476665,4.0,0.46777377347666516
augsburg_bourges,lightgbm,spring_2024,183,7,4.534637830983128,4.0,0.5346378309831277
augsburg_bourges,lightgbm,spring_2024,184,7,5.109244135654707,5.0,0.10924413565470736
augsburg_bourges,lightgbm,spring_2024,185,7,6.281211354321181,6.0,0.28121135432118116
augsburg_bourges,lightgbm,spring_2024,186,7,10.231269467994693,12.0,1.768730532005307
augsburg_bourges,lightgbm,spring_2024,187,7,14.979897522272113,17.0,2.020102477727887
augsburg_bourges,lightgbm,spring_2024,188,7,24.00403438319833,24.0,0.0040343831983307155
augsburg_bourges,lightgbm,spring_2024,189,7,33.69377288022014,27.0,6.693772880220138
augsburg_bourges,lightgbm,spring_2024,190,7,39.76970116352307,40.0,0.2302988364769334
augsburg_bourges,lightgbm,spring_2024,191,7,39.223396268433625,40.0,0.7766037315663752
augsburg_bourges,lightgbm,spring_2024,192,8,39.528250888874005,40.0,0.4717491111259946
augsburg_bourges,lightgbm,spring_2024,193,8,40.44461275281168,40.0,0.444612752811679
augsburg_bourges,lightgbm,spring_2024,194,8,40.864728794296965,40.0,0.8647287942969655
augsburg_bourges,lightgbm,spring_2024,195,8,40.44636016651069,40.0,0.44636016651069355
augsburg_bourges,lightgbm,spring_2024,196,8,39.67711270885955,40.0,0.32288729114044656
augsburg_bourges,lightgbm,spring_2024,197,8,39.97548419915885,40.0,0.024515800841150792
augsburg_bourges,lightgbm,spring_2024,198,8,38.70718460310657,40.0,1.292815396893431
augsburg_bourges,lightgbm,spring_2024,199,8,38.50253776368377,38.0,0.5025377636837689
augsburg_bourges,lightgbm,spring_2024,200,8,36.99196162667881,33.0,3.9919616266788083
augsburg_bourges,lightgbm,spring_2024,201,8,36.66578389778068,31.0,5.665783897780678
augsburg_bourges,lightgbm,spring_2024,202,8,36.93409135317242,30.0,6.93409135317242
augsburg_bourges,lightgbm,spring_2024,203,8,37.59920759701838,30.0,7.599207597018378
augsburg_bourges,lightgbm,spring_2024,204,8,38.32069739394399,31.0,7.320697393943988
augsburg_bourges,lightgbm,spring_2024,205,8,38.13306754647974,33.0,5.133067546479737
augsburg_bourges,lightgbm,spring_2024,206,8,38.00986494368051,36.0,2.009864943680512
augsburg_bourges,lightgbm,spring_2024,207,8,38.195561262603846,40.0,1.8044387373961541
augsburg_bourges,lightgbm,spring_2024,208,8,38.76836626368566,40.0,1.2316337363143433
augsburg_bourges,lightgbm,spring_2024,209,8,40.656390461146145,40.0,0.6563904611461453
augsburg_bourges,lightgbm,spring_2024,210,8,41.05665123414248,40.0,1.0566512341424783
augsburg_bourges,lightgbm,spring_2024,211,8,41.37691069384614,40.0,1.376910693846142
augsburg_bourges,lightgbm,spring_2024,212,8,40.91280267364559,35.0,5.9128026736455865
augsburg_bourges,lightgbm,spring_2024,213,8,41.12379682568133,28.0,13.123796825681332
augsburg_bourges,lightgbm,spring_2024,214,8,39.85134573549262,24.0,15.851345735492622
augsburg_bourges,lightgbm,spring_2024,215,8,38.33691474447372,22.0,16.336914744473717
augsburg_bourges,lightgbm,spring_2024,216,9,40.16291889360939,25.0,15.162918893609387
augsburg_bourges,lightgbm,spring_2024,217,9,40.789029433207205,24.0,16.789029433207205
augsburg_bourges,lightgbm,spring_2024,218,9,40.774606867917626,19.0,21.774606867917626
augsburg_bourges,lightgbm,spring_2024,219,9,38.4221304400854,16.0,22.422130440085397
augsburg_bourges,lightgbm,spring_2024,220,9,36.40534158325516,15.0,21.405341583255158
augsburg_bourges,lightgbm,spring_2024,221,9,35.85185664067685,15.0,20.85185664067685
augsburg_bourges,lightgbm,spring_2024,222,9,35.29373067708728,14.0,21.293730677087282
augsburg_bourges,lightgbm,spring_2024,223,9,36.42279258462085,16.0,20.42279258462085
augsburg_bourges,lightgbm,spring_2024,224,9,37.11000072496884,16.0,21.11000072496884
augsburg_bourges,lightgbm,spring_2024,225,9,37.43903421106832,20.0,17.439034211068318
augsburg_bourges,lightgbm,spring_2024,226,9,36.546455532038614,21.0,15.546455532038614
augsburg_bourges,lightgbm,spring_2024,227,9,36.46711357888622,20.0,16.46711357888622
augsburg_bourges,lightgbm,spring_2024,228,9,35.843243735458074,21.0,14.843243735458074
augsburg_bourges,lightgbm,spring_2024,229,9,36.67949202070315,21.0,15.679492020703151
augsburg_bourges,lightgbm,spring_2024,230,9,36.7671230088854,18.0,18.7671230088854
augsburg_bourges,lightgbm,spring_2024,231,9,35.408354154503286,16.0,19.408354154503286
augsburg_bourges,lightgbm,spring_2024,232,9,33.045674128378494,15.0,18.045674128378494
augsburg_bourges,lightgbm,spring_2024,233,9,33.58706217254257,16.0,17.587062172542574
augsburg_bourges,lightgbm,spring_2024,234,9,34.30281516552941,16.0,18.30281516552941
augsburg_bourges,lightgbm,spring_2024,235,9,34.86023871858276,18.0,16.860238718582757
augsburg_bourges,lightgbm,spring_2024,236,9,24.012846988824954,11.0,13.012846988824954
augsburg_bourges,lightgbm,spring_2024,237,9,10.049265361133028,5.0,5.049265361133028
augsburg_bourges,lightgbm,spring_2024,238,9,8.806335648490393,6.0,2.8063356484903927
augsburg_bourges,lightgbm,spring_2024,239,9,7.793200263714066,5.0,2.7932002637140663
augsburg_bourges,lightgbm,spring_2024,240,10,7.598580144722206,6.0,1.5985801447222059
augsburg_bourges,lightgbm,spring_2024,241,10,7.903455206007314,7.0,0.9034552060073144
augsburg_bourges,lightgbm,spring_2024,242,10,8.91635824581017,9.0,0.08364175418983066
augsburg_bourges,lightgbm,spring_2024,243,10,6.730796268470765,3.0,3.7307962684707654
augsburg_bourges,lightgbm,spring_2024,244,10,4.864772366174129,2.0,2.8647723661741287
augsburg_bourges,lightgbm,spring_2024,245,10,4.781728976185272,3.0,1.7817289761852724
augsburg_bourges,lightgbm,spring_2024,246,10,4.524544674993077,3.0,1.524544674993077
augsburg_bourges,lightgbm,spring_2024,247,10,3.9937653378872224,3.0,0.9937653378872224
augsburg_bourges,lightgbm,spring_2024,248,10,3.8977084086766767,4.0,0.10229159132332333
augsburg_bourges,lightgbm,spring_2024,249,10,1.8566402560097164,0.9,0.9566402560097164
augsburg_bourges,lightgbm,spring_2024,250,10,1.314517651300995,0.9,0.41451765130099505
augsburg_bourges,lightgbm,spring_2024,251,10,1.300759685364926,0.8,0.5007596853649259
augsburg_bourges,lightgbm,spring_2024,252,10,1.5770254677249536,1.0,0.5770254677249536
augsburg_bourges,lightgbm,spring_2024,253,10,1.728547203119635,1.0,0.728547203119635
augsburg_bourges,lightgbm,spring_2024,254,10,1.6938784609743378,1.0,0.6938784609743378
augsburg_bourges,lightgbm,spring_2024,255,10,1.8818983671999279,1.0,0.8818983671999279
augsburg_bourges,lightgbm,spring_2024,256,10,1.9889629872643066,2.0,0.011037012735693352
augsburg_bourges,lightgbm,spring_2024,257,10,2.6611118003472196,3.0,0.3388881996527804
augsburg_bourges,lightgbm,spring_2024,258,10,2.951658907179938,2.0,0.951658907179938
augsburg_bourges,lightgbm,spring_2024,259,10,3.0590104622107313,2.0,1.0590104622107313
augsburg_bourges,lightgbm,spring_2024,260,10,2.6775776455875904,2.0,0.6775776455875904
augsburg_bourges,lightgbm,spring_2024,261,10,2.6624296684291777,2.0,0.6624296684291777
augsburg_bourges,lightgbm,spring_2024,262,10,2.6201667770302137,2.0,0.6201667770302137
augsburg_bourges,lightgbm,spring_2024,263,10,2.6126859179880855,1.0,1.6126859179880855
augsburg_bourges,lightgbm,spring_2024,264,11,2.621553870936252,2.0,0.621553870936252
augsburg_bourges,lightgbm,spring_2024,265,11,2.676848028733223,0.5,2.176848028733223
augsburg_bourges,lightgbm,spring_2024,266,11,2.5114620128469354,0.3,2.2114620128469356
augsburg_bourges,lightgbm,spring_2024,267,11,2.536794363587589,0.4,2.136794363587589
augsburg_bourges,lightgbm,spring_2024,268,11,2.595728621623674,0.4,2.195728621623674
augsburg_bourges,lightgbm,spring_2024,269,11,2.6953130574877897,0.3,2.39531305748779
augsburg_bourges,lightgbm,spring_2024,270,11,2.6585937461509936,0.3,2.358593746150994
augsburg_bourges,lightgbm,spring_2024,271,11,2.6246183729536585,0.4,2.2246183729536586
augsburg_bourges,lightgbm,spring_2024,272,11,2.5158560826310072,0.3,2.2158560826310074
augsburg_bourges,lightgbm,spring_2024,273,11,3.0778238875072153,1.0,2.0778238875072153
augsburg_bourges,lightgbm,spring_2024,274,11,3.038345474874425,1.0,2.038345474874425
augsburg_bourges,lightgbm,spring_2024,275,11,3.0844864743012352,1.0,2.0844864743012352
augsburg_bourges,lightgbm,spring_2024,276,11,3.025391424000013,1.0,2.025391424000013
augsburg_bourges,lightgbm,spring_2024,277,11,3.130766649121679,0.9,2.230766649121679
augsburg_bourges,lightgbm,spring_2024,278,11,2.7939282400911067,0.8,1.9939282400911067
augsburg_bourges,lightgbm,spring_2024,279,11,3.06518052492994,1.0,2.06518052492994
augsburg_bourges,lightgbm,spring_2024,280,11,3.1204234433138014,0.9,2.2204234433138015
augsburg_bourges,lightgbm,spring_2024,281,11,3.2594363268189643,1.0,2.2594363268189643
augsburg_bourges,lightgbm,spring_2024,282,11,4.126630949827549,1.0,3.1266309498275486
augsburg_bourges,lightgbm,spring_2024,283,11,4.298957887646045,3.0,1.2989578876460453
augsburg_bourges,lightgbm,spring_2024,284,11,4.229738968531284,2.0,2.229738968531284
augsburg_bourges,lightgbm,spring_2024,285,11,3.475358825182927,2.0,1.4753588251829268
augsburg_bourges,lightgbm,spring_2024,286,11,3.577722127405339,2.0,1.5777221274053388
augsburg_bourges,lightgbm,spring_2024,287,11,3.560907920536442,3.0,0.560907920536442
augsburg_bourges,lightgbm,spring_2024,288,12,3.7601064894738228,4.0,0.23989351052617724
augsburg_bourges,lightgbm,spring_2024,289,12,3.9065456581948155,4.0,0.09345434180518453
augsburg_bourges,lightgbm,spring_2024,290,12,3.5612830589715228,4.0,0.43871694102847725
augsburg_bourges,lightgbm,spring_2024,291,12,3.721719363332901,3.0,0.7217193633329009
augsburg_bourges,lightgbm,spring_2024,292,12,3.4791760257545286,2.0,1.4791760257545286
augsburg_bourges,lightgbm,spring_2024,293,12,3.6847229763868885,3.0,0.6847229763868885
augsburg_bourges,lightgbm,spring_2024,294,12,3.7080059933602763,3.0,0.7080059933602763
augsburg_bourges,lightgbm,spring_2024,295,12,3.9411838348547645,5.0,1.0588161651452355
augsburg_bourges,lightgbm,spring_2024,296,12,3.544982713536001,3.0,0.544982713536001
augsburg_bourges,lightgbm,spring_2024,297,12,4.410331189352377,5.0,0.5896688106476233
augsburg_bourges,lightgbm,spring_2024,298,12,4.535262073863993,4.0,0.5352620738639926
augsburg_bourges,lightgbm,spring_2024,299,12,4.393306317371536,4.0,0.3933063173715361
augsburg_bourges,lightgbm,spring_2024,300,12,4.303256755764416,4.0,0.3032567557644157
augsburg_bourges,lightgbm,spring_2024,301,12,4.4530872274285676,4.0,0.45308722742856755
augsburg_bourges,lightgbm,spring_2024,302,12,4.2453396781769275,3.0,1.2453396781769275
augsburg_bourges,lightgbm,spring_2024,303,12,4.148636521196581,4.0,0.14863652119658077
augsburg_bourges,lightgbm,spring_2024,304,12,4.505069570350634,5.0,0.49493042964936595
augsburg_bourges,lightgbm,spring_2024,305,12,5.484596160970335,6.0,0.5154038390296654
augsburg_bourges,lightgbm,spring_2024,306,12,5.647354642450584,4.0,1.6473546424505843
augsburg_bourges,lightgbm,spring_2024,307,12,4.38386687929917,2.0,2.3838668792991697
augsburg_bourges,lightgbm,spring_2024,308,12,3.2943391534535533,1.0,2.2943391534535533
augsburg_bourges,lightgbm,spring_2024,309,12,3.1083600377309946,1.0,2.1083600377309946
augsburg_bourges,lightgbm,spring_2024,310,12,2.545712359634448,0.7,1.845712359634448
augsburg_bourges,lightgbm,spring_2024,311,12,2.5118397803472434,0.5,2.0118397803472434
augsburg_bourges,lightgbm,spring_2024,312,13,2.604399184746126,0.8,1.8043991847461258
augsburg_bourges,lightgbm,spring_2024,313,13,2.829422221490147,0.3,2.5294222214901474
augsburg_bourges,lightgbm,spring_2024,314,13,2.698990850682433,0.5,2.198990850682433
augsburg_bourges,lightgbm,spring_2024,315,13,2.6812357480936617,0.6,2.0812357480936616
augsburg_bourges,lightgbm,spring_2024,316,13,2.7207048729725014,0.6,2.1207048729725013
augsburg_bourges,lightgbm,spring_2024,317,13,2.5506433782378966,0.4,2.1506433782378966
augsburg_bourges,lightgbm,spring_2024,318,13,2.5201916840531338,0.3,2.220191684053134
augsburg_bourges,lightgbm,spring_2024,319,13,2.5725717104349464,0.4,2.1725717104349465
augsburg_bourges,lightgbm,spring_2024,320,13,2.489615395420068,0.7,1.789615395420068
augsburg_bourges,lightgbm,spring_2024,321,13,2.2308014293953993,1.0,1.2308014293953993
augsburg_bourges,lightgbm,spring_2024,322,13,2.060410507828443,2.0,0.06041050782844293
augsburg_bourges,lightgbm,spring_2024,323,13,2.177412515655663,2.0,0.17741251565566296
augsburg_bourges,lightgbm,spring_2024,324,13,2.438151475824538,2.0,0.43815147582453795
augsburg_bourges,lightgbm,spring_2024,325,13,2.7243204697779753,3.0,0.27567953022202474
augsburg_bourges,lightgbm,spring_2024,326,13,3.1062546591078966,3.0,0.10625465910789655
augsburg_bourges,lightgbm,spring_2024,327,13,3.178461964036823,3.0,0.1784619640368228
augsburg_bourges,lightgbm,spring_2024,328,13,3.1469095386290906,3.0,0.14690953862909062
augsburg_bourges,lightgbm,spring_2024,329,13,3.027870803925724,2.0,1.0278708039257238
augsburg_bourges,lightgbm,spring_2024,330,13,3.248628423300832,3.0,0.2486284233008318
augsburg_bourges,lightgbm,spring_2024,331,13,4.456607834578937,9.0,4.543392165421063
augsburg_bourges,lightgbm,spring_2024,332,13,5.360222795860414,6.0,0.6397772041395857
augsburg_bourges,lightgbm,spring_2024,333,13,7.587692173235249,11.0,3.412307826764751
augsburg_bourges,lightgbm,spring_2024,334,13,5.578205142201002,4.0,1.5782051422010017
augsburg_bourges,lightgbm,spring_2024,335,13,4.574565737814455,3.0,1.5745657378144546
augsburg_bourges,lightgbm,spring_2024,336,14,3.9503330269036065,3.0,0.9503330269036065
augsburg_bourges,lightgbm,spring_2024,337,14,3.888415738656208,3.0,0.8884157386562079
augsburg_bourges,lightgbm,spring_2024,338,14,4.257004619434042,4.0,0.25700461943404207
augsburg_bourges,lightgbm,spring_2024,339,14,4.9963113491174305,5.0,0.003688650882569533
augsburg_bourges,lightgbm,spring_2024,340,14,5.31389879448472,5.0,0.3138987944847198
augsburg_bourges,lightgbm,spring_2024,341,14,5.709153783508134,4.0,1.7091537835081336
augsburg_bourges,lightgbm,spring_2024,342,14,6.020887624601401,5.0,1.020887624601401
augsburg_bourges,lightgbm,spring_2024,343,14,6.273894661384173,7.0,0.7261053386158274
augsburg_bourges,lightgbm,spring_2024,344,14,5.768684242933876,6.0,0.23131575706612395
augsburg_bourges,lightgbm,spring_2024,345,14,4.67556755118302,3.0,1.6755675511830201
augsburg_bourges,lightgbm,spring_2024,346,14,4.003546192565321,3.0,1.003546192565321
augsburg_bourges,lightgbm,spring_2024,347,14,3.735466042667194,3.0,0.735466042667194
augsburg_bourges,lightgbm,spring_2024,348,14,3.6947515241635793,3.0,0.6947515241635793
augsburg_bourges,lightgbm,spring_2024,349,14,3.6852345555910673,3.0,0.6852345555910673
augsburg_bourges,lightgbm,spring_2024,350,14,3.6558807653333605,3.0,0.6558807653333605
augsburg_bourges,lightgbm,spring_2024,351,14,4.038142155187778,4.0,0.03814215518777786
augsburg_bourges,lightgbm,spring_2024,352,14,4.951663345151708,5.0,0.04833665484829197
augsburg_bourges,lightgbm,spring_2024,353,14,6.1572505578945576,8.0,1.8427494421054424
augsburg_bourges,lightgbm,spring_2024,354,14,6.94226865857917,7.0,0.05773134142082981
augsburg_bourges,lightgbm,spring_2024,355,14,7.7304342792089,7.0,0.7304342792089003
augsburg_bourges,lightgbm,spring_2024,356,14,8.128427481685497,9.0,0.8715725183145029
augsburg_bourges,lightgbm,spring_2024,357,14,16.59777842091354,23.0,6.402221579086461
augsburg_bourges,lightgbm,spring_2024,358,14,16.973573198589524,15.0,1.9735731985895235
augsburg_bourges,lightgbm,spring_2024,359,14,9.030187114563118,5.0,4.030187114563118
augsburg_bourges,lightgbm,spring_2024,360,15,7.573186205001557,7.0,0.5731862050015568
augsburg_bourges,lightgbm,spring_2024,361,15,7.286843720028834,8.0,0.7131562799711659
augsburg_bourges,lightgbm,spring_2024,362,15,7.543665229247668,9.0,1.4563347707523322
augsburg_bourges,lightgbm,spring_2024,363,15,7.573764861534489,9.0,1.4262351384655112
augsburg_bourges,lightgbm,spring_2024,364,15,7.7153341871448,9.0,1.2846658128552004
augsburg_bourges,lightgbm,spring_2024,365,15,6.965690019540169,6.0,0.965690019540169
augsburg_bourges,lightgbm,spring_2024,366,15,6.512829518049398,6.0,0.512829518049398
augsburg_bourges,lightgbm,spring_2024,367,15,5.806980175006417,5.0,0.8069801750064167
augsburg_bourges,lightgbm,spring_2024,368,15,5.818726321428091,5.0,0.8187263214280911
augsburg_bourges,lightgbm,spring_2024,369,15,5.583906104474924,4.0,1.5839061044749236
augsburg_bourges,lightgbm,spring_2024,370,15,5.772711155138735,4.0,1.772711155138735
augsburg_bourges,lightgbm,spring_2024,371,15,5.932784664344938,4.0,1.932784664344938
augsburg_bourges,lightgbm,spring_2024,372,15,5.882534102994836,4.0,1.8825341029948364
augsburg_bourges,lightgbm,spring_2024,373,15,5.94943194138,3.0,2.9494319413800003
augsburg_bourges,lightgbm,spring_2024,374,15,6.19671534050847,3.0,3.1967153405084696
augsburg_bourges,lightgbm,spring_2024,375,15,6.766335170611935,4.0,2.766335170611935
augsburg_bourges,lightgbm,spring_2024,376,15,7.765881791101398,4.0,3.765881791101398
augsburg_bourges,lightgbm,spring_2024,377,15,8.113500499333464,4.0,4.113500499333464
augsburg_bourges,lightgbm,spring_2024,378,15,10.542588226719946,7.0,3.542588226719946
augsburg_bourges,lightgbm,spring_2024,379,15,17.957642560273193,13.0,4.957642560273193
augsburg_bourges,lightgbm,spring_2024,380,15,30.00393934617818,26.0,4.0039393461781785
augsburg_bourges,lightgbm,spring_2024,381,15,36.47955894166354,39.0,2.520441058336459
augsburg_bourges,lightgbm,spring_2024,382,15,37.349931622358035,39.0,1.650068377641965
augsburg_bourges,lightgbm,spring_2024,383,15,36.609462586174644,37.0,0.39053741382535634
augsburg_bourges,lightgbm,spring_2024,384,16,21.354026676816495,13.0,8.354026676816495
augsburg_bourges,lightgbm,spring_2024,385,16,10.29212917036806,7.0,3.29212917036806
augsburg_bourges,lightgbm,spring_2024,386,16,7.134859328381117,5.0,2.1348593283811166
augsburg_bourges,lightgbm,spring_2024,387,16,5.537138593927405,4.0,1.5371385939274047
augsburg_bourges,lightgbm,spring_2024,388,16,4.736638517390088,3.0,1.7366385173900882
augsburg_bourges,lightgbm,spring_2024,389,16,4.210287092676028,3.0,1.2102870926760279
augsburg_bourges,lightgbm,spring_2024,390,16,4.393425663757417,4.0,0.3934256637574167
augsburg_bourges,lightgbm,spring_2024,391,16,5.258239930334766,4.0,1.2582399303347662
augsburg_bourges,lightgbm,spring_2024,392,16,5.867679089348797,4.0,1.8676790893487967
augsburg_bourges,lightgbm,spring_2024,393,16,5.688882787188221,3.0,2.688882787188221
augsburg_bourges,lightgbm,spring_2024,394,16,7.905010431636544,5.0,2.905010431636544
augsburg_bourges,lightgbm,spring_2024,395,16,11.115970449876716,8.0,3.1159704498767162
augsburg_bourges,lightgbm,spring_2024,396,16,17.56144432857559,9.0,8.56144432857559
augsburg_bourges,lightgbm,spring_2024,397,16,19.784434294661978,10.0,9.784434294661978
augsburg_bourges,lightgbm,spring_2024,398,16,20.509505903051053,10.0,10.509505903051053
augsburg_bourges,lightgbm,spring_2024,399,16,20.731033365636506,10.0,10.731033365636506
augsburg_bourges,lightgbm,spring_2024,400,16,21.906885118751745,10.0,11.906885118751745
augsburg_bourges,lightgbm,spring_2024,401,16,25.145996087510483,12.0,13.145996087510483
augsburg_bourges,lightgbm,spring_2024,402,16,29.287364554631715,14.0,15.287364554631715
augsburg_bourges,lightgbm,spring_2024,403,16,33.90553226537933,20.0,13.905532265379328
augsburg_bourges,lightgbm,spring_2024,404,16,34.91882438259669,20.0,14.91882438259669
augsburg_bourges,lightgbm,spring_2024,405,16,29.28609737526961,13.0,16.28609737526961
augsburg_bourges,lightgbm,spring_2024,406,16,23.958804836560176,11.0,12.958804836560176
augsburg_bourges,lightgbm,spring_2024,407,16,19.88810972431585,9.0,10.88810972431585
augsburg_bourges,lightgbm,spring_2024,408,17,16.614983790141615,8.0,8.614983790141615
augsburg_bourges,lightgbm,spring_2024,409,17,15.885342077357091,9.0,6.885342077357091
augsburg_bourges,lightgbm,spring_2024,410,17,15.516722582739947,8.0,7.516722582739947
augsburg_bourges,lightgbm,spring_2024,411,17,15.758977269995865,10.0,5.7589772699958655
augsburg_bourges,lightgbm,spring_2024,412,17,17.925445507939198,12.0,5.925445507939198
augsburg_bourges,lightgbm,spring_2024,413,17,20.025390615103174,13.0,7.0253906151031735
augsburg_bourges,lightgbm,spring_2024,414,17,23.55108666544832,15.0,8.55108666544832
augsburg_bourges,lightgbm,spring_2024,415,17,29.936076217934044,16.0,13.936076217934044
augsburg_bourges,lightgbm,spring_2024,416,17,29.554896138267964,15.0,14.554896138267964
augsburg_bourges,lightgbm,spring_2024,417,17,29.06588030084774,13.0,16.06588030084774
augsburg_bourges,lightgbm,spring_2024,418,17,29.413365441412722,13.0,16.413365441412722
augsburg_bourges,lightgbm,spring_2024,419,17,29.6661440725684,13.0,16.6661440725684
augsburg_bourges,lightgbm,spring_2024,420,17,31.327047423507956,15.0,16.327047423507956
augsburg_bourges,lightgbm,spring_2024,421,17,33.443259251573025,20.0,13.443259251573025
augsburg_bourges,lightgbm,spring_2024,422,17,35.16670311513858,20.0,15.166703115138581
augsburg_bourges,lightgbm,spring_2024,423,17,35.084553925343315,22.0,13.084553925343315
augsburg_bourges,lightgbm,spring_2024,424,17,35.54728581414107,21.0,14.54728581414107
augsburg_bourges,lightgbm,spring_2024,425,17,36.89686246144866,21.0,15.896862461448663
augsburg_bourges,lightgbm,spring_2024,426,17,38.139749449549704,22.0,16.139749449549704
augsburg_bourges,lightgbm,spring_2024,427,17,38.866427472911646,20.0,18.866427472911646
augsburg_bourges,lightgbm,spring_2024,428,17,38.689303019798686,19.0,19.689303019798686
augsburg_bourges,lightgbm,spring_2024,429,17,38.70727985968558,18.0,20.707279859685578
augsburg_bourges,lightgbm,spring_2024,430,17,37.50123155592552,19.0,18.50123155592552
augsburg_bourges,lightgbm,spring_2024,431,17,37.09145962847942,20.0,17.09145962847942
augsburg_bourges,lightgbm,spring_2024,432,18,35.161612931486545,20.0,15.161612931486545
augsburg_bourges,lightgbm,spring_2024,433,18,33.26868547303317,20.0,13.268685473033173
augsburg_bourges,lightgbm,spring_2024,434,18,33.311502223038815,18.0,15.311502223038815
augsburg_bourges,lightgbm,spring_2024,435,18,32.99746137935367,18.0,14.997461379353673
augsburg_bourges,lightgbm,spring_2024,436,18,34.905668251266135,18.0,16.905668251266135
augsburg_bourges,lightgbm,spring_2024,437,18,34.90302831238442,20.0,14.903028312384421
augsburg_bourges,lightgbm,spring_2024,438,18,35.760431974719786,19.0,16.760431974719786
augsburg_bourges,lightgbm,spring_2024,439,18,35.598536710760065,15.0,20.598536710760065
augsburg_bourges,lightgbm,spring_2024,440,18,27.872339016860547,10.0,17.872339016860547
augsburg_bourges,lightgbm,spring_2024,441,18,25.968822002206437,10.0,15.968822002206437
augsburg_bourges,lightgbm,spring_2024,442,18,23.833529328019385,10.0,13.833529328019385
augsburg_bourges,lightgbm,spring_2024,443,18,22.25765093760432,9.0,13.257650937604321
augsburg_bourges,lightgbm,spring_2024,444,18,13.60071309372777,4.0,9.60071309372777
augsburg_bourges,lightgbm,spring_2024,445,18,6.150267216242375,2.0,4.150267216242375
augsburg_bourges,lightgbm,spring_2024,446,18,3.6150681348977334,1.0,2.6150681348977334
augsburg_bourges,lightgbm,spring_2024,447,18,3.4403337840448907,1.0,2.4403337840448907
augsburg_bourges,lightgbm,spring_2024,448,18,3.705705305876295,2.0,1.705705305876295
augsburg_bourges,lightgbm,spring_2024,449,18,3.936003416193567,2.0,1.936003416193567
augsburg_bourges,lightgbm,spring_2024,450,18,3.7039238698453576,2.0,1.7039238698453576
augsburg_bourges,lightgbm,spring_2024,451,18,4.108924657336159,3.0,1.1089246573361589
augsburg_bourges,lightgbm,spring_2024,452,18,4.127020336295449,3.0,1.1270203362954492
augsburg_bourges,lightgbm,spring_2024,453,18,3.316345868407485,2.0,1.3163458684074851
augsburg_bourges,lightgbm,spring_2024,454,18,3.322483489849827,2.0,1.322483489849827
augsburg_bourges,lightgbm,spring_2024,455,18,3.4529420330284,2.0,1.4529420330284002
augsburg_bourges,lightgbm,spring_2024,456,19,3.537417732623514,2.0,1.5374177326235139
augsburg_bourges,lightgbm,spring_2024,457,19,3.6792642137483895,2.0,1.6792642137483895
augsburg_bourges,lightgbm,spring_2024,458,19,3.576554608731838,2.0,1.576554608731838
augsburg_bourges,lightgbm,spring_2024,459,19,3.5307903088913783,2.0,1.5307903088913783
augsburg_bourges,lightgbm,spring_2024,460,19,3.9141724895030805,2.0,1.9141724895030805
augsburg_bourges,lightgbm,spring_2024,461,19,3.541002537049119,2.0,1.5410025370491192
augsburg_bourges,lightgbm,spring_2024,462,19,3.526441402503298,2.0,1.526441402503298
augsburg_bourges,lightgbm,spring_2024,463,19,3.825686569655586,2.0,1.825686569655586
augsburg_bourges,lightgbm,spring_2024,464,19,3.8695882577580574,3.0,0.8695882577580574
augsburg_bourges,lightgbm,spring_2024,465,19,4.330189982367647,3.0,1.3301899823676466
augsburg_bourges,lightgbm,spring_2024,466,19,4.716366641407682,3.0,1.7163666414076824
augsburg_bourges,lightgbm,spring_2024,467,19,4.663112779185512,2.0,2.6631127791855116
augsburg_bourges,lightgbm,spring_2024,468,19,4.548369784422285,2.0,2.5483697844222846
augsburg_bourges,lightgbm,spring_2024,469,19,4.9525416586494355,2.0,2.9525416586494355
augsburg_bourges,lightgbm,spring_2024,470,19,5.176079374226119,2.0,3.176079374226119
augsburg_bourges,lightgbm,spring_2024,471,19,6.1084089652120985,3.0,3.1084089652120985
augsburg_bourges,lightgbm,spring_2024,472,19,6.8659024190853,3.0,3.8659024190853
augsburg_bourges,lightgbm,spring_2024,473,19,8.276784541814488,5.0,3.2767845418144876
augsburg_bourges,lightgbm,spring_2024,474,19,8.435305144717681,4.0,4.435305144717681
augsburg_bourges,lightgbm,spring_2024,475,19,8.577386591866315,5.0,3.577386591866315
augsburg_bourges,lightgbm,spring_2024,476,19,9.947734474215538,7.0,2.9477344742155385
augsburg_bourges,lightgbm,spring_2024,477,19,14.850060043721605,12.0,2.850060043721605
augsburg_bourges,lightgbm,spring_2024,478,19,17.333418455917478,12.0,5.333418455917478
augsburg_bourges,lightgbm,spring_2024,479,19,17.428069077456165,12.0,5.428069077456165
augsburg_bourges,lightgbm,spring_2024,480,20,14.78458129789472,10.0,4.78458129789472
augsburg_bourges,lightgbm,spring_2024,481,20,12.942097463723224,10.0,2.942097463723224
augsburg_bourges,lightgbm,spring_2024,482,20,11.273100290521327,9.0,2.2731002905213273
augsburg_bourges,lightgbm,spring_2024,483,20,10.622909473276527,9.0,1.6229094732765272
augsburg_bourges,lightgbm,spring_2024,484,20,8.962145999827172,7.0,1.9621459998271717
augsburg_bourges,lightgbm,spring_2024,485,20,8.775307352549396,7.0,1.7753073525493956
augsburg_bourges,lightgbm,spring_2024,486,20,9.537059015935357,8.0,1.5370590159353572
augsburg_bourges,lightgbm,spring_2024,487,20,10.496714467002857,8.0,2.4967144670028567
augsburg_bourges,lightgbm,spring_2024,488,20,10.19414466167493,8.0,2.1941446616749296
augsburg_bourges,lightgbm,spring_2024,489,20,9.702107930846198,7.0,2.702107930846198
augsburg_bourges,lightgbm,spring_2024,490,20,7.912815416745495,5.0,2.912815416745495
augsburg_bourges,lightgbm,spring_2024,491,20,6.79801818636664,5.0,1.7980181863666402
augsburg_bourges,lightgbm,spring_2024,492,20,7.177028249675122,6.0,1.1770282496751223
augsburg_bourges,lightgbm,spring_2024,493,20,7.332077566696979,7.0,0.3320775666969791
augsburg_bourges,lightgbm,spring_2024,494,20,7.421877285386031,7.0,0.42187728538603064
augsburg_bourges,lightgbm,spring_2024,495,20,8.11537061460595,7.0,1.1153706146059505
augsburg_bourges,lightgbm,spring_2024,496,20,8.868095185296466,7.0,1.8680951852964665
augsburg_bourges,lightgbm,spring_2024,497,20,10.388779069696255,7.0,3.3887790696962554
augsburg_bourges,lightgbm,spring_2024,498,20,11.650456077459692,8.0,3.650456077459692
augsburg_bourges,lightgbm,spring_2024,499,20,12.780467905543974,9.0,3.780467905543974
augsburg_bourges,lightgbm,spring_2024,500,20,18.865720486269833,18.0,0.8657204862698329
augsburg_bourges,lightgbm,spring_2024,501,20,21.89935122728789,17.0,4.899351227287891
augsburg_bourges,lightgbm,spring_2024,502,20,21.949296721460588,18.0,3.9492967214605876
augsburg_bourges,lightgbm,spring_2024,503,20,19.80467318991037,15.0,4.804673189910371
augsburg_bourges,lightgbm,spring_2024,504,21,16.868518265680542,11.0,5.868518265680542
augsburg_bourges,lightgbm,spring_2024,505,21,15.197470118273671,10.0,5.197470118273671
augsburg_bourges,lightgbm,spring_2024,506,21,14.840352051782903,10.0,4.840352051782903
augsburg_bourges,lightgbm,spring_2024,507,21,13.788358701553298,10.0,3.788358701553298
augsburg_bourges,lightgbm,spring_2024,508,21,14.26684967415334,12.0,2.26684967415334
augsburg_bourges,lightgbm,spring_2024,509,21,16.48903865968881,15.0,1.4890386596888092
augsburg_bourges,lightgbm,spring_2024,510,21,17.79399580944083,17.0,0.7939958094408297
augsburg_bourges,lightgbm,spring_2024,511,21,19.397131615600244,17.0,2.3971316156002445
augsburg_bourges,lightgbm,spring_2024,512,21,20.747291239343866,18.0,2.747291239343866
augsburg_bourges,lightgbm,spring_2024,513,21,20.013662018503855,16.0,4.0136620185038545
augsburg_bourges,lightgbm,spring_2024,514,21,18.049965908583818,13.0,5.049965908583818
augsburg_bourges,lightgbm,spring_2024,515,21,15.652084304132797,11.0,4.6520843041327975
augsburg_bourges,lightgbm,spring_2024,516,21,14.435455025619232,11.0,3.435455025619232
augsburg_bourges,lightgbm,spring_2024,517,21,13.58894966066966,9.0,4.588949660669661
augsburg_bourges,lightgbm,spring_2024,518,21,13.084737427492774,8.0,5.084737427492774
augsburg_bourges,lightgbm,spring_2024,519,21,12.496486227370681,8.0,4.496486227370681
augsburg_bourges,lightgbm,spring_2024,520,21,12.491935550964667,8.0,4.4919355509646675
augsburg_bourges,lightgbm,spring_2024,521,21,12.571672056294892,8.0,4.571672056294892
augsburg_bourges,lightgbm,spring_2024,522,21,13.101090203944652,8.0,5.101090203944652
augsburg_bourges,lightgbm,spring_2024,523,21,14.183894280570966,9.0,5.183894280570966
augsburg_bourges,lightgbm,spring_2024,524,21,18.191262227567442,12.0,6.191262227567442
augsburg_bourges,lightgbm,spring_2024,525,21,21.542262891478476,15.0,6.542262891478476
augsburg_bourges,lightgbm,spring_2024,526,21,23.201541396790496,16.0,7.201541396790496
augsburg_bourges,lightgbm,spring_2024,527,21,23.15602137609219,15.0,8.156021376092191
augsburg_bourges,lightgbm,spring_2024,528,22,22.25785691227706,14.0,8.25785691227706
augsburg_bourges,lightgbm,spring_2024,529,22,20.352198412589747,15.0,5.352198412589747
augsburg_bourges,lightgbm,spring_2024,530,22,19.53630405630699,16.0,3.5363040563069887
augsburg_bourges,lightgbm,spring_2024,531,22,19.840312145293137,16.0,3.8403121452931366
augsburg_bourges,lightgbm,spring_2024,532,22,20.16080056844999,17.0,3.1608005684499894
augsburg_bourges,lightgbm,spring_2024,533,22,19.653898263841754,17.0,2.6538982638417536
augsburg_bourges,lightgbm,spring_2024,534,22,19.718194170916647,16.0,3.7181941709166466
augsburg_bourges,lightgbm,spring_2024,535,22,18.07900751307899,14.0,4.079007513078992
augsburg_bourges,lightgbm,spring_2024,536,22,14.135592006045083,9.0,5.1355920060450835
augsburg_bourges,lightgbm,spring_2024,537,22,13.849060967155618,11.0,2.8490609671556175
augsburg_bourges,lightgbm,spring_2024,538,22,15.26379157253829,13.0,2.26379157253829
augsburg_bourges,lightgbm,spring_2024,539,22,15.290925568851717,10.0,5.290925568851717
augsburg_bourges,lightgbm,spring_2024,540,22,13.355270447365806,7.0,6.355270447365806
augsburg_bourges,lightgbm,spring_2024,541,22,11.644075784210802,6.0,5.644075784210802
augsburg_bourges,lightgbm,spring_2024,542,22,9.65981471874802,4.0,5.65981471874802
augsburg_bourges,lightgbm,spring_2024,543,22,8.422330422814918,3.0,5.422330422814918
augsburg_bourges,lightgbm,spring_2024,544,22,8.441363716624783,3.0,5.4413637166247835
augsburg_bourges,lightgbm,spring_2024,545,22,10.293939418732206,5.0,5.293939418732206
augsburg_bourges,lightgbm,spring_2024,546,22,12.842405119493511,5.0,7.842405119493511
augsburg_bourges,lightgbm,spring_2024,547,22,16.697109220411793,10.0,6.697109220411793
augsburg_bourges,lightgbm,spring_2024,548,22,21.595833774862665,13.0,8.595833774862665
augsburg_bourges,lightgbm,spring_2024,549,22,24.011798285465694,14.0,10.011798285465694
augsburg_bourges,lightgbm,spring_2024,550,22,24.39849705294749,14.0,10.39849705294749
augsburg_bourges,lightgbm,spring_2024,551,22,18.784017027805984,9.0,9.784017027805984
augsburg_bourges,lightgbm,spring_2024,552,23,14.617415248633318,8.0,6.617415248633318
augsburg_bourges,lightgbm,spring_2024,553,23,12.618139421174861,9.0,3.6181394211748614
augsburg_bourges,lightgbm,spring_2024,554,23,10.859329954202874,8.0,2.859329954202874
augsburg_bourges,lightgbm,spring_2024,555,23,11.109256618651747,8.0,3.109256618651747
augsburg_bourges,lightgbm,spring_2024,556,23,11.382320657707645,8.0,3.382320657707645
augsburg_bourges,lightgbm,spring_2024,557,23,11.773167677566448,8.0,3.773167677566448
augsburg_bourges,lightgbm,spring_2024,558,23,10.311365128545862,7.0,3.3113651285458623
augsburg_bourges,lightgbm,spring_2024,559,23,9.242131891119714,6.0,3.2421318911197137
augsburg_bourges,lightgbm,spring_2024,560,23,8.486060069722436,5.0,3.486060069722436
augsburg_bourges,lightgbm,spring_2024,561,23,8.004747160533087,5.0,3.0047471605330873
augsburg_bourges,lightgbm,spring_2024,562,23,7.4450570518842785,5.0,2.4450570518842785
augsburg_bourges,lightgbm,spring_2024,563,23,7.149101689410537,5.0,2.1491016894105366
augsburg_bourges,lightgbm,spring_2024,564,23,7.296829237390944,5.0,2.296829237390944
augsburg_bourges,lightgbm,spring_2024,565,23,7.872517912326999,5.0,2.872517912326999
augsburg_bourges,lightgbm,spring_2024,566,23,8.063563855392019,6.0,2.063563855392019
augsburg_bourges,lightgbm,spring_2024,567,23,9.268522632935536,6.0,3.268522632935536
augsburg_bourges,lightgbm,spring_2024,568,23,11.052045652801413,7.0,4.052045652801413
augsburg_bourges,lightgbm,spring_2024,569,23,12.02539157788725,8.0,4.02539157788725
augsburg_bourges,lightgbm,spring_2024,570,23,13.189285807138324,8.0,5.189285807138324
augsburg_bourges,lightgbm,spring_2024,571,23,13.989427878330954,9.0,4.989427878330954
augsburg_bourges,lightgbm,spring_2024,572,23,13.570487741470725,8.0,5.570487741470725
augsburg_bourges,lightgbm,spring_2024,573,23,15.665211029562206,11.0,4.665211029562206
augsburg_bourges,lightgbm,spring_2024,574,23,20.741588899240487,20.0,0.7415888992404867
augsburg_bourges,lightgbm,spring_2024,575,23,18.82262546393932,12.0,6.822625463939321
augsburg_bourges,lightgbm,spring_2024,576,24,15.892309450177015,11.0,4.892309450177015
augsburg_bourges,lightgbm,spring_2024,577,24,13.525920800003188,11.0,2.5259208000031883
augsburg_bourges,lightgbm,spring_2024,578,24,11.28048252676687,9.0,2.2804825267668694
augsburg_bourges,lightgbm,spring_2024,579,24,8.107949605567704,7.0,1.107949605567704
augsburg_bourges,lightgbm,spring_2024,580,24,6.833267273965474,7.0,0.16673272603452638
augsburg_bourges,lightgbm,spring_2024,581,24,7.1700751986064954,8.0,0.8299248013935046
augsburg_bourges,lightgbm,spring_2024,582,24,7.676553449319627,8.0,0.323446550680373
augsburg_bourges,lightgbm,spring_2024,583,24,8.164076452463902,9.0,0.8359235475360975
augsburg_bourges,lightgbm,spring_2024,584,24,9.149329749261192,9.0,0.14932974926119158
augsburg_bourges,lightgbm,spring_2024,585,24,11.033041311445567,9.0,2.033041311445567
augsburg_bourges,lightgbm,spring_2024,586,24,9.965354563393275,6.0,3.9653545633932747
augsburg_bourges,lightgbm,spring_2024,587,24,6.491785329154646,4.0,2.491785329154646
augsburg_bourges,lightgbm,spring_2024,588,24,5.642447527201458,4.0,1.6424475272014583
augsburg_bourges,lightgbm,spring_2024,589,24,5.775537798015031,5.0,0.7755377980150309
augsburg_bourges,lightgbm,spring_2024,590,24,6.413604156845303,6.0,0.4136041568453033
augsburg_bourges,lightgbm,spring_2024,591,24,6.109053421315439,6.0,0.10905342131543883
augsburg_bourges,lightgbm,spring_2024,592,24,6.232652761009326,5.0,1.2326527610093256
augsburg_bourges,lightgbm,spring_2024,593,24,5.725360333260304,4.0,1.725360333260304
augsburg_bourges,lightgbm,spring_2024,594,24,5.267831895037648,3.0,2.2678318950376477
augsburg_bourges,lightgbm,spring_2024,595,24,5.3119946657798796,3.0,2.3119946657798796
augsburg_bourges,lightgbm,spring_2024,596,24,4.833748007896885,2.0,2.833748007896885
augsburg_bourges,lightgbm,spring_2024,597,24,3.9370381289522434,3.0,0.9370381289522434
augsburg_bourges,lightgbm,spring_2024,598,24,3.5235845304590443,2.0,1.5235845304590443
augsburg_bourges,lightgbm,spring_2024,599,24,2.045860315368657,1.0,1.0458603153686572
augsburg_bourges,lightgbm,spring_2024,600,25,1.446618461683635,1.0,0.44661846168363506
augsburg_bourges,lightgbm,spring_2024,601,25,1.9124820088729266,1.0,0.9124820088729266
augsburg_bourges,lightgbm,spring_2024,602,25,1.7511672609822317,0.4,1.3511672609822316
augsburg_bourges,lightgbm,spring_2024,603,25,1.9782262972924982,0.7,1.2782262972924983
augsburg_bourges,lightgbm,spring_2024,604,25,2.062644454879776,0.8,1.2626444548797762
augsburg_bourges,lightgbm,spring_2024,605,25,1.8970144167356784,0.7,1.1970144167356784
augsburg_bourges,lightgbm,spring_2024,606,25,1.875418351220202,0.6,1.275418351220202
augsburg_bourges,lightgbm,spring_2024,607,25,1.7548440257152067,0.9,0.8548440257152067
augsburg_bourges,lightgbm,spring_2024,608,25,1.759289585729037,0.8,0.9592895857290369
augsburg_bourges,lightgbm,spring_2024,609,25,1.864228140572326,1.0,0.864228140572326
augsburg_bourges,lightgbm,spring_2024,610,25,1.910117491960658,2.0,0.08988250803934195
augsburg_bourges,lightgbm,spring_2024,611,25,2.0789142019694427,2.0,0.07891420196944265
augsburg_bourges,lightgbm,spring_2024,612,25,2.5606081894333967,2.0,0.5606081894333967
augsburg_bourges,lightgbm,spring_2024,613,25,2.7602165501102727,1.0,1.7602165501102727
augsburg_bourges,lightgbm,spring_2024,614,25,2.936384792739889,1.0,1.9363847927398892
augsburg_bourges,lightgbm,spring_2024,615,25,3.0353442178378693,1.0,2.0353442178378693
augsburg_bourges,lightgbm,spring_2024,616,25,2.9071311789574152,0.9,2.0071311789574153
augsburg_bourges,lightgbm,spring_2024,617,25,2.859501084556664,0.9,1.9595010845566643
augsburg_bourges,lightgbm,spring_2024,618,25,2.9287489789332133,0.8,2.1287489789332135
augsburg_bourges,lightgbm,spring_2024,619,25,2.830598788947726,1.0,1.830598788947726
augsburg_bourges,lightgbm,spring_2024,620,25,2.5021091220497054,0.5,2.0021091220497054
augsburg_bourges,lightgbm,spring_2024,621,25,2.439971314561838,0.6,1.8399713145618377
augsburg_bourges,lightgbm,spring_2024,622,25,1.7222258096605607,0.4,1.3222258096605608
augsburg_bourges,lightgbm,spring_2024,623,25,1.5817303124980022,0.3,1.2817303124980022
augsburg_bourges,lightgbm,spring_2024,624,26,1.7189010286074946,0.7,1.0189010286074947
augsburg_bourges,lightgbm,spring_2024,625,26,1.8487984204468626,0.3,1.5487984204468626
augsburg_bourges,lightgbm,spring_2024,626,26,1.7263329823407747,0.3,1.4263329823407747
augsburg_bourges,lightgbm,spring_2024,627,26,1.6605941298676226,0.3,1.3605941298676225
augsburg_bourges,lightgbm,spring_2024,628,26,1.893583808238158,0.5,1.393583808238158
augsburg_bourges,lightgbm,spring_2024,629,26,1.8759522957077674,0.3,1.5759522957077674
augsburg_bourges,lightgbm,spring_2024,630,26,1.9319450428011637,0.3,1.6319450428011637
augsburg_bourges,lightgbm,spring_2024,631,26,2.029885340703813,0.5,1.5298853407038129
augsburg_bourges,lightgbm,spring_2024,632,26,2.1535740659023674,1.0,1.1535740659023674
augsburg_bourges,lightgbm,spring_2024,633,26,2.556253775747115,3.0,0.4437462242528851
augsburg_bourges,lightgbm,spring_2024,634,26,3.575563586879415,4.0,0.4244364131205849
augsburg_bourges,lightgbm,spring_2024,635,26,4.223999817566252,4.0,0.2239998175662521
augsburg_bourges,lightgbm,spring_2024,636,26,4.118315899043942,4.0,0.11831589904394235
augsburg_bourges,lightgbm,spring_2024,637,26,3.3811785616499708,1.0,2.3811785616499708
augsburg_bourges,lightgbm,spring_2024,638,26,3.7945630516763114,2.0,1.7945630516763114
augsburg_bourges,lightgbm,spring_2024,639,26,4.467474489418997,4.0,0.46747448941899705
augsburg_bourges,lightgbm,spring_2024,640,26,4.432620531730307,3.0,1.432620531730307
augsburg_bourges,lightgbm,spring_2024,641,26,4.826481681910984,3.0,1.826481681910984
augsburg_bourges,lightgbm,spring_2024,642,26,4.733485068448048,3.0,1.733485068448048
augsburg_bourges,lightgbm,spring_2024,643,26,4.605086572199698,3.0,1.6050865721996983
augsburg_bourges,lightgbm,spring_2024,644,26,3.897105488833014,3.0,0.8971054888330139
augsburg_bourges,lightgbm,spring_2024,645,26,3.4715508323138105,4.0,0.5284491676861895
augsburg_bourges,lightgbm,spring_2024,646,26,3.2354804720089745,3.0,0.23548047200897448
augsburg_bourges,lightgbm,spring_2024,647,26,2.7497074512986917,3.0,0.25029254870130835
augsburg_bourges,lightgbm,spring_2024,648,27,2.940727855460933,3.0,0.05927214453906693
augsburg_bourges,lightgbm,spring_2024,649,27,3.5583169249210034,3.0,0.5583169249210034
augsburg_bourges,lightgbm,spring_2024,650,27,4.205799627299362,4.0,0.20579962729936163
augsburg_bourges,lightgbm,spring_2024,651,27,4.672508621904935,6.0,1.3274913780950648
augsburg_bourges,lightgbm,spring_2024,652,27,5.577108914827585,7.0,1.4228910851724148
augsburg_bourges,lightgbm,spring_2024,653,27,7.423427936239061,8.0,0.5765720637609393
augsburg_bourges,lightgbm,spring_2024,654,27,7.977154749089651,8.0,0.022845250910348724
augsburg_bourges,lightgbm,spring_2024,655,27,8.12079138536417,8.0,0.12079138536416956
augsburg_bourges,lightgbm,spring_2024,656,27,7.991341247229744,7.0,0.9913412472297436
augsburg_bourges,lightgbm,spring_2024,657,27,6.988311418274798,6.0,0.9883114182747983
augsburg_bourges,lightgbm,spring_2024,658,27,6.256841833663566,6.0,0.2568418336635663
augsburg_bourges,lightgbm,spring_2024,659,27,5.479252994013587,5.0,0.4792529940135868
augsburg_bourges,lightgbm,spring_2024,660,27,5.0884681315440226,4.5,0.5884681315440226
augsburg_bourges,lightgbm,spring_2024,661,27,4.214958829382104,4.0,0.21495882938210364
augsburg_bourges,lightgbm,spring_2024,662,27,3.6126444611066306,3.0,0.6126444611066306
augsburg_bourges,lightgbm,spring_2024,663,27,3.8651920135936098,2.0,1.8651920135936098
augsburg_bourges,lightgbm,spring_2024,664,27,3.940581383686253,3.0,0.9405813836862529
augsburg_bourges,lightgbm,spring_2024,665,27,4.671589855089995,4.0,0.6715898550899952
augsburg_bourges,lightgbm,spring_2024,666,27,4.918112202809824,4.0,0.9181122028098239
augsburg_bourges,lightgbm,spring_2024,667,27,5.13441732446422,4.0,1.13441732446422
augsburg_bourges,lightgbm,spring_2024,668,27,4.585066677073026,4.0,0.5850666770730264
augsburg_bourges,lightgbm,spring_2024,669,27,4.14951925699365,3.0,1.14951925699365
augsburg_bourges,lightgbm,spring_2024,670,27,3.59059333096505,3.5,0.09059333096505018
augsburg_bourges,lightgbm,spring_2024,671,27,3.743044985656342,4.0,0.25695501434365786
augsburg_bourges,lightgbm,spring_2024,672,28,4.148533830637497,5.0,0.851466169362503
augsburg_bourges,lightgbm,spring_2024,673,28,4.600769305071857,5.0,0.3992306949281428
augsburg_bourges,lightgbm,spring_2024,674,28,5.9021011912536565,7.0,1.0978988087463435
augsburg_bourges,lightgbm,spring_2024,675,28,7.326924304496222,9.0,1.673075695503778
augsburg_bourges,lightgbm,spring_2024,676,28,8.089394942555016,10.0,1.9106050574449842
augsburg_bourges,lightgbm,spring_2024,677,28,8.63571206505346,10.0,1.3642879349465407
augsburg_bourges,lightgbm,spring_2024,678,28,8.906850421133825,8.0,0.9068504211338251
augsburg_bourges,lightgbm,spring_2024,679,28,7.745112041899713,7.0,0.7451120418997128
augsburg_bourges,lightgbm,spring_2024,680,28,6.7108301164050586,7.0,0.28916988359494145
augsburg_bourges,lightgbm,spring_2024,681,28,5.156640461917662,5.0,0.1566404619176618
augsburg_bourges,lightgbm,spring_2024,682,28,4.157769095556393,4.0,0.15776909555639307
augsburg_bourges,lightgbm,spring_2024,683,28,4.054177984206452,4.0,0.05417798420645159
augsburg_bourges,lightgbm,spring_2024,684,28,4.076499167830887,5.0,0.9235008321691129
augsburg_bourges,lightgbm,spring_2024,685,28,3.8847888834682114,4.0,0.11521111653178862
augsburg_bourges,lightgbm,spring_2024,686,28,3.4245512300877463,3.0,0.4245512300877463
augsburg_bourges,lightgbm,spring_2024,687,28,3.553933850527515,3.0,0.5539338505275149
augsburg_bourges,lightgbm,spring_2024,688,28,3.561121933480852,3.0,0.5611219334808522
augsburg_bourges,lightgbm,spring_2024,689,28,3.2759217472613846,2.0,1.2759217472613846
augsburg_bourges,lightgbm,spring_2024,690,28,3.3059806977347304,2.0,1.3059806977347304
augsburg_bourges,lightgbm,spring_2024,691,28,3.2230374396378343,2.0,1.2230374396378343
augsburg_bourges,lightgbm,spring_2024,692,28,2.6298610035790904,2.0,0.6298610035790904
augsburg_bourges,lightgbm,spring_2024,693,28,2.4129468607607394,1.0,1.4129468607607394
augsburg_bourges,lightgbm,spring_2024,694,28,1.6255452201274163,0.4,1.2255452201274162
augsburg_bourges,lightgbm,spring_2024,695,28,1.8656145171596195,1.0,0.8656145171596195
augsburg_bourges,lightgbm,spring_2024,696,29,1.9047931542231893,1.0,0.9047931542231893
augsburg_bourges,lightgbm,spring_2024,697,29,2.1809339604699582,0.9,1.2809339604699583
augsburg_bourges,lightgbm,spring_2024,698,29,2.7130054567206785,2.0,0.7130054567206785
augsburg_bourges,lightgbm,spring_2024,699,29,3.0203018902009684,1.0,2.0203018902009684
augsburg_bourges,lightgbm,spring_2024,700,29,2.8925033548808754,1.0,1.8925033548808754
augsburg_bourges,lightgbm,spring_2024,701,29,3.138948698666789,2.0,1.138948698666789
augsburg_bourges,lightgbm,spring_2024,702,29,2.777126829680481,1.0,1.7771268296804812
augsburg_bourges,lightgbm,spring_2024,703,29,2.838809677500683,2.0,0.838809677500683
augsburg_bourges,lightgbm,spring_2024,704,29,2.7328903224327177,2.0,0.7328903224327177
augsburg_bourges,lightgbm,spring_2024,705,29,2.8602573824236885,2.0,0.8602573824236885
augsburg_bourges,lightgbm,spring_2024,706,29,2.862022949322137,2.0,0.862022949322137
augsburg_bourges,lightgbm,spring_2024,707,29,2.9290171739118054,2.0,0.9290171739118054
augsburg_bourges,lightgbm,spring_2024,708,29,3.139360786925946,3.0,0.1393607869259461
augsburg_bourges,lightgbm,spring_2024,709,29,3.5239220562547953,3.0,0.5239220562547953
augsburg_bourges,lightgbm,spring_2024,710,29,3.7739587684030833,3.0,0.7739587684030833
augsburg_bourges,lightgbm,spring_2024,711,29,3.825442636863515,3.0,0.825442636863515
augsburg_bourges,lightgbm,spring_2024,712,29,4.068223386006354,4.0,0.06822338600635369
augsburg_bourges,lightgbm,spring_2024,713,29,4.5463855332411995,4.0,0.5463855332411995
augsburg_bourges,lightgbm,spring_2024,714,29,4.9590228386437465,4.0,0.9590228386437465
augsburg_bourges,lightgbm,spring_2024,715,29,5.720961089280387,5.0,0.7209610892803866
augsburg_bourges,lightgbm,spring_2024,716,29,6.588646375489182,6.0,0.5886463754891818
augsburg_bourges,lightgbm,spring_2024,717,29,5.811202063197136,5.0,0.8112020631971362
augsburg_bourges,lightgbm,spring_2024,718,29,5.062440857314357,4.0,1.062440857314357
augsburg_bourges,lightgbm,spring_2024,719,29,4.239953825510604,4.0,0.23995382551060374
augsburg_bourges,lightgbm,spring_2024,720,30,4.068008711100521,4.0,0.06800871110052142
augsburg_bourges,lightgbm,spring_2024,721,30,4.733547758880179,5.0,0.26645224111982113
augsburg_bourges,lightgbm,spring_2024,722,30,4.822847088413412,5.0,0.17715291158658797
augsburg_bourges,lightgbm,spring_2024,723,30,4.880115596805489,5.0,0.11988440319451144
augsburg_bourges,lightgbm,spring_2024,724,30,4.612304365464877,5.0,0.387695634535123
augsburg_bourges,lightgbm,spring_2024,725,30,4.488845999943278,4.0,0.48884599994327793
augsburg_bourges,lightgbm,spring_2024,726,30,3.8134417297860144,3.0,0.8134417297860144
augsburg_bourges,lightgbm,spring_2024,727,30,3.4117264048421068,2.0,1.4117264048421068
augsburg_bourges,lightgbm,spring_2024,728,30,3.6422613654598237,3.0,0.6422613654598237
augsburg_bourges,lightgbm,spring_2024,729,30,3.1668229093272537,1.0,2.1668229093272537
augsburg_bourges,lightgbm,spring_2024,730,30,2.7402491879590025,1.0,1.7402491879590025
augsburg_bourges,lightgbm,spring_2024,731,30,2.581338204640775,1.0,1.5813382046407751
augsburg_bourges,lightgbm,spring_2024,732,30,2.617621042365581,1.0,1.617621042365581
augsburg_bourges,lightgbm,spring_2024,733,30,2.7895779697395824,1.0,1.7895779697395824
augsburg_bourges,lightgbm,spring_2024,734,30,2.6123413854871274,1.0,1.6123413854871274
augsburg_bourges,lightgbm,spring_2024,735,30,2.9140302230493833,2.0,0.9140302230493833
augsburg_bourges,lightgbm,spring_2024,736,30,3.4378880963080856,3.0,0.43788809630808556
augsburg_bourges,lightgbm,spring_2024,737,30,4.043469483453976,4.0,0.04346948345397639
augsburg_bourges,lightgbm,spring_2024,738,30,4.234263810256454,4.0,0.23426381025645426
augsburg_bourges,lightgbm,spring_2024,739,30,3.5771027046896338,2.0,1.5771027046896338
augsburg_bourges,lightgbm,spring_2024,740,30,3.165645581651161,2.0,1.165645581651161
augsburg_bourges,lightgbm,spring_2024,741,30,2.6300813488057617,2.0,0.6300813488057617
augsburg_bourges,lightgbm,spring_2024,742,30,2.6442684432496524,3.0,0.3557315567503476
augsburg_bourges,lightgbm,spring_2024,743,30,2.997900912894891,4.0,1.0020990871051092
augsburg_bourges,lightgbm,spring_2024,744,31,3.4829933117456635,5.0,1.5170066882543365
augsburg_bourges,lightgbm,spring_2024,745,31,4.014177237296857,4.0,0.014177237296856937
augsburg_bourges,lightgbm,spring_2024,746,31,4.102228084949324,5.0,0.8977719150506758
augsburg_bourges,lightgbm,spring_2024,747,31,4.113283173113838,6.0,1.886716826886162
augsburg_bourges,lightgbm,spring_2024,748,31,4.258094325052098,5.0,0.741905674947902
augsburg_bourges,lightgbm,spring_2024,749,31,5.347358401771873,6.0,0.6526415982281266
augsburg_bourges,lightgbm,spring_2024,750,31,6.774901622762145,8.0,1.2250983772378552
augsburg_bourges,lightgbm,spring_2024,751,31,7.590236882649684,7.0,0.590236882649684
augsburg_bourges,lightgbm,spring_2024,752,31,7.259824225561178,7.0,0.2598242255611778
augsburg_bourges,lightgbm,spring_2024,753,31,6.771407542418411,7.0,0.22859245758158941
augsburg_bourges,lightgbm,spring_2024,754,31,6.961282126339272,7.0,0.038717873660727875
augsburg_bourges,lightgbm,spring_2024,755,31,7.257113923847783,6.0,1.2571139238477826
augsburg_bourges,lightgbm,spring_2024,756,31,7.0674100657797245,5.0,2.0674100657797245
augsburg_bourges,lightgbm,spring_2024,757,31,6.910330463382344,5.0,1.9103304633823441
augsburg_bourges,lightgbm,spring_2024,758,31,6.701545290798111,4.0,2.7015452907981112
augsburg_bourges,lightgbm,spring_2024,759,31,6.194349472788413,5.0,1.1943494727884127
augsburg_bourges,lightgbm,spring_2024,760,31,6.334907149890659,5.0,1.3349071498906593
augsburg_bourges,lightgbm,spring_2024,761,31,7.022590085079573,6.0,1.0225900850795728
augsburg_bourges,lightgbm,spring_2024,762,31,6.863239814010373,5.0,1.863239814010373
augsburg_bourges,lightgbm,spring_2024,763,31,7.450124549929332,6.0,1.450124549929332
augsburg_bourges,lightgbm,spring_2024,764,31,6.714841005384375,6.0,0.7148410053843746
augsburg_bourges,lightgbm,spring_2024,765,31,6.005440387821899,5.0,1.0054403878218992
augsburg_bourges,lightgbm,spring_2024,766,31,6.662086458803888,8.0,1.3379135411961123
augsburg_bourges,lightgbm,spring_2024,767,31,6.926231308727112,8.0,1.073768691272888
augsburg_bourges,lightgbm,spring_2024,768,32,7.31149948798121,9.0,1.6885005120187904
augsburg_bourges,lightgbm,spring_2024,769,32,7.686945521663179,10.0,2.313054478336821
augsburg_bourges,lightgbm,spring_2024,770,32,7.866024541998431,11.0,3.1339754580015686
augsburg_bourges,lightgbm,spring_2024,771,32,7.844564004228657,11.0,3.1554359957713434
augsburg_bourges,lightgbm,spring_2024,772,32,7.709257315185644,10.0,2.290742684814356
augsburg_bourges,lightgbm,spring_2024,773,32,7.370868296597283,10.0,2.6291317034027166
augsburg_bourges,lightgbm,spring_2024,774,32,7.792675640120938,10.0,2.2073243598790624
augsburg_bourges,lightgbm,spring_2024,775,32,7.509963732618462,9.0,1.4900362673815382
augsburg_bourges,lightgbm,spring_2024,776,32,7.441842997345081,8.0,0.5581570026549194
augsburg_bourges,lightgbm,spring_2024,777,32,7.50331436712118,8.0,0.49668563287881984
augsburg_bourges,lightgbm,spring_2024,778,32,7.329381040352487,8.0,0.6706189596475127
augsburg_bourges,lightgbm,spring_2024,779,32,7.784345415481138,9.0,1.2156545845188624
augsburg_bourges,lightgbm,spring_2024,780,32,8.144167228142043,8.0,0.1441672281420434
augsburg_bourges,lightgbm,spring_2024,781,32,8.358775015348746,8.0,0.3587750153487459
augsburg_bourges,lightgbm,spring_2024,782,32,9.678895167786708,9.0,0.6788951677867079
augsburg_bourges,lightgbm,spring_2024,783,32,11.069052105305953,10.0,1.0690521053059534
augsburg_bourges,lightgbm,spring_2024,784,32,12.028102688772776,9.0,3.028102688772776
augsburg_bourges,lightgbm,spring_2024,785,32,12.705959683363506,9.0,3.7059596833635062
augsburg_bourges,lightgbm,spring_2024,786,32,12.876756153112245,10.0,2.876756153112245
augsburg_bourges,lightgbm,spring_2024,787,32,14.615435702455281,12.0,2.6154357024552812
augsburg_bourges,lightgbm,spring_2024,788,32,15.587037264895338,12.0,3.587037264895338
augsburg_bourges,lightgbm,spring_2024,789,32,15.173368957008009,11.0,4.173368957008009
augsburg_bourges,lightgbm,spring_2024,790,32,14.807418481261632,10.0,4.807418481261632
augsburg_bourges,lightgbm,spring_2024,791,32,12.318078165144271,9.0,3.3180781651442715
augsburg_bourges,lightgbm,spring_2024,792,33,11.676147524108162,10.0,1.6761475241081616
augsburg_bourges,lightgbm,spring_2024,793,33,12.11104421685516,11.0,1.1110442168551593
augsburg_bourges,lightgbm,spring_2024,794,33,12.310512285474958,11.0,1.3105122854749585
augsburg_bourges,lightgbm,spring_2024,795,33,12.098336015803737,11.0,1.0983360158037367
augsburg_bourges,lightgbm,spring_2024,796,33,12.105263932234413,12.0,0.1052639322344131
augsburg_bourges,lightgbm,spring_2024,797,33,12.35385303201302,12.0,0.35385303201302065
augsburg_bourges,lightgbm,spring_2024,798,33,12.491091791032925,13.0,0.5089082089670747
augsburg_bourges,lightgbm,spring_2024,799,33,11.177300194874785,10.0,1.1773001948747854
augsburg_bourges,lightgbm,spring_2024,800,33,9.52354512454058,8.0,1.5235451245405809
augsburg_bourges,lightgbm,spring_2024,801,33,7.608176689112536,6.0,1.6081766891125362
augsburg_bourges,lightgbm,spring_2024,802,33,5.543320742361025,4.0,1.5433207423610247
augsburg_bourges,lightgbm,spring_2024,803,33,4.75086193492137,4.0,0.7508619349213701
augsburg_bourges,lightgbm,spring_2024,804,33,4.737702663583969,5.0,0.26229733641603126
augsburg_bourges,lightgbm,spring_2024,805,33,4.801137479635253,6.0,1.198862520364747
augsburg_bourges,lightgbm,spring_2024,806,33,5.354952462910339,7.0,1.6450475370896607
augsburg_bourges,lightgbm,spring_2024,807,33,6.093012131943106,6.0,0.09301213194310609
augsburg_bourges,lightgbm,spring_2024,808,33,5.7421886632675765,4.0,1.7421886632675765
augsburg_bourges,lightgbm,spring_2024,809,33,5.097817398571435,3.0,2.0978173985714346
augsburg_bourges,lightgbm,spring_2024,810,33,4.37755229600417,4.0,0.3775522960041702
augsburg_bourges,lightgbm,spring_2024,811,33,3.9956263146113833,3.0,0.9956263146113833
augsburg_bourges,lightgbm,spring_2024,812,33,3.5447089324545025,4.0,0.45529106754549753
augsburg_bourges,lightgbm,spring_2024,813,33,2.8797527481723857,2.0,0.8797527481723857
augsburg_bourges,lightgbm,spring_2024,814,33,2.4664881364624027,2.0,0.4664881364624027
augsburg_bourges,lightgbm,spring_2024,815,33,1.6849248700984467,1.0,0.6849248700984467
augsburg_bourges,lightgbm,spring_2024,816,34,1.757332274914234,1.0,0.7573322749142339
augsburg_bourges,lightgbm,spring_2024,817,34,2.2198016367279925,2.0,0.21980163672799247
augsburg_bourges,lightgbm,spring_2024,818,34,2.064428378643836,2.0,0.06442837864383621
augsburg_bourges,lightgbm,spring_2024,819,34,2.225451131751924,3.0,0.7745488682480759
augsburg_bourges,lightgbm,spring_2024,820,34,2.5523418572455556,4.0,1.4476581427544444
augsburg_bourges,lightgbm,spring_2024,821,34,3.688125972659846,5.0,1.3118740273401541
augsburg_bourges,lightgbm,spring_2024,822,34,4.588646792078694,5.0,0.41135320792130603
augsburg_bourges,lightgbm,spring_2024,823,34,4.7861515987141985,4.75,0.036151598714198485
augsburg_bourges,lightgbm,spring_2024,824,34,4.6821129315274,4.5,0.18211293152740016
augsburg_bourges,lightgbm,spring_2024,825,34,4.320254753472179,4.25,0.07025475347217913
augsburg_bourges,lightgbm,spring_2024,826,34,4.08849343268954,4.0,0.08849343268953991
augsburg_bourges,lightgbm,spring_2024,827,34,3.8182116850082957,5.0,1.1817883149917043
augsburg_bourges,lightgbm,spring_2024,828,34,3.136044231289199,2.0,1.136044231289199
augsburg_bourges,lightgbm,spring_2024,829,34,3.1982011972101803,3.0,0.19820119721018026
augsburg_bourges,lightgbm,spring_2024,830,34,3.204980084462692,3.0,0.2049800844626919
augsburg_bourges,lightgbm,spring_2024,831,34,3.668901025241258,5.0,1.331098974758742
augsburg_bourges,lightgbm,spring_2024,832,34,4.754757127833956,5.0,0.24524287216604357
augsburg_bourges,lightgbm,spring_2024,833,34,5.084186240326984,6.0,0.915813759673016
augsburg_bourges,lightgbm,spring_2024,834,34,5.36488461445365,5.0,0.3648846144536497
augsburg_bourges,lightgbm,spring_2024,835,34,6.964949704895042,6.0,0.9649497048950417
augsburg_bourges,lightgbm,spring_2024,836,34,8.169285539406994,8.0,0.1692855394069941
augsburg_bourges,lightgbm,spring_2024,837,34,9.592712863101463,8.0,1.5927128631014629
augsburg_bourges,lightgbm,spring_2024,838,34,9.99161116757607,8.0,1.9916111675760693
augsburg_bourges,lightgbm,spring_2024,839,34,10.39086360328828,9.0,1.3908636032882793
augsburg_bourges,lightgbm,spring_2024,840,35,11.808158536656691,11.0,0.8081585366566912
augsburg_bourges,lightgbm,spring_2024,841,35,13.111443300554553,13.0,0.1114433005545532
augsburg_bourges,lightgbm,spring_2024,842,35,12.098093930453146,10.0,2.098093930453146
augsburg_bourges,lightgbm,spring_2024,843,35,10.73376166921483,10.0,0.7337616692148305
augsburg_bourges,lightgbm,spring_2024,844,35,9.967482750136918,9.0,0.9674827501369183
augsburg_bourges,lightgbm,spring_2024,845,35,9.299492546604757,8.0,1.2994925466047569
augsburg_bourges,lightgbm,spring_2024,846,35,8.680614234932378,7.0,1.6806142349323778
augsburg_bourges,lightgbm,spring_2024,847,35,7.983405242873622,6.0,1.983405242873622
augsburg_bourges,lightgbm,spring_2024,848,35,6.182373295101299,5.0,1.182373295101299
augsburg_bourges,lightgbm,spring_2024,849,35,4.790557686762286,3.0,1.7905576867622859
augsburg_bourges,lightgbm,spring_2024,850,35,3.764866443450751,2.0,1.7648664434507508
augsburg_bourges,lightgbm,spring_2024,851,35,3.4553252205226497,2.0,1.4553252205226497
augsburg_bourges,lightgbm,spring_2024,852,35,3.582260832999136,3.0,0.5822608329991361
augsburg_bourges,lightgbm,spring_2024,853,35,3.5643636331023325,2.0,1.5643636331023325
augsburg_bourges,lightgbm,spring_2024,854,35,3.557585760732742,2.0,1.5575857607327421
augsburg_bourges,lightgbm,spring_2024,855,35,3.8293397195383148,3.0,0.8293397195383148
augsburg_bourges,lightgbm,spring_2024,856,35,4.615572400817765,4.0,0.615572400817765
augsburg_bourges,lightgbm,spring_2024,857,35,5.345717881468009,4.0,1.3457178814680093
augsburg_bourges,lightgbm,spring_2024,858,35,6.467049531533437,4.0,2.467049531533437
augsburg_bourges,lightgbm,spring_2024,859,35,6.8517347176110786,4.0,2.8517347176110786
augsburg_bourges,lightgbm,spring_2024,860,35,7.157560956086504,5.0,2.1575609560865043
augsburg_bourges,lightgbm,spring_2024,861,35,8.336042211356586,6.0,2.3360422113565864
augsburg_bourges,lightgbm,spring_2024,862,35,11.7031050746691,11.0,0.7031050746691001
augsburg_bourges,lightgbm,spring_2024,863,35,13.842795750612485,14.0,0.1572042493875152
augsburg_bourges,lightgbm,spring_2024,864,36,13.268602696646063,13.0,0.26860269664606307
augsburg_bourges,lightgbm,spring_2024,865,36,11.235743858538038,11.0,0.23574385853803825
augsburg_bourges,lightgbm,spring_2024,866,36,9.590509909458182,10.0,0.4094900905418175
augsburg_bourges,lightgbm,spring_2024,867,36,8.128762247866383,8.0,0.12876224786638346
augsburg_bourges,lightgbm,spring_2024,868,36,8.049327503188062,8.0,0.04932750318806178
augsburg_bourges,lightgbm,spring_2024,869,36,8.462030743739163,10.0,1.537969256260837
augsburg_bourges,lightgbm,spring_2024,870,36,8.748618664951586,9.0,0.2513813350484142
augsburg_bourges,lightgbm,spring_2024,871,36,7.912612692346361,8.0,0.08738730765363911
augsburg_bourges,lightgbm,spring_2024,872,36,6.137272896817617,7.0,0.8627271031823831
augsburg_bourges,lightgbm,spring_2024,873,36,5.161722393230187,5.0,0.16172239323018722
augsburg_bourges,lightgbm,spring_2024,874,36,4.165484287440318,3.0,1.165484287440318
augsburg_bourges,lightgbm,spring_2024,875,36,3.6344443702214946,3.0,0.6344443702214946
augsburg_bourges,lightgbm,spring_2024,876,36,3.8788047228383125,3.0,0.8788047228383125
augsburg_bourges,lightgbm,spring_2024,877,36,3.83333392188426,3.0,0.8333339218842601
augsburg_bourges,lightgbm,spring_2024,878,36,4.0109655162327735,4.0,0.010965516232773531
augsburg_bourges,lightgbm,spring_2024,879,36,3.895581676292916,4.0,0.10441832370708415
augsburg_bourges,lightgbm,spring_2024,880,36,4.128931700155457,3.0,1.1289317001554569
augsburg_bourges,lightgbm,spring_2024,881,36,5.005497052673596,3.0,2.0054970526735962
augsburg_bourges,lightgbm,spring_2024,882,36,6.2735615798297175,4.0,2.2735615798297175
augsburg_bourges,lightgbm,spring_2024,883,36,9.806145672539122,9.0,0.8061456725391221
augsburg_bourges,lightgbm,spring_2024,884,36,9.911251048523942,7.0,2.9112510485239422
augsburg_bourges,lightgbm,spring_2024,885,36,8.921672329406393,5.0,3.921672329406393
augsburg_bourges,lightgbm,spring_2024,886,36,7.44212729272808,6.0,1.4421272927280802
augsburg_bourges,lightgbm,spring_2024,887,36,5.257958789590153,5.0,0.2579587895901527
augsburg_bourges,lightgbm,spring_2024,888,37,4.83134060106648,4.0,0.8313406010664801
augsburg_bourges,lightgbm,spring_2024,889,37,4.665969701752419,5.0,0.3340302982475807
augsburg_bourges,lightgbm,spring_2024,890,37,5.199209263429706,6.0,0.8007907365702938
augsburg_bourges,lightgbm,spring_2024,891,37,6.624491844748631,7.0,0.37550815525136905
augsburg_bourges,lightgbm,spring_2024,892,37,6.0864887777964025,6.0,0.08648877779640252
augsburg_bourges,lightgbm,spring_2024,893,37,5.89667705840687,5.0,0.89667705840687
augsburg_bourges,lightgbm,spring_2024,894,37,6.176510421211157,6.0,0.176510421211157
augsburg_bourges,lightgbm,spring_2024,895,37,5.695559902676475,5.0,0.6955599026764752
augsburg_bourges,lightgbm,spring_2024,896,37,5.070103986418681,3.0,2.0701039864186814
augsburg_bourges,lightgbm,spring_2024,897,37,4.701149874223722,3.0,1.7011498742237219
augsburg_bourges,lightgbm,spring_2024,898,37,4.5437355406650966,3.0,1.5437355406650966
augsburg_bourges,lightgbm,spring_2024,899,37,4.537786734946266,2.0,2.537786734946266
augsburg_bourges,lightgbm,spring_2024,900,37,4.242100170897416,2.0,2.242100170897416
augsburg_bourges,lightgbm,spring_2024,901,37,4.184609797478259,3.0,1.1846097974782586
augsburg_bourges,lightgbm,spring_2024,902,37,4.466315203284249,4.0,0.4663152032842488
augsburg_bourges,lightgbm,spring_2024,903,37,5.027602464301122,4.0,1.027602464301122
augsburg_bourges,lightgbm,spring_2024,904,37,5.85407763164897,4.0,1.8540776316489698
augsburg_bourges,lightgbm,spring_2024,905,37,6.708870788760359,5.0,1.7088707887603594
augsburg_bourges,lightgbm,spring_2024,906,37,6.422826683362804,5.0,1.4228266833628043
augsburg_bourges,lightgbm,spring_2024,907,37,6.276383615230982,4.0,2.2763836152309818
augsburg_bourges,lightgbm,spring_2024,908,37,5.813539428642248,4.0,1.8135394286422484
augsburg_bourges,lightgbm,spring_2024,909,37,5.272242524010502,4.0,1.272242524010502
augsburg_bourges,lightgbm,spring_2024,910,37,5.684747509247949,5.0,0.6847475092479494
augsburg_bourges,lightgbm,spring_2024,911,37,5.199718689504905,4.0,1.1997186895049046
augsburg_bourges,lightgbm,spring_2024,912,38,5.265896525124638,5.0,0.2658965251246377
augsburg_bourges,lightgbm,spring_2024,913,38,5.738947498449362,5.0,0.7389474984493623
augsburg_bourges,lightgbm,spring_2024,914,38,4.8145394416239276,5.0,0.18546055837607245
augsburg_bourges,lightgbm,spring_2024,915,38,4.855698512837565,6.0,1.1443014871624353
augsburg_bourges,lightgbm,spring_2024,916,38,5.305189742649358,7.0,1.6948102573506416
augsburg_bourges,lightgbm,spring_2024,917,38,7.228539488797793,9.0,1.771460511202207
augsburg_bourges,lightgbm,spring_2024,918,38,8.201329015583875,9.0,0.798670984416125
augsburg_bourges,lightgbm,spring_2024,919,38,9.859855676516089,10.0,0.14014432348391104
augsburg_bourges,lightgbm,spring_2024,920,38,9.309724473588137,7.0,2.309724473588137
augsburg_bourges,lightgbm,spring_2024,921,38,8.520269635286272,6.0,2.5202696352862723
augsburg_bourges,lightgbm,spring_2024,922,38,7.10354630233729,4.0,3.10354630233729
augsburg_bourges,lightgbm,spring_2024,923,38,5.597584908593988,3.0,2.597584908593988
augsburg_bourges,lightgbm,spring_2024,924,38,5.754346473777597,3.0,2.7543464737775967
augsburg_bourges,lightgbm,spring_2024,925,38,6.415910823953716,4.0,2.415910823953716
augsburg_bourges,lightgbm,spring_2024,926,38,6.516338919632757,4.0,2.516338919632757
augsburg_bourges,lightgbm,spring_2024,927,38,7.156102658439218,4.0,3.1561026584392176
augsburg_bourges,lightgbm,spring_2024,928,38,7.94889293492209,4.0,3.94889293492209
augsburg_bourges,lightgbm,spring_2024,929,38,10.204216481352706,7.0,3.204216481352706
augsburg_bourges,lightgbm,spring_2024,930,38,11.77839415506004,7.0,4.77839415506004
augsburg_bourges,lightgbm,spring_2024,931,38,12.42202323275521,7.0,5.42202323275521
augsburg_bourges,lightgbm,spring_2024,932,38,13.860890682396695,11.0,2.860890682396695
augsburg_bourges,lightgbm,spring_2024,933,38,16.039460848865822,12.0,4.039460848865822
augsburg_bourges,lightgbm,spring_2024,934,38,16.744718680590488,11.0,5.744718680590488
augsburg_bourges,lightgbm,spring_2024,935,38,17.718419643160093,13.0,4.718419643160093
augsburg_bourges,lightgbm,spring_2024,936,39,17.875945818599675,14.0,3.875945818599675
augsburg_bourges,lightgbm,spring_2024,937,39,18.44600571963982,17.0,1.446005719639821
augsburg_bourges,lightgbm,spring_2024,938,39,17.27500788656252,16.0,1.2750078865625198
augsburg_bourges,lightgbm,spring_2024,939,39,17.057631347667947,16.0,1.0576313476679466
augsburg_bourges,lightgbm,spring_2024,940,39,17.560363299062026,17.0,0.5603632990620255
augsburg_bourges,lightgbm,spring_2024,941,39,20.237720693587345,18.0,2.2377206935873453
augsburg_bourges,lightgbm,spring_2024,942,39,22.605325663198315,20.0,2.6053256631983146
augsburg_bourges,lightgbm,spring_2024,943,39,20.47891405927437,15.0,5.47891405927437
augsburg_bourges,lightgbm,spring_2024,944,39,14.596163879014345,9.0,5.596163879014345
augsburg_bourges,lightgbm,spring_2024,945,39,12.567487938595301,7.0,5.567487938595301
augsburg_bourges,lightgbm,spring_2024,946,39,11.175574920680099,7.0,4.1755749206800985
augsburg_bourges,lightgbm,spring_2024,947,39,11.890650999136824,8.0,3.890650999136824
augsburg_bourges,lightgbm,spring_2024,948,39,13.07604354252887,8.0,5.07604354252887
augsburg_bourges,lightgbm,spring_2024,949,39,14.927811843864056,9.0,5.927811843864056
augsburg_bourges,lightgbm,spring_2024,950,39,16.972158855925418,9.0,7.972158855925418
augsburg_bourges,lightgbm,spring_2024,951,39,19.06982504014491,10.0,9.06982504014491
augsburg_bourges,lightgbm,spring_2024,952,39,19.54455216689224,12.0,7.544552166892242
augsburg_bourges,lightgbm,spring_2024,953,39,20.524685262398965,15.0,5.524685262398965
augsburg_bourges,lightgbm,spring_2024,954,39,21.576142968439942,15.0,6.576142968439942
augsburg_bourges,lightgbm,spring_2024,955,39,22.763908686809405,16.0,6.763908686809405
augsburg_bourges,lightgbm,spring_2024,956,39,25.86661578072942,21.0,4.866615780729418
augsburg_bourges,lightgbm,spring_2024,957,39,30.92328564124032,25.0,5.923285641240319
augsburg_bourges,lightgbm,spring_2024,958,39,32.378076316927334,20.0,12.378076316927334
augsburg_bourges,lightgbm,spring_2024,959,39,31.411153080442883,18.0,13.411153080442883
augsburg_bourges,lightgbm,spring_2024,960,40,33.09366974356784,25.0,8.093669743567837
augsburg_bourges,lightgbm,spring_2024,961,40,34.365176341296184,29.0,5.365176341296184
augsburg_bourges,lightgbm,spring_2024,962,40,32.93115225886639,31.0,1.9311522588663905
augsburg_bourges,lightgbm,spring_2024,963,40,33.484914921381204,26.0,7.484914921381204
augsburg_bourges,lightgbm,spring_2024,964,40,31.665275475861076,21.0,10.665275475861076
augsburg_bourges,lightgbm,spring_2024,965,40,31.253181440858604,22.0,9.253181440858604
augsburg_bourges,lightgbm,spring_2024,966,40,28.879903132927254,19.0,9.879903132927254
augsburg_bourges,lightgbm,spring_2024,967,40,24.42754998035742,14.0,10.42754998035742
augsburg_bourges,lightgbm,spring_2024,968,40,20.714055756900883,12.0,8.714055756900883
augsburg_bourges,lightgbm,spring_2024,969,40,18.295380164278207,12.0,6.295380164278207
augsburg_bourges,lightgbm,spring_2024,970,40,15.390976110027722,11.0,4.390976110027722
augsburg_bourges,lightgbm,spring_2024,971,40,14.619149728276943,9.0,5.619149728276943
augsburg_bourges,lightgbm,spring_2024,972,40,14.346773350509624,10.0,4.346773350509624
augsburg_bourges,lightgbm,spring_2024,973,40,14.719017761661446,10.0,4.719017761661446
augsburg_bourges,lightgbm,spring_2024,974,40,14.64722918583647,10.0,4.647229185836469
augsburg_bourges,lightgbm,spring_2024,975,40,14.315496296440607,9.0,5.315496296440607
augsburg_bourges,lightgbm,spring_2024,976,40,14.287153907617787,10.0,4.287153907617787
augsburg_bourges,lightgbm,spring_2024,977,40,14.814147744816852,10.0,4.814147744816852
augsburg_bourges,lightgbm,spring_2024,978,40,15.854160042731783,11.0,4.854160042731783
augsburg_bourges,lightgbm,spring_2024,979,40,16.483330957471086,11.0,5.483330957471086
augsburg_bourges,lightgbm,spring_2024,980,40,14.10969366985932,11.0,3.10969366985932
augsburg_bourges,lightgbm,spring_2024,981,40,13.489602486475313,10.0,3.489602486475313
augsburg_bourges,lightgbm,spring_2024,982,40,11.67707174745157,8.0,3.6770717474515706
augsburg_bourges,lightgbm,spring_2024,983,40,10.031840152558065,8.0,2.0318401525580647
augsburg_bourges,lightgbm,spring_2024,984,41,9.046966036172435,7.0,2.046966036172435
augsburg_bourges,lightgbm,spring_2024,985,41,8.586369093793449,8.0,0.5863690937934489
augsburg_bourges,lightgbm,spring_2024,986,41,8.377139319917404,8.0,0.37713931991740424
augsburg_bourges,lightgbm,spring_2024,987,41,8.64778481852607,8.0,0.6477848185260697
augsburg_bourges,lightgbm,spring_2024,988,41,8.68165765323772,8.0,0.6816576532377194
augsburg_bourges,lightgbm,spring_2024,989,41,8.823412134796481,8.0,0.8234121347964809
augsburg_bourges,lightgbm,spring_2024,990,41,8.4524136343147,8.0,0.4524136343147003
augsburg_bourges,lightgbm,spring_2024,991,41,8.327732538356013,7.0,1.3277325383560132
augsburg_bourges,lightgbm,spring_2024,992,41,7.588788287536998,6.0,1.5887882875369979
augsburg_bourges,lightgbm,spring_2024,993,41,6.0934498820719005,6.0,0.09344988207190053
augsburg_bourges,lightgbm,spring_2024,994,41,5.985901625242425,6.0,0.014098374757574916
augsburg_bourges,lightgbm,spring_2024,995,41,6.219010182513668,6.0,0.2190101825136681
augsburg_bourges,lightgbm,spring_2024,996,41,6.27556230397683,6.0,0.27556230397683024
augsburg_bourges,lightgbm,spring_2024,997,41,6.612469187906273,7.0,0.3875308120937273
augsburg_bourges,lightgbm,spring_2024,998,41,6.9237310646909975,7.0,0.07626893530900247
augsburg_bourges,lightgbm,spring_2024,999,41,9.708782425546744,9.0,0.7087824255467439
augsburg_bourges,lightgbm,spring_2024,1000,41,9.318586656870059,6.0,3.3185866568700586
augsburg_bourges,lightgbm,spring_2024,1001,41,9.01040477317691,6.0,3.0104047731769104
augsburg_bourges,lightgbm,spring_2024,1002,41,7.327730895866453,5.0,2.327730895866453
augsburg_bourges,lightgbm,spring_2024,1003,41,5.6395441734175,5.0,0.6395441734174998
augsburg_bourges,lightgbm,spring_2024,1004,41,4.441281554926788,4.0,0.4412815549267881
augsburg_bourges,lightgbm,spring_2024,1005,41,3.4989094707667294,3.0,0.4989094707667294
augsburg_bourges,lightgbm,spring_2024,1006,41,2.977753699370781,2.0,0.9777536993707812
augsburg_bourges,lightgbm,spring_2024,1007,41,2.502397883761309,2.0,0.5023978837613088
augsburg_bourges,lightgbm,spring_2024,1008,42,2.499262699499396,2.0,0.49926269949939606
augsburg_bourges,lightgbm,spring_2024,1009,42,2.130919666816916,2.0,0.13091966681691591
augsburg_bourges,lightgbm,spring_2024,1010,42,2.000324774823661,2.0,0.00032477482366077837
augsburg_bourges,lightgbm,spring_2024,1011,42,1.8373630101397393,2.0,0.16263698986026065
augsburg_bourges,lightgbm,spring_2024,1012,42,2.0361263898114736,2.0,0.03612638981147365
augsburg_bourges,lightgbm,spring_2024,1013,42,2.109161197477337,2.0,0.10916119747733699
augsburg_bourges,lightgbm,spring_2024,1014,42,2.3206323489924108,2.0,0.3206323489924108
augsburg_bourges,lightgbm,spring_2024,1015,42,2.077106080635854,2.0,0.07710608063585411
augsburg_bourges,lightgbm,spring_2024,1016,42,2.1421305246125577,2.0,0.1421305246125577
augsburg_bourges,lightgbm,spring_2024,1017,42,2.1398297624814915,2.0,0.13982976248149148
augsburg_bourges,lightgbm,spring_2024,1018,42,2.2974570437907977,3.0,0.7025429562092023
augsburg_bourges,lightgbm,spring_2024,1019,42,2.5463871954154658,3.0,0.45361280458453423
augsburg_bourges,lightgbm,spring_2024,1020,42,3.490236321585432,3.0,0.49023632158543196
augsburg_bourges,lightgbm,spring_2024,1021,42,4.225498984786497,3.0,1.2254989847864968
augsburg_bourges,lightgbm,spring_2024,1022,42,4.254213437781754,3.0,1.254213437781754
augsburg_bourges,lightgbm,spring_2024,1023,42,4.852838132511747,3.0,1.8528381325117467
augsburg_bourges,lightgbm,spring_2024,1024,42,5.357873591786086,4.0,1.3578735917860856
augsburg_bourges,lightgbm,spring_2024,1025,42,6.935541878562737,5.0,1.935541878562737
augsburg_bourges,lightgbm,spring_2024,1026,42,7.123744187366815,4.0,3.123744187366815
augsburg_bourges,lightgbm,spring_2024,1027,42,7.08561199082764,4.0,3.0856119908276396
augsburg_bourges,lightgbm,spring_2024,1028,42,7.248685495192801,5.0,2.2486854951928006
augsburg_bourges,lightgbm,spring_2024,1029,42,8.020840990738785,6.0,2.020840990738785
augsburg_bourges,lightgbm,spring_2024,1030,42,8.601775135775227,7.0,1.6017751357752275
augsburg_bourges,lightgbm,spring_2024,1031,42,8.08193726620703,6.0,2.0819372662070297
augsburg_bourges,lightgbm,spring_2024,1032,43,7.503728588781114,7.0,0.5037285887811143
augsburg_bourges,lightgbm,spring_2024,1033,43,7.478087735741819,10.0,2.521912264258181
augsburg_bourges,lightgbm,spring_2024,1034,43,7.251810345389817,11.0,3.748189654610183
augsburg_bourges,lightgbm,spring_2024,1035,43,7.2629575696387345,10.0,2.7370424303612655
augsburg_bourges,lightgbm,spring_2024,1036,43,6.532927774872489,8.0,1.4670722251275112
augsburg_bourges,lightgbm,spring_2024,1037,43,6.234090841449542,8.0,1.7659091585504578
augsburg_bourges,lightgbm,spring_2024,1038,43,6.182945946754388,7.0,0.8170540532456121
augsburg_bourges,lightgbm,spring_2024,1039,43,6.085116409102008,8.0,1.9148835908979924
augsburg_bourges,lightgbm,spring_2024,1040,43,5.343821994619377,6.0,0.6561780053806228
augsburg_bourges,lightgbm,spring_2024,1041,43,5.021987159849216,4.0,1.0219871598492158
augsburg_bourges,lightgbm,spring_2024,1042,43,4.452646026121855,3.0,1.4526460261218546
augsburg_bourges,lightgbm,spring_2024,1043,43,4.135247402646417,3.0,1.1352474026464172
augsburg_bourges,lightgbm,spring_2024,1044,43,4.122833988596726,3.0,1.1228339885967262
augsburg_bourges,lightgbm,spring_2024,1045,43,3.9637500062425577,3.0,0.9637500062425577
augsburg_bourges,lightgbm,spring_2024,1046,43,4.21242119105832,3.0,1.2124211910583202
augsburg_bourges,lightgbm,spring_2024,1047,43,4.346081910621943,3.0,1.346081910621943
augsburg_bourges,lightgbm,spring_2024,1048,43,4.685929184813833,2.0,2.6859291848138334
augsburg_bourges,lightgbm,spring_2024,1049,43,4.821846894845406,3.0,1.8218468948454056
augsburg_bourges,lightgbm,spring_2024,1050,43,5.973086273370233,4.0,1.9730862733702326
augsburg_bourges,lightgbm,spring_2024,1051,43,7.563696654240316,6.0,1.5636966542403163
augsburg_bourges,lightgbm,spring_2024,1052,43,9.030615973006318,7.0,2.0306159730063182
augsburg_bourges,lightgbm,spring_2024,1053,43,10.887488904102472,9.0,1.8874889041024723
augsburg_bourges,lightgbm,spring_2024,1054,43,12.584247687707888,10.0,2.5842476877078884
augsburg_bourges,lightgbm,spring_2024,1055,43,12.505420108239575,9.0,3.5054201082395746
augsburg_bourges,lightgbm,summer_2024,0,0,5.012041903583637,5.0,0.012041903583637215
augsburg_bourges,lightgbm,summer_2024,1,0,4.889254081248067,5.0,0.11074591875193285
augsburg_bourges,lightgbm,summer_2024,2,0,4.992255075791135,6.0,1.0077449242088647
augsburg_bourges,lightgbm,summer_2024,3,0,4.616027821666849,5.0,0.3839721783331509
augsburg_bourges,lightgbm,summer_2024,4,0,4.503336884942998,6.0,1.496663115057002
augsburg_bourges,lightgbm,summer_2024,5,0,4.477192857367563,5.0,0.5228071426324368
augsburg_bourges,lightgbm,summer_2024,6,0,4.105056116731419,4.0,0.10505611673141857
augsburg_bourges,lightgbm,summer_2024,7,0,3.946364910253949,4.0,0.05363508974605091
augsburg_bourges,lightgbm,summer_2024,8,0,4.177181400202097,5.0,0.8228185997979027
augsburg_bourges,lightgbm,summer_2024,9,0,4.002293241297759,4.0,0.0022932412977594296
augsburg_bourges,lightgbm,summer_2024,10,0,3.812707517398153,3.0,0.8127075173981528
augsburg_bourges,lightgbm,summer_2024,11,0,3.564690068933759,3.0,0.5646900689337588
augsburg_bourges,lightgbm,summer_2024,12,0,3.9713614094305782,3.0,0.9713614094305782
augsburg_bourges,lightgbm,summer_2024,13,0,3.795937020963476,3.0,0.7959370209634762
augsburg_bourges,lightgbm,summer_2024,14,0,4.13829636049768,3.0,1.1382963604976801
augsburg_bourges,lightgbm,summer_2024,15,0,4.9545894454859445,5.0,0.04541055451405551
augsburg_bourges,lightgbm,summer_2024,16,0,5.536537279876477,5.0,0.5365372798764767
augsburg_bourges,lightgbm,summer_2024,17,0,6.09833469749368,4.0,2.09833469749368
augsburg_bourges,lightgbm,summer_2024,18,0,5.108795280913478,3.0,2.108795280913478
augsburg_bourges,lightgbm,summer_2024,19,0,4.356020269319447,3.0,1.3560202693194467
augsburg_bourges,lightgbm,summer_2024,20,0,4.173183315953171,3.0,1.173183315953171
augsburg_bourges,lightgbm,summer_2024,21,0,3.71166790801534,4.0,0.2883320919846599
augsburg_bourges,lightgbm,summer_2024,22,0,3.6445447517609124,4.0,0.3554552482390876
augsburg_bourges,lightgbm,summer_2024,23,0,4.171952164826287,4.0,0.17195216482628695
augsburg_bourges,lightgbm,summer_2024,24,1,4.655405052105937,5.0,0.34459494789406264
augsburg_bourges,lightgbm,summer_2024,25,1,5.68589493573952,5.0,0.6858949357395199
augsburg_bourges,lightgbm,summer_2024,26,1,6.9346997601424,6.0,0.9346997601423999
augsburg_bourges,lightgbm,summer_2024,27,1,7.202538279547142,6.0,1.2025382795471424
augsburg_bourges,lightgbm,summer_2024,28,1,7.196516654039282,6.0,1.1965166540392822
augsburg_bourges,lightgbm,summer_2024,29,1,6.963323845669126,6.0,0.9633238456691258
augsburg_bourges,lightgbm,summer_2024,30,1,6.512740848213663,5.0,1.5127408482136628
augsburg_bourges,lightgbm,summer_2024,31,1,6.074564283506815,5.0,1.074564283506815
augsburg_bourges,lightgbm,summer_2024,32,1,5.953882304170768,5.0,0.9538823041707678
augsburg_bourges,lightgbm,summer_2024,33,1,5.7478795780428635,4.0,1.7478795780428635
augsburg_bourges,lightgbm,summer_2024,34,1,5.7693103387009685,4.0,1.7693103387009685
augsburg_bourges,lightgbm,summer_2024,35,1,5.72512361479998,4.0,1.7251236147999798
augsburg_bourges,lightgbm,summer_2024,36,1,5.239939961573926,3.0,2.239939961573926
augsburg_bourges,lightgbm,summer_2024,37,1,5.600102545762251,3.0,2.600102545762251
augsburg_bourges,lightgbm,summer_2024,38,1,5.2413633407610005,3.0,2.2413633407610005
augsburg_bourges,lightgbm,summer_2024,39,1,5.286820302731152,3.0,2.2868203027311518
augsburg_bourges,lightgbm,summer_2024,40,1,5.602411903481713,4.0,1.6024119034817126
augsburg_bourges,lightgbm,summer_2024,41,1,5.916199503658686,4.0,1.916199503658686
augsburg_bourges,lightgbm,summer_2024,42,1,6.534273323830254,5.0,1.534273323830254
augsburg_bourges,lightgbm,summer_2024,43,1,6.728470258370442,6.0,0.7284702583704421
augsburg_bourges,lightgbm,summer_2024,44,1,6.495085607340652,7.0,0.504914392659348
augsburg_bourges,lightgbm,summer_2024,45,1,6.823772466640744,8.0,1.1762275333592562
augsburg_bourges,lightgbm,summer_2024,46,1,7.0274743082427715,7.0,0.027474308242771528
augsburg_bourges,lightgbm,summer_2024,47,1,6.5560896744631885,6.0,0.5560896744631885
augsburg_bourges,lightgbm,summer_2024,48,2,6.351907049146371,7.0,0.6480929508536288
augsburg_bourges,lightgbm,summer_2024,49,2,6.441493403870601,6.0,0.4414934038706013
augsburg_bourges,lightgbm,summer_2024,50,2,5.978674190829816,5.0,0.9786741908298158
augsburg_bourges,lightgbm,summer_2024,51,2,6.035905412284795,5.0,1.0359054122847953
augsburg_bourges,lightgbm,summer_2024,52,2,5.725020375652527,4.0,1.7250203756525266
augsburg_bourges,lightgbm,summer_2024,53,2,5.633498290578423,3.0,2.633498290578423
augsburg_bourges,lightgbm,summer_2024,54,2,5.283987337228365,3.0,2.283987337228365
augsburg_bourges,lightgbm,summer_2024,55,2,4.205336380191023,2.0,2.2053363801910226
augsburg_bourges,lightgbm,summer_2024,56,2,3.197831761511533,2.0,1.1978317615115328
augsburg_bourges,lightgbm,summer_2024,57,2,2.7742768701120157,2.0,0.7742768701120157
augsburg_bourges,lightgbm,summer_2024,58,2,2.8424818051741134,2.0,0.8424818051741134
augsburg_bourges,lightgbm,summer_2024,59,2,2.8446434046808298,2.0,0.8446434046808298
augsburg_bourges,lightgbm,summer_2024,60,2,2.6238949755003778,1.0,1.6238949755003778
augsburg_bourges,lightgbm,summer_2024,61,2,2.859762050671163,2.0,0.8597620506711632
augsburg_bourges,lightgbm,summer_2024,62,2,2.8854505267827877,2.0,0.8854505267827877
augsburg_bourges,lightgbm,summer_2024,63,2,2.96338629266099,2.0,0.96338629266099
augsburg_bourges,lightgbm,summer_2024,64,2,2.9456912043896297,2.0,0.9456912043896297
augsburg_bourges,lightgbm,summer_2024,65,2,3.4720941325656187,3.0,0.4720941325656187
augsburg_bourges,lightgbm,summer_2024,66,2,3.841225248080825,3.0,0.8412252480808249
augsburg_bourges,lightgbm,summer_2024,67,2,3.850100172847083,3.0,0.8501001728470832
augsburg_bourges,lightgbm,summer_2024,68,2,3.712128050512415,3.0,0.712128050512415
augsburg_bourges,lightgbm,summer_2024,69,2,3.657172898493481,2.0,1.657172898493481
augsburg_bourges,lightgbm,summer_2024,70,2,3.55226763475177,2.0,1.5522676347517699
augsburg_bourges,lightgbm,summer_2024,71,2,3.540295996284817,2.0,1.5402959962848168
augsburg_bourges,lightgbm,summer_2024,72,3,3.0682941520478675,2.0,1.0682941520478675
augsburg_bourges,lightgbm,summer_2024,73,3,3.4255600742732026,3.0,0.42556007427320264
augsburg_bourges,lightgbm,summer_2024,74,3,3.721085885439652,3.0,0.7210858854396518
augsburg_bourges,lightgbm,summer_2024,75,3,3.9547251126513276,3.0,0.9547251126513276
augsburg_bourges,lightgbm,summer_2024,76,3,3.7802331306286265,4.0,0.21976686937137346
augsburg_bourges,lightgbm,summer_2024,77,3,4.264239538867212,4.0,0.2642395388672121
augsburg_bourges,lightgbm,summer_2024,78,3,4.580820811832961,4.0,0.580820811832961
augsburg_bourges,lightgbm,summer_2024,79,3,4.571352408983046,4.0,0.5713524089830457
augsburg_bourges,lightgbm,summer_2024,80,3,4.122080178308057,3.0,1.1220801783080567
augsburg_bourges,lightgbm,summer_2024,81,3,3.7560971257027393,3.0,0.7560971257027393
augsburg_bourges,lightgbm,summer_2024,82,3,3.729211862415607,3.0,0.7292118624156072
augsburg_bourges,lightgbm,summer_2024,83,3,3.8576873514459344,3.0,0.8576873514459344
augsburg_bourges,lightgbm,summer_2024,84,3,4.1208479363183175,4.0,0.12084793631831747
augsburg_bourges,lightgbm,summer_2024,85,3,4.014911655346941,3.0,1.0149116553469408
augsburg_bourges,lightgbm,summer_2024,86,3,4.06194405675702,3.0,1.06194405675702
augsburg_bourges,lightgbm,summer_2024,87,3,4.310460699669056,4.0,0.310460699669056
augsburg_bourges,lightgbm,summer_2024,88,3,4.493463390634319,3.0,1.4934633906343189
augsburg_bourges,lightgbm,summer_2024,89,3,4.784016681467978,3.0,1.7840166814679783
augsburg_bourges,lightgbm,summer_2024,90,3,4.3443670272762,4.0,0.34436702727620006
augsburg_bourges,lightgbm,summer_2024,91,3,4.162812357799002,3.0,1.1628123577990017
augsburg_bourges,lightgbm,summer_2024,92,3,3.8003956944425856,2.0,1.8003956944425856
augsburg_bourges,lightgbm,summer_2024,93,3,3.784827894580373,2.0,1.7848278945803728
augsburg_bourges,lightgbm,summer_2024,94,3,3.601695838352378,3.0,0.601695838352378
augsburg_bourges,lightgbm,summer_2024,95,3,3.9039233975395713,3.0,0.9039233975395713
augsburg_bourges,lightgbm,summer_2024,96,4,4.196006672959786,4.0,0.19600667295978624
augsburg_bourges,lightgbm,summer_2024,97,4,4.436695307406322,4.0,0.436695307406322
augsburg_bourges,lightgbm,summer_2024,98,4,4.762363986262645,4.0,0.7623639862626446
augsburg_bourges,lightgbm,summer_2024,99,4,4.651816329253241,4.0,0.6518163292532408
augsburg_bourges,lightgbm,summer_2024,100,4,4.749817803963196,4.0,0.7498178039631958
augsburg_bourges,lightgbm,summer_2024,101,4,4.745577577588961,4.0,0.7455775775889606
augsburg_bourges,lightgbm,summer_2024,102,4,4.743603088923542,4.0,0.7436030889235417
augsburg_bourges,lightgbm,summer_2024,103,4,4.55036618264311,4.0,0.5503661826431099
augsburg_bourges,lightgbm,summer_2024,104,4,4.266586629116786,4.0,0.26658662911678643
augsburg_bourges,lightgbm,summer_2024,105,4,4.35333378699305,4.0,0.3533337869930504
augsburg_bourges,lightgbm,summer_2024,106,4,4.6215384140401135,3.0,1.6215384140401135
augsburg_bourges,lightgbm,summer_2024,107,4,4.674907026402446,3.0,1.6749070264024457
augsburg_bourges,lightgbm,summer_2024,108,4,4.765112696941663,4.0,0.7651126969416628
augsburg_bourges,lightgbm,summer_2024,109,4,4.956070624396081,4.0,0.956070624396081
augsburg_bourges,lightgbm,summer_2024,110,4,5.373646142382858,4.0,1.3736461423828583
augsburg_bourges,lightgbm,summer_2024,111,4,6.217598042663239,4.0,2.217598042663239
augsburg_bourges,lightgbm,summer_2024,112,4,6.050637161770486,4.0,2.050637161770486
augsburg_bourges,lightgbm,summer_2024,113,4,5.441375373059091,3.0,2.441375373059091
augsburg_bourges,lightgbm,summer_2024,114,4,5.545510485117495,3.0,2.545510485117495
augsburg_bourges,lightgbm,summer_2024,115,4,6.02026214519986,4.0,2.02026214519986
augsburg_bourges,lightgbm,summer_2024,116,4,6.515132985216102,5.0,1.515132985216102
augsburg_bourges,lightgbm,summer_2024,117,4,7.179147013554579,6.0,1.1791470135545792
augsburg_bourges,lightgbm,summer_2024,118,4,6.440757595703815,5.0,1.4407575957038148
augsburg_bourges,lightgbm,summer_2024,119,4,5.803276890015963,5.0,0.8032768900159626
augsburg_bourges,lightgbm,summer_2024,120,5,6.5208749820509695,7.0,0.4791250179490305
augsburg_bourges,lightgbm,summer_2024,121,5,7.304399696722958,8.0,0.6956003032770424
augsburg_bourges,lightgbm,summer_2024,122,5,7.797411919441684,9.0,1.202588080558316
augsburg_bourges,lightgbm,summer_2024,123,5,7.161342468586283,7.0,0.16134246858628298
augsburg_bourges,lightgbm,summer_2024,124,5,7.003578870129784,7.0,0.003578870129784306
augsburg_bourges,lightgbm,summer_2024,125,5,7.29822406866958,8.0,0.7017759313304204
augsburg_bourges,lightgbm,summer_2024,126,5,7.383532495994197,7.0,0.3835324959941966
augsburg_bourges,lightgbm,summer_2024,127,5,7.1640629312416575,6.0,1.1640629312416575
augsburg_bourges,lightgbm,summer_2024,128,5,6.728924316256283,4.0,2.7289243162562826
augsburg_bourges,lightgbm,summer_2024,129,5,5.883000276770637,3.0,2.8830002767706366
augsburg_bourges,lightgbm,summer_2024,130,5,5.962159561424953,4.0,1.9621595614249534
augsburg_bourges,lightgbm,summer_2024,131,5,6.115300487810864,7.0,0.8846995121891359
augsburg_bourges,lightgbm,summer_2024,132,5,6.340709753177795,7.0,0.6592902468222048
augsburg_bourges,lightgbm,summer_2024,133,5,6.835788465450234,6.0,0.8357884654502339
augsburg_bourges,lightgbm,summer_2024,134,5,7.949004596356452,7.0,0.9490045963564517
augsburg_bourges,lightgbm,summer_2024,135,5,7.5244706526746405,6.0,1.5244706526746405
augsburg_bourges,lightgbm,summer_2024,136,5,6.229783660067782,4.0,2.229783660067782
augsburg_bourges,lightgbm,summer_2024,137,5,6.342889077085104,4.0,2.342889077085104
augsburg_bourges,lightgbm,summer_2024,138,5,7.631845084382705,5.0,2.6318450843827046
augsburg_bourges,lightgbm,summer_2024,139,5,5.533324710358324,3.0,2.5333247103583236
augsburg_bourges,lightgbm,summer_2024,140,5,5.7104693405700475,4.0,1.7104693405700475
augsburg_bourges,lightgbm,summer_2024,141,5,5.3601720990620665,5.0,0.3601720990620665
augsburg_bourges,lightgbm,summer_2024,142,5,5.320851469787143,5.0,0.32085146978714274
augsburg_bourges,lightgbm,summer_2024,143,5,5.0101538670625825,2.0,3.0101538670625825
augsburg_bourges,lightgbm,summer_2024,144,6,3.81140936992044,2.0,1.8114093699204399
augsburg_bourges,lightgbm,summer_2024,145,6,4.478076690653956,3.0,1.478076690653956
augsburg_bourges,lightgbm,summer_2024,146,6,4.655501187186183,4.0,0.6555011871861831
augsburg_bourges,lightgbm,summer_2024,147,6,4.334644544422168,3.0,1.3346445444221677
augsburg_bourges,lightgbm,summer_2024,148,6,4.06317033282861,3.0,1.0631703328286104
augsburg_bourges,lightgbm,summer_2024,149,6,3.753552981272165,2.0,1.7535529812721649
augsburg_bourges,lightgbm,summer_2024,150,6,3.968844443214288,2.0,1.9688444432142882
augsburg_bourges,lightgbm,summer_2024,151,6,3.9645645721130904,2.0,1.9645645721130904
augsburg_bourges,lightgbm,summer_2024,152,6,3.98278780770691,3.0,0.9827878077069099
augsburg_bourges,lightgbm,summer_2024,153,6,4.161644482710178,3.0,1.1616444827101784
augsburg_bourges,lightgbm,summer_2024,154,6,4.444467362098075,3.0,1.4444673620980746
augsburg_bourges,lightgbm,summer_2024,155,6,4.883998230155577,3.0,1.8839982301555773
augsburg_bourges,lightgbm,summer_2024,156,6,5.0142044360339035,3.0,2.0142044360339035
augsburg_bourges,lightgbm,summer_2024,157,6,5.023974958650595,3.0,2.0239749586505953
augsburg_bourges,lightgbm,summer_2024,158,6,4.770656772371297,3.0,1.7706567723712974
augsburg_bourges,lightgbm,summer_2024,159,6,4.5842432513852085,3.0,1.5842432513852085
augsburg_bourges,lightgbm,summer_2024,160,6,4.7394036125391406,3.0,1.7394036125391406
augsburg_bourges,lightgbm,summer_2024,161,6,5.154440233120602,4.0,1.154440233120602
augsburg_bourges,lightgbm,summer_2024,162,6,5.948668642254952,4.0,1.948668642254952
augsburg_bourges,lightgbm,summer_2024,163,6,6.4792582554935665,5.0,1.4792582554935665
augsburg_bourges,lightgbm,summer_2024,164,6,7.334663964295132,5.0,2.3346639642951317
augsburg_bourges,lightgbm,summer_2024,165,6,7.618062364679436,6.0,1.618062364679436
augsburg_bourges,lightgbm,summer_2024,166,6,6.796286658978923,5.0,1.7962866589789233
augsburg_bourges,lightgbm,summer_2024,167,6,7.392239148786828,7.0,0.3922391487868282
augsburg_bourges,lightgbm,summer_2024,168,7,7.736956334135965,8.0,0.2630436658640347
augsburg_bourges,lightgbm,summer_2024,169,7,7.736475528140121,8.0,0.2635244718598786
augsburg_bourges,lightgbm,summer_2024,170,7,7.646201017516502,7.0,0.6462010175165016
augsburg_bourges,lightgbm,summer_2024,171,7,7.598580110835905,8.0,0.401419889164095
augsburg_bourges,lightgbm,summer_2024,172,7,7.247539913115495,7.0,0.24753991311549495
augsburg_bourges,lightgbm,summer_2024,173,7,7.578869864004911,6.0,1.5788698640049112
augsburg_bourges,lightgbm,summer_2024,174,7,9.759620310641946,9.0,0.7596203106419459
augsburg_bourges,lightgbm,summer_2024,175,7,9.796549220817568,5.0,4.7965492208175675
augsburg_bourges,lightgbm,summer_2024,176,7,6.313055292914747,3.0,3.313055292914747
augsburg_bourges,lightgbm,summer_2024,177,7,4.442556245020031,3.0,1.4425562450200307
augsburg_bourges,lightgbm,summer_2024,178,7,3.8782361993111483,3.0,0.8782361993111483
augsburg_bourges,lightgbm,summer_2024,179,7,3.6839977502526353,3.0,0.6839977502526353
augsburg_bourges,lightgbm,summer_2024,180,7,3.83346684342558,3.0,0.8334668434255801
augsburg_bourges,lightgbm,summer_2024,181,7,3.98386943785534,2.0,1.9838694378553399
augsburg_bourges,lightgbm,summer_2024,182,7,4.2346860442692424,3.0,1.2346860442692424
augsburg_bourges,lightgbm,summer_2024,183,7,4.421278281336621,3.0,1.4212782813366207
augsburg_bourges,lightgbm,summer_2024,184,7,4.835750428547197,3.0,1.8357504285471968
augsburg_bourges,lightgbm,summer_2024,185,7,5.354946188483187,4.0,1.3549461884831873
augsburg_bourges,lightgbm,summer_2024,186,7,7.0271768439201745,6.0,1.0271768439201745
augsburg_bourges,lightgbm,summer_2024,187,7,7.896759521793214,6.0,1.8967595217932143
augsburg_bourges,lightgbm,summer_2024,188,7,7.7407363370258775,6.0,1.7407363370258775
augsburg_bourges,lightgbm,summer_2024,189,7,7.74490905262187,7.0,0.7449090526218702
augsburg_bourges,lightgbm,summer_2024,190,7,7.841052932723832,6.0,1.8410529327238319
augsburg_bourges,lightgbm,summer_2024,191,7,7.935532227123482,8.0,0.06446777287651795
augsburg_bourges,lightgbm,summer_2024,192,8,9.07487671523096,7.0,2.0748767152309604
augsburg_bourges,lightgbm,summer_2024,193,8,10.827750981016043,7.0,3.8277509810160435
augsburg_bourges,lightgbm,summer_2024,194,8,12.445886810861099,10.0,2.445886810861099
augsburg_bourges,lightgbm,summer_2024,195,8,12.82244521567347,9.0,3.8224452156734703
augsburg_bourges,lightgbm,summer_2024,196,8,13.380497314995155,8.0,5.380497314995155
augsburg_bourges,lightgbm,summer_2024,197,8,14.966678492595788,12.0,2.966678492595788
augsburg_bourges,lightgbm,summer_2024,198,8,14.767847653712149,11.0,3.767847653712149
augsburg_bourges,lightgbm,summer_2024,199,8,12.646145344456158,6.0,6.6461453444561585
augsburg_bourges,lightgbm,summer_2024,200,8,8.345423756986753,4.0,4.345423756986753
augsburg_bourges,lightgbm,summer_2024,201,8,6.516390176381144,4.0,2.516390176381144
augsburg_bourges,lightgbm,summer_2024,202,8,6.178463465504372,5.0,1.1784634655043718
augsburg_bourges,lightgbm,summer_2024,203,8,6.445527067580847,6.0,0.4455270675808469
augsburg_bourges,lightgbm,summer_2024,204,8,6.409993500144545,6.0,0.4099935001445454
augsburg_bourges,lightgbm,summer_2024,205,8,6.335823092426217,6.0,0.33582309242621733
augsburg_bourges,lightgbm,summer_2024,206,8,6.390252335522137,6.0,0.39025233552213656
augsburg_bourges,lightgbm,summer_2024,207,8,6.853296795117155,5.0,1.8532967951171546
augsburg_bourges,lightgbm,summer_2024,208,8,7.618452451169202,6.0,1.618452451169202
augsburg_bourges,lightgbm,summer_2024,209,8,8.341995898144248,7.0,1.3419958981442477
augsburg_bourges,lightgbm,summer_2024,210,8,10.599733172044902,8.0,2.5997331720449015
augsburg_bourges,lightgbm,summer_2024,211,8,13.38658307001462,10.0,3.38658307001462
augsburg_bourges,lightgbm,summer_2024,212,8,15.072677495746369,10.0,5.072677495746369
augsburg_bourges,lightgbm,summer_2024,213,8,14.553083562702192,8.0,6.5530835627021915
augsburg_bourges,lightgbm,summer_2024,214,8,14.685362213990283,10.0,4.685362213990283
augsburg_bourges,lightgbm,summer_2024,215,8,16.972312633766048,14.0,2.972312633766048
augsburg_bourges,lightgbm,summer_2024,216,9,20.660513720614045,13.0,7.660513720614045
augsburg_bourges,lightgbm,summer_2024,217,9,17.518292052565233,12.0,5.518292052565233
augsburg_bourges,lightgbm,summer_2024,218,9,15.630595288751591,12.0,3.630595288751591
augsburg_bourges,lightgbm,summer_2024,219,9,15.338937354565303,12.0,3.338937354565303
augsburg_bourges,lightgbm,summer_2024,220,9,15.280335099393318,12.0,3.2803350993933176
augsburg_bourges,lightgbm,summer_2024,221,9,13.653643552045502,9.0,4.6536435520455015
augsburg_bourges,lightgbm,summer_2024,222,9,11.390230816205404,8.0,3.3902308162054045
augsburg_bourges,lightgbm,summer_2024,223,9,10.576935016669227,8.0,2.5769350166692266
augsburg_bourges,lightgbm,summer_2024,224,9,10.725334129494945,9.0,1.7253341294949447
augsburg_bourges,lightgbm,summer_2024,225,9,10.789406739958542,10.0,0.789406739958542
augsburg_bourges,lightgbm,summer_2024,226,9,10.57135896748054,9.0,1.5713589674805402
augsburg_bourges,lightgbm,summer_2024,227,9,10.312272119994729,8.0,2.312272119994729
augsburg_bourges,lightgbm,summer_2024,228,9,9.956151633455518,8.0,1.9561516334555176
augsburg_bourges,lightgbm,summer_2024,229,9,9.224078243250016,8.0,1.2240782432500161
augsburg_bourges,lightgbm,summer_2024,230,9,9.294078259872675,7.0,2.294078259872675
augsburg_bourges,lightgbm,summer_2024,231,9,9.178005189588054,6.0,3.1780051895880543
augsburg_bourges,lightgbm,summer_2024,232,9,8.706394979629886,5.0,3.706394979629886
augsburg_bourges,lightgbm,summer_2024,233,9,8.343128020240224,6.0,2.343128020240224
augsburg_bourges,lightgbm,summer_2024,234,9,9.436069643969422,8.0,1.4360696439694216
augsburg_bourges,lightgbm,summer_2024,235,9,12.590421249618801,12.0,0.5904212496188013
augsburg_bourges,lightgbm,summer_2024,236,9,12.504015012808686,11.0,1.5040150128086864
augsburg_bourges,lightgbm,summer_2024,237,9,10.863681311912817,8.0,2.863681311912817
augsburg_bourges,lightgbm,summer_2024,238,9,8.557760400093331,6.0,2.557760400093331
augsburg_bourges,lightgbm,summer_2024,239,9,7.752843825983534,6.0,1.7528438259835344
augsburg_bourges,lightgbm,summer_2024,240,10,7.391636387548342,6.333333333333333,1.058303054215009
augsburg_bourges,lightgbm,summer_2024,241,10,7.93956716197187,6.833333333333333,1.106233828638537
augsburg_bourges,lightgbm,summer_2024,242,10,8.696165555562347,6.166666666666667,2.52949888889568
augsburg_bourges,lightgbm,summer_2024,243,10,8.691288782621415,6.166666666666667,2.524622115954748
augsburg_bourges,lightgbm,summer_2024,244,10,8.309226856049536,6.666666666666667,1.642560189382869
augsburg_bourges,lightgbm,summer_2024,245,10,8.310997942474513,7.333333333333333,0.97766460914118
augsburg_bourges,lightgbm,summer_2024,246,10,9.628509709304817,8.0,1.6285097093048169
augsburg_bourges,lightgbm,summer_2024,247,10,10.588629499470342,7.833333333333333,2.7552961661370086
augsburg_bourges,lightgbm,summer_2024,248,10,10.34785272458707,9.333333333333334,1.014519391253737
augsburg_bourges,lightgbm,summer_2024,249,10,10.731370289574285,4.0,6.731370289574285
augsburg_bourges,lightgbm,summer_2024,250,10,10.280586998389762,4.0,6.2805869983897615
augsburg_bourges,lightgbm,summer_2024,251,10,9.918535216531316,6.0,3.918535216531316
augsburg_bourges,lightgbm,summer_2024,252,10,9.027570241190016,8.0,1.0275702411900163
augsburg_bourges,lightgbm,summer_2024,253,10,7.896946018530374,8.0,0.10305398146962563
augsburg_bourges,lightgbm,summer_2024,254,10,6.984447386506308,8.0,1.0155526134936919
augsburg_bourges,lightgbm,summer_2024,255,10,6.495830613226253,8.0,1.5041693867737473
augsburg_bourges,lightgbm,summer_2024,256,10,6.052973004321239,7.0,0.9470269956787609
augsburg_bourges,lightgbm,summer_2024,257,10,5.44795409288101,5.0,0.44795409288100974
augsburg_bourges,lightgbm,summer_2024,258,10,5.7538941959468675,4.0,1.7538941959468675
augsburg_bourges,lightgbm,summer_2024,259,10,6.184237886822349,5.0,1.1842378868223493
augsburg_bourges,lightgbm,summer_2024,260,10,6.334617527118283,4.0,2.334617527118283
augsburg_bourges,lightgbm,summer_2024,261,10,5.915590349189456,3.0,2.915590349189456
augsburg_bourges,lightgbm,summer_2024,262,10,5.410518376523183,4.0,1.410518376523183
augsburg_bourges,lightgbm,summer_2024,263,10,5.848576885850297,4.0,1.8485768858502967
augsburg_bourges,lightgbm,summer_2024,264,11,6.746109852488418,8.0,1.2538901475115818
augsburg_bourges,lightgbm,summer_2024,265,11,7.552234413206592,10.0,2.447765586793408
augsburg_bourges,lightgbm,summer_2024,266,11,9.773030234629438,12.0,2.226969765370562
augsburg_bourges,lightgbm,summer_2024,267,11,12.635355823615336,9.0,3.6353558236153365
augsburg_bourges,lightgbm,summer_2024,268,11,13.31438561443659,10.0,3.31438561443659
augsburg_bourges,lightgbm,summer_2024,269,11,12.052080273256777,9.0,3.0520802732567773
augsburg_bourges,lightgbm,summer_2024,270,11,10.50814338656898,8.0,2.50814338656898
augsburg_bourges,lightgbm,summer_2024,271,11,9.21820748376613,6.0,3.2182074837661307
augsburg_bourges,lightgbm,summer_2024,272,11,8.726273839659772,5.0,3.726273839659772
augsburg_bourges,lightgbm,summer_2024,273,11,8.113657877666121,5.0,3.113657877666121
augsburg_bourges,lightgbm,summer_2024,274,11,7.028984562354482,6.0,1.0289845623544824
augsburg_bourges,lightgbm,summer_2024,275,11,6.596801631006482,6.0,0.5968016310064819
augsburg_bourges,lightgbm,summer_2024,276,11,6.2429449490947375,5.0,1.2429449490947375
augsburg_bourges,lightgbm,summer_2024,277,11,6.2610099047178975,5.0,1.2610099047178975
augsburg_bourges,lightgbm,summer_2024,278,11,6.290722879582497,6.0,0.2907228795824972
augsburg_bourges,lightgbm,summer_2024,279,11,6.0201810133637,5.0,1.0201810133637004
augsburg_bourges,lightgbm,summer_2024,280,11,5.652450254781151,5.0,0.6524502547811508
augsburg_bourges,lightgbm,summer_2024,281,11,5.401382048857595,4.0,1.4013820488575952
augsburg_bourges,lightgbm,summer_2024,282,11,5.39573586981306,4.0,1.39573586981306
augsburg_bourges,lightgbm,summer_2024,283,11,5.427683495021148,5.0,0.42768349502114766
augsburg_bourges,lightgbm,summer_2024,284,11,4.846290488172614,3.0,1.846290488172614
augsburg_bourges,lightgbm,summer_2024,285,11,3.8896775208675227,1.0,2.8896775208675227
augsburg_bourges,lightgbm,summer_2024,286,11,3.9543723511802664,2.0,1.9543723511802664
augsburg_bourges,lightgbm,summer_2024,287,11,3.832543968373126,3.0,0.8325439683731259
augsburg_bourges,lightgbm,summer_2024,288,12,3.893864594122268,3.0,0.893864594122268
augsburg_bourges,lightgbm,summer_2024,289,12,3.89371067073978,3.0,0.8937106707397802
augsburg_bourges,lightgbm,summer_2024,290,12,3.769918109447805,2.0,1.7699181094478051
augsburg_bourges,lightgbm,summer_2024,291,12,3.520904845344066,2.0,1.5209048453440661
augsburg_bourges,lightgbm,summer_2024,292,12,3.757782950642415,2.0,1.7577829506424152
augsburg_bourges,lightgbm,summer_2024,293,12,3.620843907030831,3.0,0.6208439070308311
augsburg_bourges,lightgbm,summer_2024,294,12,3.586287438853076,2.0,1.586287438853076
augsburg_bourges,lightgbm,summer_2024,295,12,3.4801575477993563,3.0,0.48015754779935627
augsburg_bourges,lightgbm,summer_2024,296,12,3.472603597405132,3.0,0.4726035974051319
augsburg_bourges,lightgbm,summer_2024,297,12,3.5083973429521698,3.0,0.5083973429521698
augsburg_bourges,lightgbm,summer_2024,298,12,3.232288876775264,2.0,1.232288876775264
augsburg_bourges,lightgbm,summer_2024,299,12,2.8781499098843284,2.0,0.8781499098843284
augsburg_bourges,lightgbm,summer_2024,300,12,3.1116093330676056,2.0,1.1116093330676056
augsburg_bourges,lightgbm,summer_2024,301,12,2.8772822275256846,2.0,0.8772822275256846
augsburg_bourges,lightgbm,summer_2024,302,12,3.11054956438055,2.0,1.11054956438055
augsburg_bourges,lightgbm,summer_2024,303,12,3.316332188089309,2.0,1.316332188089309
augsburg_bourges,lightgbm,summer_2024,304,12,3.910734681006911,2.0,1.910734681006911
augsburg_bourges,lightgbm,summer_2024,305,12,3.9723487754509574,2.0,1.9723487754509574
augsburg_bourges,lightgbm,summer_2024,306,12,4.191485012035982,3.0,1.1914850120359821
augsburg_bourges,lightgbm,summer_2024,307,12,4.130503704820827,3.0,1.1305037048208266
augsburg_bourges,lightgbm,summer_2024,308,12,4.065945175320739,3.0,1.0659451753207394
augsburg_bourges,lightgbm,summer_2024,309,12,4.193168342728773,4.0,0.19316834272877337
augsburg_bourges,lightgbm,summer_2024,310,12,4.271538031681051,5.0,0.7284619683189488
augsburg_bourges,lightgbm,summer_2024,311,12,4.994560502249431,5.0,0.005439497750568734
augsburg_bourges,lightgbm,summer_2024,312,13,5.704055546479002,6.0,0.2959444535209981
augsburg_bourges,lightgbm,summer_2024,313,13,6.931522260214151,8.0,1.0684777397858491
augsburg_bourges,lightgbm,summer_2024,314,13,7.480036295341959,7.0,0.480036295341959
augsburg_bourges,lightgbm,summer_2024,315,13,7.232065790519844,6.0,1.2320657905198438
augsburg_bourges,lightgbm,summer_2024,316,13,7.143714336400607,7.0,0.14371433640060705
augsburg_bourges,lightgbm,summer_2024,317,13,7.349389428208839,7.0,0.34938942820883856
augsburg_bourges,lightgbm,summer_2024,318,13,7.023874537372994,7.0,0.023874537372994276
augsburg_bourges,lightgbm,summer_2024,319,13,6.451652217228719,6.0,0.45165221722871873
augsburg_bourges,lightgbm,summer_2024,320,13,5.848705794268978,5.0,0.8487057942689784
augsburg_bourges,lightgbm,summer_2024,321,13,5.466442626877104,4.0,1.4664426268771038
augsburg_bourges,lightgbm,summer_2024,322,13,5.502960911499758,4.0,1.5029609114997582
augsburg_bourges,lightgbm,summer_2024,323,13,5.090578234331271,3.0,2.0905782343312707
augsburg_bourges,lightgbm,summer_2024,324,13,4.336815849993822,3.0,1.3368158499938216
augsburg_bourges,lightgbm,summer_2024,325,13,4.294547996285978,3.0,1.2945479962859778
augsburg_bourges,lightgbm,summer_2024,326,13,4.25310113051458,3.0,1.2531011305145796
augsburg_bourges,lightgbm,summer_2024,327,13,4.276648607585426,3.0,1.2766486075854262
augsburg_bourges,lightgbm,summer_2024,328,13,4.351794300267313,3.0,1.3517943002673132
augsburg_bourges,lightgbm,summer_2024,329,13,4.728566653763378,3.0,1.7285666537633784
augsburg_bourges,lightgbm,summer_2024,330,13,4.9070737419391,4.0,0.9070737419391
augsburg_bourges,lightgbm,summer_2024,331,13,6.072327166885083,5.0,1.0723271668850831
augsburg_bourges,lightgbm,summer_2024,332,13,6.336766336785061,5.0,1.336766336785061
augsburg_bourges,lightgbm,summer_2024,333,13,6.176620659717999,4.0,2.176620659717999
augsburg_bourges,lightgbm,summer_2024,334,13,5.985981932208584,4.0,1.9859819322085839
augsburg_bourges,lightgbm,summer_2024,335,13,6.091018411271863,5.0,1.0910184112718628
augsburg_bourges,lightgbm,summer_2024,336,14,5.925988308052286,5.0,0.9259883080522862
augsburg_bourges,lightgbm,summer_2024,337,14,5.926310884304939,5.0,0.9263108843049386
augsburg_bourges,lightgbm,summer_2024,338,14,5.852170200622418,5.0,0.8521702006224183
augsburg_bourges,lightgbm,summer_2024,339,14,6.040248780469833,6.0,0.04024878046983282
augsburg_bourges,lightgbm,summer_2024,340,14,6.311195639336531,7.0,0.6888043606634691
augsburg_bourges,lightgbm,summer_2024,341,14,6.60153079685251,8.0,1.3984692031474903
augsburg_bourges,lightgbm,summer_2024,342,14,6.278862886875732,7.0,0.7211371131242679
augsburg_bourges,lightgbm,summer_2024,343,14,5.734765113080137,6.0,0.2652348869198633
augsburg_bourges,lightgbm,summer_2024,344,14,5.942790471675883,6.0,0.05720952832411719
augsburg_bourges,lightgbm,summer_2024,345,14,5.98606783015642,5.0,0.9860678301564203
augsburg_bourges,lightgbm,summer_2024,346,14,5.864388949150582,5.0,0.8643889491505821
augsburg_bourges,lightgbm,summer_2024,347,14,6.2844287016913505,5.0,1.2844287016913505
augsburg_bourges,lightgbm,summer_2024,348,14,6.580715681682226,5.0,1.5807156816822259
augsburg_bourges,lightgbm,summer_2024,349,14,6.66262408558892,6.0,0.66262408558892
augsburg_bourges,lightgbm,summer_2024,350,14,6.880758484253548,6.0,0.8807584842535476
augsburg_bourges,lightgbm,summer_2024,351,14,8.107267739314276,7.0,1.1072677393142758
augsburg_bourges,lightgbm,summer_2024,352,14,9.535436627472512,8.0,1.535436627472512
augsburg_bourges,lightgbm,summer_2024,353,14,10.939294109315135,8.0,2.939294109315135
augsburg_bourges,lightgbm,summer_2024,354,14,11.783996141194482,9.0,2.783996141194482
augsburg_bourges,lightgbm,summer_2024,355,14,12.296400507282257,9.0,3.2964005072822573
augsburg_bourges,lightgbm,summer_2024,356,14,13.577609423383498,12.0,1.5776094233834979
augsburg_bourges,lightgbm,summer_2024,357,14,14.07954444733601,14.0,0.0795444473360103
augsburg_bourges,lightgbm,summer_2024,358,14,13.32045967805305,11.0,2.3204596780530498
augsburg_bourges,lightgbm,summer_2024,359,14,11.17420159591338,6.0,5.174201595913379
augsburg_bourges,lightgbm,summer_2024,360,15,8.30762235345127,5.0,3.3076223534512703
augsburg_bourges,lightgbm,summer_2024,361,15,7.948080932429072,6.0,1.9480809324290718
augsburg_bourges,lightgbm,summer_2024,362,15,8.207659252599434,7.0,1.2076592525994343
augsburg_bourges,lightgbm,summer_2024,363,15,9.659897904312048,9.0,0.6598979043120483
augsburg_bourges,lightgbm,summer_2024,364,15,12.212300923416013,10.0,2.212300923416013
augsburg_bourges,lightgbm,summer_2024,365,15,11.945231734043098,8.0,3.945231734043098
augsburg_bourges,lightgbm,summer_2024,366,15,9.500078528878394,6.0,3.5000785288783938
augsburg_bourges,lightgbm,summer_2024,367,15,8.039997988940636,5.0,3.0399979889406357
augsburg_bourges,lightgbm,summer_2024,368,15,7.5349130457368,6.0,1.5349130457367997
augsburg_bourges,lightgbm,summer_2024,369,15,6.541177378149431,5.0,1.5411773781494311
augsburg_bourges,lightgbm,summer_2024,370,15,5.494578142670406,4.0,1.494578142670406
augsburg_bourges,lightgbm,summer_2024,371,15,5.846519336335129,5.0,0.8465193363351293
augsburg_bourges,lightgbm,summer_2024,372,15,6.354180398976977,6.0,0.3541803989769772
augsburg_bourges,lightgbm,summer_2024,373,15,6.363970265925593,7.0,0.6360297340744072
augsburg_bourges,lightgbm,summer_2024,374,15,6.210868662367174,9.0,2.789131337632826
augsburg_bourges,lightgbm,summer_2024,375,15,5.982932728910269,9.0,3.017067271089731
augsburg_bourges,lightgbm,summer_2024,376,15,6.249754905697358,8.0,1.7502450943026417
augsburg_bourges,lightgbm,summer_2024,377,15,6.039594836230284,5.0,1.0395948362302843
augsburg_bourges,lightgbm,summer_2024,378,15,6.154861824249896,5.0,1.1548618242498963
augsburg_bourges,lightgbm,summer_2024,379,15,5.739821569527718,6.0,0.2601784304722816
augsburg_bourges,lightgbm,summer_2024,380,15,5.96778462801275,7.0,1.0322153719872498
augsburg_bourges,lightgbm,summer_2024,381,15,5.305855580909492,5.0,0.3058555809094923
augsburg_bourges,lightgbm,summer_2024,382,15,4.904997209322046,4.0,0.9049972093220457
augsburg_bourges,lightgbm,summer_2024,383,15,3.9911824719657614,4.0,0.00881752803423863
augsburg_bourges,lightgbm,summer_2024,384,16,3.8308106700056763,4.0,0.16918932999432368
augsburg_bourges,lightgbm,summer_2024,385,16,4.013664983997732,6.0,1.9863350160022684
augsburg_bourges,lightgbm,summer_2024,386,16,4.059232935867689,6.0,1.9407670641323111
augsburg_bourges,lightgbm,summer_2024,387,16,4.328463858194898,6.0,1.6715361418051016
augsburg_bourges,lightgbm,summer_2024,388,16,4.808103260477986,6.0,1.1918967395220141
augsburg_bourges,lightgbm,summer_2024,389,16,4.905179094719421,6.0,1.0948209052805788
augsburg_bourges,lightgbm,summer_2024,390,16,5.523783921677168,7.0,1.4762160783228317
augsburg_bourges,lightgbm,summer_2024,391,16,6.142881483031408,6.0,0.1428814830314078
augsburg_bourges,lightgbm,summer_2024,392,16,6.3433862252108115,6.0,0.3433862252108115
augsburg_bourges,lightgbm,summer_2024,393,16,6.1159782049412295,6.0,0.11597820494122946
augsburg_bourges,lightgbm,summer_2024,394,16,6.065507897045733,6.0,0.06550789704573301
augsburg_bourges,lightgbm,summer_2024,395,16,5.950436616309744,5.0,0.9504366163097444
augsburg_bourges,lightgbm,summer_2024,396,16,6.052346724056732,5.0,1.052346724056732
augsburg_bourges,lightgbm,summer_2024,397,16,6.38112005692894,6.0,0.3811200569289399
augsburg_bourges,lightgbm,summer_2024,398,16,6.536248948035583,7.0,0.463751051964417
augsburg_bourges,lightgbm,summer_2024,399,16,6.561765019901816,6.0,0.5617650199018156
augsburg_bourges,lightgbm,summer_2024,400,16,6.781562338903459,6.0,0.7815623389034592
augsburg_bourges,lightgbm,summer_2024,401,16,7.105092583084918,6.0,1.105092583084918
augsburg_bourges,lightgbm,summer_2024,402,16,7.443505142038825,7.0,0.4435051420388252
augsburg_bourges,lightgbm,summer_2024,403,16,8.378165424345717,8.0,0.37816542434571687
augsburg_bourges,lightgbm,summer_2024,404,16,9.07689821454178,8.0,1.0768982145417798
augsburg_bourges,lightgbm,summer_2024,405,16,9.97910663785007,10.0,0.02089336214993054
augsburg_bourges,lightgbm,summer_2024,406,16,10.92537687133523,10.0,0.9253768713352297
augsburg_bourges,lightgbm,summer_2024,407,16,11.758667457696918,10.0,1.7586674576969177
augsburg_bourges,lightgbm,summer_2024,408,17,11.852475262893241,7.0,4.8524752628932415
augsburg_bourges,lightgbm,summer_2024,409,17,11.983890259473766,7.0,4.983890259473766
augsburg_bourges,lightgbm,summer_2024,410,17,12.552442220003176,11.0,1.5524422200031758
augsburg_bourges,lightgbm,summer_2024,411,17,12.949052659750278,12.0,0.9490526597502775
augsburg_bourges,lightgbm,summer_2024,412,17,12.885504824573687,10.0,2.8855048245736867
augsburg_bourges,lightgbm,summer_2024,413,17,13.13089143982024,10.0,3.1308914398202408
augsburg_bourges,lightgbm,summer_2024,414,17,13.219388649277137,9.0,4.219388649277137
augsburg_bourges,lightgbm,summer_2024,415,17,11.59971783585807,6.0,5.599717835858071
augsburg_bourges,lightgbm,summer_2024,416,17,9.610311345616733,5.0,4.610311345616733
augsburg_bourges,lightgbm,summer_2024,417,17,8.531700088215334,6.0,2.5317000882153344
augsburg_bourges,lightgbm,summer_2024,418,17,8.444793815414002,6.0,2.444793815414002
augsburg_bourges,lightgbm,summer_2024,419,17,8.872298213118892,6.0,2.872298213118892
augsburg_bourges,lightgbm,summer_2024,420,17,8.693783803329463,7.0,1.6937838033294632
augsburg_bourges,lightgbm,summer_2024,421,17,8.526879635810573,6.0,2.526879635810573
augsburg_bourges,lightgbm,summer_2024,422,17,8.483877129428974,6.0,2.483877129428974
augsburg_bourges,lightgbm,summer_2024,423,17,9.387550984595041,6.0,3.387550984595041
augsburg_bourges,lightgbm,summer_2024,424,17,9.841301450855397,7.0,2.841301450855397
augsburg_bourges,lightgbm,summer_2024,425,17,9.93612859889583,8.0,1.9361285988958308
augsburg_bourges,lightgbm,summer_2024,426,17,10.241981141650836,8.0,2.241981141650836
augsburg_bourges,lightgbm,summer_2024,427,17,10.920808599323498,10.0,0.9208085993234985
augsburg_bourges,lightgbm,summer_2024,428,17,13.256011877520942,12.0,1.2560118775209421
augsburg_bourges,lightgbm,summer_2024,429,17,13.862286718099739,9.0,4.862286718099739
augsburg_bourges,lightgbm,summer_2024,430,17,13.704210404387332,9.0,4.704210404387332
augsburg_bourges,lightgbm,summer_2024,431,17,13.50459510517496,10.0,3.5045951051749604
augsburg_bourges,lightgbm,summer_2024,432,18,13.115702558585225,10.0,3.115702558585225
augsburg_bourges,lightgbm,summer_2024,433,18,12.584242796894777,10.0,2.5842427968947774
augsburg_bourges,lightgbm,summer_2024,434,18,12.227611650907255,11.0,1.2276116509072548
augsburg_bourges,lightgbm,summer_2024,435,18,12.80169039359071,14.0,1.1983096064092909
augsburg_bourges,lightgbm,summer_2024,436,18,13.28595853061226,13.0,0.28595853061226073
augsburg_bourges,lightgbm,summer_2024,437,18,13.65688496154264,11.0,2.656884961542641
augsburg_bourges,lightgbm,summer_2024,438,18,14.940480966802918,12.0,2.9404809668029177
augsburg_bourges,lightgbm,summer_2024,439,18,14.48846007280554,13.0,1.4884600728055393
augsburg_bourges,lightgbm,summer_2024,440,18,14.243739058130085,15.0,0.7562609418699147
augsburg_bourges,lightgbm,summer_2024,441,18,12.357628607940342,10.0,2.3576286079403417
augsburg_bourges,lightgbm,summer_2024,442,18,10.942846950250013,8.0,2.942846950250013
augsburg_bourges,lightgbm,summer_2024,443,18,10.589362283312974,9.0,1.5893622833129744
augsburg_bourges,lightgbm,summer_2024,444,18,11.079710753417075,11.0,0.0797107534170749
augsburg_bourges,lightgbm,summer_2024,445,18,11.133708035637376,11.0,0.1337080356373761
augsburg_bourges,lightgbm,summer_2024,446,18,10.892662035776244,10.0,0.8926620357762438
augsburg_bourges,lightgbm,summer_2024,447,18,10.799067652153962,9.0,1.799067652153962
augsburg_bourges,lightgbm,summer_2024,448,18,11.139686799438502,9.0,2.1396867994385023
augsburg_bourges,lightgbm,summer_2024,449,18,11.430922341312492,10.0,1.4309223413124919
augsburg_bourges,lightgbm,summer_2024,450,18,12.410197458139773,10.0,2.4101974581397734
augsburg_bourges,lightgbm,summer_2024,451,18,13.742407317786448,13.0,0.7424073177864479
augsburg_bourges,lightgbm,summer_2024,452,18,15.964803448305654,13.0,2.964803448305654
augsburg_bourges,lightgbm,summer_2024,453,18,18.222666910986444,16.0,2.222666910986444
augsburg_bourges,lightgbm,summer_2024,454,18,16.107365712936552,12.0,4.107365712936552
augsburg_bourges,lightgbm,summer_2024,455,18,13.507040016113368,9.0,4.507040016113368
augsburg_bourges,lightgbm,summer_2024,456,19,13.20617639307634,8.0,5.2061763930763405
augsburg_bourges,lightgbm,summer_2024,457,19,12.403754108056809,10.0,2.403754108056809
augsburg_bourges,lightgbm,summer_2024,458,19,12.465073155451957,12.0,0.4650731554519574
augsburg_bourges,lightgbm,summer_2024,459,19,12.412244519182115,11.0,1.4122445191821154
augsburg_bourges,lightgbm,summer_2024,460,19,11.90087749339178,9.0,2.9008774933917802
augsburg_bourges,lightgbm,summer_2024,461,19,11.524794258952705,8.0,3.5247942589527046
augsburg_bourges,lightgbm,summer_2024,462,19,11.783397435173528,10.0,1.7833974351735282
augsburg_bourges,lightgbm,summer_2024,463,19,12.255472216805087,12.0,0.2554722168050869
augsburg_bourges,lightgbm,summer_2024,464,19,11.61601860042868,11.0,0.6160186004286796
augsburg_bourges,lightgbm,summer_2024,465,19,11.415022977986132,9.0,2.4150229779861316
augsburg_bourges,lightgbm,summer_2024,466,19,12.629622019578482,10.0,2.6296220195784823
augsburg_bourges,lightgbm,summer_2024,467,19,12.877665701615827,11.0,1.8776657016158271
augsburg_bourges,lightgbm,summer_2024,468,19,12.836446010576537,12.0,0.8364460105765374
augsburg_bourges,lightgbm,summer_2024,469,19,12.421088797046197,13.0,0.5789112029538028
augsburg_bourges,lightgbm,summer_2024,470,19,13.35419928730557,13.0,0.3541992873055708
augsburg_bourges,lightgbm,summer_2024,471,19,12.518033128157718,9.0,3.518033128157718
augsburg_bourges,lightgbm,summer_2024,472,19,8.721413504816372,6.0,2.721413504816372
augsburg_bourges,lightgbm,summer_2024,473,19,7.4862953975919835,5.0,2.4862953975919835
augsburg_bourges,lightgbm,summer_2024,474,19,8.308665501888184,8.0,0.30866550188818387
augsburg_bourges,lightgbm,summer_2024,475,19,10.399263482486608,9.0,1.3992634824866084
augsburg_bourges,lightgbm,summer_2024,476,19,12.570284469640097,9.0,3.5702844696400966
augsburg_bourges,lightgbm,summer_2024,477,19,13.018646666413806,8.0,5.018646666413806
augsburg_bourges,lightgbm,summer_2024,478,19,12.914168726449432,8.0,4.914168726449432
augsburg_bourges,lightgbm,summer_2024,479,19,12.55772479423308,9.0,3.5577247942330796
augsburg_bourges,lightgbm,summer_2024,480,20,13.537387779917125,13.0,0.5373877799171254
augsburg_bourges,lightgbm,summer_2024,481,20,16.34116865268046,18.0,1.6588313473195413
augsburg_bourges,lightgbm,summer_2024,482,20,17.552408615852542,15.0,2.552408615852542
augsburg_bourges,lightgbm,summer_2024,483,20,18.53810141859705,16.0,2.5381014185970514
augsburg_bourges,lightgbm,summer_2024,484,20,19.55127257158265,18.0,1.5512725715826505
augsburg_bourges,lightgbm,summer_2024,485,20,20.756145374344108,17.0,3.756145374344108
augsburg_bourges,lightgbm,summer_2024,486,20,17.875162472682334,13.0,4.875162472682334
augsburg_bourges,lightgbm,summer_2024,487,20,13.425464208758541,11.0,2.425464208758541
augsburg_bourges,lightgbm,summer_2024,488,20,12.059375377260933,11.0,1.059375377260933
augsburg_bourges,lightgbm,summer_2024,489,20,11.92587630104554,12.0,0.07412369895446069
augsburg_bourges,lightgbm,summer_2024,490,20,12.605042227583153,13.0,0.3949577724168467
augsburg_bourges,lightgbm,summer_2024,491,20,12.284467197507446,11.0,1.2844671975074462
augsburg_bourges,lightgbm,summer_2024,492,20,11.968357735514648,10.0,1.9683577355146475
augsburg_bourges,lightgbm,summer_2024,493,20,12.010774166551462,12.0,0.010774166551462017
augsburg_bourges,lightgbm,summer_2024,494,20,12.768576010689708,13.0,0.23142398931029184
augsburg_bourges,lightgbm,summer_2024,495,20,13.066243184059228,12.0,1.0662431840592284
augsburg_bourges,lightgbm,summer_2024,496,20,12.69787452073692,12.0,0.6978745207369208
augsburg_bourges,lightgbm,summer_2024,497,20,10.822898072501195,10.0,0.8228980725011947
augsburg_bourges,lightgbm,summer_2024,498,20,9.277329186126241,6.0,3.2773291861262415
augsburg_bourges,lightgbm,summer_2024,499,20,8.573629591110361,5.0,3.573629591110361
augsburg_bourges,lightgbm,summer_2024,500,20,6.858054655706516,4.0,2.858054655706516
augsburg_bourges,lightgbm,summer_2024,501,20,5.114500588660211,5.0,0.11450058866021084
augsburg_bourges,lightgbm,summer_2024,502,20,4.634415410292089,6.0,1.365584589707911
augsburg_bourges,lightgbm,summer_2024,503,20,4.249478092302256,3.0,1.2494780923022564
augsburg_bourges,lightgbm,summer_2024,504,21,4.050740639684364,4.0,0.050740639684364375
augsburg_bourges,lightgbm,summer_2024,505,21,4.65252781565492,5.0,0.3474721843450803
augsburg_bourges,lightgbm,summer_2024,506,21,4.8005581028149305,4.0,0.8005581028149305
augsburg_bourges,lightgbm,summer_2024,507,21,4.59394645364163,4.0,0.5939464536416299
augsburg_bourges,lightgbm,summer_2024,508,21,4.74067117667863,4.0,0.7406711766786298
augsburg_bourges,lightgbm,summer_2024,509,21,4.823365126573909,4.0,0.8233651265739086
augsburg_bourges,lightgbm,summer_2024,510,21,4.816591391749024,4.0,0.8165913917490242
augsburg_bourges,lightgbm,summer_2024,511,21,5.1381412224421465,4.0,1.1381412224421465
augsburg_bourges,lightgbm,summer_2024,512,21,5.485432935754533,5.0,0.48543293575453283
augsburg_bourges,lightgbm,summer_2024,513,21,6.5059520602571475,7.0,0.49404793974285255
augsburg_bourges,lightgbm,summer_2024,514,21,6.434548194693349,7.0,0.5654518053066511
augsburg_bourges,lightgbm,summer_2024,515,21,6.359082198866782,6.0,0.3590821988667816
augsburg_bourges,lightgbm,summer_2024,516,21,6.374279012913525,5.0,1.374279012913525
augsburg_bourges,lightgbm,summer_2024,517,21,5.336129932085729,4.0,1.3361299320857292
augsburg_bourges,lightgbm,summer_2024,518,21,5.080514877212484,3.0,2.080514877212484
augsburg_bourges,lightgbm,summer_2024,519,21,5.484995896090825,5.0,0.48499589609082516
augsburg_bourges,lightgbm,summer_2024,520,21,6.781070260459323,7.0,0.21892973954067685
augsburg_bourges,lightgbm,summer_2024,521,21,6.742835689776142,7.0,0.25716431022385766
augsburg_bourges,lightgbm,summer_2024,522,21,6.020605673923452,7.0,0.9793943260765481
augsburg_bourges,lightgbm,summer_2024,523,21,5.497164895523056,5.0,0.4971648955230563
augsburg_bourges,lightgbm,summer_2024,524,21,4.950409871666289,3.0,1.950409871666289
augsburg_bourges,lightgbm,summer_2024,525,21,4.100153933099496,2.0,2.100153933099496
augsburg_bourges,lightgbm,summer_2024,526,21,3.9914826133254397,2.0,1.9914826133254397
augsburg_bourges,lightgbm,summer_2024,527,21,4.464473329846393,4.0,0.4644733298463928
augsburg_bourges,lightgbm,summer_2024,528,22,5.383999063065503,5.0,0.38399906306550324
augsburg_bourges,lightgbm,summer_2024,529,22,6.304755376305674,5.0,1.3047553763056738
augsburg_bourges,lightgbm,summer_2024,530,22,5.168246769533434,3.0,2.168246769533434
augsburg_bourges,lightgbm,summer_2024,531,22,5.636230521609327,3.0,2.6362305216093267
augsburg_bourges,lightgbm,summer_2024,532,22,6.1649528642843405,3.0,3.1649528642843405
augsburg_bourges,lightgbm,summer_2024,533,22,6.171096075494318,4.0,2.171096075494318
augsburg_bourges,lightgbm,summer_2024,534,22,6.241767213997304,4.0,2.2417672139973037
augsburg_bourges,lightgbm,summer_2024,535,22,5.570451183599232,3.0,2.570451183599232
augsburg_bourges,lightgbm,summer_2024,536,22,5.4162523092071515,4.0,1.4162523092071515
augsburg_bourges,lightgbm,summer_2024,537,22,5.3260670698075065,5.0,0.32606706980750655
augsburg_bourges,lightgbm,summer_2024,538,22,5.661119272580629,5.0,0.6611192725806294
augsburg_bourges,lightgbm,summer_2024,539,22,5.565524721524315,5.0,0.5655247215243149
augsburg_bourges,lightgbm,summer_2024,540,22,5.57183194874365,4.0,1.5718319487436503
augsburg_bourges,lightgbm,summer_2024,541,22,5.354620884327024,4.0,1.3546208843270238
augsburg_bourges,lightgbm,summer_2024,542,22,5.693798186117377,4.0,1.6937981861173768
augsburg_bourges,lightgbm,summer_2024,543,22,5.428844321921954,4.0,1.4288443219219538
augsburg_bourges,lightgbm,summer_2024,544,22,5.707883413874928,4.0,1.707883413874928
augsburg_bourges,lightgbm,summer_2024,545,22,5.6670350533449705,4.0,1.6670350533449705
augsburg_bourges,lightgbm,summer_2024,546,22,6.210920931716432,5.0,1.2109209317164318
augsburg_bourges,lightgbm,summer_2024,547,22,6.688090708822186,5.0,1.6880907088221857
augsburg_bourges,lightgbm,summer_2024,548,22,5.516841968812759,3.0,2.5168419688127592
augsburg_bourges,lightgbm,summer_2024,549,22,5.463603958854785,3.0,2.463603958854785
augsburg_bourges,lightgbm,summer_2024,550,22,5.161381436277213,2.0,3.161381436277213
augsburg_bourges,lightgbm,summer_2024,551,22,5.006011229788847,2.0,3.0060112297888466
augsburg_bourges,lightgbm,summer_2024,552,23,5.550764875708259,4.0,1.5507648757082588
augsburg_bourges,lightgbm,summer_2024,553,23,6.718580884429722,5.0,1.7185808844297217
augsburg_bourges,lightgbm,summer_2024,554,23,6.454566465893191,5.0,1.4545664658931914
augsburg_bourges,lightgbm,summer_2024,555,23,5.645894513868196,3.0,2.645894513868196
augsburg_bourges,lightgbm,summer_2024,556,23,6.116898564475797,4.0,2.1168985644757967
augsburg_bourges,lightgbm,summer_2024,557,23,6.509722889241015,6.0,0.509722889241015
augsburg_bourges,lightgbm,summer_2024,558,23,6.101781593619934,5.0,1.1017815936199344
augsburg_bourges,lightgbm,summer_2024,559,23,5.360450255564672,4.0,1.3604502555646718
augsburg_bourges,lightgbm,summer_2024,560,23,5.170713793257413,5.0,0.17071379325741276
augsburg_bourges,lightgbm,summer_2024,561,23,5.14037941912419,5.0,0.14037941912418983
augsburg_bourges,lightgbm,summer_2024,562,23,4.3905412051053325,4.0,0.3905412051053325
augsburg_bourges,lightgbm,summer_2024,563,23,4.051375843294573,4.0,0.05137584329457301
augsburg_bourges,lightgbm,summer_2024,564,23,3.7484837444621144,3.0,0.7484837444621144
augsburg_bourges,lightgbm,summer_2024,565,23,3.7795620765905653,3.0,0.7795620765905653
augsburg_bourges,lightgbm,summer_2024,566,23,3.899422186857249,3.0,0.8994221868572492
augsburg_bourges,lightgbm,summer_2024,567,23,3.9514014584901744,3.0,0.9514014584901744
augsburg_bourges,lightgbm,summer_2024,568,23,4.003425546141088,3.0,1.003425546141088
augsburg_bourges,lightgbm,summer_2024,569,23,4.015191376472069,3.0,1.0151913764720693
augsburg_bourges,lightgbm,summer_2024,570,23,4.0240947739615605,3.0,1.0240947739615605
augsburg_bourges,lightgbm,summer_2024,571,23,4.56174769421076,4.0,0.5617476942107604
augsburg_bourges,lightgbm,summer_2024,572,23,5.109568190459233,5.0,0.10956819045923272
augsburg_bourges,lightgbm,summer_2024,573,23,5.214671362722465,5.0,0.21467136272246456
augsburg_bourges,lightgbm,summer_2024,574,23,5.974109930086475,6.0,0.02589006991352516
augsburg_bourges,lightgbm,summer_2024,575,23,5.906010954253803,6.0,0.09398904574619671
augsburg_bourges,lightgbm,summer_2024,576,24,6.448186252328285,5.0,1.4481862523282851
augsburg_bourges,lightgbm,summer_2024,577,24,7.277381786711508,5.0,2.2773817867115076
augsburg_bourges,lightgbm,summer_2024,578,24,7.651864010741956,5.0,2.6518640107419564
augsburg_bourges,lightgbm,summer_2024,579,24,7.62630006070032,5.0,2.62630006070032
augsburg_bourges,lightgbm,summer_2024,580,24,7.713917683479404,6.0,1.713917683479404
augsburg_bourges,lightgbm,summer_2024,581,24,7.650022934803012,6.0,1.6500229348030118
augsburg_bourges,lightgbm,summer_2024,582,24,7.32604036770046,6.0,1.3260403677004602
augsburg_bourges,lightgbm,summer_2024,583,24,6.778262960297674,5.5,1.278262960297674
augsburg_bourges,lightgbm,summer_2024,584,24,6.380845684593567,5.0,1.3808456845935666
augsburg_bourges,lightgbm,summer_2024,585,24,5.593808166171446,4.5,1.0938081661714456
augsburg_bourges,lightgbm,summer_2024,586,24,5.171718593699227,4.0,1.171718593699227
augsburg_bourges,lightgbm,summer_2024,587,24,5.357454204171404,3.0,2.357454204171404
augsburg_bourges,lightgbm,summer_2024,588,24,5.046447393279783,3.0,2.0464473932797826
augsburg_bourges,lightgbm,summer_2024,589,24,4.425030483302078,3.0,1.425030483302078
augsburg_bourges,lightgbm,summer_2024,590,24,4.694323992141551,3.0,1.694323992141551
augsburg_bourges,lightgbm,summer_2024,591,24,4.973382244751588,4.0,0.9733822447515879
augsburg_bourges,lightgbm,summer_2024,592,24,5.972403574012163,5.0,0.972403574012163
augsburg_bourges,lightgbm,summer_2024,593,24,6.662856620870479,5.0,1.6628566208704791
augsburg_bourges,lightgbm,summer_2024,594,24,7.249761181680862,6.0,1.2497611816808618
augsburg_bourges,lightgbm,summer_2024,595,24,7.627389968191486,6.0,1.627389968191486
augsburg_bourges,lightgbm,summer_2024,596,24,7.656038969095978,8.0,0.34396103090402175
augsburg_bourges,lightgbm,summer_2024,597,24,7.839375096439845,8.0,0.16062490356015502
augsburg_bourges,lightgbm,summer_2024,598,24,8.088789021276638,9.0,0.9112109787233624
augsburg_bourges,lightgbm,summer_2024,599,24,9.269491657025986,10.0,0.730508342974014
augsburg_bourges,lightgbm,summer_2024,600,25,11.227716649178534,12.0,0.7722833508214659
augsburg_bourges,lightgbm,summer_2024,601,25,11.841041186188724,12.0,0.1589588138112763
augsburg_bourges,lightgbm,summer_2024,602,25,12.344272025564901,12.0,0.34427202556490144
augsburg_bourges,lightgbm,summer_2024,603,25,12.28988110985199,12.0,0.28988110985199
augsburg_bourges,lightgbm,summer_2024,604,25,12.109294719392611,12.0,0.10929471939261148
augsburg_bourges,lightgbm,summer_2024,605,25,12.166235811470605,12.0,0.16623581147060484
augsburg_bourges,lightgbm,summer_2024,606,25,11.739700264151839,10.0,1.739700264151839
augsburg_bourges,lightgbm,summer_2024,607,25,10.944539217545131,9.0,1.944539217545131
augsburg_bourges,lightgbm,summer_2024,608,25,9.02752580997962,7.0,2.02752580997962
augsburg_bourges,lightgbm,summer_2024,609,25,8.197340263098567,7.0,1.1973402630985674
augsburg_bourges,lightgbm,summer_2024,610,25,7.972659825246087,6.0,1.9726598252460867
augsburg_bourges,lightgbm,summer_2024,611,25,7.676096220043491,6.0,1.6760962200434912
augsburg_bourges,lightgbm,summer_2024,612,25,7.225760532902755,6.0,1.225760532902755
augsburg_bourges,lightgbm,summer_2024,613,25,7.057878970962099,6.0,1.0578789709620988
augsburg_bourges,lightgbm,summer_2024,614,25,7.131235958085747,6.0,1.131235958085747
augsburg_bourges,lightgbm,summer_2024,615,25,7.85516637829265,7.0,0.8551663782926502
augsburg_bourges,lightgbm,summer_2024,616,25,7.9112584459888335,6.0,1.9112584459888335
augsburg_bourges,lightgbm,summer_2024,617,25,7.941240665265812,6.0,1.9412406652658118
augsburg_bourges,lightgbm,summer_2024,618,25,9.434605153387654,7.0,2.434605153387654
augsburg_bourges,lightgbm,summer_2024,619,25,11.621348831476432,8.0,3.621348831476432
augsburg_bourges,lightgbm,summer_2024,620,25,13.487876895417298,11.0,2.4878768954172976
augsburg_bourges,lightgbm,summer_2024,621,25,14.136034014122407,10.0,4.136034014122407
augsburg_bourges,lightgbm,summer_2024,622,25,14.176539834341858,11.0,3.176539834341858
augsburg_bourges,lightgbm,summer_2024,623,25,14.378790924278933,12.0,2.378790924278933
augsburg_bourges,lightgbm,summer_2024,624,26,16.092542370084672,15.0,1.0925423700846721
augsburg_bourges,lightgbm,summer_2024,625,26,16.967602025530983,17.0,0.032397974469017043
augsburg_bourges,lightgbm,summer_2024,626,26,17.981110061088078,17.0,0.9811100610880779
augsburg_bourges,lightgbm,summer_2024,627,26,18.02374166314068,14.0,4.0237416631406795
augsburg_bourges,lightgbm,summer_2024,628,26,18.491103001036656,17.0,1.491103001036656
augsburg_bourges,lightgbm,summer_2024,629,26,18.140997799682488,18.0,0.14099779968248782
augsburg_bourges,lightgbm,summer_2024,630,26,17.610475121081866,15.0,2.6104751210818655
augsburg_bourges,lightgbm,summer_2024,631,26,16.648399511904458,13.0,3.648399511904458
augsburg_bourges,lightgbm,summer_2024,632,26,13.681101024427468,10.0,3.681101024427468
augsburg_bourges,lightgbm,summer_2024,633,26,11.352151484738219,10.0,1.3521514847382186
augsburg_bourges,lightgbm,summer_2024,634,26,11.486870813856449,11.0,0.4868708138564486
augsburg_bourges,lightgbm,summer_2024,635,26,11.512452862342302,10.0,1.5124528623423021
augsburg_bourges,lightgbm,summer_2024,636,26,10.874008620158975,9.0,1.8740086201589747
augsburg_bourges,lightgbm,summer_2024,637,26,10.078156593583074,9.0,1.0781565935830741
augsburg_bourges,lightgbm,summer_2024,638,26,10.384770489887964,9.0,1.3847704898879645
augsburg_bourges,lightgbm,summer_2024,639,26,11.615462122343759,10.0,1.615462122343759
augsburg_bourges,lightgbm,summer_2024,640,26,12.735780343475698,10.0,2.7357803434756978
augsburg_bourges,lightgbm,summer_2024,641,26,13.063689670153199,10.0,3.063689670153199
augsburg_bourges,lightgbm,summer_2024,642,26,13.330507122358226,9.0,4.330507122358226
augsburg_bourges,lightgbm,summer_2024,643,26,13.4857891660277,8.0,5.4857891660277005
augsburg_bourges,lightgbm,summer_2024,644,26,11.498716809628677,6.0,5.498716809628677
augsburg_bourges,lightgbm,summer_2024,645,26,11.341912971087847,7.0,4.341912971087847
augsburg_bourges,lightgbm,summer_2024,646,26,11.303834809106178,6.0,5.303834809106178
augsburg_bourges,lightgbm,summer_2024,647,26,12.894756014062763,8.0,4.894756014062763
augsburg_bourges,lightgbm,summer_2024,648,27,14.251074655118726,10.0,4.251074655118726
augsburg_bourges,lightgbm,summer_2024,649,27,16.255574724242486,11.0,5.255574724242486
augsburg_bourges,lightgbm,summer_2024,650,27,14.857337419767092,10.0,4.8573374197670915
augsburg_bourges,lightgbm,summer_2024,651,27,14.43660686440929,9.0,5.43660686440929
augsburg_bourges,lightgbm,summer_2024,652,27,13.086560496538446,8.0,5.086560496538446
augsburg_bourges,lightgbm,summer_2024,653,27,7.531480626110247,4.0,3.5314806261102474
augsburg_bourges,lightgbm,summer_2024,654,27,3.2706694733181623,2.0,1.2706694733181623
augsburg_bourges,lightgbm,summer_2024,655,27,3.658692244477461,3.0,0.6586922444774612
augsburg_bourges,lightgbm,summer_2024,656,27,3.8113524271161645,3.0,0.8113524271161645
augsburg_bourges,lightgbm,summer_2024,657,27,4.0627499666532065,5.0,0.9372500333467935
augsburg_bourges,lightgbm,summer_2024,658,27,4.3058994008019305,6.0,1.6941005991980695
augsburg_bourges,lightgbm,summer_2024,659,27,4.2295283323009825,4.0,0.22952833230098246
augsburg_bourges,lightgbm,summer_2024,660,27,3.3593539749760826,3.0,0.35935397497608257
augsburg_bourges,lightgbm,summer_2024,661,27,3.3001667106552435,3.0,0.3001667106552435
augsburg_bourges,lightgbm,summer_2024,662,27,3.49661252142964,3.0,0.4966125214296402
augsburg_bourges,lightgbm,summer_2024,663,27,3.8834177463021007,3.0,0.8834177463021007
augsburg_bourges,lightgbm,summer_2024,664,27,3.9843548469732264,3.0,0.9843548469732264
augsburg_bourges,lightgbm,summer_2024,665,27,4.233562700188355,4.0,0.23356270018835534
augsburg_bourges,lightgbm,summer_2024,666,27,4.4006461201502205,4.0,0.4006461201502205
augsburg_bourges,lightgbm,summer_2024,667,27,5.130308246820409,5.0,0.13030824682040887
augsburg_bourges,lightgbm,summer_2024,668,27,5.595938868231927,6.0,0.40406113176807334
augsburg_bourges,lightgbm,summer_2024,669,27,6.307440156985911,6.0,0.3074401569859111
augsburg_bourges,lightgbm,summer_2024,670,27,6.684696245074797,7.0,0.31530375492520335
augsburg_bourges,lightgbm,summer_2024,671,27,6.176479198124961,7.0,0.8235208018750386
augsburg_bourges,lightgbm,summer_2024,672,28,6.674544818399548,9.0,2.325455181600452
augsburg_bourges,lightgbm,summer_2024,673,28,7.434929907026619,9.0,1.5650700929733814
augsburg_bourges,lightgbm,summer_2024,674,28,7.631245556635543,9.0,1.3687544433644572
augsburg_bourges,lightgbm,summer_2024,675,28,7.5426519216257235,9.0,1.4573480783742765
augsburg_bourges,lightgbm,summer_2024,676,28,7.883273574632454,10.0,2.1167264253675464
augsburg_bourges,lightgbm,summer_2024,677,28,7.965246052758983,10.0,2.0347539472410174
augsburg_bourges,lightgbm,summer_2024,678,28,8.935219155179388,12.0,3.0647808448206124
augsburg_bourges,lightgbm,summer_2024,679,28,9.390580932680573,13.0,3.6094190673194273
augsburg_bourges,lightgbm,summer_2024,680,28,9.40448748909895,10.0,0.5955125109010506
augsburg_bourges,lightgbm,summer_2024,681,28,7.802617413389188,6.0,1.8026174133891883
augsburg_bourges,lightgbm,summer_2024,682,28,6.64347007699505,6.0,0.6434700769950501
augsburg_bourges,lightgbm,summer_2024,683,28,6.0769649074972,6.0,0.07696490749720031
augsburg_bourges,lightgbm,summer_2024,684,28,6.055714624205635,5.0,1.0557146242056348
augsburg_bourges,lightgbm,summer_2024,685,28,5.9517849499829305,5.0,0.9517849499829305
augsburg_bourges,lightgbm,summer_2024,686,28,5.874981026120247,4.0,1.8749810261202473
augsburg_bourges,lightgbm,summer_2024,687,28,6.213809533405041,5.0,1.2138095334050414
augsburg_bourges,lightgbm,summer_2024,688,28,6.526111079121911,5.0,1.526111079121911
augsburg_bourges,lightgbm,summer_2024,689,28,7.152472012971813,6.0,1.1524720129718133
augsburg_bourges,lightgbm,summer_2024,690,28,8.207720718549675,7.0,1.207720718549675
augsburg_bourges,lightgbm,summer_2024,691,28,9.836039500965823,8.0,1.836039500965823
augsburg_bourges,lightgbm,summer_2024,692,28,10.798935075570139,10.0,0.7989350755701388
augsburg_bourges,lightgbm,summer_2024,693,28,12.258397091553412,11.0,1.2583970915534124
augsburg_bourges,lightgbm,summer_2024,694,28,12.174217624239413,10.0,2.1742176242394127
augsburg_bourges,lightgbm,summer_2024,695,28,12.200657454777781,11.0,1.2006574547777813
augsburg_bourges,lightgbm,summer_2024,696,29,12.061836951756725,12.0,0.061836951756724545
augsburg_bourges,lightgbm,summer_2024,697,29,11.680584458730202,13.0,1.319415541269798
augsburg_bourges,lightgbm,summer_2024,698,29,11.900110131925771,14.0,2.0998898680742286
augsburg_bourges,lightgbm,summer_2024,699,29,12.025707121446567,15.0,2.974292878553433
augsburg_bourges,lightgbm,summer_2024,700,29,12.159801447312411,15.0,2.840198552687589
augsburg_bourges,lightgbm,summer_2024,701,29,12.488829136499136,15.0,2.5111708635008636
augsburg_bourges,lightgbm,summer_2024,702,29,12.247572754462706,15.0,2.7524272455372945
augsburg_bourges,lightgbm,summer_2024,703,29,11.48856861799622,13.0,1.5114313820037797
augsburg_bourges,lightgbm,summer_2024,704,29,10.60681334439565,10.0,0.6068133443956505
augsburg_bourges,lightgbm,summer_2024,705,29,9.063830207320649,8.0,1.063830207320649
augsburg_bourges,lightgbm,summer_2024,706,29,8.109090586584102,7.0,1.1090905865841023
augsburg_bourges,lightgbm,summer_2024,707,29,7.669607724939265,7.0,0.6696077249392651
augsburg_bourges,lightgbm,summer_2024,708,29,7.591894420136003,7.0,0.5918944201360032
augsburg_bourges,lightgbm,summer_2024,709,29,7.4389978298577795,7.0,0.43899782985777946
augsburg_bourges,lightgbm,summer_2024,710,29,7.980720775627248,8.0,0.019279224372752424
augsburg_bourges,lightgbm,summer_2024,711,29,9.454970515176539,8.0,1.454970515176539
augsburg_bourges,lightgbm,summer_2024,712,29,11.300130010868735,9.0,2.3001300108687346
augsburg_bourges,lightgbm,summer_2024,713,29,12.850661776435095,10.0,2.8506617764350946
augsburg_bourges,lightgbm,summer_2024,714,29,13.937000691379588,11.0,2.9370006913795876
augsburg_bourges,lightgbm,summer_2024,715,29,17.551733142329,16.0,1.5517331423289988
augsburg_bourges,lightgbm,summer_2024,716,29,17.47343566051995,12.0,5.47343566051995
augsburg_bourges,lightgbm,summer_2024,717,29,15.33824856917996,11.0,4.33824856917996
augsburg_bourges,lightgbm,summer_2024,718,29,15.134729028742788,11.0,4.134729028742788
augsburg_bourges,lightgbm,summer_2024,719,29,17.0310630355381,14.0,3.0310630355381
augsburg_bourges,lightgbm,summer_2024,720,30,19.26023272981367,14.0,5.260232729813669
augsburg_bourges,lightgbm,summer_2024,721,30,19.432515392646014,15.0,4.432515392646014
augsburg_bourges,lightgbm,summer_2024,722,30,19.57316047656445,14.0,5.57316047656445
augsburg_bourges,lightgbm,summer_2024,723,30,20.272796233695985,12.0,8.272796233695985
augsburg_bourges,lightgbm,summer_2024,724,30,20.24387873128419,14.0,6.243878731284191
augsburg_bourges,lightgbm,summer_2024,725,30,19.386048975941023,17.0,2.386048975941023
augsburg_bourges,lightgbm,summer_2024,726,30,17.679685021929792,16.0,1.6796850219297923
augsburg_bourges,lightgbm,summer_2024,727,30,16.80374699367602,13.0,3.8037469936760218
augsburg_bourges,lightgbm,summer_2024,728,30,16.075027234504102,12.0,4.075027234504102
augsburg_bourges,lightgbm,summer_2024,729,30,15.071596878426291,15.0,0.07159687842629125
augsburg_bourges,lightgbm,summer_2024,730,30,14.53910368626093,14.0,0.5391036862609297
augsburg_bourges,lightgbm,summer_2024,731,30,15.347053986499699,13.0,2.3470539864996987
augsburg_bourges,lightgbm,summer_2024,732,30,15.914030802791967,13.0,2.9140308027919666
augsburg_bourges,lightgbm,summer_2024,733,30,15.799706792260416,12.0,3.799706792260416
augsburg_bourges,lightgbm,summer_2024,734,30,14.676360737733859,11.0,3.6763607377338587
augsburg_bourges,lightgbm,summer_2024,735,30,15.560016552855007,13.0,2.560016552855007
augsburg_bourges,lightgbm,summer_2024,736,30,16.197630695159635,13.0,3.197630695159635
augsburg_bourges,lightgbm,summer_2024,737,30,16.234847632969885,11.0,5.234847632969885
augsburg_bourges,lightgbm,summer_2024,738,30,15.069047090161035,9.0,6.069047090161035
augsburg_bourges,lightgbm,summer_2024,739,30,13.523322448346788,7.0,6.5233224483467875
augsburg_bourges,lightgbm,summer_2024,740,30,10.676083814201405,6.0,4.676083814201405
augsburg_bourges,lightgbm,summer_2024,741,30,8.65778001477606,5.0,3.65778001477606
augsburg_bourges,lightgbm,summer_2024,742,30,7.932146181862817,6.0,1.9321461818628167
augsburg_bourges,lightgbm,summer_2024,743,30,7.129664855903449,5.0,2.1296648559034486
augsburg_bourges,lightgbm,summer_2024,744,31,6.386972076496891,5.0,1.3869720764968907
augsburg_bourges,lightgbm,summer_2024,745,31,5.958771673815868,4.0,1.9587716738158676
augsburg_bourges,lightgbm,summer_2024,746,31,5.889302479656318,5.0,0.889302479656318
augsburg_bourges,lightgbm,summer_2024,747,31,5.960110142028662,5.0,0.960110142028662
augsburg_bourges,lightgbm,summer_2024,748,31,6.143455020588518,5.0,1.143455020588518
augsburg_bourges,lightgbm,summer_2024,749,31,6.334125997416373,7.0,0.6658740025836272
augsburg_bourges,lightgbm,summer_2024,750,31,6.494815637437459,8.0,1.5051843625625407
augsburg_bourges,lightgbm,summer_2024,751,31,6.065590689535138,6.0,0.06559068953513769
augsburg_bourges,lightgbm,summer_2024,752,31,5.559082502889844,5.0,0.5590825028898436
augsburg_bourges,lightgbm,summer_2024,753,31,6.163328163459042,6.0,0.16332816345904178
augsburg_bourges,lightgbm,summer_2024,754,31,6.743293222450601,8.0,1.2567067775493994
augsburg_bourges,lightgbm,summer_2024,755,31,7.419875867252908,9.0,1.580124132747092
augsburg_bourges,lightgbm,summer_2024,756,31,8.325218100362994,9.0,0.6747818996370061
augsburg_bourges,lightgbm,summer_2024,757,31,9.302067079924475,7.0,2.302067079924475
augsburg_bourges,lightgbm,summer_2024,758,31,9.49802288107404,6.0,3.4980228810740392
augsburg_bourges,lightgbm,summer_2024,759,31,9.416212873853107,5.0,4.416212873853107
augsburg_bourges,lightgbm,summer_2024,760,31,9.713853105055302,7.0,2.7138531050553016
augsburg_bourges,lightgbm,summer_2024,761,31,10.24030487348524,9.0,1.2403048734852398
augsburg_bourges,lightgbm,summer_2024,762,31,10.106587820592267,8.0,2.1065878205922672
augsburg_bourges,lightgbm,summer_2024,763,31,9.393435600975213,6.0,3.393435600975213
augsburg_bourges,lightgbm,summer_2024,764,31,10.00350757823245,7.0,3.0035075782324494
augsburg_bourges,lightgbm,summer_2024,765,31,10.157263218242656,9.0,1.1572632182426563
augsburg_bourges,lightgbm,summer_2024,766,31,9.931575886262065,10.0,0.06842411373793489
augsburg_bourges,lightgbm,summer_2024,767,31,9.549364470039311,8.0,1.5493644700393112
augsburg_bourges,lightgbm,summer_2024,768,32,9.167474356391004,7.0,2.167474356391004
augsburg_bourges,lightgbm,summer_2024,769,32,10.044866886580218,7.0,3.044866886580218
augsburg_bourges,lightgbm,summer_2024,770,32,11.573835915300787,11.0,0.573835915300787
augsburg_bourges,lightgbm,summer_2024,771,32,13.335882859962325,13.0,0.33588285996232514
augsburg_bourges,lightgbm,summer_2024,772,32,13.354349122243873,11.0,2.354349122243873
augsburg_bourges,lightgbm,summer_2024,773,32,12.366248005421852,9.0,3.366248005421852
augsburg_bourges,lightgbm,summer_2024,774,32,11.240801335471968,8.0,3.240801335471968
augsburg_bourges,lightgbm,summer_2024,775,32,10.671604653555962,8.0,2.6716046535559617
augsburg_bourges,lightgbm,summer_2024,776,32,8.714360238937706,5.0,3.714360238937706
augsburg_bourges,lightgbm,summer_2024,777,32,7.710540443124657,6.0,1.710540443124657
augsburg_bourges,lightgbm,summer_2024,778,32,6.631632278960101,7.0,0.368367721039899
augsburg_bourges,lightgbm,summer_2024,779,32,6.187757101399128,7.0,0.8122428986008723
augsburg_bourges,lightgbm,summer_2024,780,32,6.238941969694821,7.0,0.761058030305179
augsburg_bourges,lightgbm,summer_2024,781,32,6.216729518649928,6.0,0.2167295186499283
augsburg_bourges,lightgbm,summer_2024,782,32,5.991363438024963,5.0,0.9913634380249627
augsburg_bourges,lightgbm,summer_2024,783,32,5.988698018285554,5.0,0.9886980182855538
augsburg_bourges,lightgbm,summer_2024,784,32,6.226188762116179,5.0,1.2261887621161787
augsburg_bourges,lightgbm,summer_2024,785,32,6.060851253855454,5.0,1.0608512538554544
augsburg_bourges,lightgbm,summer_2024,786,32,5.783694208598383,4.0,1.7836942085983827
augsburg_bourges,lightgbm,summer_2024,787,32,5.993464300561609,5.0,0.9934643005616088
augsburg_bourges,lightgbm,summer_2024,788,32,5.800491965465276,5.0,0.8004919654652758
augsburg_bourges,lightgbm,summer_2024,789,32,5.8020988378638725,6.0,0.19790116213612752
augsburg_bourges,lightgbm,summer_2024,790,32,6.319443372425775,7.0,0.6805566275742247
augsburg_bourges,lightgbm,summer_2024,791,32,5.796011541098813,5.0,0.7960115410988129
augsburg_bourges,lightgbm,summer_2024,792,33,5.722823281169702,6.0,0.27717671883029826
augsburg_bourges,lightgbm,summer_2024,793,33,6.81626520838724,8.0,1.1837347916127596
augsburg_bourges,lightgbm,summer_2024,794,33,6.8600470703964245,8.0,1.1399529296035755
augsburg_bourges,lightgbm,summer_2024,795,33,6.51301974933728,6.0,0.5130197493372801
augsburg_bourges,lightgbm,summer_2024,796,33,6.71544696889054,8.0,1.2845530311094597
augsburg_bourges,lightgbm,summer_2024,797,33,5.859413396212811,6.0,0.140586603787189
augsburg_bourges,lightgbm,summer_2024,798,33,6.163924570851923,7.0,0.8360754291480772
augsburg_bourges,lightgbm,summer_2024,799,33,6.094691096057056,8.0,1.9053089039429443
augsburg_bourges,lightgbm,summer_2024,800,33,7.111003547414481,11.0,3.888996452585519
augsburg_bourges,lightgbm,summer_2024,801,33,7.470839812951235,9.0,1.529160187048765
augsburg_bourges,lightgbm,summer_2024,802,33,6.790337289227548,7.0,0.20966271077245224
augsburg_bourges,lightgbm,summer_2024,803,33,6.232689477388772,6.0,0.23268947738877177
augsburg_bourges,lightgbm,summer_2024,804,33,5.610353678293811,5.0,0.6103536782938113
augsburg_bourges,lightgbm,summer_2024,805,33,5.462672266506601,5.0,0.4626722665066012
augsburg_bourges,lightgbm,summer_2024,806,33,5.439353370098639,5.0,0.4393533700986394
augsburg_bourges,lightgbm,summer_2024,807,33,5.241481955956403,6.0,0.7585180440435968
augsburg_bourges,lightgbm,summer_2024,808,33,6.959768334924573,8.0,1.040231665075427
augsburg_bourges,lightgbm,summer_2024,809,33,8.259940509857003,9.0,0.7400594901429969
augsburg_bourges,lightgbm,summer_2024,810,33,9.789374437838688,7.0,2.7893744378386884
augsburg_bourges,lightgbm,summer_2024,811,33,10.655919593165844,6.0,4.655919593165844
augsburg_bourges,lightgbm,summer_2024,812,33,10.583499394374417,8.0,2.5834993943744173
augsburg_bourges,lightgbm,summer_2024,813,33,9.386743750887069,8.0,1.386743750887069
augsburg_bourges,lightgbm,summer_2024,814,33,9.775314928595748,10.0,0.2246850714042523
augsburg_bourges,lightgbm,summer_2024,815,33,10.42935578447717,11.0,0.5706442155228295
augsburg_bourges,lightgbm,summer_2024,816,34,12.016915921225818,12.0,0.01691592122581831
augsburg_bourges,lightgbm,summer_2024,817,34,12.779406226909733,13.0,0.2205937730902665
augsburg_bourges,lightgbm,summer_2024,818,34,13.01237785217551,14.0,0.9876221478244904
augsburg_bourges,lightgbm,summer_2024,819,34,12.105426223628083,13.0,0.8945737763719173
augsburg_bourges,lightgbm,summer_2024,820,34,11.023338133250443,12.0,0.9766618667495575
augsburg_bourges,lightgbm,summer_2024,821,34,10.245860930543651,9.0,1.2458609305436514
augsburg_bourges,lightgbm,summer_2024,822,34,9.123251274005048,7.0,2.1232512740050478
augsburg_bourges,lightgbm,summer_2024,823,34,8.889821509175043,9.0,0.11017849082495701
augsburg_bourges,lightgbm,summer_2024,824,34,7.9749406209345075,9.0,1.0250593790654925
augsburg_bourges,lightgbm,summer_2024,825,34,7.126106320648341,7.0,0.12610632064834082
augsburg_bourges,lightgbm,summer_2024,826,34,6.4890461261749595,7.0,0.5109538738250405
augsburg_bourges,lightgbm,summer_2024,827,34,6.402857449437148,7.0,0.597142550562852
augsburg_bourges,lightgbm,summer_2024,828,34,6.631806201318032,8.0,1.3681937986819683
augsburg_bourges,lightgbm,summer_2024,829,34,6.386211468406865,7.0,0.6137885315931353
augsburg_bourges,lightgbm,summer_2024,830,34,6.427365559139731,7.0,0.572634440860269
augsburg_bourges,lightgbm,summer_2024,831,34,6.409419323426787,7.0,0.5905806765732127
augsburg_bourges,lightgbm,summer_2024,832,34,6.517962591393878,6.0,0.5179625913938777
augsburg_bourges,lightgbm,summer_2024,833,34,6.434106944204047,6.0,0.4341069442040473
augsburg_bourges,lightgbm,summer_2024,834,34,6.227419457129146,6.0,0.22741945712914635
augsburg_bourges,lightgbm,summer_2024,835,34,6.231824585786661,6.0,0.23182458578666143
augsburg_bourges,lightgbm,summer_2024,836,34,6.267533052708343,6.0,0.2675330527083428
augsburg_bourges,lightgbm,summer_2024,837,34,6.121710330547668,6.0,0.12171033054766767
augsburg_bourges,lightgbm,summer_2024,838,34,6.1885484598473885,6.0,0.18854845984738855
augsburg_bourges,lightgbm,summer_2024,839,34,6.466199642207472,5.0,1.4661996422074717
augsburg_bourges,lightgbm,summer_2024,840,35,6.186038679880439,4.0,2.186038679880439
augsburg_bourges,lightgbm,summer_2024,841,35,5.730374185630552,4.0,1.7303741856305521
augsburg_bourges,lightgbm,summer_2024,842,35,4.916423216734529,4.0,0.916423216734529
augsburg_bourges,lightgbm,summer_2024,843,35,4.566540070849245,5.0,0.4334599291507546
augsburg_bourges,lightgbm,summer_2024,844,35,4.307758615539177,4.0,0.3077586155391767
augsburg_bourges,lightgbm,summer_2024,845,35,4.309024286272949,3.0,1.3090242862729493
augsburg_bourges,lightgbm,summer_2024,846,35,4.077003627961193,3.0,1.0770036279611928
augsburg_bourges,lightgbm,summer_2024,847,35,3.6098160526908405,3.0,0.6098160526908405
augsburg_bourges,lightgbm,summer_2024,848,35,3.459838914137355,3.0,0.4598389141373551
augsburg_bourges,lightgbm,summer_2024,849,35,3.4390631044972473,3.0,0.4390631044972473
augsburg_bourges,lightgbm,summer_2024,850,35,3.761486405155673,4.0,0.23851359484432688
augsburg_bourges,lightgbm,summer_2024,851,35,4.025239057331276,4.0,0.025239057331275738
augsburg_bourges,lightgbm,summer_2024,852,35,4.489420043571705,5.0,0.5105799564282947
augsburg_bourges,lightgbm,summer_2024,853,35,4.569684216999055,4.0,0.5696842169990548
augsburg_bourges,lightgbm,summer_2024,854,35,4.7745894040477825,4.0,0.7745894040477825
augsburg_bourges,lightgbm,summer_2024,855,35,5.015003172893085,4.0,1.0150031728930848
augsburg_bourges,lightgbm,summer_2024,856,35,5.275914245172228,5.0,0.2759142451722276
augsburg_bourges,lightgbm,summer_2024,857,35,6.153732005341442,4.0,2.1537320053414417
augsburg_bourges,lightgbm,summer_2024,858,35,6.489759668405716,5.0,1.489759668405716
augsburg_bourges,lightgbm,summer_2024,859,35,6.645964509959975,6.0,0.6459645099599749
augsburg_bourges,lightgbm,summer_2024,860,35,7.389553548376104,9.0,1.610446451623896
augsburg_bourges,lightgbm,summer_2024,861,35,7.59927780924753,8.0,0.40072219075246984
augsburg_bourges,lightgbm,summer_2024,862,35,7.382415895048808,8.0,0.6175841049511916
augsburg_bourges,lightgbm,summer_2024,863,35,8.487197915027103,11.0,2.512802084972897
augsburg_bourges,lightgbm,summer_2024,864,36,10.006018605798598,13.0,2.993981394201402
augsburg_bourges,lightgbm,summer_2024,865,36,10.419045384111277,14.0,3.5809546158887233
augsburg_bourges,lightgbm,summer_2024,866,36,10.490429609239442,12.0,1.5095703907605582
augsburg_bourges,lightgbm,summer_2024,867,36,10.541271947814396,11.0,0.4587280521856041
augsburg_bourges,lightgbm,summer_2024,868,36,10.08084331907889,11.0,0.9191566809211107
augsburg_bourges,lightgbm,summer_2024,869,36,10.289855632113879,12.0,1.7101443678861212
augsburg_bourges,lightgbm,summer_2024,870,36,11.189148008342322,12.0,0.8108519916576782
augsburg_bourges,lightgbm,summer_2024,871,36,10.458311453548719,11.0,0.5416885464512813
augsburg_bourges,lightgbm,summer_2024,872,36,10.117386828573771,9.0,1.1173868285737711
augsburg_bourges,lightgbm,summer_2024,873,36,8.831848054193678,6.0,2.831848054193678
augsburg_bourges,lightgbm,summer_2024,874,36,7.952243570054912,5.0,2.952243570054912
augsburg_bourges,lightgbm,summer_2024,875,36,7.656576957445829,6.0,1.6565769574458287
augsburg_bourges,lightgbm,summer_2024,876,36,7.103971977243334,7.0,0.10397197724333385
augsburg_bourges,lightgbm,summer_2024,877,36,6.859981486733866,6.0,0.859981486733866
augsburg_bourges,lightgbm,summer_2024,878,36,6.991449254673783,6.0,0.9914492546737828
augsburg_bourges,lightgbm,summer_2024,879,36,7.449063663666835,6.0,1.449063663666835
augsburg_bourges,lightgbm,summer_2024,880,36,7.611930525616858,6.0,1.6119305256168577
augsburg_bourges,lightgbm,summer_2024,881,36,7.998534160478541,7.0,0.9985341604785409
augsburg_bourges,lightgbm,summer_2024,882,36,9.176948327354962,8.0,1.1769483273549621
augsburg_bourges,lightgbm,summer_2024,883,36,13.451901124060685,15.0,1.5480988759393153
augsburg_bourges,lightgbm,summer_2024,884,36,12.352202245465897,10.0,2.3522022454658966
augsburg_bourges,lightgbm,summer_2024,885,36,10.561032418635623,9.0,1.561032418635623
augsburg_bourges,lightgbm,summer_2024,886,36,9.539947240658778,8.0,1.539947240658778
augsburg_bourges,lightgbm,summer_2024,887,36,9.26608034092645,8.0,1.2660803409264503
augsburg_bourges,lightgbm,summer_2024,888,37,9.92942652064749,10.0,0.07057347935250924
augsburg_bourges,lightgbm,summer_2024,889,37,10.434302967829721,11.0,0.565697032170279
augsburg_bourges,lightgbm,summer_2024,890,37,11.698669312561078,11.0,0.6986693125610781
augsburg_bourges,lightgbm,summer_2024,891,37,12.143121075371276,11.0,1.1431210753712762
augsburg_bourges,lightgbm,summer_2024,892,37,12.199868821954762,13.0,0.8001311780452376
augsburg_bourges,lightgbm,summer_2024,893,37,12.32923593825251,12.0,0.3292359382525092
augsburg_bourges,lightgbm,summer_2024,894,37,12.054994391770524,11.0,1.0549943917705242
augsburg_bourges,lightgbm,summer_2024,895,37,10.967823123505713,11.0,0.03217687649428669
augsburg_bourges,lightgbm,summer_2024,896,37,10.281547577451061,12.0,1.718452422548939
augsburg_bourges,lightgbm,summer_2024,897,37,10.36542900989185,10.0,0.3654290098918498
augsburg_bourges,lightgbm,summer_2024,898,37,10.601271914229285,10.0,0.6012719142292848
augsburg_bourges,lightgbm,summer_2024,899,37,10.173206922785296,9.0,1.1732069227852957
augsburg_bourges,lightgbm,summer_2024,900,37,9.855877992854177,10.0,0.1441220071458229
augsburg_bourges,lightgbm,summer_2024,901,37,7.970263955544545,5.0,2.970263955544545
augsburg_bourges,lightgbm,summer_2024,902,37,6.2462524275734905,4.0,2.2462524275734905
augsburg_bourges,lightgbm,summer_2024,903,37,6.04968260092183,5.0,1.0496826009218303
augsburg_bourges,lightgbm,summer_2024,904,37,6.05558283677933,6.0,0.055582836779329625
augsburg_bourges,lightgbm,summer_2024,905,37,5.98014290778702,7.0,1.0198570922129804
augsburg_bourges,lightgbm,summer_2024,906,37,5.930679254100128,6.0,0.06932074589987192
augsburg_bourges,lightgbm,summer_2024,907,37,6.1569130783602155,6.0,0.1569130783602155
augsburg_bourges,lightgbm,summer_2024,908,37,6.1688254418003465,6.0,0.16882544180034653
augsburg_bourges,lightgbm,summer_2024,909,37,6.6166082240465425,6.0,0.6166082240465425
augsburg_bourges,lightgbm,summer_2024,910,37,5.922837976895474,5.0,0.9228379768954742
augsburg_bourges,lightgbm,summer_2024,911,37,5.582336581796448,5.0,0.5823365817964481
augsburg_bourges,lightgbm,summer_2024,912,38,5.748854564881676,6.0,0.25114543511832377
augsburg_bourges,lightgbm,summer_2024,913,38,6.068129012026517,6.0,0.06812901202651744
augsburg_bourges,lightgbm,summer_2024,914,38,6.031234589081342,5.0,1.0312345890813424
augsburg_bourges,lightgbm,summer_2024,915,38,6.185135470421693,6.0,0.18513547042169343
augsburg_bourges,lightgbm,summer_2024,916,38,6.324203492199764,8.0,1.6757965078002357
augsburg_bourges,lightgbm,summer_2024,917,38,6.2698809011367285,7.0,0.7301190988632715
augsburg_bourges,lightgbm,summer_2024,918,38,5.394494991875762,4.0,1.3944949918757619
augsburg_bourges,lightgbm,summer_2024,919,38,5.809532896803481,5.0,0.8095328968034812
augsburg_bourges,lightgbm,summer_2024,920,38,6.530970802387986,6.0,0.5309708023879862
augsburg_bourges,lightgbm,summer_2024,921,38,5.907337910369313,5.0,0.9073379103693133
augsburg_bourges,lightgbm,summer_2024,922,38,6.040396557611317,5.0,1.0403965576113174
augsburg_bourges,lightgbm,summer_2024,923,38,7.486253355709006,10.0,2.513746644290994
augsburg_bourges,lightgbm,summer_2024,924,38,10.21992183179496,13.0,2.7800781682050406
augsburg_bourges,lightgbm,summer_2024,925,38,11.196185138321487,11.0,0.19618513832148743
augsburg_bourges,lightgbm,summer_2024,926,38,10.429829247042921,9.0,1.429829247042921
augsburg_bourges,lightgbm,summer_2024,927,38,8.177127601066383,7.0,1.177127601066383
augsburg_bourges,lightgbm,summer_2024,928,38,6.883532755464473,6.0,0.883532755464473
augsburg_bourges,lightgbm,summer_2024,929,38,5.610270023959889,5.0,0.610270023959889
augsburg_bourges,lightgbm,summer_2024,930,38,5.348815822271868,4.0,1.3488158222718676
augsburg_bourges,lightgbm,summer_2024,931,38,6.224594929516105,6.0,0.2245949295161047
augsburg_bourges,lightgbm,summer_2024,932,38,7.550710349401422,11.0,3.449289650598578
augsburg_bourges,lightgbm,summer_2024,933,38,7.5609972210298135,8.0,0.43900277897018647
augsburg_bourges,lightgbm,summer_2024,934,38,7.651911757367167,8.0,0.34808824263283267
augsburg_bourges,lightgbm,summer_2024,935,38,6.930882879381116,6.0,0.9308828793811159
augsburg_bourges,lightgbm,summer_2024,936,39,6.547360932306706,6.0,0.5473609323067059
augsburg_bourges,lightgbm,summer_2024,937,39,6.392128863003625,7.0,0.6078711369963754
augsburg_bourges,lightgbm,summer_2024,938,39,6.373422190614278,8.0,1.6265778093857222
augsburg_bourges,lightgbm,summer_2024,939,39,6.25946499906115,7.0,0.7405350009388503
augsburg_bourges,lightgbm,summer_2024,940,39,6.273681490545632,7.0,0.7263185094543676
augsburg_bourges,lightgbm,summer_2024,941,39,6.5037860997920856,9.0,2.4962139002079144
augsburg_bourges,lightgbm,summer_2024,942,39,6.750523585872698,9.0,2.249476414127302
augsburg_bourges,lightgbm,summer_2024,943,39,7.471858064772472,11.0,3.528141935227528
augsburg_bourges,lightgbm,summer_2024,944,39,6.735298807639816,7.0,0.2647011923601843
augsburg_bourges,lightgbm,summer_2024,945,39,6.334126784326878,7.0,0.6658732156731224
augsburg_bourges,lightgbm,summer_2024,946,39,6.189785385132192,6.0,0.18978538513219156
augsburg_bourges,lightgbm,summer_2024,947,39,6.022972018574887,5.0,1.0229720185748867
augsburg_bourges,lightgbm,summer_2024,948,39,6.066673329027066,5.0,1.0666733290270658
augsburg_bourges,lightgbm,summer_2024,949,39,5.755982071887899,4.0,1.7559820718878987
augsburg_bourges,lightgbm,summer_2024,950,39,5.858582253505124,4.0,1.8585822535051237
augsburg_bourges,lightgbm,summer_2024,951,39,6.039667340798038,4.0,2.0396673407980384
augsburg_bourges,lightgbm,summer_2024,952,39,5.780547513776486,3.0,2.7805475137764857
augsburg_bourges,lightgbm,summer_2024,953,39,6.055836677972949,4.0,2.055836677972949
augsburg_bourges,lightgbm,summer_2024,954,39,6.7225801370825815,4.0,2.7225801370825815
augsburg_bourges,lightgbm,summer_2024,955,39,8.269037612707315,10.0,1.730962387292685
augsburg_bourges,lightgbm,summer_2024,956,39,10.637040266819618,8.0,2.637040266819618
augsburg_bourges,lightgbm,summer_2024,957,39,12.608820798401904,9.0,3.6088207984019043
augsburg_bourges,lightgbm,summer_2024,958,39,9.430362114996626,5.0,4.430362114996626
augsburg_bourges,lightgbm,summer_2024,959,39,8.84335983921887,7.0,1.84335983921887
augsburg_bourges,lightgbm,summer_2024,960,40,8.684553345875708,9.0,0.3154466541242922
augsburg_bourges,lightgbm,summer_2024,961,40,9.016557404564669,8.0,1.0165574045646686
augsburg_bourges,lightgbm,summer_2024,962,40,8.672072118796432,6.0,2.6720721187964322
augsburg_bourges,lightgbm,summer_2024,963,40,8.71848039173335,7.0,1.7184803917333493
augsburg_bourges,lightgbm,summer_2024,964,40,8.959625221078763,9.0,0.040374778921236754
augsburg_bourges,lightgbm,summer_2024,965,40,8.341988271213802,8.0,0.34198827121380226
augsburg_bourges,lightgbm,summer_2024,966,40,8.758538748142401,7.0,1.758538748142401
augsburg_bourges,lightgbm,summer_2024,967,40,8.331338771110733,7.0,1.3313387711107332
augsburg_bourges,lightgbm,summer_2024,968,40,7.418145383148612,7.0,0.4181453831486124
augsburg_bourges,lightgbm,summer_2024,969,40,6.397979093261829,6.0,0.3979790932618288
augsburg_bourges,lightgbm,summer_2024,970,40,6.385235998395809,7.0,0.6147640016041906
augsburg_bourges,lightgbm,summer_2024,971,40,6.526915745745523,6.0,0.5269157457455229
augsburg_bourges,lightgbm,summer_2024,972,40,6.424749234772463,5.0,1.424749234772463
augsburg_bourges,lightgbm,summer_2024,973,40,6.532571664631042,6.0,0.5325716646310417
augsburg_bourges,lightgbm,summer_2024,974,40,6.6371103973845855,6.0,0.6371103973845855
augsburg_bourges,lightgbm,summer_2024,975,40,6.821404587148847,6.0,0.8214045871488471
augsburg_bourges,lightgbm,summer_2024,976,40,7.587786091645331,6.0,1.5877860916453308
augsburg_bourges,lightgbm,summer_2024,977,40,7.963200379362695,6.0,1.9632003793626946
augsburg_bourges,lightgbm,summer_2024,978,40,9.275541709170751,7.0,2.275541709170751
augsburg_bourges,lightgbm,summer_2024,979,40,11.389110633060504,9.0,2.389110633060504
augsburg_bourges,lightgbm,summer_2024,980,40,11.120094380724446,8.0,3.1200943807244457
augsburg_bourges,lightgbm,summer_2024,981,40,10.074205680934458,8.0,2.0742056809344582
augsburg_bourges,lightgbm,summer_2024,982,40,10.604149147732944,9.0,1.6041491477329437
augsburg_bourges,lightgbm,summer_2024,983,40,11.854076312173557,9.0,2.8540763121735573
augsburg_bourges,lightgbm,summer_2024,984,41,12.673817380330757,10.0,2.6738173803307568
augsburg_bourges,lightgbm,summer_2024,985,41,12.661867717467578,13.0,0.3381322825324222
augsburg_bourges,lightgbm,summer_2024,986,41,11.20272389004224,10.0,1.2027238900422397
augsburg_bourges,lightgbm,summer_2024,987,41,10.974287076468022,9.0,1.9742870764680216
augsburg_bourges,lightgbm,summer_2024,988,41,11.709594766070943,11.0,0.7095947660709427
augsburg_bourges,lightgbm,summer_2024,989,41,12.763731698100095,11.0,1.763731698100095
augsburg_bourges,lightgbm,summer_2024,990,41,12.613263083973088,10.0,2.613263083973088
augsburg_bourges,lightgbm,summer_2024,991,41,10.493893699170675,9.0,1.493893699170675
augsburg_bourges,lightgbm,summer_2024,992,41,9.15957964941789,8.0,1.1595796494178892
augsburg_bourges,lightgbm,summer_2024,993,41,8.662895333380728,6.0,2.662895333380728
augsburg_bourges,lightgbm,summer_2024,994,41,8.730190765217007,6.0,2.7301907652170065
augsburg_bourges,lightgbm,summer_2024,995,41,9.64414600634791,7.0,2.64414600634791
augsburg_bourges,lightgbm,summer_2024,996,41,9.983425797524387,7.0,2.9834257975243865
augsburg_bourges,lightgbm,summer_2024,997,41,9.069441838341692,7.0,2.0694418383416924
augsburg_bourges,lightgbm,summer_2024,998,41,8.558736597745016,6.0,2.558736597745016
augsburg_bourges,lightgbm,summer_2024,999,41,8.673304868460386,6.0,2.673304868460386
augsburg_bourges,lightgbm,summer_2024,1000,41,8.619642291679728,6.0,2.619642291679728
augsburg_bourges,lightgbm,summer_2024,1001,41,9.099172514383783,6.0,3.099172514383783
augsburg_bourges,lightgbm,summer_2024,1002,41,10.204716179786068,6.0,4.204716179786068
augsburg_bourges,lightgbm,summer_2024,1003,41,10.111041974941717,13.0,2.888958025058283
augsburg_bourges,lightgbm,summer_2024,1004,41,10.586884471596626,14.0,3.413115528403374
augsburg_bourges,lightgbm,summer_2024,1005,41,11.45250439413663,14.0,2.5474956058633698
augsburg_bourges,lightgbm,summer_2024,1006,41,11.6834369698376,15.0,3.316563030162399
augsburg_bourges,lightgbm,summer_2024,1007,41,11.19264893198716,18.0,6.80735106801284
augsburg_bourges,lightgbm,summer_2024,1008,42,10.997993819670826,19.0,8.002006180329174
augsburg_bourges,lightgbm,summer_2024,1009,42,11.31072768167281,18.0,6.689272318327189
augsburg_bourges,lightgbm,summer_2024,1010,42,12.098035806089129,20.0,7.901964193910871
augsburg_bourges,lightgbm,summer_2024,1011,42,11.707464458406436,17.0,5.292535541593564
augsburg_bourges,lightgbm,summer_2024,1012,42,12.27976250574259,16.0,3.7202374942574092
augsburg_bourges,lightgbm,summer_2024,1013,42,12.10113601088863,16.0,3.898863989111369
augsburg_bourges,lightgbm,summer_2024,1014,42,11.802132185586917,17.0,5.197867814413083
augsburg_bourges,lightgbm,summer_2024,1015,42,11.155836602525756,15.0,3.8441633974742437
augsburg_bourges,lightgbm,summer_2024,1016,42,10.267421256479748,12.0,1.7325787435202518
augsburg_bourges,lightgbm,summer_2024,1017,42,10.55863041579829,13.0,2.441369584201709
augsburg_bourges,lightgbm,summer_2024,1018,42,10.741946871470413,10.0,0.7419468714704127
augsburg_bourges,lightgbm,summer_2024,1019,42,10.749302711250412,10.0,0.7493027112504116
augsburg_bourges,lightgbm,summer_2024,1020,42,10.972667230767696,10.0,0.972667230767696
augsburg_bourges,lightgbm,summer_2024,1021,42,10.495678691663798,10.0,0.4956786916637981
augsburg_bourges,lightgbm,summer_2024,1022,42,10.812956111857424,11.0,0.18704388814257555
augsburg_bourges,lightgbm,summer_2024,1023,42,11.24879936567697,10.0,1.2487993656769696
augsburg_bourges,lightgbm,summer_2024,1024,42,11.242380316305756,8.0,3.2423803163057556
augsburg_bourges,lightgbm,summer_2024,1025,42,11.265178485884784,9.0,2.2651784858847837
augsburg_bourges,lightgbm,summer_2024,1026,42,11.857013015012905,11.0,0.8570130150129049
augsburg_bourges,lightgbm,summer_2024,1027,42,11.99716314640122,11.0,0.9971631464012205
augsburg_bourges,lightgbm,summer_2024,1028,42,11.956980734694644,10.0,1.9569807346946444
augsburg_bourges,lightgbm,summer_2024,1029,42,12.59333512817427,10.0,2.593335128174269
augsburg_bourges,lightgbm,summer_2024,1030,42,12.634933834590111,10.0,2.634933834590111
augsburg_bourges,lightgbm,summer_2024,1031,42,12.63380858097133,10.0,2.63380858097133
augsburg_bourges,lightgbm,summer_2024,1032,43,12.089477356250498,10.0,2.089477356250498
augsburg_bourges,lightgbm,summer_2024,1033,43,11.531260367291994,8.0,3.5312603672919938
augsburg_bourges,lightgbm,summer_2024,1034,43,12.136159266241094,8.0,4.136159266241094
augsburg_bourges,lightgbm,summer_2024,1035,43,12.095281114278224,9.0,3.095281114278224
augsburg_bourges,lightgbm,summer_2024,1036,43,12.083948032723281,9.0,3.0839480327232813
augsburg_bourges,lightgbm,summer_2024,1037,43,12.204821957225564,10.0,2.2048219572255636
augsburg_bourges,lightgbm,summer_2024,1038,43,11.761260395494352,8.0,3.761260395494352
augsburg_bourges,lightgbm,summer_2024,1039,43,9.305873414143148,5.0,4.305873414143148
augsburg_bourges,lightgbm,summer_2024,1040,43,7.955746293874112,5.0,2.955746293874112
augsburg_bourges,lightgbm,summer_2024,1041,43,7.362071566428951,6.0,1.362071566428951
augsburg_bourges,lightgbm,summer_2024,1042,43,7.140306458660022,6.0,1.1403064586600218
augsburg_bourges,lightgbm,summer_2024,1043,43,7.588698815110038,6.0,1.588698815110038
augsburg_bourges,lightgbm,summer_2024,1044,43,7.7128721547541454,5.0,2.7128721547541454
augsburg_bourges,lightgbm,summer_2024,1045,43,7.209905309949294,6.0,1.2099053099492938
augsburg_bourges,lightgbm,summer_2024,1046,43,7.3046744804342465,6.0,1.3046744804342465
augsburg_bourges,lightgbm,summer_2024,1047,43,7.527820686103104,6.0,1.5278206861031043
augsburg_bourges,lightgbm,summer_2024,1048,43,7.661121215387231,7.0,0.6611212153872312
augsburg_bourges,lightgbm,summer_2024,1049,43,7.3867375100783175,7.0,0.38673751007831747
augsburg_bourges,lightgbm,summer_2024,1050,43,7.375898866626128,5.0,2.3758988666261276
augsburg_bourges,lightgbm,summer_2024,1051,43,6.598650714593279,4.0,2.598650714593279
augsburg_bourges,lightgbm,summer_2024,1052,43,6.147748774980176,4.0,2.147748774980176
augsburg_bourges,lightgbm,summer_2024,1053,43,5.590853460833448,4.0,1.590853460833448
augsburg_bourges,lightgbm,summer_2024,1054,43,5.579259911017492,5.0,0.5792599110174921
augsburg_bourges,lightgbm,summer_2024,1055,43,5.504075744204537,4.0,1.5040757442045374
augsburg_bourges,lightgbm,autumn_2024,0,0,5.901777925412118,7.0,1.0982220745878823
augsburg_bourges,lightgbm,autumn_2024,1,0,6.369960766138538,6.0,0.36996076613853823
augsburg_bourges,lightgbm,autumn_2024,2,0,5.876152885857761,5.0,0.8761528858577607
augsburg_bourges,lightgbm,autumn_2024,3,0,5.887993711261122,5.0,0.8879937112611218
augsburg_bourges,lightgbm,autumn_2024,4,0,5.766591557987399,4.0,1.7665915579873994
augsburg_bourges,lightgbm,autumn_2024,5,0,5.824866165280471,4.0,1.8248661652804712
augsburg_bourges,lightgbm,autumn_2024,6,0,6.186364481700136,4.0,2.186364481700136
augsburg_bourges,lightgbm,autumn_2024,7,0,6.138043296438832,5.0,1.1380432964388323
augsburg_bourges,lightgbm,autumn_2024,8,0,5.950961332744031,4.0,1.950961332744031
augsburg_bourges,lightgbm,autumn_2024,9,0,5.80036098833471,4.0,1.8003609883347096
augsburg_bourges,lightgbm,autumn_2024,10,0,5.760290829774166,3.0,2.760290829774166
augsburg_bourges,lightgbm,autumn_2024,11,0,5.702713746389453,3.0,2.7027137463894526
augsburg_bourges,lightgbm,autumn_2024,12,0,5.752961621727925,3.0,2.752961621727925
augsburg_bourges,lightgbm,autumn_2024,13,0,5.199670046995925,2.0,3.1996700469959247
augsburg_bourges,lightgbm,autumn_2024,14,0,5.156608383984303,2.0,3.1566083839843033
augsburg_bourges,lightgbm,autumn_2024,15,0,4.155042798110422,2.0,2.155042798110422
augsburg_bourges,lightgbm,autumn_2024,16,0,3.9844195689093724,2.0,1.9844195689093724
augsburg_bourges,lightgbm,autumn_2024,17,0,3.942504601437053,2.0,1.942504601437053
augsburg_bourges,lightgbm,autumn_2024,18,0,3.9927000662417824,2.0,1.9927000662417824
augsburg_bourges,lightgbm,autumn_2024,19,0,4.198406017499131,3.0,1.1984060174991313
augsburg_bourges,lightgbm,autumn_2024,20,0,4.522121855689827,5.0,0.47787814431017317
augsburg_bourges,lightgbm,autumn_2024,21,0,5.565457990674456,7.0,1.4345420093255443
augsburg_bourges,lightgbm,autumn_2024,22,0,6.212863459470738,6.0,0.21286345947073837
augsburg_bourges,lightgbm,autumn_2024,23,0,5.753771217947396,6.0,0.24622878205260434
augsburg_bourges,lightgbm,autumn_2024,24,1,6.26870585273323,7.0,0.7312941472667696
augsburg_bourges,lightgbm,autumn_2024,25,1,6.143059390297263,5.0,1.143059390297263
augsburg_bourges,lightgbm,autumn_2024,26,1,5.443819299839782,3.0,2.443819299839782
augsburg_bourges,lightgbm,autumn_2024,27,1,6.023159003424042,7.0,0.9768409965759579
augsburg_bourges,lightgbm,autumn_2024,28,1,6.584889482386185,9.0,2.4151105176138152
augsburg_bourges,lightgbm,autumn_2024,29,1,6.896497839970642,10.0,3.1035021600293584
augsburg_bourges,lightgbm,autumn_2024,30,1,6.117002710235502,5.0,1.1170027102355018
augsburg_bourges,lightgbm,autumn_2024,31,1,5.34100533735787,4.0,1.3410053373578696
augsburg_bourges,lightgbm,autumn_2024,32,1,4.602676722676899,2.0,2.6026767226768994
augsburg_bourges,lightgbm,autumn_2024,33,1,2.9136326419345067,0.5,2.4136326419345067
augsburg_bourges,lightgbm,autumn_2024,34,1,2.442427674899332,0.4,2.042427674899332
augsburg_bourges,lightgbm,autumn_2024,35,1,1.8580377958676808,0.5,1.3580377958676808
augsburg_bourges,lightgbm,autumn_2024,36,1,2.005105039093159,0.75,1.2551050390931588
augsburg_bourges,lightgbm,autumn_2024,37,1,1.9263022833187975,1.0,0.9263022833187975
augsburg_bourges,lightgbm,autumn_2024,38,1,1.9436547700073805,0.8,1.1436547700073805
augsburg_bourges,lightgbm,autumn_2024,39,1,2.1382083026874468,0.7,1.4382083026874468
augsburg_bourges,lightgbm,autumn_2024,40,1,2.154816501185463,1.0,1.1548165011854632
augsburg_bourges,lightgbm,autumn_2024,41,1,2.237960609368748,1.0,1.237960609368748
augsburg_bourges,lightgbm,autumn_2024,42,1,3.1546378287337924,5.0,1.8453621712662076
augsburg_bourges,lightgbm,autumn_2024,43,1,4.802955810291304,9.0,4.197044189708696
augsburg_bourges,lightgbm,autumn_2024,44,1,6.851294383426493,11.0,4.148705616573507
augsburg_bourges,lightgbm,autumn_2024,45,1,8.865053688552294,12.0,3.134946311447706
augsburg_bourges,lightgbm,autumn_2024,46,1,10.079973772906941,13.0,2.920026227093059
augsburg_bourges,lightgbm,autumn_2024,47,1,10.920730045069432,12.0,1.0792699549305684
augsburg_bourges,lightgbm,autumn_2024,48,2,11.295239392886725,11.0,0.2952393928867245
augsburg_bourges,lightgbm,autumn_2024,49,2,12.690094169000554,9.0,3.690094169000554
augsburg_bourges,lightgbm,autumn_2024,50,2,12.205322478633525,9.0,3.2053224786335246
augsburg_bourges,lightgbm,autumn_2024,51,2,12.066852717982036,9.0,3.0668527179820355
augsburg_bourges,lightgbm,autumn_2024,52,2,11.459838497075467,8.0,3.4598384970754665
augsburg_bourges,lightgbm,autumn_2024,53,2,11.197429973853087,7.0,4.197429973853087
augsburg_bourges,lightgbm,autumn_2024,54,2,10.68689426614371,8.0,2.6868942661437103
augsburg_bourges,lightgbm,autumn_2024,55,2,9.93516869336182,8.0,1.9351686933618204
augsburg_bourges,lightgbm,autumn_2024,56,2,11.00824682154696,12.0,0.99175317845304
augsburg_bourges,lightgbm,autumn_2024,57,2,12.563040360531705,14.0,1.436959639468295
augsburg_bourges,lightgbm,autumn_2024,58,2,13.65714789139512,15.0,1.3428521086048804
augsburg_bourges,lightgbm,autumn_2024,59,2,13.026644317241315,11.0,2.026644317241315
augsburg_bourges,lightgbm,autumn_2024,60,2,10.445306626191059,8.0,2.4453066261910585
augsburg_bourges,lightgbm,autumn_2024,61,2,8.941358314878777,7.0,1.9413583148787765
augsburg_bourges,lightgbm,autumn_2024,62,2,7.756552600700789,6.0,1.7565526007007888
augsburg_bourges,lightgbm,autumn_2024,63,2,6.046780972770603,5.0,1.0467809727706028
augsburg_bourges,lightgbm,autumn_2024,64,2,5.396401454417075,4.0,1.3964014544170746
augsburg_bourges,lightgbm,autumn_2024,65,2,5.790894926198024,4.0,1.7908949261980238
augsburg_bourges,lightgbm,autumn_2024,66,2,5.487815468197852,3.0,2.4878154681978524
augsburg_bourges,lightgbm,autumn_2024,67,2,5.252226332342023,2.0,3.2522263323420226
augsburg_bourges,lightgbm,autumn_2024,68,2,5.054730192837016,2.0,3.054730192837016
augsburg_bourges,lightgbm,autumn_2024,69,2,4.3104775243962745,2.0,2.3104775243962745
augsburg_bourges,lightgbm,autumn_2024,70,2,4.106131543698224,2.0,2.1061315436982238
augsburg_bourges,lightgbm,autumn_2024,71,2,3.6887513732626345,2.0,1.6887513732626345
augsburg_bourges,lightgbm,autumn_2024,72,3,3.977917983482122,2.0,1.977917983482122
augsburg_bourges,lightgbm,autumn_2024,73,3,4.189551527621986,3.0,1.189551527621986
augsburg_bourges,lightgbm,autumn_2024,74,3,4.216770831694902,3.0,1.2167708316949017
augsburg_bourges,lightgbm,autumn_2024,75,3,4.410569099846117,4.0,0.4105690998461169
augsburg_bourges,lightgbm,autumn_2024,76,3,4.685930121910099,5.0,0.31406987808990117
augsburg_bourges,lightgbm,autumn_2024,77,3,4.989382218191176,6.0,1.0106177818088238
augsburg_bourges,lightgbm,autumn_2024,78,3,4.971993003990338,5.0,0.028006996009661833
augsburg_bourges,lightgbm,autumn_2024,79,3,4.935829141373603,4.0,0.9358291413736026
augsburg_bourges,lightgbm,autumn_2024,80,3,4.648974155739832,3.0,1.6489741557398316
augsburg_bourges,lightgbm,autumn_2024,81,3,4.472201639104482,3.0,1.4722016391044823
augsburg_bourges,lightgbm,autumn_2024,82,3,4.374912430441703,3.0,1.3749124304417029
augsburg_bourges,lightgbm,autumn_2024,83,3,4.636868569545159,4.0,0.6368685695451592
augsburg_bourges,lightgbm,autumn_2024,84,3,4.3561399307305715,3.0,1.3561399307305715
augsburg_bourges,lightgbm,autumn_2024,85,3,4.214462342723072,3.0,1.2144623427230723
augsburg_bourges,lightgbm,autumn_2024,86,3,3.560789665557643,2.0,1.560789665557643
augsburg_bourges,lightgbm,autumn_2024,87,3,3.634299565985948,2.0,1.6342995659859478
augsburg_bourges,lightgbm,autumn_2024,88,3,3.959494084754008,3.0,0.9594940847540081
augsburg_bourges,lightgbm,autumn_2024,89,3,4.640798112918272,5.0,0.35920188708172773
augsburg_bourges,lightgbm,autumn_2024,90,3,5.46942040254154,6.0,0.53057959745846
augsburg_bourges,lightgbm,autumn_2024,91,3,5.891315936864155,5.0,0.8913159368641548
augsburg_bourges,lightgbm,autumn_2024,92,3,5.9570246406036205,5.0,0.9570246406036205
augsburg_bourges,lightgbm,autumn_2024,93,3,5.904203129051481,6.0,0.09579687094851863
augsburg_bourges,lightgbm,autumn_2024,94,3,5.595721364589969,5.0,0.595721364589969
augsburg_bourges,lightgbm,autumn_2024,95,3,5.82259606216442,6.0,0.17740393783557984
augsburg_bourges,lightgbm,autumn_2024,96,4,5.836877707336131,6.0,0.16312229266386868
augsburg_bourges,lightgbm,autumn_2024,97,4,6.484626424536781,10.0,3.5153735754632187
augsburg_bourges,lightgbm,autumn_2024,98,4,6.0427682057097805,9.0,2.9572317942902195
augsburg_bourges,lightgbm,autumn_2024,99,4,5.640103379247467,6.0,0.3598966207525329
augsburg_bourges,lightgbm,autumn_2024,100,4,5.997622196515335,6.0,0.0023778034846646534
augsburg_bourges,lightgbm,autumn_2024,101,4,6.269460042253172,7.0,0.7305399577468279
augsburg_bourges,lightgbm,autumn_2024,102,4,5.80326174138384,6.0,0.19673825861616034
augsburg_bourges,lightgbm,autumn_2024,103,4,5.848727757211545,6.0,0.15127224278845475
augsburg_bourges,lightgbm,autumn_2024,104,4,5.676254646501103,5.0,0.6762546465011026
augsburg_bourges,lightgbm,autumn_2024,105,4,5.267639727905262,3.0,2.2676397279052622
augsburg_bourges,lightgbm,autumn_2024,106,4,4.63841493662974,3.0,1.63841493662974
augsburg_bourges,lightgbm,autumn_2024,107,4,3.9541449925098173,3.0,0.9541449925098173
augsburg_bourges,lightgbm,autumn_2024,108,4,3.637260202214029,2.0,1.637260202214029
augsburg_bourges,lightgbm,autumn_2024,109,4,3.6848478717439357,2.0,1.6848478717439357
augsburg_bourges,lightgbm,autumn_2024,110,4,3.7183714606369884,3.0,0.7183714606369884
augsburg_bourges,lightgbm,autumn_2024,111,4,4.1690882721080404,3.0,1.1690882721080404
augsburg_bourges,lightgbm,autumn_2024,112,4,4.823279574910102,4.0,0.8232795749101021
augsburg_bourges,lightgbm,autumn_2024,113,4,4.715534150020662,3.0,1.7155341500206616
augsburg_bourges,lightgbm,autumn_2024,114,4,5.27582104283415,4.0,1.27582104283415
augsburg_bourges,lightgbm,autumn_2024,115,4,6.26640620670485,6.0,0.2664062067048496
augsburg_bourges,lightgbm,autumn_2024,116,4,7.162499361746491,9.0,1.837500638253509
augsburg_bourges,lightgbm,autumn_2024,117,4,6.904158210329547,8.0,1.0958417896704526
augsburg_bourges,lightgbm,autumn_2024,118,4,6.441458968096875,8.0,1.5585410319031254
augsburg_bourges,lightgbm,autumn_2024,119,4,6.112441175425343,9.0,2.887558824574657
augsburg_bourges,lightgbm,autumn_2024,120,5,6.901493165897674,8.0,1.0985068341023263
augsburg_bourges,lightgbm,autumn_2024,121,5,8.365467886471327,8.0,0.3654678864713272
augsburg_bourges,lightgbm,autumn_2024,122,5,9.831906380246497,8.0,1.8319063802464974
augsburg_bourges,lightgbm,autumn_2024,123,5,10.160902158072329,9.0,1.1609021580723287
augsburg_bourges,lightgbm,autumn_2024,124,5,9.86338764266374,8.0,1.8633876426637404
augsburg_bourges,lightgbm,autumn_2024,125,5,9.99133269447347,8.0,1.9913326944734706
augsburg_bourges,lightgbm,autumn_2024,126,5,9.667602929160742,7.0,2.6676029291607417
augsburg_bourges,lightgbm,autumn_2024,127,5,7.364029444592773,4.0,3.3640294445927728
augsburg_bourges,lightgbm,autumn_2024,128,5,5.8551386231156535,4.0,1.8551386231156535
augsburg_bourges,lightgbm,autumn_2024,129,5,4.6932565524950585,3.0,1.6932565524950585
augsburg_bourges,lightgbm,autumn_2024,130,5,3.9395608896201413,2.0,1.9395608896201413
augsburg_bourges,lightgbm,autumn_2024,131,5,3.330720636373099,2.0,1.330720636373099
augsburg_bourges,lightgbm,autumn_2024,132,5,3.051567051556805,1.0,2.051567051556805
augsburg_bourges,lightgbm,autumn_2024,133,5,2.5487268572545734,0.9,1.6487268572545735
augsburg_bourges,lightgbm,autumn_2024,134,5,2.6160747652864784,1.0,1.6160747652864784
augsburg_bourges,lightgbm,autumn_2024,135,5,2.9313019813325067,1.0,1.9313019813325067
augsburg_bourges,lightgbm,autumn_2024,136,5,3.2284881667730616,2.0,1.2284881667730616
augsburg_bourges,lightgbm,autumn_2024,137,5,3.8864801859004268,4.0,0.11351981409957324
augsburg_bourges,lightgbm,autumn_2024,138,5,5.604226819914669,6.0,0.3957731800853308
augsburg_bourges,lightgbm,autumn_2024,139,5,7.806095211736016,8.0,0.19390478826398372
augsburg_bourges,lightgbm,autumn_2024,140,5,7.436933943208139,7.0,0.43693394320813894
augsburg_bourges,lightgbm,autumn_2024,141,5,7.855523982303393,8.0,0.1444760176966069
augsburg_bourges,lightgbm,autumn_2024,142,5,7.337141887623315,8.0,0.6628581123766848
augsburg_bourges,lightgbm,autumn_2024,143,5,6.547433324640472,5.0,1.5474333246404717
augsburg_bourges,lightgbm,autumn_2024,144,6,5.491311173997053,4.0,1.4913111739970528
augsburg_bourges,lightgbm,autumn_2024,145,6,5.736257502608968,4.0,1.736257502608968
augsburg_bourges,lightgbm,autumn_2024,146,6,5.454887269251131,4.0,1.454887269251131
augsburg_bourges,lightgbm,autumn_2024,147,6,4.93393372152054,3.0,1.9339337215205399
augsburg_bourges,lightgbm,autumn_2024,148,6,4.077117098069232,3.0,1.0771170980692322
augsburg_bourges,lightgbm,autumn_2024,149,6,4.113708420007637,3.0,1.1137084200076366
augsburg_bourges,lightgbm,autumn_2024,150,6,4.359526640396822,4.0,0.3595266403968216
augsburg_bourges,lightgbm,autumn_2024,151,6,4.802443648398806,4.0,0.802443648398806
augsburg_bourges,lightgbm,autumn_2024,152,6,5.177167447426804,5.0,0.1771674474268039
augsburg_bourges,lightgbm,autumn_2024,153,6,5.563288210807877,4.0,1.563288210807877
augsburg_bourges,lightgbm,autumn_2024,154,6,5.51915350858405,3.0,2.5191535085840497
augsburg_bourges,lightgbm,autumn_2024,155,6,5.743073790062477,3.0,2.7430737900624766
augsburg_bourges,lightgbm,autumn_2024,156,6,5.17068110705681,2.0,3.1706811070568097
augsburg_bourges,lightgbm,autumn_2024,157,6,5.176501984501297,2.0,3.1765019845012974
augsburg_bourges,lightgbm,autumn_2024,158,6,4.938736619407645,2.0,2.9387366194076447
augsburg_bourges,lightgbm,autumn_2024,159,6,4.8627544217665895,3.0,1.8627544217665895
augsburg_bourges,lightgbm,autumn_2024,160,6,5.631290545732515,4.0,1.631290545732515
augsburg_bourges,lightgbm,autumn_2024,161,6,7.507158076739609,6.0,1.5071580767396089
augsburg_bourges,lightgbm,autumn_2024,162,6,10.10234480100822,10.0,0.10234480100822019
augsburg_bourges,lightgbm,autumn_2024,163,6,11.909440501742289,9.0,2.9094405017422886
augsburg_bourges,lightgbm,autumn_2024,164,6,13.463446246172184,13.0,0.4634462461721842
augsburg_bourges,lightgbm,autumn_2024,165,6,12.742513456072789,9.0,3.742513456072789
augsburg_bourges,lightgbm,autumn_2024,166,6,11.435483102117043,7.0,4.435483102117043
augsburg_bourges,lightgbm,autumn_2024,167,6,10.883618045856274,7.0,3.8836180458562737
augsburg_bourges,lightgbm,autumn_2024,168,7,11.135865349933031,8.0,3.135865349933031
augsburg_bourges,lightgbm,autumn_2024,169,7,11.421358212791228,8.0,3.421358212791228
augsburg_bourges,lightgbm,autumn_2024,170,7,11.992378217295055,9.0,2.9923782172950553
augsburg_bourges,lightgbm,autumn_2024,171,7,11.643174336858955,8.0,3.643174336858955
augsburg_bourges,lightgbm,autumn_2024,172,7,11.073243573784328,8.0,3.073243573784328
augsburg_bourges,lightgbm,autumn_2024,173,7,9.688079956088027,6.0,3.6880799560880266
augsburg_bourges,lightgbm,autumn_2024,174,7,9.826634166846423,7.0,2.826634166846423
augsburg_bourges,lightgbm,autumn_2024,175,7,10.32822716995548,9.0,1.3282271699554808
augsburg_bourges,lightgbm,autumn_2024,176,7,12.54580146293821,10.0,2.5458014629382095
augsburg_bourges,lightgbm,autumn_2024,177,7,12.025162660916035,7.0,5.025162660916035
augsburg_bourges,lightgbm,autumn_2024,178,7,8.708065148117656,4.0,4.708065148117656
augsburg_bourges,lightgbm,autumn_2024,179,7,7.169089786414078,4.0,3.1690897864140783
augsburg_bourges,lightgbm,autumn_2024,180,7,7.086519528393534,6.0,1.0865195283935343
augsburg_bourges,lightgbm,autumn_2024,181,7,6.853706577751896,5.0,1.853706577751896
augsburg_bourges,lightgbm,autumn_2024,182,7,6.644269363205269,4.0,2.644269363205269
augsburg_bourges,lightgbm,autumn_2024,183,7,6.1196515127555395,4.0,2.1196515127555395
augsburg_bourges,lightgbm,autumn_2024,184,7,5.6368678129760665,3.0,2.6368678129760665
augsburg_bourges,lightgbm,autumn_2024,185,7,5.167928116718922,1.0,4.167928116718922
augsburg_bourges,lightgbm,autumn_2024,186,7,5.32107352577945,2.0,3.3210735257794504
augsburg_bourges,lightgbm,autumn_2024,187,7,5.809369129310188,3.0,2.8093691293101877
augsburg_bourges,lightgbm,autumn_2024,188,7,5.697895321064214,4.0,1.6978953210642143
augsburg_bourges,lightgbm,autumn_2024,189,7,4.564098188236467,2.0,2.564098188236467
augsburg_bourges,lightgbm,autumn_2024,190,7,3.4604503396387303,0.9,2.5604503396387304
augsburg_bourges,lightgbm,autumn_2024,191,7,3.368497101364955,2.0,1.3684971013649552
augsburg_bourges,lightgbm,autumn_2024,192,8,3.8394460967770425,3.0,0.8394460967770425
augsburg_bourges,lightgbm,autumn_2024,193,8,3.66765345296374,1.0,2.66765345296374
augsburg_bourges,lightgbm,autumn_2024,194,8,3.6015952412565166,0.6,3.0015952412565166
augsburg_bourges,lightgbm,autumn_2024,195,8,3.5813571017361046,0.7,2.8813571017361044
augsburg_bourges,lightgbm,autumn_2024,196,8,3.758942486239647,0.8,2.958942486239647
augsburg_bourges,lightgbm,autumn_2024,197,8,3.907266419613464,0.9,3.007266419613464
augsburg_bourges,lightgbm,autumn_2024,198,8,4.208989433940879,2.0,2.2089894339408787
augsburg_bourges,lightgbm,autumn_2024,199,8,3.949935356910932,2.0,1.949935356910932
augsburg_bourges,lightgbm,autumn_2024,200,8,3.8489396833895704,2.0,1.8489396833895704
augsburg_bourges,lightgbm,autumn_2024,201,8,3.5137780660487796,2.0,1.5137780660487796
augsburg_bourges,lightgbm,autumn_2024,202,8,3.446454577869583,1.0,2.446454577869583
augsburg_bourges,lightgbm,autumn_2024,203,8,3.6396827705694275,1.0,2.6396827705694275
augsburg_bourges,lightgbm,autumn_2024,204,8,3.8283601566464758,2.0,1.8283601566464758
augsburg_bourges,lightgbm,autumn_2024,205,8,3.893677290695589,2.0,1.8936772906955892
augsburg_bourges,lightgbm,autumn_2024,206,8,3.8746252946647037,2.0,1.8746252946647037
augsburg_bourges,lightgbm,autumn_2024,207,8,3.9987604945566835,2.0,1.9987604945566835
augsburg_bourges,lightgbm,autumn_2024,208,8,4.237289642258382,3.0,1.2372896422583821
augsburg_bourges,lightgbm,autumn_2024,209,8,4.739242243632013,3.0,1.7392422436320132
augsburg_bourges,lightgbm,autumn_2024,210,8,5.189153420088314,4.0,1.1891534200883136
augsburg_bourges,lightgbm,autumn_2024,211,8,5.774131449244803,4.0,1.7741314492448028
augsburg_bourges,lightgbm,autumn_2024,212,8,5.468182600277671,4.0,1.4681826002776708
augsburg_bourges,lightgbm,autumn_2024,213,8,5.093958224489581,3.0,2.0939582244895814
augsburg_bourges,lightgbm,autumn_2024,214,8,4.018614689523379,3.0,1.0186146895233792
augsburg_bourges,lightgbm,autumn_2024,215,8,4.203630599804373,5.0,0.7963694001956272
augsburg_bourges,lightgbm,autumn_2024,216,9,3.994532070245346,4.0,0.005467929754654044
augsburg_bourges,lightgbm,autumn_2024,217,9,3.915434488140267,3.0,0.9154344881402672
augsburg_bourges,lightgbm,autumn_2024,218,9,3.774968318217068,3.0,0.7749683182170681
augsburg_bourges,lightgbm,autumn_2024,219,9,3.86077890685702,3.0,0.86077890685702
augsburg_bourges,lightgbm,autumn_2024,220,9,3.834615050054842,3.0,0.8346150500548419
augsburg_bourges,lightgbm,autumn_2024,221,9,3.398284873663135,2.0,1.398284873663135
augsburg_bourges,lightgbm,autumn_2024,222,9,3.2793131043511266,0.9,2.3793131043511266
augsburg_bourges,lightgbm,autumn_2024,223,9,3.3135997524855676,0.5,2.8135997524855676
augsburg_bourges,lightgbm,autumn_2024,224,9,3.120316761043493,0.3,2.820316761043493
augsburg_bourges,lightgbm,autumn_2024,225,9,2.5868503215157883,0.4,2.1868503215157884
augsburg_bourges,lightgbm,autumn_2024,226,9,2.5951870976854208,0.5,2.0951870976854208
augsburg_bourges,lightgbm,autumn_2024,227,9,2.6053754507623332,0.5,2.1053754507623332
augsburg_bourges,lightgbm,autumn_2024,228,9,2.8391464703176226,0.8,2.0391464703176228
augsburg_bourges,lightgbm,autumn_2024,229,9,2.9828739167239258,1.0,1.9828739167239258
augsburg_bourges,lightgbm,autumn_2024,230,9,2.730277474022598,0.8,1.930277474022598
augsburg_bourges,lightgbm,autumn_2024,231,9,3.1646622632742005,1.0,2.1646622632742005
augsburg_bourges,lightgbm,autumn_2024,232,9,3.122729950510123,2.0,1.1227299505101231
augsburg_bourges,lightgbm,autumn_2024,233,9,3.48048722266252,3.0,0.4804872226625201
augsburg_bourges,lightgbm,autumn_2024,234,9,4.5350764261629894,5.0,0.46492357383701055
augsburg_bourges,lightgbm,autumn_2024,235,9,4.827727381117281,5.0,0.17227261888271883
augsburg_bourges,lightgbm,autumn_2024,236,9,3.9023318272287333,2.0,1.9023318272287333
augsburg_bourges,lightgbm,autumn_2024,237,9,3.4645075263325875,2.0,1.4645075263325875
augsburg_bourges,lightgbm,autumn_2024,238,9,3.3806165988774133,2.0,1.3806165988774133
augsburg_bourges,lightgbm,autumn_2024,239,9,3.2976939820255273,2.0,1.2976939820255273
augsburg_bourges,lightgbm,autumn_2024,240,10,3.0971535184828856,1.0,2.0971535184828856
augsburg_bourges,lightgbm,autumn_2024,241,10,2.8514723117744367,1.0,1.8514723117744367
augsburg_bourges,lightgbm,autumn_2024,242,10,2.9015885858437596,1.0,1.9015885858437596
augsburg_bourges,lightgbm,autumn_2024,243,10,2.931196067962014,1.0,1.9311960679620142
augsburg_bourges,lightgbm,autumn_2024,244,10,3.014118637670693,2.0,1.014118637670693
augsburg_bourges,lightgbm,autumn_2024,245,10,3.0631931881835452,2.0,1.0631931881835452
augsburg_bourges,lightgbm,autumn_2024,246,10,3.0583580867258036,2.0,1.0583580867258036
augsburg_bourges,lightgbm,autumn_2024,247,10,2.7300104541804946,2.0,0.7300104541804946
augsburg_bourges,lightgbm,autumn_2024,248,10,2.584329876455181,2.0,0.5843298764551812
augsburg_bourges,lightgbm,autumn_2024,249,10,2.5157785654570977,1.0,1.5157785654570977
augsburg_bourges,lightgbm,autumn_2024,250,10,2.5573628700098294,0.9,1.6573628700098295
augsburg_bourges,lightgbm,autumn_2024,251,10,2.489937309288474,0.9,1.5899373092884739
augsburg_bourges,lightgbm,autumn_2024,252,10,2.0344428892752937,1.0,1.0344428892752937
augsburg_bourges,lightgbm,autumn_2024,253,10,1.923832658671718,1.0,0.923832658671718
augsburg_bourges,lightgbm,autumn_2024,254,10,2.249831311709431,2.0,0.24983131170943107
augsburg_bourges,lightgbm,autumn_2024,255,10,2.5244348138050956,3.0,0.4755651861949044
augsburg_bourges,lightgbm,autumn_2024,256,10,3.3853707452688435,3.0,0.3853707452688435
augsburg_bourges,lightgbm,autumn_2024,257,10,4.967019878152302,5.0,0.032980121847698385
augsburg_bourges,lightgbm,autumn_2024,258,10,5.950028180945214,7.0,1.049971819054786
augsburg_bourges,lightgbm,autumn_2024,259,10,7.099775194728904,10.0,2.9002248052710957
augsburg_bourges,lightgbm,autumn_2024,260,10,8.070974222242171,11.0,2.929025777757829
augsburg_bourges,lightgbm,autumn_2024,261,10,8.762271887277867,12.0,3.2377281127221327
augsburg_bourges,lightgbm,autumn_2024,262,10,7.644673154366789,7.0,0.6446731543667887
augsburg_bourges,lightgbm,autumn_2024,263,10,5.733493612870553,4.0,1.7334936128705527
augsburg_bourges,lightgbm,autumn_2024,264,11,5.302861183907007,4.0,1.302861183907007
augsburg_bourges,lightgbm,autumn_2024,265,11,5.8933036039515745,4.0,1.8933036039515745
augsburg_bourges,lightgbm,autumn_2024,266,11,6.218447356362817,6.0,0.21844735636281687
augsburg_bourges,lightgbm,autumn_2024,267,11,6.215654941993981,6.0,0.21565494199398128
augsburg_bourges,lightgbm,autumn_2024,268,11,6.2746348462522405,7.0,0.7253651537477595
augsburg_bourges,lightgbm,autumn_2024,269,11,6.777937411145123,8.0,1.222062588854877
augsburg_bourges,lightgbm,autumn_2024,270,11,7.436316209854001,8.0,0.5636837901459986
augsburg_bourges,lightgbm,autumn_2024,271,11,7.677976688063363,9.0,1.3220233119366371
augsburg_bourges,lightgbm,autumn_2024,272,11,7.12204797180695,8.0,0.8779520281930502
augsburg_bourges,lightgbm,autumn_2024,273,11,6.81984859530104,7.0,0.18015140469896007
augsburg_bourges,lightgbm,autumn_2024,274,11,5.812502784698502,5.0,0.812502784698502
augsburg_bourges,lightgbm,autumn_2024,275,11,5.23546784077231,4.0,1.2354678407723103
augsburg_bourges,lightgbm,autumn_2024,276,11,5.36892293952574,4.0,1.3689229395257403
augsburg_bourges,lightgbm,autumn_2024,277,11,4.912808531512705,3.0,1.912808531512705
augsburg_bourges,lightgbm,autumn_2024,278,11,4.245058948652439,3.0,1.2450589486524386
augsburg_bourges,lightgbm,autumn_2024,279,11,3.765836333598213,2.0,1.7658363335982128
augsburg_bourges,lightgbm,autumn_2024,280,11,4.6706050330912845,3.0,1.6706050330912845
augsburg_bourges,lightgbm,autumn_2024,281,11,5.862286639058229,5.0,0.8622866390582287
augsburg_bourges,lightgbm,autumn_2024,282,11,6.752004472748114,5.0,1.7520044727481139
augsburg_bourges,lightgbm,autumn_2024,283,11,8.025089651497266,7.0,1.0250896514972663
augsburg_bourges,lightgbm,autumn_2024,284,11,7.363683843536714,6.0,1.3636838435367142
augsburg_bourges,lightgbm,autumn_2024,285,11,5.499841998656089,3.0,2.4998419986560894
augsburg_bourges,lightgbm,autumn_2024,286,11,5.022909528608395,4.0,1.0229095286083947
augsburg_bourges,lightgbm,autumn_2024,287,11,4.204852252281819,3.0,1.2048522522818192
augsburg_bourges,lightgbm,autumn_2024,288,12,4.032469827855709,4.0,0.03246982785570918
augsburg_bourges,lightgbm,autumn_2024,289,12,3.7065220306678333,3.0,0.7065220306678333
augsburg_bourges,lightgbm,autumn_2024,290,12,3.3474106027338326,2.0,1.3474106027338326
augsburg_bourges,lightgbm,autumn_2024,291,12,3.460242621616524,2.0,1.460242621616524
augsburg_bourges,lightgbm,autumn_2024,292,12,3.4719649818353373,2.0,1.4719649818353373
augsburg_bourges,lightgbm,autumn_2024,293,12,3.162176843329024,0.8,2.3621768433290242
augsburg_bourges,lightgbm,autumn_2024,294,12,2.658606099376781,0.6,2.0586060993767807
augsburg_bourges,lightgbm,autumn_2024,295,12,2.8251310353780883,1.0,1.8251310353780883
augsburg_bourges,lightgbm,autumn_2024,296,12,3.0260765234242517,1.0,2.0260765234242517
augsburg_bourges,lightgbm,autumn_2024,297,12,3.0418755138427356,2.0,1.0418755138427356
augsburg_bourges,lightgbm,autumn_2024,298,12,3.594507632058453,3.0,0.5945076320584528
augsburg_bourges,lightgbm,autumn_2024,299,12,3.9455505703858433,2.0,1.9455505703858433
augsburg_bourges,lightgbm,autumn_2024,300,12,3.8128635516296785,2.0,1.8128635516296785
augsburg_bourges,lightgbm,autumn_2024,301,12,3.774869743628424,2.0,1.774869743628424
augsburg_bourges,lightgbm,autumn_2024,302,12,3.396431659032217,2.0,1.396431659032217
augsburg_bourges,lightgbm,autumn_2024,303,12,3.6121054445308665,2.0,1.6121054445308665
augsburg_bourges,lightgbm,autumn_2024,304,12,3.736231619445332,2.0,1.736231619445332
augsburg_bourges,lightgbm,autumn_2024,305,12,4.428121916003007,5.0,0.5718780839969932
augsburg_bourges,lightgbm,autumn_2024,306,12,6.014756493468479,9.0,2.9852435065315213
augsburg_bourges,lightgbm,autumn_2024,307,12,8.063827644227837,14.0,5.936172355772163
augsburg_bourges,lightgbm,autumn_2024,308,12,9.00167519953863,12.0,2.9983248004613703
augsburg_bourges,lightgbm,autumn_2024,309,12,8.351931694762273,7.0,1.351931694762273
augsburg_bourges,lightgbm,autumn_2024,310,12,8.069888007231194,7.0,1.069888007231194
augsburg_bourges,lightgbm,autumn_2024,311,12,7.253776892028442,6.0,1.2537768920284416
augsburg_bourges,lightgbm,autumn_2024,312,13,6.580048998550724,7.0,0.41995100144927644
augsburg_bourges,lightgbm,autumn_2024,313,13,6.302127504644789,8.0,1.6978724953552113
augsburg_bourges,lightgbm,autumn_2024,314,13,6.385188383464337,9.0,2.614811616535663
augsburg_bourges,lightgbm,autumn_2024,315,13,6.012388256532843,7.0,0.9876117434671574
augsburg_bourges,lightgbm,autumn_2024,316,13,5.245026194330131,3.0,2.245026194330131
augsburg_bourges,lightgbm,autumn_2024,317,13,6.182228272914476,6.0,0.18222827291447619
augsburg_bourges,lightgbm,autumn_2024,318,13,5.989720556588463,4.0,1.9897205565884626
augsburg_bourges,lightgbm,autumn_2024,319,13,5.896767743542196,4.0,1.8967677435421963
augsburg_bourges,lightgbm,autumn_2024,320,13,5.765735041483496,4.0,1.765735041483496
augsburg_bourges,lightgbm,autumn_2024,321,13,5.559823041503922,3.0,2.559823041503922
augsburg_bourges,lightgbm,autumn_2024,322,13,5.875701267738755,4.0,1.875701267738755
augsburg_bourges,lightgbm,autumn_2024,323,13,6.084016863920788,4.0,2.0840168639207883
augsburg_bourges,lightgbm,autumn_2024,324,13,6.553603256636793,6.0,0.5536032566367934
augsburg_bourges,lightgbm,autumn_2024,325,13,6.786318985868135,6.0,0.7863189858681352
augsburg_bourges,lightgbm,autumn_2024,326,13,8.587203473480892,9.0,0.4127965265191076
augsburg_bourges,lightgbm,autumn_2024,327,13,11.531874896462469,13.0,1.4681251035375311
augsburg_bourges,lightgbm,autumn_2024,328,13,13.563707403956421,12.0,1.5637074039564212
augsburg_bourges,lightgbm,autumn_2024,329,13,14.036777518150329,10.0,4.036777518150329
augsburg_bourges,lightgbm,autumn_2024,330,13,13.825816198504798,11.0,2.825816198504798
augsburg_bourges,lightgbm,autumn_2024,331,13,13.321177952540298,10.0,3.321177952540298
augsburg_bourges,lightgbm,autumn_2024,332,13,9.56787520537248,5.0,4.567875205372481
augsburg_bourges,lightgbm,autumn_2024,333,13,9.013505416592471,6.0,3.013505416592471
augsburg_bourges,lightgbm,autumn_2024,334,13,9.677202921475658,10.0,0.32279707852434214
augsburg_bourges,lightgbm,autumn_2024,335,13,10.173455061522926,9.0,1.173455061522926
augsburg_bourges,lightgbm,autumn_2024,336,14,9.844888929084581,8.0,1.844888929084581
augsburg_bourges,lightgbm,autumn_2024,337,14,10.124058615211272,8.0,2.124058615211272
augsburg_bourges,lightgbm,autumn_2024,338,14,10.218390161614845,8.0,2.2183901616148454
augsburg_bourges,lightgbm,autumn_2024,339,14,10.369289265287785,11.0,0.6307107347122152
augsburg_bourges,lightgbm,autumn_2024,340,14,11.723173130631935,13.0,1.2768268693680653
augsburg_bourges,lightgbm,autumn_2024,341,14,13.401098328912855,17.0,3.5989016710871446
augsburg_bourges,lightgbm,autumn_2024,342,14,18.029917290501164,23.0,4.970082709498836
augsburg_bourges,lightgbm,autumn_2024,343,14,16.747277372759495,16.0,0.7472773727594948
augsburg_bourges,lightgbm,autumn_2024,344,14,16.026589695004283,14.0,2.026589695004283
augsburg_bourges,lightgbm,autumn_2024,345,14,16.2742942473948,15.0,1.2742942473947991
augsburg_bourges,lightgbm,autumn_2024,346,14,14.807434507964167,12.0,2.8074345079641674
augsburg_bourges,lightgbm,autumn_2024,347,14,12.868231643054864,10.0,2.868231643054864
augsburg_bourges,lightgbm,autumn_2024,348,14,11.63231170894408,9.0,2.63231170894408
augsburg_bourges,lightgbm,autumn_2024,349,14,11.440951614869148,10.0,1.4409516148691477
augsburg_bourges,lightgbm,autumn_2024,350,14,12.130843717610372,11.0,1.1308437176103716
augsburg_bourges,lightgbm,autumn_2024,351,14,11.541021090743799,10.0,1.541021090743799
augsburg_bourges,lightgbm,autumn_2024,352,14,11.095886861613112,9.0,2.0958868616131117
augsburg_bourges,lightgbm,autumn_2024,353,14,10.384439788846686,8.0,2.384439788846686
augsburg_bourges,lightgbm,autumn_2024,354,14,10.729395173213376,8.0,2.7293951732133763
augsburg_bourges,lightgbm,autumn_2024,355,14,11.193142724685654,9.0,2.1931427246856536
augsburg_bourges,lightgbm,autumn_2024,356,14,10.167200237272183,7.0,3.1672002372721835
augsburg_bourges,lightgbm,autumn_2024,357,14,9.484408456079482,7.0,2.484408456079482
augsburg_bourges,lightgbm,autumn_2024,358,14,8.877519440530973,6.0,2.877519440530973
augsburg_bourges,lightgbm,autumn_2024,359,14,7.837536244620179,5.0,2.8375362446201793
augsburg_bourges,lightgbm,autumn_2024,360,15,7.236728286801498,7.0,0.23672828680149838
augsburg_bourges,lightgbm,autumn_2024,361,15,7.082784411119102,7.0,0.08278441111910162
augsburg_bourges,lightgbm,autumn_2024,362,15,6.3977682110087075,6.0,0.3977682110087075
augsburg_bourges,lightgbm,autumn_2024,363,15,5.614460398392794,6.0,0.38553960160720635
augsburg_bourges,lightgbm,autumn_2024,364,15,5.92216554267005,7.0,1.07783445732995
augsburg_bourges,lightgbm,autumn_2024,365,15,6.32739363654686,7.0,0.6726063634531396
augsburg_bourges,lightgbm,autumn_2024,366,15,6.644432485551685,7.0,0.3555675144483148
augsburg_bourges,lightgbm,autumn_2024,367,15,6.460310780128118,7.0,0.5396892198718817
augsburg_bourges,lightgbm,autumn_2024,368,15,6.19704460831885,6.0,0.1970446083188504
augsburg_bourges,lightgbm,autumn_2024,369,15,6.135030983242643,6.0,0.1350309832426433
augsburg_bourges,lightgbm,autumn_2024,370,15,6.191737257958045,6.0,0.19173725795804497
augsburg_bourges,lightgbm,autumn_2024,371,15,6.056442748840856,6.0,0.05644274884085565
augsburg_bourges,lightgbm,autumn_2024,372,15,6.1109275938190475,6.0,0.11092759381904749
augsburg_bourges,lightgbm,autumn_2024,373,15,6.419177665174101,6.0,0.41917766517410104
augsburg_bourges,lightgbm,autumn_2024,374,15,6.484884045389264,6.0,0.484884045389264
augsburg_bourges,lightgbm,autumn_2024,375,15,6.695535401523453,5.0,1.6955354015234532
augsburg_bourges,lightgbm,autumn_2024,376,15,7.216385477775239,6.0,1.2163854777752388
augsburg_bourges,lightgbm,autumn_2024,377,15,8.687145746207774,7.0,1.687145746207774
augsburg_bourges,lightgbm,autumn_2024,378,15,10.097531737667744,7.0,3.097531737667744
augsburg_bourges,lightgbm,autumn_2024,379,15,10.051722484288602,6.0,4.051722484288602
augsburg_bourges,lightgbm,autumn_2024,380,15,9.817914619093502,7.0,2.817914619093502
augsburg_bourges,lightgbm,autumn_2024,381,15,10.21404843673124,7.0,3.2140484367312396
augsburg_bourges,lightgbm,autumn_2024,382,15,9.715952721688195,7.0,2.715952721688195
augsburg_bourges,lightgbm,autumn_2024,383,15,9.653046119140651,7.0,2.653046119140651
augsburg_bourges,lightgbm,autumn_2024,384,16,10.00980094884982,8.0,2.0098009488498203
augsburg_bourges,lightgbm,autumn_2024,385,16,10.438431238135156,10.0,0.4384312381351556
augsburg_bourges,lightgbm,autumn_2024,386,16,10.996501447432314,9.0,1.9965014474323137
augsburg_bourges,lightgbm,autumn_2024,387,16,10.602015430689347,9.0,1.602015430689347
augsburg_bourges,lightgbm,autumn_2024,388,16,11.025588327671544,9.0,2.025588327671544
augsburg_bourges,lightgbm,autumn_2024,389,16,11.489840994914239,10.0,1.489840994914239
augsburg_bourges,lightgbm,autumn_2024,390,16,17.914381125373634,17.0,0.9143811253736338
augsburg_bourges,lightgbm,autumn_2024,391,16,20.07816005754564,15.0,5.078160057545642
augsburg_bourges,lightgbm,autumn_2024,392,16,18.374673828202475,12.0,6.374673828202475
augsburg_bourges,lightgbm,autumn_2024,393,16,15.990176820844276,11.0,4.990176820844276
augsburg_bourges,lightgbm,autumn_2024,394,16,15.198158704973864,11.0,4.198158704973864
augsburg_bourges,lightgbm,autumn_2024,395,16,14.943410079907645,10.0,4.943410079907645
augsburg_bourges,lightgbm,autumn_2024,396,16,13.27483079885656,8.0,5.274830798856559
augsburg_bourges,lightgbm,autumn_2024,397,16,11.771542741873308,7.0,4.771542741873308
augsburg_bourges,lightgbm,autumn_2024,398,16,11.855262744039306,7.0,4.855262744039306
augsburg_bourges,lightgbm,autumn_2024,399,16,12.852186780809145,8.0,4.852186780809145
augsburg_bourges,lightgbm,autumn_2024,400,16,13.802149924700919,9.0,4.8021499247009185
augsburg_bourges,lightgbm,autumn_2024,401,16,14.822108469235957,10.0,4.822108469235957
augsburg_bourges,lightgbm,autumn_2024,402,16,14.999659150827561,11.0,3.9996591508275614
augsburg_bourges,lightgbm,autumn_2024,403,16,14.96840064963151,11.0,3.9684006496315103
augsburg_bourges,lightgbm,autumn_2024,404,16,15.105483382644294,12.0,3.1054833826442945
augsburg_bourges,lightgbm,autumn_2024,405,16,15.331165925483775,12.0,3.3311659254837753
augsburg_bourges,lightgbm,autumn_2024,406,16,15.451122998936956,12.0,3.451122998936956
augsburg_bourges,lightgbm,autumn_2024,407,16,14.942966007368554,11.0,3.942966007368554
augsburg_bourges,lightgbm,autumn_2024,408,17,15.131198170456447,12.0,3.1311981704564467
augsburg_bourges,lightgbm,autumn_2024,409,17,15.746665790285574,12.0,3.746665790285574
augsburg_bourges,lightgbm,autumn_2024,410,17,15.600758560981303,12.0,3.600758560981303
augsburg_bourges,lightgbm,autumn_2024,411,17,16.54580773613774,14.0,2.545807736137739
augsburg_bourges,lightgbm,autumn_2024,412,17,16.649809287655078,13.0,3.649809287655078
augsburg_bourges,lightgbm,autumn_2024,413,17,17.14831813735562,13.0,4.14831813735562
augsburg_bourges,lightgbm,autumn_2024,414,17,18.374602293379436,17.0,1.3746022933794357
augsburg_bourges,lightgbm,autumn_2024,415,17,17.997471038610033,15.0,2.9974710386100334
augsburg_bourges,lightgbm,autumn_2024,416,17,17.14479469287581,13.0,4.144794692875809
augsburg_bourges,lightgbm,autumn_2024,417,17,17.516725459981355,15.0,2.5167254599813553
augsburg_bourges,lightgbm,autumn_2024,418,17,17.31891828603262,13.0,4.31891828603262
augsburg_bourges,lightgbm,autumn_2024,419,17,16.652837109631992,13.0,3.6528371096319923
augsburg_bourges,lightgbm,autumn_2024,420,17,16.227504627113365,12.0,4.227504627113365
augsburg_bourges,lightgbm,autumn_2024,421,17,14.99177576730669,13.0,1.9917757673066898
augsburg_bourges,lightgbm,autumn_2024,422,17,15.158765522740259,15.0,0.1587655227402589
augsburg_bourges,lightgbm,autumn_2024,423,17,17.189124727600834,20.0,2.8108752723991657
augsburg_bourges,lightgbm,autumn_2024,424,17,19.878821887557407,21.0,1.1211781124425926
augsburg_bourges,lightgbm,autumn_2024,425,17,20.868738787454607,19.0,1.8687387874546069
augsburg_bourges,lightgbm,autumn_2024,426,17,20.570454591971277,19.0,1.5704545919712771
augsburg_bourges,lightgbm,autumn_2024,427,17,21.595787239784453,20.0,1.5957872397844532
augsburg_bourges,lightgbm,autumn_2024,428,17,21.757693171695564,20.0,1.7576931716955642
augsburg_bourges,lightgbm,autumn_2024,429,17,22.21483017737095,20.0,2.214830177370949
augsburg_bourges,lightgbm,autumn_2024,430,17,21.581861366703976,20.0,1.5818613667039756
augsburg_bourges,lightgbm,autumn_2024,431,17,18.200881364689714,14.0,4.200881364689714
augsburg_bourges,lightgbm,autumn_2024,432,18,12.814412557046499,8.0,4.814412557046499
augsburg_bourges,lightgbm,autumn_2024,433,18,12.74908449892983,11.0,1.7490844989298306
augsburg_bourges,lightgbm,autumn_2024,434,18,11.722813887779092,9.0,2.7228138877790915
augsburg_bourges,lightgbm,autumn_2024,435,18,10.732206991222961,8.0,2.732206991222961
augsburg_bourges,lightgbm,autumn_2024,436,18,9.975721734060418,7.0,2.975721734060418
augsburg_bourges,lightgbm,autumn_2024,437,18,9.210016146285506,6.0,3.210016146285506
augsburg_bourges,lightgbm,autumn_2024,438,18,9.329086256777657,6.0,3.329086256777657
augsburg_bourges,lightgbm,autumn_2024,439,18,9.018385800635727,6.0,3.018385800635727
augsburg_bourges,lightgbm,autumn_2024,440,18,8.364566709507972,5.0,3.3645667095079723
augsburg_bourges,lightgbm,autumn_2024,441,18,7.313574152274913,4.0,3.3135741522749127
augsburg_bourges,lightgbm,autumn_2024,442,18,5.897948875454346,3.0,2.897948875454346
augsburg_bourges,lightgbm,autumn_2024,443,18,5.094195383990214,2.0,3.094195383990214
augsburg_bourges,lightgbm,autumn_2024,444,18,5.234437484036684,3.0,2.2344374840366843
augsburg_bourges,lightgbm,autumn_2024,445,18,6.721933377780675,5.0,1.7219333777806751
augsburg_bourges,lightgbm,autumn_2024,446,18,7.0859804489138165,5.0,2.0859804489138165
augsburg_bourges,lightgbm,autumn_2024,447,18,7.939223402381907,5.0,2.9392234023819066
augsburg_bourges,lightgbm,autumn_2024,448,18,9.72904112956421,7.0,2.7290411295642105
augsburg_bourges,lightgbm,autumn_2024,449,18,12.091499143752458,9.0,3.0914991437524577
augsburg_bourges,lightgbm,autumn_2024,450,18,15.403469387022161,14.0,1.4034693870221613
augsburg_bourges,lightgbm,autumn_2024,451,18,19.426633391069842,17.0,2.426633391069842
augsburg_bourges,lightgbm,autumn_2024,452,18,19.879253773046862,17.0,2.8792537730468624
augsburg_bourges,lightgbm,autumn_2024,453,18,19.500388959988808,16.0,3.5003889599888076
augsburg_bourges,lightgbm,autumn_2024,454,18,19.02390353685203,17.0,2.0239035368520284
augsburg_bourges,lightgbm,autumn_2024,455,18,19.80359903133215,19.0,0.8035990313321513
augsburg_bourges,lightgbm,autumn_2024,456,19,18.77896731652375,16.0,2.778967316523751
augsburg_bourges,lightgbm,autumn_2024,457,19,20.60405898414985,21.0,0.3959410158501484
augsburg_bourges,lightgbm,autumn_2024,458,19,18.970857260785756,15.0,3.970857260785756
augsburg_bourges,lightgbm,autumn_2024,459,19,18.143624825412378,15.0,3.1436248254123775
augsburg_bourges,lightgbm,autumn_2024,460,19,17.054081496418423,14.0,3.054081496418423
augsburg_bourges,lightgbm,autumn_2024,461,19,18.190268084237996,17.0,1.1902680842379958
augsburg_bourges,lightgbm,autumn_2024,462,19,21.38518084306906,21.0,0.38518084306906175
augsburg_bourges,lightgbm,autumn_2024,463,19,23.02129881955853,21.0,2.021298819558531
augsburg_bourges,lightgbm,autumn_2024,464,19,24.438335068105005,21.0,3.4383350681050047
augsburg_bourges,lightgbm,autumn_2024,465,19,22.037061338404765,17.0,5.037061338404765
augsburg_bourges,lightgbm,autumn_2024,466,19,21.038568276840323,18.0,3.038568276840323
augsburg_bourges,lightgbm,autumn_2024,467,19,19.276665111539472,16.0,3.2766651115394723
augsburg_bourges,lightgbm,autumn_2024,468,19,14.835671423946549,11.0,3.8356714239465486
augsburg_bourges,lightgbm,autumn_2024,469,19,12.761942144518217,10.0,2.7619421445182173
augsburg_bourges,lightgbm,autumn_2024,470,19,11.392514127468205,8.0,3.392514127468205
augsburg_bourges,lightgbm,autumn_2024,471,19,11.048144610670608,8.0,3.048144610670608
augsburg_bourges,lightgbm,autumn_2024,472,19,11.067622195318673,8.0,3.0676221953186733
augsburg_bourges,lightgbm,autumn_2024,473,19,11.932425922420824,9.0,2.9324259224208244
augsburg_bourges,lightgbm,autumn_2024,474,19,13.784584302383498,12.0,1.7845843023834984
augsburg_bourges,lightgbm,autumn_2024,475,19,15.39232684411121,13.0,2.39232684411121
augsburg_bourges,lightgbm,autumn_2024,476,19,16.41740589230854,13.0,3.4174058923085404
augsburg_bourges,lightgbm,autumn_2024,477,19,16.4999669945948,14.0,2.4999669945948
augsburg_bourges,lightgbm,autumn_2024,478,19,16.978555925075963,15.0,1.9785559250759626
augsburg_bourges,lightgbm,autumn_2024,479,19,17.177390346055983,14.0,3.177390346055983
augsburg_bourges,lightgbm,autumn_2024,480,20,14.703715071771459,12.0,2.703715071771459
augsburg_bourges,lightgbm,autumn_2024,481,20,13.042138663106218,11.0,2.0421386631062184
augsburg_bourges,lightgbm,autumn_2024,482,20,11.035700551170793,9.0,2.035700551170793
augsburg_bourges,lightgbm,autumn_2024,483,20,9.9349473035111,9.0,0.9349473035111
augsburg_bourges,lightgbm,autumn_2024,484,20,9.52034815534547,9.0,0.5203481553454701
augsburg_bourges,lightgbm,autumn_2024,485,20,9.347145304992745,7.0,2.347145304992745
augsburg_bourges,lightgbm,autumn_2024,486,20,9.67659496419995,8.0,1.6765949641999498
augsburg_bourges,lightgbm,autumn_2024,487,20,10.168813894016875,8.0,2.168813894016875
augsburg_bourges,lightgbm,autumn_2024,488,20,9.37595254335064,6.0,3.3759525433506408
augsburg_bourges,lightgbm,autumn_2024,489,20,7.905436820793867,4.0,3.9054368207938666
augsburg_bourges,lightgbm,autumn_2024,490,20,6.507022998304339,4.0,2.507022998304339
augsburg_bourges,lightgbm,autumn_2024,491,20,5.859632782961476,4.0,1.8596327829614756
augsburg_bourges,lightgbm,autumn_2024,492,20,6.170123234064008,4.0,2.1701232340640084
augsburg_bourges,lightgbm,autumn_2024,493,20,6.588831430598143,5.0,1.5888314305981428
augsburg_bourges,lightgbm,autumn_2024,494,20,6.644533265253545,5.0,1.6445332652535454
augsburg_bourges,lightgbm,autumn_2024,495,20,7.217705020934428,5.0,2.217705020934428
augsburg_bourges,lightgbm,autumn_2024,496,20,9.48293999475892,8.0,1.4829399947589206
augsburg_bourges,lightgbm,autumn_2024,497,20,13.2277814552215,13.0,0.22778145522149984
augsburg_bourges,lightgbm,autumn_2024,498,20,17.50599804978314,16.0,1.5059980497831411
augsburg_bourges,lightgbm,autumn_2024,499,20,21.297414338804092,19.0,2.297414338804092
augsburg_bourges,lightgbm,autumn_2024,500,20,21.1028723552281,19.0,2.102872355228101
augsburg_bourges,lightgbm,autumn_2024,501,20,21.157865036069435,21.0,0.1578650360694347
augsburg_bourges,lightgbm,autumn_2024,502,20,19.539076762988,18.0,1.5390767629879996
augsburg_bourges,lightgbm,autumn_2024,503,20,17.74138203238628,16.0,1.74138203238628
augsburg_bourges,lightgbm,autumn_2024,504,21,15.2179547057217,12.0,3.2179547057217004
augsburg_bourges,lightgbm,autumn_2024,505,21,13.393491191255524,8.0,5.393491191255524
augsburg_bourges,lightgbm,autumn_2024,506,21,10.378475306156844,8.0,2.3784753061568438
augsburg_bourges,lightgbm,autumn_2024,507,21,8.89520687872156,7.0,1.8952068787215595
augsburg_bourges,lightgbm,autumn_2024,508,21,7.7113406695332865,7.0,0.7113406695332865
augsburg_bourges,lightgbm,autumn_2024,509,21,7.589221558754729,8.0,0.4107784412452711
augsburg_bourges,lightgbm,autumn_2024,510,21,7.0524626349065285,6.0,1.0524626349065285
augsburg_bourges,lightgbm,autumn_2024,511,21,8.184486732179293,7.0,1.184486732179293
augsburg_bourges,lightgbm,autumn_2024,512,21,9.03397952325989,6.0,3.033979523259889
augsburg_bourges,lightgbm,autumn_2024,513,21,8.549818294217935,5.0,3.5498182942179355
augsburg_bourges,lightgbm,autumn_2024,514,21,7.923705211373009,4.0,3.923705211373009
augsburg_bourges,lightgbm,autumn_2024,515,21,7.291310139526,4.0,3.291310139526
augsburg_bourges,lightgbm,autumn_2024,516,21,6.5529661056860355,4.0,2.5529661056860355
augsburg_bourges,lightgbm,autumn_2024,517,21,6.102739036058806,5.0,1.1027390360588063
augsburg_bourges,lightgbm,autumn_2024,518,21,6.260280691275282,5.0,1.2602806912752822
augsburg_bourges,lightgbm,autumn_2024,519,21,6.5100965703881535,5.0,1.5100965703881535
augsburg_bourges,lightgbm,autumn_2024,520,21,5.971937995442593,3.0,2.971937995442593
augsburg_bourges,lightgbm,autumn_2024,521,21,6.76687713241373,5.0,1.7668771324137298
augsburg_bourges,lightgbm,autumn_2024,522,21,7.910987244641277,6.0,1.9109872446412766
augsburg_bourges,lightgbm,autumn_2024,523,21,7.908227641937431,7.0,0.9082276419374313
augsburg_bourges,lightgbm,autumn_2024,524,21,8.079334709988338,9.0,0.9206652900116623
augsburg_bourges,lightgbm,autumn_2024,525,21,9.288871200426753,10.0,0.7111287995732472
augsburg_bourges,lightgbm,autumn_2024,526,21,9.701286111530816,8.0,1.7012861115308162
augsburg_bourges,lightgbm,autumn_2024,527,21,9.237828785016015,8.0,1.2378287850160152
augsburg_bourges,lightgbm,autumn_2024,528,22,10.33831777255604,10.0,0.33831777255604045
augsburg_bourges,lightgbm,autumn_2024,529,22,10.17178527062369,7.0,3.1717852706236904
augsburg_bourges,lightgbm,autumn_2024,530,22,8.049581451755651,5.0,3.0495814517556514
augsburg_bourges,lightgbm,autumn_2024,531,22,7.110749913143615,4.0,3.110749913143615
augsburg_bourges,lightgbm,autumn_2024,532,22,7.018803840631677,5.0,2.0188038406316773
augsburg_bourges,lightgbm,autumn_2024,533,22,7.033648565859993,6.0,1.033648565859993
augsburg_bourges,lightgbm,autumn_2024,534,22,7.21603157227447,7.0,0.21603157227446967
augsburg_bourges,lightgbm,autumn_2024,535,22,7.734671594505398,9.0,1.2653284054946017
augsburg_bourges,lightgbm,autumn_2024,536,22,8.172670390753831,12.0,3.827329609246169
augsburg_bourges,lightgbm,autumn_2024,537,22,10.178072994363882,12.0,1.8219270056361179
augsburg_bourges,lightgbm,autumn_2024,538,22,10.85234566216648,12.0,1.1476543378335204
augsburg_bourges,lightgbm,autumn_2024,539,22,11.542037270699584,13.0,1.4579627293004158
augsburg_bourges,lightgbm,autumn_2024,540,22,13.250822925510665,15.0,1.7491770744893351
augsburg_bourges,lightgbm,autumn_2024,541,22,16.1220391070592,18.0,1.8779608929407985
augsburg_bourges,lightgbm,autumn_2024,542,22,16.491600030761838,15.0,1.4916000307618376
augsburg_bourges,lightgbm,autumn_2024,543,22,15.55658108129086,14.0,1.5565810812908598
augsburg_bourges,lightgbm,autumn_2024,544,22,13.4251569735323,11.0,2.4251569735322995
augsburg_bourges,lightgbm,autumn_2024,545,22,13.620812894032005,11.0,2.620812894032005
augsburg_bourges,lightgbm,autumn_2024,546,22,15.851793089988298,13.0,2.8517930899882984
augsburg_bourges,lightgbm,autumn_2024,547,22,14.422295064456987,10.0,4.422295064456987
augsburg_bourges,lightgbm,autumn_2024,548,22,11.890683248954799,8.0,3.890683248954799
augsburg_bourges,lightgbm,autumn_2024,549,22,9.963541862537898,7.0,2.963541862537898
augsburg_bourges,lightgbm,autumn_2024,550,22,8.61689450693197,6.0,2.6168945069319705
augsburg_bourges,lightgbm,autumn_2024,551,22,8.74457379102076,7.0,1.7445737910207608
augsburg_bourges,lightgbm,autumn_2024,552,23,9.210424939478933,7.0,2.2104249394789335
augsburg_bourges,lightgbm,autumn_2024,553,23,8.11953906412967,5.0,3.11953906412967
augsburg_bourges,lightgbm,autumn_2024,554,23,7.0748525338879285,5.0,2.0748525338879285
augsburg_bourges,lightgbm,autumn_2024,555,23,7.178499427735674,6.0,1.178499427735674
augsburg_bourges,lightgbm,autumn_2024,556,23,7.349221922813178,7.0,0.3492219228131779
augsburg_bourges,lightgbm,autumn_2024,557,23,7.527100106962032,7.0,0.527100106962032
augsburg_bourges,lightgbm,autumn_2024,558,23,7.430077666177278,7.0,0.4300776661772776
augsburg_bourges,lightgbm,autumn_2024,559,23,7.567826940405736,8.0,0.43217305959426433
augsburg_bourges,lightgbm,autumn_2024,560,23,7.087092955962273,7.0,0.08709295596227307
augsburg_bourges,lightgbm,autumn_2024,561,23,5.83975359261204,4.0,1.8397535926120403
augsburg_bourges,lightgbm,autumn_2024,562,23,5.285007799033313,3.0,2.2850077990333126
augsburg_bourges,lightgbm,autumn_2024,563,23,4.966416564493149,2.0,2.966416564493149
augsburg_bourges,lightgbm,autumn_2024,564,23,4.258878578636855,2.0,2.258878578636855
augsburg_bourges,lightgbm,autumn_2024,565,23,4.192926118536689,2.0,2.192926118536689
augsburg_bourges,lightgbm,autumn_2024,566,23,3.7992106670687726,2.0,1.7992106670687726
augsburg_bourges,lightgbm,autumn_2024,567,23,3.7532449908338705,2.0,1.7532449908338705
augsburg_bourges,lightgbm,autumn_2024,568,23,4.120687121712257,3.0,1.1206871217122574
augsburg_bourges,lightgbm,autumn_2024,569,23,4.6525856682669025,3.0,1.6525856682669025
augsburg_bourges,lightgbm,autumn_2024,570,23,5.205375832792742,4.0,1.2053758327927424
augsburg_bourges,lightgbm,autumn_2024,571,23,5.832508360727756,4.0,1.832508360727756
augsburg_bourges,lightgbm,autumn_2024,572,23,5.885369124105508,4.0,1.885369124105508
augsburg_bourges,lightgbm,autumn_2024,573,23,5.668655317861771,4.0,1.668655317861771
augsburg_bourges,lightgbm,autumn_2024,574,23,5.774522666126086,5.0,0.774522666126086
augsburg_bourges,lightgbm,autumn_2024,575,23,5.995152195781402,6.0,0.004847804218598206
augsburg_bourges,lightgbm,autumn_2024,576,24,6.765923059718534,8.0,1.234076940281466
augsburg_bourges,lightgbm,autumn_2024,577,24,7.953862302624376,10.0,2.046137697375624
augsburg_bourges,lightgbm,autumn_2024,578,24,8.702692562958699,10.0,1.297307437041301
augsburg_bourges,lightgbm,autumn_2024,579,24,9.800883517209554,11.0,1.199116482790446
augsburg_bourges,lightgbm,autumn_2024,580,24,10.328631090381494,10.0,0.32863109038149396
augsburg_bourges,lightgbm,autumn_2024,581,24,10.254273245949443,8.0,2.2542732459494434
augsburg_bourges,lightgbm,autumn_2024,582,24,9.930274695804348,7.0,2.930274695804348
augsburg_bourges,lightgbm,autumn_2024,583,24,8.116239825027321,5.0,3.1162398250273213
augsburg_bourges,lightgbm,autumn_2024,584,24,7.070430407777055,5.0,2.070430407777055
augsburg_bourges,lightgbm,autumn_2024,585,24,6.224808344986527,4.0,2.224808344986527
augsburg_bourges,lightgbm,autumn_2024,586,24,5.691477778622373,4.0,1.6914777786223727
augsburg_bourges,lightgbm,autumn_2024,587,24,5.815619874316232,4.0,1.8156198743162317
augsburg_bourges,lightgbm,autumn_2024,588,24,6.028711093385613,5.0,1.0287110933856134
augsburg_bourges,lightgbm,autumn_2024,589,24,6.48393019552642,6.0,0.4839301955264199
augsburg_bourges,lightgbm,autumn_2024,590,24,6.6460097615333975,6.0,0.6460097615333975
augsburg_bourges,lightgbm,autumn_2024,591,24,6.636031147580827,6.0,0.6360311475808267
augsburg_bourges,lightgbm,autumn_2024,592,24,6.308486245098497,5.0,1.3084862450984973
augsburg_bourges,lightgbm,autumn_2024,593,24,7.419980394498246,7.0,0.4199803944982463
augsburg_bourges,lightgbm,autumn_2024,594,24,9.677630027201712,11.0,1.3223699727982883
augsburg_bourges,lightgbm,autumn_2024,595,24,12.257911376751418,13.0,0.7420886232485824
augsburg_bourges,lightgbm,autumn_2024,596,24,11.437289144064877,9.0,2.437289144064877
augsburg_bourges,lightgbm,autumn_2024,597,24,11.501275674729442,10.0,1.5012756747294418
augsburg_bourges,lightgbm,autumn_2024,598,24,11.764872743233349,10.0,1.764872743233349
augsburg_bourges,lightgbm,autumn_2024,599,24,12.287387174794585,11.0,1.2873871747945849
augsburg_bourges,lightgbm,autumn_2024,600,25,14.186706000507023,14.0,0.1867060005070229
augsburg_bourges,lightgbm,autumn_2024,601,25,17.30340143082137,16.0,1.3034014308213706
augsburg_bourges,lightgbm,autumn_2024,602,25,16.35563468126871,13.0,3.355634681268711
augsburg_bourges,lightgbm,autumn_2024,603,25,15.200049383904698,13.0,2.200049383904698
augsburg_bourges,lightgbm,autumn_2024,604,25,13.711814665033978,9.0,4.7118146650339785
augsburg_bourges,lightgbm,autumn_2024,605,25,10.647815679822843,7.0,3.647815679822843
augsburg_bourges,lightgbm,autumn_2024,606,25,9.052165281836036,6.0,3.052165281836036
augsburg_bourges,lightgbm,autumn_2024,607,25,8.659063661968604,7.0,1.659063661968604
augsburg_bourges,lightgbm,autumn_2024,608,25,8.130441728635734,6.0,2.1304417286357342
augsburg_bourges,lightgbm,autumn_2024,609,25,7.402633619608435,5.0,2.4026336196084346
augsburg_bourges,lightgbm,autumn_2024,610,25,6.443906768841008,4.0,2.443906768841008
augsburg_bourges,lightgbm,autumn_2024,611,25,6.741551805226601,6.0,0.7415518052266012
augsburg_bourges,lightgbm,autumn_2024,612,25,7.208785930546108,8.0,0.7912140694538916
augsburg_bourges,lightgbm,autumn_2024,613,25,8.009841567047783,8.0,0.009841567047782718
augsburg_bourges,lightgbm,autumn_2024,614,25,8.462542776422334,7.0,1.4625427764223335
augsburg_bourges,lightgbm,autumn_2024,615,25,9.085114595007251,7.0,2.0851145950072514
augsburg_bourges,lightgbm,autumn_2024,616,25,11.104653027177692,9.0,2.104653027177692
augsburg_bourges,lightgbm,autumn_2024,617,25,12.976170049434632,12.0,0.9761700494346321
augsburg_bourges,lightgbm,autumn_2024,618,25,14.3386160782957,13.0,1.3386160782957006
augsburg_bourges,lightgbm,autumn_2024,619,25,15.406514933817622,13.0,2.406514933817622
augsburg_bourges,lightgbm,autumn_2024,620,25,15.399524851182662,14.0,1.3995248511826617
augsburg_bourges,lightgbm,autumn_2024,621,25,15.95225314814753,15.0,0.9522531481475305
augsburg_bourges,lightgbm,autumn_2024,622,25,16.61345888965223,16.0,0.6134588896522288
augsburg_bourges,lightgbm,autumn_2024,623,25,17.293629123033952,15.0,2.293629123033952
augsburg_bourges,lightgbm,autumn_2024,624,26,15.830201664336691,13.0,2.830201664336691
augsburg_bourges,lightgbm,autumn_2024,625,26,15.607645518068866,12.0,3.607645518068866
augsburg_bourges,lightgbm,autumn_2024,626,26,15.10077283824084,12.0,3.1007728382408395
augsburg_bourges,lightgbm,autumn_2024,627,26,14.689951599700684,12.0,2.6899515997006844
augsburg_bourges,lightgbm,autumn_2024,628,26,14.31874093109957,10.0,4.318740931099571
augsburg_bourges,lightgbm,autumn_2024,629,26,12.412010936741062,8.0,4.412010936741062
augsburg_bourges,lightgbm,autumn_2024,630,26,9.813647925480415,6.0,3.8136479254804154
augsburg_bourges,lightgbm,autumn_2024,631,26,7.584170282722258,5.0,2.5841702827222583
augsburg_bourges,lightgbm,autumn_2024,632,26,5.871102339927223,3.0,2.871102339927223
augsburg_bourges,lightgbm,autumn_2024,633,26,5.061824237928704,3.0,2.061824237928704
augsburg_bourges,lightgbm,autumn_2024,634,26,4.496253461675602,3.0,1.496253461675602
augsburg_bourges,lightgbm,autumn_2024,635,26,5.212367999648158,5.0,0.21236799964815756
augsburg_bourges,lightgbm,autumn_2024,636,26,6.09794874360803,6.0,0.09794874360802996
augsburg_bourges,lightgbm,autumn_2024,637,26,5.924879829855047,5.0,0.9248798298550467
augsburg_bourges,lightgbm,autumn_2024,638,26,5.629718463115673,4.0,1.6297184631156734
augsburg_bourges,lightgbm,autumn_2024,639,26,5.70154021844599,4.0,1.7015402184459898
augsburg_bourges,lightgbm,autumn_2024,640,26,6.259331328580168,4.0,2.259331328580168
augsburg_bourges,lightgbm,autumn_2024,641,26,7.491261571637654,5.0,2.4912615716376543
augsburg_bourges,lightgbm,autumn_2024,642,26,9.193965527034432,8.0,1.1939655270344325
augsburg_bourges,lightgbm,autumn_2024,643,26,11.462314885753802,9.0,2.462314885753802
augsburg_bourges,lightgbm,autumn_2024,644,26,12.326355376268104,10.0,2.326355376268104
augsburg_bourges,lightgbm,autumn_2024,645,26,12.371373839312017,10.0,2.3713738393120174
augsburg_bourges,lightgbm,autumn_2024,646,26,11.826986217383068,11.0,0.8269862173830678
augsburg_bourges,lightgbm,autumn_2024,647,26,11.285154024526065,11.0,0.2851540245260651
augsburg_bourges,lightgbm,autumn_2024,648,27,11.350980844708893,10.0,1.350980844708893
augsburg_bourges,lightgbm,autumn_2024,649,27,12.064957067174065,11.0,1.0649570671740651
augsburg_bourges,lightgbm,autumn_2024,650,27,12.163455965475329,12.0,0.16345596547532892
augsburg_bourges,lightgbm,autumn_2024,651,27,12.176636498925738,13.0,0.8233635010742617
augsburg_bourges,lightgbm,autumn_2024,652,27,11.214013753753802,7.0,4.214013753753802
augsburg_bourges,lightgbm,autumn_2024,653,27,8.946206449343535,5.0,3.946206449343535
augsburg_bourges,lightgbm,autumn_2024,654,27,7.073081207727513,4.0,3.0730812077275127
augsburg_bourges,lightgbm,autumn_2024,655,27,6.268886403992335,3.0,3.268886403992335
augsburg_bourges,lightgbm,autumn_2024,656,27,5.714376275295041,4.0,1.7143762752950407
augsburg_bourges,lightgbm,autumn_2024,657,27,5.918963799835883,5.0,0.9189637998358826
augsburg_bourges,lightgbm,autumn_2024,658,27,6.088606891488238,7.0,0.9113931085117617
augsburg_bourges,lightgbm,autumn_2024,659,27,6.632992955726792,8.0,1.3670070442732083
augsburg_bourges,lightgbm,autumn_2024,660,27,7.071961172346992,10.0,2.9280388276530083
augsburg_bourges,lightgbm,autumn_2024,661,27,8.236044185802536,11.0,2.7639558141974643
augsburg_bourges,lightgbm,autumn_2024,662,27,10.366322307292558,12.0,1.6336776927074421
augsburg_bourges,lightgbm,autumn_2024,663,27,11.376272607547584,11.0,0.37627260754758396
augsburg_bourges,lightgbm,autumn_2024,664,27,11.676303838067115,9.0,2.676303838067115
augsburg_bourges,lightgbm,autumn_2024,665,27,12.50619414145518,11.0,1.5061941414551807
augsburg_bourges,lightgbm,autumn_2024,666,27,13.004753615038172,12.0,1.0047536150381724
augsburg_bourges,lightgbm,autumn_2024,667,27,11.802902544176463,8.0,3.8029025441764635
augsburg_bourges,lightgbm,autumn_2024,668,27,10.25944527938782,7.0,3.259445279387821
augsburg_bourges,lightgbm,autumn_2024,669,27,9.671023973114787,7.0,2.671023973114787
augsburg_bourges,lightgbm,autumn_2024,670,27,7.164153904863088,4.0,3.1641539048630882
augsburg_bourges,lightgbm,autumn_2024,671,27,5.524202598842273,4.0,1.5242025988422734
augsburg_bourges,lightgbm,autumn_2024,672,28,4.988653025953604,3.0,1.988653025953604
augsburg_bourges,lightgbm,autumn_2024,673,28,4.246592756145985,3.0,1.2465927561459846
augsburg_bourges,lightgbm,autumn_2024,674,28,4.326785999393982,4.0,0.3267859993939819
augsburg_bourges,lightgbm,autumn_2024,675,28,4.462019856387923,3.0,1.462019856387923
augsburg_bourges,lightgbm,autumn_2024,676,28,4.136279498298465,3.0,1.1362794982984648
augsburg_bourges,lightgbm,autumn_2024,677,28,4.173200541107369,4.0,0.17320054110736915
augsburg_bourges,lightgbm,autumn_2024,678,28,3.9619962822050834,4.0,0.038003717794916625
augsburg_bourges,lightgbm,autumn_2024,679,28,4.168932993969741,5.0,0.831067006030259
augsburg_bourges,lightgbm,autumn_2024,680,28,4.35636617171483,6.0,1.6436338282851697
augsburg_bourges,lightgbm,autumn_2024,681,28,4.735985428833936,6.0,1.2640145711660642
augsburg_bourges,lightgbm,autumn_2024,682,28,5.302109566036001,8.0,2.697890433963999
augsburg_bourges,lightgbm,autumn_2024,683,28,7.135882766232466,11.0,3.8641172337675336
augsburg_bourges,lightgbm,autumn_2024,684,28,8.55707943853628,13.0,4.442920561463721
augsburg_bourges,lightgbm,autumn_2024,685,28,10.623735174195359,14.0,3.3762648258046415
augsburg_bourges,lightgbm,autumn_2024,686,28,12.468718350171004,14.0,1.5312816498289958
augsburg_bourges,lightgbm,autumn_2024,687,28,14.440998587930977,16.0,1.5590014120690228
augsburg_bourges,lightgbm,autumn_2024,688,28,18.393455630625702,20.0,1.6065443693742978
augsburg_bourges,lightgbm,autumn_2024,689,28,19.55878394028785,20.0,0.4412160597121506
augsburg_bourges,lightgbm,autumn_2024,690,28,19.43785794403006,15.0,4.4378579440300605
augsburg_bourges,lightgbm,autumn_2024,691,28,15.039256183104998,7.0,8.039256183104998
augsburg_bourges,lightgbm,autumn_2024,692,28,12.315727140735959,6.0,6.315727140735959
augsburg_bourges,lightgbm,autumn_2024,693,28,10.48209551366845,5.0,5.482095513668449
augsburg_bourges,lightgbm,autumn_2024,694,28,8.550494951904827,4.0,4.5504949519048274
augsburg_bourges,lightgbm,autumn_2024,695,28,6.614914229931301,3.0,3.6149142299313013
augsburg_bourges,lightgbm,autumn_2024,696,29,5.333775024135009,2.0,3.333775024135009
augsburg_bourges,lightgbm,autumn_2024,697,29,5.728375974903602,2.0,3.728375974903602
augsburg_bourges,lightgbm,autumn_2024,698,29,5.822147817262308,2.0,3.822147817262308
augsburg_bourges,lightgbm,autumn_2024,699,29,5.943454368808808,3.0,2.9434543688088084
augsburg_bourges,lightgbm,autumn_2024,700,29,6.239942711403809,3.0,3.239942711403809
augsburg_bourges,lightgbm,autumn_2024,701,29,6.14180392346223,3.0,3.1418039234622297
augsburg_bourges,lightgbm,autumn_2024,702,29,6.11320899608224,3.0,3.11320899608224
augsburg_bourges,lightgbm,autumn_2024,703,29,5.803133361501208,3.0,2.8031333615012084
augsburg_bourges,lightgbm,autumn_2024,704,29,5.7377366278125,5.0,0.7377366278124997
augsburg_bourges,lightgbm,autumn_2024,705,29,6.592305815697231,7.0,0.4076941843027688
augsburg_bourges,lightgbm,autumn_2024,706,29,7.602939402318814,12.0,4.397060597681186
augsburg_bourges,lightgbm,autumn_2024,707,29,9.970379879530157,17.0,7.029620120469843
augsburg_bourges,lightgbm,autumn_2024,708,29,11.496714337031051,15.0,3.503285662968949
augsburg_bourges,lightgbm,autumn_2024,709,29,13.300245955439191,16.0,2.699754044560809
augsburg_bourges,lightgbm,autumn_2024,710,29,14.26667638325484,17.0,2.7333236167451602
augsburg_bourges,lightgbm,autumn_2024,711,29,14.705843890271883,13.0,1.7058438902718827
augsburg_bourges,lightgbm,autumn_2024,712,29,14.289687596136107,12.0,2.2896875961361065
augsburg_bourges,lightgbm,autumn_2024,713,29,18.75349514736567,21.0,2.246504852634331
augsburg_bourges,lightgbm,autumn_2024,714,29,22.53516103081213,22.0,0.5351610308121302
augsburg_bourges,lightgbm,autumn_2024,715,29,18.51105164032694,12.0,6.51105164032694
augsburg_bourges,lightgbm,autumn_2024,716,29,11.177184040797977,8.0,3.177184040797977
augsburg_bourges,lightgbm,autumn_2024,717,29,9.903540837611795,9.0,0.9035408376117946
augsburg_bourges,lightgbm,autumn_2024,718,29,8.54809460837584,6.0,2.5480946083758393
augsburg_bourges,lightgbm,autumn_2024,719,29,8.56761314365972,5.0,3.5676131436597203
augsburg_bourges,lightgbm,autumn_2024,720,30,9.746291631481741,8.0,1.746291631481741
augsburg_bourges,lightgbm,autumn_2024,721,30,12.038141884248216,8.0,4.0381418842482155
augsburg_bourges,lightgbm,autumn_2024,722,30,12.588664879476315,8.0,4.588664879476315
augsburg_bourges,lightgbm,autumn_2024,723,30,12.181439097885725,7.0,5.181439097885725
augsburg_bourges,lightgbm,autumn_2024,724,30,10.268251958197727,7.0,3.2682519581977267
augsburg_bourges,lightgbm,autumn_2024,725,30,9.69612325764127,8.0,1.6961232576412701
augsburg_bourges,lightgbm,autumn_2024,726,30,9.527642020866264,9.0,0.5276420208662636
augsburg_bourges,lightgbm,autumn_2024,727,30,8.996246304271677,8.0,0.9962463042716774
augsburg_bourges,lightgbm,autumn_2024,728,30,8.700091154657146,8.0,0.7000911546571462
augsburg_bourges,lightgbm,autumn_2024,729,30,8.251428645099034,8.0,0.2514286450990344
augsburg_bourges,lightgbm,autumn_2024,730,30,8.224856526828072,7.0,1.2248565268280718
augsburg_bourges,lightgbm,autumn_2024,731,30,8.212412424801995,8.0,0.21241242480199496
augsburg_bourges,lightgbm,autumn_2024,732,30,8.07523591519576,7.0,1.0752359151957602
augsburg_bourges,lightgbm,autumn_2024,733,30,7.44736246418605,9.0,1.5526375358139504
augsburg_bourges,lightgbm,autumn_2024,734,30,7.200990195821702,10.0,2.799009804178298
augsburg_bourges,lightgbm,autumn_2024,735,30,7.954792471644779,12.0,4.045207528355221
augsburg_bourges,lightgbm,autumn_2024,736,30,10.154123497081512,16.0,5.845876502918488
augsburg_bourges,lightgbm,autumn_2024,737,30,11.554069420679044,16.0,4.445930579320956
augsburg_bourges,lightgbm,autumn_2024,738,30,13.364671121528927,17.0,3.635328878471073
augsburg_bourges,lightgbm,autumn_2024,739,30,16.162246757300903,22.0,5.8377532426990975
augsburg_bourges,lightgbm,autumn_2024,740,30,14.493019970634426,18.0,3.5069800293655735
augsburg_bourges,lightgbm,autumn_2024,741,30,12.607195861464097,13.0,0.3928041385359027
augsburg_bourges,lightgbm,autumn_2024,742,30,10.90534446942549,11.0,0.09465553057451004
augsburg_bourges,lightgbm,autumn_2024,743,30,10.585021550379285,12.0,1.4149784496207154
augsburg_bourges,lightgbm,autumn_2024,744,31,11.31504336471478,13.0,1.6849566352852197
augsburg_bourges,lightgbm,autumn_2024,745,31,12.750474253296215,15.0,2.2495257467037852
augsburg_bourges,lightgbm,autumn_2024,746,31,12.264553873959912,11.0,1.2645538739599118
augsburg_bourges,lightgbm,autumn_2024,747,31,10.752503165813673,9.0,1.752503165813673
augsburg_bourges,lightgbm,autumn_2024,748,31,9.164493184191844,7.0,2.164493184191844
augsburg_bourges,lightgbm,autumn_2024,749,31,9.084486005798915,7.0,2.084486005798915
augsburg_bourges,lightgbm,autumn_2024,750,31,10.109541125532289,9.0,1.1095411255322887
augsburg_bourges,lightgbm,autumn_2024,751,31,10.933567028053638,11.0,0.06643297194636233
augsburg_bourges,lightgbm,autumn_2024,752,31,10.777245446397616,9.0,1.7772454463976164
augsburg_bourges,lightgbm,autumn_2024,753,31,10.540414619243888,9.0,1.5404146192438883
augsburg_bourges,lightgbm,autumn_2024,754,31,10.920420304228154,10.0,0.9204203042281538
augsburg_bourges,lightgbm,autumn_2024,755,31,10.618468016682693,10.0,0.6184680166826926
augsburg_bourges,lightgbm,autumn_2024,756,31,10.07759695109234,9.0,1.0775969510923407
augsburg_bourges,lightgbm,autumn_2024,757,31,9.187549238197473,8.0,1.187549238197473
augsburg_bourges,lightgbm,autumn_2024,758,31,8.97048290357309,7.0,1.9704829035730906
augsburg_bourges,lightgbm,autumn_2024,759,31,8.75600101537283,7.0,1.7560010153728296
augsburg_bourges,lightgbm,autumn_2024,760,31,9.186549453226293,8.0,1.1865494532262932
augsburg_bourges,lightgbm,autumn_2024,761,31,11.856546418408632,11.0,0.856546418408632
augsburg_bourges,lightgbm,autumn_2024,762,31,14.265576416530942,14.0,0.26557641653094244
augsburg_bourges,lightgbm,autumn_2024,763,31,15.794508299044162,14.0,1.7945082990441623
augsburg_bourges,lightgbm,autumn_2024,764,31,26.034047581692516,40.0,13.965952418307484
augsburg_bourges,lightgbm,autumn_2024,765,31,26.859469556098297,25.0,1.859469556098297
augsburg_bourges,lightgbm,autumn_2024,766,31,22.99244154867741,20.0,2.9924415486774087
augsburg_bourges,lightgbm,autumn_2024,767,31,17.06756197647916,14.0,3.0675619764791584
augsburg_bourges,lightgbm,autumn_2024,768,32,12.645773355038857,8.0,4.645773355038857
augsburg_bourges,lightgbm,autumn_2024,769,32,11.158138856331979,4.0,7.158138856331979
augsburg_bourges,lightgbm,autumn_2024,770,32,10.855486041976635,6.0,4.855486041976635
augsburg_bourges,lightgbm,autumn_2024,771,32,11.229435667613737,7.0,4.229435667613737
augsburg_bourges,lightgbm,autumn_2024,772,32,11.369327203072242,11.0,0.36932720307224187
augsburg_bourges,lightgbm,autumn_2024,773,32,12.649201110324167,15.0,2.3507988896758327
augsburg_bourges,lightgbm,autumn_2024,774,32,16.0720171499878,20.0,3.9279828500121994
augsburg_bourges,lightgbm,autumn_2024,775,32,20.808121735057345,22.0,1.1918782649426554
augsburg_bourges,lightgbm,autumn_2024,776,32,19.112380703069263,17.0,2.112380703069263
augsburg_bourges,lightgbm,autumn_2024,777,32,15.664377569595212,13.0,2.664377569595212
augsburg_bourges,lightgbm,autumn_2024,778,32,13.379859133846578,11.0,2.379859133846578
augsburg_bourges,lightgbm,autumn_2024,779,32,12.843546667421485,11.0,1.843546667421485
augsburg_bourges,lightgbm,autumn_2024,780,32,12.584891332048992,11.0,1.5848913320489917
augsburg_bourges,lightgbm,autumn_2024,781,32,12.620643161607992,11.0,1.6206431616079922
augsburg_bourges,lightgbm,autumn_2024,782,32,12.288410231101498,10.0,2.2884102311014978
augsburg_bourges,lightgbm,autumn_2024,783,32,12.036058406688838,9.0,3.036058406688838
augsburg_bourges,lightgbm,autumn_2024,784,32,12.262406789424096,9.0,3.2624067894240962
augsburg_bourges,lightgbm,autumn_2024,785,32,13.020070568748226,10.0,3.020070568748226
augsburg_bourges,lightgbm,autumn_2024,786,32,12.948018551731142,9.0,3.948018551731142
augsburg_bourges,lightgbm,autumn_2024,787,32,12.971146626344847,10.0,2.971146626344847
augsburg_bourges,lightgbm,autumn_2024,788,32,13.039740634638077,9.0,4.039740634638077
augsburg_bourges,lightgbm,autumn_2024,789,32,12.562075790014944,10.0,2.5620757900149442
augsburg_bourges,lightgbm,autumn_2024,790,32,11.794501224677228,10.0,1.7945012246772283
augsburg_bourges,lightgbm,autumn_2024,791,32,11.999950036823874,11.0,0.9999500368238738
augsburg_bourges,lightgbm,autumn_2024,792,33,12.261552213920949,11.0,1.2615522139209485
augsburg_bourges,lightgbm,autumn_2024,793,33,12.50541242751722,11.0,1.5054124275172196
augsburg_bourges,lightgbm,autumn_2024,794,33,12.334053692316202,12.0,0.33405369231620163
augsburg_bourges,lightgbm,autumn_2024,795,33,12.345665708610678,12.0,0.345665708610678
augsburg_bourges,lightgbm,autumn_2024,796,33,12.113540502005836,10.0,2.1135405020058364
augsburg_bourges,lightgbm,autumn_2024,797,33,11.742091420778099,10.0,1.7420914207780989
augsburg_bourges,lightgbm,autumn_2024,798,33,11.605324920995947,9.0,2.6053249209959475
augsburg_bourges,lightgbm,autumn_2024,799,33,11.415307826617218,9.0,2.4153078266172177
augsburg_bourges,lightgbm,autumn_2024,800,33,11.679807745003771,9.0,2.679807745003771
augsburg_bourges,lightgbm,autumn_2024,801,33,12.01690376895638,10.0,2.0169037689563805
augsburg_bourges,lightgbm,autumn_2024,802,33,12.367440615487308,10.0,2.3674406154873076
augsburg_bourges,lightgbm,autumn_2024,803,33,12.409133334063792,11.0,1.4091333340637924
augsburg_bourges,lightgbm,autumn_2024,804,33,11.931593057406301,10.0,1.9315930574063014
augsburg_bourges,lightgbm,autumn_2024,805,33,11.970267709636154,9.0,2.970267709636154
augsburg_bourges,lightgbm,autumn_2024,806,33,11.758059582866386,9.0,2.7580595828663856
augsburg_bourges,lightgbm,autumn_2024,807,33,11.866839113362959,9.0,2.8668391133629587
augsburg_bourges,lightgbm,autumn_2024,808,33,11.424132854546786,8.0,3.4241328545467855
augsburg_bourges,lightgbm,autumn_2024,809,33,11.348552863348278,8.0,3.348552863348278
augsburg_bourges,lightgbm,autumn_2024,810,33,11.842789775979034,9.0,2.8427897759790337
augsburg_bourges,lightgbm,autumn_2024,811,33,11.57544718775395,9.0,2.5754471877539498
augsburg_bourges,lightgbm,autumn_2024,812,33,12.157414188195757,10.0,2.157414188195757
augsburg_bourges,lightgbm,autumn_2024,813,33,12.429570216545562,11.0,1.429570216545562
augsburg_bourges,lightgbm,autumn_2024,814,33,11.970963262918142,10.0,1.9709632629181417
augsburg_bourges,lightgbm,autumn_2024,815,33,11.660868118708281,10.0,1.6608681187082812
augsburg_bourges,lightgbm,autumn_2024,816,34,12.097616037162695,11.0,1.0976160371626946
augsburg_bourges,lightgbm,autumn_2024,817,34,13.422236318633404,13.0,0.42223631863340394
augsburg_bourges,lightgbm,autumn_2024,818,34,15.27011959319245,15.0,0.27011959319244916
augsburg_bourges,lightgbm,autumn_2024,819,34,16.818057118305813,15.0,1.8180571183058127
augsburg_bourges,lightgbm,autumn_2024,820,34,16.51112360563924,15.0,1.5111236056392414
augsburg_bourges,lightgbm,autumn_2024,821,34,16.614502085204002,14.0,2.614502085204002
augsburg_bourges,lightgbm,autumn_2024,822,34,18.122380489908775,15.0,3.1223804899087746
augsburg_bourges,lightgbm,autumn_2024,823,34,19.232582236998873,17.0,2.232582236998873
augsburg_bourges,lightgbm,autumn_2024,824,34,18.111611189697097,14.0,4.111611189697097
augsburg_bourges,lightgbm,autumn_2024,825,34,15.339663884291852,11.0,4.339663884291852
augsburg_bourges,lightgbm,autumn_2024,826,34,14.633313896167476,11.0,3.6333138961674756
augsburg_bourges,lightgbm,autumn_2024,827,34,14.95547577614579,12.0,2.9554757761457893
augsburg_bourges,lightgbm,autumn_2024,828,34,13.555494946571239,10.0,3.5554949465712387
augsburg_bourges,lightgbm,autumn_2024,829,34,11.863507823152021,8.0,3.8635078231520215
augsburg_bourges,lightgbm,autumn_2024,830,34,10.565721132681979,8.0,2.565721132681979
augsburg_bourges,lightgbm,autumn_2024,831,34,12.64916522093693,12.0,0.6491652209369292
augsburg_bourges,lightgbm,autumn_2024,832,34,14.819160156312513,14.0,0.8191601563125133
augsburg_bourges,lightgbm,autumn_2024,833,34,16.028358144749106,13.0,3.028358144749106
augsburg_bourges,lightgbm,autumn_2024,834,34,15.133815049842735,12.0,3.1338150498427346
augsburg_bourges,lightgbm,autumn_2024,835,34,16.241801116905993,16.0,0.24180111690599304
augsburg_bourges,lightgbm,autumn_2024,836,34,17.17068243085762,17.0,0.17068243085762091
augsburg_bourges,lightgbm,autumn_2024,837,34,17.334633767462517,17.0,0.33463376746251683
augsburg_bourges,lightgbm,autumn_2024,838,34,15.578060160771376,15.0,0.5780601607713756
augsburg_bourges,lightgbm,autumn_2024,839,34,13.586341401059912,12.0,1.5863414010599115
augsburg_bourges,lightgbm,autumn_2024,840,35,12.095099441698622,9.0,3.095099441698622
augsburg_bourges,lightgbm,autumn_2024,841,35,11.954675287066486,10.0,1.954675287066486
augsburg_bourges,lightgbm,autumn_2024,842,35,12.439747789733568,12.0,0.439747789733568
augsburg_bourges,lightgbm,autumn_2024,843,35,12.11638112944217,12.0,0.1163811294421695
augsburg_bourges,lightgbm,autumn_2024,844,35,12.024569763952185,13.0,0.9754302360478153
augsburg_bourges,lightgbm,autumn_2024,845,35,11.752270313288749,12.0,0.24772968671125106
augsburg_bourges,lightgbm,autumn_2024,846,35,10.906301822283298,9.0,1.9063018222832984
augsburg_bourges,lightgbm,autumn_2024,847,35,8.630645323478676,7.0,1.6306453234786762
augsburg_bourges,lightgbm,autumn_2024,848,35,7.320555387290377,6.0,1.3205553872903772
augsburg_bourges,lightgbm,autumn_2024,849,35,6.408898119901513,5.0,1.4088981199015134
augsburg_bourges,lightgbm,autumn_2024,850,35,5.874381677083069,5.0,0.8743816770830692
augsburg_bourges,lightgbm,autumn_2024,851,35,5.9124295766666055,5.0,0.9124295766666055
augsburg_bourges,lightgbm,autumn_2024,852,35,6.283041622878045,5.0,1.283041622878045
augsburg_bourges,lightgbm,autumn_2024,853,35,6.69641604043195,6.0,0.6964160404319504
augsburg_bourges,lightgbm,autumn_2024,854,35,6.85405155151808,6.0,0.8540515515180802
augsburg_bourges,lightgbm,autumn_2024,855,35,7.756758386442998,6.0,1.756758386442998
augsburg_bourges,lightgbm,autumn_2024,856,35,8.00219409335333,6.0,2.0021940933533298
augsburg_bourges,lightgbm,autumn_2024,857,35,9.558640502075448,8.0,1.5586405020754484
augsburg_bourges,lightgbm,autumn_2024,858,35,10.878244066008719,8.0,2.878244066008719
augsburg_bourges,lightgbm,autumn_2024,859,35,12.528758492159676,9.0,3.5287584921596764
augsburg_bourges,lightgbm,autumn_2024,860,35,12.241965110289263,9.0,3.2419651102892626
augsburg_bourges,lightgbm,autumn_2024,861,35,11.656068855574194,9.0,2.656068855574194
augsburg_bourges,lightgbm,autumn_2024,862,35,10.65784478217716,7.0,3.6578447821771594
augsburg_bourges,lightgbm,autumn_2024,863,35,8.328519865412021,5.0,3.328519865412021
augsburg_bourges,lightgbm,autumn_2024,864,36,7.240646883889383,5.0,2.240646883889383
augsburg_bourges,lightgbm,autumn_2024,865,36,6.639056694617908,4.0,2.639056694617908
augsburg_bourges,lightgbm,autumn_2024,866,36,5.9260242116657995,5.0,0.9260242116657995
augsburg_bourges,lightgbm,autumn_2024,867,36,6.1663441532318055,6.0,0.1663441532318055
augsburg_bourges,lightgbm,autumn_2024,868,36,6.44460755767191,7.0,0.55539244232809
augsburg_bourges,lightgbm,autumn_2024,869,36,6.50096753841039,6.0,0.5009675384103902
augsburg_bourges,lightgbm,autumn_2024,870,36,6.509936726993898,6.0,0.5099367269938977
augsburg_bourges,lightgbm,autumn_2024,871,36,6.473152742972213,5.0,1.4731527429722133
augsburg_bourges,lightgbm,autumn_2024,872,36,6.7063540572216755,7.0,0.29364594277832445
augsburg_bourges,lightgbm,autumn_2024,873,36,7.132218070649712,8.0,0.8677819293502882
augsburg_bourges,lightgbm,autumn_2024,874,36,8.910426592471493,12.0,3.0895734075285066
augsburg_bourges,lightgbm,autumn_2024,875,36,14.329433895429457,21.0,6.670566104570543
augsburg_bourges,lightgbm,autumn_2024,876,36,18.179472112200173,19.0,0.8205278877998268
augsburg_bourges,lightgbm,autumn_2024,877,36,19.6195554678212,18.0,1.6195554678212005
augsburg_bourges,lightgbm,autumn_2024,878,36,18.39891311767847,14.0,4.398913117678472
augsburg_bourges,lightgbm,autumn_2024,879,36,14.81971506094651,11.0,3.8197150609465105
augsburg_bourges,lightgbm,autumn_2024,880,36,13.460548093497763,10.0,3.4605480934977635
augsburg_bourges,lightgbm,autumn_2024,881,36,13.522346204287295,11.0,2.5223462042872953
augsburg_bourges,lightgbm,autumn_2024,882,36,13.793118054704351,12.0,1.793118054704351
augsburg_bourges,lightgbm,autumn_2024,883,36,14.486494368910314,13.0,1.4864943689103143
augsburg_bourges,lightgbm,autumn_2024,884,36,15.3177836976292,14.0,1.3177836976291992
augsburg_bourges,lightgbm,autumn_2024,885,36,16.29922877459335,15.0,1.2992287745933488
augsburg_bourges,lightgbm,autumn_2024,886,36,16.246535781862946,16.0,0.24653578186294567
augsburg_bourges,lightgbm,autumn_2024,887,36,16.08992852042912,16.0,0.08992852042911892
augsburg_bourges,lightgbm,autumn_2024,888,37,15.080233262915291,15.0,0.08023326291529109
augsburg_bourges,lightgbm,autumn_2024,889,37,15.141667243303484,15.0,0.14166724330348401
augsburg_bourges,lightgbm,autumn_2024,890,37,15.317781744213306,16.0,0.6822182557866938
augsburg_bourges,lightgbm,autumn_2024,891,37,15.253459618565378,15.0,0.2534596185653779
augsburg_bourges,lightgbm,autumn_2024,892,37,14.216546226050417,13.0,1.2165462260504167
augsburg_bourges,lightgbm,autumn_2024,893,37,13.510263305181212,13.0,0.510263305181212
augsburg_bourges,lightgbm,autumn_2024,894,37,14.750941225394326,15.0,0.2490587746056736
augsburg_bourges,lightgbm,autumn_2024,895,37,16.377827743654635,16.0,0.3778277436546347
augsburg_bourges,lightgbm,autumn_2024,896,37,18.259355621736205,17.0,1.259355621736205
augsburg_bourges,lightgbm,autumn_2024,897,37,15.989319287580429,12.0,3.989319287580429
augsburg_bourges,lightgbm,autumn_2024,898,37,12.933744624049982,9.0,3.9337446240499823
augsburg_bourges,lightgbm,autumn_2024,899,37,13.729314009380191,11.0,2.7293140093801913
augsburg_bourges,lightgbm,autumn_2024,900,37,16.48075922851153,15.0,1.4807592285115305
augsburg_bourges,lightgbm,autumn_2024,901,37,14.064799131203637,10.0,4.064799131203637
augsburg_bourges,lightgbm,autumn_2024,902,37,10.607455783376455,6.0,4.607455783376455
augsburg_bourges,lightgbm,autumn_2024,903,37,9.610803002984623,6.0,3.610803002984623
augsburg_bourges,lightgbm,autumn_2024,904,37,8.901583179676749,5.0,3.9015831796767486
augsburg_bourges,lightgbm,autumn_2024,905,37,8.802657633376551,5.0,3.802657633376551
augsburg_bourges,lightgbm,autumn_2024,906,37,8.740579100241977,5.0,3.740579100241977
augsburg_bourges,lightgbm,autumn_2024,907,37,7.602094682200245,4.0,3.602094682200245
augsburg_bourges,lightgbm,autumn_2024,908,37,7.44149721859526,5.0,2.44149721859526
augsburg_bourges,lightgbm,autumn_2024,909,37,6.723685022744337,4.0,2.7236850227443368
augsburg_bourges,lightgbm,autumn_2024,910,37,5.777006727170664,4.0,1.7770067271706642
augsburg_bourges,lightgbm,autumn_2024,911,37,5.844715971335117,4.0,1.844715971335117
augsburg_bourges,lightgbm,autumn_2024,912,38,6.077360138855445,4.0,2.077360138855445
augsburg_bourges,lightgbm,autumn_2024,913,38,5.514399822926917,3.0,2.514399822926917
augsburg_bourges,lightgbm,autumn_2024,914,38,5.126277533625951,3.0,2.1262775336259514
augsburg_bourges,lightgbm,autumn_2024,915,38,4.675506437806957,4.0,0.6755064378069573
augsburg_bourges,lightgbm,autumn_2024,916,38,4.901743347987666,5.0,0.09825665201233402
augsburg_bourges,lightgbm,autumn_2024,917,38,5.225265083197026,5.0,0.22526508319702643
augsburg_bourges,lightgbm,autumn_2024,918,38,6.1796019648213285,5.0,1.1796019648213285
augsburg_bourges,lightgbm,autumn_2024,919,38,5.709226269158454,4.0,1.7092262691584539
augsburg_bourges,lightgbm,autumn_2024,920,38,5.363094173480798,3.0,2.363094173480798
augsburg_bourges,lightgbm,autumn_2024,921,38,5.362514578047743,3.0,2.362514578047743
augsburg_bourges,lightgbm,autumn_2024,922,38,4.890155016420761,3.0,1.8901550164207608
augsburg_bourges,lightgbm,autumn_2024,923,38,4.349598469847642,2.0,2.349598469847642
augsburg_bourges,lightgbm,autumn_2024,924,38,4.812760680520655,3.0,1.8127606805206549
augsburg_bourges,lightgbm,autumn_2024,925,38,5.0905690674638455,4.0,1.0905690674638455
augsburg_bourges,lightgbm,autumn_2024,926,38,5.544581740163056,5.0,0.5445817401630562
augsburg_bourges,lightgbm,autumn_2024,927,38,7.063104098738212,5.0,2.0631040987382123
augsburg_bourges,lightgbm,autumn_2024,928,38,7.654971462944278,5.0,2.654971462944278
augsburg_bourges,lightgbm,autumn_2024,929,38,7.897476639169286,6.0,1.8974766391692857
augsburg_bourges,lightgbm,autumn_2024,930,38,8.079825984641044,6.0,2.079825984641044
augsburg_bourges,lightgbm,autumn_2024,931,38,8.524286454467834,7.0,1.524286454467834
augsburg_bourges,lightgbm,autumn_2024,932,38,8.890641973793986,6.0,2.8906419737939864
augsburg_bourges,lightgbm,autumn_2024,933,38,8.517181798376054,6.0,2.517181798376054
augsburg_bourges,lightgbm,autumn_2024,934,38,8.624867493226605,7.0,1.6248674932266045
augsburg_bourges,lightgbm,autumn_2024,935,38,8.528267748112343,7.0,1.5282677481123432
augsburg_bourges,lightgbm,autumn_2024,936,39,8.896663507767704,9.0,0.10333649223229635
augsburg_bourges,lightgbm,autumn_2024,937,39,9.472160233496403,11.0,1.5278397665035968
augsburg_bourges,lightgbm,autumn_2024,938,39,10.458640293548584,12.0,1.5413597064514164
augsburg_bourges,lightgbm,autumn_2024,939,39,11.208689276994535,12.0,0.7913107230054646
augsburg_bourges,lightgbm,autumn_2024,940,39,10.107511252253813,9.0,1.107511252253813
augsburg_bourges,lightgbm,autumn_2024,941,39,8.605553487450194,7.0,1.6055534874501944
augsburg_bourges,lightgbm,autumn_2024,942,39,8.472204424264596,7.0,1.4722044242645964
augsburg_bourges,lightgbm,autumn_2024,943,39,8.55486082346374,7.0,1.5548608234637395
augsburg_bourges,lightgbm,autumn_2024,944,39,8.133001433139485,6.0,2.1330014331394853
augsburg_bourges,lightgbm,autumn_2024,945,39,7.229958465540979,5.0,2.229958465540979
augsburg_bourges,lightgbm,autumn_2024,946,39,7.3052455135554055,5.0,2.3052455135554055
augsburg_bourges,lightgbm,autumn_2024,947,39,7.592952656460316,7.0,0.5929526564603158
augsburg_bourges,lightgbm,autumn_2024,948,39,7.843102220468911,8.0,0.1568977795310893
augsburg_bourges,lightgbm,autumn_2024,949,39,8.636148784958689,11.0,2.3638512150413113
augsburg_bourges,lightgbm,autumn_2024,950,39,10.557503228999543,11.0,0.4424967710004566
augsburg_bourges,lightgbm,autumn_2024,951,39,12.468901759208743,11.0,1.4689017592087428
augsburg_bourges,lightgbm,autumn_2024,952,39,13.704761132675383,13.0,0.7047611326753831
augsburg_bourges,lightgbm,autumn_2024,953,39,15.273805445906154,13.0,2.273805445906154
augsburg_bourges,lightgbm,autumn_2024,954,39,14.256899527307207,11.0,3.2568995273072066
augsburg_bourges,lightgbm,autumn_2024,955,39,14.258491767118459,11.0,3.258491767118459
augsburg_bourges,lightgbm,autumn_2024,956,39,14.081536425504364,11.0,3.081536425504364
augsburg_bourges,lightgbm,autumn_2024,957,39,13.01765681653029,11.0,2.0176568165302893
augsburg_bourges,lightgbm,autumn_2024,958,39,11.990756211783971,10.0,1.990756211783971
augsburg_bourges,lightgbm,autumn_2024,959,39,11.141740922294739,9.0,2.141740922294739
augsburg_bourges,lightgbm,autumn_2024,960,40,9.447233778999633,7.0,2.4472337789996335
augsburg_bourges,lightgbm,autumn_2024,961,40,8.310086376054114,6.0,2.310086376054114
augsburg_bourges,lightgbm,autumn_2024,962,40,8.727855953610344,8.0,0.7278559536103444
augsburg_bourges,lightgbm,autumn_2024,963,40,7.889456511219181,6.0,1.8894565112191808
augsburg_bourges,lightgbm,autumn_2024,964,40,6.98208936120453,7.0,0.01791063879547039
augsburg_bourges,lightgbm,autumn_2024,965,40,7.1378127368046185,7.0,0.13781273680461847
augsburg_bourges,lightgbm,autumn_2024,966,40,7.280870827840373,6.0,1.2808708278403733
augsburg_bourges,lightgbm,autumn_2024,967,40,7.150837130620065,6.0,1.150837130620065
augsburg_bourges,lightgbm,autumn_2024,968,40,7.1240291465448164,7.0,0.12402914654481645
augsburg_bourges,lightgbm,autumn_2024,969,40,7.500400129537455,7.0,0.5004001295374554
augsburg_bourges,lightgbm,autumn_2024,970,40,7.8904643633811595,9.0,1.1095356366188405
augsburg_bourges,lightgbm,autumn_2024,971,40,7.968599680852074,9.0,1.0314003191479264
augsburg_bourges,lightgbm,autumn_2024,972,40,9.420890526950428,11.0,1.5791094730495718
augsburg_bourges,lightgbm,autumn_2024,973,40,10.951712785922957,11.0,0.048287214077042506
augsburg_bourges,lightgbm,autumn_2024,974,40,11.387756590642576,10.0,1.3877565906425762
augsburg_bourges,lightgbm,autumn_2024,975,40,12.210000127361019,11.0,1.2100001273610186
augsburg_bourges,lightgbm,autumn_2024,976,40,13.009189740725864,12.0,1.0091897407258639
augsburg_bourges,lightgbm,autumn_2024,977,40,13.62161179788725,13.0,0.6216117978872493
augsburg_bourges,lightgbm,autumn_2024,978,40,13.45169366139879,12.0,1.4516936613987905
augsburg_bourges,lightgbm,autumn_2024,979,40,13.497245918894745,12.0,1.4972459188947447
augsburg_bourges,lightgbm,autumn_2024,980,40,13.532559437634887,13.0,0.5325594376348874
augsburg_bourges,lightgbm,autumn_2024,981,40,13.802200621743506,14.0,0.1977993782564944
augsburg_bourges,lightgbm,autumn_2024,982,40,14.01286348144649,14.0,0.012863481446489189
augsburg_bourges,lightgbm,autumn_2024,983,40,13.925588117665017,15.0,1.0744118823349833
augsburg_bourges,lightgbm,autumn_2024,984,41,13.695505627798536,15.0,1.3044943722014644
augsburg_bourges,lightgbm,autumn_2024,985,41,14.602239676928658,18.0,3.397760323071342
augsburg_bourges,lightgbm,autumn_2024,986,41,15.775821610654477,20.0,4.224178389345523
augsburg_bourges,lightgbm,autumn_2024,987,41,17.617946245528376,23.0,5.382053754471624
augsburg_bourges,lightgbm,autumn_2024,988,41,19.684566177587772,25.0,5.315433822412228
augsburg_bourges,lightgbm,autumn_2024,989,41,21.28582900256217,26.0,4.714170997437829
augsburg_bourges,lightgbm,autumn_2024,990,41,22.03172997579206,27.0,4.968270024207939
augsburg_bourges,lightgbm,autumn_2024,991,41,24.93815029522477,31.0,6.061849704775231
augsburg_bourges,lightgbm,autumn_2024,992,41,26.983075361522076,31.0,4.016924638477924
augsburg_bourges,lightgbm,autumn_2024,993,41,25.209486064609237,25.0,0.20948606460923713
augsburg_bourges,lightgbm,autumn_2024,994,41,24.15127091400297,23.0,1.1512709140029713
augsburg_bourges,lightgbm,autumn_2024,995,41,24.67447708934296,23.0,1.674477089342961
augsburg_bourges,lightgbm,autumn_2024,996,41,24.547316272217696,21.0,3.547316272217696
augsburg_bourges,lightgbm,autumn_2024,997,41,21.890762477085477,18.0,3.8907624770854774
augsburg_bourges,lightgbm,autumn_2024,998,41,21.792020098552836,19.0,2.792020098552836
augsburg_bourges,lightgbm,autumn_2024,999,41,21.391954353706055,18.0,3.391954353706055
augsburg_bourges,lightgbm,autumn_2024,1000,41,21.791980831320366,18.0,3.791980831320366
augsburg_bourges,lightgbm,autumn_2024,1001,41,22.689365679942295,18.0,4.689365679942295
augsburg_bourges,lightgbm,autumn_2024,1002,41,22.653184676264143,16.0,6.653184676264143
augsburg_bourges,lightgbm,autumn_2024,1003,41,23.272669164460172,17.0,6.272669164460172
augsburg_bourges,lightgbm,autumn_2024,1004,41,23.943126388525275,19.0,4.943126388525275
augsburg_bourges,lightgbm,autumn_2024,1005,41,24.547922632650064,18.0,6.547922632650064
augsburg_bourges,lightgbm,autumn_2024,1006,41,23.061659005318436,17.0,6.061659005318436
augsburg_bourges,lightgbm,autumn_2024,1007,41,21.085284414176517,16.0,5.085284414176517
augsburg_bourges,lightgbm,autumn_2024,1008,42,20.310857287452535,17.0,3.310857287452535
augsburg_bourges,lightgbm,autumn_2024,1009,42,20.222072233963786,18.0,2.222072233963786
augsburg_bourges,lightgbm,autumn_2024,1010,42,20.988530885932523,19.0,1.9885308859325228
augsburg_bourges,lightgbm,autumn_2024,1011,42,19.95829478378737,16.0,3.9582947837873697
augsburg_bourges,lightgbm,autumn_2024,1012,42,17.372947553966423,14.0,3.372947553966423
augsburg_bourges,lightgbm,autumn_2024,1013,42,17.489961110893532,17.0,0.4899611108935318
augsburg_bourges,lightgbm,autumn_2024,1014,42,21.194152185804572,22.0,0.8058478141954275
augsburg_bourges,lightgbm,autumn_2024,1015,42,25.244240770838392,28.0,2.755759229161608
augsburg_bourges,lightgbm,autumn_2024,1016,42,29.890839729676305,32.0,2.109160270323695
augsburg_bourges,lightgbm,autumn_2024,1017,42,32.42110376793234,27.0,5.421103767932337
augsburg_bourges,lightgbm,autumn_2024,1018,42,30.16302091313136,22.0,8.163020913131358
augsburg_bourges,lightgbm,autumn_2024,1019,42,26.54383637118394,21.0,5.543836371183939
augsburg_bourges,lightgbm,autumn_2024,1020,42,25.12897563822782,20.0,5.128975638227821
augsburg_bourges,lightgbm,autumn_2024,1021,42,23.510017969140755,19.0,4.510017969140755
augsburg_bourges,lightgbm,autumn_2024,1022,42,21.96409937039454,17.0,4.964099370394539
augsburg_bourges,lightgbm,autumn_2024,1023,42,20.510916137419663,16.0,4.510916137419663
augsburg_bourges,lightgbm,autumn_2024,1024,42,20.287916534028454,16.0,4.287916534028454
augsburg_bourges,lightgbm,autumn_2024,1025,42,19.573309874310265,15.0,4.573309874310265
augsburg_bourges,lightgbm,autumn_2024,1026,42,19.01559995565758,15.0,4.015599955657581
augsburg_bourges,lightgbm,autumn_2024,1027,42,19.770533971505,16.0,3.7705339715049995
augsburg_bourges,lightgbm,autumn_2024,1028,42,20.016254187390697,16.0,4.016254187390697
augsburg_bourges,lightgbm,autumn_2024,1029,42,19.3796794683143,15.0,4.3796794683143005
augsburg_bourges,lightgbm,autumn_2024,1030,42,18.430263887684017,15.0,3.430263887684017
augsburg_bourges,lightgbm,autumn_2024,1031,42,17.997205610921522,15.0,2.9972056109215224
augsburg_bourges,lightgbm,autumn_2024,1032,43,18.320492439497535,15.0,3.320492439497535
augsburg_bourges,lightgbm,autumn_2024,1033,43,18.55018672708355,14.0,4.550186727083549
augsburg_bourges,lightgbm,autumn_2024,1034,43,18.59794650025439,14.0,4.597946500254391
augsburg_bourges,lightgbm,autumn_2024,1035,43,19.27984377191041,15.0,4.279843771910411
augsburg_bourges,lightgbm,autumn_2024,1036,43,19.60470668976001,16.0,3.604706689760011
augsburg_bourges,lightgbm,autumn_2024,1037,43,19.25940325293839,15.0,4.259403252938391
augsburg_bourges,lightgbm,autumn_2024,1038,43,18.89966084055447,16.0,2.8996608405544713
augsburg_bourges,lightgbm,autumn_2024,1039,43,18.931024053548562,15.0,3.931024053548562
augsburg_bourges,lightgbm,autumn_2024,1040,43,19.066536824576556,15.0,4.066536824576556
augsburg_bourges,lightgbm,autumn_2024,1041,43,19.67977442491229,16.0,3.6797744249122886
augsburg_bourges,lightgbm,autumn_2024,1042,43,20.78678992425512,18.0,2.786789924255121
augsburg_bourges,lightgbm,autumn_2024,1043,43,20.48377803995222,17.0,3.4837780399522202
augsburg_bourges,lightgbm,autumn_2024,1044,43,19.82561003564306,15.0,4.825610035643059
augsburg_bourges,lightgbm,autumn_2024,1045,43,19.889429986050946,16.0,3.8894299860509456
augsburg_bourges,lightgbm,autumn_2024,1046,43,18.608101957254117,14.0,4.608101957254117
augsburg_bourges,lightgbm,autumn_2024,1047,43,17.654221295704126,13.0,4.654221295704126
augsburg_bourges,lightgbm,autumn_2024,1048,43,17.058799303230373,12.0,5.058799303230373
augsburg_bourges,lightgbm,autumn_2024,1049,43,18.090029606610084,14.0,4.090029606610084
augsburg_bourges,lightgbm,autumn_2024,1050,43,18.773631869620864,14.0,4.773631869620864
augsburg_bourges,lightgbm,autumn_2024,1051,43,19.5321537769542,15.0,4.5321537769542
augsburg_bourges,lightgbm,autumn_2024,1052,43,17.471786069581952,12.0,5.4717860695819525
augsburg_bourges,lightgbm,autumn_2024,1053,43,15.417464760544382,12.0,3.417464760544382
augsburg_bourges,lightgbm,autumn_2024,1054,43,15.35570423076493,12.0,3.35570423076493
augsburg_bourges,lightgbm,autumn_2024,1055,43,15.090503167775275,11.0,4.090503167775275
