station,model,window,hour_index,day_index,pred,actual,abs_error
johanneskirchen,xgboost,spring_2024,0,0,16.074399948120117,18.0,1.9256000518798828
johanneskirchen,xgboost,spring_2024,1,0,14.318775177001953,16.0,1.6812248229980469
johanneskirchen,xgboost,spring_2024,2,0,13.377898216247559,13.0,0.3778982162475586
johanneskirchen,xgboost,spring_2024,3,0,13.405147552490234,14.0,0.5948524475097656
johanneskirchen,xgboost,spring_2024,4,0,13.374850273132324,14.0,0.6251497268676758
johanneskirchen,xgboost,spring_2024,5,0,13.163344383239746,15.0,1.836655616760254
johanneskirchen,xgboost,spring_2024,6,0,12.869901657104492,14.0,1.1300983428955078
johanneskirchen,xgboost,spring_2024,7,0,11.913278579711914,11.0,0.9132785797119141
johanneskirchen,xgboost,spring_2024,8,0,9.873778343200684,8.0,1.8737783432006836
johanneskirchen,xgboost,spring_2024,9,0,8.554143905639648,8.0,0.5541439056396484
johanneskirchen,xgboost,spring_2024,10,0,7.248828411102295,7.0,0.24882841110229492
johanneskirchen,xgboost,spring_2024,11,0,6.314418315887451,5.0,1.3144183158874512
johanneskirchen,xgboost,spring_2024,12,0,6.289871692657471,6.0,0.2898716926574707
johanneskirchen,xgboost,spring_2024,13,0,6.107043743133545,6.0,0.10704374313354492
johanneskirchen,xgboost,spring_2024,14,0,5.884515762329102,5.0,0.8845157623291016
johanneskirchen,xgboost,spring_2024,15,0,4.735384941101074,4.0,0.7353849411010742
johanneskirchen,xgboost,spring_2024,16,0,3.5867879390716553,3.0,0.5867879390716553
johanneskirchen,xgboost,spring_2024,17,0,2.4763734340667725,2.0,0.47637343406677246
johanneskirchen,xgboost,spring_2024,18,0,3.1415090560913086,2.0,1.1415090560913086
johanneskirchen,xgboost,spring_2024,19,0,3.8480758666992188,4.0,0.15192413330078125
johanneskirchen,xgboost,spring_2024,20,0,6.829401969909668,10.0,3.170598030090332
johanneskirchen,xgboost,spring_2024,21,0,9.242265701293945,13.0,3.7577342987060547
johanneskirchen,xgboost,spring_2024,22,0,10.85273551940918,11.0,0.1472644805908203
johanneskirchen,xgboost,spring_2024,23,0,7.111086845397949,4.0,3.111086845397949
johanneskirchen,xgboost,spring_2024,24,1,5.761315822601318,5.0,0.7613158226013184
johanneskirchen,xgboost,spring_2024,25,1,5.812302589416504,5.0,0.8123025894165039
johanneskirchen,xgboost,spring_2024,26,1,5.500194549560547,4.0,1.5001945495605469
johanneskirchen,xgboost,spring_2024,27,1,5.266834735870361,4.0,1.2668347358703613
johanneskirchen,xgboost,spring_2024,28,1,4.584976673126221,4.0,0.5849766731262207
johanneskirchen,xgboost,spring_2024,29,1,4.152590274810791,4.0,0.15259027481079102
johanneskirchen,xgboost,spring_2024,30,1,3.999234437942505,3.0,0.9992344379425049
johanneskirchen,xgboost,spring_2024,31,1,3.365229368209839,3.0,0.36522936820983887
johanneskirchen,xgboost,spring_2024,32,1,3.4802403450012207,4.0,0.5197596549987793
johanneskirchen,xgboost,spring_2024,33,1,3.1648271083831787,4.0,0.8351728916168213
johanneskirchen,xgboost,spring_2024,34,1,3.045536518096924,4.0,0.9544634819030762
johanneskirchen,xgboost,spring_2024,35,1,2.425126314163208,2.0,0.425126314163208
johanneskirchen,xgboost,spring_2024,36,1,2.5046396255493164,2.0,0.5046396255493164
johanneskirchen,xgboost,spring_2024,37,1,3.024946451187134,4.0,0.9750535488128662
johanneskirchen,xgboost,spring_2024,38,1,3.256173610687256,5.0,1.7438263893127441
johanneskirchen,xgboost,spring_2024,39,1,3.702409505844116,7.0,3.297590494155884
johanneskirchen,xgboost,spring_2024,40,1,3.9596896171569824,4.0,0.04031038284301758
johanneskirchen,xgboost,spring_2024,41,1,3.9167613983154297,4.0,0.08323860168457031
johanneskirchen,xgboost,spring_2024,42,1,3.6307878494262695,4.0,0.36921215057373047
johanneskirchen,xgboost,spring_2024,43,1,2.4481799602508545,2.0,0.4481799602508545
johanneskirchen,xgboost,spring_2024,44,1,2.435842990875244,2.0,0.43584299087524414
johanneskirchen,xgboost,spring_2024,45,1,2.5363755226135254,2.0,0.5363755226135254
johanneskirchen,xgboost,spring_2024,46,1,2.548208236694336,2.0,0.5482082366943359
johanneskirchen,xgboost,spring_2024,47,1,2.3092894554138184,1.0,1.3092894554138184
johanneskirchen,xgboost,spring_2024,48,2,2.4457273483276367,0.8,1.6457273483276367
johanneskirchen,xgboost,spring_2024,49,2,2.441143751144409,0.8,1.6411437511444091
johanneskirchen,xgboost,spring_2024,50,2,2.5459108352661133,0.9,1.6459108352661134
johanneskirchen,xgboost,spring_2024,51,2,2.267277240753174,0.4,1.867277240753174
johanneskirchen,xgboost,spring_2024,52,2,2.3809711933135986,0.4,1.9809711933135987
johanneskirchen,xgboost,spring_2024,53,2,2.4140143394470215,0.4,2.0140143394470216
johanneskirchen,xgboost,spring_2024,54,2,2.366070032119751,0.5,1.866070032119751
johanneskirchen,xgboost,spring_2024,55,2,2.3344035148620605,0.5,1.8344035148620605
johanneskirchen,xgboost,spring_2024,56,2,2.420835256576538,0.7,1.7208352565765381
johanneskirchen,xgboost,spring_2024,57,2,2.252723455429077,0.9,1.3527234554290772
johanneskirchen,xgboost,spring_2024,58,2,2.393136978149414,0.9,1.4931369781494142
johanneskirchen,xgboost,spring_2024,59,2,2.470059871673584,1.0,1.470059871673584
johanneskirchen,xgboost,spring_2024,60,2,2.4917402267456055,1.0,1.4917402267456055
johanneskirchen,xgboost,spring_2024,61,2,2.4620327949523926,1.0,1.4620327949523926
johanneskirchen,xgboost,spring_2024,62,2,2.6189727783203125,2.0,0.6189727783203125
johanneskirchen,xgboost,spring_2024,63,2,2.6702280044555664,2.0,0.6702280044555664
johanneskirchen,xgboost,spring_2024,64,2,2.639042377471924,2.0,0.6390423774719238
johanneskirchen,xgboost,spring_2024,65,2,2.4090020656585693,2.0,0.40900206565856934
johanneskirchen,xgboost,spring_2024,66,2,2.641829252243042,2.0,0.641829252243042
johanneskirchen,xgboost,spring_2024,67,2,2.5518290996551514,2.0,0.5518290996551514
johanneskirchen,xgboost,spring_2024,68,2,2.507883310317993,2.0,0.5078833103179932
johanneskirchen,xgboost,spring_2024,69,2,2.4395699501037598,2.0,0.43956995010375977
johanneskirchen,xgboost,spring_2024,70,2,2.4220070838928223,2.0,0.42200708389282227
johanneskirchen,xgboost,spring_2024,71,2,2.4329493045806885,2.0,0.4329493045806885
johanneskirchen,xgboost,spring_2024,72,3,2.46405029296875,2.0,0.46405029296875
johanneskirchen,xgboost,spring_2024,73,3,2.445378065109253,2.0,0.44537806510925293
johanneskirchen,xgboost,spring_2024,74,3,2.5110278129577637,2.0,0.5110278129577637
johanneskirchen,xgboost,spring_2024,75,3,2.499703884124756,2.0,0.49970388412475586
johanneskirchen,xgboost,spring_2024,76,3,2.594107151031494,2.0,0.5941071510314941
johanneskirchen,xgboost,spring_2024,77,3,2.599365234375,2.0,0.599365234375
johanneskirchen,xgboost,spring_2024,78,3,2.598592519760132,2.0,0.5985925197601318
johanneskirchen,xgboost,spring_2024,79,3,2.7515392303466797,3.0,0.2484607696533203
johanneskirchen,xgboost,spring_2024,80,3,2.69296932220459,3.0,0.30703067779541016
johanneskirchen,xgboost,spring_2024,81,3,2.830753803253174,4.0,1.1692461967468262
johanneskirchen,xgboost,spring_2024,82,3,2.8964452743530273,4.0,1.1035547256469727
johanneskirchen,xgboost,spring_2024,83,3,2.699981689453125,3.0,0.300018310546875
johanneskirchen,xgboost,spring_2024,84,3,2.7949399948120117,3.0,0.20506000518798828
johanneskirchen,xgboost,spring_2024,85,3,2.625335931777954,3.0,0.3746640682220459
johanneskirchen,xgboost,spring_2024,86,3,2.7280805110931396,3.0,0.27191948890686035
johanneskirchen,xgboost,spring_2024,87,3,2.8800697326660156,3.0,0.11993026733398438
johanneskirchen,xgboost,spring_2024,88,3,2.9251961708068848,3.0,0.07480382919311523
johanneskirchen,xgboost,spring_2024,89,3,3.0444085597991943,3.0,0.044408559799194336
johanneskirchen,xgboost,spring_2024,90,3,3.8228299617767334,5.0,1.1771700382232666
johanneskirchen,xgboost,spring_2024,91,3,4.854951858520508,6.0,1.1450481414794922
johanneskirchen,xgboost,spring_2024,92,3,5.769671440124512,7.0,1.2303285598754883
johanneskirchen,xgboost,spring_2024,93,3,6.307899475097656,6.0,0.30789947509765625
johanneskirchen,xgboost,spring_2024,94,3,6.783418655395508,6.0,0.7834186553955078
johanneskirchen,xgboost,spring_2024,95,3,6.949103355407715,6.0,0.9491033554077148
johanneskirchen,xgboost,spring_2024,96,4,7.041005611419678,6.0,1.0410056114196777
johanneskirchen,xgboost,spring_2024,97,4,7.310697555541992,6.0,1.3106975555419922
johanneskirchen,xgboost,spring_2024,98,4,7.323871612548828,7.0,0.3238716125488281
johanneskirchen,xgboost,spring_2024,99,4,7.287461757659912,7.0,0.2874617576599121
johanneskirchen,xgboost,spring_2024,100,4,6.88362455368042,7.0,0.11637544631958008
johanneskirchen,xgboost,spring_2024,101,4,6.512365341186523,7.0,0.48763465881347656
johanneskirchen,xgboost,spring_2024,102,4,6.497034072875977,7.0,0.5029659271240234
johanneskirchen,xgboost,spring_2024,103,4,5.819777488708496,5.0,0.8197774887084961
johanneskirchen,xgboost,spring_2024,104,4,5.6261887550354,3.0,2.6261887550354004
johanneskirchen,xgboost,spring_2024,105,4,5.5472564697265625,3.0,2.5472564697265625
johanneskirchen,xgboost,spring_2024,106,4,5.498565673828125,3.0,2.498565673828125
johanneskirchen,xgboost,spring_2024,107,4,5.627595901489258,2.0,3.627595901489258
johanneskirchen,xgboost,spring_2024,108,4,5.831871032714844,2.0,3.8318710327148438
johanneskirchen,xgboost,spring_2024,109,4,5.9278106689453125,3.0,2.9278106689453125
johanneskirchen,xgboost,spring_2024,110,4,6.308781147003174,3.0,3.308781147003174
johanneskirchen,xgboost,spring_2024,111,4,7.225282192230225,4.0,3.2252821922302246
johanneskirchen,xgboost,spring_2024,112,4,7.353547096252441,5.0,2.3535470962524414
johanneskirchen,xgboost,spring_2024,113,4,8.183823585510254,6.0,2.183823585510254
johanneskirchen,xgboost,spring_2024,114,4,9.082940101623535,8.0,1.0829401016235352
johanneskirchen,xgboost,spring_2024,115,4,9.681958198547363,9.0,0.6819581985473633
johanneskirchen,xgboost,spring_2024,116,4,11.263851165771484,11.0,0.2638511657714844
johanneskirchen,xgboost,spring_2024,117,4,13.016973495483398,14.0,0.9830265045166016
johanneskirchen,xgboost,spring_2024,118,4,13.776936531066895,16.0,2.2230634689331055
johanneskirchen,xgboost,spring_2024,119,4,13.59862995147705,15.0,1.4013700485229492
johanneskirchen,xgboost,spring_2024,120,5,14.92276382446289,16.0,1.0772361755371094
johanneskirchen,xgboost,spring_2024,121,5,13.513303756713867,12.0,1.5133037567138672
johanneskirchen,xgboost,spring_2024,122,5,11.649913787841797,10.0,1.6499137878417969
johanneskirchen,xgboost,spring_2024,123,5,10.550840377807617,8.0,2.550840377807617
johanneskirchen,xgboost,spring_2024,124,5,9.506349563598633,6.0,3.506349563598633
johanneskirchen,xgboost,spring_2024,125,5,8.715991020202637,7.0,1.7159910202026367
johanneskirchen,xgboost,spring_2024,126,5,13.72279167175293,11.0,2.7227916717529297
johanneskirchen,xgboost,spring_2024,127,5,13.459721565246582,11.0,2.459721565246582
johanneskirchen,xgboost,spring_2024,128,5,11.508803367614746,9.0,2.508803367614746
johanneskirchen,xgboost,spring_2024,129,5,9.975255966186523,6.0,3.9752559661865234
johanneskirchen,xgboost,spring_2024,130,5,5.361821174621582,3.0,2.361821174621582
johanneskirchen,xgboost,spring_2024,131,5,3.696770429611206,2.0,1.696770429611206
johanneskirchen,xgboost,spring_2024,132,5,3.1810688972473145,2.0,1.1810688972473145
johanneskirchen,xgboost,spring_2024,133,5,2.8183109760284424,1.0,1.8183109760284424
johanneskirchen,xgboost,spring_2024,134,5,4.267491817474365,4.0,0.26749181747436523
johanneskirchen,xgboost,spring_2024,135,5,7.680733680725098,8.0,0.31926631927490234
johanneskirchen,xgboost,spring_2024,136,5,12.22313117980957,14.0,1.7768688201904297
johanneskirchen,xgboost,spring_2024,137,5,18.923961639404297,21.0,2.076038360595703
johanneskirchen,xgboost,spring_2024,138,5,11.24856948852539,13.0,1.7514305114746094
johanneskirchen,xgboost,spring_2024,139,5,2.7305829524993896,4.0,1.2694170475006104
johanneskirchen,xgboost,spring_2024,140,5,1.5233362913131714,2.0,0.4766637086868286
johanneskirchen,xgboost,spring_2024,141,5,0.8155595064163208,2.0,1.1844404935836792
johanneskirchen,xgboost,spring_2024,142,5,1.0687578916549683,3.0,1.9312421083450317
johanneskirchen,xgboost,spring_2024,143,5,0.8366677761077881,1.0,0.16333222389221191
johanneskirchen,xgboost,spring_2024,144,6,0.887128472328186,0.8,0.08712847232818599
johanneskirchen,xgboost,spring_2024,145,6,0.9183761477470398,0.5,0.4183761477470398
johanneskirchen,xgboost,spring_2024,146,6,1.0332773923873901,0.4,0.6332773923873901
johanneskirchen,xgboost,spring_2024,147,6,1.1478707790374756,0.4,0.7478707790374756
johanneskirchen,xgboost,spring_2024,148,6,1.23258638381958,0.7,0.5325863838195801
johanneskirchen,xgboost,spring_2024,149,6,1.1731719970703125,0.5,0.6731719970703125
johanneskirchen,xgboost,spring_2024,150,6,1.260072946548462,0.5,0.7600729465484619
johanneskirchen,xgboost,spring_2024,151,6,1.3973733186721802,0.7,0.6973733186721802
johanneskirchen,xgboost,spring_2024,152,6,1.3559430837631226,0.9,0.45594308376312254
johanneskirchen,xgboost,spring_2024,153,6,1.3046165704727173,0.8,0.5046165704727172
johanneskirchen,xgboost,spring_2024,154,6,1.2783056497573853,1.0,0.27830564975738525
johanneskirchen,xgboost,spring_2024,155,6,1.394961953163147,2.0,0.605038046836853
johanneskirchen,xgboost,spring_2024,156,6,1.330880045890808,2.0,0.6691199541091919
johanneskirchen,xgboost,spring_2024,157,6,1.2418744564056396,1.0,0.24187445640563965
johanneskirchen,xgboost,spring_2024,158,6,1.2572643756866455,1.0,0.2572643756866455
johanneskirchen,xgboost,spring_2024,159,6,1.216720461845398,1.0,0.21672046184539795
johanneskirchen,xgboost,spring_2024,160,6,1.1660124063491821,1.0,0.16601240634918213
johanneskirchen,xgboost,spring_2024,161,6,1.170295000076294,1.0,0.17029500007629395
johanneskirchen,xgboost,spring_2024,162,6,1.24675714969635,2.0,0.7532428503036499
johanneskirchen,xgboost,spring_2024,163,6,1.4513181447982788,3.0,1.5486818552017212
johanneskirchen,xgboost,spring_2024,164,6,1.4743860960006714,3.0,1.5256139039993286
johanneskirchen,xgboost,spring_2024,165,6,1.3650181293487549,2.0,0.6349818706512451
johanneskirchen,xgboost,spring_2024,166,6,1.5620806217193604,3.0,1.4379193782806396
johanneskirchen,xgboost,spring_2024,167,6,1.4772660732269287,4.0,2.5227339267730713
johanneskirchen,xgboost,spring_2024,168,7,1.2995902299880981,4.0,2.700409770011902
johanneskirchen,xgboost,spring_2024,169,7,1.1800086498260498,3.0,1.8199913501739502
johanneskirchen,xgboost,spring_2024,170,7,1.2600346803665161,2.0,0.7399653196334839
johanneskirchen,xgboost,spring_2024,171,7,1.1684242486953735,2.0,0.8315757513046265
johanneskirchen,xgboost,spring_2024,172,7,1.2476818561553955,2.0,0.7523181438446045
johanneskirchen,xgboost,spring_2024,173,7,1.2104109525680542,1.0,0.2104109525680542
johanneskirchen,xgboost,spring_2024,174,7,1.306113839149475,3.0,1.693886160850525
johanneskirchen,xgboost,spring_2024,175,7,1.2086297273635864,4.0,2.7913702726364136
johanneskirchen,xgboost,spring_2024,176,7,1.1997687816619873,3.0,1.8002312183380127
johanneskirchen,xgboost,spring_2024,177,7,1.184581995010376,2.0,0.815418004989624
johanneskirchen,xgboost,spring_2024,178,7,1.3247257471084595,1.0,0.3247257471084595
johanneskirchen,xgboost,spring_2024,179,7,1.341421127319336,2.0,0.6585788726806641
johanneskirchen,xgboost,spring_2024,180,7,1.5392398834228516,1.0,0.5392398834228516
johanneskirchen,xgboost,spring_2024,181,7,1.3492220640182495,2.0,0.6507779359817505
johanneskirchen,xgboost,spring_2024,182,7,1.2845479249954224,1.0,0.28454792499542236
johanneskirchen,xgboost,spring_2024,183,7,1.287604570388794,1.0,0.28760457038879395
johanneskirchen,xgboost,spring_2024,184,7,1.2654474973678589,1.0,0.2654474973678589
johanneskirchen,xgboost,spring_2024,185,7,5.589728832244873,9.0,3.410271167755127
johanneskirchen,xgboost,spring_2024,186,7,21.22784996032715,23.0,1.7721500396728516
johanneskirchen,xgboost,spring_2024,187,7,28.55455207824707,36.0,7.44544792175293
johanneskirchen,xgboost,spring_2024,188,7,30.94010353088379,36.0,5.059896469116211
johanneskirchen,xgboost,spring_2024,189,7,30.597286224365234,36.0,5.402713775634766
johanneskirchen,xgboost,spring_2024,190,7,30.86956214904785,36.0,5.130437850952148
johanneskirchen,xgboost,spring_2024,191,7,30.6835880279541,36.0,5.316411972045898
johanneskirchen,xgboost,spring_2024,192,8,32.1104621887207,36.0,3.889537811279297
johanneskirchen,xgboost,spring_2024,193,8,34.74961471557617,36.0,1.2503852844238281
johanneskirchen,xgboost,spring_2024,194,8,34.430179595947266,36.0,1.5698204040527344
johanneskirchen,xgboost,spring_2024,195,8,35.081275939941406,36.0,0.9187240600585938
johanneskirchen,xgboost,spring_2024,196,8,35.37736511230469,36.0,0.6226348876953125
johanneskirchen,xgboost,spring_2024,197,8,35.2090950012207,36.0,0.7909049987792969
johanneskirchen,xgboost,spring_2024,198,8,35.09575653076172,36.0,0.9042434692382812
johanneskirchen,xgboost,spring_2024,199,8,35.01374816894531,36.0,0.9862518310546875
johanneskirchen,xgboost,spring_2024,200,8,35.0988655090332,36.0,0.9011344909667969
johanneskirchen,xgboost,spring_2024,201,8,33.139583587646484,36.0,2.8604164123535156
johanneskirchen,xgboost,spring_2024,202,8,31.713119506835938,36.0,4.2868804931640625
johanneskirchen,xgboost,spring_2024,203,8,29.77125358581543,36.0,6.22874641418457
johanneskirchen,xgboost,spring_2024,204,8,28.988941192626953,36.0,7.011058807373047
johanneskirchen,xgboost,spring_2024,205,8,29.821779251098633,36.0,6.178220748901367
johanneskirchen,xgboost,spring_2024,206,8,30.56279945373535,36.0,5.437200546264648
johanneskirchen,xgboost,spring_2024,207,8,30.680660247802734,36.0,5.319339752197266
johanneskirchen,xgboost,spring_2024,208,8,31.867124557495117,36.0,4.132875442504883
johanneskirchen,xgboost,spring_2024,209,8,32.63357162475586,36.0,3.3664283752441406
johanneskirchen,xgboost,spring_2024,210,8,35.397315979003906,36.0,0.6026840209960938
johanneskirchen,xgboost,spring_2024,211,8,35.87641143798828,36.0,0.12358856201171875
johanneskirchen,xgboost,spring_2024,212,8,35.17273712158203,36.0,0.8272628784179688
johanneskirchen,xgboost,spring_2024,213,8,35.24357986450195,36.0,0.7564201354980469
johanneskirchen,xgboost,spring_2024,214,8,33.72886276245117,27.0,6.728862762451172
johanneskirchen,xgboost,spring_2024,215,8,28.461889266967773,19.0,9.461889266967773
johanneskirchen,xgboost,spring_2024,216,9,31.342531204223633,22.0,9.342531204223633
johanneskirchen,xgboost,spring_2024,217,9,33.2615852355957,36.0,2.738414764404297
johanneskirchen,xgboost,spring_2024,218,9,33.27488708496094,36.0,2.7251129150390625
johanneskirchen,xgboost,spring_2024,219,9,31.294954299926758,29.0,2.294954299926758
johanneskirchen,xgboost,spring_2024,220,9,27.960994720458984,22.0,5.960994720458984
johanneskirchen,xgboost,spring_2024,221,9,27.970096588134766,20.0,7.970096588134766
johanneskirchen,xgboost,spring_2024,222,9,27.18491554260254,19.0,8.184915542602539
johanneskirchen,xgboost,spring_2024,223,9,27.231977462768555,22.0,5.231977462768555
johanneskirchen,xgboost,spring_2024,224,9,27.828327178955078,20.0,7.828327178955078
johanneskirchen,xgboost,spring_2024,225,9,29.02294158935547,22.0,7.022941589355469
johanneskirchen,xgboost,spring_2024,226,9,29.07939338684082,21.0,8.07939338684082
johanneskirchen,xgboost,spring_2024,227,9,28.766712188720703,21.0,7.766712188720703
johanneskirchen,xgboost,spring_2024,228,9,29.007530212402344,19.0,10.007530212402344
johanneskirchen,xgboost,spring_2024,229,9,27.462583541870117,17.0,10.462583541870117
johanneskirchen,xgboost,spring_2024,230,9,25.271625518798828,14.0,11.271625518798828
johanneskirchen,xgboost,spring_2024,231,9,13.564826011657715,11.0,2.564826011657715
johanneskirchen,xgboost,spring_2024,232,9,3.627349376678467,3.0,0.6273493766784668
johanneskirchen,xgboost,spring_2024,233,9,3.01881742477417,2.0,1.01881742477417
johanneskirchen,xgboost,spring_2024,234,9,3.6187820434570312,2.0,1.6187820434570312
johanneskirchen,xgboost,spring_2024,235,9,4.173276424407959,3.0,1.173276424407959
johanneskirchen,xgboost,spring_2024,236,9,5.4314680099487305,5.0,0.43146800994873047
johanneskirchen,xgboost,spring_2024,237,9,5.889939785003662,7.0,1.110060214996338
johanneskirchen,xgboost,spring_2024,238,9,6.095427989959717,6.0,0.0954279899597168
johanneskirchen,xgboost,spring_2024,239,9,6.163881301879883,4.0,2.163881301879883
johanneskirchen,xgboost,spring_2024,240,10,6.477507591247559,5.0,1.4775075912475586
johanneskirchen,xgboost,spring_2024,241,10,6.052759647369385,3.0,3.0527596473693848
johanneskirchen,xgboost,spring_2024,242,10,5.248685836791992,4.0,1.2486858367919922
johanneskirchen,xgboost,spring_2024,243,10,4.505913257598877,4.0,0.505913257598877
johanneskirchen,xgboost,spring_2024,244,10,4.463464260101318,4.0,0.46346426010131836
johanneskirchen,xgboost,spring_2024,245,10,4.688036918640137,4.0,0.6880369186401367
johanneskirchen,xgboost,spring_2024,246,10,4.873674392700195,4.0,0.8736743927001953
johanneskirchen,xgboost,spring_2024,247,10,4.238588809967041,4.0,0.23858880996704102
johanneskirchen,xgboost,spring_2024,248,10,4.280396938323975,7.0,2.7196030616760254
johanneskirchen,xgboost,spring_2024,249,10,3.6573710441589355,2.0,1.6573710441589355
johanneskirchen,xgboost,spring_2024,250,10,2.5942814350128174,0.5,2.0942814350128174
johanneskirchen,xgboost,spring_2024,251,10,2.344616174697876,0.3,2.044616174697876
johanneskirchen,xgboost,spring_2024,252,10,2.609565258026123,0.3,2.3095652580261232
johanneskirchen,xgboost,spring_2024,253,10,2.542299747467041,0.4,2.142299747467041
johanneskirchen,xgboost,spring_2024,254,10,2.590193271636963,0.3,2.290193271636963
johanneskirchen,xgboost,spring_2024,255,10,2.461254358291626,0.3,2.161254358291626
johanneskirchen,xgboost,spring_2024,256,10,2.5215017795562744,0.6,1.9215017795562743
johanneskirchen,xgboost,spring_2024,257,10,2.423631429672241,1.0,1.4236314296722412
johanneskirchen,xgboost,spring_2024,258,10,2.5584006309509277,1.0,1.5584006309509277
johanneskirchen,xgboost,spring_2024,259,10,2.4646987915039062,2.0,0.46469879150390625
johanneskirchen,xgboost,spring_2024,260,10,2.4439029693603516,2.0,0.44390296936035156
johanneskirchen,xgboost,spring_2024,261,10,2.4378631114959717,2.0,0.4378631114959717
johanneskirchen,xgboost,spring_2024,262,10,2.3517773151397705,1.0,1.3517773151397705
johanneskirchen,xgboost,spring_2024,263,10,2.265765428543091,1.0,1.2657654285430908
johanneskirchen,xgboost,spring_2024,264,11,2.718184471130371,1.0,1.718184471130371
johanneskirchen,xgboost,spring_2024,265,11,2.4124343395233154,1.0,1.4124343395233154
johanneskirchen,xgboost,spring_2024,266,11,2.4511616230010986,1.0,1.4511616230010986
johanneskirchen,xgboost,spring_2024,267,11,2.44399356842041,1.0,1.4439935684204102
johanneskirchen,xgboost,spring_2024,268,11,2.45888090133667,1.0,1.45888090133667
johanneskirchen,xgboost,spring_2024,269,11,2.488070487976074,2.0,0.4880704879760742
johanneskirchen,xgboost,spring_2024,270,11,2.4626362323760986,0.9,1.5626362323760987
johanneskirchen,xgboost,spring_2024,271,11,2.4485180377960205,0.7,1.7485180377960206
johanneskirchen,xgboost,spring_2024,272,11,2.45033597946167,0.5,1.95033597946167
johanneskirchen,xgboost,spring_2024,273,11,2.460378646850586,1.0,1.460378646850586
johanneskirchen,xgboost,spring_2024,274,11,2.692492723464966,2.0,0.6924927234649658
johanneskirchen,xgboost,spring_2024,275,11,2.7973616123199463,2.0,0.7973616123199463
johanneskirchen,xgboost,spring_2024,276,11,2.617743492126465,3.0,0.38225650787353516
johanneskirchen,xgboost,spring_2024,277,11,2.569098472595215,2.0,0.5690984725952148
johanneskirchen,xgboost,spring_2024,278,11,2.476412773132324,3.0,0.5235872268676758
johanneskirchen,xgboost,spring_2024,279,11,2.293355941772461,2.0,0.29335594177246094
johanneskirchen,xgboost,spring_2024,280,11,2.217090129852295,2.0,0.21709012985229492
johanneskirchen,xgboost,spring_2024,281,11,1.674507975578308,2.0,0.3254920244216919
johanneskirchen,xgboost,spring_2024,282,11,1.2345858812332153,2.0,0.7654141187667847
johanneskirchen,xgboost,spring_2024,283,11,1.350129246711731,2.0,0.649870753288269
johanneskirchen,xgboost,spring_2024,284,11,1.4795163869857788,3.0,1.5204836130142212
johanneskirchen,xgboost,spring_2024,285,11,1.294360637664795,2.0,0.7056393623352051
johanneskirchen,xgboost,spring_2024,286,11,1.2304842472076416,2.0,0.7695157527923584
johanneskirchen,xgboost,spring_2024,287,11,1.198715329170227,3.0,1.801284670829773
johanneskirchen,xgboost,spring_2024,288,12,1.3375712633132935,2.0,0.6624287366867065
johanneskirchen,xgboost,spring_2024,289,12,1.2931243181228638,2.0,0.7068756818771362
johanneskirchen,xgboost,spring_2024,290,12,1.2797287702560425,3.0,1.7202712297439575
johanneskirchen,xgboost,spring_2024,291,12,1.266809105873108,3.0,1.733190894126892
johanneskirchen,xgboost,spring_2024,292,12,1.215620517730713,2.0,0.7843794822692871
johanneskirchen,xgboost,spring_2024,293,12,1.254981279373169,3.0,1.745018720626831
johanneskirchen,xgboost,spring_2024,294,12,1.4740749597549438,3.0,1.5259250402450562
johanneskirchen,xgboost,spring_2024,295,12,1.5831758975982666,4.0,2.4168241024017334
johanneskirchen,xgboost,spring_2024,296,12,1.5464792251586914,3.0,1.4535207748413086
johanneskirchen,xgboost,spring_2024,297,12,1.8281700611114502,3.0,1.1718299388885498
johanneskirchen,xgboost,spring_2024,298,12,1.4167540073394775,2.0,0.5832459926605225
johanneskirchen,xgboost,spring_2024,299,12,1.5313163995742798,2.0,0.4686836004257202
johanneskirchen,xgboost,spring_2024,300,12,1.5504224300384521,2.0,0.44957756996154785
johanneskirchen,xgboost,spring_2024,301,12,1.3958772420883179,2.0,0.6041227579116821
johanneskirchen,xgboost,spring_2024,302,12,1.3164576292037964,2.0,0.6835423707962036
johanneskirchen,xgboost,spring_2024,303,12,1.2719634771347046,2.0,0.7280365228652954
johanneskirchen,xgboost,spring_2024,304,12,1.4000043869018555,2.0,0.5999956130981445
johanneskirchen,xgboost,spring_2024,305,12,1.7708455324172974,4.0,2.2291544675827026
johanneskirchen,xgboost,spring_2024,306,12,1.5591667890548706,3.0,1.4408332109451294
johanneskirchen,xgboost,spring_2024,307,12,1.1900758743286133,2.0,0.8099241256713867
johanneskirchen,xgboost,spring_2024,308,12,1.163496732711792,2.0,0.836503267288208
johanneskirchen,xgboost,spring_2024,309,12,1.0426650047302246,2.0,0.9573349952697754
johanneskirchen,xgboost,spring_2024,310,12,1.0490576028823853,1.0,0.049057602882385254
johanneskirchen,xgboost,spring_2024,311,12,0.9759618639945984,1.0,0.02403813600540161
johanneskirchen,xgboost,spring_2024,312,13,0.9388388991355896,1.0,0.0611611008644104
johanneskirchen,xgboost,spring_2024,313,13,0.7929895520210266,1.0,0.2070104479789734
johanneskirchen,xgboost,spring_2024,314,13,0.6520240902900696,2.0,1.3479759097099304
johanneskirchen,xgboost,spring_2024,315,13,0.6398722529411316,2.0,1.3601277470588684
johanneskirchen,xgboost,spring_2024,316,13,0.6817156672477722,2.0,1.3182843327522278
johanneskirchen,xgboost,spring_2024,317,13,0.6353269219398499,2.0,1.3646730780601501
johanneskirchen,xgboost,spring_2024,318,13,0.6208723783493042,2.0,1.3791276216506958
johanneskirchen,xgboost,spring_2024,319,13,0.5886337161064148,2.0,1.4113662838935852
johanneskirchen,xgboost,spring_2024,320,13,0.5379165410995483,2.0,1.4620834589004517
johanneskirchen,xgboost,spring_2024,321,13,0.5628923177719116,2.0,1.4371076822280884
johanneskirchen,xgboost,spring_2024,322,13,0.5831358432769775,3.0,2.4168641567230225
johanneskirchen,xgboost,spring_2024,323,13,0.5899863839149475,4.0,3.4100136160850525
johanneskirchen,xgboost,spring_2024,324,13,0.7839546799659729,4.0,3.216045320034027
johanneskirchen,xgboost,spring_2024,325,13,0.8962251543998718,3.0,2.103774845600128
johanneskirchen,xgboost,spring_2024,326,13,1.0946035385131836,3.0,1.9053964614868164
johanneskirchen,xgboost,spring_2024,327,13,1.3032361268997192,3.0,1.6967638731002808
johanneskirchen,xgboost,spring_2024,328,13,1.281751275062561,3.0,1.718248724937439
johanneskirchen,xgboost,spring_2024,329,13,1.2506645917892456,3.0,1.7493354082107544
johanneskirchen,xgboost,spring_2024,330,13,1.3230305910110474,4.0,2.6769694089889526
johanneskirchen,xgboost,spring_2024,331,13,1.4380009174346924,4.0,2.5619990825653076
johanneskirchen,xgboost,spring_2024,332,13,1.8739326000213623,5.0,3.1260673999786377
johanneskirchen,xgboost,spring_2024,333,13,1.8946176767349243,6.0,4.105382323265076
johanneskirchen,xgboost,spring_2024,334,13,2.116131067276001,6.0,3.883868932723999
johanneskirchen,xgboost,spring_2024,335,13,2.3064181804656982,6.0,3.6935818195343018
johanneskirchen,xgboost,spring_2024,336,14,2.9537265300750732,5.0,2.0462734699249268
johanneskirchen,xgboost,spring_2024,337,14,3.1487669944763184,4.0,0.8512330055236816
johanneskirchen,xgboost,spring_2024,338,14,3.6572043895721436,5.0,1.3427956104278564
johanneskirchen,xgboost,spring_2024,339,14,3.6170191764831543,4.0,0.3829808235168457
johanneskirchen,xgboost,spring_2024,340,14,3.806633234024048,6.0,2.193366765975952
johanneskirchen,xgboost,spring_2024,341,14,4.011263370513916,4.0,0.011263370513916016
johanneskirchen,xgboost,spring_2024,342,14,4.098204135894775,4.0,0.09820413589477539
johanneskirchen,xgboost,spring_2024,343,14,4.155539035797119,4.0,0.15553903579711914
johanneskirchen,xgboost,spring_2024,344,14,4.461902141571045,3.0,1.461902141571045
johanneskirchen,xgboost,spring_2024,345,14,3.6261355876922607,2.0,1.6261355876922607
johanneskirchen,xgboost,spring_2024,346,14,2.729771375656128,2.0,0.7297713756561279
johanneskirchen,xgboost,spring_2024,347,14,2.5248920917510986,2.0,0.5248920917510986
johanneskirchen,xgboost,spring_2024,348,14,2.544877052307129,2.0,0.5448770523071289
johanneskirchen,xgboost,spring_2024,349,14,2.3325252532958984,2.0,0.33252525329589844
johanneskirchen,xgboost,spring_2024,350,14,2.4210779666900635,2.0,0.4210779666900635
johanneskirchen,xgboost,spring_2024,351,14,2.70611834526062,2.0,0.7061183452606201
johanneskirchen,xgboost,spring_2024,352,14,2.837279796600342,2.0,0.8372797966003418
johanneskirchen,xgboost,spring_2024,353,14,3.1949362754821777,3.0,0.19493627548217773
johanneskirchen,xgboost,spring_2024,354,14,3.7583978176116943,4.0,0.24160218238830566
johanneskirchen,xgboost,spring_2024,355,14,4.8071818351745605,6.0,1.1928181648254395
johanneskirchen,xgboost,spring_2024,356,14,5.8591628074646,7.0,1.1408371925354004
johanneskirchen,xgboost,spring_2024,357,14,6.755106449127197,6.0,0.7551064491271973
johanneskirchen,xgboost,spring_2024,358,14,6.700002670288086,5.0,1.700002670288086
johanneskirchen,xgboost,spring_2024,359,14,6.058300018310547,4.0,2.058300018310547
johanneskirchen,xgboost,spring_2024,360,15,5.962393760681152,5.0,0.9623937606811523
johanneskirchen,xgboost,spring_2024,361,15,5.891615390777588,6.0,0.10838460922241211
johanneskirchen,xgboost,spring_2024,362,15,6.014191627502441,6.0,0.014191627502441406
johanneskirchen,xgboost,spring_2024,363,15,6.174330711364746,6.0,0.1743307113647461
johanneskirchen,xgboost,spring_2024,364,15,7.168044090270996,7.0,0.1680440902709961
johanneskirchen,xgboost,spring_2024,365,15,7.739897727966309,9.0,1.2601022720336914
johanneskirchen,xgboost,spring_2024,366,15,7.321755409240723,8.0,0.6782445907592773
johanneskirchen,xgboost,spring_2024,367,15,5.778331756591797,5.0,0.7783317565917969
johanneskirchen,xgboost,spring_2024,368,15,5.540707588195801,3.0,2.540707588195801
johanneskirchen,xgboost,spring_2024,369,15,5.455501079559326,2.0,3.455501079559326
johanneskirchen,xgboost,spring_2024,370,15,5.611331939697266,3.0,2.6113319396972656
johanneskirchen,xgboost,spring_2024,371,15,5.881933689117432,3.0,2.8819336891174316
johanneskirchen,xgboost,spring_2024,372,15,5.950970649719238,4.0,1.9509706497192383
johanneskirchen,xgboost,spring_2024,373,15,5.315001964569092,3.0,2.315001964569092
johanneskirchen,xgboost,spring_2024,374,15,4.557699203491211,2.0,2.557699203491211
johanneskirchen,xgboost,spring_2024,375,15,4.364356994628906,3.0,1.3643569946289062
johanneskirchen,xgboost,spring_2024,376,15,4.278347015380859,3.0,1.2783470153808594
johanneskirchen,xgboost,spring_2024,377,15,4.5528998374938965,3.0,1.5528998374938965
johanneskirchen,xgboost,spring_2024,378,15,6.720821857452393,5.0,1.7208218574523926
johanneskirchen,xgboost,spring_2024,379,15,13.851049423217773,14.0,0.14895057678222656
johanneskirchen,xgboost,spring_2024,380,15,31.985427856445312,31.0,0.9854278564453125
johanneskirchen,xgboost,spring_2024,381,15,24.319839477539062,22.0,2.3198394775390625
johanneskirchen,xgboost,spring_2024,382,15,23.516578674316406,23.0,0.5165786743164062
johanneskirchen,xgboost,spring_2024,383,15,18.00227165222168,16.0,2.0022716522216797
johanneskirchen,xgboost,spring_2024,384,16,11.267850875854492,11.0,0.2678508758544922
johanneskirchen,xgboost,spring_2024,385,16,7.986621379852295,9.0,1.013378620147705
johanneskirchen,xgboost,spring_2024,386,16,7.069319248199463,9.0,1.930680751800537
johanneskirchen,xgboost,spring_2024,387,16,6.061434745788574,7.0,0.9385652542114258
johanneskirchen,xgboost,spring_2024,388,16,4.991939067840576,6.0,1.0080609321594238
johanneskirchen,xgboost,spring_2024,389,16,3.6295175552368164,4.0,0.3704824447631836
johanneskirchen,xgboost,spring_2024,390,16,2.634788990020752,3.0,0.36521100997924805
johanneskirchen,xgboost,spring_2024,391,16,2.4690494537353516,3.0,0.5309505462646484
johanneskirchen,xgboost,spring_2024,392,16,3.0271148681640625,3.0,0.0271148681640625
johanneskirchen,xgboost,spring_2024,393,16,3.4169139862060547,3.0,0.4169139862060547
johanneskirchen,xgboost,spring_2024,394,16,3.7144765853881836,3.0,0.7144765853881836
johanneskirchen,xgboost,spring_2024,395,16,6.382421970367432,4.0,2.3824219703674316
johanneskirchen,xgboost,spring_2024,396,16,12.213841438293457,6.0,6.213841438293457
johanneskirchen,xgboost,spring_2024,397,16,16.080345153808594,6.0,10.080345153808594
johanneskirchen,xgboost,spring_2024,398,16,17.32947540283203,8.0,9.329475402832031
johanneskirchen,xgboost,spring_2024,399,16,16.36651039123535,8.0,8.366510391235352
johanneskirchen,xgboost,spring_2024,400,16,17.576019287109375,8.0,9.576019287109375
johanneskirchen,xgboost,spring_2024,401,16,19.935894012451172,10.0,9.935894012451172
johanneskirchen,xgboost,spring_2024,402,16,23.57692527770996,10.0,13.576925277709961
johanneskirchen,xgboost,spring_2024,403,16,26.372896194458008,12.0,14.372896194458008
johanneskirchen,xgboost,spring_2024,404,16,27.450328826904297,13.0,14.450328826904297
johanneskirchen,xgboost,spring_2024,405,16,20.840084075927734,10.0,10.840084075927734
johanneskirchen,xgboost,spring_2024,406,16,17.424640655517578,11.0,6.424640655517578
johanneskirchen,xgboost,spring_2024,407,16,15.1166410446167,11.0,4.116641044616699
johanneskirchen,xgboost,spring_2024,408,17,13.25853157043457,9.0,4.25853157043457
johanneskirchen,xgboost,spring_2024,409,17,12.163137435913086,9.0,3.163137435913086
johanneskirchen,xgboost,spring_2024,410,17,11.337733268737793,8.0,3.337733268737793
johanneskirchen,xgboost,spring_2024,411,17,11.363950729370117,8.0,3.363950729370117
johanneskirchen,xgboost,spring_2024,412,17,12.452288627624512,8.0,4.452288627624512
johanneskirchen,xgboost,spring_2024,413,17,16.59596061706543,11.0,5.59596061706543
johanneskirchen,xgboost,spring_2024,414,17,16.81290626525879,11.0,5.812906265258789
johanneskirchen,xgboost,spring_2024,415,17,17.088937759399414,12.0,5.088937759399414
johanneskirchen,xgboost,spring_2024,416,17,19.38080406188965,12.0,7.380804061889648
johanneskirchen,xgboost,spring_2024,417,17,22.80002784729004,13.0,9.800027847290039
johanneskirchen,xgboost,spring_2024,418,17,25.34670639038086,11.0,14.34670639038086
johanneskirchen,xgboost,spring_2024,419,17,27.819095611572266,13.0,14.819095611572266
johanneskirchen,xgboost,spring_2024,420,17,28.69204330444336,15.0,13.69204330444336
johanneskirchen,xgboost,spring_2024,421,17,29.96010971069336,16.0,13.96010971069336
johanneskirchen,xgboost,spring_2024,422,17,29.509639739990234,19.0,10.509639739990234
johanneskirchen,xgboost,spring_2024,423,17,29.93672752380371,20.0,9.936727523803711
johanneskirchen,xgboost,spring_2024,424,17,30.12653923034668,21.0,9.12653923034668
johanneskirchen,xgboost,spring_2024,425,17,29.81993293762207,21.0,8.81993293762207
johanneskirchen,xgboost,spring_2024,426,17,30.34110450744629,22.0,8.341104507446289
johanneskirchen,xgboost,spring_2024,427,17,30.845109939575195,21.0,9.845109939575195
johanneskirchen,xgboost,spring_2024,428,17,31.432483673095703,20.0,11.432483673095703
johanneskirchen,xgboost,spring_2024,429,17,31.95609474182129,20.0,11.956094741821289
johanneskirchen,xgboost,spring_2024,430,17,28.331615447998047,19.0,9.331615447998047
johanneskirchen,xgboost,spring_2024,431,17,26.88886070251465,16.0,10.888860702514648
johanneskirchen,xgboost,spring_2024,432,18,24.186429977416992,13.0,11.186429977416992
johanneskirchen,xgboost,spring_2024,433,18,21.55076026916504,12.0,9.550760269165039
johanneskirchen,xgboost,spring_2024,434,18,19.574289321899414,11.0,8.574289321899414
johanneskirchen,xgboost,spring_2024,435,18,18.389509201049805,12.0,6.389509201049805
johanneskirchen,xgboost,spring_2024,436,18,17.568592071533203,13.0,4.568592071533203
johanneskirchen,xgboost,spring_2024,437,18,18.0839786529541,12.0,6.083978652954102
johanneskirchen,xgboost,spring_2024,438,18,18.831600189208984,13.0,5.831600189208984
johanneskirchen,xgboost,spring_2024,439,18,23.93069076538086,13.0,10.93069076538086
johanneskirchen,xgboost,spring_2024,440,18,22.7860164642334,12.0,10.786016464233398
johanneskirchen,xgboost,spring_2024,441,18,21.780244827270508,12.0,9.780244827270508
johanneskirchen,xgboost,spring_2024,442,18,21.983957290649414,12.0,9.983957290649414
johanneskirchen,xgboost,spring_2024,443,18,21.071636199951172,12.0,9.071636199951172
johanneskirchen,xgboost,spring_2024,444,18,22.991689682006836,13.0,9.991689682006836
johanneskirchen,xgboost,spring_2024,445,18,20.178274154663086,12.0,8.178274154663086
johanneskirchen,xgboost,spring_2024,446,18,8.651769638061523,4.0,4.651769638061523
johanneskirchen,xgboost,spring_2024,447,18,4.980216979980469,3.0,1.9802169799804688
johanneskirchen,xgboost,spring_2024,448,18,3.902437448501587,2.0,1.902437448501587
johanneskirchen,xgboost,spring_2024,449,18,3.248154878616333,2.0,1.248154878616333
johanneskirchen,xgboost,spring_2024,450,18,2.659607172012329,2.0,0.6596071720123291
johanneskirchen,xgboost,spring_2024,451,18,2.4489831924438477,1.0,1.4489831924438477
johanneskirchen,xgboost,spring_2024,452,18,2.5863583087921143,1.0,1.5863583087921143
johanneskirchen,xgboost,spring_2024,453,18,2.5446479320526123,0.9,1.6446479320526124
johanneskirchen,xgboost,spring_2024,454,18,2.663491725921631,1.0,1.6634917259216309
johanneskirchen,xgboost,spring_2024,455,18,2.616497039794922,1.0,1.6164970397949219
johanneskirchen,xgboost,spring_2024,456,19,2.601766347885132,0.7,1.9017663478851319
johanneskirchen,xgboost,spring_2024,457,19,2.4819631576538086,0.6,1.8819631576538085
johanneskirchen,xgboost,spring_2024,458,19,2.506401538848877,0.7,1.806401538848877
johanneskirchen,xgboost,spring_2024,459,19,2.538637399673462,0.9,1.638637399673462
johanneskirchen,xgboost,spring_2024,460,19,2.4982693195343018,1.0,1.4982693195343018
johanneskirchen,xgboost,spring_2024,461,19,2.50112247467041,1.0,1.5011224746704102
johanneskirchen,xgboost,spring_2024,462,19,2.5796797275543213,1.0,1.5796797275543213
johanneskirchen,xgboost,spring_2024,463,19,2.601166248321533,2.0,0.6011662483215332
johanneskirchen,xgboost,spring_2024,464,19,3.0233356952667236,2.0,1.0233356952667236
johanneskirchen,xgboost,spring_2024,465,19,3.4908218383789062,3.0,0.49082183837890625
johanneskirchen,xgboost,spring_2024,466,19,3.4499919414520264,3.0,0.44999194145202637
johanneskirchen,xgboost,spring_2024,467,19,3.3262479305267334,3.0,0.3262479305267334
johanneskirchen,xgboost,spring_2024,468,19,3.1875312328338623,2.0,1.1875312328338623
johanneskirchen,xgboost,spring_2024,469,19,3.3879919052124023,3.0,0.38799190521240234
johanneskirchen,xgboost,spring_2024,470,19,3.2372453212738037,3.0,0.2372453212738037
johanneskirchen,xgboost,spring_2024,471,19,3.080643653869629,4.0,0.9193563461303711
johanneskirchen,xgboost,spring_2024,472,19,3.1797850131988525,4.0,0.8202149868011475
johanneskirchen,xgboost,spring_2024,473,19,3.3665809631347656,5.0,1.6334190368652344
johanneskirchen,xgboost,spring_2024,474,19,3.653818368911743,5.0,1.3461816310882568
johanneskirchen,xgboost,spring_2024,475,19,4.553955078125,9.0,4.446044921875
johanneskirchen,xgboost,spring_2024,476,19,7.011407852172852,8.0,0.9885921478271484
johanneskirchen,xgboost,spring_2024,477,19,7.967827320098877,8.0,0.03217267990112305
johanneskirchen,xgboost,spring_2024,478,19,9.113804817199707,9.0,0.11380481719970703
johanneskirchen,xgboost,spring_2024,479,19,10.486654281616211,10.0,0.48665428161621094
johanneskirchen,xgboost,spring_2024,480,20,12.70836353302002,9.0,3.7083635330200195
johanneskirchen,xgboost,spring_2024,481,20,13.362504959106445,9.0,4.362504959106445
johanneskirchen,xgboost,spring_2024,482,20,13.260659217834473,8.0,5.260659217834473
johanneskirchen,xgboost,spring_2024,483,20,13.366292953491211,9.0,4.366292953491211
johanneskirchen,xgboost,spring_2024,484,20,12.821640968322754,9.0,3.821640968322754
johanneskirchen,xgboost,spring_2024,485,20,12.782007217407227,9.0,3.7820072174072266
johanneskirchen,xgboost,spring_2024,486,20,12.520974159240723,8.0,4.520974159240723
johanneskirchen,xgboost,spring_2024,487,20,12.362811088562012,9.0,3.3628110885620117
johanneskirchen,xgboost,spring_2024,488,20,11.029995918273926,8.0,3.029995918273926
johanneskirchen,xgboost,spring_2024,489,20,10.516897201538086,7.0,3.516897201538086
johanneskirchen,xgboost,spring_2024,490,20,10.476851463317871,8.0,2.476851463317871
johanneskirchen,xgboost,spring_2024,491,20,10.257340431213379,8.0,2.257340431213379
johanneskirchen,xgboost,spring_2024,492,20,9.617703437805176,8.0,1.6177034378051758
johanneskirchen,xgboost,spring_2024,493,20,9.332783699035645,8.0,1.3327836990356445
johanneskirchen,xgboost,spring_2024,494,20,9.564833641052246,8.0,1.564833641052246
johanneskirchen,xgboost,spring_2024,495,20,9.87653923034668,9.0,0.8765392303466797
johanneskirchen,xgboost,spring_2024,496,20,10.197571754455566,9.0,1.1975717544555664
johanneskirchen,xgboost,spring_2024,497,20,10.366118431091309,9.0,1.3661184310913086
johanneskirchen,xgboost,spring_2024,498,20,10.991994857788086,9.0,1.991994857788086
johanneskirchen,xgboost,spring_2024,499,20,11.245759963989258,12.0,0.7542400360107422
johanneskirchen,xgboost,spring_2024,500,20,12.958333969116211,15.0,2.041666030883789
johanneskirchen,xgboost,spring_2024,501,20,14.906693458557129,14.0,0.9066934585571289
johanneskirchen,xgboost,spring_2024,502,20,15.178817749023438,16.0,0.8211822509765625
johanneskirchen,xgboost,spring_2024,503,20,15.545098304748535,17.0,1.4549016952514648
johanneskirchen,xgboost,spring_2024,504,21,14.962210655212402,15.0,0.037789344787597656
johanneskirchen,xgboost,spring_2024,505,21,14.275914192199707,13.0,1.275914192199707
johanneskirchen,xgboost,spring_2024,506,21,13.65294075012207,12.0,1.6529407501220703
johanneskirchen,xgboost,spring_2024,507,21,12.637560844421387,10.0,2.6375608444213867
johanneskirchen,xgboost,spring_2024,508,21,11.389662742614746,10.0,1.389662742614746
johanneskirchen,xgboost,spring_2024,509,21,11.150012016296387,9.0,2.1500120162963867
johanneskirchen,xgboost,spring_2024,510,21,11.35675048828125,10.0,1.35675048828125
johanneskirchen,xgboost,spring_2024,511,21,11.537248611450195,9.0,2.5372486114501953
johanneskirchen,xgboost,spring_2024,512,21,11.771039962768555,9.0,2.7710399627685547
johanneskirchen,xgboost,spring_2024,513,21,12.125798225402832,9.0,3.125798225402832
johanneskirchen,xgboost,spring_2024,514,21,11.912947654724121,9.0,2.912947654724121
johanneskirchen,xgboost,spring_2024,515,21,12.153389930725098,10.0,2.1533899307250977
johanneskirchen,xgboost,spring_2024,516,21,12.524868965148926,11.0,1.5248689651489258
johanneskirchen,xgboost,spring_2024,517,21,12.660633087158203,14.0,1.3393669128417969
johanneskirchen,xgboost,spring_2024,518,21,12.631536483764648,16.0,3.3684635162353516
johanneskirchen,xgboost,spring_2024,519,21,12.429828643798828,13.0,0.5701713562011719
johanneskirchen,xgboost,spring_2024,520,21,12.263374328613281,11.0,1.2633743286132812
johanneskirchen,xgboost,spring_2024,521,21,12.069116592407227,10.0,2.0691165924072266
johanneskirchen,xgboost,spring_2024,522,21,12.290115356445312,10.0,2.2901153564453125
johanneskirchen,xgboost,spring_2024,523,21,14.624276161193848,14.0,0.6242761611938477
johanneskirchen,xgboost,spring_2024,524,21,16.286489486694336,17.0,0.7135105133056641
johanneskirchen,xgboost,spring_2024,525,21,18.223079681396484,19.0,0.7769203186035156
johanneskirchen,xgboost,spring_2024,526,21,18.607328414916992,22.0,3.392671585083008
johanneskirchen,xgboost,spring_2024,527,21,17.10575294494629,18.0,0.8942470550537109
johanneskirchen,xgboost,spring_2024,528,22,15.465550422668457,16.0,0.534449577331543
johanneskirchen,xgboost,spring_2024,529,22,14.622110366821289,14.0,0.6221103668212891
johanneskirchen,xgboost,spring_2024,530,22,13.744364738464355,13.0,0.7443647384643555
johanneskirchen,xgboost,spring_2024,531,22,12.529074668884277,12.0,0.5290746688842773
johanneskirchen,xgboost,spring_2024,532,22,11.937396049499512,11.0,0.9373960494995117
johanneskirchen,xgboost,spring_2024,533,22,11.61337661743164,10.0,1.6133766174316406
johanneskirchen,xgboost,spring_2024,534,22,11.215328216552734,10.0,1.2153282165527344
johanneskirchen,xgboost,spring_2024,535,22,9.547520637512207,7.0,2.547520637512207
johanneskirchen,xgboost,spring_2024,536,22,8.68276596069336,6.0,2.6827659606933594
johanneskirchen,xgboost,spring_2024,537,22,8.699789047241211,6.0,2.699789047241211
johanneskirchen,xgboost,spring_2024,538,22,9.1676607131958,7.0,2.167660713195801
johanneskirchen,xgboost,spring_2024,539,22,10.010388374328613,8.0,2.0103883743286133
johanneskirchen,xgboost,spring_2024,540,22,9.995590209960938,8.0,1.9955902099609375
johanneskirchen,xgboost,spring_2024,541,22,9.40575122833252,8.0,1.4057512283325195
johanneskirchen,xgboost,spring_2024,542,22,8.923489570617676,6.0,2.923489570617676
johanneskirchen,xgboost,spring_2024,543,22,8.73131275177002,7.0,1.7313127517700195
johanneskirchen,xgboost,spring_2024,544,22,9.034619331359863,9.0,0.03461933135986328
johanneskirchen,xgboost,spring_2024,545,22,10.57409381866455,12.0,1.4259061813354492
johanneskirchen,xgboost,spring_2024,546,22,12.571343421936035,11.0,1.5713434219360352
johanneskirchen,xgboost,spring_2024,547,22,15.119215965270996,13.0,2.119215965270996
johanneskirchen,xgboost,spring_2024,548,22,19.247379302978516,18.0,1.2473793029785156
johanneskirchen,xgboost,spring_2024,549,22,23.378374099731445,28.0,4.621625900268555
johanneskirchen,xgboost,spring_2024,550,22,22.036396026611328,23.0,0.9636039733886719
johanneskirchen,xgboost,spring_2024,551,22,11.035968780517578,11.0,0.035968780517578125
johanneskirchen,xgboost,spring_2024,552,23,7.28611946105957,7.0,0.2861194610595703
johanneskirchen,xgboost,spring_2024,553,23,6.805417060852051,7.0,0.19458293914794922
johanneskirchen,xgboost,spring_2024,554,23,6.767607688903809,7.0,0.2323923110961914
johanneskirchen,xgboost,spring_2024,555,23,6.95557165145874,7.0,0.044428348541259766
johanneskirchen,xgboost,spring_2024,556,23,6.265298366546631,6.0,0.26529836654663086
johanneskirchen,xgboost,spring_2024,557,23,6.212099075317383,5.0,1.2120990753173828
johanneskirchen,xgboost,spring_2024,558,23,5.591507911682129,4.0,1.591507911682129
johanneskirchen,xgboost,spring_2024,559,23,5.136893272399902,3.0,2.1368932723999023
johanneskirchen,xgboost,spring_2024,560,23,4.5087361335754395,3.0,1.5087361335754395
johanneskirchen,xgboost,spring_2024,561,23,4.422542095184326,3.0,1.4225420951843262
johanneskirchen,xgboost,spring_2024,562,23,4.568176746368408,3.0,1.5681767463684082
johanneskirchen,xgboost,spring_2024,563,23,4.660828113555908,3.0,1.6608281135559082
johanneskirchen,xgboost,spring_2024,564,23,5.199764251708984,4.0,1.1997642517089844
johanneskirchen,xgboost,spring_2024,565,23,5.582809925079346,5.0,0.5828099250793457
johanneskirchen,xgboost,spring_2024,566,23,6.5196404457092285,5.0,1.5196404457092285
johanneskirchen,xgboost,spring_2024,567,23,7.356753826141357,6.0,1.3567538261413574
johanneskirchen,xgboost,spring_2024,568,23,8.282456398010254,6.0,2.282456398010254
johanneskirchen,xgboost,spring_2024,569,23,8.541165351867676,6.0,2.541165351867676
johanneskirchen,xgboost,spring_2024,570,23,9.060028076171875,7.0,2.060028076171875
johanneskirchen,xgboost,spring_2024,571,23,10.144763946533203,9.0,1.1447639465332031
johanneskirchen,xgboost,spring_2024,572,23,11.029396057128906,10.0,1.0293960571289062
johanneskirchen,xgboost,spring_2024,573,23,11.88630485534668,10.0,1.8863048553466797
johanneskirchen,xgboost,spring_2024,574,23,13.30600643157959,12.0,1.3060064315795898
johanneskirchen,xgboost,spring_2024,575,23,13.47678279876709,13.0,0.47678279876708984
johanneskirchen,xgboost,spring_2024,576,24,13.72111988067627,14.0,0.27888011932373047
johanneskirchen,xgboost,spring_2024,577,24,13.003808975219727,15.0,1.9961910247802734
johanneskirchen,xgboost,spring_2024,578,24,9.751617431640625,8.0,1.751617431640625
johanneskirchen,xgboost,spring_2024,579,24,7.20474100112915,6.0,1.2047410011291504
johanneskirchen,xgboost,spring_2024,580,24,6.059395790100098,5.0,1.0593957901000977
johanneskirchen,xgboost,spring_2024,581,24,6.785412788391113,7.0,0.21458721160888672
johanneskirchen,xgboost,spring_2024,582,24,7.798853874206543,8.0,0.20114612579345703
johanneskirchen,xgboost,spring_2024,583,24,8.75330924987793,10.0,1.2466907501220703
johanneskirchen,xgboost,spring_2024,584,24,9.358052253723145,8.0,1.3580522537231445
johanneskirchen,xgboost,spring_2024,585,24,9.885132789611816,7.0,2.8851327896118164
johanneskirchen,xgboost,spring_2024,586,24,11.257804870605469,9.0,2.2578048706054688
johanneskirchen,xgboost,spring_2024,587,24,11.622249603271484,9.0,2.6222496032714844
johanneskirchen,xgboost,spring_2024,588,24,10.773882865905762,8.0,2.7738828659057617
johanneskirchen,xgboost,spring_2024,589,24,10.131110191345215,9.0,1.1311101913452148
johanneskirchen,xgboost,spring_2024,590,24,9.416458129882812,9.0,0.4164581298828125
johanneskirchen,xgboost,spring_2024,591,24,7.913644313812256,6.0,1.9136443138122559
johanneskirchen,xgboost,spring_2024,592,24,7.247608661651611,7.0,0.24760866165161133
johanneskirchen,xgboost,spring_2024,593,24,6.633667469024658,5.0,1.6336674690246582
johanneskirchen,xgboost,spring_2024,594,24,6.743170738220215,5.0,1.7431707382202148
johanneskirchen,xgboost,spring_2024,595,24,6.617962837219238,6.0,0.6179628372192383
johanneskirchen,xgboost,spring_2024,596,24,6.469366073608398,4.0,2.4693660736083984
johanneskirchen,xgboost,spring_2024,597,24,5.937665939331055,4.0,1.9376659393310547
johanneskirchen,xgboost,spring_2024,598,24,5.28369665145874,4.0,1.2836966514587402
johanneskirchen,xgboost,spring_2024,599,24,3.2711703777313232,2.0,1.2711703777313232
johanneskirchen,xgboost,spring_2024,600,25,2.273881435394287,0.9,1.3738814353942872
johanneskirchen,xgboost,spring_2024,601,25,2.089073896408081,0.6,1.489073896408081
johanneskirchen,xgboost,spring_2024,602,25,1.871130108833313,1.0,0.871130108833313
johanneskirchen,xgboost,spring_2024,603,25,1.092987060546875,0.8,0.29298706054687496
johanneskirchen,xgboost,spring_2024,604,25,1.1010103225708008,1.0,0.10101032257080078
johanneskirchen,xgboost,spring_2024,605,25,1.1246520280838013,1.0,0.12465202808380127
johanneskirchen,xgboost,spring_2024,606,25,1.1783735752105713,2.0,0.8216264247894287
johanneskirchen,xgboost,spring_2024,607,25,1.1564099788665771,1.0,0.15640997886657715
johanneskirchen,xgboost,spring_2024,608,25,1.1253950595855713,0.9,0.22539505958557127
johanneskirchen,xgboost,spring_2024,609,25,1.302319884300232,1.0,0.30231988430023193
johanneskirchen,xgboost,spring_2024,610,25,1.3690292835235596,3.0,1.6309707164764404
johanneskirchen,xgboost,spring_2024,611,25,1.5146070718765259,4.0,2.485392928123474
johanneskirchen,xgboost,spring_2024,612,25,1.5044549703598022,4.0,2.4955450296401978
johanneskirchen,xgboost,spring_2024,613,25,1.3566279411315918,4.0,2.643372058868408
johanneskirchen,xgboost,spring_2024,614,25,1.6302913427352905,4.0,2.3697086572647095
johanneskirchen,xgboost,spring_2024,615,25,1.614025354385376,4.0,2.385974645614624
johanneskirchen,xgboost,spring_2024,616,25,1.4752635955810547,4.0,2.5247364044189453
johanneskirchen,xgboost,spring_2024,617,25,1.4979923963546753,3.0,1.5020076036453247
johanneskirchen,xgboost,spring_2024,618,25,1.5325125455856323,4.0,2.4674874544143677
johanneskirchen,xgboost,spring_2024,619,25,1.4275435209274292,4.0,2.572456479072571
johanneskirchen,xgboost,spring_2024,620,25,1.3474088907241821,4.0,2.652591109275818
johanneskirchen,xgboost,spring_2024,621,25,1.2154734134674072,4.0,2.7845265865325928
johanneskirchen,xgboost,spring_2024,622,25,1.151002287864685,3.0,1.848997712135315
johanneskirchen,xgboost,spring_2024,623,25,1.1245988607406616,3.0,1.8754011392593384
johanneskirchen,xgboost,spring_2024,624,26,1.2898032665252686,3.0,1.7101967334747314
johanneskirchen,xgboost,spring_2024,625,26,1.1212702989578247,2.0,0.8787297010421753
johanneskirchen,xgboost,spring_2024,626,26,1.0310964584350586,2.0,0.9689035415649414
johanneskirchen,xgboost,spring_2024,627,26,0.7899425625801086,2.0,1.2100574374198914
johanneskirchen,xgboost,spring_2024,628,26,0.6642546057701111,2.0,1.335745394229889
johanneskirchen,xgboost,spring_2024,629,26,0.7391358613967896,3.0,2.2608641386032104
johanneskirchen,xgboost,spring_2024,630,26,1.1845791339874268,3.0,1.8154208660125732
johanneskirchen,xgboost,spring_2024,631,26,1.7268970012664795,3.0,1.2731029987335205
johanneskirchen,xgboost,spring_2024,632,26,1.4581530094146729,2.0,0.5418469905853271
johanneskirchen,xgboost,spring_2024,633,26,1.442649483680725,2.0,0.5573505163192749
johanneskirchen,xgboost,spring_2024,634,26,1.5306882858276367,3.0,1.4693117141723633
johanneskirchen,xgboost,spring_2024,635,26,1.7967320680618286,3.0,1.2032679319381714
johanneskirchen,xgboost,spring_2024,636,26,1.7947018146514893,4.0,2.2052981853485107
johanneskirchen,xgboost,spring_2024,637,26,1.5408552885055542,4.0,2.459144711494446
johanneskirchen,xgboost,spring_2024,638,26,1.4728273153305054,2.0,0.5271726846694946
johanneskirchen,xgboost,spring_2024,639,26,1.6251673698425293,1.0,0.6251673698425293
johanneskirchen,xgboost,spring_2024,640,26,1.585715889930725,2.0,0.4142841100692749
johanneskirchen,xgboost,spring_2024,641,26,1.597719430923462,3.0,1.402280569076538
johanneskirchen,xgboost,spring_2024,642,26,1.2112815380096436,2.0,0.7887184619903564
johanneskirchen,xgboost,spring_2024,643,26,1.3895853757858276,2.0,0.6104146242141724
johanneskirchen,xgboost,spring_2024,644,26,1.4014471769332886,3.0,1.5985528230667114
johanneskirchen,xgboost,spring_2024,645,26,1.5290988683700562,3.0,1.4709011316299438
johanneskirchen,xgboost,spring_2024,646,26,1.4759262800216675,4.0,2.5240737199783325
johanneskirchen,xgboost,spring_2024,647,26,1.6001707315444946,4.0,2.3998292684555054
johanneskirchen,xgboost,spring_2024,648,27,1.8066266775131226,4.0,2.1933733224868774
johanneskirchen,xgboost,spring_2024,649,27,1.797727346420288,5.0,3.202272653579712
johanneskirchen,xgboost,spring_2024,650,27,1.8031114339828491,6.0,4.196888566017151
johanneskirchen,xgboost,spring_2024,651,27,1.9887913465499878,7.0,5.011208653450012
johanneskirchen,xgboost,spring_2024,652,27,2.454460620880127,8.0,5.545539379119873
johanneskirchen,xgboost,spring_2024,653,27,4.097816467285156,9.0,4.902183532714844
johanneskirchen,xgboost,spring_2024,654,27,5.175099849700928,8.0,2.8249001502990723
johanneskirchen,xgboost,spring_2024,655,27,5.10038948059082,5.0,0.10038948059082031
johanneskirchen,xgboost,spring_2024,656,27,5.271013259887695,6.0,0.7289867401123047
johanneskirchen,xgboost,spring_2024,657,27,5.293448448181152,6.0,0.7065515518188477
johanneskirchen,xgboost,spring_2024,658,27,4.574571132659912,4.0,0.5745711326599121
johanneskirchen,xgboost,spring_2024,659,27,4.246333599090576,4.0,0.24633359909057617
johanneskirchen,xgboost,spring_2024,660,27,4.097929000854492,4.0,0.09792900085449219
johanneskirchen,xgboost,spring_2024,661,27,3.5865471363067627,3.0,0.5865471363067627
johanneskirchen,xgboost,spring_2024,662,27,3.0694034099578857,3.0,0.06940340995788574
johanneskirchen,xgboost,spring_2024,663,27,2.8751347064971924,3.0,0.12486529350280762
johanneskirchen,xgboost,spring_2024,664,27,2.828357458114624,4.0,1.171642541885376
johanneskirchen,xgboost,spring_2024,665,27,3.3945412635803223,6.0,2.6054587364196777
johanneskirchen,xgboost,spring_2024,666,27,3.4889376163482666,4.0,0.5110623836517334
johanneskirchen,xgboost,spring_2024,667,27,3.8257761001586914,6.0,2.1742238998413086
johanneskirchen,xgboost,spring_2024,668,27,4.492999076843262,7.0,2.5070009231567383
johanneskirchen,xgboost,spring_2024,669,27,4.5402631759643555,6.0,1.4597368240356445
johanneskirchen,xgboost,spring_2024,670,27,4.094922065734863,5.0,0.9050779342651367
johanneskirchen,xgboost,spring_2024,671,27,3.627224922180176,5.0,1.3727750778198242
johanneskirchen,xgboost,spring_2024,672,28,3.2895684242248535,5.0,1.7104315757751465
johanneskirchen,xgboost,spring_2024,673,28,2.932482957839966,3.0,0.06751704216003418
johanneskirchen,xgboost,spring_2024,674,28,2.818912982940674,3.0,0.18108701705932617
johanneskirchen,xgboost,spring_2024,675,28,3.4679336547851562,3.0,0.46793365478515625
johanneskirchen,xgboost,spring_2024,676,28,3.864957094192505,4.0,0.13504290580749512
johanneskirchen,xgboost,spring_2024,677,28,4.9476118087768555,6.0,1.0523881912231445
johanneskirchen,xgboost,spring_2024,678,28,5.7215046882629395,7.0,1.2784953117370605
johanneskirchen,xgboost,spring_2024,679,28,6.242087364196777,6.0,0.24208736419677734
johanneskirchen,xgboost,spring_2024,680,28,6.922083377838135,6.0,0.9220833778381348
johanneskirchen,xgboost,spring_2024,681,28,6.084937572479248,5.0,1.084937572479248
johanneskirchen,xgboost,spring_2024,682,28,5.751440525054932,3.0,2.7514405250549316
johanneskirchen,xgboost,spring_2024,683,28,4.758187770843506,3.0,1.7581877708435059
johanneskirchen,xgboost,spring_2024,684,28,3.5595970153808594,2.0,1.5595970153808594
johanneskirchen,xgboost,spring_2024,685,28,2.484509229660034,2.0,0.4845092296600342
johanneskirchen,xgboost,spring_2024,686,28,2.2010369300842285,2.0,0.20103693008422852
johanneskirchen,xgboost,spring_2024,687,28,1.7987796068191528,2.0,0.20122039318084717
johanneskirchen,xgboost,spring_2024,688,28,1.029137134552002,1.0,0.029137134552001953
johanneskirchen,xgboost,spring_2024,689,28,1.041768193244934,0.7,0.3417681932449341
johanneskirchen,xgboost,spring_2024,690,28,1.0653291940689087,0.8,0.26532919406890865
johanneskirchen,xgboost,spring_2024,691,28,1.0588141679763794,0.7,0.35881416797637944
johanneskirchen,xgboost,spring_2024,692,28,1.1138185262680054,1.0,0.11381852626800537
johanneskirchen,xgboost,spring_2024,693,28,1.0903092622756958,1.0,0.0903092622756958
johanneskirchen,xgboost,spring_2024,694,28,1.014391541481018,1.0,0.014391541481018066
johanneskirchen,xgboost,spring_2024,695,28,1.0413633584976196,0.7,0.3413633584976197
johanneskirchen,xgboost,spring_2024,696,29,1.10447359085083,0.9,0.20447359085083006
johanneskirchen,xgboost,spring_2024,697,29,1.0242444276809692,1.0,0.02424442768096924
johanneskirchen,xgboost,spring_2024,698,29,1.038944125175476,0.7,0.3389441251754761
johanneskirchen,xgboost,spring_2024,699,29,1.0791454315185547,1.0,0.07914543151855469
johanneskirchen,xgboost,spring_2024,700,29,1.183007836341858,1.0,0.1830078363418579
johanneskirchen,xgboost,spring_2024,701,29,1.252004861831665,1.0,0.25200486183166504
johanneskirchen,xgboost,spring_2024,702,29,1.316103458404541,2.0,0.683896541595459
johanneskirchen,xgboost,spring_2024,703,29,1.3611222505569458,2.0,0.6388777494430542
johanneskirchen,xgboost,spring_2024,704,29,1.3790793418884277,2.0,0.6209206581115723
johanneskirchen,xgboost,spring_2024,705,29,1.2818373441696167,2.0,0.7181626558303833
johanneskirchen,xgboost,spring_2024,706,29,1.3188934326171875,1.0,0.3188934326171875
johanneskirchen,xgboost,spring_2024,707,29,1.1912569999694824,1.0,0.19125699996948242
johanneskirchen,xgboost,spring_2024,708,29,1.3722692728042603,2.0,0.6277307271957397
johanneskirchen,xgboost,spring_2024,709,29,1.5044153928756714,2.0,0.4955846071243286
johanneskirchen,xgboost,spring_2024,710,29,1.3638725280761719,2.0,0.6361274719238281
johanneskirchen,xgboost,spring_2024,711,29,1.3005034923553467,2.0,0.6994965076446533
johanneskirchen,xgboost,spring_2024,712,29,1.2745399475097656,2.0,0.7254600524902344
johanneskirchen,xgboost,spring_2024,713,29,1.4483637809753418,3.0,1.5516362190246582
johanneskirchen,xgboost,spring_2024,714,29,1.6390172243118286,4.0,2.3609827756881714
johanneskirchen,xgboost,spring_2024,715,29,2.272940158843994,6.0,3.727059841156006
johanneskirchen,xgboost,spring_2024,716,29,2.670874834060669,3.0,0.32912516593933105
johanneskirchen,xgboost,spring_2024,717,29,2.762505054473877,3.0,0.23749494552612305
johanneskirchen,xgboost,spring_2024,718,29,2.673222541809082,4.0,1.326777458190918
johanneskirchen,xgboost,spring_2024,719,29,2.790037155151367,4.0,1.2099628448486328
johanneskirchen,xgboost,spring_2024,720,30,3.6761815547943115,7.0,3.3238184452056885
johanneskirchen,xgboost,spring_2024,721,30,5.010282516479492,10.0,4.989717483520508
johanneskirchen,xgboost,spring_2024,722,30,5.535035610198975,9.0,3.4649643898010254
johanneskirchen,xgboost,spring_2024,723,30,5.860866546630859,8.0,2.1391334533691406
johanneskirchen,xgboost,spring_2024,724,30,5.666948318481445,8.0,2.3330516815185547
johanneskirchen,xgboost,spring_2024,725,30,5.3537468910217285,7.0,1.6462531089782715
johanneskirchen,xgboost,spring_2024,726,30,4.913469314575195,6.0,1.0865306854248047
johanneskirchen,xgboost,spring_2024,727,30,3.7633309364318848,5.0,1.2366690635681152
johanneskirchen,xgboost,spring_2024,728,30,3.1777427196502686,3.0,0.17774271965026855
johanneskirchen,xgboost,spring_2024,729,30,2.5367932319641113,2.0,0.5367932319641113
johanneskirchen,xgboost,spring_2024,730,30,2.1040170192718506,2.0,0.10401701927185059
johanneskirchen,xgboost,spring_2024,731,30,1.8211877346038818,2.0,0.17881226539611816
johanneskirchen,xgboost,spring_2024,732,30,1.213208556175232,0.8,0.4132085561752319
johanneskirchen,xgboost,spring_2024,733,30,1.0120235681533813,1.0,0.012023568153381348
johanneskirchen,xgboost,spring_2024,734,30,1.1584035158157349,1.0,0.15840351581573486
johanneskirchen,xgboost,spring_2024,735,30,1.2261700630187988,0.9,0.3261700630187988
johanneskirchen,xgboost,spring_2024,736,30,1.425108551979065,1.0,0.42510855197906494
johanneskirchen,xgboost,spring_2024,737,30,1.5206767320632935,1.0,0.5206767320632935
johanneskirchen,xgboost,spring_2024,738,30,1.4832297563552856,2.0,0.5167702436447144
johanneskirchen,xgboost,spring_2024,739,30,1.6799713373184204,3.0,1.3200286626815796
johanneskirchen,xgboost,spring_2024,740,30,1.5002851486206055,3.0,1.4997148513793945
johanneskirchen,xgboost,spring_2024,741,30,1.1207222938537598,2.0,0.8792777061462402
johanneskirchen,xgboost,spring_2024,742,30,1.4375333786010742,2.0,0.5624666213989258
johanneskirchen,xgboost,spring_2024,743,30,1.3193445205688477,2.0,0.6806554794311523
johanneskirchen,xgboost,spring_2024,744,31,1.6222057342529297,3.0,1.3777942657470703
johanneskirchen,xgboost,spring_2024,745,31,1.5701849460601807,3.0,1.4298150539398193
johanneskirchen,xgboost,spring_2024,746,31,1.5524382591247559,9.0,7.447561740875244
johanneskirchen,xgboost,spring_2024,747,31,1.964784860610962,10.0,8.035215139389038
johanneskirchen,xgboost,spring_2024,748,31,2.017383337020874,9.0,6.982616662979126
johanneskirchen,xgboost,spring_2024,749,31,3.235053777694702,10.0,6.764946222305298
johanneskirchen,xgboost,spring_2024,750,31,4.261907577514648,9.0,4.738092422485352
johanneskirchen,xgboost,spring_2024,751,31,5.290150165557861,7.0,1.7098498344421387
johanneskirchen,xgboost,spring_2024,752,31,5.243500232696533,7.0,1.7564997673034668
johanneskirchen,xgboost,spring_2024,753,31,5.032949447631836,5.0,0.03294944763183594
johanneskirchen,xgboost,spring_2024,754,31,5.203669548034668,3.0,2.203669548034668
johanneskirchen,xgboost,spring_2024,755,31,5.3222432136535645,4.0,1.3222432136535645
johanneskirchen,xgboost,spring_2024,756,31,5.578166961669922,5.0,0.5781669616699219
johanneskirchen,xgboost,spring_2024,757,31,6.410309314727783,5.0,1.4103093147277832
johanneskirchen,xgboost,spring_2024,758,31,6.34686803817749,5.0,1.3468680381774902
johanneskirchen,xgboost,spring_2024,759,31,6.455966949462891,5.0,1.4559669494628906
johanneskirchen,xgboost,spring_2024,760,31,6.5974531173706055,13.0,6.4025468826293945
johanneskirchen,xgboost,spring_2024,761,31,6.63578987121582,4.0,2.6357898712158203
johanneskirchen,xgboost,spring_2024,762,31,6.5603532791137695,4.0,2.5603532791137695
johanneskirchen,xgboost,spring_2024,763,31,6.545363426208496,4.0,2.545363426208496
johanneskirchen,xgboost,spring_2024,764,31,6.420743942260742,4.0,2.420743942260742
johanneskirchen,xgboost,spring_2024,765,31,6.166439533233643,4.0,2.1664395332336426
johanneskirchen,xgboost,spring_2024,766,31,6.242518424987793,5.0,1.242518424987793
johanneskirchen,xgboost,spring_2024,767,31,6.347754001617432,6.0,0.34775400161743164
johanneskirchen,xgboost,spring_2024,768,32,6.598249435424805,6.0,0.5982494354248047
johanneskirchen,xgboost,spring_2024,769,32,7.406131267547607,6.0,1.4061312675476074
johanneskirchen,xgboost,spring_2024,770,32,8.077733993530273,8.0,0.07773399353027344
johanneskirchen,xgboost,spring_2024,771,32,8.076228141784668,9.0,0.923771858215332
johanneskirchen,xgboost,spring_2024,772,32,8.058073997497559,9.0,0.9419260025024414
johanneskirchen,xgboost,spring_2024,773,32,8.27115535736084,10.0,1.7288446426391602
johanneskirchen,xgboost,spring_2024,774,32,8.410475730895996,9.0,0.5895242691040039
johanneskirchen,xgboost,spring_2024,775,32,8.333159446716309,9.0,0.6668405532836914
johanneskirchen,xgboost,spring_2024,776,32,7.6538987159729,9.0,1.3461012840270996
johanneskirchen,xgboost,spring_2024,777,32,7.882213115692139,8.0,0.11778688430786133
johanneskirchen,xgboost,spring_2024,778,32,7.804747581481934,7.0,0.8047475814819336
johanneskirchen,xgboost,spring_2024,779,32,7.932783603668213,8.0,0.06721639633178711
johanneskirchen,xgboost,spring_2024,780,32,7.576740264892578,8.0,0.4232597351074219
johanneskirchen,xgboost,spring_2024,781,32,7.646571159362793,9.0,1.353428840637207
johanneskirchen,xgboost,spring_2024,782,32,8.640979766845703,9.0,0.3590202331542969
johanneskirchen,xgboost,spring_2024,783,32,9.147082328796387,9.0,0.14708232879638672
johanneskirchen,xgboost,spring_2024,784,32,9.069406509399414,8.0,1.069406509399414
johanneskirchen,xgboost,spring_2024,785,32,9.55113697052002,8.0,1.5511369705200195
johanneskirchen,xgboost,spring_2024,786,32,10.30008316040039,7.0,3.3000831604003906
johanneskirchen,xgboost,spring_2024,787,32,10.571966171264648,8.0,2.5719661712646484
johanneskirchen,xgboost,spring_2024,788,32,11.009450912475586,9.0,2.009450912475586
johanneskirchen,xgboost,spring_2024,789,32,11.095584869384766,13.0,1.9044151306152344
johanneskirchen,xgboost,spring_2024,790,32,11.123112678527832,16.0,4.876887321472168
johanneskirchen,xgboost,spring_2024,791,32,11.125887870788574,16.0,4.874112129211426
johanneskirchen,xgboost,spring_2024,792,33,10.951578140258789,15.0,4.048421859741211
johanneskirchen,xgboost,spring_2024,793,33,10.767224311828613,12.0,1.2327756881713867
johanneskirchen,xgboost,spring_2024,794,33,10.508780479431152,11.0,0.49121952056884766
johanneskirchen,xgboost,spring_2024,795,33,10.440899848937988,12.0,1.5591001510620117
johanneskirchen,xgboost,spring_2024,796,33,10.510791778564453,12.0,1.4892082214355469
johanneskirchen,xgboost,spring_2024,797,33,10.65951156616211,12.0,1.3404884338378906
johanneskirchen,xgboost,spring_2024,798,33,10.39362621307373,12.0,1.6063737869262695
johanneskirchen,xgboost,spring_2024,799,33,9.857683181762695,11.0,1.1423168182373047
johanneskirchen,xgboost,spring_2024,800,33,8.75207233428955,10.0,1.2479276657104492
johanneskirchen,xgboost,spring_2024,801,33,7.731060028076172,7.0,0.7310600280761719
johanneskirchen,xgboost,spring_2024,802,33,6.458224296569824,5.0,1.4582242965698242
johanneskirchen,xgboost,spring_2024,803,33,5.430222034454346,5.0,0.4302220344543457
johanneskirchen,xgboost,spring_2024,804,33,5.544524669647217,4.0,1.5445246696472168
johanneskirchen,xgboost,spring_2024,805,33,5.537419319152832,4.0,1.537419319152832
johanneskirchen,xgboost,spring_2024,806,33,6.124701499938965,4.0,2.124701499938965
johanneskirchen,xgboost,spring_2024,807,33,6.736182689666748,5.0,1.736182689666748
johanneskirchen,xgboost,spring_2024,808,33,6.764432430267334,8.0,1.235567569732666
johanneskirchen,xgboost,spring_2024,809,33,6.688104629516602,6.0,0.6881046295166016
johanneskirchen,xgboost,spring_2024,810,33,6.2438273429870605,6.0,0.24382734298706055
johanneskirchen,xgboost,spring_2024,811,33,5.423968315124512,4.0,1.4239683151245117
johanneskirchen,xgboost,spring_2024,812,33,5.2111406326293945,4.0,1.2111406326293945
johanneskirchen,xgboost,spring_2024,813,33,4.184607028961182,5.0,0.8153929710388184
johanneskirchen,xgboost,spring_2024,814,33,3.8618762493133545,3.0,0.8618762493133545
johanneskirchen,xgboost,spring_2024,815,33,3.2892472743988037,3.0,0.2892472743988037
johanneskirchen,xgboost,spring_2024,816,34,2.6178863048553467,2.0,0.6178863048553467
johanneskirchen,xgboost,spring_2024,817,34,2.5532374382019043,2.0,0.5532374382019043
johanneskirchen,xgboost,spring_2024,818,34,2.713240623474121,3.0,0.2867593765258789
johanneskirchen,xgboost,spring_2024,819,34,2.855849266052246,3.0,0.1441507339477539
johanneskirchen,xgboost,spring_2024,820,34,2.871635675430298,3.0,0.12836432456970215
johanneskirchen,xgboost,spring_2024,821,34,2.918184280395508,3.0,0.08181571960449219
johanneskirchen,xgboost,spring_2024,822,34,2.8638792037963867,2.0,0.8638792037963867
johanneskirchen,xgboost,spring_2024,823,34,2.8955202102661133,2.0,0.8955202102661133
johanneskirchen,xgboost,spring_2024,824,34,2.9697251319885254,3.0,0.03027486801147461
johanneskirchen,xgboost,spring_2024,825,34,3.0829219818115234,3.0,0.08292198181152344
johanneskirchen,xgboost,spring_2024,826,34,3.0812251567840576,2.0,1.0812251567840576
johanneskirchen,xgboost,spring_2024,827,34,3.249314069747925,3.0,0.2493140697479248
johanneskirchen,xgboost,spring_2024,828,34,3.250654458999634,2.0,1.2506544589996338
johanneskirchen,xgboost,spring_2024,829,34,3.0795769691467285,2.0,1.0795769691467285
johanneskirchen,xgboost,spring_2024,830,34,3.027425527572632,2.0,1.0274255275726318
johanneskirchen,xgboost,spring_2024,831,34,3.0662529468536377,2.0,1.0662529468536377
johanneskirchen,xgboost,spring_2024,832,34,3.383284091949463,2.0,1.383284091949463
johanneskirchen,xgboost,spring_2024,833,34,3.302215814590454,2.0,1.302215814590454
johanneskirchen,xgboost,spring_2024,834,34,3.733370542526245,3.0,0.7333705425262451
johanneskirchen,xgboost,spring_2024,835,34,4.793578147888184,4.0,0.7935781478881836
johanneskirchen,xgboost,spring_2024,836,34,5.788234233856201,5.0,0.7882342338562012
johanneskirchen,xgboost,spring_2024,837,34,6.482377052307129,6.0,0.4823770523071289
johanneskirchen,xgboost,spring_2024,838,34,6.933893203735352,7.0,0.06610679626464844
johanneskirchen,xgboost,spring_2024,839,34,6.938940048217773,7.0,0.06105995178222656
johanneskirchen,xgboost,spring_2024,840,35,6.977280139923096,7.0,0.022719860076904297
johanneskirchen,xgboost,spring_2024,841,35,7.002707004547119,6.0,1.0027070045471191
johanneskirchen,xgboost,spring_2024,842,35,6.698448657989502,6.0,0.698448657989502
johanneskirchen,xgboost,spring_2024,843,35,6.69732666015625,5.0,1.69732666015625
johanneskirchen,xgboost,spring_2024,844,35,6.274014949798584,6.0,0.274014949798584
johanneskirchen,xgboost,spring_2024,845,35,6.0748748779296875,4.0,2.0748748779296875
johanneskirchen,xgboost,spring_2024,846,35,5.312236785888672,3.0,2.312236785888672
johanneskirchen,xgboost,spring_2024,847,35,4.319354057312012,2.0,2.3193540573120117
johanneskirchen,xgboost,spring_2024,848,35,4.066654682159424,1.0,3.066654682159424
johanneskirchen,xgboost,spring_2024,849,35,3.8247509002685547,1.0,2.8247509002685547
johanneskirchen,xgboost,spring_2024,850,35,3.648289442062378,1.0,2.648289442062378
johanneskirchen,xgboost,spring_2024,851,35,3.389103412628174,1.0,2.389103412628174
johanneskirchen,xgboost,spring_2024,852,35,3.53438401222229,1.0,2.53438401222229
johanneskirchen,xgboost,spring_2024,853,35,3.458864450454712,1.0,2.458864450454712
johanneskirchen,xgboost,spring_2024,854,35,3.4583070278167725,1.0,2.4583070278167725
johanneskirchen,xgboost,spring_2024,855,35,3.515521287918091,2.0,1.5155212879180908
johanneskirchen,xgboost,spring_2024,856,35,3.5485377311706543,3.0,0.5485377311706543
johanneskirchen,xgboost,spring_2024,857,35,3.6182146072387695,3.0,0.6182146072387695
johanneskirchen,xgboost,spring_2024,858,35,4.353287696838379,5.0,0.6467123031616211
johanneskirchen,xgboost,spring_2024,859,35,6.231175422668457,7.0,0.768824577331543
johanneskirchen,xgboost,spring_2024,860,35,9.255266189575195,9.0,0.2552661895751953
johanneskirchen,xgboost,spring_2024,861,35,12.041341781616211,9.0,3.041341781616211
johanneskirchen,xgboost,spring_2024,862,35,13.290414810180664,12.0,1.290414810180664
johanneskirchen,xgboost,spring_2024,863,35,14.53858470916748,10.0,4.5385847091674805
johanneskirchen,xgboost,spring_2024,864,36,12.623337745666504,12.0,0.6233377456665039
johanneskirchen,xgboost,spring_2024,865,36,9.738511085510254,9.0,0.7385110855102539
johanneskirchen,xgboost,spring_2024,866,36,8.632713317871094,6.0,2.6327133178710938
johanneskirchen,xgboost,spring_2024,867,36,7.461957931518555,6.0,1.4619579315185547
johanneskirchen,xgboost,spring_2024,868,36,6.964422702789307,5.0,1.9644227027893066
johanneskirchen,xgboost,spring_2024,869,36,6.591834545135498,5.0,1.591834545135498
johanneskirchen,xgboost,spring_2024,870,36,6.248862266540527,5.0,1.2488622665405273
johanneskirchen,xgboost,spring_2024,871,36,5.765598297119141,2.0,3.7655982971191406
johanneskirchen,xgboost,spring_2024,872,36,5.294844150543213,2.0,3.294844150543213
johanneskirchen,xgboost,spring_2024,873,36,4.353153228759766,2.0,2.3531532287597656
johanneskirchen,xgboost,spring_2024,874,36,4.351789474487305,3.0,1.3517894744873047
johanneskirchen,xgboost,spring_2024,875,36,4.287762641906738,2.0,2.2877626419067383
johanneskirchen,xgboost,spring_2024,876,36,4.9003214836120605,3.0,1.9003214836120605
johanneskirchen,xgboost,spring_2024,877,36,4.176204681396484,3.0,1.1762046813964844
johanneskirchen,xgboost,spring_2024,878,36,4.80513334274292,2.0,2.80513334274292
johanneskirchen,xgboost,spring_2024,879,36,4.916329860687256,2.0,2.916329860687256
johanneskirchen,xgboost,spring_2024,880,36,4.907064437866211,2.0,2.907064437866211
johanneskirchen,xgboost,spring_2024,881,36,4.987246036529541,2.0,2.987246036529541
johanneskirchen,xgboost,spring_2024,882,36,5.084632873535156,3.0,2.0846328735351562
johanneskirchen,xgboost,spring_2024,883,36,6.102058410644531,4.0,2.1020584106445312
johanneskirchen,xgboost,spring_2024,884,36,7.180385112762451,5.0,2.180385112762451
johanneskirchen,xgboost,spring_2024,885,36,7.032110691070557,7.0,0.03211069107055664
johanneskirchen,xgboost,spring_2024,886,36,6.226346969604492,7.0,0.7736530303955078
johanneskirchen,xgboost,spring_2024,887,36,5.973880290985107,4.0,1.9738802909851074
johanneskirchen,xgboost,spring_2024,888,37,5.4931817054748535,3.0,2.4931817054748535
johanneskirchen,xgboost,spring_2024,889,37,5.683178424835205,3.0,2.683178424835205
johanneskirchen,xgboost,spring_2024,890,37,5.780135154724121,3.0,2.780135154724121
johanneskirchen,xgboost,spring_2024,891,37,5.555825233459473,2.0,3.5558252334594727
johanneskirchen,xgboost,spring_2024,892,37,5.368191719055176,2.0,3.368191719055176
johanneskirchen,xgboost,spring_2024,893,37,5.382335662841797,3.0,2.382335662841797
johanneskirchen,xgboost,spring_2024,894,37,5.366674900054932,3.0,2.3666749000549316
johanneskirchen,xgboost,spring_2024,895,37,5.092192649841309,2.0,3.0921926498413086
johanneskirchen,xgboost,spring_2024,896,37,4.219812393188477,2.0,2.2198123931884766
johanneskirchen,xgboost,spring_2024,897,37,4.054501533508301,2.0,2.054501533508301
johanneskirchen,xgboost,spring_2024,898,37,3.83463191986084,2.0,1.8346319198608398
johanneskirchen,xgboost,spring_2024,899,37,3.560532331466675,2.0,1.5605323314666748
johanneskirchen,xgboost,spring_2024,900,37,3.7119548320770264,2.0,1.7119548320770264
johanneskirchen,xgboost,spring_2024,901,37,4.43619441986084,2.0,2.43619441986084
johanneskirchen,xgboost,spring_2024,902,37,5.178040981292725,2.0,3.1780409812927246
johanneskirchen,xgboost,spring_2024,903,37,5.3715596199035645,3.0,2.3715596199035645
johanneskirchen,xgboost,spring_2024,904,37,6.567671298980713,4.0,2.567671298980713
johanneskirchen,xgboost,spring_2024,905,37,7.916075229644775,5.0,2.9160752296447754
johanneskirchen,xgboost,spring_2024,906,37,8.735315322875977,5.0,3.7353153228759766
johanneskirchen,xgboost,spring_2024,907,37,9.459604263305664,6.0,3.459604263305664
johanneskirchen,xgboost,spring_2024,908,37,9.726492881774902,7.0,2.7264928817749023
johanneskirchen,xgboost,spring_2024,909,37,9.838676452636719,7.0,2.8386764526367188
johanneskirchen,xgboost,spring_2024,910,37,9.363492965698242,6.0,3.363492965698242
johanneskirchen,xgboost,spring_2024,911,37,8.147612571716309,7.0,1.1476125717163086
johanneskirchen,xgboost,spring_2024,912,38,7.170108795166016,5.0,2.1701087951660156
johanneskirchen,xgboost,spring_2024,913,38,6.446669578552246,4.0,2.446669578552246
johanneskirchen,xgboost,spring_2024,914,38,5.816565990447998,4.0,1.816565990447998
johanneskirchen,xgboost,spring_2024,915,38,5.803415775299072,5.0,0.8034157752990723
johanneskirchen,xgboost,spring_2024,916,38,5.9339141845703125,7.0,1.0660858154296875
johanneskirchen,xgboost,spring_2024,917,38,6.158769130706787,8.0,1.841230869293213
johanneskirchen,xgboost,spring_2024,918,38,5.981711387634277,6.0,0.018288612365722656
johanneskirchen,xgboost,spring_2024,919,38,5.557876110076904,3.0,2.5578761100769043
johanneskirchen,xgboost,spring_2024,920,38,5.348963737487793,2.0,3.348963737487793
johanneskirchen,xgboost,spring_2024,921,38,5.528318405151367,1.0,4.528318405151367
johanneskirchen,xgboost,spring_2024,922,38,5.403094291687012,2.0,3.4030942916870117
johanneskirchen,xgboost,spring_2024,923,38,5.539626598358154,4.5,1.0396265983581543
johanneskirchen,xgboost,spring_2024,924,38,6.0556559562683105,7.0,0.9443440437316895
johanneskirchen,xgboost,spring_2024,925,38,6.3698296546936035,7.0,0.6301703453063965
johanneskirchen,xgboost,spring_2024,926,38,6.239302158355713,7.0,0.7606978416442871
johanneskirchen,xgboost,spring_2024,927,38,6.5202555656433105,8.0,1.4797444343566895
johanneskirchen,xgboost,spring_2024,928,38,6.870011806488037,7.0,0.1299881935119629
johanneskirchen,xgboost,spring_2024,929,38,7.450870037078857,7.0,0.4508700370788574
johanneskirchen,xgboost,spring_2024,930,38,8.249027252197266,9.0,0.7509727478027344
johanneskirchen,xgboost,spring_2024,931,38,8.519533157348633,10.0,1.4804668426513672
johanneskirchen,xgboost,spring_2024,932,38,8.757318496704102,14.0,5.242681503295898
johanneskirchen,xgboost,spring_2024,933,38,9.046796798706055,12.0,2.9532032012939453
johanneskirchen,xgboost,spring_2024,934,38,9.459479331970215,13.0,3.540520668029785
johanneskirchen,xgboost,spring_2024,935,38,10.073624610900879,14.0,3.926375389099121
johanneskirchen,xgboost,spring_2024,936,39,11.019707679748535,14.0,2.980292320251465
johanneskirchen,xgboost,spring_2024,937,39,10.972307205200195,15.0,4.027692794799805
johanneskirchen,xgboost,spring_2024,938,39,9.962455749511719,13.0,3.0375442504882812
johanneskirchen,xgboost,spring_2024,939,39,9.69863510131836,11.0,1.3013648986816406
johanneskirchen,xgboost,spring_2024,940,39,10.103224754333496,11.0,0.8967752456665039
johanneskirchen,xgboost,spring_2024,941,39,10.358664512634277,11.0,0.6413354873657227
johanneskirchen,xgboost,spring_2024,942,39,10.361167907714844,10.0,0.36116790771484375
johanneskirchen,xgboost,spring_2024,943,39,9.395906448364258,7.0,2.395906448364258
johanneskirchen,xgboost,spring_2024,944,39,8.532598495483398,5.0,3.5325984954833984
johanneskirchen,xgboost,spring_2024,945,39,8.090435981750488,6.0,2.0904359817504883
johanneskirchen,xgboost,spring_2024,946,39,7.456356048583984,6.0,1.4563560485839844
johanneskirchen,xgboost,spring_2024,947,39,7.985025882720947,6.0,1.9850258827209473
johanneskirchen,xgboost,spring_2024,948,39,8.787559509277344,9.0,0.21244049072265625
johanneskirchen,xgboost,spring_2024,949,39,9.814445495605469,11.0,1.1855545043945312
johanneskirchen,xgboost,spring_2024,950,39,10.533523559570312,11.0,0.4664764404296875
johanneskirchen,xgboost,spring_2024,951,39,11.677435874938965,13.0,1.3225641250610352
johanneskirchen,xgboost,spring_2024,952,39,12.279297828674316,13.0,0.7207021713256836
johanneskirchen,xgboost,spring_2024,953,39,13.008689880371094,15.0,1.9913101196289062
johanneskirchen,xgboost,spring_2024,954,39,14.542075157165527,19.0,4.457924842834473
johanneskirchen,xgboost,spring_2024,955,39,14.977301597595215,20.0,5.022698402404785
johanneskirchen,xgboost,spring_2024,956,39,14.191106796264648,21.0,6.808893203735352
johanneskirchen,xgboost,spring_2024,957,39,14.381255149841309,19.0,4.618744850158691
johanneskirchen,xgboost,spring_2024,958,39,14.369341850280762,17.0,2.6306581497192383
johanneskirchen,xgboost,spring_2024,959,39,13.599270820617676,17.0,3.400729179382324
johanneskirchen,xgboost,spring_2024,960,40,14.500080108642578,13.0,1.5000801086425781
johanneskirchen,xgboost,spring_2024,961,40,15.309161186218262,13.0,2.3091611862182617
johanneskirchen,xgboost,spring_2024,962,40,14.864151954650879,15.0,0.1358480453491211
johanneskirchen,xgboost,spring_2024,963,40,13.391834259033203,16.0,2.608165740966797
johanneskirchen,xgboost,spring_2024,964,40,12.922944068908691,15.0,2.0770559310913086
johanneskirchen,xgboost,spring_2024,965,40,12.581106185913086,15.0,2.418893814086914
johanneskirchen,xgboost,spring_2024,966,40,10.87153434753418,15.0,4.12846565246582
johanneskirchen,xgboost,spring_2024,967,40,9.660466194152832,14.0,4.339533805847168
johanneskirchen,xgboost,spring_2024,968,40,9.291650772094727,11.0,1.7083492279052734
johanneskirchen,xgboost,spring_2024,969,40,9.800679206848145,7.0,2.8006792068481445
johanneskirchen,xgboost,spring_2024,970,40,9.613068580627441,7.0,2.6130685806274414
johanneskirchen,xgboost,spring_2024,971,40,9.689831733703613,8.0,1.6898317337036133
johanneskirchen,xgboost,spring_2024,972,40,10.328362464904785,8.0,2.328362464904785
johanneskirchen,xgboost,spring_2024,973,40,10.359129905700684,8.0,2.3591299057006836
johanneskirchen,xgboost,spring_2024,974,40,10.674766540527344,9.0,1.6747665405273438
johanneskirchen,xgboost,spring_2024,975,40,10.994528770446777,9.0,1.9945287704467773
johanneskirchen,xgboost,spring_2024,976,40,10.557182312011719,8.0,2.5571823120117188
johanneskirchen,xgboost,spring_2024,977,40,10.879191398620605,8.0,2.8791913986206055
johanneskirchen,xgboost,spring_2024,978,40,10.800009727478027,8.0,2.8000097274780273
johanneskirchen,xgboost,spring_2024,979,40,10.691604614257812,10.0,0.6916046142578125
johanneskirchen,xgboost,spring_2024,980,40,9.946049690246582,9.0,0.946049690246582
johanneskirchen,xgboost,spring_2024,981,40,8.772461891174316,7.0,1.7724618911743164
johanneskirchen,xgboost,spring_2024,982,40,8.185759544372559,7.0,1.1857595443725586
johanneskirchen,xgboost,spring_2024,983,40,7.069310188293457,6.0,1.069310188293457
johanneskirchen,xgboost,spring_2024,984,41,6.409165859222412,6.0,0.4091658592224121
johanneskirchen,xgboost,spring_2024,985,41,6.656411170959473,8.0,1.3435888290405273
johanneskirchen,xgboost,spring_2024,986,41,6.4940385818481445,8.0,1.5059614181518555
johanneskirchen,xgboost,spring_2024,987,41,6.423323631286621,8.0,1.576676368713379
johanneskirchen,xgboost,spring_2024,988,41,6.521482467651367,8.0,1.4785175323486328
johanneskirchen,xgboost,spring_2024,989,41,6.317539215087891,10.0,3.6824607849121094
johanneskirchen,xgboost,spring_2024,990,41,5.921125888824463,7.0,1.078874111175537
johanneskirchen,xgboost,spring_2024,991,41,5.431614398956299,6.0,0.5683856010437012
johanneskirchen,xgboost,spring_2024,992,41,5.3119988441467285,4.0,1.3119988441467285
johanneskirchen,xgboost,spring_2024,993,41,4.841148376464844,2.0,2.8411483764648438
johanneskirchen,xgboost,spring_2024,994,41,4.426360607147217,2.0,2.426360607147217
johanneskirchen,xgboost,spring_2024,995,41,4.638643264770508,2.0,2.638643264770508
johanneskirchen,xgboost,spring_2024,996,41,4.935233116149902,2.0,2.9352331161499023
johanneskirchen,xgboost,spring_2024,997,41,4.733773231506348,2.0,2.7337732315063477
johanneskirchen,xgboost,spring_2024,998,41,5.141034126281738,3.0,2.1410341262817383
johanneskirchen,xgboost,spring_2024,999,41,5.736054420471191,2.0,3.7360544204711914
johanneskirchen,xgboost,spring_2024,1000,41,6.551620006561279,4.0,2.5516200065612793
johanneskirchen,xgboost,spring_2024,1001,41,6.375053405761719,5.0,1.3750534057617188
johanneskirchen,xgboost,spring_2024,1002,41,6.515188217163086,3.0,3.515188217163086
johanneskirchen,xgboost,spring_2024,1003,41,6.18843936920166,4.0,2.18843936920166
johanneskirchen,xgboost,spring_2024,1004,41,5.884331226348877,3.0,2.884331226348877
johanneskirchen,xgboost,spring_2024,1005,41,5.171574592590332,3.0,2.171574592590332
johanneskirchen,xgboost,spring_2024,1006,41,3.8321926593780518,3.0,0.8321926593780518
johanneskirchen,xgboost,spring_2024,1007,41,3.3476810455322266,2.0,1.3476810455322266
johanneskirchen,xgboost,spring_2024,1008,42,2.850217580795288,2.0,0.8502175807952881
johanneskirchen,xgboost,spring_2024,1009,42,2.643819808959961,1.0,1.643819808959961
johanneskirchen,xgboost,spring_2024,1010,42,2.6723108291625977,2.0,0.6723108291625977
johanneskirchen,xgboost,spring_2024,1011,42,2.679466485977173,2.0,0.6794664859771729
johanneskirchen,xgboost,spring_2024,1012,42,2.5748367309570312,1.0,1.5748367309570312
johanneskirchen,xgboost,spring_2024,1013,42,2.6326680183410645,1.0,1.6326680183410645
johanneskirchen,xgboost,spring_2024,1014,42,2.6110422611236572,1.0,1.6110422611236572
johanneskirchen,xgboost,spring_2024,1015,42,2.692633867263794,1.0,1.692633867263794
johanneskirchen,xgboost,spring_2024,1016,42,2.7067058086395264,0.9,1.8067058086395265
johanneskirchen,xgboost,spring_2024,1017,42,2.775155782699585,0.7,2.075155782699585
johanneskirchen,xgboost,spring_2024,1018,42,2.822593927383423,1.0,1.8225939273834229
johanneskirchen,xgboost,spring_2024,1019,42,2.818464756011963,2.0,0.8184647560119629
johanneskirchen,xgboost,spring_2024,1020,42,3.0019614696502686,3.0,0.0019614696502685547
johanneskirchen,xgboost,spring_2024,1021,42,3.3838071823120117,3.0,0.3838071823120117
johanneskirchen,xgboost,spring_2024,1022,42,3.4616832733154297,3.0,0.4616832733154297
johanneskirchen,xgboost,spring_2024,1023,42,3.601393699645996,4.0,0.3986063003540039
johanneskirchen,xgboost,spring_2024,1024,42,3.8118953704833984,5.0,1.1881046295166016
johanneskirchen,xgboost,spring_2024,1025,42,5.003902912139893,6.0,0.9960970878601074
johanneskirchen,xgboost,spring_2024,1026,42,5.750828266143799,7.0,1.2491717338562012
johanneskirchen,xgboost,spring_2024,1027,42,6.428003311157227,7.0,0.5719966888427734
johanneskirchen,xgboost,spring_2024,1028,42,7.32042932510376,8.0,0.6795706748962402
johanneskirchen,xgboost,spring_2024,1029,42,9.000692367553711,11.0,1.999307632446289
johanneskirchen,xgboost,spring_2024,1030,42,8.633026123046875,10.0,1.366973876953125
johanneskirchen,xgboost,spring_2024,1031,42,7.291168212890625,7.0,0.291168212890625
johanneskirchen,xgboost,spring_2024,1032,43,6.116087436676025,6.0,0.11608743667602539
johanneskirchen,xgboost,spring_2024,1033,43,6.722926616668701,6.0,0.7229266166687012
johanneskirchen,xgboost,spring_2024,1034,43,6.563696384429932,5.0,1.5636963844299316
johanneskirchen,xgboost,spring_2024,1035,43,6.2237091064453125,5.0,1.2237091064453125
johanneskirchen,xgboost,spring_2024,1036,43,6.247172832489014,6.0,0.24717283248901367
johanneskirchen,xgboost,spring_2024,1037,43,6.3472394943237305,6.0,0.34723949432373047
johanneskirchen,xgboost,spring_2024,1038,43,5.911570072174072,5.0,0.9115700721740723
johanneskirchen,xgboost,spring_2024,1039,43,5.350133895874023,3.0,2.3501338958740234
johanneskirchen,xgboost,spring_2024,1040,43,5.397056579589844,3.0,2.3970565795898438
johanneskirchen,xgboost,spring_2024,1041,43,5.395506858825684,4.0,1.3955068588256836
johanneskirchen,xgboost,spring_2024,1042,43,5.641021728515625,5.0,0.641021728515625
johanneskirchen,xgboost,spring_2024,1043,43,5.458870887756348,4.0,1.4588708877563477
johanneskirchen,xgboost,spring_2024,1044,43,5.542850971221924,4.0,1.5428509712219238
johanneskirchen,xgboost,spring_2024,1045,43,5.720592975616455,4.0,1.720592975616455
johanneskirchen,xgboost,spring_2024,1046,43,5.603160381317139,4.0,1.6031603813171387
johanneskirchen,xgboost,spring_2024,1047,43,6.145923137664795,4.0,2.145923137664795
johanneskirchen,xgboost,spring_2024,1048,43,6.745418548583984,4.0,2.7454185485839844
johanneskirchen,xgboost,spring_2024,1049,43,6.847293853759766,4.0,2.8472938537597656
johanneskirchen,xgboost,spring_2024,1050,43,7.600111484527588,6.0,1.600111484527588
johanneskirchen,xgboost,spring_2024,1051,43,8.398740768432617,9.0,0.6012592315673828
johanneskirchen,xgboost,spring_2024,1052,43,9.623601913452148,16.0,6.376398086547852
johanneskirchen,xgboost,spring_2024,1053,43,10.918496131896973,19.0,8.081503868103027
johanneskirchen,xgboost,spring_2024,1054,43,11.558700561523438,19.0,7.4412994384765625
johanneskirchen,xgboost,spring_2024,1055,43,12.116620063781738,21.0,8.883379936218262
johanneskirchen,xgboost,summer_2024,0,0,3.2366178035736084,6.0,2.7633821964263916
johanneskirchen,xgboost,summer_2024,1,0,3.24849534034729,6.0,2.75150465965271
johanneskirchen,xgboost,summer_2024,2,0,3.081063747406006,4.0,0.9189362525939941
johanneskirchen,xgboost,summer_2024,3,0,2.915529727935791,4.0,1.084470272064209
johanneskirchen,xgboost,summer_2024,4,0,2.8787083625793457,3.0,0.1212916374206543
johanneskirchen,xgboost,summer_2024,5,0,2.8536863327026367,3.0,0.14631366729736328
johanneskirchen,xgboost,summer_2024,6,0,2.6558568477630615,2.0,0.6558568477630615
johanneskirchen,xgboost,summer_2024,7,0,2.849437952041626,2.0,0.849437952041626
johanneskirchen,xgboost,summer_2024,8,0,2.757155656814575,2.0,0.7571556568145752
johanneskirchen,xgboost,summer_2024,9,0,2.789546012878418,2.0,0.789546012878418
johanneskirchen,xgboost,summer_2024,10,0,3.2329800128936768,4.0,0.7670199871063232
johanneskirchen,xgboost,summer_2024,11,0,3.042809009552002,4.0,0.957190990447998
johanneskirchen,xgboost,summer_2024,12,0,2.891940116882324,3.0,0.10805988311767578
johanneskirchen,xgboost,summer_2024,13,0,2.8493878841400146,2.0,0.8493878841400146
johanneskirchen,xgboost,summer_2024,14,0,2.6784133911132812,2.0,0.6784133911132812
johanneskirchen,xgboost,summer_2024,15,0,3.042297124862671,2.0,1.042297124862671
johanneskirchen,xgboost,summer_2024,16,0,3.2652156352996826,2.0,1.2652156352996826
johanneskirchen,xgboost,summer_2024,17,0,6.866301536560059,8.0,1.1336984634399414
johanneskirchen,xgboost,summer_2024,18,0,8.27307415008545,11.0,2.726925849914551
johanneskirchen,xgboost,summer_2024,19,0,7.196056842803955,8.0,0.8039431571960449
johanneskirchen,xgboost,summer_2024,20,0,6.137983322143555,7.0,0.8620166778564453
johanneskirchen,xgboost,summer_2024,21,0,5.629494667053223,5.0,0.6294946670532227
johanneskirchen,xgboost,summer_2024,22,0,5.022947311401367,5.0,0.022947311401367188
johanneskirchen,xgboost,summer_2024,23,0,4.809199810028076,6.0,1.1908001899719238
johanneskirchen,xgboost,summer_2024,24,1,5.126621723175049,5.0,0.12662172317504883
johanneskirchen,xgboost,summer_2024,25,1,5.302977085113525,4.0,1.3029770851135254
johanneskirchen,xgboost,summer_2024,26,1,5.4344377517700195,5.0,0.43443775177001953
johanneskirchen,xgboost,summer_2024,27,1,6.630492687225342,6.0,0.6304926872253418
johanneskirchen,xgboost,summer_2024,28,1,7.680418014526367,7.0,0.6804180145263672
johanneskirchen,xgboost,summer_2024,29,1,7.981921195983887,6.0,1.9819211959838867
johanneskirchen,xgboost,summer_2024,30,1,7.122532844543457,5.0,2.122532844543457
johanneskirchen,xgboost,summer_2024,31,1,6.043395519256592,4.0,2.043395519256592
johanneskirchen,xgboost,summer_2024,32,1,5.282771110534668,4.0,1.282771110534668
johanneskirchen,xgboost,summer_2024,33,1,4.280886650085449,4.0,0.2808866500854492
johanneskirchen,xgboost,summer_2024,34,1,4.322113513946533,4.0,0.3221135139465332
johanneskirchen,xgboost,summer_2024,35,1,3.8015263080596924,2.0,1.8015263080596924
johanneskirchen,xgboost,summer_2024,36,1,3.8391525745391846,3.0,0.8391525745391846
johanneskirchen,xgboost,summer_2024,37,1,3.813267946243286,4.0,0.18673205375671387
johanneskirchen,xgboost,summer_2024,38,1,3.5669784545898438,3.0,0.5669784545898438
johanneskirchen,xgboost,summer_2024,39,1,3.124160051345825,4.0,0.8758399486541748
johanneskirchen,xgboost,summer_2024,40,1,2.9721484184265137,3.0,0.027851581573486328
johanneskirchen,xgboost,summer_2024,41,1,3.072101593017578,4.0,0.9278984069824219
johanneskirchen,xgboost,summer_2024,42,1,3.2473831176757812,4.0,0.7526168823242188
johanneskirchen,xgboost,summer_2024,43,1,3.2063395977020264,5.0,1.7936604022979736
johanneskirchen,xgboost,summer_2024,44,1,3.2861618995666504,6.0,2.7138381004333496
johanneskirchen,xgboost,summer_2024,45,1,3.888594627380371,7.0,3.111405372619629
johanneskirchen,xgboost,summer_2024,46,1,4.36142110824585,7.0,2.6385788917541504
johanneskirchen,xgboost,summer_2024,47,1,4.398537635803223,5.0,0.6014623641967773
johanneskirchen,xgboost,summer_2024,48,2,5.031632423400879,7.0,1.968367576599121
johanneskirchen,xgboost,summer_2024,49,2,5.312462329864502,6.0,0.687537670135498
johanneskirchen,xgboost,summer_2024,50,2,5.061826705932617,5.0,0.06182670593261719
johanneskirchen,xgboost,summer_2024,51,2,4.860424041748047,5.0,0.13957595825195312
johanneskirchen,xgboost,summer_2024,52,2,4.1350274085998535,4.0,0.13502740859985352
johanneskirchen,xgboost,summer_2024,53,2,3.930765390396118,4.0,0.06923460960388184
johanneskirchen,xgboost,summer_2024,54,2,3.598449468612671,3.0,0.5984494686126709
johanneskirchen,xgboost,summer_2024,55,2,3.091679096221924,3.0,0.09167909622192383
johanneskirchen,xgboost,summer_2024,56,2,2.3185336589813232,1.0,1.3185336589813232
johanneskirchen,xgboost,summer_2024,57,2,2.212860107421875,0.6,1.612860107421875
johanneskirchen,xgboost,summer_2024,58,2,1.809809684753418,1.0,0.809809684753418
johanneskirchen,xgboost,summer_2024,59,2,1.1692227125167847,1.0,0.16922271251678467
johanneskirchen,xgboost,summer_2024,60,2,1.0600589513778687,1.0,0.06005895137786865
johanneskirchen,xgboost,summer_2024,61,2,1.097483515739441,1.0,0.09748351573944092
johanneskirchen,xgboost,summer_2024,62,2,1.0531997680664062,1.0,0.05319976806640625
johanneskirchen,xgboost,summer_2024,63,2,1.1087285280227661,2.0,0.8912714719772339
johanneskirchen,xgboost,summer_2024,64,2,1.1230494976043701,2.0,0.8769505023956299
johanneskirchen,xgboost,summer_2024,65,2,1.103594422340393,2.0,0.8964055776596069
johanneskirchen,xgboost,summer_2024,66,2,1.064936637878418,2.0,0.935063362121582
johanneskirchen,xgboost,summer_2024,67,2,1.3279002904891968,3.0,1.6720997095108032
johanneskirchen,xgboost,summer_2024,68,2,1.1165410280227661,3.0,1.8834589719772339
johanneskirchen,xgboost,summer_2024,69,2,1.386702060699463,5.0,3.613297939300537
johanneskirchen,xgboost,summer_2024,70,2,1.1995859146118164,3.0,1.8004140853881836
johanneskirchen,xgboost,summer_2024,71,2,0.9145287871360779,1.0,0.08547121286392212
johanneskirchen,xgboost,summer_2024,72,3,0.8714067339897156,1.0,0.12859326601028442
johanneskirchen,xgboost,summer_2024,73,3,0.7904090285301208,1.0,0.20959097146987915
johanneskirchen,xgboost,summer_2024,74,3,0.6514146327972412,1.0,0.3485853672027588
johanneskirchen,xgboost,summer_2024,75,3,0.6059473156929016,2.0,1.3940526843070984
johanneskirchen,xgboost,summer_2024,76,3,0.7018771171569824,2.0,1.2981228828430176
johanneskirchen,xgboost,summer_2024,77,3,0.7470502257347107,2.0,1.2529497742652893
johanneskirchen,xgboost,summer_2024,78,3,0.7615998387336731,3.0,2.238400161266327
johanneskirchen,xgboost,summer_2024,79,3,0.8371308445930481,3.0,2.162869155406952
johanneskirchen,xgboost,summer_2024,80,3,0.8026384711265564,2.0,1.1973615288734436
johanneskirchen,xgboost,summer_2024,81,3,0.8763042092323303,2.0,1.1236957907676697
johanneskirchen,xgboost,summer_2024,82,3,0.9668228626251221,3.0,2.033177137374878
johanneskirchen,xgboost,summer_2024,83,3,1.2133183479309082,3.0,1.7866816520690918
johanneskirchen,xgboost,summer_2024,84,3,1.3801697492599487,2.0,0.6198302507400513
johanneskirchen,xgboost,summer_2024,85,3,1.226117730140686,2.0,0.773882269859314
johanneskirchen,xgboost,summer_2024,86,3,1.2401058673858643,2.0,0.7598941326141357
johanneskirchen,xgboost,summer_2024,87,3,1.3201619386672974,3.0,1.6798380613327026
johanneskirchen,xgboost,summer_2024,88,3,1.286258578300476,2.0,0.7137414216995239
johanneskirchen,xgboost,summer_2024,89,3,1.282103419303894,3.0,1.717896580696106
johanneskirchen,xgboost,summer_2024,90,3,1.345645546913147,3.0,1.654354453086853
johanneskirchen,xgboost,summer_2024,91,3,1.1026614904403687,3.0,1.8973385095596313
johanneskirchen,xgboost,summer_2024,92,3,1.1422330141067505,3.0,1.8577669858932495
johanneskirchen,xgboost,summer_2024,93,3,1.0893527269363403,3.0,1.9106472730636597
johanneskirchen,xgboost,summer_2024,94,3,0.9183180928230286,4.0,3.0816819071769714
johanneskirchen,xgboost,summer_2024,95,3,1.0039262771606445,4.0,2.9960737228393555
johanneskirchen,xgboost,summer_2024,96,4,1.2199522256851196,3.0,1.7800477743148804
johanneskirchen,xgboost,summer_2024,97,4,1.1796174049377441,3.0,1.8203825950622559
johanneskirchen,xgboost,summer_2024,98,4,1.218942642211914,3.0,1.781057357788086
johanneskirchen,xgboost,summer_2024,99,4,1.1825400590896606,3.0,1.8174599409103394
johanneskirchen,xgboost,summer_2024,100,4,1.309266448020935,3.0,1.690733551979065
johanneskirchen,xgboost,summer_2024,101,4,1.185302734375,3.0,1.814697265625
johanneskirchen,xgboost,summer_2024,102,4,1.223638653755188,3.0,1.776361346244812
johanneskirchen,xgboost,summer_2024,103,4,1.2443867921829224,3.0,1.7556132078170776
johanneskirchen,xgboost,summer_2024,104,4,1.1115702390670776,3.0,1.8884297609329224
johanneskirchen,xgboost,summer_2024,105,4,1.1269270181655884,3.0,1.8730729818344116
johanneskirchen,xgboost,summer_2024,106,4,1.222522497177124,3.0,1.777477502822876
johanneskirchen,xgboost,summer_2024,107,4,1.3039391040802002,3.0,1.6960608959197998
johanneskirchen,xgboost,summer_2024,108,4,1.540706753730774,3.0,1.459293246269226
johanneskirchen,xgboost,summer_2024,109,4,1.5866507291793823,4.0,2.4133492708206177
johanneskirchen,xgboost,summer_2024,110,4,1.5922279357910156,3.0,1.4077720642089844
johanneskirchen,xgboost,summer_2024,111,4,1.8760807514190674,4.0,2.1239192485809326
johanneskirchen,xgboost,summer_2024,112,4,1.9377152919769287,4.0,2.0622847080230713
johanneskirchen,xgboost,summer_2024,113,4,1.8488483428955078,3.0,1.1511516571044922
johanneskirchen,xgboost,summer_2024,114,4,1.7077546119689941,4.0,2.292245388031006
johanneskirchen,xgboost,summer_2024,115,4,1.9670436382293701,5.0,3.03295636177063
johanneskirchen,xgboost,summer_2024,116,4,2.396634101867676,6.0,3.603365898132324
johanneskirchen,xgboost,summer_2024,117,4,3.9866678714752197,8.0,4.01333212852478
johanneskirchen,xgboost,summer_2024,118,4,5.926555633544922,12.0,6.073444366455078
johanneskirchen,xgboost,summer_2024,119,4,7.129570960998535,11.0,3.870429039001465
johanneskirchen,xgboost,summer_2024,120,5,8.405083656311035,12.0,3.594916343688965
johanneskirchen,xgboost,summer_2024,121,5,9.206557273864746,12.0,2.793442726135254
johanneskirchen,xgboost,summer_2024,122,5,10.072120666503906,10.0,0.07212066650390625
johanneskirchen,xgboost,summer_2024,123,5,17.160968780517578,10.0,7.160968780517578
johanneskirchen,xgboost,summer_2024,124,5,17.667339324951172,9.0,8.667339324951172
johanneskirchen,xgboost,summer_2024,125,5,12.710625648498535,8.0,4.710625648498535
johanneskirchen,xgboost,summer_2024,126,5,7.44902229309082,5.0,2.4490222930908203
johanneskirchen,xgboost,summer_2024,127,5,4.9974164962768555,3.0,1.9974164962768555
johanneskirchen,xgboost,summer_2024,128,5,4.374112606048584,5.0,0.625887393951416
johanneskirchen,xgboost,summer_2024,129,5,4.81704568862915,6.0,1.1829543113708496
johanneskirchen,xgboost,summer_2024,130,5,5.247629165649414,6.0,0.7523708343505859
johanneskirchen,xgboost,summer_2024,131,5,5.513457298278809,5.0,0.5134572982788086
johanneskirchen,xgboost,summer_2024,132,5,6.856855392456055,6.0,0.8568553924560547
johanneskirchen,xgboost,summer_2024,133,5,7.697992324829102,6.0,1.6979923248291016
johanneskirchen,xgboost,summer_2024,134,5,8.061676979064941,6.0,2.0616769790649414
johanneskirchen,xgboost,summer_2024,135,5,8.756054878234863,9.0,0.24394512176513672
johanneskirchen,xgboost,summer_2024,136,5,28.136165618896484,36.0,7.863834381103516
johanneskirchen,xgboost,summer_2024,137,5,25.52815055847168,18.0,7.52815055847168
johanneskirchen,xgboost,summer_2024,138,5,10.306737899780273,5.0,5.306737899780273
johanneskirchen,xgboost,summer_2024,139,5,7.69403076171875,5.0,2.69403076171875
johanneskirchen,xgboost,summer_2024,140,5,6.509378910064697,5.0,1.5093789100646973
johanneskirchen,xgboost,summer_2024,141,5,6.277777671813965,5.0,1.2777776718139648
johanneskirchen,xgboost,summer_2024,142,5,6.208123683929443,5.0,1.2081236839294434
johanneskirchen,xgboost,summer_2024,143,5,4.796388626098633,5.0,0.2036113739013672
johanneskirchen,xgboost,summer_2024,144,6,2.7467379570007324,4.0,1.2532620429992676
johanneskirchen,xgboost,summer_2024,145,6,2.112323522567749,3.0,0.887676477432251
johanneskirchen,xgboost,summer_2024,146,6,2.1155059337615967,4.0,1.8844940662384033
johanneskirchen,xgboost,summer_2024,147,6,2.0747504234313965,6.0,3.9252495765686035
johanneskirchen,xgboost,summer_2024,148,6,2.3886542320251465,4.0,1.6113457679748535
johanneskirchen,xgboost,summer_2024,149,6,3.1179261207580566,4.0,0.8820738792419434
johanneskirchen,xgboost,summer_2024,150,6,2.963207960128784,3.0,0.03679203987121582
johanneskirchen,xgboost,summer_2024,151,6,2.5963494777679443,3.0,0.40365052223205566
johanneskirchen,xgboost,summer_2024,152,6,2.726637125015259,3.0,0.2733628749847412
johanneskirchen,xgboost,summer_2024,153,6,2.9061691761016846,3.0,0.09383082389831543
johanneskirchen,xgboost,summer_2024,154,6,3.180457830429077,4.0,0.8195421695709229
johanneskirchen,xgboost,summer_2024,155,6,3.590714931488037,4.0,0.4092850685119629
johanneskirchen,xgboost,summer_2024,156,6,3.2305212020874023,3.0,0.23052120208740234
johanneskirchen,xgboost,summer_2024,157,6,3.165541172027588,3.0,0.1655411720275879
johanneskirchen,xgboost,summer_2024,158,6,3.102302312850952,3.0,0.10230231285095215
johanneskirchen,xgboost,summer_2024,159,6,3.074321985244751,2.0,1.074321985244751
johanneskirchen,xgboost,summer_2024,160,6,3.322779417037964,3.0,0.32277941703796387
johanneskirchen,xgboost,summer_2024,161,6,3.364140510559082,3.0,0.36414051055908203
johanneskirchen,xgboost,summer_2024,162,6,3.3507280349731445,3.0,0.35072803497314453
johanneskirchen,xgboost,summer_2024,163,6,3.6505985260009766,4.0,0.34940147399902344
johanneskirchen,xgboost,summer_2024,164,6,5.3378520011901855,3.0,2.3378520011901855
johanneskirchen,xgboost,summer_2024,165,6,8.045819282531738,2.0,6.045819282531738
johanneskirchen,xgboost,summer_2024,166,6,8.947471618652344,3.0,5.947471618652344
johanneskirchen,xgboost,summer_2024,167,6,9.602988243103027,4.0,5.602988243103027
johanneskirchen,xgboost,summer_2024,168,7,10.4649658203125,4.0,6.4649658203125
johanneskirchen,xgboost,summer_2024,169,7,11.437312126159668,3.0,8.437312126159668
johanneskirchen,xgboost,summer_2024,170,7,10.971956253051758,6.0,4.971956253051758
johanneskirchen,xgboost,summer_2024,171,7,11.427263259887695,7.0,4.427263259887695
johanneskirchen,xgboost,summer_2024,172,7,11.031469345092773,5.0,6.031469345092773
johanneskirchen,xgboost,summer_2024,173,7,11.152778625488281,7.0,4.152778625488281
johanneskirchen,xgboost,summer_2024,174,7,11.834946632385254,5.0,6.834946632385254
johanneskirchen,xgboost,summer_2024,175,7,10.596450805664062,3.0,7.5964508056640625
johanneskirchen,xgboost,summer_2024,176,7,7.8873724937438965,5.0,2.8873724937438965
johanneskirchen,xgboost,summer_2024,177,7,5.071009635925293,5.0,0.07100963592529297
johanneskirchen,xgboost,summer_2024,178,7,3.438349485397339,3.0,0.43834948539733887
johanneskirchen,xgboost,summer_2024,179,7,2.6661412715911865,2.0,0.6661412715911865
johanneskirchen,xgboost,summer_2024,180,7,2.874218225479126,3.0,0.12578177452087402
johanneskirchen,xgboost,summer_2024,181,7,3.081608533859253,3.0,0.08160853385925293
johanneskirchen,xgboost,summer_2024,182,7,3.2992777824401855,4.0,0.7007222175598145
johanneskirchen,xgboost,summer_2024,183,7,3.8528976440429688,6.0,2.1471023559570312
johanneskirchen,xgboost,summer_2024,184,7,4.720733642578125,5.0,0.279266357421875
johanneskirchen,xgboost,summer_2024,185,7,5.170089244842529,3.0,2.1700892448425293
johanneskirchen,xgboost,summer_2024,186,7,5.433540344238281,5.0,0.43354034423828125
johanneskirchen,xgboost,summer_2024,187,7,7.168576717376709,8.0,0.831423282623291
johanneskirchen,xgboost,summer_2024,188,7,9.164405822753906,11.0,1.8355941772460938
johanneskirchen,xgboost,summer_2024,189,7,10.830129623413086,9.0,1.830129623413086
johanneskirchen,xgboost,summer_2024,190,7,12.688472747802734,9.0,3.6884727478027344
johanneskirchen,xgboost,summer_2024,191,7,14.7579984664917,16.0,1.2420015335083008
johanneskirchen,xgboost,summer_2024,192,8,15.038086891174316,17.0,1.9619131088256836
johanneskirchen,xgboost,summer_2024,193,8,15.195821762084961,12.0,3.195821762084961
johanneskirchen,xgboost,summer_2024,194,8,15.093714714050293,13.0,2.093714714050293
johanneskirchen,xgboost,summer_2024,195,8,14.877190589904785,12.0,2.877190589904785
johanneskirchen,xgboost,summer_2024,196,8,13.652524948120117,11.0,2.652524948120117
johanneskirchen,xgboost,summer_2024,197,8,13.080842018127441,8.0,5.080842018127441
johanneskirchen,xgboost,summer_2024,198,8,11.151010513305664,3.0,8.151010513305664
johanneskirchen,xgboost,summer_2024,199,8,8.258564949035645,2.0,6.2585649490356445
johanneskirchen,xgboost,summer_2024,200,8,5.942455291748047,2.0,3.942455291748047
johanneskirchen,xgboost,summer_2024,201,8,5.973350524902344,4.0,1.9733505249023438
johanneskirchen,xgboost,summer_2024,202,8,6.468033790588379,6.0,0.4680337905883789
johanneskirchen,xgboost,summer_2024,203,8,7.019237041473389,5.0,2.0192370414733887
johanneskirchen,xgboost,summer_2024,204,8,7.109309196472168,6.0,1.109309196472168
johanneskirchen,xgboost,summer_2024,205,8,6.765470027923584,6.0,0.765470027923584
johanneskirchen,xgboost,summer_2024,206,8,7.095853328704834,7.0,0.09585332870483398
johanneskirchen,xgboost,summer_2024,207,8,8.04289722442627,8.0,0.04289722442626953
johanneskirchen,xgboost,summer_2024,208,8,9.532764434814453,6.0,3.532764434814453
johanneskirchen,xgboost,summer_2024,209,8,11.352035522460938,7.0,4.3520355224609375
johanneskirchen,xgboost,summer_2024,210,8,13.968185424804688,13.0,0.9681854248046875
johanneskirchen,xgboost,summer_2024,211,8,15.051631927490234,14.0,1.0516319274902344
johanneskirchen,xgboost,summer_2024,212,8,15.830381393432617,10.0,5.830381393432617
johanneskirchen,xgboost,summer_2024,213,8,16.401695251464844,8.0,8.401695251464844
johanneskirchen,xgboost,summer_2024,214,8,18.037212371826172,10.0,8.037212371826172
johanneskirchen,xgboost,summer_2024,215,8,19.123435974121094,17.0,2.1234359741210938
johanneskirchen,xgboost,summer_2024,216,9,21.045223236083984,20.0,1.0452232360839844
johanneskirchen,xgboost,summer_2024,217,9,20.705350875854492,15.0,5.705350875854492
johanneskirchen,xgboost,summer_2024,218,9,19.718921661376953,13.0,6.718921661376953
johanneskirchen,xgboost,summer_2024,219,9,18.925519943237305,15.0,3.9255199432373047
johanneskirchen,xgboost,summer_2024,220,9,16.532012939453125,15.0,1.532012939453125
johanneskirchen,xgboost,summer_2024,221,9,13.429159164428711,14.0,0.5708408355712891
johanneskirchen,xgboost,summer_2024,222,9,10.078204154968262,11.0,0.9217958450317383
johanneskirchen,xgboost,summer_2024,223,9,8.380087852478027,9.0,0.6199121475219727
johanneskirchen,xgboost,summer_2024,224,9,7.900787830352783,9.0,1.0992121696472168
johanneskirchen,xgboost,summer_2024,225,9,8.360751152038574,11.0,2.639248847961426
johanneskirchen,xgboost,summer_2024,226,9,8.549201011657715,8.0,0.5492010116577148
johanneskirchen,xgboost,summer_2024,227,9,8.127799034118652,7.0,1.1277990341186523
johanneskirchen,xgboost,summer_2024,228,9,8.04507064819336,8.0,0.045070648193359375
johanneskirchen,xgboost,summer_2024,229,9,7.892219543457031,8.0,0.10778045654296875
johanneskirchen,xgboost,summer_2024,230,9,9.42077350616455,10.0,0.5792264938354492
johanneskirchen,xgboost,summer_2024,231,9,10.276252746582031,10.0,0.27625274658203125
johanneskirchen,xgboost,summer_2024,232,9,11.086152076721191,11.0,0.0861520767211914
johanneskirchen,xgboost,summer_2024,233,9,10.916015625,8.0,2.916015625
johanneskirchen,xgboost,summer_2024,234,9,10.105609893798828,6.0,4.105609893798828
johanneskirchen,xgboost,summer_2024,235,9,9.729085922241211,6.0,3.729085922241211
johanneskirchen,xgboost,summer_2024,236,9,9.967302322387695,7.0,2.9673023223876953
johanneskirchen,xgboost,summer_2024,237,9,10.78456974029541,10.0,0.7845697402954102
johanneskirchen,xgboost,summer_2024,238,9,11.167519569396973,11.0,0.16751956939697266
johanneskirchen,xgboost,summer_2024,239,9,11.188108444213867,7.0,4.188108444213867
johanneskirchen,xgboost,summer_2024,240,10,10.856917381286621,6.0,4.856917381286621
johanneskirchen,xgboost,summer_2024,241,10,10.555974006652832,7.0,3.555974006652832
johanneskirchen,xgboost,summer_2024,242,10,11.732828140258789,6.0,5.732828140258789
johanneskirchen,xgboost,summer_2024,243,10,11.408525466918945,6.0,5.408525466918945
johanneskirchen,xgboost,summer_2024,244,10,10.111448287963867,5.0,5.111448287963867
johanneskirchen,xgboost,summer_2024,245,10,10.020188331604004,4.0,6.020188331604004
johanneskirchen,xgboost,summer_2024,246,10,10.843842506408691,4.0,6.843842506408691
johanneskirchen,xgboost,summer_2024,247,10,10.099300384521484,5.0,5.099300384521484
johanneskirchen,xgboost,summer_2024,248,10,9.73259449005127,7.0,2.7325944900512695
johanneskirchen,xgboost,summer_2024,249,10,9.903396606445312,8.0,1.9033966064453125
johanneskirchen,xgboost,summer_2024,250,10,9.697067260742188,7.0,2.6970672607421875
johanneskirchen,xgboost,summer_2024,251,10,9.86803913116455,9.0,0.8680391311645508
johanneskirchen,xgboost,summer_2024,252,10,10.145302772521973,9.0,1.1453027725219727
johanneskirchen,xgboost,summer_2024,253,10,9.35011100769043,8.0,1.3501110076904297
johanneskirchen,xgboost,summer_2024,254,10,8.974072456359863,8.0,0.9740724563598633
johanneskirchen,xgboost,summer_2024,255,10,8.484601020812988,8.0,0.4846010208129883
johanneskirchen,xgboost,summer_2024,256,10,7.59194803237915,7.0,0.5919480323791504
johanneskirchen,xgboost,summer_2024,257,10,6.7741780281066895,6.0,0.7741780281066895
johanneskirchen,xgboost,summer_2024,258,10,6.778226375579834,7.0,0.22177362442016602
johanneskirchen,xgboost,summer_2024,259,10,7.258745193481445,7.0,0.2587451934814453
johanneskirchen,xgboost,summer_2024,260,10,7.409172058105469,6.0,1.4091720581054688
johanneskirchen,xgboost,summer_2024,261,10,9.263388633728027,4.0,5.263388633728027
johanneskirchen,xgboost,summer_2024,262,10,11.928974151611328,4.0,7.928974151611328
johanneskirchen,xgboost,summer_2024,263,10,15.742878913879395,6.0,9.742878913879395
johanneskirchen,xgboost,summer_2024,264,11,17.61243438720703,9.0,8.612434387207031
johanneskirchen,xgboost,summer_2024,265,11,15.937451362609863,11.0,4.937451362609863
johanneskirchen,xgboost,summer_2024,266,11,15.37658977508545,11.0,4.376589775085449
johanneskirchen,xgboost,summer_2024,267,11,15.866157531738281,10.0,5.866157531738281
johanneskirchen,xgboost,summer_2024,268,11,19.80150032043457,10.0,9.80150032043457
johanneskirchen,xgboost,summer_2024,269,11,19.54793357849121,8.0,11.547933578491211
johanneskirchen,xgboost,summer_2024,270,11,12.50766372680664,6.0,6.507663726806641
johanneskirchen,xgboost,summer_2024,271,11,6.4327263832092285,6.0,0.4327263832092285
johanneskirchen,xgboost,summer_2024,272,11,6.4086713790893555,9.0,2.5913286209106445
johanneskirchen,xgboost,summer_2024,273,11,6.612435817718506,8.0,1.3875641822814941
johanneskirchen,xgboost,summer_2024,274,11,6.760711193084717,6.0,0.7607111930847168
johanneskirchen,xgboost,summer_2024,275,11,6.6408915519714355,5.0,1.6408915519714355
johanneskirchen,xgboost,summer_2024,276,11,5.880181789398193,5.0,0.8801817893981934
johanneskirchen,xgboost,summer_2024,277,11,5.368645191192627,5.0,0.36864519119262695
johanneskirchen,xgboost,summer_2024,278,11,5.229379653930664,5.0,0.22937965393066406
johanneskirchen,xgboost,summer_2024,279,11,4.6677632331848145,4.0,0.6677632331848145
johanneskirchen,xgboost,summer_2024,280,11,4.260171890258789,5.0,0.7398281097412109
johanneskirchen,xgboost,summer_2024,281,11,3.8489789962768555,5.0,1.1510210037231445
johanneskirchen,xgboost,summer_2024,282,11,3.9544317722320557,6.0,2.0455682277679443
johanneskirchen,xgboost,summer_2024,283,11,3.4572157859802246,6.0,2.5427842140197754
johanneskirchen,xgboost,summer_2024,284,11,3.0712409019470215,7.0,3.9287590980529785
johanneskirchen,xgboost,summer_2024,285,11,3.0835163593292236,6.0,2.9164836406707764
johanneskirchen,xgboost,summer_2024,286,11,2.9194326400756836,4.0,1.0805673599243164
johanneskirchen,xgboost,summer_2024,287,11,2.6116178035736084,2.0,0.6116178035736084
johanneskirchen,xgboost,summer_2024,288,12,2.519296169281006,4.0,1.4807038307189941
johanneskirchen,xgboost,summer_2024,289,12,2.950309991836548,4.0,1.0496900081634521
johanneskirchen,xgboost,summer_2024,290,12,3.4657108783721924,3.0,0.4657108783721924
johanneskirchen,xgboost,summer_2024,291,12,3.2832584381103516,2.0,1.2832584381103516
johanneskirchen,xgboost,summer_2024,292,12,2.966825008392334,2.0,0.966825008392334
johanneskirchen,xgboost,summer_2024,293,12,2.7991957664489746,3.0,0.2008042335510254
johanneskirchen,xgboost,summer_2024,294,12,2.7575039863586426,3.0,0.24249601364135742
johanneskirchen,xgboost,summer_2024,295,12,2.7237932682037354,2.0,0.7237932682037354
johanneskirchen,xgboost,summer_2024,296,12,2.7534677982330322,2.0,0.7534677982330322
johanneskirchen,xgboost,summer_2024,297,12,2.997795343399048,2.0,0.9977953433990479
johanneskirchen,xgboost,summer_2024,298,12,3.0506434440612793,2.0,1.0506434440612793
johanneskirchen,xgboost,summer_2024,299,12,3.200387954711914,3.0,0.20038795471191406
johanneskirchen,xgboost,summer_2024,300,12,3.2825329303741455,3.0,0.2825329303741455
johanneskirchen,xgboost,summer_2024,301,12,3.2139973640441895,3.0,0.21399736404418945
johanneskirchen,xgboost,summer_2024,302,12,18.01815414428711,26.0,7.981845855712891
johanneskirchen,xgboost,summer_2024,303,12,6.115401268005371,4.0,2.115401268005371
johanneskirchen,xgboost,summer_2024,304,12,3.6758902072906494,4.0,0.3241097927093506
johanneskirchen,xgboost,summer_2024,305,12,4.105627536773682,5.0,0.8943724632263184
johanneskirchen,xgboost,summer_2024,306,12,4.793485641479492,6.0,1.2065143585205078
johanneskirchen,xgboost,summer_2024,307,12,5.717121124267578,6.0,0.2828788757324219
johanneskirchen,xgboost,summer_2024,308,12,6.515940189361572,7.0,0.48405981063842773
johanneskirchen,xgboost,summer_2024,309,12,7.095197677612305,4.0,3.0951976776123047
johanneskirchen,xgboost,summer_2024,310,12,6.924203395843506,3.0,3.924203395843506
johanneskirchen,xgboost,summer_2024,311,12,6.996881008148193,7.0,0.0031189918518066406
johanneskirchen,xgboost,summer_2024,312,13,6.987704753875732,6.0,0.9877047538757324
johanneskirchen,xgboost,summer_2024,313,13,6.956753730773926,6.0,0.9567537307739258
johanneskirchen,xgboost,summer_2024,314,13,7.676957607269287,5.0,2.676957607269287
johanneskirchen,xgboost,summer_2024,315,13,10.174589157104492,6.0,4.174589157104492
johanneskirchen,xgboost,summer_2024,316,13,12.167625427246094,8.0,4.167625427246094
johanneskirchen,xgboost,summer_2024,317,13,10.979454040527344,5.0,5.979454040527344
johanneskirchen,xgboost,summer_2024,318,13,8.587076187133789,4.0,4.587076187133789
johanneskirchen,xgboost,summer_2024,319,13,6.680090427398682,7.0,0.31990957260131836
johanneskirchen,xgboost,summer_2024,320,13,5.637716770172119,6.0,0.36228322982788086
johanneskirchen,xgboost,summer_2024,321,13,4.96100378036499,4.0,0.9610037803649902
johanneskirchen,xgboost,summer_2024,322,13,4.289680480957031,4.0,0.28968048095703125
johanneskirchen,xgboost,summer_2024,323,13,3.8957505226135254,3.0,0.8957505226135254
johanneskirchen,xgboost,summer_2024,324,13,3.931224822998047,4.0,0.06877517700195312
johanneskirchen,xgboost,summer_2024,325,13,4.066351413726807,4.0,0.06635141372680664
johanneskirchen,xgboost,summer_2024,326,13,4.1299052238464355,4.0,0.12990522384643555
johanneskirchen,xgboost,summer_2024,327,13,4.07213830947876,4.0,0.07213830947875977
johanneskirchen,xgboost,summer_2024,328,13,3.66013240814209,3.0,0.6601324081420898
johanneskirchen,xgboost,summer_2024,329,13,3.15649676322937,3.0,0.15649676322937012
johanneskirchen,xgboost,summer_2024,330,13,3.227416753768921,4.0,0.7725832462310791
johanneskirchen,xgboost,summer_2024,331,13,3.3012871742248535,4.0,0.6987128257751465
johanneskirchen,xgboost,summer_2024,332,13,3.841485023498535,6.0,2.158514976501465
johanneskirchen,xgboost,summer_2024,333,13,4.625885963439941,8.0,3.3741140365600586
johanneskirchen,xgboost,summer_2024,334,13,5.251575469970703,8.0,2.748424530029297
johanneskirchen,xgboost,summer_2024,335,13,5.852092266082764,8.0,2.1479077339172363
johanneskirchen,xgboost,summer_2024,336,14,6.6192097663879395,9.0,2.3807902336120605
johanneskirchen,xgboost,summer_2024,337,14,7.070775508880615,10.0,2.9292244911193848
johanneskirchen,xgboost,summer_2024,338,14,6.993086338043213,11.0,4.006913661956787
johanneskirchen,xgboost,summer_2024,339,14,6.70597505569458,9.0,2.29402494430542
johanneskirchen,xgboost,summer_2024,340,14,6.9253830909729,9.0,2.0746169090270996
johanneskirchen,xgboost,summer_2024,341,14,6.735154151916504,8.0,1.264845848083496
johanneskirchen,xgboost,summer_2024,342,14,6.3927693367004395,6.0,0.39276933670043945
johanneskirchen,xgboost,summer_2024,343,14,6.274389743804932,5.0,1.2743897438049316
johanneskirchen,xgboost,summer_2024,344,14,6.3629608154296875,4.0,2.3629608154296875
johanneskirchen,xgboost,summer_2024,345,14,6.680396556854248,4.0,2.680396556854248
johanneskirchen,xgboost,summer_2024,346,14,6.997937202453613,5.0,1.9979372024536133
johanneskirchen,xgboost,summer_2024,347,14,7.040121555328369,4.0,3.040121555328369
johanneskirchen,xgboost,summer_2024,348,14,7.246082782745361,5.0,2.2460827827453613
johanneskirchen,xgboost,summer_2024,349,14,7.365110397338867,6.0,1.3651103973388672
johanneskirchen,xgboost,summer_2024,350,14,8.245244979858398,7.0,1.2452449798583984
johanneskirchen,xgboost,summer_2024,351,14,8.371505737304688,7.0,1.3715057373046875
johanneskirchen,xgboost,summer_2024,352,14,8.60113525390625,8.0,0.60113525390625
johanneskirchen,xgboost,summer_2024,353,14,9.030027389526367,9.0,0.030027389526367188
johanneskirchen,xgboost,summer_2024,354,14,10.09648609161377,11.0,0.9035139083862305
johanneskirchen,xgboost,summer_2024,355,14,10.907282829284668,12.0,1.092717170715332
johanneskirchen,xgboost,summer_2024,356,14,11.842109680175781,14.0,2.1578903198242188
johanneskirchen,xgboost,summer_2024,357,14,12.667454719543457,15.0,2.332545280456543
johanneskirchen,xgboost,summer_2024,358,14,13.177932739257812,12.0,1.1779327392578125
johanneskirchen,xgboost,summer_2024,359,14,11.598132133483887,13.0,1.4018678665161133
johanneskirchen,xgboost,summer_2024,360,15,9.618169784545898,8.0,1.6181697845458984
johanneskirchen,xgboost,summer_2024,361,15,9.089282989501953,6.0,3.089282989501953
johanneskirchen,xgboost,summer_2024,362,15,8.913300514221191,5.0,3.9133005142211914
johanneskirchen,xgboost,summer_2024,363,15,9.242121696472168,6.0,3.242121696472168
johanneskirchen,xgboost,summer_2024,364,15,10.272750854492188,6.0,4.2727508544921875
johanneskirchen,xgboost,summer_2024,365,15,9.537942886352539,6.0,3.537942886352539
johanneskirchen,xgboost,summer_2024,366,15,8.84186840057373,6.0,2.8418684005737305
johanneskirchen,xgboost,summer_2024,367,15,7.577488899230957,7.0,0.577488899230957
johanneskirchen,xgboost,summer_2024,368,15,6.711373329162598,5.0,1.7113733291625977
johanneskirchen,xgboost,summer_2024,369,15,5.995908737182617,4.0,1.9959087371826172
johanneskirchen,xgboost,summer_2024,370,15,5.243567943572998,6.0,0.756432056427002
johanneskirchen,xgboost,summer_2024,371,15,4.348349571228027,7.0,2.6516504287719727
johanneskirchen,xgboost,summer_2024,372,15,4.35127067565918,6.0,1.6487293243408203
johanneskirchen,xgboost,summer_2024,373,15,4.145376205444336,5.0,0.8546237945556641
johanneskirchen,xgboost,summer_2024,374,15,4.027910232543945,4.0,0.027910232543945312
johanneskirchen,xgboost,summer_2024,375,15,4.003297805786133,5.0,0.9967021942138672
johanneskirchen,xgboost,summer_2024,376,15,4.063067436218262,6.0,1.9369325637817383
johanneskirchen,xgboost,summer_2024,377,15,4.0115861892700195,5.0,0.9884138107299805
johanneskirchen,xgboost,summer_2024,378,15,4.2444562911987305,6.0,1.7555437088012695
johanneskirchen,xgboost,summer_2024,379,15,4.805459022521973,7.0,2.1945409774780273
johanneskirchen,xgboost,summer_2024,380,15,5.393197059631348,7.0,1.6068029403686523
johanneskirchen,xgboost,summer_2024,381,15,6.969589710235596,7.0,0.030410289764404297
johanneskirchen,xgboost,summer_2024,382,15,9.032154083251953,6.0,3.032154083251953
johanneskirchen,xgboost,summer_2024,383,15,9.053836822509766,3.0,6.053836822509766
johanneskirchen,xgboost,summer_2024,384,16,7.731161117553711,2.0,5.731161117553711
johanneskirchen,xgboost,summer_2024,385,16,7.142121315002441,4.0,3.1421213150024414
johanneskirchen,xgboost,summer_2024,386,16,7.071068286895752,6.0,1.071068286895752
johanneskirchen,xgboost,summer_2024,387,16,6.53579568862915,7.0,0.4642043113708496
johanneskirchen,xgboost,summer_2024,388,16,6.222581386566162,7.0,0.7774186134338379
johanneskirchen,xgboost,summer_2024,389,16,6.5789642333984375,8.0,1.4210357666015625
johanneskirchen,xgboost,summer_2024,390,16,6.214992046356201,5.0,1.2149920463562012
johanneskirchen,xgboost,summer_2024,391,16,6.371553421020508,5.0,1.3715534210205078
johanneskirchen,xgboost,summer_2024,392,16,6.070738792419434,5.0,1.0707387924194336
johanneskirchen,xgboost,summer_2024,393,16,5.740787982940674,4.0,1.7407879829406738
johanneskirchen,xgboost,summer_2024,394,16,5.596127510070801,4.0,1.5961275100708008
johanneskirchen,xgboost,summer_2024,395,16,5.756186485290527,4.0,1.7561864852905273
johanneskirchen,xgboost,summer_2024,396,16,5.818312168121338,4.0,1.818312168121338
johanneskirchen,xgboost,summer_2024,397,16,5.702929496765137,4.0,1.7029294967651367
johanneskirchen,xgboost,summer_2024,398,16,5.891503810882568,5.0,0.8915038108825684
johanneskirchen,xgboost,summer_2024,399,16,5.947712421417236,5.0,0.9477124214172363
johanneskirchen,xgboost,summer_2024,400,16,6.141818046569824,5.0,1.1418180465698242
johanneskirchen,xgboost,summer_2024,401,16,6.49855899810791,5.0,1.4985589981079102
johanneskirchen,xgboost,summer_2024,402,16,6.643826484680176,5.0,1.6438264846801758
johanneskirchen,xgboost,summer_2024,403,16,6.918579578399658,6.0,0.9185795783996582
johanneskirchen,xgboost,summer_2024,404,16,7.455792427062988,7.0,0.4557924270629883
johanneskirchen,xgboost,summer_2024,405,16,8.2980375289917,8.0,0.2980375289916992
johanneskirchen,xgboost,summer_2024,406,16,8.682191848754883,7.0,1.6821918487548828
johanneskirchen,xgboost,summer_2024,407,16,9.531744003295898,7.0,2.5317440032958984
johanneskirchen,xgboost,summer_2024,408,17,10.452857971191406,9.0,1.4528579711914062
johanneskirchen,xgboost,summer_2024,409,17,11.981053352355957,10.0,1.981053352355957
johanneskirchen,xgboost,summer_2024,410,17,12.341503143310547,8.0,4.341503143310547
johanneskirchen,xgboost,summer_2024,411,17,12.27245807647705,9.0,3.272458076477051
johanneskirchen,xgboost,summer_2024,412,17,12.573902130126953,10.0,2.573902130126953
johanneskirchen,xgboost,summer_2024,413,17,12.78577709197998,10.0,2.7857770919799805
johanneskirchen,xgboost,summer_2024,414,17,11.711359024047852,4.0,7.711359024047852
johanneskirchen,xgboost,summer_2024,415,17,9.951465606689453,5.0,4.951465606689453
johanneskirchen,xgboost,summer_2024,416,17,8.53508472442627,5.0,3.5350847244262695
johanneskirchen,xgboost,summer_2024,417,17,7.755880355834961,5.0,2.755880355834961
johanneskirchen,xgboost,summer_2024,418,17,7.665018558502197,7.0,0.6650185585021973
johanneskirchen,xgboost,summer_2024,419,17,7.859657287597656,7.0,0.8596572875976562
johanneskirchen,xgboost,summer_2024,420,17,7.951526165008545,6.0,1.951526165008545
johanneskirchen,xgboost,summer_2024,421,17,7.6840033531188965,6.0,1.6840033531188965
johanneskirchen,xgboost,summer_2024,422,17,7.979650020599365,7.0,0.9796500205993652
johanneskirchen,xgboost,summer_2024,423,17,8.366717338562012,8.0,0.3667173385620117
johanneskirchen,xgboost,summer_2024,424,17,8.697739601135254,7.0,1.697739601135254
johanneskirchen,xgboost,summer_2024,425,17,8.852865219116211,6.0,2.852865219116211
johanneskirchen,xgboost,summer_2024,426,17,9.48923110961914,9.0,0.4892311096191406
johanneskirchen,xgboost,summer_2024,427,17,12.24853229522705,18.0,5.751467704772949
johanneskirchen,xgboost,summer_2024,428,17,12.676713943481445,11.0,1.6767139434814453
johanneskirchen,xgboost,summer_2024,429,17,13.438498497009277,12.0,1.4384984970092773
johanneskirchen,xgboost,summer_2024,430,17,13.799230575561523,8.0,5.799230575561523
johanneskirchen,xgboost,summer_2024,431,17,13.776687622070312,9.0,4.7766876220703125
johanneskirchen,xgboost,summer_2024,432,18,13.964141845703125,11.0,2.964141845703125
johanneskirchen,xgboost,summer_2024,433,18,14.011713981628418,11.0,3.011713981628418
johanneskirchen,xgboost,summer_2024,434,18,14.278721809387207,11.0,3.278721809387207
johanneskirchen,xgboost,summer_2024,435,18,14.396598815917969,13.0,1.3965988159179688
johanneskirchen,xgboost,summer_2024,436,18,14.15306568145752,10.0,4.1530656814575195
johanneskirchen,xgboost,summer_2024,437,18,14.298388481140137,12.0,2.2983884811401367
johanneskirchen,xgboost,summer_2024,438,18,14.120599746704102,13.0,1.1205997467041016
johanneskirchen,xgboost,summer_2024,439,18,13.949104309082031,10.0,3.9491043090820312
johanneskirchen,xgboost,summer_2024,440,18,13.032760620117188,11.0,2.0327606201171875
johanneskirchen,xgboost,summer_2024,441,18,12.3488130569458,11.0,1.3488130569458008
johanneskirchen,xgboost,summer_2024,442,18,11.553038597106934,11.0,0.5530385971069336
johanneskirchen,xgboost,summer_2024,443,18,11.893409729003906,10.0,1.8934097290039062
johanneskirchen,xgboost,summer_2024,444,18,12.287001609802246,11.0,1.287001609802246
johanneskirchen,xgboost,summer_2024,445,18,11.928109169006348,11.0,0.9281091690063477
johanneskirchen,xgboost,summer_2024,446,18,11.799962997436523,10.0,1.7999629974365234
johanneskirchen,xgboost,summer_2024,447,18,11.813314437866211,11.0,0.8133144378662109
johanneskirchen,xgboost,summer_2024,448,18,11.832444190979004,11.0,0.8324441909790039
johanneskirchen,xgboost,summer_2024,449,18,12.781566619873047,11.0,1.7815666198730469
johanneskirchen,xgboost,summer_2024,450,18,13.183623313903809,12.0,1.1836233139038086
johanneskirchen,xgboost,summer_2024,451,18,17.56862449645996,18.0,0.43137550354003906
johanneskirchen,xgboost,summer_2024,452,18,19.87578582763672,18.0,1.8757858276367188
johanneskirchen,xgboost,summer_2024,453,18,19.387683868408203,17.0,2.387683868408203
johanneskirchen,xgboost,summer_2024,454,18,18.50701141357422,18.0,0.5070114135742188
johanneskirchen,xgboost,summer_2024,455,18,14.936799049377441,12.0,2.9367990493774414
johanneskirchen,xgboost,summer_2024,456,19,12.202281951904297,12.0,0.20228195190429688
johanneskirchen,xgboost,summer_2024,457,19,10.90118408203125,12.0,1.09881591796875
johanneskirchen,xgboost,summer_2024,458,19,10.949075698852539,13.0,2.050924301147461
johanneskirchen,xgboost,summer_2024,459,19,10.93222713470459,13.0,2.06777286529541
johanneskirchen,xgboost,summer_2024,460,19,10.552217483520508,13.0,2.447782516479492
johanneskirchen,xgboost,summer_2024,461,19,10.834546089172363,12.0,1.1654539108276367
johanneskirchen,xgboost,summer_2024,462,19,10.74257755279541,11.0,0.25742244720458984
johanneskirchen,xgboost,summer_2024,463,19,10.560593605041504,11.0,0.4394063949584961
johanneskirchen,xgboost,summer_2024,464,19,10.066221237182617,10.0,0.06622123718261719
johanneskirchen,xgboost,summer_2024,465,19,10.144415855407715,10.0,0.14441585540771484
johanneskirchen,xgboost,summer_2024,466,19,10.340139389038086,10.0,0.34013938903808594
johanneskirchen,xgboost,summer_2024,467,19,10.889892578125,9.0,1.889892578125
johanneskirchen,xgboost,summer_2024,468,19,11.207740783691406,9.0,2.2077407836914062
johanneskirchen,xgboost,summer_2024,469,19,11.223033905029297,11.0,0.22303390502929688
johanneskirchen,xgboost,summer_2024,470,19,14.14779281616211,12.0,2.1477928161621094
johanneskirchen,xgboost,summer_2024,471,19,17.324403762817383,8.0,9.324403762817383
johanneskirchen,xgboost,summer_2024,472,19,18.976318359375,6.0,12.976318359375
johanneskirchen,xgboost,summer_2024,473,19,15.724676132202148,6.0,9.724676132202148
johanneskirchen,xgboost,summer_2024,474,19,14.176470756530762,8.0,6.176470756530762
johanneskirchen,xgboost,summer_2024,475,19,13.875141143798828,9.0,4.875141143798828
johanneskirchen,xgboost,summer_2024,476,19,12.931674003601074,10.0,2.931674003601074
johanneskirchen,xgboost,summer_2024,477,19,12.549369812011719,12.0,0.5493698120117188
johanneskirchen,xgboost,summer_2024,478,19,12.485597610473633,16.0,3.514402389526367
johanneskirchen,xgboost,summer_2024,479,19,15.157544136047363,19.0,3.8424558639526367
johanneskirchen,xgboost,summer_2024,480,20,16.659168243408203,16.0,0.6591682434082031
johanneskirchen,xgboost,summer_2024,481,20,17.421037673950195,16.0,1.4210376739501953
johanneskirchen,xgboost,summer_2024,482,20,17.132898330688477,17.0,0.13289833068847656
johanneskirchen,xgboost,summer_2024,483,20,16.68915367126465,18.0,1.3108463287353516
johanneskirchen,xgboost,summer_2024,484,20,17.63149642944336,15.0,2.6314964294433594
johanneskirchen,xgboost,summer_2024,485,20,16.565166473388672,10.0,6.565166473388672
johanneskirchen,xgboost,summer_2024,486,20,12.641585350036621,8.0,4.641585350036621
johanneskirchen,xgboost,summer_2024,487,20,9.788823127746582,8.0,1.788823127746582
johanneskirchen,xgboost,summer_2024,488,20,9.529308319091797,10.0,0.4706916809082031
johanneskirchen,xgboost,summer_2024,489,20,10.40565299987793,11.0,0.5943470001220703
johanneskirchen,xgboost,summer_2024,490,20,11.711015701293945,14.0,2.2889842987060547
johanneskirchen,xgboost,summer_2024,491,20,12.614974021911621,13.0,0.3850259780883789
johanneskirchen,xgboost,summer_2024,492,20,12.541123390197754,13.0,0.4588766098022461
johanneskirchen,xgboost,summer_2024,493,20,12.055706977844238,13.0,0.9442930221557617
johanneskirchen,xgboost,summer_2024,494,20,12.219451904296875,12.0,0.219451904296875
johanneskirchen,xgboost,summer_2024,495,20,12.240222930908203,12.0,0.24022293090820312
johanneskirchen,xgboost,summer_2024,496,20,12.251917839050293,13.0,0.748082160949707
johanneskirchen,xgboost,summer_2024,497,20,11.349814414978027,13.0,1.6501855850219727
johanneskirchen,xgboost,summer_2024,498,20,8.207209587097168,8.0,0.20720958709716797
johanneskirchen,xgboost,summer_2024,499,20,7.741173267364502,9.0,1.258826732635498
johanneskirchen,xgboost,summer_2024,500,20,8.317091941833496,7.0,1.317091941833496
johanneskirchen,xgboost,summer_2024,501,20,8.041769027709961,5.0,3.041769027709961
johanneskirchen,xgboost,summer_2024,502,20,6.838756561279297,4.0,2.838756561279297
johanneskirchen,xgboost,summer_2024,503,20,5.787177085876465,5.0,0.7871770858764648
johanneskirchen,xgboost,summer_2024,504,21,5.074450492858887,5.0,0.07445049285888672
johanneskirchen,xgboost,summer_2024,505,21,3.8370392322540283,4.0,0.16296076774597168
johanneskirchen,xgboost,summer_2024,506,21,3.0431060791015625,2.0,1.0431060791015625
johanneskirchen,xgboost,summer_2024,507,21,2.6957218647003174,2.0,0.6957218647003174
johanneskirchen,xgboost,summer_2024,508,21,2.7920215129852295,3.0,0.2079784870147705
johanneskirchen,xgboost,summer_2024,509,21,3.0209403038024902,2.0,1.0209403038024902
johanneskirchen,xgboost,summer_2024,510,21,3.256749391555786,2.0,1.2567493915557861
johanneskirchen,xgboost,summer_2024,511,21,3.0857772827148438,3.0,0.08577728271484375
johanneskirchen,xgboost,summer_2024,512,21,3.4275500774383545,3.0,0.4275500774383545
johanneskirchen,xgboost,summer_2024,513,21,3.545518159866333,3.0,0.545518159866333
johanneskirchen,xgboost,summer_2024,514,21,3.6997382640838623,5.0,1.3002617359161377
johanneskirchen,xgboost,summer_2024,515,21,4.6188483238220215,5.0,0.3811516761779785
johanneskirchen,xgboost,summer_2024,516,21,5.2072577476501465,5.0,0.20725774765014648
johanneskirchen,xgboost,summer_2024,517,21,5.953952789306641,8.0,2.0460472106933594
johanneskirchen,xgboost,summer_2024,518,21,6.801029682159424,7.0,0.19897031784057617
johanneskirchen,xgboost,summer_2024,519,21,7.607358932495117,3.0,4.607358932495117
johanneskirchen,xgboost,summer_2024,520,21,8.420358657836914,4.0,4.420358657836914
johanneskirchen,xgboost,summer_2024,521,21,7.826196193695068,5.0,2.8261961936950684
johanneskirchen,xgboost,summer_2024,522,21,7.303471088409424,7.0,0.30347108840942383
johanneskirchen,xgboost,summer_2024,523,21,7.018229961395264,9.0,1.9817700386047363
johanneskirchen,xgboost,summer_2024,524,21,6.748055934906006,7.0,0.25194406509399414
johanneskirchen,xgboost,summer_2024,525,21,6.5211076736450195,3.0,3.5211076736450195
johanneskirchen,xgboost,summer_2024,526,21,6.413262844085693,4.0,2.4132628440856934
johanneskirchen,xgboost,summer_2024,527,21,6.4927754402160645,7.0,0.5072245597839355
johanneskirchen,xgboost,summer_2024,528,22,6.93337869644165,6.0,0.9333786964416504
johanneskirchen,xgboost,summer_2024,529,22,6.444118499755859,4.0,2.4441184997558594
johanneskirchen,xgboost,summer_2024,530,22,5.675300598144531,5.0,0.6753005981445312
johanneskirchen,xgboost,summer_2024,531,22,5.352682113647461,7.0,1.647317886352539
johanneskirchen,xgboost,summer_2024,532,22,5.704575061798096,7.0,1.2954249382019043
johanneskirchen,xgboost,summer_2024,533,22,5.718437194824219,5.0,0.7184371948242188
johanneskirchen,xgboost,summer_2024,534,22,5.857662677764893,6.0,0.14233732223510742
johanneskirchen,xgboost,summer_2024,535,22,6.236517906188965,5.0,1.2365179061889648
johanneskirchen,xgboost,summer_2024,536,22,6.434617519378662,2.0,4.434617519378662
johanneskirchen,xgboost,summer_2024,537,22,5.729439735412598,3.0,2.7294397354125977
johanneskirchen,xgboost,summer_2024,538,22,5.395840644836426,4.0,1.3958406448364258
johanneskirchen,xgboost,summer_2024,539,22,5.628305912017822,6.0,0.37169408798217773
johanneskirchen,xgboost,summer_2024,540,22,5.673074722290039,6.0,0.32692527770996094
johanneskirchen,xgboost,summer_2024,541,22,5.690011978149414,6.0,0.30998802185058594
johanneskirchen,xgboost,summer_2024,542,22,5.824613571166992,5.0,0.8246135711669922
johanneskirchen,xgboost,summer_2024,543,22,5.681712627410889,5.0,0.6817126274108887
johanneskirchen,xgboost,summer_2024,544,22,5.520942211151123,4.0,1.520942211151123
johanneskirchen,xgboost,summer_2024,545,22,5.491677761077881,4.0,1.4916777610778809
johanneskirchen,xgboost,summer_2024,546,22,5.677487373352051,4.0,1.6774873733520508
johanneskirchen,xgboost,summer_2024,547,22,5.817316055297852,6.0,0.18268394470214844
johanneskirchen,xgboost,summer_2024,548,22,5.081993579864502,4.0,1.081993579864502
johanneskirchen,xgboost,summer_2024,549,22,4.770267486572266,6.0,1.2297325134277344
johanneskirchen,xgboost,summer_2024,550,22,5.51902437210083,3.0,2.51902437210083
johanneskirchen,xgboost,summer_2024,551,22,6.500868320465088,2.0,4.500868320465088
johanneskirchen,xgboost,summer_2024,552,23,7.1294121742248535,3.0,4.1294121742248535
johanneskirchen,xgboost,summer_2024,553,23,6.355220317840576,4.0,2.355220317840576
johanneskirchen,xgboost,summer_2024,554,23,6.051183223724365,4.0,2.0511832237243652
johanneskirchen,xgboost,summer_2024,555,23,5.601787090301514,4.0,1.6017870903015137
johanneskirchen,xgboost,summer_2024,556,23,5.550569534301758,5.0,0.5505695343017578
johanneskirchen,xgboost,summer_2024,557,23,6.063117504119873,4.0,2.063117504119873
johanneskirchen,xgboost,summer_2024,558,23,5.8865132331848145,4.0,1.8865132331848145
johanneskirchen,xgboost,summer_2024,559,23,5.064691543579102,5.0,0.06469154357910156
johanneskirchen,xgboost,summer_2024,560,23,4.2062764167785645,4.0,0.20627641677856445
johanneskirchen,xgboost,summer_2024,561,23,4.2842183113098145,4.0,0.28421831130981445
johanneskirchen,xgboost,summer_2024,562,23,4.195618152618408,3.0,1.1956181526184082
johanneskirchen,xgboost,summer_2024,563,23,4.0770583152771,3.0,1.0770583152770996
johanneskirchen,xgboost,summer_2024,564,23,3.867457151412964,2.0,1.8674571514129639
johanneskirchen,xgboost,summer_2024,565,23,3.7402288913726807,3.0,0.7402288913726807
johanneskirchen,xgboost,summer_2024,566,23,3.6391520500183105,2.0,1.6391520500183105
johanneskirchen,xgboost,summer_2024,567,23,3.175962209701538,3.0,0.17596220970153809
johanneskirchen,xgboost,summer_2024,568,23,3.035398244857788,3.0,0.035398244857788086
johanneskirchen,xgboost,summer_2024,569,23,3.3341481685638428,3.0,0.3341481685638428
johanneskirchen,xgboost,summer_2024,570,23,3.4146692752838135,4.0,0.5853307247161865
johanneskirchen,xgboost,summer_2024,571,23,3.494664192199707,5.0,1.505335807800293
johanneskirchen,xgboost,summer_2024,572,23,4.065472602844238,7.0,2.9345273971557617
johanneskirchen,xgboost,summer_2024,573,23,4.583234786987305,8.0,3.4167652130126953
johanneskirchen,xgboost,summer_2024,574,23,5.054819583892822,7.0,1.9451804161071777
johanneskirchen,xgboost,summer_2024,575,23,5.319538593292236,7.0,1.6804614067077637
johanneskirchen,xgboost,summer_2024,576,24,5.678361415863037,8.0,2.321638584136963
johanneskirchen,xgboost,summer_2024,577,24,6.361148834228516,9.0,2.6388511657714844
johanneskirchen,xgboost,summer_2024,578,24,6.880277156829834,9.0,2.119722843170166
johanneskirchen,xgboost,summer_2024,579,24,7.1756134033203125,9.0,1.8243865966796875
johanneskirchen,xgboost,summer_2024,580,24,7.153254985809326,10.0,2.846745014190674
johanneskirchen,xgboost,summer_2024,581,24,6.907933235168457,9.0,2.092066764831543
johanneskirchen,xgboost,summer_2024,582,24,6.876368522644043,8.0,1.123631477355957
johanneskirchen,xgboost,summer_2024,583,24,6.366578578948975,5.0,1.3665785789489746
johanneskirchen,xgboost,summer_2024,584,24,5.835846424102783,3.0,2.835846424102783
johanneskirchen,xgboost,summer_2024,585,24,5.4901909828186035,3.0,2.4901909828186035
johanneskirchen,xgboost,summer_2024,586,24,5.695199489593506,4.0,1.6951994895935059
johanneskirchen,xgboost,summer_2024,587,24,5.475643634796143,3.0,2.4756436347961426
johanneskirchen,xgboost,summer_2024,588,24,5.8795623779296875,3.0,2.8795623779296875
johanneskirchen,xgboost,summer_2024,589,24,5.42952823638916,4.0,1.4295282363891602
johanneskirchen,xgboost,summer_2024,590,24,5.456903457641602,3.0,2.4569034576416016
johanneskirchen,xgboost,summer_2024,591,24,6.340266227722168,6.0,0.34026622772216797
johanneskirchen,xgboost,summer_2024,592,24,6.621121883392334,4.0,2.621121883392334
johanneskirchen,xgboost,summer_2024,593,24,16.41988182067871,22.0,5.580118179321289
johanneskirchen,xgboost,summer_2024,594,24,27.91449737548828,25.0,2.9144973754882812
johanneskirchen,xgboost,summer_2024,595,24,27.242855072021484,36.0,8.757144927978516
johanneskirchen,xgboost,summer_2024,596,24,22.21109962463379,13.0,9.211099624633789
johanneskirchen,xgboost,summer_2024,597,24,16.67218780517578,12.0,4.672187805175781
johanneskirchen,xgboost,summer_2024,598,24,12.562118530273438,13.0,0.4378814697265625
johanneskirchen,xgboost,summer_2024,599,24,10.434981346130371,12.0,1.565018653869629
johanneskirchen,xgboost,summer_2024,600,25,10.803526878356934,12.0,1.1964731216430664
johanneskirchen,xgboost,summer_2024,601,25,10.428765296936035,11.0,0.5712347030639648
johanneskirchen,xgboost,summer_2024,602,25,10.899968147277832,11.0,0.10003185272216797
johanneskirchen,xgboost,summer_2024,603,25,11.023006439208984,11.0,0.023006439208984375
johanneskirchen,xgboost,summer_2024,604,25,10.829663276672363,10.0,0.8296632766723633
johanneskirchen,xgboost,summer_2024,605,25,10.08424186706543,10.0,0.08424186706542969
johanneskirchen,xgboost,summer_2024,606,25,9.11567497253418,11.0,1.8843250274658203
johanneskirchen,xgboost,summer_2024,607,25,8.101154327392578,10.0,1.8988456726074219
johanneskirchen,xgboost,summer_2024,608,25,7.610044479370117,7.0,0.6100444793701172
johanneskirchen,xgboost,summer_2024,609,25,7.738178253173828,7.0,0.7381782531738281
johanneskirchen,xgboost,summer_2024,610,25,7.937952518463135,7.0,0.9379525184631348
johanneskirchen,xgboost,summer_2024,611,25,7.931748867034912,6.0,1.931748867034912
johanneskirchen,xgboost,summer_2024,612,25,8.108633041381836,6.0,2.108633041381836
johanneskirchen,xgboost,summer_2024,613,25,8.155534744262695,7.0,1.1555347442626953
johanneskirchen,xgboost,summer_2024,614,25,8.118720054626465,7.0,1.1187200546264648
johanneskirchen,xgboost,summer_2024,615,25,8.476940155029297,8.0,0.4769401550292969
johanneskirchen,xgboost,summer_2024,616,25,8.332707405090332,7.0,1.332707405090332
johanneskirchen,xgboost,summer_2024,617,25,8.528548240661621,7.0,1.528548240661621
johanneskirchen,xgboost,summer_2024,618,25,9.420119285583496,8.0,1.420119285583496
johanneskirchen,xgboost,summer_2024,619,25,10.56903076171875,9.0,1.56903076171875
johanneskirchen,xgboost,summer_2024,620,25,12.009100914001465,12.0,0.009100914001464844
johanneskirchen,xgboost,summer_2024,621,25,13.8314790725708,17.0,3.168520927429199
johanneskirchen,xgboost,summer_2024,622,25,15.316267013549805,19.0,3.6837329864501953
johanneskirchen,xgboost,summer_2024,623,25,15.064921379089355,14.0,1.0649213790893555
johanneskirchen,xgboost,summer_2024,624,26,15.074789047241211,16.0,0.9252109527587891
johanneskirchen,xgboost,summer_2024,625,26,16.55021095275879,17.0,0.44978904724121094
johanneskirchen,xgboost,summer_2024,626,26,16.68175506591797,17.0,0.31824493408203125
johanneskirchen,xgboost,summer_2024,627,26,16.49726676940918,15.0,1.4972667694091797
johanneskirchen,xgboost,summer_2024,628,26,16.674659729003906,16.0,0.6746597290039062
johanneskirchen,xgboost,summer_2024,629,26,15.942505836486816,15.0,0.9425058364868164
johanneskirchen,xgboost,summer_2024,630,26,14.206682205200195,12.0,2.2066822052001953
johanneskirchen,xgboost,summer_2024,631,26,12.21853256225586,9.0,3.2185325622558594
johanneskirchen,xgboost,summer_2024,632,26,10.653067588806152,8.0,2.6530675888061523
johanneskirchen,xgboost,summer_2024,633,26,10.471649169921875,7.0,3.471649169921875
johanneskirchen,xgboost,summer_2024,634,26,10.767679214477539,8.0,2.767679214477539
johanneskirchen,xgboost,summer_2024,635,26,10.507081031799316,7.0,3.5070810317993164
johanneskirchen,xgboost,summer_2024,636,26,10.657913208007812,7.0,3.6579132080078125
johanneskirchen,xgboost,summer_2024,637,26,10.66285228729248,8.0,2.6628522872924805
johanneskirchen,xgboost,summer_2024,638,26,10.890922546386719,8.0,2.8909225463867188
johanneskirchen,xgboost,summer_2024,639,26,11.294015884399414,10.0,1.294015884399414
johanneskirchen,xgboost,summer_2024,640,26,12.032438278198242,18.0,5.967561721801758
johanneskirchen,xgboost,summer_2024,641,26,12.063945770263672,9.0,3.063945770263672
johanneskirchen,xgboost,summer_2024,642,26,12.341371536254883,11.0,1.3413715362548828
johanneskirchen,xgboost,summer_2024,643,26,13.93653678894043,15.0,1.0634632110595703
johanneskirchen,xgboost,summer_2024,644,26,11.513221740722656,10.0,1.5132217407226562
johanneskirchen,xgboost,summer_2024,645,26,11.552560806274414,11.0,0.5525608062744141
johanneskirchen,xgboost,summer_2024,646,26,12.628497123718262,9.0,3.6284971237182617
johanneskirchen,xgboost,summer_2024,647,26,13.864328384399414,7.0,6.864328384399414
johanneskirchen,xgboost,summer_2024,648,27,14.460846900939941,6.0,8.460846900939941
johanneskirchen,xgboost,summer_2024,649,27,14.165872573852539,7.0,7.165872573852539
johanneskirchen,xgboost,summer_2024,650,27,14.656525611877441,9.0,5.656525611877441
johanneskirchen,xgboost,summer_2024,651,27,14.247284889221191,8.0,6.247284889221191
johanneskirchen,xgboost,summer_2024,652,27,14.232240676879883,7.0,7.232240676879883
johanneskirchen,xgboost,summer_2024,653,27,13.365521430969238,9.0,4.365521430969238
johanneskirchen,xgboost,summer_2024,654,27,5.913086891174316,4.0,1.9130868911743164
johanneskirchen,xgboost,summer_2024,655,27,3.9056828022003174,4.0,0.09431719779968262
johanneskirchen,xgboost,summer_2024,656,27,3.395188808441162,4.0,0.6048111915588379
johanneskirchen,xgboost,summer_2024,657,27,3.2728703022003174,4.0,0.7271296977996826
johanneskirchen,xgboost,summer_2024,658,27,2.917814254760742,5.0,2.082185745239258
johanneskirchen,xgboost,summer_2024,659,27,3.4290337562561035,10.0,6.5709662437438965
johanneskirchen,xgboost,summer_2024,660,27,3.3482346534729004,8.0,4.6517653465271
johanneskirchen,xgboost,summer_2024,661,27,2.788193464279175,5.0,2.211806535720825
johanneskirchen,xgboost,summer_2024,662,27,2.7610270977020264,3.0,0.23897290229797363
johanneskirchen,xgboost,summer_2024,663,27,2.8680951595306396,3.0,0.13190484046936035
johanneskirchen,xgboost,summer_2024,664,27,2.8758034706115723,3.0,0.12419652938842773
johanneskirchen,xgboost,summer_2024,665,27,2.725989580154419,3.0,0.27401041984558105
johanneskirchen,xgboost,summer_2024,666,27,3.073150634765625,4.0,0.926849365234375
johanneskirchen,xgboost,summer_2024,667,27,3.4323267936706543,5.0,1.5676732063293457
johanneskirchen,xgboost,summer_2024,668,27,3.728898048400879,7.0,3.271101951599121
johanneskirchen,xgboost,summer_2024,669,27,4.975786209106445,8.0,3.0242137908935547
johanneskirchen,xgboost,summer_2024,670,27,5.582220554351807,8.0,2.4177794456481934
johanneskirchen,xgboost,summer_2024,671,27,6.667655944824219,8.0,1.3323440551757812
johanneskirchen,xgboost,summer_2024,672,28,7.8086137771606445,8.0,0.19138622283935547
johanneskirchen,xgboost,summer_2024,673,28,8.272442817687988,8.0,0.2724428176879883
johanneskirchen,xgboost,summer_2024,674,28,8.141016960144043,8.0,0.14101696014404297
johanneskirchen,xgboost,summer_2024,675,28,7.785987854003906,8.0,0.21401214599609375
johanneskirchen,xgboost,summer_2024,676,28,7.2864670753479,7.0,0.2864670753479004
johanneskirchen,xgboost,summer_2024,677,28,6.973906517028809,6.0,0.9739065170288086
johanneskirchen,xgboost,summer_2024,678,28,7.231972694396973,6.0,1.2319726943969727
johanneskirchen,xgboost,summer_2024,679,28,6.936608791351318,6.0,0.9366087913513184
johanneskirchen,xgboost,summer_2024,680,28,6.380590915679932,4.0,2.3805909156799316
johanneskirchen,xgboost,summer_2024,681,28,6.1814961433410645,3.0,3.1814961433410645
johanneskirchen,xgboost,summer_2024,682,28,6.528817176818848,4.0,2.5288171768188477
johanneskirchen,xgboost,summer_2024,683,28,6.2782769203186035,4.0,2.2782769203186035
johanneskirchen,xgboost,summer_2024,684,28,6.651345729827881,5.0,1.6513457298278809
johanneskirchen,xgboost,summer_2024,685,28,6.4047088623046875,5.0,1.4047088623046875
johanneskirchen,xgboost,summer_2024,686,28,6.29658317565918,4.0,2.2965831756591797
johanneskirchen,xgboost,summer_2024,687,28,6.142869472503662,4.0,2.142869472503662
johanneskirchen,xgboost,summer_2024,688,28,6.2753424644470215,4.0,2.2753424644470215
johanneskirchen,xgboost,summer_2024,689,28,6.7406768798828125,5.0,1.7406768798828125
johanneskirchen,xgboost,summer_2024,690,28,7.513067722320557,7.0,0.5130677223205566
johanneskirchen,xgboost,summer_2024,691,28,8.177002906799316,6.0,2.1770029067993164
johanneskirchen,xgboost,summer_2024,692,28,8.98539924621582,9.0,0.014600753784179688
johanneskirchen,xgboost,summer_2024,693,28,9.93871021270752,15.0,5.0612897872924805
johanneskirchen,xgboost,summer_2024,694,28,11.029106140136719,18.0,6.970893859863281
johanneskirchen,xgboost,summer_2024,695,28,11.603963851928711,15.0,3.396036148071289
johanneskirchen,xgboost,summer_2024,696,29,11.784294128417969,12.0,0.21570587158203125
johanneskirchen,xgboost,summer_2024,697,29,11.628902435302734,13.0,1.3710975646972656
johanneskirchen,xgboost,summer_2024,698,29,11.583983421325684,11.0,0.5839834213256836
johanneskirchen,xgboost,summer_2024,699,29,11.36603832244873,11.0,0.36603832244873047
johanneskirchen,xgboost,summer_2024,700,29,10.89730167388916,11.0,0.10269832611083984
johanneskirchen,xgboost,summer_2024,701,29,11.264683723449707,12.0,0.735316276550293
johanneskirchen,xgboost,summer_2024,702,29,10.573840141296387,10.0,0.5738401412963867
johanneskirchen,xgboost,summer_2024,703,29,10.069829940795898,9.0,1.0698299407958984
johanneskirchen,xgboost,summer_2024,704,29,8.944485664367676,6.0,2.944485664367676
johanneskirchen,xgboost,summer_2024,705,29,8.688730239868164,6.0,2.688730239868164
johanneskirchen,xgboost,summer_2024,706,29,8.796112060546875,7.0,1.796112060546875
johanneskirchen,xgboost,summer_2024,707,29,8.625511169433594,6.0,2.6255111694335938
johanneskirchen,xgboost,summer_2024,708,29,8.685811042785645,6.0,2.6858110427856445
johanneskirchen,xgboost,summer_2024,709,29,8.713583946228027,6.0,2.7135839462280273
johanneskirchen,xgboost,summer_2024,710,29,8.856414794921875,7.0,1.856414794921875
johanneskirchen,xgboost,summer_2024,711,29,9.077470779418945,7.0,2.0774707794189453
johanneskirchen,xgboost,summer_2024,712,29,9.211496353149414,7.0,2.211496353149414
johanneskirchen,xgboost,summer_2024,713,29,9.698147773742676,7.0,2.698147773742676
johanneskirchen,xgboost,summer_2024,714,29,10.30394172668457,8.0,2.3039417266845703
johanneskirchen,xgboost,summer_2024,715,29,11.520069122314453,10.0,1.5200691223144531
johanneskirchen,xgboost,summer_2024,716,29,13.387598037719727,12.0,1.3875980377197266
johanneskirchen,xgboost,summer_2024,717,29,14.728763580322266,14.0,0.7287635803222656
johanneskirchen,xgboost,summer_2024,718,29,15.371326446533203,16.0,0.6286735534667969
johanneskirchen,xgboost,summer_2024,719,29,16.120098114013672,13.0,3.120098114013672
johanneskirchen,xgboost,summer_2024,720,30,16.37131690979004,15.0,1.371316909790039
johanneskirchen,xgboost,summer_2024,721,30,16.23878288269043,16.0,0.2387828826904297
johanneskirchen,xgboost,summer_2024,722,30,16.23691177368164,13.0,3.2369117736816406
johanneskirchen,xgboost,summer_2024,723,30,15.49732494354248,14.0,1.4973249435424805
johanneskirchen,xgboost,summer_2024,724,30,15.026745796203613,15.0,0.02674579620361328
johanneskirchen,xgboost,summer_2024,725,30,14.007692337036133,13.0,1.0076923370361328
johanneskirchen,xgboost,summer_2024,726,30,12.941192626953125,9.0,3.941192626953125
johanneskirchen,xgboost,summer_2024,727,30,11.238678932189941,9.0,2.2386789321899414
johanneskirchen,xgboost,summer_2024,728,30,10.802534103393555,11.0,0.1974658966064453
johanneskirchen,xgboost,summer_2024,729,30,11.823653221130371,12.0,0.1763467788696289
johanneskirchen,xgboost,summer_2024,730,30,12.395808219909668,13.0,0.604191780090332
johanneskirchen,xgboost,summer_2024,731,30,12.738051414489746,12.0,0.7380514144897461
johanneskirchen,xgboost,summer_2024,732,30,13.59215259552002,12.0,1.5921525955200195
johanneskirchen,xgboost,summer_2024,733,30,13.334696769714355,13.0,0.33469676971435547
johanneskirchen,xgboost,summer_2024,734,30,12.97133731842041,13.0,0.028662681579589844
johanneskirchen,xgboost,summer_2024,735,30,12.825254440307617,13.0,0.1747455596923828
johanneskirchen,xgboost,summer_2024,736,30,12.843735694885254,12.0,0.8437356948852539
johanneskirchen,xgboost,summer_2024,737,30,13.093147277832031,11.0,2.0931472778320312
johanneskirchen,xgboost,summer_2024,738,30,13.61727237701416,12.0,1.6172723770141602
johanneskirchen,xgboost,summer_2024,739,30,14.012224197387695,14.0,0.012224197387695312
johanneskirchen,xgboost,summer_2024,740,30,10.590132713317871,9.0,1.590132713317871
johanneskirchen,xgboost,summer_2024,741,30,6.820374011993408,7.0,0.1796259880065918
johanneskirchen,xgboost,summer_2024,742,30,5.68812894821167,7.0,1.31187105178833
johanneskirchen,xgboost,summer_2024,743,30,5.2801923751831055,6.0,0.7198076248168945
johanneskirchen,xgboost,summer_2024,744,31,4.5674638748168945,5.0,0.43253612518310547
johanneskirchen,xgboost,summer_2024,745,31,4.6848225593566895,5.0,0.31517744064331055
johanneskirchen,xgboost,summer_2024,746,31,4.960353374481201,4.0,0.9603533744812012
johanneskirchen,xgboost,summer_2024,747,31,4.761234760284424,5.0,0.23876523971557617
johanneskirchen,xgboost,summer_2024,748,31,4.97806978225708,4.0,0.9780697822570801
johanneskirchen,xgboost,summer_2024,749,31,4.934794902801514,5.0,0.06520509719848633
johanneskirchen,xgboost,summer_2024,750,31,4.938359260559082,6.0,1.061640739440918
johanneskirchen,xgboost,summer_2024,751,31,4.743224143981934,5.0,0.2567758560180664
johanneskirchen,xgboost,summer_2024,752,31,4.915116786956787,4.0,0.9151167869567871
johanneskirchen,xgboost,summer_2024,753,31,5.386614799499512,5.0,0.3866147994995117
johanneskirchen,xgboost,summer_2024,754,31,7.010515213012695,6.0,1.0105152130126953
johanneskirchen,xgboost,summer_2024,755,31,8.099481582641602,5.0,3.0994815826416016
johanneskirchen,xgboost,summer_2024,756,31,8.87511920928955,6.0,2.875119209289551
johanneskirchen,xgboost,summer_2024,757,31,8.704434394836426,7.0,1.7044343948364258
johanneskirchen,xgboost,summer_2024,758,31,7.7003173828125,6.0,1.7003173828125
johanneskirchen,xgboost,summer_2024,759,31,6.714756965637207,6.0,0.714756965637207
johanneskirchen,xgboost,summer_2024,760,31,6.739316463470459,6.0,0.739316463470459
johanneskirchen,xgboost,summer_2024,761,31,7.28847074508667,6.0,1.28847074508667
johanneskirchen,xgboost,summer_2024,762,31,7.651214599609375,7.0,0.651214599609375
johanneskirchen,xgboost,summer_2024,763,31,8.171728134155273,8.0,0.17172813415527344
johanneskirchen,xgboost,summer_2024,764,31,8.421262741088867,9.0,0.5787372589111328
johanneskirchen,xgboost,summer_2024,765,31,8.369070053100586,8.0,0.36907005310058594
johanneskirchen,xgboost,summer_2024,766,31,8.745760917663574,7.0,1.7457609176635742
johanneskirchen,xgboost,summer_2024,767,31,8.667814254760742,8.0,0.6678142547607422
johanneskirchen,xgboost,summer_2024,768,32,8.770535469055176,6.0,2.770535469055176
johanneskirchen,xgboost,summer_2024,769,32,9.319724082946777,4.0,5.319724082946777
johanneskirchen,xgboost,summer_2024,770,32,11.466960906982422,5.0,6.466960906982422
johanneskirchen,xgboost,summer_2024,771,32,12.310070991516113,9.0,3.3100709915161133
johanneskirchen,xgboost,summer_2024,772,32,12.926316261291504,11.0,1.926316261291504
johanneskirchen,xgboost,summer_2024,773,32,13.759919166564941,9.0,4.759919166564941
johanneskirchen,xgboost,summer_2024,774,32,13.091935157775879,8.0,5.091935157775879
johanneskirchen,xgboost,summer_2024,775,32,11.72043228149414,10.0,1.7204322814941406
johanneskirchen,xgboost,summer_2024,776,32,9.417695999145508,11.0,1.5823040008544922
johanneskirchen,xgboost,summer_2024,777,32,8.589395523071289,11.0,2.410604476928711
johanneskirchen,xgboost,summer_2024,778,32,7.446830749511719,8.0,0.5531692504882812
johanneskirchen,xgboost,summer_2024,779,32,6.911007881164551,7.0,0.08899211883544922
johanneskirchen,xgboost,summer_2024,780,32,6.741565227508545,8.0,1.258434772491455
johanneskirchen,xgboost,summer_2024,781,32,6.87633752822876,9.0,2.1236624717712402
johanneskirchen,xgboost,summer_2024,782,32,6.909886837005615,8.0,1.0901131629943848
johanneskirchen,xgboost,summer_2024,783,32,6.774416923522949,7.0,0.22558307647705078
johanneskirchen,xgboost,summer_2024,784,32,6.705904960632324,6.0,0.7059049606323242
johanneskirchen,xgboost,summer_2024,785,32,6.707913398742676,7.0,0.2920866012573242
johanneskirchen,xgboost,summer_2024,786,32,6.875369071960449,7.0,0.12463092803955078
johanneskirchen,xgboost,summer_2024,787,32,6.219171524047852,5.0,1.2191715240478516
johanneskirchen,xgboost,summer_2024,788,32,6.394533634185791,6.0,0.394533634185791
johanneskirchen,xgboost,summer_2024,789,32,6.673643112182617,7.0,0.3263568878173828
johanneskirchen,xgboost,summer_2024,790,32,7.462038040161133,7.0,0.4620380401611328
johanneskirchen,xgboost,summer_2024,791,32,8.377035140991211,6.0,2.377035140991211
johanneskirchen,xgboost,summer_2024,792,33,8.699803352355957,8.0,0.699803352355957
johanneskirchen,xgboost,summer_2024,793,33,9.507658958435059,7.0,2.5076589584350586
johanneskirchen,xgboost,summer_2024,794,33,10.31558895111084,5.0,5.31558895111084
johanneskirchen,xgboost,summer_2024,795,33,9.133088111877441,5.0,4.133088111877441
johanneskirchen,xgboost,summer_2024,796,33,7.0420989990234375,6.0,1.0420989990234375
johanneskirchen,xgboost,summer_2024,797,33,6.2247748374938965,7.0,0.7752251625061035
johanneskirchen,xgboost,summer_2024,798,33,6.162064075469971,5.0,1.1620640754699707
johanneskirchen,xgboost,summer_2024,799,33,6.2199320793151855,3.0,3.2199320793151855
johanneskirchen,xgboost,summer_2024,800,33,6.424168586730957,3.0,3.424168586730957
johanneskirchen,xgboost,summer_2024,801,33,6.75712251663208,4.0,2.75712251663208
johanneskirchen,xgboost,summer_2024,802,33,6.421051502227783,6.0,0.4210515022277832
johanneskirchen,xgboost,summer_2024,803,33,6.019316673278809,6.0,0.019316673278808594
johanneskirchen,xgboost,summer_2024,804,33,5.743124008178711,5.0,0.7431240081787109
johanneskirchen,xgboost,summer_2024,805,33,5.626668930053711,5.0,0.6266689300537109
johanneskirchen,xgboost,summer_2024,806,33,5.777126312255859,5.0,0.7771263122558594
johanneskirchen,xgboost,summer_2024,807,33,5.665339469909668,5.0,0.665339469909668
johanneskirchen,xgboost,summer_2024,808,33,6.580611705780029,7.0,0.4193882942199707
johanneskirchen,xgboost,summer_2024,809,33,7.015917778015137,6.0,1.0159177780151367
johanneskirchen,xgboost,summer_2024,810,33,7.728248596191406,6.0,1.7282485961914062
johanneskirchen,xgboost,summer_2024,811,33,8.750370025634766,9.0,0.24962997436523438
johanneskirchen,xgboost,summer_2024,812,33,9.709474563598633,11.0,1.2905254364013672
johanneskirchen,xgboost,summer_2024,813,33,10.532722473144531,12.0,1.4672775268554688
johanneskirchen,xgboost,summer_2024,814,33,11.374269485473633,8.0,3.374269485473633
johanneskirchen,xgboost,summer_2024,815,33,11.644072532653809,8.0,3.6440725326538086
johanneskirchen,xgboost,summer_2024,816,34,12.707722663879395,11.0,1.7077226638793945
johanneskirchen,xgboost,summer_2024,817,34,12.697128295898438,10.0,2.6971282958984375
johanneskirchen,xgboost,summer_2024,818,34,8.542091369628906,6.0,2.5420913696289062
johanneskirchen,xgboost,summer_2024,819,34,6.189050197601318,5.0,1.1890501976013184
johanneskirchen,xgboost,summer_2024,820,34,6.857198715209961,9.0,2.142801284790039
johanneskirchen,xgboost,summer_2024,821,34,7.142070770263672,10.0,2.857929229736328
johanneskirchen,xgboost,summer_2024,822,34,7.030596733093262,8.0,0.9694032669067383
johanneskirchen,xgboost,summer_2024,823,34,7.017525672912598,8.0,0.9824743270874023
johanneskirchen,xgboost,summer_2024,824,34,6.910026550292969,7.0,0.08997344970703125
johanneskirchen,xgboost,summer_2024,825,34,6.88528299331665,6.0,0.8852829933166504
johanneskirchen,xgboost,summer_2024,826,34,7.020731449127197,7.0,0.020731449127197266
johanneskirchen,xgboost,summer_2024,827,34,6.969191074371338,6.0,0.9691910743713379
johanneskirchen,xgboost,summer_2024,828,34,7.2628655433654785,6.0,1.2628655433654785
johanneskirchen,xgboost,summer_2024,829,34,7.080398082733154,6.0,1.0803980827331543
johanneskirchen,xgboost,summer_2024,830,34,7.006927013397217,6.0,1.0069270133972168
johanneskirchen,xgboost,summer_2024,831,34,6.9765191078186035,6.0,0.9765191078186035
johanneskirchen,xgboost,summer_2024,832,34,7.264151573181152,6.0,1.2641515731811523
johanneskirchen,xgboost,summer_2024,833,34,7.117519378662109,6.0,1.1175193786621094
johanneskirchen,xgboost,summer_2024,834,34,7.1943817138671875,7.0,0.1943817138671875
johanneskirchen,xgboost,summer_2024,835,34,7.337288856506348,7.0,0.33728885650634766
johanneskirchen,xgboost,summer_2024,836,34,7.899486064910889,7.0,0.8994860649108887
johanneskirchen,xgboost,summer_2024,837,34,7.793826103210449,7.0,0.7938261032104492
johanneskirchen,xgboost,summer_2024,838,34,7.3973469734191895,7.0,0.39734697341918945
johanneskirchen,xgboost,summer_2024,839,34,7.339532375335693,7.0,0.33953237533569336
johanneskirchen,xgboost,summer_2024,840,35,7.2377471923828125,6.0,1.2377471923828125
johanneskirchen,xgboost,summer_2024,841,35,6.687108516693115,6.0,0.6871085166931152
johanneskirchen,xgboost,summer_2024,842,35,6.634706497192383,6.0,0.6347064971923828
johanneskirchen,xgboost,summer_2024,843,35,6.598402976989746,7.0,0.4015970230102539
johanneskirchen,xgboost,summer_2024,844,35,6.537933826446533,6.0,0.5379338264465332
johanneskirchen,xgboost,summer_2024,845,35,6.506877422332764,4.0,2.5068774223327637
johanneskirchen,xgboost,summer_2024,846,35,6.2814226150512695,5.0,1.2814226150512695
johanneskirchen,xgboost,summer_2024,847,35,5.415272235870361,4.0,1.4152722358703613
johanneskirchen,xgboost,summer_2024,848,35,4.602749824523926,3.0,1.6027498245239258
johanneskirchen,xgboost,summer_2024,849,35,3.7417709827423096,3.0,0.7417709827423096
johanneskirchen,xgboost,summer_2024,850,35,3.677762031555176,3.0,0.6777620315551758
johanneskirchen,xgboost,summer_2024,851,35,3.7973427772521973,3.0,0.7973427772521973
johanneskirchen,xgboost,summer_2024,852,35,3.9982376098632812,4.0,0.00176239013671875
johanneskirchen,xgboost,summer_2024,853,35,4.031105995178223,5.0,0.9688940048217773
johanneskirchen,xgboost,summer_2024,854,35,4.122746467590332,5.0,0.877253532409668
johanneskirchen,xgboost,summer_2024,855,35,4.313634872436523,5.0,0.6863651275634766
johanneskirchen,xgboost,summer_2024,856,35,4.862006187438965,5.0,0.13799381256103516
johanneskirchen,xgboost,summer_2024,857,35,4.936227321624756,3.0,1.9362273216247559
johanneskirchen,xgboost,summer_2024,858,35,5.059810638427734,5.0,0.059810638427734375
johanneskirchen,xgboost,summer_2024,859,35,5.512243747711182,6.0,0.48775625228881836
johanneskirchen,xgboost,summer_2024,860,35,6.924193382263184,8.0,1.0758066177368164
johanneskirchen,xgboost,summer_2024,861,35,7.819683074951172,9.0,1.1803169250488281
johanneskirchen,xgboost,summer_2024,862,35,8.358205795288086,9.0,0.6417942047119141
johanneskirchen,xgboost,summer_2024,863,35,8.553457260131836,10.0,1.446542739868164
johanneskirchen,xgboost,summer_2024,864,36,8.908151626586914,12.0,3.091848373413086
johanneskirchen,xgboost,summer_2024,865,36,9.562848091125488,12.0,2.4371519088745117
johanneskirchen,xgboost,summer_2024,866,36,10.343077659606934,12.0,1.6569223403930664
johanneskirchen,xgboost,summer_2024,867,36,11.144195556640625,11.0,0.144195556640625
johanneskirchen,xgboost,summer_2024,868,36,10.334432601928711,10.0,0.33443260192871094
johanneskirchen,xgboost,summer_2024,869,36,10.214323043823242,9.0,1.2143230438232422
johanneskirchen,xgboost,summer_2024,870,36,9.610310554504395,8.0,1.6103105545043945
johanneskirchen,xgboost,summer_2024,871,36,8.974079132080078,7.0,1.9740791320800781
johanneskirchen,xgboost,summer_2024,872,36,8.350959777832031,3.0,5.350959777832031
johanneskirchen,xgboost,summer_2024,873,36,8.207731246948242,5.0,3.207731246948242
johanneskirchen,xgboost,summer_2024,874,36,7.935184478759766,7.0,0.9351844787597656
johanneskirchen,xgboost,summer_2024,875,36,7.562028408050537,6.0,1.562028408050537
johanneskirchen,xgboost,summer_2024,876,36,8.352864265441895,6.0,2.3528642654418945
johanneskirchen,xgboost,summer_2024,877,36,8.35986614227295,6.0,2.359866142272949
johanneskirchen,xgboost,summer_2024,878,36,8.134849548339844,5.0,3.1348495483398438
johanneskirchen,xgboost,summer_2024,879,36,7.827251434326172,5.0,2.827251434326172
johanneskirchen,xgboost,summer_2024,880,36,7.506909370422363,5.0,2.5069093704223633
johanneskirchen,xgboost,summer_2024,881,36,7.333833694458008,4.0,3.333833694458008
johanneskirchen,xgboost,summer_2024,882,36,7.772951126098633,5.0,2.772951126098633
johanneskirchen,xgboost,summer_2024,883,36,8.483734130859375,6.0,2.483734130859375
johanneskirchen,xgboost,summer_2024,884,36,9.461138725280762,10.0,0.5388612747192383
johanneskirchen,xgboost,summer_2024,885,36,9.679191589355469,9.0,0.6791915893554688
johanneskirchen,xgboost,summer_2024,886,36,9.969206809997559,10.0,0.030793190002441406
johanneskirchen,xgboost,summer_2024,887,36,9.823221206665039,10.0,0.17677879333496094
johanneskirchen,xgboost,summer_2024,888,37,10.24677848815918,11.0,0.7532215118408203
johanneskirchen,xgboost,summer_2024,889,37,10.553507804870605,10.0,0.5535078048706055
johanneskirchen,xgboost,summer_2024,890,37,10.732670783996582,11.0,0.26732921600341797
johanneskirchen,xgboost,summer_2024,891,37,10.931377410888672,11.0,0.06862258911132812
johanneskirchen,xgboost,summer_2024,892,37,10.415288925170898,10.0,0.41528892517089844
johanneskirchen,xgboost,summer_2024,893,37,10.46976089477539,8.0,2.4697608947753906
johanneskirchen,xgboost,summer_2024,894,37,10.119303703308105,9.0,1.1193037033081055
johanneskirchen,xgboost,summer_2024,895,37,9.380967140197754,6.0,3.380967140197754
johanneskirchen,xgboost,summer_2024,896,37,9.606767654418945,6.0,3.6067676544189453
johanneskirchen,xgboost,summer_2024,897,37,10.428874969482422,7.0,3.428874969482422
johanneskirchen,xgboost,summer_2024,898,37,11.178336143493652,7.0,4.178336143493652
johanneskirchen,xgboost,summer_2024,899,37,10.894941329956055,6.0,4.894941329956055
johanneskirchen,xgboost,summer_2024,900,37,11.029322624206543,7.0,4.029322624206543
johanneskirchen,xgboost,summer_2024,901,37,9.607723236083984,8.0,1.6077232360839844
johanneskirchen,xgboost,summer_2024,902,37,7.187441349029541,5.0,2.187441349029541
johanneskirchen,xgboost,summer_2024,903,37,5.869817733764648,5.0,0.8698177337646484
johanneskirchen,xgboost,summer_2024,904,37,5.2444233894348145,4.0,1.2444233894348145
johanneskirchen,xgboost,summer_2024,905,37,4.494871616363525,4.0,0.4948716163635254
johanneskirchen,xgboost,summer_2024,906,37,4.3452324867248535,4.0,0.3452324867248535
johanneskirchen,xgboost,summer_2024,907,37,4.593953609466553,4.0,0.5939536094665527
johanneskirchen,xgboost,summer_2024,908,37,5.090497970581055,5.0,0.09049797058105469
johanneskirchen,xgboost,summer_2024,909,37,5.612771987915039,6.0,0.38722801208496094
johanneskirchen,xgboost,summer_2024,910,37,5.803109645843506,6.0,0.19689035415649414
johanneskirchen,xgboost,summer_2024,911,37,5.39484977722168,4.0,1.3948497772216797
johanneskirchen,xgboost,summer_2024,912,38,6.183518886566162,6.0,0.1835188865661621
johanneskirchen,xgboost,summer_2024,913,38,6.840018272399902,8.0,1.1599817276000977
johanneskirchen,xgboost,summer_2024,914,38,6.923852443695068,8.0,1.0761475563049316
johanneskirchen,xgboost,summer_2024,915,38,6.5729594230651855,7.0,0.42704057693481445
johanneskirchen,xgboost,summer_2024,916,38,6.5341033935546875,6.0,0.5341033935546875
johanneskirchen,xgboost,summer_2024,917,38,6.689974784851074,7.0,0.3100252151489258
johanneskirchen,xgboost,summer_2024,918,38,7.144000053405762,7.0,0.14400005340576172
johanneskirchen,xgboost,summer_2024,919,38,6.752132892608643,4.0,2.7521328926086426
johanneskirchen,xgboost,summer_2024,920,38,6.808338165283203,2.0,4.808338165283203
johanneskirchen,xgboost,summer_2024,921,38,6.848570823669434,5.0,1.8485708236694336
johanneskirchen,xgboost,summer_2024,922,38,6.957977294921875,7.0,0.042022705078125
johanneskirchen,xgboost,summer_2024,923,38,7.1840338706970215,5.0,2.1840338706970215
johanneskirchen,xgboost,summer_2024,924,38,7.24265193939209,4.0,3.24265193939209
johanneskirchen,xgboost,summer_2024,925,38,6.942391872406006,6.0,0.9423918724060059
johanneskirchen,xgboost,summer_2024,926,38,7.0561370849609375,7.0,0.0561370849609375
johanneskirchen,xgboost,summer_2024,927,38,6.798947334289551,8.0,1.2010526657104492
johanneskirchen,xgboost,summer_2024,928,38,7.0557661056518555,5.0,2.0557661056518555
johanneskirchen,xgboost,summer_2024,929,38,8.088791847229004,3.0,5.088791847229004
johanneskirchen,xgboost,summer_2024,930,38,8.70002555847168,3.0,5.70002555847168
johanneskirchen,xgboost,summer_2024,931,38,8.999746322631836,4.0,4.999746322631836
johanneskirchen,xgboost,summer_2024,932,38,9.214469909667969,8.0,1.2144699096679688
johanneskirchen,xgboost,summer_2024,933,38,9.4179105758667,10.0,0.5820894241333008
johanneskirchen,xgboost,summer_2024,934,38,9.657455444335938,15.0,5.3425445556640625
johanneskirchen,xgboost,summer_2024,935,38,9.445046424865723,11.0,1.5549535751342773
johanneskirchen,xgboost,summer_2024,936,39,9.535198211669922,9.0,0.5351982116699219
johanneskirchen,xgboost,summer_2024,937,39,9.711649894714355,13.0,3.2883501052856445
johanneskirchen,xgboost,summer_2024,938,39,9.689738273620605,15.0,5.3102617263793945
johanneskirchen,xgboost,summer_2024,939,39,8.574618339538574,10.0,1.4253816604614258
johanneskirchen,xgboost,summer_2024,940,39,6.968715667724609,10.0,3.0312843322753906
johanneskirchen,xgboost,summer_2024,941,39,6.526844024658203,8.0,1.4731559753417969
johanneskirchen,xgboost,summer_2024,942,39,6.550269603729248,7.0,0.44973039627075195
johanneskirchen,xgboost,summer_2024,943,39,6.538484573364258,3.0,3.538484573364258
johanneskirchen,xgboost,summer_2024,944,39,5.82094144821167,2.0,3.82094144821167
johanneskirchen,xgboost,summer_2024,945,39,5.909135341644287,4.0,1.909135341644287
johanneskirchen,xgboost,summer_2024,946,39,6.267293930053711,7.0,0.7327060699462891
johanneskirchen,xgboost,summer_2024,947,39,6.65057897567749,5.0,1.6505789756774902
johanneskirchen,xgboost,summer_2024,948,39,6.8160529136657715,5.0,1.8160529136657715
johanneskirchen,xgboost,summer_2024,949,39,6.47064733505249,5.0,1.4706473350524902
johanneskirchen,xgboost,summer_2024,950,39,6.165623664855957,5.0,1.165623664855957
johanneskirchen,xgboost,summer_2024,951,39,6.202903747558594,4.0,2.2029037475585938
johanneskirchen,xgboost,summer_2024,952,39,6.138247013092041,4.0,2.138247013092041
johanneskirchen,xgboost,summer_2024,953,39,6.113570690155029,4.0,2.1135706901550293
johanneskirchen,xgboost,summer_2024,954,39,6.4636311531066895,4.0,2.4636311531066895
johanneskirchen,xgboost,summer_2024,955,39,7.138383388519287,6.0,1.138383388519287
johanneskirchen,xgboost,summer_2024,956,39,8.140369415283203,8.0,0.14036941528320312
johanneskirchen,xgboost,summer_2024,957,39,9.164755821228027,10.0,0.8352441787719727
johanneskirchen,xgboost,summer_2024,958,39,8.833555221557617,8.0,0.8335552215576172
johanneskirchen,xgboost,summer_2024,959,39,8.364567756652832,8.0,0.36456775665283203
johanneskirchen,xgboost,summer_2024,960,40,8.193329811096191,8.0,0.1933298110961914
johanneskirchen,xgboost,summer_2024,961,40,8.143732070922852,7.0,1.1437320709228516
johanneskirchen,xgboost,summer_2024,962,40,7.731836318969727,8.0,0.26816368103027344
johanneskirchen,xgboost,summer_2024,963,40,7.580435276031494,7.0,0.5804352760314941
johanneskirchen,xgboost,summer_2024,964,40,7.575560569763184,7.0,0.5755605697631836
johanneskirchen,xgboost,summer_2024,965,40,7.672479152679443,6.0,1.6724791526794434
johanneskirchen,xgboost,summer_2024,966,40,7.553831100463867,5.0,2.553831100463867
johanneskirchen,xgboost,summer_2024,967,40,7.1515350341796875,4.0,3.1515350341796875
johanneskirchen,xgboost,summer_2024,968,40,6.302940845489502,5.0,1.302940845489502
johanneskirchen,xgboost,summer_2024,969,40,6.390362739562988,6.0,0.3903627395629883
johanneskirchen,xgboost,summer_2024,970,40,6.940512657165527,6.0,0.9405126571655273
johanneskirchen,xgboost,summer_2024,971,40,7.274881362915039,6.0,1.274881362915039
johanneskirchen,xgboost,summer_2024,972,40,7.324801921844482,6.0,1.3248019218444824
johanneskirchen,xgboost,summer_2024,973,40,7.19649076461792,6.0,1.19649076461792
johanneskirchen,xgboost,summer_2024,974,40,7.26491117477417,6.0,1.26491117477417
johanneskirchen,xgboost,summer_2024,975,40,6.983150959014893,6.0,0.9831509590148926
johanneskirchen,xgboost,summer_2024,976,40,7.369843482971191,6.0,1.3698434829711914
johanneskirchen,xgboost,summer_2024,977,40,8.043115615844727,5.0,3.0431156158447266
johanneskirchen,xgboost,summer_2024,978,40,8.395788192749023,6.0,2.3957881927490234
johanneskirchen,xgboost,summer_2024,979,40,8.82272720336914,8.0,0.8227272033691406
johanneskirchen,xgboost,summer_2024,980,40,10.330706596374512,12.0,1.6692934036254883
johanneskirchen,xgboost,summer_2024,981,40,11.362931251525879,10.0,1.362931251525879
johanneskirchen,xgboost,summer_2024,982,40,13.046341896057129,8.0,5.046341896057129
johanneskirchen,xgboost,summer_2024,983,40,14.517245292663574,11.0,3.517245292663574
johanneskirchen,xgboost,summer_2024,984,41,14.927536010742188,13.0,1.9275360107421875
johanneskirchen,xgboost,summer_2024,985,41,14.933391571044922,13.0,1.9333915710449219
johanneskirchen,xgboost,summer_2024,986,41,14.033753395080566,17.0,2.9662466049194336
johanneskirchen,xgboost,summer_2024,987,41,13.513257026672363,21.0,7.486742973327637
johanneskirchen,xgboost,summer_2024,988,41,13.164266586303711,15.0,1.835733413696289
johanneskirchen,xgboost,summer_2024,989,41,11.9435396194458,13.0,1.0564603805541992
johanneskirchen,xgboost,summer_2024,990,41,11.009197235107422,11.0,0.009197235107421875
johanneskirchen,xgboost,summer_2024,991,41,9.895526885986328,8.0,1.8955268859863281
johanneskirchen,xgboost,summer_2024,992,41,9.386207580566406,8.0,1.3862075805664062
johanneskirchen,xgboost,summer_2024,993,41,9.95926570892334,10.0,0.040734291076660156
johanneskirchen,xgboost,summer_2024,994,41,10.115439414978027,10.0,0.11543941497802734
johanneskirchen,xgboost,summer_2024,995,41,9.938161849975586,7.0,2.938161849975586
johanneskirchen,xgboost,summer_2024,996,41,9.989914894104004,8.0,1.989914894104004
johanneskirchen,xgboost,summer_2024,997,41,9.713146209716797,9.0,0.7131462097167969
johanneskirchen,xgboost,summer_2024,998,41,9.357507705688477,8.0,1.3575077056884766
johanneskirchen,xgboost,summer_2024,999,41,8.894647598266602,7.0,1.8946475982666016
johanneskirchen,xgboost,summer_2024,1000,41,8.19930648803711,7.0,1.1993064880371094
johanneskirchen,xgboost,summer_2024,1001,41,7.816081523895264,6.0,1.8160815238952637
johanneskirchen,xgboost,summer_2024,1002,41,7.867552757263184,6.0,1.8675527572631836
johanneskirchen,xgboost,summer_2024,1003,41,8.317367553710938,7.0,1.3173675537109375
johanneskirchen,xgboost,summer_2024,1004,41,8.97948169708252,9.0,0.02051830291748047
johanneskirchen,xgboost,summer_2024,1005,41,9.656659126281738,8.0,1.6566591262817383
johanneskirchen,xgboost,summer_2024,1006,41,10.503036499023438,5.0,5.5030364990234375
johanneskirchen,xgboost,summer_2024,1007,41,11.761429786682129,8.0,3.761429786682129
johanneskirchen,xgboost,summer_2024,1008,42,12.571370124816895,11.0,1.5713701248168945
johanneskirchen,xgboost,summer_2024,1009,42,12.28221321105957,11.0,1.2822132110595703
johanneskirchen,xgboost,summer_2024,1010,42,12.474998474121094,13.0,0.5250015258789062
johanneskirchen,xgboost,summer_2024,1011,42,12.386202812194824,11.0,1.3862028121948242
johanneskirchen,xgboost,summer_2024,1012,42,12.450156211853027,11.0,1.4501562118530273
johanneskirchen,xgboost,summer_2024,1013,42,11.712568283081055,12.0,0.2874317169189453
johanneskirchen,xgboost,summer_2024,1014,42,11.349565505981445,13.0,1.6504344940185547
johanneskirchen,xgboost,summer_2024,1015,42,10.76740550994873,9.0,1.7674055099487305
johanneskirchen,xgboost,summer_2024,1016,42,10.570673942565918,7.0,3.570673942565918
johanneskirchen,xgboost,summer_2024,1017,42,10.942780494689941,7.0,3.9427804946899414
johanneskirchen,xgboost,summer_2024,1018,42,10.993266105651855,8.0,2.9932661056518555
johanneskirchen,xgboost,summer_2024,1019,42,11.139223098754883,9.0,2.139223098754883
johanneskirchen,xgboost,summer_2024,1020,42,11.719250679016113,11.0,0.7192506790161133
johanneskirchen,xgboost,summer_2024,1021,42,12.250798225402832,11.0,1.250798225402832
johanneskirchen,xgboost,summer_2024,1022,42,11.951469421386719,9.0,2.9514694213867188
johanneskirchen,xgboost,summer_2024,1023,42,11.573051452636719,10.0,1.5730514526367188
johanneskirchen,xgboost,summer_2024,1024,42,11.281158447265625,9.0,2.281158447265625
johanneskirchen,xgboost,summer_2024,1025,42,10.522270202636719,8.0,2.5222702026367188
johanneskirchen,xgboost,summer_2024,1026,42,10.987236022949219,7.0,3.9872360229492188
johanneskirchen,xgboost,summer_2024,1027,42,11.487682342529297,7.0,4.487682342529297
johanneskirchen,xgboost,summer_2024,1028,42,12.109583854675293,7.0,5.109583854675293
johanneskirchen,xgboost,summer_2024,1029,42,12.560105323791504,9.0,3.560105323791504
johanneskirchen,xgboost,summer_2024,1030,42,12.48347282409668,12.0,0.4834728240966797
johanneskirchen,xgboost,summer_2024,1031,42,12.54297924041748,14.0,1.4570207595825195
johanneskirchen,xgboost,summer_2024,1032,43,13.299251556396484,16.0,2.7007484436035156
johanneskirchen,xgboost,summer_2024,1033,43,13.23468017578125,13.0,0.23468017578125
johanneskirchen,xgboost,summer_2024,1034,43,12.194694519042969,10.0,2.1946945190429688
johanneskirchen,xgboost,summer_2024,1035,43,11.06322193145752,11.0,0.06322193145751953
johanneskirchen,xgboost,summer_2024,1036,43,10.51117992401123,13.0,2.4888200759887695
johanneskirchen,xgboost,summer_2024,1037,43,10.477893829345703,11.0,0.5221061706542969
johanneskirchen,xgboost,summer_2024,1038,43,9.846107482910156,9.0,0.8461074829101562
johanneskirchen,xgboost,summer_2024,1039,43,8.805028915405273,10.0,1.1949710845947266
johanneskirchen,xgboost,summer_2024,1040,43,8.195450782775879,9.0,0.8045492172241211
johanneskirchen,xgboost,summer_2024,1041,43,7.960641860961914,8.0,0.03935813903808594
johanneskirchen,xgboost,summer_2024,1042,43,7.999597549438477,8.0,0.0004024505615234375
johanneskirchen,xgboost,summer_2024,1043,43,8.837784767150879,8.0,0.8377847671508789
johanneskirchen,xgboost,summer_2024,1044,43,14.718453407287598,10.0,4.718453407287598
johanneskirchen,xgboost,summer_2024,1045,43,14.925630569458008,8.0,6.925630569458008
johanneskirchen,xgboost,summer_2024,1046,43,13.065183639526367,8.0,5.065183639526367
johanneskirchen,xgboost,summer_2024,1047,43,12.185458183288574,8.0,4.185458183288574
johanneskirchen,xgboost,summer_2024,1048,43,11.675253868103027,8.0,3.6752538681030273
johanneskirchen,xgboost,summer_2024,1049,43,10.764615058898926,8.0,2.764615058898926
johanneskirchen,xgboost,summer_2024,1050,43,8.876532554626465,6.0,2.876532554626465
johanneskirchen,xgboost,summer_2024,1051,43,7.6044816970825195,6.0,1.6044816970825195
johanneskirchen,xgboost,summer_2024,1052,43,7.07446813583374,7.0,0.07446813583374023
johanneskirchen,xgboost,summer_2024,1053,43,5.981132507324219,6.0,0.01886749267578125
johanneskirchen,xgboost,summer_2024,1054,43,5.521466255187988,6.0,0.4785337448120117
johanneskirchen,xgboost,summer_2024,1055,43,5.633375644683838,6.0,0.3666243553161621
johanneskirchen,xgboost,autumn_2024,0,0,4.762188911437988,4.0,0.7621889114379883
johanneskirchen,xgboost,autumn_2024,1,0,4.354674339294434,4.0,0.3546743392944336
johanneskirchen,xgboost,autumn_2024,2,0,3.7915990352630615,3.0,0.7915990352630615
johanneskirchen,xgboost,autumn_2024,3,0,3.5602779388427734,3.0,0.5602779388427734
johanneskirchen,xgboost,autumn_2024,4,0,3.0623855590820312,4.0,0.9376144409179688
johanneskirchen,xgboost,autumn_2024,5,0,3.222433567047119,4.0,0.7775664329528809
johanneskirchen,xgboost,autumn_2024,6,0,3.6795082092285156,4.0,0.3204917907714844
johanneskirchen,xgboost,autumn_2024,7,0,4.378106117248535,4.0,0.37810611724853516
johanneskirchen,xgboost,autumn_2024,8,0,4.534322738647461,4.0,0.5343227386474609
johanneskirchen,xgboost,autumn_2024,9,0,4.189336776733398,3.0,1.1893367767333984
johanneskirchen,xgboost,autumn_2024,10,0,4.510936260223389,3.0,1.5109362602233887
johanneskirchen,xgboost,autumn_2024,11,0,4.687939167022705,3.0,1.687939167022705
johanneskirchen,xgboost,autumn_2024,12,0,5.021756649017334,4.0,1.021756649017334
johanneskirchen,xgboost,autumn_2024,13,0,5.117051124572754,4.0,1.117051124572754
johanneskirchen,xgboost,autumn_2024,14,0,4.821670055389404,4.0,0.8216700553894043
johanneskirchen,xgboost,autumn_2024,15,0,4.314676284790039,3.0,1.314676284790039
johanneskirchen,xgboost,autumn_2024,16,0,4.221991539001465,3.0,1.2219915390014648
johanneskirchen,xgboost,autumn_2024,17,0,4.196290969848633,4.0,0.1962909698486328
johanneskirchen,xgboost,autumn_2024,18,0,4.7421979904174805,4.0,0.7421979904174805
johanneskirchen,xgboost,autumn_2024,19,0,4.996431827545166,5.0,0.0035681724548339844
johanneskirchen,xgboost,autumn_2024,20,0,5.510148048400879,7.0,1.489851951599121
johanneskirchen,xgboost,autumn_2024,21,0,6.722886562347412,6.0,0.7228865623474121
johanneskirchen,xgboost,autumn_2024,22,0,7.4501800537109375,5.0,2.4501800537109375
johanneskirchen,xgboost,autumn_2024,23,0,7.695785999298096,6.0,1.6957859992980957
johanneskirchen,xgboost,autumn_2024,24,1,7.785572528839111,7.0,0.7855725288391113
johanneskirchen,xgboost,autumn_2024,25,1,8.275338172912598,9.0,0.7246618270874023
johanneskirchen,xgboost,autumn_2024,26,1,8.254354476928711,10.0,1.745645523071289
johanneskirchen,xgboost,autumn_2024,27,1,8.249344825744629,10.0,1.750655174255371
johanneskirchen,xgboost,autumn_2024,28,1,7.230110168457031,8.0,0.7698898315429688
johanneskirchen,xgboost,autumn_2024,29,1,6.202911853790283,8.0,1.7970881462097168
johanneskirchen,xgboost,autumn_2024,30,1,6.053633689880371,6.0,0.053633689880371094
johanneskirchen,xgboost,autumn_2024,31,1,4.4357709884643555,3.0,1.4357709884643555
johanneskirchen,xgboost,autumn_2024,32,1,3.402534246444702,3.0,0.40253424644470215
johanneskirchen,xgboost,autumn_2024,33,1,2.427401304244995,3.0,0.5725986957550049
johanneskirchen,xgboost,autumn_2024,34,1,2.296689748764038,2.0,0.2966897487640381
johanneskirchen,xgboost,autumn_2024,35,1,2.282503128051758,1.0,1.2825031280517578
johanneskirchen,xgboost,autumn_2024,36,1,2.32916259765625,2.0,0.32916259765625
johanneskirchen,xgboost,autumn_2024,37,1,2.400156259536743,2.0,0.40015625953674316
johanneskirchen,xgboost,autumn_2024,38,1,2.4379220008850098,2.0,0.43792200088500977
johanneskirchen,xgboost,autumn_2024,39,1,2.4038195610046387,1.0,1.4038195610046387
johanneskirchen,xgboost,autumn_2024,40,1,2.479071617126465,2.0,0.47907161712646484
johanneskirchen,xgboost,autumn_2024,41,1,2.6944453716278076,2.0,0.6944453716278076
johanneskirchen,xgboost,autumn_2024,42,1,2.950533628463745,3.0,0.04946637153625488
johanneskirchen,xgboost,autumn_2024,43,1,3.704421043395996,5.0,1.295578956604004
johanneskirchen,xgboost,autumn_2024,44,1,5.3820013999938965,8.0,2.6179986000061035
johanneskirchen,xgboost,autumn_2024,45,1,7.090723514556885,9.0,1.9092764854431152
johanneskirchen,xgboost,autumn_2024,46,1,7.4788665771484375,9.0,1.5211334228515625
johanneskirchen,xgboost,autumn_2024,47,1,7.735931873321533,8.0,0.2640681266784668
johanneskirchen,xgboost,autumn_2024,48,2,8.066540718078613,7.0,1.0665407180786133
johanneskirchen,xgboost,autumn_2024,49,2,7.451310634613037,6.0,1.451310634613037
johanneskirchen,xgboost,autumn_2024,50,2,6.275473594665527,5.0,1.2754735946655273
johanneskirchen,xgboost,autumn_2024,51,2,5.280693054199219,4.0,1.2806930541992188
johanneskirchen,xgboost,autumn_2024,52,2,3.6918458938598633,4.0,0.3081541061401367
johanneskirchen,xgboost,autumn_2024,53,2,3.399357557296753,3.0,0.39935755729675293
johanneskirchen,xgboost,autumn_2024,54,2,3.0926156044006348,3.0,0.09261560440063477
johanneskirchen,xgboost,autumn_2024,55,2,4.569000244140625,4.0,0.569000244140625
johanneskirchen,xgboost,autumn_2024,56,2,10.407510757446289,4.0,6.407510757446289
johanneskirchen,xgboost,autumn_2024,57,2,11.800116539001465,6.0,5.800116539001465
johanneskirchen,xgboost,autumn_2024,58,2,10.827656745910645,7.0,3.8276567459106445
johanneskirchen,xgboost,autumn_2024,59,2,9.019075393676758,7.0,2.019075393676758
johanneskirchen,xgboost,autumn_2024,60,2,6.972175121307373,6.0,0.972175121307373
johanneskirchen,xgboost,autumn_2024,61,2,5.695100784301758,6.0,0.3048992156982422
johanneskirchen,xgboost,autumn_2024,62,2,5.698265075683594,6.0,0.30173492431640625
johanneskirchen,xgboost,autumn_2024,63,2,5.5962066650390625,5.0,0.5962066650390625
johanneskirchen,xgboost,autumn_2024,64,2,5.888833999633789,6.0,0.11116600036621094
johanneskirchen,xgboost,autumn_2024,65,2,6.894757270812988,8.0,1.1052427291870117
johanneskirchen,xgboost,autumn_2024,66,2,7.192250728607178,8.0,0.8077492713928223
johanneskirchen,xgboost,autumn_2024,67,2,6.460467338562012,6.0,0.4604673385620117
johanneskirchen,xgboost,autumn_2024,68,2,6.8351263999938965,8.0,1.1648736000061035
johanneskirchen,xgboost,autumn_2024,69,2,7.207638740539551,9.0,1.7923612594604492
johanneskirchen,xgboost,autumn_2024,70,2,7.014391899108887,8.0,0.9856081008911133
johanneskirchen,xgboost,autumn_2024,71,2,6.889769554138184,8.0,1.1102304458618164
johanneskirchen,xgboost,autumn_2024,72,3,7.318077087402344,8.0,0.6819229125976562
johanneskirchen,xgboost,autumn_2024,73,3,7.371609210968018,8.0,0.6283907890319824
johanneskirchen,xgboost,autumn_2024,74,3,7.9184393882751465,7.0,0.9184393882751465
johanneskirchen,xgboost,autumn_2024,75,3,6.960669994354248,6.0,0.960669994354248
johanneskirchen,xgboost,autumn_2024,76,3,5.940728187561035,5.0,0.9407281875610352
johanneskirchen,xgboost,autumn_2024,77,3,5.775803565979004,5.0,0.7758035659790039
johanneskirchen,xgboost,autumn_2024,78,3,6.0264506340026855,6.0,0.026450634002685547
johanneskirchen,xgboost,autumn_2024,79,3,6.079924583435059,5.0,1.0799245834350586
johanneskirchen,xgboost,autumn_2024,80,3,6.3770952224731445,7.0,0.6229047775268555
johanneskirchen,xgboost,autumn_2024,81,3,6.432656764984131,7.0,0.5673432350158691
johanneskirchen,xgboost,autumn_2024,82,3,6.404188632965088,5.0,1.404188632965088
johanneskirchen,xgboost,autumn_2024,83,3,5.827110290527344,4.0,1.8271102905273438
johanneskirchen,xgboost,autumn_2024,84,3,4.998685359954834,3.0,1.998685359954834
johanneskirchen,xgboost,autumn_2024,85,3,4.0070319175720215,3.0,1.0070319175720215
johanneskirchen,xgboost,autumn_2024,86,3,3.418794631958008,3.0,0.4187946319580078
johanneskirchen,xgboost,autumn_2024,87,3,3.0574448108673096,3.0,0.05744481086730957
johanneskirchen,xgboost,autumn_2024,88,3,2.9939613342285156,3.0,0.006038665771484375
johanneskirchen,xgboost,autumn_2024,89,3,3.3998239040374756,3.0,0.3998239040374756
johanneskirchen,xgboost,autumn_2024,90,3,3.8538060188293457,4.0,0.1461939811706543
johanneskirchen,xgboost,autumn_2024,91,3,5.161927700042725,6.0,0.8380722999572754
johanneskirchen,xgboost,autumn_2024,92,3,5.789479732513428,5.0,0.7894797325134277
johanneskirchen,xgboost,autumn_2024,93,3,5.865726947784424,5.0,0.8657269477844238
johanneskirchen,xgboost,autumn_2024,94,3,5.752127647399902,4.0,1.7521276473999023
johanneskirchen,xgboost,autumn_2024,95,3,6.247152805328369,6.0,0.24715280532836914
johanneskirchen,xgboost,autumn_2024,96,4,7.045135974884033,6.0,1.0451359748840332
johanneskirchen,xgboost,autumn_2024,97,4,7.401529788970947,6.0,1.4015297889709473
johanneskirchen,xgboost,autumn_2024,98,4,7.84580135345459,7.0,0.8458013534545898
johanneskirchen,xgboost,autumn_2024,99,4,7.689509391784668,7.0,0.689509391784668
johanneskirchen,xgboost,autumn_2024,100,4,8.779658317565918,7.0,1.779658317565918
johanneskirchen,xgboost,autumn_2024,101,4,9.246015548706055,6.0,3.2460155487060547
johanneskirchen,xgboost,autumn_2024,102,4,8.640009880065918,7.0,1.640009880065918
johanneskirchen,xgboost,autumn_2024,103,4,8.272974014282227,8.0,0.27297401428222656
johanneskirchen,xgboost,autumn_2024,104,4,7.888776779174805,5.0,2.8887767791748047
johanneskirchen,xgboost,autumn_2024,105,4,6.526140213012695,4.0,2.5261402130126953
johanneskirchen,xgboost,autumn_2024,106,4,4.441749095916748,3.0,1.441749095916748
johanneskirchen,xgboost,autumn_2024,107,4,4.1332902908325195,3.0,1.1332902908325195
johanneskirchen,xgboost,autumn_2024,108,4,3.5414843559265137,4.0,0.45851564407348633
johanneskirchen,xgboost,autumn_2024,109,4,3.2698471546173096,4.0,0.7301528453826904
johanneskirchen,xgboost,autumn_2024,110,4,3.155228853225708,3.0,0.155228853225708
johanneskirchen,xgboost,autumn_2024,111,4,3.2291157245635986,2.0,1.2291157245635986
johanneskirchen,xgboost,autumn_2024,112,4,3.672640085220337,2.0,1.672640085220337
johanneskirchen,xgboost,autumn_2024,113,4,4.528803825378418,3.0,1.528803825378418
johanneskirchen,xgboost,autumn_2024,114,4,4.990582466125488,3.0,1.9905824661254883
johanneskirchen,xgboost,autumn_2024,115,4,4.62459135055542,2.0,2.62459135055542
johanneskirchen,xgboost,autumn_2024,116,4,4.567951679229736,3.0,1.5679516792297363
johanneskirchen,xgboost,autumn_2024,117,4,4.750378131866455,4.0,0.7503781318664551
johanneskirchen,xgboost,autumn_2024,118,4,5.404713153839111,5.0,0.40471315383911133
johanneskirchen,xgboost,autumn_2024,119,4,6.484992027282715,6.0,0.48499202728271484
johanneskirchen,xgboost,autumn_2024,120,5,7.85850715637207,6.0,1.8585071563720703
johanneskirchen,xgboost,autumn_2024,121,5,8.242749214172363,6.0,2.2427492141723633
johanneskirchen,xgboost,autumn_2024,122,5,8.136147499084473,6.0,2.1361474990844727
johanneskirchen,xgboost,autumn_2024,123,5,7.374170303344727,6.0,1.3741703033447266
johanneskirchen,xgboost,autumn_2024,124,5,6.607851982116699,5.0,1.6078519821166992
johanneskirchen,xgboost,autumn_2024,125,5,5.803739547729492,4.0,1.8037395477294922
johanneskirchen,xgboost,autumn_2024,126,5,5.640639781951904,4.0,1.6406397819519043
johanneskirchen,xgboost,autumn_2024,127,5,5.62664270401001,4.0,1.6266427040100098
johanneskirchen,xgboost,autumn_2024,128,5,5.182984828948975,4.0,1.1829848289489746
johanneskirchen,xgboost,autumn_2024,129,5,3.9850831031799316,3.0,0.9850831031799316
johanneskirchen,xgboost,autumn_2024,130,5,3.0511720180511475,2.0,1.0511720180511475
johanneskirchen,xgboost,autumn_2024,131,5,2.554558038711548,1.0,1.5545580387115479
johanneskirchen,xgboost,autumn_2024,132,5,2.6953587532043457,2.0,0.6953587532043457
johanneskirchen,xgboost,autumn_2024,133,5,2.688868761062622,2.0,0.6888687610626221
johanneskirchen,xgboost,autumn_2024,134,5,2.678410291671753,2.0,0.6784102916717529
johanneskirchen,xgboost,autumn_2024,135,5,2.8444809913635254,3.0,0.1555190086364746
johanneskirchen,xgboost,autumn_2024,136,5,3.0383236408233643,3.0,0.03832364082336426
johanneskirchen,xgboost,autumn_2024,137,5,3.5371041297912598,4.0,0.46289587020874023
johanneskirchen,xgboost,autumn_2024,138,5,4.285099983215332,6.0,1.714900016784668
johanneskirchen,xgboost,autumn_2024,139,5,5.593994617462158,7.0,1.4060053825378418
johanneskirchen,xgboost,autumn_2024,140,5,6.790866851806641,9.0,2.2091331481933594
johanneskirchen,xgboost,autumn_2024,141,5,7.654247283935547,11.0,3.345752716064453
johanneskirchen,xgboost,autumn_2024,142,5,7.136068344116211,8.0,0.8639316558837891
johanneskirchen,xgboost,autumn_2024,143,5,5.681344985961914,5.0,0.6813449859619141
johanneskirchen,xgboost,autumn_2024,144,6,5.206121921539307,4.0,1.2061219215393066
johanneskirchen,xgboost,autumn_2024,145,6,4.418308734893799,4.0,0.41830873489379883
johanneskirchen,xgboost,autumn_2024,146,6,4.081408977508545,4.0,0.08140897750854492
johanneskirchen,xgboost,autumn_2024,147,6,3.363767623901367,3.0,0.3637676239013672
johanneskirchen,xgboost,autumn_2024,148,6,2.882917642593384,3.0,0.11708235740661621
johanneskirchen,xgboost,autumn_2024,149,6,2.6932270526885986,3.0,0.30677294731140137
johanneskirchen,xgboost,autumn_2024,150,6,2.8955130577087402,3.0,0.10448694229125977
johanneskirchen,xgboost,autumn_2024,151,6,3.1356160640716553,3.0,0.13561606407165527
johanneskirchen,xgboost,autumn_2024,152,6,3.0033652782440186,2.0,1.0033652782440186
johanneskirchen,xgboost,autumn_2024,153,6,2.5918471813201904,2.0,0.5918471813201904
johanneskirchen,xgboost,autumn_2024,154,6,2.614511013031006,2.0,0.6145110130310059
johanneskirchen,xgboost,autumn_2024,155,6,2.693469524383545,2.0,0.6934695243835449
johanneskirchen,xgboost,autumn_2024,156,6,2.7944183349609375,2.0,0.7944183349609375
johanneskirchen,xgboost,autumn_2024,157,6,2.969040870666504,2.0,0.9690408706665039
johanneskirchen,xgboost,autumn_2024,158,6,2.9721121788024902,2.0,0.9721121788024902
johanneskirchen,xgboost,autumn_2024,159,6,3.237727403640747,3.0,0.23772740364074707
johanneskirchen,xgboost,autumn_2024,160,6,3.4906060695648193,3.0,0.49060606956481934
johanneskirchen,xgboost,autumn_2024,161,6,3.7738075256347656,4.0,0.22619247436523438
johanneskirchen,xgboost,autumn_2024,162,6,5.647988796234131,7.0,1.3520112037658691
johanneskirchen,xgboost,autumn_2024,163,6,8.079593658447266,8.0,0.07959365844726562
johanneskirchen,xgboost,autumn_2024,164,6,9.428244590759277,6.0,3.4282445907592773
johanneskirchen,xgboost,autumn_2024,165,6,10.159159660339355,6.0,4.1591596603393555
johanneskirchen,xgboost,autumn_2024,166,6,9.707769393920898,7.0,2.7077693939208984
johanneskirchen,xgboost,autumn_2024,167,6,9.061729431152344,7.0,2.0617294311523438
johanneskirchen,xgboost,autumn_2024,168,7,8.52616024017334,7.0,1.5261602401733398
johanneskirchen,xgboost,autumn_2024,169,7,7.67581844329834,7.0,0.6758184432983398
johanneskirchen,xgboost,autumn_2024,170,7,6.962737560272217,6.0,0.9627375602722168
johanneskirchen,xgboost,autumn_2024,171,7,6.794387340545654,6.0,0.7943873405456543
johanneskirchen,xgboost,autumn_2024,172,7,6.323968887329102,5.0,1.3239688873291016
johanneskirchen,xgboost,autumn_2024,173,7,5.956769943237305,5.0,0.9567699432373047
johanneskirchen,xgboost,autumn_2024,174,7,6.075850009918213,5.0,1.075850009918213
johanneskirchen,xgboost,autumn_2024,175,7,7.021888732910156,5.0,2.0218887329101562
johanneskirchen,xgboost,autumn_2024,176,7,7.707616806030273,4.0,3.7076168060302734
johanneskirchen,xgboost,autumn_2024,177,7,8.778929710388184,4.0,4.778929710388184
johanneskirchen,xgboost,autumn_2024,178,7,8.689772605895996,4.0,4.689772605895996
johanneskirchen,xgboost,autumn_2024,179,7,8.087311744689941,4.0,4.087311744689941
johanneskirchen,xgboost,autumn_2024,180,7,7.404684543609619,5.0,2.404684543609619
johanneskirchen,xgboost,autumn_2024,181,7,7.204239368438721,5.0,2.2042393684387207
johanneskirchen,xgboost,autumn_2024,182,7,6.679390907287598,5.0,1.6793909072875977
johanneskirchen,xgboost,autumn_2024,183,7,7.277168273925781,6.0,1.2771682739257812
johanneskirchen,xgboost,autumn_2024,184,7,7.859151840209961,7.0,0.8591518402099609
johanneskirchen,xgboost,autumn_2024,185,7,7.504186153411865,6.0,1.5041861534118652
johanneskirchen,xgboost,autumn_2024,186,7,6.532530784606934,5.0,1.5325307846069336
johanneskirchen,xgboost,autumn_2024,187,7,5.635168552398682,5.0,0.6351685523986816
johanneskirchen,xgboost,autumn_2024,188,7,4.967357158660889,5.0,0.03264284133911133
johanneskirchen,xgboost,autumn_2024,189,7,3.9254555702209473,4.0,0.07454442977905273
johanneskirchen,xgboost,autumn_2024,190,7,3.24332332611084,4.0,0.7566766738891602
johanneskirchen,xgboost,autumn_2024,191,7,2.6048738956451416,3.0,0.3951261043548584
johanneskirchen,xgboost,autumn_2024,192,8,2.7794077396392822,4.0,1.2205922603607178
johanneskirchen,xgboost,autumn_2024,193,8,2.672401189804077,4.0,1.3275988101959229
johanneskirchen,xgboost,autumn_2024,194,8,2.69195818901062,3.0,0.3080418109893799
johanneskirchen,xgboost,autumn_2024,195,8,2.6130361557006836,3.0,0.3869638442993164
johanneskirchen,xgboost,autumn_2024,196,8,2.5792908668518066,3.0,0.42070913314819336
johanneskirchen,xgboost,autumn_2024,197,8,2.7821409702301025,3.0,0.21785902976989746
johanneskirchen,xgboost,autumn_2024,198,8,3.2041635513305664,3.0,0.2041635513305664
johanneskirchen,xgboost,autumn_2024,199,8,3.6485228538513184,3.0,0.6485228538513184
johanneskirchen,xgboost,autumn_2024,200,8,3.1815860271453857,2.0,1.1815860271453857
johanneskirchen,xgboost,autumn_2024,201,8,2.5050957202911377,2.0,0.5050957202911377
johanneskirchen,xgboost,autumn_2024,202,8,2.442112445831299,2.0,0.44211244583129883
johanneskirchen,xgboost,autumn_2024,203,8,2.5234792232513428,2.0,0.5234792232513428
johanneskirchen,xgboost,autumn_2024,204,8,2.6620025634765625,2.0,0.6620025634765625
johanneskirchen,xgboost,autumn_2024,205,8,2.592776298522949,2.0,0.5927762985229492
johanneskirchen,xgboost,autumn_2024,206,8,2.777177095413208,2.0,0.777177095413208
johanneskirchen,xgboost,autumn_2024,207,8,2.880964994430542,2.0,0.880964994430542
johanneskirchen,xgboost,autumn_2024,208,8,3.1484882831573486,2.0,1.1484882831573486
johanneskirchen,xgboost,autumn_2024,209,8,3.4406518936157227,4.0,0.5593481063842773
johanneskirchen,xgboost,autumn_2024,210,8,3.649155855178833,4.0,0.350844144821167
johanneskirchen,xgboost,autumn_2024,211,8,3.8835465908050537,5.0,1.1164534091949463
johanneskirchen,xgboost,autumn_2024,212,8,3.9479923248291016,5.0,1.0520076751708984
johanneskirchen,xgboost,autumn_2024,213,8,3.6942906379699707,4.0,0.3057093620300293
johanneskirchen,xgboost,autumn_2024,214,8,3.569946050643921,4.0,0.4300539493560791
johanneskirchen,xgboost,autumn_2024,215,8,2.992969274520874,3.0,0.0070307254791259766
johanneskirchen,xgboost,autumn_2024,216,9,2.584989547729492,3.0,0.4150104522705078
johanneskirchen,xgboost,autumn_2024,217,9,2.7943344116210938,3.0,0.20566558837890625
johanneskirchen,xgboost,autumn_2024,218,9,2.818896532058716,3.0,0.18110346794128418
johanneskirchen,xgboost,autumn_2024,219,9,2.6700563430786133,3.0,0.3299436569213867
johanneskirchen,xgboost,autumn_2024,220,9,2.6987922191619873,3.0,0.3012077808380127
johanneskirchen,xgboost,autumn_2024,221,9,2.279939889907837,3.0,0.7200601100921631
johanneskirchen,xgboost,autumn_2024,222,9,2.5623698234558105,2.0,0.5623698234558105
johanneskirchen,xgboost,autumn_2024,223,9,2.448244094848633,2.0,0.4482440948486328
johanneskirchen,xgboost,autumn_2024,224,9,2.5867857933044434,3.0,0.41321420669555664
johanneskirchen,xgboost,autumn_2024,225,9,2.4667117595672607,3.0,0.5332882404327393
johanneskirchen,xgboost,autumn_2024,226,9,2.407353401184082,3.0,0.592646598815918
johanneskirchen,xgboost,autumn_2024,227,9,2.414389133453369,2.0,0.41438913345336914
johanneskirchen,xgboost,autumn_2024,228,9,2.3410820960998535,2.0,0.3410820960998535
johanneskirchen,xgboost,autumn_2024,229,9,2.451923370361328,2.0,0.4519233703613281
johanneskirchen,xgboost,autumn_2024,230,9,2.4321792125701904,2.0,0.43217921257019043
johanneskirchen,xgboost,autumn_2024,231,9,2.354404926300049,2.0,0.35440492630004883
johanneskirchen,xgboost,autumn_2024,232,9,2.5963048934936523,3.0,0.40369510650634766
johanneskirchen,xgboost,autumn_2024,233,9,2.8476459980010986,4.0,1.1523540019989014
johanneskirchen,xgboost,autumn_2024,234,9,3.012834310531616,4.0,0.9871656894683838
johanneskirchen,xgboost,autumn_2024,235,9,2.679011821746826,3.0,0.32098817825317383
johanneskirchen,xgboost,autumn_2024,236,9,2.3221805095672607,2.0,0.32218050956726074
johanneskirchen,xgboost,autumn_2024,237,9,2.534963607788086,3.0,0.46503639221191406
johanneskirchen,xgboost,autumn_2024,238,9,2.549149990081787,3.0,0.4508500099182129
johanneskirchen,xgboost,autumn_2024,239,9,2.4829509258270264,2.0,0.48295092582702637
johanneskirchen,xgboost,autumn_2024,240,10,2.5513522624969482,2.0,0.5513522624969482
johanneskirchen,xgboost,autumn_2024,241,10,2.429819345474243,2.0,0.42981934547424316
johanneskirchen,xgboost,autumn_2024,242,10,2.335745096206665,2.0,0.33574509620666504
johanneskirchen,xgboost,autumn_2024,243,10,2.262625217437744,2.0,0.26262521743774414
johanneskirchen,xgboost,autumn_2024,244,10,2.324434518814087,2.0,0.3244345188140869
johanneskirchen,xgboost,autumn_2024,245,10,2.3046531677246094,2.0,0.3046531677246094
johanneskirchen,xgboost,autumn_2024,246,10,2.3867008686065674,2.0,0.3867008686065674
johanneskirchen,xgboost,autumn_2024,247,10,2.421551465988159,2.0,0.4215514659881592
johanneskirchen,xgboost,autumn_2024,248,10,2.3334434032440186,2.0,0.33344340324401855
johanneskirchen,xgboost,autumn_2024,249,10,2.3714277744293213,2.0,0.3714277744293213
johanneskirchen,xgboost,autumn_2024,250,10,2.3774430751800537,2.0,0.3774430751800537
johanneskirchen,xgboost,autumn_2024,251,10,2.4434540271759033,2.0,0.4434540271759033
johanneskirchen,xgboost,autumn_2024,252,10,2.3527865409851074,2.0,0.3527865409851074
johanneskirchen,xgboost,autumn_2024,253,10,2.3098666667938232,2.0,0.30986666679382324
johanneskirchen,xgboost,autumn_2024,254,10,2.426729202270508,2.0,0.4267292022705078
johanneskirchen,xgboost,autumn_2024,255,10,2.526362657546997,2.0,0.5263626575469971
johanneskirchen,xgboost,autumn_2024,256,10,2.4239742755889893,2.0,0.42397427558898926
johanneskirchen,xgboost,autumn_2024,257,10,2.7449469566345215,2.0,0.7449469566345215
johanneskirchen,xgboost,autumn_2024,258,10,3.116745710372925,3.0,0.1167457103729248
johanneskirchen,xgboost,autumn_2024,259,10,4.030697345733643,6.0,1.9693026542663574
johanneskirchen,xgboost,autumn_2024,260,10,4.332813262939453,3.0,1.3328132629394531
johanneskirchen,xgboost,autumn_2024,261,10,5.37620210647583,6.0,0.6237978935241699
johanneskirchen,xgboost,autumn_2024,262,10,5.961625099182129,5.0,0.9616250991821289
johanneskirchen,xgboost,autumn_2024,263,10,5.398680686950684,5.0,0.3986806869506836
johanneskirchen,xgboost,autumn_2024,264,11,5.857306003570557,4.0,1.8573060035705566
johanneskirchen,xgboost,autumn_2024,265,11,6.380046367645264,4.0,2.3800463676452637
johanneskirchen,xgboost,autumn_2024,266,11,6.867149353027344,5.0,1.8671493530273438
johanneskirchen,xgboost,autumn_2024,267,11,6.688470363616943,5.0,1.6884703636169434
johanneskirchen,xgboost,autumn_2024,268,11,6.5858941078186035,4.0,2.5858941078186035
johanneskirchen,xgboost,autumn_2024,269,11,5.69962215423584,5.0,0.6996221542358398
johanneskirchen,xgboost,autumn_2024,270,11,5.226558208465576,5.0,0.22655820846557617
johanneskirchen,xgboost,autumn_2024,271,11,5.034579753875732,5.0,0.03457975387573242
johanneskirchen,xgboost,autumn_2024,272,11,4.732928276062012,4.0,0.7329282760620117
johanneskirchen,xgboost,autumn_2024,273,11,4.162033557891846,3.0,1.1620335578918457
johanneskirchen,xgboost,autumn_2024,274,11,3.6256675720214844,2.0,1.6256675720214844
johanneskirchen,xgboost,autumn_2024,275,11,2.9891748428344727,2.0,0.9891748428344727
johanneskirchen,xgboost,autumn_2024,276,11,2.852412462234497,2.0,0.8524124622344971
johanneskirchen,xgboost,autumn_2024,277,11,2.8450839519500732,2.0,0.8450839519500732
johanneskirchen,xgboost,autumn_2024,278,11,3.1518921852111816,4.0,0.8481078147888184
johanneskirchen,xgboost,autumn_2024,279,11,3.5062472820281982,4.0,0.49375271797180176
johanneskirchen,xgboost,autumn_2024,280,11,4.7904815673828125,6.0,1.2095184326171875
johanneskirchen,xgboost,autumn_2024,281,11,7.006871223449707,8.0,0.993128776550293
johanneskirchen,xgboost,autumn_2024,282,11,9.405871391296387,9.0,0.4058713912963867
johanneskirchen,xgboost,autumn_2024,283,11,12.240952491760254,13.0,0.7590475082397461
johanneskirchen,xgboost,autumn_2024,284,11,12.096198081970215,13.0,0.9038019180297852
johanneskirchen,xgboost,autumn_2024,285,11,8.547536849975586,8.0,0.5475368499755859
johanneskirchen,xgboost,autumn_2024,286,11,5.605233669281006,6.0,0.39476633071899414
johanneskirchen,xgboost,autumn_2024,287,11,4.718353271484375,5.0,0.281646728515625
johanneskirchen,xgboost,autumn_2024,288,12,4.3496880531311035,5.0,0.6503119468688965
johanneskirchen,xgboost,autumn_2024,289,12,3.6591477394104004,5.0,1.3408522605895996
johanneskirchen,xgboost,autumn_2024,290,12,2.536669969558716,4.0,1.4633300304412842
johanneskirchen,xgboost,autumn_2024,291,12,2.2927801609039307,3.0,0.7072198390960693
johanneskirchen,xgboost,autumn_2024,292,12,2.2905044555664062,3.0,0.7094955444335938
johanneskirchen,xgboost,autumn_2024,293,12,2.2945969104766846,2.0,0.29459691047668457
johanneskirchen,xgboost,autumn_2024,294,12,2.3601369857788086,2.0,0.3601369857788086
johanneskirchen,xgboost,autumn_2024,295,12,2.38919997215271,2.0,0.38919997215270996
johanneskirchen,xgboost,autumn_2024,296,12,2.505978584289551,2.0,0.5059785842895508
johanneskirchen,xgboost,autumn_2024,297,12,2.4703609943389893,2.0,0.47036099433898926
johanneskirchen,xgboost,autumn_2024,298,12,2.7856457233428955,3.0,0.2143542766571045
johanneskirchen,xgboost,autumn_2024,299,12,2.8860390186309814,4.0,1.1139609813690186
johanneskirchen,xgboost,autumn_2024,300,12,2.8283016681671143,4.0,1.1716983318328857
johanneskirchen,xgboost,autumn_2024,301,12,2.8209469318389893,3.0,0.17905306816101074
johanneskirchen,xgboost,autumn_2024,302,12,2.5642006397247314,2.0,0.5642006397247314
johanneskirchen,xgboost,autumn_2024,303,12,2.742323160171509,3.0,0.2576768398284912
johanneskirchen,xgboost,autumn_2024,304,12,2.552565336227417,2.0,0.552565336227417
johanneskirchen,xgboost,autumn_2024,305,12,2.9760656356811523,3.0,0.023934364318847656
johanneskirchen,xgboost,autumn_2024,306,12,2.924996852874756,3.0,0.07500314712524414
johanneskirchen,xgboost,autumn_2024,307,12,3.5039522647857666,4.0,0.4960477352142334
johanneskirchen,xgboost,autumn_2024,308,12,3.8284502029418945,5.0,1.1715497970581055
johanneskirchen,xgboost,autumn_2024,309,12,4.4504523277282715,5.0,0.5495476722717285
johanneskirchen,xgboost,autumn_2024,310,12,5.236135482788086,7.0,1.763864517211914
johanneskirchen,xgboost,autumn_2024,311,12,5.160515308380127,7.0,1.839484691619873
johanneskirchen,xgboost,autumn_2024,312,13,5.350644111633301,6.0,0.6493558883666992
johanneskirchen,xgboost,autumn_2024,313,13,5.4299492835998535,6.0,0.5700507164001465
johanneskirchen,xgboost,autumn_2024,314,13,4.969517230987549,6.0,1.0304827690124512
johanneskirchen,xgboost,autumn_2024,315,13,4.173596382141113,6.0,1.8264036178588867
johanneskirchen,xgboost,autumn_2024,316,13,3.9219062328338623,6.0,2.0780937671661377
johanneskirchen,xgboost,autumn_2024,317,13,3.9697375297546387,5.0,1.0302624702453613
johanneskirchen,xgboost,autumn_2024,318,13,3.917341947555542,5.0,1.082658052444458
johanneskirchen,xgboost,autumn_2024,319,13,4.6432785987854,6.0,1.3567214012145996
johanneskirchen,xgboost,autumn_2024,320,13,4.976406574249268,5.0,0.023593425750732422
johanneskirchen,xgboost,autumn_2024,321,13,4.446483135223389,5.0,0.5535168647766113
johanneskirchen,xgboost,autumn_2024,322,13,3.9401464462280273,3.0,0.9401464462280273
johanneskirchen,xgboost,autumn_2024,323,13,3.9363346099853516,2.0,1.9363346099853516
johanneskirchen,xgboost,autumn_2024,324,13,4.420260429382324,2.0,2.420260429382324
johanneskirchen,xgboost,autumn_2024,325,13,4.962688446044922,3.0,1.9626884460449219
johanneskirchen,xgboost,autumn_2024,326,13,5.726625919342041,3.0,2.726625919342041
johanneskirchen,xgboost,autumn_2024,327,13,8.243698120117188,6.0,2.2436981201171875
johanneskirchen,xgboost,autumn_2024,328,13,10.333879470825195,6.0,4.333879470825195
johanneskirchen,xgboost,autumn_2024,329,13,10.768635749816895,7.0,3.7686357498168945
johanneskirchen,xgboost,autumn_2024,330,13,11.761700630187988,9.0,2.7617006301879883
johanneskirchen,xgboost,autumn_2024,331,13,11.797983169555664,10.0,1.797983169555664
johanneskirchen,xgboost,autumn_2024,332,13,7.766507148742676,5.0,2.766507148742676
johanneskirchen,xgboost,autumn_2024,333,13,4.861234664916992,4.0,0.8612346649169922
johanneskirchen,xgboost,autumn_2024,334,13,5.451093673706055,6.0,0.5489063262939453
johanneskirchen,xgboost,autumn_2024,335,13,7.138517379760742,7.0,0.1385173797607422
johanneskirchen,xgboost,autumn_2024,336,14,8.401698112487793,7.0,1.401698112487793
johanneskirchen,xgboost,autumn_2024,337,14,9.063468933105469,7.0,2.0634689331054688
johanneskirchen,xgboost,autumn_2024,338,14,9.238861083984375,8.0,1.238861083984375
johanneskirchen,xgboost,autumn_2024,339,14,9.801826477050781,8.0,1.8018264770507812
johanneskirchen,xgboost,autumn_2024,340,14,10.374002456665039,9.0,1.374002456665039
johanneskirchen,xgboost,autumn_2024,341,14,11.13867473602295,11.0,0.13867473602294922
johanneskirchen,xgboost,autumn_2024,342,14,11.916023254394531,13.0,1.0839767456054688
johanneskirchen,xgboost,autumn_2024,343,14,13.9916410446167,14.0,0.008358955383300781
johanneskirchen,xgboost,autumn_2024,344,14,14.631312370300293,15.0,0.36868762969970703
johanneskirchen,xgboost,autumn_2024,345,14,15.19009017944336,17.0,1.8099098205566406
johanneskirchen,xgboost,autumn_2024,346,14,13.97640323638916,11.0,2.97640323638916
johanneskirchen,xgboost,autumn_2024,347,14,12.110748291015625,9.0,3.110748291015625
johanneskirchen,xgboost,autumn_2024,348,14,10.95938491821289,8.0,2.9593849182128906
johanneskirchen,xgboost,autumn_2024,349,14,10.500055313110352,10.0,0.5000553131103516
johanneskirchen,xgboost,autumn_2024,350,14,10.54278564453125,9.0,1.54278564453125
johanneskirchen,xgboost,autumn_2024,351,14,10.447165489196777,8.0,2.4471654891967773
johanneskirchen,xgboost,autumn_2024,352,14,10.636336326599121,9.0,1.636336326599121
johanneskirchen,xgboost,autumn_2024,353,14,11.220619201660156,11.0,0.22061920166015625
johanneskirchen,xgboost,autumn_2024,354,14,10.500811576843262,8.0,2.5008115768432617
johanneskirchen,xgboost,autumn_2024,355,14,10.784666061401367,9.0,1.7846660614013672
johanneskirchen,xgboost,autumn_2024,356,14,10.658235549926758,10.0,0.6582355499267578
johanneskirchen,xgboost,autumn_2024,357,14,10.111702919006348,9.0,1.1117029190063477
johanneskirchen,xgboost,autumn_2024,358,14,9.134398460388184,10.0,0.8656015396118164
johanneskirchen,xgboost,autumn_2024,359,14,8.769936561584473,10.0,1.2300634384155273
johanneskirchen,xgboost,autumn_2024,360,15,8.80098819732666,8.0,0.8009881973266602
johanneskirchen,xgboost,autumn_2024,361,15,8.208401679992676,7.0,1.2084016799926758
johanneskirchen,xgboost,autumn_2024,362,15,7.5614166259765625,7.0,0.5614166259765625
johanneskirchen,xgboost,autumn_2024,363,15,7.208207607269287,7.0,0.2082076072692871
johanneskirchen,xgboost,autumn_2024,364,15,6.677558422088623,7.0,0.32244157791137695
johanneskirchen,xgboost,autumn_2024,365,15,6.539978981018066,7.0,0.4600210189819336
johanneskirchen,xgboost,autumn_2024,366,15,6.4248504638671875,6.0,0.4248504638671875
johanneskirchen,xgboost,autumn_2024,367,15,6.584761142730713,6.0,0.5847611427307129
johanneskirchen,xgboost,autumn_2024,368,15,6.760815143585205,6.0,0.7608151435852051
johanneskirchen,xgboost,autumn_2024,369,15,6.994497299194336,6.0,0.9944972991943359
johanneskirchen,xgboost,autumn_2024,370,15,7.09168815612793,7.0,0.09168815612792969
johanneskirchen,xgboost,autumn_2024,371,15,6.634523868560791,7.0,0.365476131439209
johanneskirchen,xgboost,autumn_2024,372,15,6.217820167541504,6.0,0.2178201675415039
johanneskirchen,xgboost,autumn_2024,373,15,6.116904258728027,4.0,2.1169042587280273
johanneskirchen,xgboost,autumn_2024,374,15,6.191279411315918,4.0,2.191279411315918
johanneskirchen,xgboost,autumn_2024,375,15,6.322488784790039,4.0,2.322488784790039
johanneskirchen,xgboost,autumn_2024,376,15,6.870987892150879,5.0,1.870987892150879
johanneskirchen,xgboost,autumn_2024,377,15,7.811084270477295,6.0,1.811084270477295
johanneskirchen,xgboost,autumn_2024,378,15,8.643132209777832,7.0,1.643132209777832
johanneskirchen,xgboost,autumn_2024,379,15,9.094524383544922,7.0,2.094524383544922
johanneskirchen,xgboost,autumn_2024,380,15,9.21133041381836,7.0,2.2113304138183594
johanneskirchen,xgboost,autumn_2024,381,15,9.665887832641602,8.0,1.6658878326416016
johanneskirchen,xgboost,autumn_2024,382,15,9.59319019317627,8.0,1.5931901931762695
johanneskirchen,xgboost,autumn_2024,383,15,9.528298377990723,7.0,2.5282983779907227
johanneskirchen,xgboost,autumn_2024,384,16,9.673465728759766,6.0,3.6734657287597656
johanneskirchen,xgboost,autumn_2024,385,16,9.328289985656738,7.0,2.3282899856567383
johanneskirchen,xgboost,autumn_2024,386,16,9.078642845153809,7.0,2.0786428451538086
johanneskirchen,xgboost,autumn_2024,387,16,8.126275062561035,6.0,2.126275062561035
johanneskirchen,xgboost,autumn_2024,388,16,7.568158149719238,7.0,0.5681581497192383
johanneskirchen,xgboost,autumn_2024,389,16,7.4215521812438965,7.0,0.4215521812438965
johanneskirchen,xgboost,autumn_2024,390,16,7.708398818969727,6.0,1.7083988189697266
johanneskirchen,xgboost,autumn_2024,391,16,8.858742713928223,7.0,1.8587427139282227
johanneskirchen,xgboost,autumn_2024,392,16,10.725520133972168,8.0,2.725520133972168
johanneskirchen,xgboost,autumn_2024,393,16,11.8605375289917,8.0,3.860537528991699
johanneskirchen,xgboost,autumn_2024,394,16,12.192648887634277,7.0,5.192648887634277
johanneskirchen,xgboost,autumn_2024,395,16,11.22036361694336,6.0,5.220363616943359
johanneskirchen,xgboost,autumn_2024,396,16,9.545802116394043,5.0,4.545802116394043
johanneskirchen,xgboost,autumn_2024,397,16,8.87849235534668,5.0,3.8784923553466797
johanneskirchen,xgboost,autumn_2024,398,16,8.84935474395752,5.0,3.8493547439575195
johanneskirchen,xgboost,autumn_2024,399,16,9.158656120300293,5.0,4.158656120300293
johanneskirchen,xgboost,autumn_2024,400,16,9.643524169921875,6.0,3.643524169921875
johanneskirchen,xgboost,autumn_2024,401,16,11.376283645629883,8.0,3.376283645629883
johanneskirchen,xgboost,autumn_2024,402,16,12.605329513549805,8.0,4.605329513549805
johanneskirchen,xgboost,autumn_2024,403,16,12.558935165405273,9.0,3.5589351654052734
johanneskirchen,xgboost,autumn_2024,404,16,12.086584091186523,9.0,3.0865840911865234
johanneskirchen,xgboost,autumn_2024,405,16,11.686116218566895,9.0,2.6861162185668945
johanneskirchen,xgboost,autumn_2024,406,16,11.578644752502441,10.0,1.5786447525024414
johanneskirchen,xgboost,autumn_2024,407,16,11.252482414245605,9.0,2.2524824142456055
johanneskirchen,xgboost,autumn_2024,408,17,10.982419967651367,9.0,1.9824199676513672
johanneskirchen,xgboost,autumn_2024,409,17,14.597188949584961,8.0,6.597188949584961
johanneskirchen,xgboost,autumn_2024,410,17,14.592432022094727,9.0,5.592432022094727
johanneskirchen,xgboost,autumn_2024,411,17,12.917757987976074,9.0,3.917757987976074
johanneskirchen,xgboost,autumn_2024,412,17,12.0029878616333,10.0,2.002987861633301
johanneskirchen,xgboost,autumn_2024,413,17,11.070591926574707,10.0,1.070591926574707
johanneskirchen,xgboost,autumn_2024,414,17,11.322489738464355,10.0,1.3224897384643555
johanneskirchen,xgboost,autumn_2024,415,17,11.551046371459961,10.0,1.551046371459961
johanneskirchen,xgboost,autumn_2024,416,17,12.563775062561035,9.0,3.563775062561035
johanneskirchen,xgboost,autumn_2024,417,17,12.342386245727539,10.0,2.342386245727539
johanneskirchen,xgboost,autumn_2024,418,17,12.340511322021484,10.0,2.3405113220214844
johanneskirchen,xgboost,autumn_2024,419,17,12.409805297851562,10.0,2.4098052978515625
johanneskirchen,xgboost,autumn_2024,420,17,12.975693702697754,13.0,0.024306297302246094
johanneskirchen,xgboost,autumn_2024,421,17,14.807188034057617,14.0,0.8071880340576172
johanneskirchen,xgboost,autumn_2024,422,17,14.887469291687012,13.0,1.8874692916870117
johanneskirchen,xgboost,autumn_2024,423,17,14.73228931427002,12.0,2.7322893142700195
johanneskirchen,xgboost,autumn_2024,424,17,15.086594581604004,12.0,3.086594581604004
johanneskirchen,xgboost,autumn_2024,425,17,16.839059829711914,17.0,0.16094017028808594
johanneskirchen,xgboost,autumn_2024,426,17,19.56219482421875,19.0,0.56219482421875
johanneskirchen,xgboost,autumn_2024,427,17,19.5191707611084,17.0,2.5191707611083984
johanneskirchen,xgboost,autumn_2024,428,17,20.218027114868164,18.0,2.218027114868164
johanneskirchen,xgboost,autumn_2024,429,17,18.76841163635254,15.0,3.768411636352539
johanneskirchen,xgboost,autumn_2024,430,17,16.12810707092285,13.0,3.1281070709228516
johanneskirchen,xgboost,autumn_2024,431,17,12.810054779052734,15.0,2.1899452209472656
johanneskirchen,xgboost,autumn_2024,432,18,11.739392280578613,14.0,2.2606077194213867
johanneskirchen,xgboost,autumn_2024,433,18,9.842236518859863,13.0,3.1577634811401367
johanneskirchen,xgboost,autumn_2024,434,18,8.109811782836914,7.0,1.109811782836914
johanneskirchen,xgboost,autumn_2024,435,18,6.125308513641357,5.0,1.1253085136413574
johanneskirchen,xgboost,autumn_2024,436,18,4.809865951538086,6.0,1.190134048461914
johanneskirchen,xgboost,autumn_2024,437,18,3.6108176708221436,6.0,2.3891823291778564
johanneskirchen,xgboost,autumn_2024,438,18,2.5931460857391357,5.0,2.4068539142608643
johanneskirchen,xgboost,autumn_2024,439,18,2.8743362426757812,7.0,4.125663757324219
johanneskirchen,xgboost,autumn_2024,440,18,3.7582898139953613,6.0,2.2417101860046387
johanneskirchen,xgboost,autumn_2024,441,18,4.814298152923584,6.0,1.185701847076416
johanneskirchen,xgboost,autumn_2024,442,18,4.691396236419678,5.0,0.30860376358032227
johanneskirchen,xgboost,autumn_2024,443,18,4.998456954956055,6.0,1.0015430450439453
johanneskirchen,xgboost,autumn_2024,444,18,4.759207248687744,6.0,1.2407927513122559
johanneskirchen,xgboost,autumn_2024,445,18,5.195635795593262,7.0,1.8043642044067383
johanneskirchen,xgboost,autumn_2024,446,18,6.206023216247559,9.0,2.7939767837524414
johanneskirchen,xgboost,autumn_2024,447,18,8.717586517333984,13.0,4.282413482666016
johanneskirchen,xgboost,autumn_2024,448,18,11.887914657592773,13.0,1.1120853424072266
johanneskirchen,xgboost,autumn_2024,449,18,14.264397621154785,14.0,0.26439762115478516
johanneskirchen,xgboost,autumn_2024,450,18,16.587072372436523,16.0,0.5870723724365234
johanneskirchen,xgboost,autumn_2024,451,18,16.51081657409668,15.0,1.5108165740966797
johanneskirchen,xgboost,autumn_2024,452,18,16.57402229309082,16.0,0.5740222930908203
johanneskirchen,xgboost,autumn_2024,453,18,17.052091598510742,16.0,1.0520915985107422
johanneskirchen,xgboost,autumn_2024,454,18,18.176286697387695,17.0,1.1762866973876953
johanneskirchen,xgboost,autumn_2024,455,18,19.109865188598633,18.0,1.1098651885986328
johanneskirchen,xgboost,autumn_2024,456,19,19.659011840820312,18.0,1.6590118408203125
johanneskirchen,xgboost,autumn_2024,457,19,19.289947509765625,18.0,1.289947509765625
johanneskirchen,xgboost,autumn_2024,458,19,19.12588119506836,18.0,1.1258811950683594
johanneskirchen,xgboost,autumn_2024,459,19,19.192188262939453,18.0,1.1921882629394531
johanneskirchen,xgboost,autumn_2024,460,19,19.647794723510742,17.0,2.647794723510742
johanneskirchen,xgboost,autumn_2024,461,19,21.09992790222168,11.0,10.09992790222168
johanneskirchen,xgboost,autumn_2024,462,19,23.26904296875,12.0,11.26904296875
johanneskirchen,xgboost,autumn_2024,463,19,21.0974178314209,13.0,8.097417831420898
johanneskirchen,xgboost,autumn_2024,464,19,17.34153938293457,16.0,1.3415393829345703
johanneskirchen,xgboost,autumn_2024,465,19,13.935044288635254,13.0,0.9350442886352539
johanneskirchen,xgboost,autumn_2024,466,19,12.384982109069824,12.0,0.3849821090698242
johanneskirchen,xgboost,autumn_2024,467,19,10.535348892211914,9.0,1.535348892211914
johanneskirchen,xgboost,autumn_2024,468,19,9.386100769042969,8.0,1.3861007690429688
johanneskirchen,xgboost,autumn_2024,469,19,7.778656959533691,6.0,1.7786569595336914
johanneskirchen,xgboost,autumn_2024,470,19,7.148690700531006,6.0,1.1486907005310059
johanneskirchen,xgboost,autumn_2024,471,19,7.466248512268066,7.0,0.4662485122680664
johanneskirchen,xgboost,autumn_2024,472,19,8.21354866027832,7.0,1.2135486602783203
johanneskirchen,xgboost,autumn_2024,473,19,8.83594036102295,8.0,0.8359403610229492
johanneskirchen,xgboost,autumn_2024,474,19,9.578115463256836,9.0,0.5781154632568359
johanneskirchen,xgboost,autumn_2024,475,19,10.302129745483398,8.0,2.3021297454833984
johanneskirchen,xgboost,autumn_2024,476,19,10.81245231628418,8.0,2.8124523162841797
johanneskirchen,xgboost,autumn_2024,477,19,10.544580459594727,10.0,0.5445804595947266
johanneskirchen,xgboost,autumn_2024,478,19,10.371025085449219,11.0,0.6289749145507812
johanneskirchen,xgboost,autumn_2024,479,19,11.02286434173584,13.0,1.9771356582641602
johanneskirchen,xgboost,autumn_2024,480,20,11.382250785827637,9.0,2.3822507858276367
johanneskirchen,xgboost,autumn_2024,481,20,12.22069263458252,5.0,7.2206926345825195
johanneskirchen,xgboost,autumn_2024,482,20,13.104100227355957,4.0,9.104100227355957
johanneskirchen,xgboost,autumn_2024,483,20,10.099447250366211,3.0,7.099447250366211
johanneskirchen,xgboost,autumn_2024,484,20,7.702653884887695,3.0,4.702653884887695
johanneskirchen,xgboost,autumn_2024,485,20,6.062053680419922,3.0,3.062053680419922
johanneskirchen,xgboost,autumn_2024,486,20,5.077926158905029,3.0,2.0779261589050293
johanneskirchen,xgboost,autumn_2024,487,20,3.895629644393921,3.0,0.8956296443939209
johanneskirchen,xgboost,autumn_2024,488,20,4.1492156982421875,3.0,1.1492156982421875
johanneskirchen,xgboost,autumn_2024,489,20,4.650470733642578,3.0,1.6504707336425781
johanneskirchen,xgboost,autumn_2024,490,20,4.7854228019714355,4.0,0.7854228019714355
johanneskirchen,xgboost,autumn_2024,491,20,5.1525349617004395,6.0,0.8474650382995605
johanneskirchen,xgboost,autumn_2024,492,20,5.727685928344727,8.0,2.2723140716552734
johanneskirchen,xgboost,autumn_2024,493,20,6.8496198654174805,8.0,1.1503801345825195
johanneskirchen,xgboost,autumn_2024,494,20,8.484837532043457,9.0,0.515162467956543
johanneskirchen,xgboost,autumn_2024,495,20,10.222785949707031,11.0,0.7772140502929688
johanneskirchen,xgboost,autumn_2024,496,20,12.374218940734863,16.0,3.6257810592651367
johanneskirchen,xgboost,autumn_2024,497,20,16.164491653442383,16.0,0.1644916534423828
johanneskirchen,xgboost,autumn_2024,498,20,17.687528610229492,18.0,0.3124713897705078
johanneskirchen,xgboost,autumn_2024,499,20,19.65833854675293,19.0,0.6583385467529297
johanneskirchen,xgboost,autumn_2024,500,20,20.369705200195312,17.0,3.3697052001953125
johanneskirchen,xgboost,autumn_2024,501,20,19.678564071655273,14.0,5.678564071655273
johanneskirchen,xgboost,autumn_2024,502,20,17.23760414123535,12.0,5.237604141235352
johanneskirchen,xgboost,autumn_2024,503,20,13.500919342041016,10.0,3.5009193420410156
johanneskirchen,xgboost,autumn_2024,504,21,11.125268936157227,10.0,1.1252689361572266
johanneskirchen,xgboost,autumn_2024,505,21,14.137109756469727,5.0,9.137109756469727
johanneskirchen,xgboost,autumn_2024,506,21,9.913331985473633,7.0,2.913331985473633
johanneskirchen,xgboost,autumn_2024,507,21,5.894759178161621,9.0,3.105240821838379
johanneskirchen,xgboost,autumn_2024,508,21,4.9748215675354,8.0,3.0251784324645996
johanneskirchen,xgboost,autumn_2024,509,21,4.483216285705566,7.0,2.5167837142944336
johanneskirchen,xgboost,autumn_2024,510,21,5.131336212158203,5.0,0.13133621215820312
johanneskirchen,xgboost,autumn_2024,511,21,4.825434684753418,4.0,0.825434684753418
johanneskirchen,xgboost,autumn_2024,512,21,4.206110954284668,4.0,0.20611095428466797
johanneskirchen,xgboost,autumn_2024,513,21,4.429007530212402,4.0,0.42900753021240234
johanneskirchen,xgboost,autumn_2024,514,21,4.065103054046631,3.0,1.0651030540466309
johanneskirchen,xgboost,autumn_2024,515,21,3.768502950668335,3.0,0.768502950668335
johanneskirchen,xgboost,autumn_2024,516,21,3.8293166160583496,4.0,0.1706833839416504
johanneskirchen,xgboost,autumn_2024,517,21,4.207683563232422,5.0,0.7923164367675781
johanneskirchen,xgboost,autumn_2024,518,21,4.753942489624023,5.0,0.24605751037597656
johanneskirchen,xgboost,autumn_2024,519,21,5.164063930511475,5.0,0.1640639305114746
johanneskirchen,xgboost,autumn_2024,520,21,5.497319221496582,5.0,0.49731922149658203
johanneskirchen,xgboost,autumn_2024,521,21,6.943062782287598,7.0,0.056937217712402344
johanneskirchen,xgboost,autumn_2024,522,21,7.375552654266357,6.0,1.3755526542663574
johanneskirchen,xgboost,autumn_2024,523,21,8.32873249053955,7.0,1.3287324905395508
johanneskirchen,xgboost,autumn_2024,524,21,8.99193000793457,8.0,0.9919300079345703
johanneskirchen,xgboost,autumn_2024,525,21,9.568623542785645,10.0,0.43137645721435547
johanneskirchen,xgboost,autumn_2024,526,21,10.067888259887695,10.0,0.06788825988769531
johanneskirchen,xgboost,autumn_2024,527,21,10.277384757995605,11.0,0.7226152420043945
johanneskirchen,xgboost,autumn_2024,528,22,10.321771621704102,11.0,0.6782283782958984
johanneskirchen,xgboost,autumn_2024,529,22,10.4041166305542,13.0,2.595883369445801
johanneskirchen,xgboost,autumn_2024,530,22,10.764030456542969,14.0,3.2359695434570312
johanneskirchen,xgboost,autumn_2024,531,22,10.511974334716797,12.0,1.4880256652832031
johanneskirchen,xgboost,autumn_2024,532,22,9.849163055419922,11.0,1.1508369445800781
johanneskirchen,xgboost,autumn_2024,533,22,9.082426071166992,11.0,1.9175739288330078
johanneskirchen,xgboost,autumn_2024,534,22,8.538138389587402,10.0,1.4618616104125977
johanneskirchen,xgboost,autumn_2024,535,22,8.03026294708252,8.0,0.03026294708251953
johanneskirchen,xgboost,autumn_2024,536,22,8.016409873962402,6.0,2.0164098739624023
johanneskirchen,xgboost,autumn_2024,537,22,7.718616008758545,8.0,0.2813839912414551
johanneskirchen,xgboost,autumn_2024,538,22,7.7791666984558105,9.0,1.2208333015441895
johanneskirchen,xgboost,autumn_2024,539,22,8.236249923706055,11.0,2.7637500762939453
johanneskirchen,xgboost,autumn_2024,540,22,8.068376541137695,7.0,1.0683765411376953
johanneskirchen,xgboost,autumn_2024,541,22,8.022820472717285,7.0,1.0228204727172852
johanneskirchen,xgboost,autumn_2024,542,22,8.274988174438477,7.0,1.2749881744384766
johanneskirchen,xgboost,autumn_2024,543,22,7.406417369842529,6.0,1.4064173698425293
johanneskirchen,xgboost,autumn_2024,544,22,7.62562370300293,6.0,1.6256237030029297
johanneskirchen,xgboost,autumn_2024,545,22,7.103224754333496,5.0,2.103224754333496
johanneskirchen,xgboost,autumn_2024,546,22,7.446734428405762,6.0,1.4467344284057617
johanneskirchen,xgboost,autumn_2024,547,22,7.412603378295898,6.0,1.4126033782958984
johanneskirchen,xgboost,autumn_2024,548,22,7.593440055847168,7.0,0.593440055847168
johanneskirchen,xgboost,autumn_2024,549,22,6.577169418334961,6.0,0.5771694183349609
johanneskirchen,xgboost,autumn_2024,550,22,5.511707305908203,6.0,0.4882926940917969
johanneskirchen,xgboost,autumn_2024,551,22,5.249063968658447,6.0,0.7509360313415527
johanneskirchen,xgboost,autumn_2024,552,23,4.892521381378174,6.0,1.1074786186218262
johanneskirchen,xgboost,autumn_2024,553,23,4.396160125732422,5.0,0.6038398742675781
johanneskirchen,xgboost,autumn_2024,554,23,4.648486137390137,6.0,1.3515138626098633
johanneskirchen,xgboost,autumn_2024,555,23,4.82018518447876,8.0,3.1798148155212402
johanneskirchen,xgboost,autumn_2024,556,23,5.154497146606445,9.0,3.8455028533935547
johanneskirchen,xgboost,autumn_2024,557,23,5.286216735839844,8.0,2.7137832641601562
johanneskirchen,xgboost,autumn_2024,558,23,5.134420871734619,7.0,1.8655791282653809
johanneskirchen,xgboost,autumn_2024,559,23,5.294269561767578,5.0,0.2942695617675781
johanneskirchen,xgboost,autumn_2024,560,23,4.846836566925049,4.0,0.8468365669250488
johanneskirchen,xgboost,autumn_2024,561,23,4.092819690704346,3.0,1.0928196907043457
johanneskirchen,xgboost,autumn_2024,562,23,3.367159366607666,3.0,0.367159366607666
johanneskirchen,xgboost,autumn_2024,563,23,3.004727602005005,3.0,0.004727602005004883
johanneskirchen,xgboost,autumn_2024,564,23,2.9267399311065674,2.0,0.9267399311065674
johanneskirchen,xgboost,autumn_2024,565,23,3.0239195823669434,2.0,1.0239195823669434
johanneskirchen,xgboost,autumn_2024,566,23,3.2184946537017822,2.0,1.2184946537017822
johanneskirchen,xgboost,autumn_2024,567,23,3.3291096687316895,2.0,1.3291096687316895
johanneskirchen,xgboost,autumn_2024,568,23,3.37414813041687,3.0,0.3741481304168701
johanneskirchen,xgboost,autumn_2024,569,23,3.4934191703796387,4.0,0.5065808296203613
johanneskirchen,xgboost,autumn_2024,570,23,3.4154810905456543,5.0,1.5845189094543457
johanneskirchen,xgboost,autumn_2024,571,23,3.6352486610412598,7.0,3.3647513389587402
johanneskirchen,xgboost,autumn_2024,572,23,3.54649019241333,9.0,5.45350980758667
johanneskirchen,xgboost,autumn_2024,573,23,3.736208915710449,10.0,6.263791084289551
johanneskirchen,xgboost,autumn_2024,574,23,4.282777309417725,9.0,4.717222690582275
johanneskirchen,xgboost,autumn_2024,575,23,4.647462844848633,8.0,3.352537155151367
johanneskirchen,xgboost,autumn_2024,576,24,4.70323371887207,8.0,3.2967662811279297
johanneskirchen,xgboost,autumn_2024,577,24,4.9576416015625,8.0,3.0423583984375
johanneskirchen,xgboost,autumn_2024,578,24,4.852128505706787,9.0,4.147871494293213
johanneskirchen,xgboost,autumn_2024,579,24,4.614569664001465,8.0,3.385430335998535
johanneskirchen,xgboost,autumn_2024,580,24,4.502076625823975,7.0,2.4979233741760254
johanneskirchen,xgboost,autumn_2024,581,24,4.696491241455078,7.0,2.303508758544922
johanneskirchen,xgboost,autumn_2024,582,24,4.7341389656066895,6.0,1.2658610343933105
johanneskirchen,xgboost,autumn_2024,583,24,4.837114334106445,5.0,0.1628856658935547
johanneskirchen,xgboost,autumn_2024,584,24,5.156020641326904,6.0,0.8439793586730957
johanneskirchen,xgboost,autumn_2024,585,24,5.445479869842529,6.0,0.5545201301574707
johanneskirchen,xgboost,autumn_2024,586,24,6.11329460144043,5.0,1.1132946014404297
johanneskirchen,xgboost,autumn_2024,587,24,6.829013824462891,6.0,0.8290138244628906
johanneskirchen,xgboost,autumn_2024,588,24,6.942589282989502,5.0,1.942589282989502
johanneskirchen,xgboost,autumn_2024,589,24,6.696714401245117,5.0,1.6967144012451172
johanneskirchen,xgboost,autumn_2024,590,24,6.650465965270996,4.0,2.650465965270996
johanneskirchen,xgboost,autumn_2024,591,24,7.080757141113281,6.0,1.0807571411132812
johanneskirchen,xgboost,autumn_2024,592,24,7.169531345367432,7.0,0.16953134536743164
johanneskirchen,xgboost,autumn_2024,593,24,7.245939254760742,7.0,0.2459392547607422
johanneskirchen,xgboost,autumn_2024,594,24,7.709250450134277,6.0,1.7092504501342773
johanneskirchen,xgboost,autumn_2024,595,24,8.606403350830078,11.0,2.393596649169922
johanneskirchen,xgboost,autumn_2024,596,24,9.724690437316895,14.0,4.2753095626831055
johanneskirchen,xgboost,autumn_2024,597,24,10.93844223022461,12.0,1.0615577697753906
johanneskirchen,xgboost,autumn_2024,598,24,12.82468032836914,15.0,2.1753196716308594
johanneskirchen,xgboost,autumn_2024,599,24,15.917552947998047,16.0,0.08244705200195312
johanneskirchen,xgboost,autumn_2024,600,25,15.725162506103516,12.0,3.7251625061035156
johanneskirchen,xgboost,autumn_2024,601,25,14.642115592956543,10.0,4.642115592956543
johanneskirchen,xgboost,autumn_2024,602,25,12.574315071105957,10.0,2.574315071105957
johanneskirchen,xgboost,autumn_2024,603,25,10.687847137451172,9.0,1.6878471374511719
johanneskirchen,xgboost,autumn_2024,604,25,9.823922157287598,8.0,1.8239221572875977
johanneskirchen,xgboost,autumn_2024,605,25,8.470915794372559,6.0,2.4709157943725586
johanneskirchen,xgboost,autumn_2024,606,25,6.607035160064697,4.0,2.6070351600646973
johanneskirchen,xgboost,autumn_2024,607,25,5.697272300720215,5.0,0.6972723007202148
johanneskirchen,xgboost,autumn_2024,608,25,5.872647285461426,5.0,0.8726472854614258
johanneskirchen,xgboost,autumn_2024,609,25,6.322229385375977,6.0,0.32222938537597656
johanneskirchen,xgboost,autumn_2024,610,25,6.559637546539307,6.0,0.5596375465393066
johanneskirchen,xgboost,autumn_2024,611,25,7.007500648498535,7.0,0.007500648498535156
johanneskirchen,xgboost,autumn_2024,612,25,7.6337456703186035,9.0,1.3662543296813965
johanneskirchen,xgboost,autumn_2024,613,25,8.656899452209473,11.0,2.3431005477905273
johanneskirchen,xgboost,autumn_2024,614,25,10.32475757598877,14.0,3.6752424240112305
johanneskirchen,xgboost,autumn_2024,615,25,12.520559310913086,16.0,3.479440689086914
johanneskirchen,xgboost,autumn_2024,616,25,14.566941261291504,16.0,1.433058738708496
johanneskirchen,xgboost,autumn_2024,617,25,15.414627075195312,18.0,2.5853729248046875
johanneskirchen,xgboost,autumn_2024,618,25,15.701412200927734,18.0,2.2985877990722656
johanneskirchen,xgboost,autumn_2024,619,25,14.692293167114258,18.0,3.307706832885742
johanneskirchen,xgboost,autumn_2024,620,25,12.804970741271973,14.0,1.1950292587280273
johanneskirchen,xgboost,autumn_2024,621,25,12.141057968139648,14.0,1.8589420318603516
johanneskirchen,xgboost,autumn_2024,622,25,11.707052230834961,14.0,2.292947769165039
johanneskirchen,xgboost,autumn_2024,623,25,11.904474258422852,13.0,1.0955257415771484
johanneskirchen,xgboost,autumn_2024,624,26,11.836377143859863,12.0,0.16362285614013672
johanneskirchen,xgboost,autumn_2024,625,26,11.350997924804688,10.0,1.3509979248046875
johanneskirchen,xgboost,autumn_2024,626,26,10.753898620605469,7.0,3.7538986206054688
johanneskirchen,xgboost,autumn_2024,627,26,10.492072105407715,6.0,4.492072105407715
johanneskirchen,xgboost,autumn_2024,628,26,9.997517585754395,7.0,2.9975175857543945
johanneskirchen,xgboost,autumn_2024,629,26,8.813146591186523,7.0,1.8131465911865234
johanneskirchen,xgboost,autumn_2024,630,26,8.266854286193848,8.0,0.26685428619384766
johanneskirchen,xgboost,autumn_2024,631,26,8.055278778076172,9.0,0.9447212219238281
johanneskirchen,xgboost,autumn_2024,632,26,7.125219821929932,9.0,1.8747801780700684
johanneskirchen,xgboost,autumn_2024,633,26,5.7480244636535645,6.0,0.25197553634643555
johanneskirchen,xgboost,autumn_2024,634,26,4.756655216217041,4.0,0.756655216217041
johanneskirchen,xgboost,autumn_2024,635,26,4.432966232299805,3.0,1.4329662322998047
johanneskirchen,xgboost,autumn_2024,636,26,4.799883842468262,4.0,0.7998838424682617
johanneskirchen,xgboost,autumn_2024,637,26,5.310329914093018,6.0,0.6896700859069824
johanneskirchen,xgboost,autumn_2024,638,26,5.913694858551025,7.0,1.0863051414489746
johanneskirchen,xgboost,autumn_2024,639,26,6.874595642089844,8.0,1.1254043579101562
johanneskirchen,xgboost,autumn_2024,640,26,8.070594787597656,8.0,0.07059478759765625
johanneskirchen,xgboost,autumn_2024,641,26,9.583556175231934,10.0,0.4164438247680664
johanneskirchen,xgboost,autumn_2024,642,26,10.4736328125,10.0,0.4736328125
johanneskirchen,xgboost,autumn_2024,643,26,12.74005126953125,17.0,4.25994873046875
johanneskirchen,xgboost,autumn_2024,644,26,12.77746868133545,12.0,0.7774686813354492
johanneskirchen,xgboost,autumn_2024,645,26,12.458213806152344,11.0,1.4582138061523438
johanneskirchen,xgboost,autumn_2024,646,26,11.088844299316406,10.0,1.0888442993164062
johanneskirchen,xgboost,autumn_2024,647,26,10.483325958251953,9.0,1.4833259582519531
johanneskirchen,xgboost,autumn_2024,648,27,11.01224136352539,9.0,2.0122413635253906
johanneskirchen,xgboost,autumn_2024,649,27,9.90275764465332,8.0,1.9027576446533203
johanneskirchen,xgboost,autumn_2024,650,27,9.846025466918945,6.0,3.8460254669189453
johanneskirchen,xgboost,autumn_2024,651,27,12.607305526733398,4.0,8.607305526733398
johanneskirchen,xgboost,autumn_2024,652,27,10.11962890625,3.0,7.11962890625
johanneskirchen,xgboost,autumn_2024,653,27,7.8578267097473145,3.0,4.8578267097473145
johanneskirchen,xgboost,autumn_2024,654,27,6.320032119750977,3.0,3.3200321197509766
johanneskirchen,xgboost,autumn_2024,655,27,5.620857238769531,3.0,2.6208572387695312
johanneskirchen,xgboost,autumn_2024,656,27,5.593995094299316,3.0,2.5939950942993164
johanneskirchen,xgboost,autumn_2024,657,27,6.214803695678711,4.0,2.214803695678711
johanneskirchen,xgboost,autumn_2024,658,27,7.027741432189941,6.0,1.0277414321899414
johanneskirchen,xgboost,autumn_2024,659,27,7.371748924255371,6.5,0.8717489242553711
johanneskirchen,xgboost,autumn_2024,660,27,7.884514331817627,7.0,0.884514331817627
johanneskirchen,xgboost,autumn_2024,661,27,8.912785530090332,7.0,1.912785530090332
johanneskirchen,xgboost,autumn_2024,662,27,9.71004867553711,7.0,2.7100486755371094
johanneskirchen,xgboost,autumn_2024,663,27,10.75139045715332,8.0,2.7513904571533203
johanneskirchen,xgboost,autumn_2024,664,27,11.632198333740234,10.0,1.6321983337402344
johanneskirchen,xgboost,autumn_2024,665,27,11.855023384094238,11.0,0.8550233840942383
johanneskirchen,xgboost,autumn_2024,666,27,11.531189918518066,10.0,1.5311899185180664
johanneskirchen,xgboost,autumn_2024,667,27,11.258747100830078,6.0,5.258747100830078
johanneskirchen,xgboost,autumn_2024,668,27,12.162299156188965,4.0,8.162299156188965
johanneskirchen,xgboost,autumn_2024,669,27,9.561482429504395,4.0,5.5614824295043945
johanneskirchen,xgboost,autumn_2024,670,27,7.135562419891357,4.0,3.1355624198913574
johanneskirchen,xgboost,autumn_2024,671,27,5.313579559326172,4.0,1.3135795593261719
johanneskirchen,xgboost,autumn_2024,672,28,3.525075674057007,5.0,1.4749243259429932
johanneskirchen,xgboost,autumn_2024,673,28,2.3813021183013916,5.0,2.6186978816986084
johanneskirchen,xgboost,autumn_2024,674,28,2.1832685470581055,4.0,1.8167314529418945
johanneskirchen,xgboost,autumn_2024,675,28,1.7062041759490967,4.0,2.2937958240509033
johanneskirchen,xgboost,autumn_2024,676,28,0.9320831894874573,4.0,3.0679168105125427
johanneskirchen,xgboost,autumn_2024,677,28,0.733659029006958,4.0,3.266340970993042
johanneskirchen,xgboost,autumn_2024,678,28,0.8381192088127136,4.0,3.1618807911872864
johanneskirchen,xgboost,autumn_2024,679,28,1.3073347806930542,4.0,2.692665219306946
johanneskirchen,xgboost,autumn_2024,680,28,2.7822866439819336,5.0,2.2177133560180664
johanneskirchen,xgboost,autumn_2024,681,28,4.698193073272705,5.666666666666667,0.9684735933939619
johanneskirchen,xgboost,autumn_2024,682,28,6.913454055786133,6.333333333333333,0.5801207224527998
johanneskirchen,xgboost,autumn_2024,683,28,8.603713989257812,7.0,1.6037139892578125
johanneskirchen,xgboost,autumn_2024,684,28,9.005664825439453,8.0,1.0056648254394531
johanneskirchen,xgboost,autumn_2024,685,28,8.92690372467041,9.0,0.07309627532958984
johanneskirchen,xgboost,autumn_2024,686,28,9.400956153869629,12.0,2.599043846130371
johanneskirchen,xgboost,autumn_2024,687,28,11.606884956359863,12.0,0.3931150436401367
johanneskirchen,xgboost,autumn_2024,688,28,13.998961448669434,12.0,1.9989614486694336
johanneskirchen,xgboost,autumn_2024,689,28,13.415936470031738,6.0,7.415936470031738
johanneskirchen,xgboost,autumn_2024,690,28,12.361395835876465,4.0,8.361395835876465
johanneskirchen,xgboost,autumn_2024,691,28,10.900184631347656,4.0,6.900184631347656
johanneskirchen,xgboost,autumn_2024,692,28,9.859384536743164,2.0,7.859384536743164
johanneskirchen,xgboost,autumn_2024,693,28,9.500186920166016,2.0,7.500186920166016
johanneskirchen,xgboost,autumn_2024,694,28,9.095457077026367,3.0,6.095457077026367
johanneskirchen,xgboost,autumn_2024,695,28,8.251346588134766,3.0,5.251346588134766
johanneskirchen,xgboost,autumn_2024,696,29,7.413097858428955,3.0,4.413097858428955
johanneskirchen,xgboost,autumn_2024,697,29,6.854127883911133,4.0,2.854127883911133
johanneskirchen,xgboost,autumn_2024,698,29,6.152978420257568,5.0,1.1529784202575684
johanneskirchen,xgboost,autumn_2024,699,29,5.62307596206665,6.0,0.3769240379333496
johanneskirchen,xgboost,autumn_2024,700,29,5.960000038146973,4.0,1.9600000381469727
johanneskirchen,xgboost,autumn_2024,701,29,5.5921149253845215,3.0,2.5921149253845215
johanneskirchen,xgboost,autumn_2024,702,29,5.055324554443359,4.0,1.0553245544433594
johanneskirchen,xgboost,autumn_2024,703,29,5.487384796142578,4.0,1.4873847961425781
johanneskirchen,xgboost,autumn_2024,704,29,6.758999824523926,9.0,2.241000175476074
johanneskirchen,xgboost,autumn_2024,705,29,8.502155303955078,15.0,6.497844696044922
johanneskirchen,xgboost,autumn_2024,706,29,10.189031600952148,21.0,10.810968399047852
johanneskirchen,xgboost,autumn_2024,707,29,11.460060119628906,20.0,8.539939880371094
johanneskirchen,xgboost,autumn_2024,708,29,13.431659698486328,18.0,4.568340301513672
johanneskirchen,xgboost,autumn_2024,709,29,13.725061416625977,17.0,3.2749385833740234
johanneskirchen,xgboost,autumn_2024,710,29,12.641827583312988,16.0,3.3581724166870117
johanneskirchen,xgboost,autumn_2024,711,29,11.384242057800293,16.0,4.615757942199707
johanneskirchen,xgboost,autumn_2024,712,29,13.467540740966797,21.0,7.532459259033203
johanneskirchen,xgboost,autumn_2024,713,29,15.791518211364746,22.0,6.208481788635254
johanneskirchen,xgboost,autumn_2024,714,29,16.69474983215332,23.0,6.30525016784668
johanneskirchen,xgboost,autumn_2024,715,29,16.275371551513672,22.0,5.724628448486328
johanneskirchen,xgboost,autumn_2024,716,29,15.36425495147705,23.0,7.635745048522949
johanneskirchen,xgboost,autumn_2024,717,29,15.031906127929688,22.0,6.9680938720703125
johanneskirchen,xgboost,autumn_2024,718,29,14.176899909973145,21.0,6.8231000900268555
johanneskirchen,xgboost,autumn_2024,719,29,13.060165405273438,15.0,1.9398345947265625
johanneskirchen,xgboost,autumn_2024,720,30,13.280717849731445,11.0,2.2807178497314453
johanneskirchen,xgboost,autumn_2024,721,30,17.52263069152832,15.0,2.5226306915283203
johanneskirchen,xgboost,autumn_2024,722,30,19.507577896118164,17.0,2.507577896118164
johanneskirchen,xgboost,autumn_2024,723,30,21.007892608642578,9.0,12.007892608642578
johanneskirchen,xgboost,autumn_2024,724,30,21.366992950439453,8.0,13.366992950439453
johanneskirchen,xgboost,autumn_2024,725,30,22.454397201538086,4.0,18.454397201538086
johanneskirchen,xgboost,autumn_2024,726,30,19.582067489624023,5.0,14.582067489624023
johanneskirchen,xgboost,autumn_2024,727,30,16.5211124420166,8.0,8.521112442016602
johanneskirchen,xgboost,autumn_2024,728,30,12.826064109802246,15.0,2.173935890197754
johanneskirchen,xgboost,autumn_2024,729,30,11.319235801696777,15.0,3.6807641983032227
johanneskirchen,xgboost,autumn_2024,730,30,9.374171257019043,11.0,1.625828742980957
johanneskirchen,xgboost,autumn_2024,731,30,8.636835098266602,12.0,3.3631649017333984
johanneskirchen,xgboost,autumn_2024,732,30,8.45296573638916,11.0,2.54703426361084
johanneskirchen,xgboost,autumn_2024,733,30,8.258844375610352,10.0,1.7411556243896484
johanneskirchen,xgboost,autumn_2024,734,30,8.421599388122559,10.0,1.5784006118774414
johanneskirchen,xgboost,autumn_2024,735,30,8.335054397583008,9.0,0.6649456024169922
johanneskirchen,xgboost,autumn_2024,736,30,9.054627418518066,10.0,0.9453725814819336
johanneskirchen,xgboost,autumn_2024,737,30,9.902666091918945,11.0,1.0973339080810547
johanneskirchen,xgboost,autumn_2024,738,30,11.586338996887207,13.0,1.413661003112793
johanneskirchen,xgboost,autumn_2024,739,30,13.72120475769043,15.0,1.2787952423095703
johanneskirchen,xgboost,autumn_2024,740,30,13.317350387573242,14.0,0.6826496124267578
johanneskirchen,xgboost,autumn_2024,741,30,12.956100463867188,13.0,0.0438995361328125
johanneskirchen,xgboost,autumn_2024,742,30,12.47290325164795,14.0,1.5270967483520508
johanneskirchen,xgboost,autumn_2024,743,30,11.43850326538086,15.0,3.5614967346191406
johanneskirchen,xgboost,autumn_2024,744,31,11.73828411102295,17.0,5.261715888977051
johanneskirchen,xgboost,autumn_2024,745,31,11.983135223388672,16.0,4.016864776611328
johanneskirchen,xgboost,autumn_2024,746,31,11.2002592086792,16.0,4.799740791320801
johanneskirchen,xgboost,autumn_2024,747,31,9.655495643615723,12.0,2.3445043563842773
johanneskirchen,xgboost,autumn_2024,748,31,8.553627967834473,10.0,1.4463720321655273
johanneskirchen,xgboost,autumn_2024,749,31,7.822800159454346,10.0,2.1771998405456543
johanneskirchen,xgboost,autumn_2024,750,31,7.553024768829346,10.0,2.4469752311706543
johanneskirchen,xgboost,autumn_2024,751,31,7.83375883102417,12.0,4.16624116897583
johanneskirchen,xgboost,autumn_2024,752,31,7.4824395179748535,10.0,2.5175604820251465
johanneskirchen,xgboost,autumn_2024,753,31,7.080294609069824,8.0,0.9197053909301758
johanneskirchen,xgboost,autumn_2024,754,31,6.4079461097717285,7.0,0.5920538902282715
johanneskirchen,xgboost,autumn_2024,755,31,5.729266166687012,7.0,1.2707338333129883
johanneskirchen,xgboost,autumn_2024,756,31,5.123955249786377,5.0,0.12395524978637695
johanneskirchen,xgboost,autumn_2024,757,31,4.014507293701172,2.0,2.014507293701172
johanneskirchen,xgboost,autumn_2024,758,31,3.4360363483428955,1.0,2.4360363483428955
johanneskirchen,xgboost,autumn_2024,759,31,3.2418015003204346,2.0,1.2418015003204346
johanneskirchen,xgboost,autumn_2024,760,31,3.6545393466949463,2.0,1.6545393466949463
johanneskirchen,xgboost,autumn_2024,761,31,4.623826026916504,4.0,0.6238260269165039
johanneskirchen,xgboost,autumn_2024,762,31,5.984700679779053,6.0,0.015299320220947266
johanneskirchen,xgboost,autumn_2024,763,31,8.254668235778809,10.0,1.7453317642211914
johanneskirchen,xgboost,autumn_2024,764,31,10.882156372070312,10.0,0.8821563720703125
johanneskirchen,xgboost,autumn_2024,765,31,11.444099426269531,9.0,2.4440994262695312
johanneskirchen,xgboost,autumn_2024,766,31,12.415356636047363,14.0,1.5846433639526367
johanneskirchen,xgboost,autumn_2024,767,31,11.70521068572998,12.0,0.29478931427001953
johanneskirchen,xgboost,autumn_2024,768,32,10.56115436553955,11.0,0.4388456344604492
johanneskirchen,xgboost,autumn_2024,769,32,9.728050231933594,9.0,0.7280502319335938
johanneskirchen,xgboost,autumn_2024,770,32,10.872780799865723,9.0,1.8727807998657227
johanneskirchen,xgboost,autumn_2024,771,32,11.130813598632812,7.0,4.1308135986328125
johanneskirchen,xgboost,autumn_2024,772,32,10.342611312866211,9.0,1.342611312866211
johanneskirchen,xgboost,autumn_2024,773,32,10.591645240783691,9.0,1.5916452407836914
johanneskirchen,xgboost,autumn_2024,774,32,11.665398597717285,9.0,2.665398597717285
johanneskirchen,xgboost,autumn_2024,775,32,14.166126251220703,14.0,0.16612625122070312
johanneskirchen,xgboost,autumn_2024,776,32,14.711231231689453,13.0,1.7112312316894531
johanneskirchen,xgboost,autumn_2024,777,32,13.32093620300293,13.0,0.3209362030029297
johanneskirchen,xgboost,autumn_2024,778,32,11.794534683227539,10.0,1.794534683227539
johanneskirchen,xgboost,autumn_2024,779,32,9.224727630615234,7.0,2.2247276306152344
johanneskirchen,xgboost,autumn_2024,780,32,8.84678840637207,9.0,0.1532115936279297
johanneskirchen,xgboost,autumn_2024,781,32,8.942768096923828,11.0,2.057231903076172
johanneskirchen,xgboost,autumn_2024,782,32,8.791733741760254,11.0,2.208266258239746
johanneskirchen,xgboost,autumn_2024,783,32,8.965075492858887,11.0,2.0349245071411133
johanneskirchen,xgboost,autumn_2024,784,32,8.839361190795898,10.0,1.1606388092041016
johanneskirchen,xgboost,autumn_2024,785,32,8.964380264282227,9.0,0.03561973571777344
johanneskirchen,xgboost,autumn_2024,786,32,8.79246997833252,10.0,1.2075300216674805
johanneskirchen,xgboost,autumn_2024,787,32,9.632506370544434,12.0,2.3674936294555664
johanneskirchen,xgboost,autumn_2024,788,32,11.444025993347168,16.0,4.555974006652832
johanneskirchen,xgboost,autumn_2024,789,32,11.76993179321289,14.0,2.2300682067871094
johanneskirchen,xgboost,autumn_2024,790,32,11.395686149597168,12.0,0.604313850402832
johanneskirchen,xgboost,autumn_2024,791,32,11.590994834899902,15.0,3.4090051651000977
johanneskirchen,xgboost,autumn_2024,792,33,12.323297500610352,14.0,1.6767024993896484
johanneskirchen,xgboost,autumn_2024,793,33,12.494585990905762,14.0,1.5054140090942383
johanneskirchen,xgboost,autumn_2024,794,33,12.627792358398438,14.0,1.3722076416015625
johanneskirchen,xgboost,autumn_2024,795,33,12.967634201049805,14.0,1.0323657989501953
johanneskirchen,xgboost,autumn_2024,796,33,13.055021286010742,12.0,1.0550212860107422
johanneskirchen,xgboost,autumn_2024,797,33,12.526141166687012,11.0,1.5261411666870117
johanneskirchen,xgboost,autumn_2024,798,33,11.495542526245117,10.0,1.4955425262451172
johanneskirchen,xgboost,autumn_2024,799,33,11.721501350402832,11.0,0.721501350402832
johanneskirchen,xgboost,autumn_2024,800,33,11.876934051513672,11.0,0.8769340515136719
johanneskirchen,xgboost,autumn_2024,801,33,11.9530611038208,11.0,0.9530611038208008
johanneskirchen,xgboost,autumn_2024,802,33,11.959019660949707,13.0,1.040980339050293
johanneskirchen,xgboost,autumn_2024,803,33,11.857771873474121,11.0,0.8577718734741211
johanneskirchen,xgboost,autumn_2024,804,33,11.764732360839844,10.0,1.7647323608398438
johanneskirchen,xgboost,autumn_2024,805,33,11.461040496826172,9.0,2.461040496826172
johanneskirchen,xgboost,autumn_2024,806,33,10.704840660095215,8.0,2.704840660095215
johanneskirchen,xgboost,autumn_2024,807,33,10.325522422790527,7.0,3.3255224227905273
johanneskirchen,xgboost,autumn_2024,808,33,9.595526695251465,7.0,2.595526695251465
johanneskirchen,xgboost,autumn_2024,809,33,9.495957374572754,8.0,1.495957374572754
johanneskirchen,xgboost,autumn_2024,810,33,9.949135780334473,8.0,1.9491357803344727
johanneskirchen,xgboost,autumn_2024,811,33,10.418058395385742,9.0,1.4180583953857422
johanneskirchen,xgboost,autumn_2024,812,33,11.187093734741211,10.0,1.187093734741211
johanneskirchen,xgboost,autumn_2024,813,33,11.402286529541016,12.0,0.5977134704589844
johanneskirchen,xgboost,autumn_2024,814,33,11.582246780395508,12.0,0.4177532196044922
johanneskirchen,xgboost,autumn_2024,815,33,12.339580535888672,13.0,0.6604194641113281
johanneskirchen,xgboost,autumn_2024,816,34,12.778547286987305,13.0,0.2214527130126953
johanneskirchen,xgboost,autumn_2024,817,34,13.310288429260254,12.0,1.310288429260254
johanneskirchen,xgboost,autumn_2024,818,34,12.981881141662598,12.0,0.9818811416625977
johanneskirchen,xgboost,autumn_2024,819,34,12.656245231628418,12.0,0.656245231628418
johanneskirchen,xgboost,autumn_2024,820,34,11.740148544311523,13.0,1.2598514556884766
johanneskirchen,xgboost,autumn_2024,821,34,11.648524284362793,12.0,0.35147571563720703
johanneskirchen,xgboost,autumn_2024,822,34,11.706027030944824,12.0,0.2939729690551758
johanneskirchen,xgboost,autumn_2024,823,34,12.070353507995605,13.0,0.9296464920043945
johanneskirchen,xgboost,autumn_2024,824,34,12.276762962341309,14.0,1.7232370376586914
johanneskirchen,xgboost,autumn_2024,825,34,11.97594165802002,13.0,1.0240583419799805
johanneskirchen,xgboost,autumn_2024,826,34,11.689567565917969,10.0,1.6895675659179688
johanneskirchen,xgboost,autumn_2024,827,34,10.801280975341797,8.0,2.801280975341797
johanneskirchen,xgboost,autumn_2024,828,34,9.703631401062012,7.0,2.7036314010620117
johanneskirchen,xgboost,autumn_2024,829,34,9.054499626159668,8.0,1.054499626159668
johanneskirchen,xgboost,autumn_2024,830,34,8.504121780395508,9.0,0.4958782196044922
johanneskirchen,xgboost,autumn_2024,831,34,9.260223388671875,12.0,2.739776611328125
johanneskirchen,xgboost,autumn_2024,832,34,10.693314552307129,13.0,2.306685447692871
johanneskirchen,xgboost,autumn_2024,833,34,11.663785934448242,12.0,0.3362140655517578
johanneskirchen,xgboost,autumn_2024,834,34,12.422659873962402,9.0,3.4226598739624023
johanneskirchen,xgboost,autumn_2024,835,34,16.747777938842773,2.0,14.747777938842773
johanneskirchen,xgboost,autumn_2024,836,34,15.979674339294434,2.0,13.979674339294434
johanneskirchen,xgboost,autumn_2024,837,34,12.718005180358887,2.0,10.718005180358887
johanneskirchen,xgboost,autumn_2024,838,34,11.937492370605469,2.0,9.937492370605469
johanneskirchen,xgboost,autumn_2024,839,34,11.125984191894531,2.0,9.125984191894531
johanneskirchen,xgboost,autumn_2024,840,35,10.9498929977417,3.0,7.949892997741699
johanneskirchen,xgboost,autumn_2024,841,35,9.751093864440918,8.0,1.751093864440918
johanneskirchen,xgboost,autumn_2024,842,35,9.091327667236328,11.0,1.9086723327636719
johanneskirchen,xgboost,autumn_2024,843,35,8.93064022064209,7.0,1.9306402206420898
johanneskirchen,xgboost,autumn_2024,844,35,8.200498580932617,8.0,0.2004985809326172
johanneskirchen,xgboost,autumn_2024,845,35,7.515278339385986,7.0,0.5152783393859863
johanneskirchen,xgboost,autumn_2024,846,35,6.94320821762085,8.0,1.0567917823791504
johanneskirchen,xgboost,autumn_2024,847,35,6.5108184814453125,7.0,0.4891815185546875
johanneskirchen,xgboost,autumn_2024,848,35,6.514673233032227,9.0,2.4853267669677734
johanneskirchen,xgboost,autumn_2024,849,35,6.792677879333496,9.0,2.207322120666504
johanneskirchen,xgboost,autumn_2024,850,35,6.85374116897583,10.0,3.14625883102417
johanneskirchen,xgboost,autumn_2024,851,35,6.724198341369629,7.0,0.2758016586303711
johanneskirchen,xgboost,autumn_2024,852,35,6.919196128845215,7.0,0.08080387115478516
johanneskirchen,xgboost,autumn_2024,853,35,7.283357620239258,9.0,1.7166423797607422
johanneskirchen,xgboost,autumn_2024,854,35,7.682562828063965,8.0,0.31743717193603516
johanneskirchen,xgboost,autumn_2024,855,35,8.853901863098145,8.0,0.8539018630981445
johanneskirchen,xgboost,autumn_2024,856,35,9.505208015441895,9.0,0.5052080154418945
johanneskirchen,xgboost,autumn_2024,857,35,9.538981437683105,10.0,0.46101856231689453
johanneskirchen,xgboost,autumn_2024,858,35,10.308381080627441,11.0,0.6916189193725586
johanneskirchen,xgboost,autumn_2024,859,35,12.844560623168945,9.0,3.8445606231689453
johanneskirchen,xgboost,autumn_2024,860,35,13.469184875488281,5.0,8.469184875488281
johanneskirchen,xgboost,autumn_2024,861,35,11.842144966125488,5.0,6.842144966125488
johanneskirchen,xgboost,autumn_2024,862,35,9.980498313903809,4.0,5.980498313903809
johanneskirchen,xgboost,autumn_2024,863,35,8.56103801727295,4.0,4.561038017272949
johanneskirchen,xgboost,autumn_2024,864,36,7.3714189529418945,4.0,3.3714189529418945
johanneskirchen,xgboost,autumn_2024,865,36,6.120732307434082,4.0,2.120732307434082
johanneskirchen,xgboost,autumn_2024,866,36,5.942269802093506,4.0,1.9422698020935059
johanneskirchen,xgboost,autumn_2024,867,36,5.248237133026123,3.0,2.248237133026123
johanneskirchen,xgboost,autumn_2024,868,36,4.266134262084961,4.0,0.26613426208496094
johanneskirchen,xgboost,autumn_2024,869,36,4.102138042449951,4.0,0.10213804244995117
johanneskirchen,xgboost,autumn_2024,870,36,3.688074827194214,4.0,0.31192517280578613
johanneskirchen,xgboost,autumn_2024,871,36,3.7510080337524414,4.0,0.2489919662475586
johanneskirchen,xgboost,autumn_2024,872,36,5.1200642585754395,7.0,1.8799357414245605
johanneskirchen,xgboost,autumn_2024,873,36,6.409015655517578,7.0,0.5909843444824219
johanneskirchen,xgboost,autumn_2024,874,36,8.283923149108887,7.0,1.2839231491088867
johanneskirchen,xgboost,autumn_2024,875,36,11.446553230285645,12.0,0.5534467697143555
johanneskirchen,xgboost,autumn_2024,876,36,12.969202995300293,12.0,0.969202995300293
johanneskirchen,xgboost,autumn_2024,877,36,14.452963829040527,16.0,1.5470361709594727
johanneskirchen,xgboost,autumn_2024,878,36,15.245315551757812,17.0,1.7546844482421875
johanneskirchen,xgboost,autumn_2024,879,36,15.899292945861816,17.0,1.1007070541381836
johanneskirchen,xgboost,autumn_2024,880,36,15.478693962097168,14.0,1.478693962097168
johanneskirchen,xgboost,autumn_2024,881,36,16.627517700195312,9.0,7.6275177001953125
johanneskirchen,xgboost,autumn_2024,882,36,25.959226608276367,3.0,22.959226608276367
johanneskirchen,xgboost,autumn_2024,883,36,23.668521881103516,2.0,21.668521881103516
johanneskirchen,xgboost,autumn_2024,884,36,19.483871459960938,2.0,17.483871459960938
johanneskirchen,xgboost,autumn_2024,885,36,17.343677520751953,2.0,15.343677520751953
johanneskirchen,xgboost,autumn_2024,886,36,15.27199649810791,2.0,13.27199649810791
johanneskirchen,xgboost,autumn_2024,887,36,12.052411079406738,5.0,7.052411079406738
johanneskirchen,xgboost,autumn_2024,888,37,9.200300216674805,7.0,2.2003002166748047
johanneskirchen,xgboost,autumn_2024,889,37,8.24074649810791,8.0,0.24074649810791016
johanneskirchen,xgboost,autumn_2024,890,37,7.4017252922058105,9.0,1.5982747077941895
johanneskirchen,xgboost,autumn_2024,891,37,6.8976664543151855,8.0,1.1023335456848145
johanneskirchen,xgboost,autumn_2024,892,37,6.592323303222656,5.0,1.5923233032226562
johanneskirchen,xgboost,autumn_2024,893,37,6.378223419189453,4.0,2.378223419189453
johanneskirchen,xgboost,autumn_2024,894,37,5.975485801696777,5.0,0.9754858016967773
johanneskirchen,xgboost,autumn_2024,895,37,5.862929821014404,6.0,0.1370701789855957
johanneskirchen,xgboost,autumn_2024,896,37,5.672496795654297,5.0,0.6724967956542969
johanneskirchen,xgboost,autumn_2024,897,37,6.001588821411133,4.0,2.001588821411133
johanneskirchen,xgboost,autumn_2024,898,37,6.569337844848633,5.0,1.5693378448486328
johanneskirchen,xgboost,autumn_2024,899,37,6.431416988372803,5.0,1.4314169883728027
johanneskirchen,xgboost,autumn_2024,900,37,6.779172897338867,6.0,0.7791728973388672
johanneskirchen,xgboost,autumn_2024,901,37,7.34736967086792,7.0,0.3473696708679199
johanneskirchen,xgboost,autumn_2024,902,37,7.84913969039917,6.0,1.84913969039917
johanneskirchen,xgboost,autumn_2024,903,37,7.095846176147461,6.0,1.095846176147461
johanneskirchen,xgboost,autumn_2024,904,37,6.315980434417725,6.0,0.3159804344177246
johanneskirchen,xgboost,autumn_2024,905,37,6.600127220153809,5.0,1.6001272201538086
johanneskirchen,xgboost,autumn_2024,906,37,7.052162170410156,6.0,1.0521621704101562
johanneskirchen,xgboost,autumn_2024,907,37,7.041797161102295,7.0,0.04179716110229492
johanneskirchen,xgboost,autumn_2024,908,37,7.049393653869629,7.0,0.049393653869628906
johanneskirchen,xgboost,autumn_2024,909,37,6.400966167449951,6.0,0.40096616744995117
johanneskirchen,xgboost,autumn_2024,910,37,6.022581100463867,6.0,0.022581100463867188
johanneskirchen,xgboost,autumn_2024,911,37,5.4489240646362305,6.0,0.5510759353637695
johanneskirchen,xgboost,autumn_2024,912,38,5.631173133850098,7.0,1.3688268661499023
johanneskirchen,xgboost,autumn_2024,913,38,5.390330791473389,7.0,1.6096692085266113
johanneskirchen,xgboost,autumn_2024,914,38,5.311483860015869,7.0,1.6885161399841309
johanneskirchen,xgboost,autumn_2024,915,38,4.182305812835693,6.0,1.8176941871643066
johanneskirchen,xgboost,autumn_2024,916,38,4.365713119506836,6.0,1.634286880493164
johanneskirchen,xgboost,autumn_2024,917,38,4.156036853790283,5.0,0.8439631462097168
johanneskirchen,xgboost,autumn_2024,918,38,4.146056175231934,5.0,0.8539438247680664
johanneskirchen,xgboost,autumn_2024,919,38,4.0036163330078125,6.0,1.9963836669921875
johanneskirchen,xgboost,autumn_2024,920,38,4.0252814292907715,5.0,0.9747185707092285
johanneskirchen,xgboost,autumn_2024,921,38,4.156116485595703,4.0,0.15611648559570312
johanneskirchen,xgboost,autumn_2024,922,38,4.458248138427734,3.0,1.4582481384277344
johanneskirchen,xgboost,autumn_2024,923,38,4.057550430297852,3.0,1.0575504302978516
johanneskirchen,xgboost,autumn_2024,924,38,3.875462055206299,4.0,0.12453794479370117
johanneskirchen,xgboost,autumn_2024,925,38,4.375457286834717,5.0,0.6245427131652832
johanneskirchen,xgboost,autumn_2024,926,38,5.1099467277526855,5.0,0.10994672775268555
johanneskirchen,xgboost,autumn_2024,927,38,5.377974033355713,4.0,1.377974033355713
johanneskirchen,xgboost,autumn_2024,928,38,6.17717981338501,5.0,1.1771798133850098
johanneskirchen,xgboost,autumn_2024,929,38,6.447031021118164,5.0,1.447031021118164
johanneskirchen,xgboost,autumn_2024,930,38,6.689846515655518,6.0,0.6898465156555176
johanneskirchen,xgboost,autumn_2024,931,38,6.985959529876709,9.0,2.014040470123291
johanneskirchen,xgboost,autumn_2024,932,38,7.0114030838012695,10.0,2.9885969161987305
johanneskirchen,xgboost,autumn_2024,933,38,7.051804065704346,11.0,3.9481959342956543
johanneskirchen,xgboost,autumn_2024,934,38,7.0923991203308105,12.0,4.9076008796691895
johanneskirchen,xgboost,autumn_2024,935,38,6.877355098724365,11.0,4.122644901275635
johanneskirchen,xgboost,autumn_2024,936,39,7.193202972412109,10.0,2.8067970275878906
johanneskirchen,xgboost,autumn_2024,937,39,6.87059211730957,11.0,4.12940788269043
johanneskirchen,xgboost,autumn_2024,938,39,6.923308372497559,10.0,3.0766916275024414
johanneskirchen,xgboost,autumn_2024,939,39,6.703222274780273,9.0,2.2967777252197266
johanneskirchen,xgboost,autumn_2024,940,39,6.581243991851807,7.0,0.41875600814819336
johanneskirchen,xgboost,autumn_2024,941,39,6.086841106414795,6.0,0.08684110641479492
johanneskirchen,xgboost,autumn_2024,942,39,6.1713151931762695,5.0,1.1713151931762695
johanneskirchen,xgboost,autumn_2024,943,39,6.377404689788818,4.0,2.3774046897888184
johanneskirchen,xgboost,autumn_2024,944,39,6.203449726104736,5.0,1.2034497261047363
johanneskirchen,xgboost,autumn_2024,945,39,6.411039352416992,7.0,0.5889606475830078
johanneskirchen,xgboost,autumn_2024,946,39,6.294041633605957,6.0,0.29404163360595703
johanneskirchen,xgboost,autumn_2024,947,39,6.498110294342041,6.0,0.498110294342041
johanneskirchen,xgboost,autumn_2024,948,39,6.879936695098877,8.0,1.120063304901123
johanneskirchen,xgboost,autumn_2024,949,39,7.999637126922607,8.0,0.0003628730773925781
johanneskirchen,xgboost,autumn_2024,950,39,9.641831398010254,10.0,0.3581686019897461
johanneskirchen,xgboost,autumn_2024,951,39,11.506061553955078,11.0,0.5060615539550781
johanneskirchen,xgboost,autumn_2024,952,39,12.557612419128418,12.0,0.557612419128418
johanneskirchen,xgboost,autumn_2024,953,39,12.429205894470215,12.0,0.42920589447021484
johanneskirchen,xgboost,autumn_2024,954,39,11.615756034851074,13.0,1.3842439651489258
johanneskirchen,xgboost,autumn_2024,955,39,11.837302207946777,13.0,1.1626977920532227
johanneskirchen,xgboost,autumn_2024,956,39,12.381299018859863,14.0,1.6187009811401367
johanneskirchen,xgboost,autumn_2024,957,39,12.287552833557129,14.0,1.712447166442871
johanneskirchen,xgboost,autumn_2024,958,39,12.480698585510254,15.0,2.519301414489746
johanneskirchen,xgboost,autumn_2024,959,39,12.602328300476074,17.0,4.397671699523926
johanneskirchen,xgboost,autumn_2024,960,40,13.475817680358887,13.0,0.4758176803588867
johanneskirchen,xgboost,autumn_2024,961,40,14.225586891174316,14.0,0.2255868911743164
johanneskirchen,xgboost,autumn_2024,962,40,15.471588134765625,8.0,7.471588134765625
johanneskirchen,xgboost,autumn_2024,963,40,15.730059623718262,8.0,7.730059623718262
johanneskirchen,xgboost,autumn_2024,964,40,12.756485939025879,10.0,2.756485939025879
johanneskirchen,xgboost,autumn_2024,965,40,9.125186920166016,8.0,1.1251869201660156
johanneskirchen,xgboost,autumn_2024,966,40,6.182388782501221,7.0,0.8176112174987793
johanneskirchen,xgboost,autumn_2024,967,40,5.87543249130249,7.0,1.1245675086975098
johanneskirchen,xgboost,autumn_2024,968,40,5.076534748077393,6.0,0.9234652519226074
johanneskirchen,xgboost,autumn_2024,969,40,5.520211219787598,8.0,2.4797887802124023
johanneskirchen,xgboost,autumn_2024,970,40,6.963996887207031,9.0,2.0360031127929688
johanneskirchen,xgboost,autumn_2024,971,40,8.193464279174805,9.0,0.8065357208251953
johanneskirchen,xgboost,autumn_2024,972,40,7.62695837020874,7.0,0.6269583702087402
johanneskirchen,xgboost,autumn_2024,973,40,7.588374614715576,7.0,0.5883746147155762
johanneskirchen,xgboost,autumn_2024,974,40,8.031241416931152,7.0,1.0312414169311523
johanneskirchen,xgboost,autumn_2024,975,40,8.881561279296875,8.0,0.881561279296875
johanneskirchen,xgboost,autumn_2024,976,40,9.1613130569458,7.0,2.161313056945801
johanneskirchen,xgboost,autumn_2024,977,40,9.142194747924805,8.0,1.1421947479248047
johanneskirchen,xgboost,autumn_2024,978,40,10.135520935058594,10.0,0.13552093505859375
johanneskirchen,xgboost,autumn_2024,979,40,10.886822700500488,12.0,1.1131772994995117
johanneskirchen,xgboost,autumn_2024,980,40,12.002573013305664,13.0,0.9974269866943359
johanneskirchen,xgboost,autumn_2024,981,40,13.062191009521484,14.0,0.9378089904785156
johanneskirchen,xgboost,autumn_2024,982,40,13.582846641540527,14.0,0.41715335845947266
johanneskirchen,xgboost,autumn_2024,983,40,13.907959938049316,15.0,1.0920400619506836
johanneskirchen,xgboost,autumn_2024,984,41,14.742593765258789,16.0,1.257406234741211
johanneskirchen,xgboost,autumn_2024,985,41,15.20512866973877,17.0,1.7948713302612305
johanneskirchen,xgboost,autumn_2024,986,41,15.151742935180664,18.0,2.848257064819336
johanneskirchen,xgboost,autumn_2024,987,41,15.271409034729004,17.0,1.728590965270996
johanneskirchen,xgboost,autumn_2024,988,41,15.3668212890625,17.0,1.6331787109375
johanneskirchen,xgboost,autumn_2024,989,41,15.723807334899902,18.0,2.2761926651000977
johanneskirchen,xgboost,autumn_2024,990,41,15.41089153289795,16.0,0.5891084671020508
johanneskirchen,xgboost,autumn_2024,991,41,15.204139709472656,15.0,0.20413970947265625
johanneskirchen,xgboost,autumn_2024,992,41,14.786731719970703,14.0,0.7867317199707031
johanneskirchen,xgboost,autumn_2024,993,41,13.610564231872559,13.0,0.6105642318725586
johanneskirchen,xgboost,autumn_2024,994,41,13.195286750793457,12.0,1.195286750793457
johanneskirchen,xgboost,autumn_2024,995,41,13.713543891906738,12.0,1.7135438919067383
johanneskirchen,xgboost,autumn_2024,996,41,14.399557113647461,15.0,0.6004428863525391
johanneskirchen,xgboost,autumn_2024,997,41,15.043407440185547,19.0,3.956592559814453
johanneskirchen,xgboost,autumn_2024,998,41,16.510543823242188,19.0,2.4894561767578125
johanneskirchen,xgboost,autumn_2024,999,41,16.87881088256836,19.0,2.1211891174316406
johanneskirchen,xgboost,autumn_2024,1000,41,17.12891387939453,18.0,0.8710861206054688
johanneskirchen,xgboost,autumn_2024,1001,41,18.229610443115234,19.0,0.7703895568847656
johanneskirchen,xgboost,autumn_2024,1002,41,18.65979766845703,17.0,1.6597976684570312
johanneskirchen,xgboost,autumn_2024,1003,41,17.566177368164062,16.0,1.5661773681640625
johanneskirchen,xgboost,autumn_2024,1004,41,17.205875396728516,17.0,0.20587539672851562
johanneskirchen,xgboost,autumn_2024,1005,41,16.67896270751953,17.0,0.32103729248046875
johanneskirchen,xgboost,autumn_2024,1006,41,18.081445693969727,20.0,1.9185543060302734
johanneskirchen,xgboost,autumn_2024,1007,41,19.91275405883789,23.0,3.0872459411621094
johanneskirchen,xgboost,autumn_2024,1008,42,19.85832977294922,23.0,3.1416702270507812
johanneskirchen,xgboost,autumn_2024,1009,42,19.600109100341797,24.0,4.399890899658203
johanneskirchen,xgboost,autumn_2024,1010,42,20.705421447753906,26.0,5.294578552246094
johanneskirchen,xgboost,autumn_2024,1011,42,20.76045036315918,29.0,8.23954963684082
johanneskirchen,xgboost,autumn_2024,1012,42,20.271160125732422,28.0,7.728839874267578
johanneskirchen,xgboost,autumn_2024,1013,42,20.669891357421875,28.0,7.330108642578125
johanneskirchen,xgboost,autumn_2024,1014,42,22.019678115844727,34.0,11.980321884155273
johanneskirchen,xgboost,autumn_2024,1015,42,25.427661895751953,33.0,7.572338104248047
johanneskirchen,xgboost,autumn_2024,1016,42,26.91332244873047,26.0,0.9133224487304688
johanneskirchen,xgboost,autumn_2024,1017,42,26.012727737426758,22.0,4.012727737426758
johanneskirchen,xgboost,autumn_2024,1018,42,24.412906646728516,21.0,3.4129066467285156
johanneskirchen,xgboost,autumn_2024,1019,42,21.524320602416992,19.0,2.524320602416992
johanneskirchen,xgboost,autumn_2024,1020,42,18.671554565429688,16.0,2.6715545654296875
johanneskirchen,xgboost,autumn_2024,1021,42,15.019944190979004,14.0,1.019944190979004
johanneskirchen,xgboost,autumn_2024,1022,42,14.403560638427734,15.0,0.5964393615722656
johanneskirchen,xgboost,autumn_2024,1023,42,14.652420997619629,16.0,1.347579002380371
johanneskirchen,xgboost,autumn_2024,1024,42,14.271819114685059,14.0,0.2718191146850586
johanneskirchen,xgboost,autumn_2024,1025,42,13.54648208618164,14.0,0.4535179138183594
johanneskirchen,xgboost,autumn_2024,1026,42,13.630155563354492,14.0,0.3698444366455078
johanneskirchen,xgboost,autumn_2024,1027,42,14.152850151062012,16.0,1.8471498489379883
johanneskirchen,xgboost,autumn_2024,1028,42,15.903388023376465,18.0,2.096611976623535
johanneskirchen,xgboost,autumn_2024,1029,42,16.915178298950195,19.0,2.0848217010498047
johanneskirchen,xgboost,autumn_2024,1030,42,16.1954402923584,18.0,1.8045597076416016
johanneskirchen,xgboost,autumn_2024,1031,42,16.160646438598633,18.0,1.8393535614013672
johanneskirchen,xgboost,autumn_2024,1032,43,16.761030197143555,19.0,2.2389698028564453
johanneskirchen,xgboost,autumn_2024,1033,43,17.0156192779541,19.0,1.9843807220458984
johanneskirchen,xgboost,autumn_2024,1034,43,18.055404663085938,21.0,2.9445953369140625
johanneskirchen,xgboost,autumn_2024,1035,43,18.980775833129883,22.0,3.019224166870117
johanneskirchen,xgboost,autumn_2024,1036,43,18.596166610717773,21.0,2.4038333892822266
johanneskirchen,xgboost,autumn_2024,1037,43,17.500633239746094,20.0,2.4993667602539062
johanneskirchen,xgboost,autumn_2024,1038,43,17.565427780151367,20.0,2.434572219848633
johanneskirchen,xgboost,autumn_2024,1039,43,18.201892852783203,20.0,1.7981071472167969
johanneskirchen,xgboost,autumn_2024,1040,43,17.93557357788086,20.0,2.0644264221191406
johanneskirchen,xgboost,autumn_2024,1041,43,17.38684844970703,18.0,0.6131515502929688
johanneskirchen,xgboost,autumn_2024,1042,43,16.797807693481445,19.0,2.2021923065185547
johanneskirchen,xgboost,autumn_2024,1043,43,18.70232391357422,21.0,2.2976760864257812
johanneskirchen,xgboost,autumn_2024,1044,43,18.63377571105957,19.0,0.3662242889404297
johanneskirchen,xgboost,autumn_2024,1045,43,18.03428840637207,19.0,0.9657115936279297
johanneskirchen,xgboost,autumn_2024,1046,43,17.796279907226562,18.0,0.2037200927734375
johanneskirchen,xgboost,autumn_2024,1047,43,16.78021240234375,15.0,1.78021240234375
johanneskirchen,xgboost,autumn_2024,1048,43,15.41651439666748,17.0,1.5834856033325195
johanneskirchen,xgboost,autumn_2024,1049,43,14.870928764343262,16.0,1.1290712356567383
johanneskirchen,xgboost,autumn_2024,1050,43,14.86609172821045,18.0,3.133908271789551
johanneskirchen,xgboost,autumn_2024,1051,43,15.363150596618652,18.0,2.6368494033813477
johanneskirchen,xgboost,autumn_2024,1052,43,14.707720756530762,16.0,1.2922792434692383
johanneskirchen,xgboost,autumn_2024,1053,43,13.221864700317383,14.0,0.7781352996826172
johanneskirchen,xgboost,autumn_2024,1054,43,12.313708305358887,13.0,0.6862916946411133
johanneskirchen,xgboost,autumn_2024,1055,43,11.240031242370605,12.0,0.7599687576293945
