station,model,window,hour_index,day_index,pred,actual,abs_error
johanneskirchen,dlinear,spring_2024,0,0,16.72683319660043,18.0,1.273166803399569
johanneskirchen,dlinear,spring_2024,1,0,14.708533752002438,16.0,1.2914662479975618
johanneskirchen,dlinear,spring_2024,2,0,13.449202749145973,13.0,0.44920274914597336
johanneskirchen,dlinear,spring_2024,3,0,12.617992447616057,14.0,1.3820075523839428
johanneskirchen,dlinear,spring_2024,4,0,12.269920726602757,14.0,1.7300792733972425
johanneskirchen,dlinear,spring_2024,5,0,12.448331713342476,15.0,2.5516682866575238
johanneskirchen,dlinear,spring_2024,6,0,12.215427139935889,14.0,1.7845728600641113
johanneskirchen,dlinear,spring_2024,7,0,11.589583541324403,11.0,0.5895835413244033
johanneskirchen,dlinear,spring_2024,8,0,9.806688366601144,8.0,1.8066883666011435
johanneskirchen,dlinear,spring_2024,9,0,8.27863107535911,8.0,0.2786310753591099
johanneskirchen,dlinear,spring_2024,10,0,6.856588375296942,7.0,0.14341162470305768
johanneskirchen,dlinear,spring_2024,11,0,5.915213450743763,5.0,0.9152134507437628
johanneskirchen,dlinear,spring_2024,12,0,5.324688442520532,6.0,0.6753115574794677
johanneskirchen,dlinear,spring_2024,13,0,5.001390947185731,6.0,0.9986090528142686
johanneskirchen,dlinear,spring_2024,14,0,4.607654886450817,5.0,0.3923451135491831
johanneskirchen,dlinear,spring_2024,15,0,3.9379448324285775,4.0,0.06205516757142249
johanneskirchen,dlinear,spring_2024,16,0,3.0853353294026924,3.0,0.0853353294026924
johanneskirchen,dlinear,spring_2024,17,0,2.8248698618727985,2.0,0.8248698618727985
johanneskirchen,dlinear,spring_2024,18,0,3.094178782389248,2.0,1.094178782389248
johanneskirchen,dlinear,spring_2024,19,0,4.397223848922602,4.0,0.3972238489226019
johanneskirchen,dlinear,spring_2024,20,0,6.3337836861852495,10.0,3.6662163138147505
johanneskirchen,dlinear,spring_2024,21,0,8.583509651234687,13.0,4.416490348765313
johanneskirchen,dlinear,spring_2024,22,0,9.190850204602583,11.0,1.809149795397417
johanneskirchen,dlinear,spring_2024,23,0,7.649164980651509,4.0,3.649164980651509
johanneskirchen,dlinear,spring_2024,24,1,6.792380221391026,5.0,1.792380221391026
johanneskirchen,dlinear,spring_2024,25,1,6.335073051681104,5.0,1.3350730516811042
johanneskirchen,dlinear,spring_2024,26,1,5.196141537758252,4.0,1.196141537758252
johanneskirchen,dlinear,spring_2024,27,1,4.5132025703882395,4.0,0.5132025703882395
johanneskirchen,dlinear,spring_2024,28,1,4.08230162041766,4.0,0.08230162041765965
johanneskirchen,dlinear,spring_2024,29,1,3.6907469944092552,4.0,0.30925300559074476
johanneskirchen,dlinear,spring_2024,30,1,3.1977604999596387,3.0,0.19776049995963874
johanneskirchen,dlinear,spring_2024,31,1,2.8320507101661097,3.0,0.16794928983389035
johanneskirchen,dlinear,spring_2024,32,1,2.7493881913208167,4.0,1.2506118086791833
johanneskirchen,dlinear,spring_2024,33,1,2.9018372610773637,4.0,1.0981627389226363
johanneskirchen,dlinear,spring_2024,34,1,2.5372900371789857,4.0,1.4627099628210143
johanneskirchen,dlinear,spring_2024,35,1,1.7456709676182829,2.0,0.2543290323817171
johanneskirchen,dlinear,spring_2024,36,1,1.322040346352292,2.0,0.6779596536477079
johanneskirchen,dlinear,spring_2024,37,1,1.48448091309284,4.0,2.51551908690716
johanneskirchen,dlinear,spring_2024,38,1,1.8201377734749462,5.0,3.179862226525054
johanneskirchen,dlinear,spring_2024,39,1,2.8682699281269795,7.0,4.1317300718730205
johanneskirchen,dlinear,spring_2024,40,1,3.3826100493474485,4.0,0.6173899506525515
johanneskirchen,dlinear,spring_2024,41,1,3.4186850611735125,4.0,0.5813149388264875
johanneskirchen,dlinear,spring_2024,42,1,3.3792942945046853,4.0,0.6207057054953147
johanneskirchen,dlinear,spring_2024,43,1,2.7008949873660413,2.0,0.7008949873660413
johanneskirchen,dlinear,spring_2024,44,1,2.3079065468593427,2.0,0.3079065468593427
johanneskirchen,dlinear,spring_2024,45,1,2.102296673836067,2.0,0.10229667383606689
johanneskirchen,dlinear,spring_2024,46,1,2.0623475153396456,2.0,0.062347515339645554
johanneskirchen,dlinear,spring_2024,47,1,1.433864831281383,1.0,0.4338648312813831
johanneskirchen,dlinear,spring_2024,48,2,1.2201461263669007,0.8,0.42014612636690063
johanneskirchen,dlinear,spring_2024,49,2,0.8593444947452387,0.8,0.05934449474523862
johanneskirchen,dlinear,spring_2024,50,2,0.812750876725767,0.9,0.08724912327423306
johanneskirchen,dlinear,spring_2024,51,2,0.5606105327697453,0.4,0.16061053276974524
johanneskirchen,dlinear,spring_2024,52,2,0.6464599135360363,0.4,0.24645991353603625
johanneskirchen,dlinear,spring_2024,53,2,0.45982492378201556,0.4,0.05982492378201554
johanneskirchen,dlinear,spring_2024,54,2,0.3310422538616553,0.5,0.1689577461383447
johanneskirchen,dlinear,spring_2024,55,2,-0.042209935211399596,0.5,0.5422099352113996
johanneskirchen,dlinear,spring_2024,56,2,-0.18396314359691246,0.7,0.8839631435969124
johanneskirchen,dlinear,spring_2024,57,2,-0.34665123097104455,0.9,1.2466512309710445
johanneskirchen,dlinear,spring_2024,58,2,-0.4731956157336885,0.9,1.3731956157336884
johanneskirchen,dlinear,spring_2024,59,2,-0.6173823910291976,1.0,1.6173823910291976
johanneskirchen,dlinear,spring_2024,60,2,-0.4491773219278361,1.0,1.449177321927836
johanneskirchen,dlinear,spring_2024,61,2,-0.5215446136315247,1.0,1.5215446136315247
johanneskirchen,dlinear,spring_2024,62,2,0.0008619840848194116,2.0,1.9991380159151806
johanneskirchen,dlinear,spring_2024,63,2,0.3383800853249461,2.0,1.6616199146750539
johanneskirchen,dlinear,spring_2024,64,2,0.6143009668967707,2.0,1.3856990331032293
johanneskirchen,dlinear,spring_2024,65,2,1.18051997764457,2.0,0.8194800223554299
johanneskirchen,dlinear,spring_2024,66,2,1.5799409552017938,2.0,0.4200590447982062
johanneskirchen,dlinear,spring_2024,67,2,1.6379627179413347,2.0,0.36203728205866526
johanneskirchen,dlinear,spring_2024,68,2,1.6860751091743573,2.0,0.3139248908256427
johanneskirchen,dlinear,spring_2024,69,2,1.7312857176578067,2.0,0.2687142823421933
johanneskirchen,dlinear,spring_2024,70,2,1.3937091923797578,2.0,0.6062908076202422
johanneskirchen,dlinear,spring_2024,71,2,1.317913942475096,2.0,0.6820860575249039
johanneskirchen,dlinear,spring_2024,72,3,0.8785479361698236,2.0,1.1214520638301764
johanneskirchen,dlinear,spring_2024,73,3,0.6214394978419389,2.0,1.3785605021580611
johanneskirchen,dlinear,spring_2024,74,3,0.6416297009925156,2.0,1.3583702990074844
johanneskirchen,dlinear,spring_2024,75,3,0.7294571855062948,2.0,1.2705428144937052
johanneskirchen,dlinear,spring_2024,76,3,0.8158706750804967,2.0,1.1841293249195033
johanneskirchen,dlinear,spring_2024,77,3,1.1275135409797574,2.0,0.8724864590202426
johanneskirchen,dlinear,spring_2024,78,3,1.3271536151281662,2.0,0.6728463848718338
johanneskirchen,dlinear,spring_2024,79,3,1.4793663212465749,3.0,1.5206336787534251
johanneskirchen,dlinear,spring_2024,80,3,1.41237791356723,3.0,1.58762208643277
johanneskirchen,dlinear,spring_2024,81,3,1.555949160048975,4.0,2.444050839951025
johanneskirchen,dlinear,spring_2024,82,3,1.5883522770421994,4.0,2.4116477229578006
johanneskirchen,dlinear,spring_2024,83,3,1.3625006980532017,3.0,1.6374993019467983
johanneskirchen,dlinear,spring_2024,84,3,1.0496875024411967,3.0,1.9503124975588033
johanneskirchen,dlinear,spring_2024,85,3,0.813244178778179,3.0,2.186755821221821
johanneskirchen,dlinear,spring_2024,86,3,1.053781849144297,3.0,1.946218150855703
johanneskirchen,dlinear,spring_2024,87,3,1.4072045389336196,3.0,1.5927954610663804
johanneskirchen,dlinear,spring_2024,88,3,1.898878791968448,3.0,1.101121208031552
johanneskirchen,dlinear,spring_2024,89,3,2.627632136339166,3.0,0.3723678636608341
johanneskirchen,dlinear,spring_2024,90,3,3.609521503775344,5.0,1.390478496224656
johanneskirchen,dlinear,spring_2024,91,3,4.6375446003823,6.0,1.3624553996176996
johanneskirchen,dlinear,spring_2024,92,3,5.482177418451805,7.0,1.5178225815481952
johanneskirchen,dlinear,spring_2024,93,3,5.7135789132565336,6.0,0.28642108674346645
johanneskirchen,dlinear,spring_2024,94,3,5.773019858949291,6.0,0.22698014105070907
johanneskirchen,dlinear,spring_2024,95,3,5.876913987074635,6.0,0.12308601292536459
johanneskirchen,dlinear,spring_2024,96,4,5.819976719110565,6.0,0.18002328088943464
johanneskirchen,dlinear,spring_2024,97,4,5.9805592044721605,6.0,0.019440795527839505
johanneskirchen,dlinear,spring_2024,98,4,6.387522880384187,7.0,0.6124771196158134
johanneskirchen,dlinear,spring_2024,99,4,6.339383040306729,7.0,0.6606169596932707
johanneskirchen,dlinear,spring_2024,100,4,6.166362552335527,7.0,0.833637447664473
johanneskirchen,dlinear,spring_2024,101,4,5.88390464695118,7.0,1.11609535304882
johanneskirchen,dlinear,spring_2024,102,4,5.594821689734,7.0,1.4051783102659998
johanneskirchen,dlinear,spring_2024,103,4,4.965410266255742,5.0,0.03458973374425778
johanneskirchen,dlinear,spring_2024,104,4,4.801223290294195,3.0,1.8012232902941951
johanneskirchen,dlinear,spring_2024,105,4,4.672492746610232,3.0,1.6724927466102324
johanneskirchen,dlinear,spring_2024,106,4,4.357106776836162,3.0,1.3571067768361624
johanneskirchen,dlinear,spring_2024,107,4,4.253729593278805,2.0,2.2537295932788046
johanneskirchen,dlinear,spring_2024,108,4,4.0227188462887895,2.0,2.0227188462887895
johanneskirchen,dlinear,spring_2024,109,4,4.1651569068664385,3.0,1.1651569068664385
johanneskirchen,dlinear,spring_2024,110,4,4.631282093758467,3.0,1.6312820937584673
johanneskirchen,dlinear,spring_2024,111,4,5.4952881882475015,4.0,1.4952881882475015
johanneskirchen,dlinear,spring_2024,112,4,6.250984994527004,5.0,1.2509849945270037
johanneskirchen,dlinear,spring_2024,113,4,6.83599507675976,6.0,0.8359950767597599
johanneskirchen,dlinear,spring_2024,114,4,7.7872001755371745,8.0,0.21279982446282553
johanneskirchen,dlinear,spring_2024,115,4,8.861151485402772,9.0,0.13884851459722825
johanneskirchen,dlinear,spring_2024,116,4,10.565446485568,11.0,0.4345535144320003
johanneskirchen,dlinear,spring_2024,117,4,12.432972127625108,14.0,1.5670278723748918
johanneskirchen,dlinear,spring_2024,118,4,13.415328237781546,16.0,2.584671762218454
johanneskirchen,dlinear,spring_2024,119,4,13.26910988918209,15.0,1.73089011081791
johanneskirchen,dlinear,spring_2024,120,5,13.348599726429478,16.0,2.6514002735705215
johanneskirchen,dlinear,spring_2024,121,5,12.692223171289239,12.0,0.692223171289239
johanneskirchen,dlinear,spring_2024,122,5,11.20370684883435,10.0,1.2037068488343508
johanneskirchen,dlinear,spring_2024,123,5,9.997556211891082,8.0,1.997556211891082
johanneskirchen,dlinear,spring_2024,124,5,8.511028470361186,6.0,2.511028470361186
johanneskirchen,dlinear,spring_2024,125,5,7.601003467624926,7.0,0.6010034676249258
johanneskirchen,dlinear,spring_2024,126,5,10.274115367204544,11.0,0.7258846327954558
johanneskirchen,dlinear,spring_2024,127,5,10.489540124970253,11.0,0.5104598750297473
johanneskirchen,dlinear,spring_2024,128,5,9.786803849987036,9.0,0.7868038499870362
johanneskirchen,dlinear,spring_2024,129,5,8.69520573238956,6.0,2.69520573238956
johanneskirchen,dlinear,spring_2024,130,5,6.217061114297579,3.0,3.2170611142975787
johanneskirchen,dlinear,spring_2024,131,5,4.244938528050913,2.0,2.2449385280509127
johanneskirchen,dlinear,spring_2024,132,5,2.9875963054997587,2.0,0.9875963054997587
johanneskirchen,dlinear,spring_2024,133,5,2.4723544406947937,1.0,1.4723544406947937
johanneskirchen,dlinear,spring_2024,134,5,4.4341126773252135,4.0,0.4341126773252135
johanneskirchen,dlinear,spring_2024,135,5,7.953796904588339,8.0,0.04620309541166101
johanneskirchen,dlinear,spring_2024,136,5,11.682979532129664,14.0,2.3170204678703357
johanneskirchen,dlinear,spring_2024,137,5,15.916103309238522,21.0,5.0838966907614775
johanneskirchen,dlinear,spring_2024,138,5,14.917523742408154,13.0,1.9175237424081537
johanneskirchen,dlinear,spring_2024,139,5,11.139748567760236,4.0,7.139748567760236
johanneskirchen,dlinear,spring_2024,140,5,7.74447768525293,2.0,5.74447768525293
johanneskirchen,dlinear,spring_2024,141,5,5.049301126199943,2.0,3.0493011261999428
johanneskirchen,dlinear,spring_2024,142,5,4.068214084923241,3.0,1.068214084923241
johanneskirchen,dlinear,spring_2024,143,5,2.7322444056137627,1.0,1.7322444056137627
johanneskirchen,dlinear,spring_2024,144,6,1.8584288328087055,0.8,1.0584288328087055
johanneskirchen,dlinear,spring_2024,145,6,1.3471530747215095,0.5,0.8471530747215095
johanneskirchen,dlinear,spring_2024,146,6,0.975258791021016,0.4,0.575258791021016
johanneskirchen,dlinear,spring_2024,147,6,0.6415872184650482,0.4,0.24158721846504816
johanneskirchen,dlinear,spring_2024,148,6,0.6683614221132892,0.7,0.03163857788671076
johanneskirchen,dlinear,spring_2024,149,6,0.7396677413863575,0.5,0.2396677413863575
johanneskirchen,dlinear,spring_2024,150,6,1.197635549056919,0.5,0.697635549056919
johanneskirchen,dlinear,spring_2024,151,6,0.8227461578819959,0.7,0.12274615788199594
johanneskirchen,dlinear,spring_2024,152,6,0.31288224250182495,0.9,0.5871177574981751
johanneskirchen,dlinear,spring_2024,153,6,0.029844024465933927,0.8,0.7701559755340661
johanneskirchen,dlinear,spring_2024,154,6,0.08812798485740103,1.0,0.911872015142599
johanneskirchen,dlinear,spring_2024,155,6,0.8066372149196361,2.0,1.1933627850803639
johanneskirchen,dlinear,spring_2024,156,6,0.9908595965409734,2.0,1.0091404034590266
johanneskirchen,dlinear,spring_2024,157,6,0.7084810205954124,1.0,0.2915189794045876
johanneskirchen,dlinear,spring_2024,158,6,0.5785613970990617,1.0,0.42143860290093826
johanneskirchen,dlinear,spring_2024,159,6,0.5186929945745131,1.0,0.4813070054254869
johanneskirchen,dlinear,spring_2024,160,6,0.643022845604813,1.0,0.35697715439518696
johanneskirchen,dlinear,spring_2024,161,6,0.9175615792365512,1.0,0.08243842076344876
johanneskirchen,dlinear,spring_2024,162,6,1.3397806830273886,2.0,0.6602193169726114
johanneskirchen,dlinear,spring_2024,163,6,1.8922729924840453,3.0,1.1077270075159547
johanneskirchen,dlinear,spring_2024,164,6,2.202839855024129,3.0,0.7971601449758712
johanneskirchen,dlinear,spring_2024,165,6,2.3258374881747734,2.0,0.3258374881747734
johanneskirchen,dlinear,spring_2024,166,6,2.667605986595852,3.0,0.33239401340414787
johanneskirchen,dlinear,spring_2024,167,6,2.899694436255203,4.0,1.1003055637447972
johanneskirchen,dlinear,spring_2024,168,7,2.70097200179921,4.0,1.2990279982007902
johanneskirchen,dlinear,spring_2024,169,7,2.1065773218738126,3.0,0.8934226781261874
johanneskirchen,dlinear,spring_2024,170,7,1.5401930071498757,2.0,0.4598069928501243
johanneskirchen,dlinear,spring_2024,171,7,1.222824594462569,2.0,0.7771754055374309
johanneskirchen,dlinear,spring_2024,172,7,1.1171864931355096,2.0,0.8828135068644904
johanneskirchen,dlinear,spring_2024,173,7,1.1238520042375253,1.0,0.12385200423752529
johanneskirchen,dlinear,spring_2024,174,7,1.2892985752745787,3.0,1.7107014247254213
johanneskirchen,dlinear,spring_2024,175,7,1.413641570678564,4.0,2.586358429321436
johanneskirchen,dlinear,spring_2024,176,7,1.1954223865415319,3.0,1.8045776134584681
johanneskirchen,dlinear,spring_2024,177,7,0.8400888517425944,2.0,1.1599111482574056
johanneskirchen,dlinear,spring_2024,178,7,0.7010128714065349,1.0,0.2989871285934651
johanneskirchen,dlinear,spring_2024,179,7,0.6632974978463171,2.0,1.336702502153683
johanneskirchen,dlinear,spring_2024,180,7,0.3975108057478316,1.0,0.6024891942521684
johanneskirchen,dlinear,spring_2024,181,7,0.11967524540124685,2.0,1.8803247545987531
johanneskirchen,dlinear,spring_2024,182,7,0.10984253320410531,1.0,0.8901574667958947
johanneskirchen,dlinear,spring_2024,183,7,0.21830200209636708,1.0,0.7816979979036329
johanneskirchen,dlinear,spring_2024,184,7,0.43269351377056253,1.0,0.5673064862294375
johanneskirchen,dlinear,spring_2024,185,7,4.779594281398328,9.0,4.220405718601672
johanneskirchen,dlinear,spring_2024,186,7,14.453777346376455,23.0,8.546222653623545
johanneskirchen,dlinear,spring_2024,187,7,22.12314627308001,36.0,13.87685372691999
johanneskirchen,dlinear,spring_2024,188,7,27.39505218371347,36.0,8.60494781628653
johanneskirchen,dlinear,spring_2024,189,7,31.47648254910859,36.0,4.523517450891411
johanneskirchen,dlinear,spring_2024,190,7,34.314630603094585,36.0,1.6853693969054149
johanneskirchen,dlinear,spring_2024,191,7,35.733818582104,36.0,0.266181417896
johanneskirchen,dlinear,spring_2024,192,8,36.64270135816777,36.0,0.6427013581677699
johanneskirchen,dlinear,spring_2024,193,8,36.96115895131817,36.0,0.9611589513181684
johanneskirchen,dlinear,spring_2024,194,8,36.86339311372635,36.0,0.8633931137263531
johanneskirchen,dlinear,spring_2024,195,8,36.79676480279145,36.0,0.7967648027914507
johanneskirchen,dlinear,spring_2024,196,8,36.37791111387179,36.0,0.37791111387178944
johanneskirchen,dlinear,spring_2024,197,8,35.80506998942319,36.0,0.1949300105768117
johanneskirchen,dlinear,spring_2024,198,8,35.29018116366284,36.0,0.7098188363371634
johanneskirchen,dlinear,spring_2024,199,8,34.876106912712906,36.0,1.1238930872870938
johanneskirchen,dlinear,spring_2024,200,8,33.95332746170035,36.0,2.046672538299653
johanneskirchen,dlinear,spring_2024,201,8,32.72914271242879,36.0,3.2708572875712107
johanneskirchen,dlinear,spring_2024,202,8,31.965559848940178,36.0,4.0344401510598225
johanneskirchen,dlinear,spring_2024,203,8,31.349794891788843,36.0,4.650205108211157
johanneskirchen,dlinear,spring_2024,204,8,30.926774995898903,36.0,5.073225004101097
johanneskirchen,dlinear,spring_2024,205,8,31.172959392543515,36.0,4.827040607456485
johanneskirchen,dlinear,spring_2024,206,8,32.19318968835291,36.0,3.806810311647091
johanneskirchen,dlinear,spring_2024,207,8,33.22821476467079,36.0,2.7717852353292116
johanneskirchen,dlinear,spring_2024,208,8,33.82416922720792,36.0,2.1758307727920823
johanneskirchen,dlinear,spring_2024,209,8,34.77980980985142,36.0,1.2201901901485783
johanneskirchen,dlinear,spring_2024,210,8,36.05565659136967,36.0,0.05565659136966872
johanneskirchen,dlinear,spring_2024,211,8,37.05060381500798,36.0,1.0506038150079817
johanneskirchen,dlinear,spring_2024,212,8,37.50513627941082,36.0,1.50513627941082
johanneskirchen,dlinear,spring_2024,213,8,36.90782111023187,36.0,0.9078211102318718
johanneskirchen,dlinear,spring_2024,214,8,34.981147026489126,27.0,7.9811470264891256
johanneskirchen,dlinear,spring_2024,215,8,30.616734420789097,19.0,11.616734420789097
johanneskirchen,dlinear,spring_2024,216,9,31.11846201134567,22.0,9.11846201134567
johanneskirchen,dlinear,spring_2024,217,9,32.682255964400575,36.0,3.317744035599425
johanneskirchen,dlinear,spring_2024,218,9,32.973580271022094,36.0,3.0264197289779062
johanneskirchen,dlinear,spring_2024,219,9,31.30358252052514,29.0,2.30358252052514
johanneskirchen,dlinear,spring_2024,220,9,29.80146821195526,22.0,7.80146821195526
johanneskirchen,dlinear,spring_2024,221,9,28.667996801536344,20.0,8.667996801536344
johanneskirchen,dlinear,spring_2024,222,9,28.02362941055935,19.0,9.023629410559352
johanneskirchen,dlinear,spring_2024,223,9,27.75491841808817,22.0,5.75491841808817
johanneskirchen,dlinear,spring_2024,224,9,27.78049492648239,20.0,7.78049492648239
johanneskirchen,dlinear,spring_2024,225,9,28.272906535072863,22.0,6.272906535072863
johanneskirchen,dlinear,spring_2024,226,9,28.283220599971422,21.0,7.283220599971422
johanneskirchen,dlinear,spring_2024,227,9,28.120150243297317,21.0,7.120150243297317
johanneskirchen,dlinear,spring_2024,228,9,27.74314135632069,19.0,8.743141356320692
johanneskirchen,dlinear,spring_2024,229,9,26.512741595915614,17.0,9.512741595915614
johanneskirchen,dlinear,spring_2024,230,9,24.0146780186083,14.0,10.0146780186083
johanneskirchen,dlinear,spring_2024,231,9,19.603146336300473,11.0,8.603146336300473
johanneskirchen,dlinear,spring_2024,232,9,13.81753970126501,3.0,10.81753970126501
johanneskirchen,dlinear,spring_2024,233,9,9.58482194504416,2.0,7.58482194504416
johanneskirchen,dlinear,spring_2024,234,9,7.182008431092541,2.0,5.182008431092541
johanneskirchen,dlinear,spring_2024,235,9,6.165080608997548,3.0,3.165080608997548
johanneskirchen,dlinear,spring_2024,236,9,5.871893630747418,5.0,0.8718936307474179
johanneskirchen,dlinear,spring_2024,237,9,5.491217025420801,7.0,1.5087829745791987
johanneskirchen,dlinear,spring_2024,238,9,5.27277576895186,6.0,0.7272242310481403
johanneskirchen,dlinear,spring_2024,239,9,5.087958793349021,4.0,1.0879587933490207
johanneskirchen,dlinear,spring_2024,240,10,5.477032423301383,5.0,0.47703242330138274
johanneskirchen,dlinear,spring_2024,241,10,5.439964606523524,3.0,2.4399646065235236
johanneskirchen,dlinear,spring_2024,242,10,5.40692109148023,4.0,1.4069210914802301
johanneskirchen,dlinear,spring_2024,243,10,5.3334521612896735,4.0,1.3334521612896735
johanneskirchen,dlinear,spring_2024,244,10,5.331051674050798,4.0,1.3310516740507978
johanneskirchen,dlinear,spring_2024,245,10,5.314826132943048,4.0,1.3148261329430477
johanneskirchen,dlinear,spring_2024,246,10,5.270865414550095,4.0,1.2708654145500953
johanneskirchen,dlinear,spring_2024,247,10,4.6650735023074965,4.0,0.6650735023074965
johanneskirchen,dlinear,spring_2024,248,10,4.1574234302905655,7.0,2.8425765697094345
johanneskirchen,dlinear,spring_2024,249,10,3.1365184616322495,2.0,1.1365184616322495
johanneskirchen,dlinear,spring_2024,250,10,2.144277537040038,0.5,1.644277537040038
johanneskirchen,dlinear,spring_2024,251,10,1.3292693317677298,0.3,1.0292693317677297
johanneskirchen,dlinear,spring_2024,252,10,0.7100039385137826,0.3,0.41000393851378264
johanneskirchen,dlinear,spring_2024,253,10,0.2379961164142621,0.4,0.16200388358573792
johanneskirchen,dlinear,spring_2024,254,10,-0.07563374392470834,0.3,0.37563374392470833
johanneskirchen,dlinear,spring_2024,255,10,-0.3625624758999457,0.3,0.6625624758999458
johanneskirchen,dlinear,spring_2024,256,10,-0.5960134671604091,0.6,1.1960134671604092
johanneskirchen,dlinear,spring_2024,257,10,-0.5272672127859881,1.0,1.527267212785988
johanneskirchen,dlinear,spring_2024,258,10,-0.2691785379191085,1.0,1.2691785379191085
johanneskirchen,dlinear,spring_2024,259,10,0.050309311222209274,2.0,1.9496906887777907
johanneskirchen,dlinear,spring_2024,260,10,0.20166674403536788,2.0,1.7983332559646321
johanneskirchen,dlinear,spring_2024,261,10,0.16245119091342097,2.0,1.837548809086579
johanneskirchen,dlinear,spring_2024,262,10,0.1523583629900358,1.0,0.8476416370099642
johanneskirchen,dlinear,spring_2024,263,10,0.17354754612484413,1.0,0.8264524538751559
johanneskirchen,dlinear,spring_2024,264,11,0.5081597401333937,1.0,0.4918402598666063
johanneskirchen,dlinear,spring_2024,265,11,0.27722607625614337,1.0,0.7227739237438566
johanneskirchen,dlinear,spring_2024,266,11,0.10866685589773617,1.0,0.8913331441022638
johanneskirchen,dlinear,spring_2024,267,11,0.01174353849797427,1.0,0.9882564615020257
johanneskirchen,dlinear,spring_2024,268,11,-0.11010631938790105,1.0,1.110106319387901
johanneskirchen,dlinear,spring_2024,269,11,0.013657924502892271,2.0,1.9863420754971077
johanneskirchen,dlinear,spring_2024,270,11,0.23388538976959516,0.9,0.6661146102304049
johanneskirchen,dlinear,spring_2024,271,11,0.09706335627432061,0.7,0.6029366437256793
johanneskirchen,dlinear,spring_2024,272,11,-0.1143618240630424,0.5,0.6143618240630424
johanneskirchen,dlinear,spring_2024,273,11,-0.010281423330271267,1.0,1.0102814233302713
johanneskirchen,dlinear,spring_2024,274,11,0.3452500630096633,2.0,1.6547499369903367
johanneskirchen,dlinear,spring_2024,275,11,0.6287868379276578,2.0,1.3712131620723422
johanneskirchen,dlinear,spring_2024,276,11,0.5621532260403796,3.0,2.4378467739596204
johanneskirchen,dlinear,spring_2024,277,11,0.38045279521368514,2.0,1.6195472047863149
johanneskirchen,dlinear,spring_2024,278,11,0.21854331223023316,3.0,2.781456687769767
johanneskirchen,dlinear,spring_2024,279,11,-0.2185198516349356,2.0,2.2185198516349356
johanneskirchen,dlinear,spring_2024,280,11,-0.40518493167270186,2.0,2.405184931672702
johanneskirchen,dlinear,spring_2024,281,11,-0.4802182275545892,2.0,2.480218227554589
johanneskirchen,dlinear,spring_2024,282,11,-0.09556704116508286,2.0,2.095567041165083
johanneskirchen,dlinear,spring_2024,283,11,0.6748675685279615,2.0,1.3251324314720385
johanneskirchen,dlinear,spring_2024,284,11,1.3894358731293401,3.0,1.6105641268706599
johanneskirchen,dlinear,spring_2024,285,11,1.6943212378205406,2.0,0.30567876217945944
johanneskirchen,dlinear,spring_2024,286,11,1.8861592328782457,2.0,0.11384076712175428
johanneskirchen,dlinear,spring_2024,287,11,1.9751854174038783,3.0,1.0248145825961217
johanneskirchen,dlinear,spring_2024,288,12,1.8798942865218553,2.0,0.1201057134781447
johanneskirchen,dlinear,spring_2024,289,12,1.9188840469761512,2.0,0.08111595302384877
johanneskirchen,dlinear,spring_2024,290,12,2.0307030764366445,3.0,0.9692969235633555
johanneskirchen,dlinear,spring_2024,291,12,1.915713095433171,3.0,1.084286904566829
johanneskirchen,dlinear,spring_2024,292,12,1.712162377985642,2.0,0.2878376220143579
johanneskirchen,dlinear,spring_2024,293,12,1.8703368515766599,3.0,1.1296631484233401
johanneskirchen,dlinear,spring_2024,294,12,2.2753338644722056,3.0,0.7246661355277944
johanneskirchen,dlinear,spring_2024,295,12,2.9384347784087117,4.0,1.0615652215912883
johanneskirchen,dlinear,spring_2024,296,12,2.937034198355583,3.0,0.06296580164441679
johanneskirchen,dlinear,spring_2024,297,12,3.308847628367821,3.0,0.308847628367821
johanneskirchen,dlinear,spring_2024,298,12,2.9113680682202965,2.0,0.9113680682202965
johanneskirchen,dlinear,spring_2024,299,12,2.6921600302251196,2.0,0.6921600302251196
johanneskirchen,dlinear,spring_2024,300,12,2.6888829539173384,2.0,0.6888829539173384
johanneskirchen,dlinear,spring_2024,301,12,2.5221664775709716,2.0,0.5221664775709716
johanneskirchen,dlinear,spring_2024,302,12,2.2337835132299357,2.0,0.23378351322993574
johanneskirchen,dlinear,spring_2024,303,12,2.0944111496287245,2.0,0.09441114962872454
johanneskirchen,dlinear,spring_2024,304,12,2.044893992452483,2.0,0.044893992452482934
johanneskirchen,dlinear,spring_2024,305,12,2.5190332289546014,4.0,1.4809667710453986
johanneskirchen,dlinear,spring_2024,306,12,2.8136050719069132,3.0,0.18639492809308678
johanneskirchen,dlinear,spring_2024,307,12,2.465687101169145,2.0,0.465687101169145
johanneskirchen,dlinear,spring_2024,308,12,2.039790567862841,2.0,0.039790567862841186
johanneskirchen,dlinear,spring_2024,309,12,1.4503041338076041,2.0,0.5496958661923959
johanneskirchen,dlinear,spring_2024,310,12,1.0058113778527051,1.0,0.005811377852705135
johanneskirchen,dlinear,spring_2024,311,12,0.5070566151319262,1.0,0.49294338486807376
johanneskirchen,dlinear,spring_2024,312,13,0.2995687460619578,1.0,0.7004312539380422
johanneskirchen,dlinear,spring_2024,313,13,0.2855668072948454,1.0,0.7144331927051546
johanneskirchen,dlinear,spring_2024,314,13,0.31157655999915335,2.0,1.6884234400008467
johanneskirchen,dlinear,spring_2024,315,13,0.35436003748573697,2.0,1.645639962514263
johanneskirchen,dlinear,spring_2024,316,13,0.4851743854703656,2.0,1.5148256145296344
johanneskirchen,dlinear,spring_2024,317,13,0.5741550107402915,2.0,1.4258449892597085
johanneskirchen,dlinear,spring_2024,318,13,0.6388472680895578,2.0,1.3611527319104422
johanneskirchen,dlinear,spring_2024,319,13,0.5069393416056247,2.0,1.4930606583943753
johanneskirchen,dlinear,spring_2024,320,13,0.4677210467949813,2.0,1.5322789532050187
johanneskirchen,dlinear,spring_2024,321,13,0.3392631450973429,2.0,1.660736854902657
johanneskirchen,dlinear,spring_2024,322,13,0.5033681044697502,3.0,2.49663189553025
johanneskirchen,dlinear,spring_2024,323,13,0.559046918912534,4.0,3.440953081087466
johanneskirchen,dlinear,spring_2024,324,13,1.0327642873428893,4.0,2.9672357126571107
johanneskirchen,dlinear,spring_2024,325,13,1.3821229151440786,3.0,1.6178770848559214
johanneskirchen,dlinear,spring_2024,326,13,1.8289948274080157,3.0,1.1710051725919843
johanneskirchen,dlinear,spring_2024,327,13,2.0041802511638327,3.0,0.9958197488361673
johanneskirchen,dlinear,spring_2024,328,13,1.8480748968860485,3.0,1.1519251031139515
johanneskirchen,dlinear,spring_2024,329,13,1.7751414717402891,3.0,1.2248585282597109
johanneskirchen,dlinear,spring_2024,330,13,1.9651566177740118,4.0,2.034843382225988
johanneskirchen,dlinear,spring_2024,331,13,2.603627867527263,4.0,1.3963721324727372
johanneskirchen,dlinear,spring_2024,332,13,3.350807432926967,5.0,1.6491925670730332
johanneskirchen,dlinear,spring_2024,333,13,3.9397029052044683,6.0,2.0602970947955317
johanneskirchen,dlinear,spring_2024,334,13,4.176195529333031,6.0,1.8238044706669694
johanneskirchen,dlinear,spring_2024,335,13,4.238766491253436,6.0,1.7612335087465638
johanneskirchen,dlinear,spring_2024,336,14,4.2548906988067134,5.0,0.7451093011932866
johanneskirchen,dlinear,spring_2024,337,14,4.288639826447564,4.0,0.2886398264475636
johanneskirchen,dlinear,spring_2024,338,14,4.96171497364467,5.0,0.0382850263553296
johanneskirchen,dlinear,spring_2024,339,14,5.258420157523192,4.0,1.258420157523192
johanneskirchen,dlinear,spring_2024,340,14,5.721166154887207,6.0,0.27883384511279274
johanneskirchen,dlinear,spring_2024,341,14,5.62285015057914,4.0,1.62285015057914
johanneskirchen,dlinear,spring_2024,342,14,5.516652185973506,4.0,1.5166521859735056
johanneskirchen,dlinear,spring_2024,343,14,5.639844014754565,4.0,1.6398440147545648
johanneskirchen,dlinear,spring_2024,344,14,5.268709978456965,3.0,2.2687099784569646
johanneskirchen,dlinear,spring_2024,345,14,4.160168118308395,2.0,2.1601681183083947
johanneskirchen,dlinear,spring_2024,346,14,3.11013831517705,2.0,1.1101383151770499
johanneskirchen,dlinear,spring_2024,347,14,2.32540500142251,2.0,0.32540500142251005
johanneskirchen,dlinear,spring_2024,348,14,1.602851309835044,2.0,0.3971486901649559
johanneskirchen,dlinear,spring_2024,349,14,0.9733946826731312,2.0,1.0266053173268688
johanneskirchen,dlinear,spring_2024,350,14,0.6596946308160501,2.0,1.34030536918395
johanneskirchen,dlinear,spring_2024,351,14,0.7473777022920416,2.0,1.2526222977079584
johanneskirchen,dlinear,spring_2024,352,14,1.1946273943725103,2.0,0.8053726056274897
johanneskirchen,dlinear,spring_2024,353,14,2.0060030292740167,3.0,0.9939969707259833
johanneskirchen,dlinear,spring_2024,354,14,3.2730970289873706,4.0,0.7269029710126294
johanneskirchen,dlinear,spring_2024,355,14,4.622134540911965,6.0,1.377865459088035
johanneskirchen,dlinear,spring_2024,356,14,5.917670796204419,7.0,1.082329203795581
johanneskirchen,dlinear,spring_2024,357,14,6.840230122814003,6.0,0.8402301228140034
johanneskirchen,dlinear,spring_2024,358,14,6.634405640696427,5.0,1.6344056406964267
johanneskirchen,dlinear,spring_2024,359,14,5.986300660095865,4.0,1.986300660095865
johanneskirchen,dlinear,spring_2024,360,15,6.0466014293370405,5.0,1.0466014293370405
johanneskirchen,dlinear,spring_2024,361,15,6.030854975295044,6.0,0.03085497529504444
johanneskirchen,dlinear,spring_2024,362,15,5.980342667951717,6.0,0.019657332048282683
johanneskirchen,dlinear,spring_2024,363,15,6.10268692054558,6.0,0.1026869205455796
johanneskirchen,dlinear,spring_2024,364,15,6.639349725201278,7.0,0.36065027479872214
johanneskirchen,dlinear,spring_2024,365,15,7.613393119995992,9.0,1.386606880004008
johanneskirchen,dlinear,spring_2024,366,15,7.5642384014136415,8.0,0.43576159858635855
johanneskirchen,dlinear,spring_2024,367,15,6.598993806519019,5.0,1.5989938065190188
johanneskirchen,dlinear,spring_2024,368,15,5.528661492356262,3.0,2.528661492356262
johanneskirchen,dlinear,spring_2024,369,15,4.807143205357108,2.0,2.807143205357108
johanneskirchen,dlinear,spring_2024,370,15,4.358920746539777,3.0,1.358920746539777
johanneskirchen,dlinear,spring_2024,371,15,4.396949640255056,3.0,1.3969496402550563
johanneskirchen,dlinear,spring_2024,372,15,4.473426137095853,4.0,0.4734261370958528
johanneskirchen,dlinear,spring_2024,373,15,3.8994390086909316,3.0,0.8994390086909316
johanneskirchen,dlinear,spring_2024,374,15,3.406819359369269,2.0,1.406819359369269
johanneskirchen,dlinear,spring_2024,375,15,3.000327351804792,3.0,0.00032735180479193104
johanneskirchen,dlinear,spring_2024,376,15,2.8164344815903704,3.0,0.18356551840962965
johanneskirchen,dlinear,spring_2024,377,15,3.3507654582294926,3.0,0.35076545822949257
johanneskirchen,dlinear,spring_2024,378,15,5.3361270270686925,5.0,0.33612702706869246
johanneskirchen,dlinear,spring_2024,379,15,10.796185614692916,14.0,3.2038143853070835
johanneskirchen,dlinear,spring_2024,380,15,18.22681490912731,31.0,12.77318509087269
johanneskirchen,dlinear,spring_2024,381,15,20.626010844417266,22.0,1.3739891555827342
johanneskirchen,dlinear,spring_2024,382,15,21.488437923195825,23.0,1.511562076804175
johanneskirchen,dlinear,spring_2024,383,15,19.82985722886965,16.0,3.829857228869649
johanneskirchen,dlinear,spring_2024,384,16,16.531213948392324,11.0,5.531213948392324
johanneskirchen,dlinear,spring_2024,385,16,12.967121774788211,9.0,3.967121774788211
johanneskirchen,dlinear,spring_2024,386,16,10.222639327325059,9.0,1.2226393273250586
johanneskirchen,dlinear,spring_2024,387,16,8.087468842001243,7.0,1.0874688420012433
johanneskirchen,dlinear,spring_2024,388,16,6.429056188323923,6.0,0.4290561883239228
johanneskirchen,dlinear,spring_2024,389,16,5.114973948556312,4.0,1.1149739485563117
johanneskirchen,dlinear,spring_2024,390,16,4.159069298751408,3.0,1.1590692987514082
johanneskirchen,dlinear,spring_2024,391,16,3.426158594504866,3.0,0.4261585945048658
johanneskirchen,dlinear,spring_2024,392,16,3.3799398859020657,3.0,0.37993988590206573
johanneskirchen,dlinear,spring_2024,393,16,3.159524304166581,3.0,0.15952430416658103
johanneskirchen,dlinear,spring_2024,394,16,3.3625605390825717,3.0,0.3625605390825717
johanneskirchen,dlinear,spring_2024,395,16,5.7204166768633,4.0,1.7204166768632998
johanneskirchen,dlinear,spring_2024,396,16,8.625682713589157,6.0,2.625682713589157
johanneskirchen,dlinear,spring_2024,397,16,11.37040881294833,6.0,5.37040881294833
johanneskirchen,dlinear,spring_2024,398,16,13.446695137611227,8.0,5.446695137611227
johanneskirchen,dlinear,spring_2024,399,16,14.810501386378405,8.0,6.810501386378405
johanneskirchen,dlinear,spring_2024,400,16,15.727724790308091,8.0,7.727724790308091
johanneskirchen,dlinear,spring_2024,401,16,16.891946047084957,10.0,6.891946047084957
johanneskirchen,dlinear,spring_2024,402,16,18.303228025331258,10.0,8.303228025331258
johanneskirchen,dlinear,spring_2024,403,16,20.368756943137296,12.0,8.368756943137296
johanneskirchen,dlinear,spring_2024,404,16,20.786232046398112,13.0,7.786232046398112
johanneskirchen,dlinear,spring_2024,405,16,18.88652760514921,10.0,8.886527605149212
johanneskirchen,dlinear,spring_2024,406,16,17.144071235781134,11.0,6.144071235781134
johanneskirchen,dlinear,spring_2024,407,16,15.363084755712178,11.0,4.363084755712178
johanneskirchen,dlinear,spring_2024,408,17,13.394662123134037,9.0,4.394662123134037
johanneskirchen,dlinear,spring_2024,409,17,11.79426678999525,9.0,2.79426678999525
johanneskirchen,dlinear,spring_2024,410,17,10.648652205932086,8.0,2.648652205932086
johanneskirchen,dlinear,spring_2024,411,17,10.43655057814157,8.0,2.4365505781415706
johanneskirchen,dlinear,spring_2024,412,17,11.166107924003418,8.0,3.166107924003418
johanneskirchen,dlinear,spring_2024,413,17,14.059046576016634,11.0,3.059046576016634
johanneskirchen,dlinear,spring_2024,414,17,15.519674299593301,11.0,4.5196742995933015
johanneskirchen,dlinear,spring_2024,415,17,17.060433484739633,12.0,5.060433484739633
johanneskirchen,dlinear,spring_2024,416,17,19.68721313536835,12.0,7.687213135368349
johanneskirchen,dlinear,spring_2024,417,17,22.139917628377184,13.0,9.139917628377184
johanneskirchen,dlinear,spring_2024,418,17,23.321602192867356,11.0,12.321602192867356
johanneskirchen,dlinear,spring_2024,419,17,24.998651182215603,13.0,11.998651182215603
johanneskirchen,dlinear,spring_2024,420,17,26.408822835830453,15.0,11.408822835830453
johanneskirchen,dlinear,spring_2024,421,17,27.598029733378553,16.0,11.598029733378553
johanneskirchen,dlinear,spring_2024,422,17,28.494454555241497,19.0,9.494454555241497
johanneskirchen,dlinear,spring_2024,423,17,29.31242995157251,20.0,9.312429951572511
johanneskirchen,dlinear,spring_2024,424,17,29.93986285658274,21.0,8.939862856582739
johanneskirchen,dlinear,spring_2024,425,17,30.23427809758301,21.0,9.234278097583012
johanneskirchen,dlinear,spring_2024,426,17,30.672015347018124,22.0,8.672015347018124
johanneskirchen,dlinear,spring_2024,427,17,30.871855281903358,21.0,9.871855281903358
johanneskirchen,dlinear,spring_2024,428,17,30.68335557030865,20.0,10.683355570308649
johanneskirchen,dlinear,spring_2024,429,17,30.377643441585874,20.0,10.377643441585874
johanneskirchen,dlinear,spring_2024,430,17,29.317238325623936,19.0,10.317238325623936
johanneskirchen,dlinear,spring_2024,431,17,27.223790743526767,16.0,11.223790743526767
johanneskirchen,dlinear,spring_2024,432,18,24.388284350829654,13.0,11.388284350829654
johanneskirchen,dlinear,spring_2024,433,18,22.219210388681724,12.0,10.219210388681724
johanneskirchen,dlinear,spring_2024,434,18,20.555058021190522,11.0,9.555058021190522
johanneskirchen,dlinear,spring_2024,435,18,20.97307262504274,12.0,8.97307262504274
johanneskirchen,dlinear,spring_2024,436,18,21.377168195790127,13.0,8.377168195790127
johanneskirchen,dlinear,spring_2024,437,18,22.171413893813238,12.0,10.171413893813238
johanneskirchen,dlinear,spring_2024,438,18,22.703330671365077,13.0,9.703330671365077
johanneskirchen,dlinear,spring_2024,439,18,23.967243460684927,13.0,10.967243460684927
johanneskirchen,dlinear,spring_2024,440,18,23.808475731930336,12.0,11.808475731930336
johanneskirchen,dlinear,spring_2024,441,18,23.35351961376954,12.0,11.353519613769539
johanneskirchen,dlinear,spring_2024,442,18,23.52701881642872,12.0,11.527018816428718
johanneskirchen,dlinear,spring_2024,443,18,23.44799665392837,12.0,11.44799665392837
johanneskirchen,dlinear,spring_2024,444,18,24.142673862277093,13.0,11.142673862277093
johanneskirchen,dlinear,spring_2024,445,18,24.129439665698253,12.0,12.129439665698253
johanneskirchen,dlinear,spring_2024,446,18,18.480801645199566,4.0,14.480801645199566
johanneskirchen,dlinear,spring_2024,447,18,13.4231121041834,3.0,10.4231121041834
johanneskirchen,dlinear,spring_2024,448,18,9.603873874169022,2.0,7.603873874169022
johanneskirchen,dlinear,spring_2024,449,18,6.563760155943438,2.0,4.563760155943438
johanneskirchen,dlinear,spring_2024,450,18,4.527411018772733,2.0,2.5274110187727334
johanneskirchen,dlinear,spring_2024,451,18,3.4409289838700676,1.0,2.4409289838700676
johanneskirchen,dlinear,spring_2024,452,18,2.8100395028561724,1.0,1.8100395028561724
johanneskirchen,dlinear,spring_2024,453,18,2.4166751729338465,0.9,1.5166751729338466
johanneskirchen,dlinear,spring_2024,454,18,2.12447105955415,1.0,1.1244710595541498
johanneskirchen,dlinear,spring_2024,455,18,1.7910434104132111,1.0,0.7910434104132111
johanneskirchen,dlinear,spring_2024,456,19,1.4283483078254218,0.7,0.7283483078254218
johanneskirchen,dlinear,spring_2024,457,19,1.2002814629259095,0.6,0.6002814629259096
johanneskirchen,dlinear,spring_2024,458,19,1.2336717506346826,0.7,0.5336717506346826
johanneskirchen,dlinear,spring_2024,459,19,1.378445602034235,0.9,0.47844560203423503
johanneskirchen,dlinear,spring_2024,460,19,1.5986657845781949,1.0,0.5986657845781949
johanneskirchen,dlinear,spring_2024,461,19,1.8943342924698712,1.0,0.8943342924698712
johanneskirchen,dlinear,spring_2024,462,19,2.1770429992396423,1.0,1.1770429992396423
johanneskirchen,dlinear,spring_2024,463,19,2.582345131173314,2.0,0.5823451311733141
johanneskirchen,dlinear,spring_2024,464,19,3.1213894058943588,2.0,1.1213894058943588
johanneskirchen,dlinear,spring_2024,465,19,3.7589232900308485,3.0,0.7589232900308485
johanneskirchen,dlinear,spring_2024,466,19,4.38651447427418,3.0,1.38651447427418
johanneskirchen,dlinear,spring_2024,467,19,4.5745078615324175,3.0,1.5745078615324175
johanneskirchen,dlinear,spring_2024,468,19,4.346128478732852,2.0,2.346128478732852
johanneskirchen,dlinear,spring_2024,469,19,4.1086098908344715,3.0,1.1086098908344715
johanneskirchen,dlinear,spring_2024,470,19,3.660801546242226,3.0,0.6608015462422259
johanneskirchen,dlinear,spring_2024,471,19,3.3929784943321657,4.0,0.6070215056678343
johanneskirchen,dlinear,spring_2024,472,19,3.2990513897780005,4.0,0.7009486102219995
johanneskirchen,dlinear,spring_2024,473,19,3.476167454786504,5.0,1.5238325452134962
johanneskirchen,dlinear,spring_2024,474,19,3.848360329177197,5.0,1.151639670822803
johanneskirchen,dlinear,spring_2024,475,19,5.248171100732218,9.0,3.7518288992677817
johanneskirchen,dlinear,spring_2024,476,19,6.978733928056897,8.0,1.0212660719431028
johanneskirchen,dlinear,spring_2024,477,19,7.464252208654595,8.0,0.535747791345405
johanneskirchen,dlinear,spring_2024,478,19,7.950576913927218,9.0,1.0494230860727818
johanneskirchen,dlinear,spring_2024,479,19,8.557619020735839,10.0,1.4423809792641613
johanneskirchen,dlinear,spring_2024,480,20,9.192548054805073,9.0,0.19254805480507287
johanneskirchen,dlinear,spring_2024,481,20,9.480711871769543,9.0,0.4807118717695431
johanneskirchen,dlinear,spring_2024,482,20,9.55150969498588,8.0,1.5515096949858798
johanneskirchen,dlinear,spring_2024,483,20,9.79791795566609,9.0,0.7979179556660903
johanneskirchen,dlinear,spring_2024,484,20,9.904716171567033,9.0,0.9047161715670331
johanneskirchen,dlinear,spring_2024,485,20,10.201616258265254,9.0,1.201616258265254
johanneskirchen,dlinear,spring_2024,486,20,10.065462299948258,8.0,2.0654622999482584
johanneskirchen,dlinear,spring_2024,487,20,10.649978527865441,9.0,1.649978527865441
johanneskirchen,dlinear,spring_2024,488,20,10.197159135848896,8.0,2.1971591358488958
johanneskirchen,dlinear,spring_2024,489,20,9.60942523874118,7.0,2.6094252387411796
johanneskirchen,dlinear,spring_2024,490,20,9.145440515068877,8.0,1.1454405150688771
johanneskirchen,dlinear,spring_2024,491,20,8.759758458492513,8.0,0.759758458492513
johanneskirchen,dlinear,spring_2024,492,20,8.397988579528807,8.0,0.39798857952880695
johanneskirchen,dlinear,spring_2024,493,20,8.085599510351607,8.0,0.08559951035160651
johanneskirchen,dlinear,spring_2024,494,20,7.910700522212866,8.0,0.08929947778713387
johanneskirchen,dlinear,spring_2024,495,20,8.083663570894393,9.0,0.9163364291056073
johanneskirchen,dlinear,spring_2024,496,20,8.462225886042571,9.0,0.537774113957429
johanneskirchen,dlinear,spring_2024,497,20,8.79895739753548,9.0,0.20104260246452021
johanneskirchen,dlinear,spring_2024,498,20,9.234802858336646,9.0,0.23480285833664638
johanneskirchen,dlinear,spring_2024,499,20,10.08669624105558,12.0,1.9133037589444193
johanneskirchen,dlinear,spring_2024,500,20,12.510210830783057,15.0,2.4897891692169427
johanneskirchen,dlinear,spring_2024,501,20,14.17391987677849,14.0,0.17391987677848952
johanneskirchen,dlinear,spring_2024,502,20,15.050554290860617,16.0,0.9494457091393826
johanneskirchen,dlinear,spring_2024,503,20,15.23151855520091,17.0,1.7684814447990895
johanneskirchen,dlinear,spring_2024,504,21,14.66018885888909,15.0,0.3398111411109106
johanneskirchen,dlinear,spring_2024,505,21,13.948518571613494,13.0,0.9485185716134943
johanneskirchen,dlinear,spring_2024,506,21,13.297243100883364,12.0,1.2972431008833638
johanneskirchen,dlinear,spring_2024,507,21,12.454687594010185,10.0,2.454687594010185
johanneskirchen,dlinear,spring_2024,508,21,11.778173164626136,10.0,1.7781731646261356
johanneskirchen,dlinear,spring_2024,509,21,11.436578991392333,9.0,2.4365789913923326
johanneskirchen,dlinear,spring_2024,510,21,11.285288194931923,10.0,1.2852881949319226
johanneskirchen,dlinear,spring_2024,511,21,11.028311259156942,9.0,2.0283112591569417
johanneskirchen,dlinear,spring_2024,512,21,11.380782416323745,9.0,2.380782416323745
johanneskirchen,dlinear,spring_2024,513,21,11.43505228130642,9.0,2.4350522813064206
johanneskirchen,dlinear,spring_2024,514,21,11.367271683585084,9.0,2.367271683585084
johanneskirchen,dlinear,spring_2024,515,21,11.645992941083497,10.0,1.645992941083497
johanneskirchen,dlinear,spring_2024,516,21,12.000202869192005,11.0,1.0002028691920053
johanneskirchen,dlinear,spring_2024,517,21,12.450312378612738,14.0,1.5496876213872621
johanneskirchen,dlinear,spring_2024,518,21,13.328628394084365,16.0,2.6713716059156347
johanneskirchen,dlinear,spring_2024,519,21,13.050572573512571,13.0,0.050572573512571495
johanneskirchen,dlinear,spring_2024,520,21,12.868511018493676,11.0,1.8685110184936757
johanneskirchen,dlinear,spring_2024,521,21,12.403406821644237,10.0,2.4034068216442375
johanneskirchen,dlinear,spring_2024,522,21,12.357154203699793,10.0,2.3571542036997926
johanneskirchen,dlinear,spring_2024,523,21,13.847093179232543,14.0,0.15290682076745732
johanneskirchen,dlinear,spring_2024,524,21,15.580764740357992,17.0,1.419235259642008
johanneskirchen,dlinear,spring_2024,525,21,17.192911846981286,19.0,1.8070881530187144
johanneskirchen,dlinear,spring_2024,526,21,18.402988226972862,22.0,3.5970117730271376
johanneskirchen,dlinear,spring_2024,527,21,18.009508500800873,18.0,0.009508500800873065
johanneskirchen,dlinear,spring_2024,528,22,16.847836037072366,16.0,0.8478360370723657
johanneskirchen,dlinear,spring_2024,529,22,15.56546939858943,14.0,1.5654693985894301
johanneskirchen,dlinear,spring_2024,530,22,14.452547569455074,13.0,1.4525475694550742
johanneskirchen,dlinear,spring_2024,531,22,13.307156560690371,12.0,1.3071565606903714
johanneskirchen,dlinear,spring_2024,532,22,12.717459427025451,11.0,1.7174594270254513
johanneskirchen,dlinear,spring_2024,533,22,11.870316999067756,10.0,1.8703169990677555
johanneskirchen,dlinear,spring_2024,534,22,11.156814910260408,10.0,1.1568149102604082
johanneskirchen,dlinear,spring_2024,535,22,9.837080076321037,7.0,2.837080076321037
johanneskirchen,dlinear,spring_2024,536,22,8.496004788944727,6.0,2.4960047889447274
johanneskirchen,dlinear,spring_2024,537,22,8.062943771487706,6.0,2.0629437714877064
johanneskirchen,dlinear,spring_2024,538,22,8.415780573678475,7.0,1.4157805736784752
johanneskirchen,dlinear,spring_2024,539,22,9.058763741161776,8.0,1.0587637411617763
johanneskirchen,dlinear,spring_2024,540,22,8.939535700151225,8.0,0.9395357001512252
johanneskirchen,dlinear,spring_2024,541,22,8.607088608690816,8.0,0.607088608690816
johanneskirchen,dlinear,spring_2024,542,22,7.885809815799124,6.0,1.8858098157991243
johanneskirchen,dlinear,spring_2024,543,22,7.530610289940906,7.0,0.5306102899409062
johanneskirchen,dlinear,spring_2024,544,22,8.104846120660206,9.0,0.8951538793397944
johanneskirchen,dlinear,spring_2024,545,22,9.229794531824641,12.0,2.7702054681753587
johanneskirchen,dlinear,spring_2024,546,22,10.919924218600404,11.0,0.08007578139959648
johanneskirchen,dlinear,spring_2024,547,22,13.257600142316939,13.0,0.25760014231693873
johanneskirchen,dlinear,spring_2024,548,22,16.676367026732596,18.0,1.3236329732674044
johanneskirchen,dlinear,spring_2024,549,22,19.95769618149686,28.0,8.04230381850314
johanneskirchen,dlinear,spring_2024,550,22,20.529873507513294,23.0,2.470126492486706
johanneskirchen,dlinear,spring_2024,551,22,17.045441889140797,11.0,6.045441889140797
johanneskirchen,dlinear,spring_2024,552,23,13.389235738679421,7.0,6.389235738679421
johanneskirchen,dlinear,spring_2024,553,23,10.808131786584173,7.0,3.8081317865841733
johanneskirchen,dlinear,spring_2024,554,23,8.849074677678814,7.0,1.8490746776788143
johanneskirchen,dlinear,spring_2024,555,23,7.692046515022601,7.0,0.692046515022601
johanneskirchen,dlinear,spring_2024,556,23,6.692755624559519,6.0,0.6927556245595188
johanneskirchen,dlinear,spring_2024,557,23,6.084871286833234,5.0,1.0848712868332342
johanneskirchen,dlinear,spring_2024,558,23,5.013070310414801,4.0,1.0130703104148013
johanneskirchen,dlinear,spring_2024,559,23,4.116375512116655,3.0,1.1163755121166554
johanneskirchen,dlinear,spring_2024,560,23,3.682915967242158,3.0,0.6829159672421579
johanneskirchen,dlinear,spring_2024,561,23,3.401335656402403,3.0,0.4013356564024031
johanneskirchen,dlinear,spring_2024,562,23,3.6194753116773786,3.0,0.6194753116773786
johanneskirchen,dlinear,spring_2024,563,23,4.143596385498221,3.0,1.1435963854982214
johanneskirchen,dlinear,spring_2024,564,23,4.7869026509436035,4.0,0.7869026509436035
johanneskirchen,dlinear,spring_2024,565,23,5.495577607790234,5.0,0.4955776077902341
johanneskirchen,dlinear,spring_2024,566,23,6.166178801381748,5.0,1.166178801381748
johanneskirchen,dlinear,spring_2024,567,23,7.0178399522141905,6.0,1.0178399522141905
johanneskirchen,dlinear,spring_2024,568,23,7.63942916575092,6.0,1.6394291657509203
johanneskirchen,dlinear,spring_2024,569,23,8.187532512217391,6.0,2.187532512217391
johanneskirchen,dlinear,spring_2024,570,23,8.923319291387122,7.0,1.9233192913871218
johanneskirchen,dlinear,spring_2024,571,23,10.146684988003832,9.0,1.1466849880038321
johanneskirchen,dlinear,spring_2024,572,23,11.072782193324652,10.0,1.0727821933246524
johanneskirchen,dlinear,spring_2024,573,23,11.676693757626687,10.0,1.676693757626687
johanneskirchen,dlinear,spring_2024,574,23,12.767555666513932,12.0,0.7675556665139318
johanneskirchen,dlinear,spring_2024,575,23,12.969977136112856,13.0,0.030022863887143814
johanneskirchen,dlinear,spring_2024,576,24,13.187358388391564,14.0,0.8126416116084361
johanneskirchen,dlinear,spring_2024,577,24,12.60844528395966,15.0,2.391554716040339
johanneskirchen,dlinear,spring_2024,578,24,10.26052766392582,8.0,2.2605276639258207
johanneskirchen,dlinear,spring_2024,579,24,8.042044840669934,6.0,2.0420448406699343
johanneskirchen,dlinear,spring_2024,580,24,6.607605862210923,5.0,1.6076058622109226
johanneskirchen,dlinear,spring_2024,581,24,7.065855468753748,7.0,0.06585546875374781
johanneskirchen,dlinear,spring_2024,582,24,7.585379819046974,8.0,0.4146201809530261
johanneskirchen,dlinear,spring_2024,583,24,8.575294051148036,10.0,1.4247059488519636
johanneskirchen,dlinear,spring_2024,584,24,8.94473631968301,8.0,0.9447363196830096
johanneskirchen,dlinear,spring_2024,585,24,9.382595256011673,7.0,2.3825952560116725
johanneskirchen,dlinear,spring_2024,586,24,10.534311983646468,9.0,1.534311983646468
johanneskirchen,dlinear,spring_2024,587,24,11.362044197152438,9.0,2.3620441971524375
johanneskirchen,dlinear,spring_2024,588,24,10.73281303137265,8.0,2.7328130313726504
johanneskirchen,dlinear,spring_2024,589,24,10.345132703399937,9.0,1.345132703399937
johanneskirchen,dlinear,spring_2024,590,24,9.855894015230653,9.0,0.8558940152306533
johanneskirchen,dlinear,spring_2024,591,24,8.478307482436929,6.0,2.4783074824369287
johanneskirchen,dlinear,spring_2024,592,24,8.08573984131494,7.0,1.0857398413149397
johanneskirchen,dlinear,spring_2024,593,24,7.750351387977963,5.0,2.750351387977963
johanneskirchen,dlinear,spring_2024,594,24,7.688904129532979,5.0,2.688904129532979
johanneskirchen,dlinear,spring_2024,595,24,7.571688957774618,6.0,1.5716889577746178
johanneskirchen,dlinear,spring_2024,596,24,7.150582515834893,4.0,3.150582515834893
johanneskirchen,dlinear,spring_2024,597,24,6.441444724028038,4.0,2.441444724028038
johanneskirchen,dlinear,spring_2024,598,24,5.69499378751752,4.0,1.6949937875175198
johanneskirchen,dlinear,spring_2024,599,24,4.808475165373716,2.0,2.808475165373716
johanneskirchen,dlinear,spring_2024,600,25,3.3396055414427863,0.9,2.4396055414427864
johanneskirchen,dlinear,spring_2024,601,25,1.9764281769091738,0.6,1.3764281769091737
johanneskirchen,dlinear,spring_2024,602,25,1.3775538282876187,1.0,0.37755382828761874
johanneskirchen,dlinear,spring_2024,603,25,1.079692602698124,0.8,0.2796926026981239
johanneskirchen,dlinear,spring_2024,604,25,1.27031520302965,1.0,0.27031520302965006
johanneskirchen,dlinear,spring_2024,605,25,1.4639797129430292,1.0,0.4639797129430292
johanneskirchen,dlinear,spring_2024,606,25,1.7559845978306612,2.0,0.2440154021693388
johanneskirchen,dlinear,spring_2024,607,25,1.5883785099922463,1.0,0.5883785099922463
johanneskirchen,dlinear,spring_2024,608,25,1.4913177904611725,0.9,0.5913177904611725
johanneskirchen,dlinear,spring_2024,609,25,1.531447728478657,1.0,0.531447728478657
johanneskirchen,dlinear,spring_2024,610,25,1.8277634580710753,3.0,1.1722365419289247
johanneskirchen,dlinear,spring_2024,611,25,2.3759915609415803,4.0,1.6240084390584197
johanneskirchen,dlinear,spring_2024,612,25,2.935994035238391,4.0,1.0640059647616091
johanneskirchen,dlinear,spring_2024,613,25,3.3358980243247185,4.0,0.6641019756752815
johanneskirchen,dlinear,spring_2024,614,25,3.687430292017363,4.0,0.31256970798263684
johanneskirchen,dlinear,spring_2024,615,25,3.777437688942073,4.0,0.2225623110579269
johanneskirchen,dlinear,spring_2024,616,25,3.6041979297524946,4.0,0.39580207024750536
johanneskirchen,dlinear,spring_2024,617,25,3.3790435594266235,3.0,0.3790435594266235
johanneskirchen,dlinear,spring_2024,618,25,3.2400783768740666,4.0,0.7599216231259334
johanneskirchen,dlinear,spring_2024,619,25,3.0874512499894777,4.0,0.9125487500105223
johanneskirchen,dlinear,spring_2024,620,25,3.0245806573230514,4.0,0.9754193426769486
johanneskirchen,dlinear,spring_2024,621,25,2.751906089162805,4.0,1.248093910837195
johanneskirchen,dlinear,spring_2024,622,25,2.3120335514495416,3.0,0.6879664485504584
johanneskirchen,dlinear,spring_2024,623,25,1.7790558862051178,3.0,1.2209441137948822
johanneskirchen,dlinear,spring_2024,624,26,1.2801851462535154,3.0,1.7198148537464846
johanneskirchen,dlinear,spring_2024,625,26,0.6388978746801808,2.0,1.3611021253198192
johanneskirchen,dlinear,spring_2024,626,26,0.05047480549806593,2.0,1.949525194501934
johanneskirchen,dlinear,spring_2024,627,26,0.18255659096772092,2.0,1.817443409032279
johanneskirchen,dlinear,spring_2024,628,26,0.32402153006622747,2.0,1.6759784699337725
johanneskirchen,dlinear,spring_2024,629,26,1.0994971384845247,3.0,1.9005028615154753
johanneskirchen,dlinear,spring_2024,630,26,1.9989478042578632,3.0,1.0010521957421368
johanneskirchen,dlinear,spring_2024,631,26,2.4583244758727174,3.0,0.5416755241272826
johanneskirchen,dlinear,spring_2024,632,26,2.4524865253196992,2.0,0.45248652531969924
johanneskirchen,dlinear,spring_2024,633,26,2.495461758073123,2.0,0.4954617580731231
johanneskirchen,dlinear,spring_2024,634,26,2.70553713838562,3.0,0.29446286161438007
johanneskirchen,dlinear,spring_2024,635,26,3.2465853419839164,3.0,0.24658534198391635
johanneskirchen,dlinear,spring_2024,636,26,3.4752270594876533,4.0,0.5247729405123467
johanneskirchen,dlinear,spring_2024,637,26,3.6796952448131073,4.0,0.3203047551868927
johanneskirchen,dlinear,spring_2024,638,26,3.246440356085431,2.0,1.2464403560854311
johanneskirchen,dlinear,spring_2024,639,26,3.007084336370289,1.0,2.007084336370289
johanneskirchen,dlinear,spring_2024,640,26,2.917303137567286,2.0,0.917303137567286
johanneskirchen,dlinear,spring_2024,641,26,2.967550428416203,3.0,0.03244957158379691
johanneskirchen,dlinear,spring_2024,642,26,2.8995554815500775,2.0,0.8995554815500775
johanneskirchen,dlinear,spring_2024,643,26,2.8806327755091328,2.0,0.8806327755091328
johanneskirchen,dlinear,spring_2024,644,26,2.9329588831780438,3.0,0.06704111682195624
johanneskirchen,dlinear,spring_2024,645,26,3.1614707255740537,3.0,0.16147072557405373
johanneskirchen,dlinear,spring_2024,646,26,3.286904755762949,4.0,0.7130952442370511
johanneskirchen,dlinear,spring_2024,647,26,3.4517013451252083,4.0,0.5482986548747917
johanneskirchen,dlinear,spring_2024,648,27,3.541891204359521,4.0,0.458108795640479
johanneskirchen,dlinear,spring_2024,649,27,3.6014470429678678,5.0,1.3985529570321322
johanneskirchen,dlinear,spring_2024,650,27,3.626814494446916,6.0,2.373185505553084
johanneskirchen,dlinear,spring_2024,651,27,3.9936114429815905,7.0,3.0063885570184095
johanneskirchen,dlinear,spring_2024,652,27,4.788372169993872,8.0,3.211627830006128
johanneskirchen,dlinear,spring_2024,653,27,5.649285194097729,9.0,3.350714805902271
johanneskirchen,dlinear,spring_2024,654,27,6.188169404861949,8.0,1.8118305951380513
johanneskirchen,dlinear,spring_2024,655,27,5.8240112415646665,5.0,0.8240112415646665
johanneskirchen,dlinear,spring_2024,656,27,5.618380677153571,6.0,0.3816193228464293
johanneskirchen,dlinear,spring_2024,657,27,5.460996741977738,6.0,0.5390032580222623
johanneskirchen,dlinear,spring_2024,658,27,4.950532994661549,4.0,0.9505329946615486
johanneskirchen,dlinear,spring_2024,659,27,4.5184564205721856,4.0,0.5184564205721856
johanneskirchen,dlinear,spring_2024,660,27,4.222821698978066,4.0,0.22282169897806625
johanneskirchen,dlinear,spring_2024,661,27,3.827484440957308,3.0,0.8274844409573081
johanneskirchen,dlinear,spring_2024,662,27,3.5176242411828724,3.0,0.5176242411828724
johanneskirchen,dlinear,spring_2024,663,27,3.2327533234054044,3.0,0.23275332340540444
johanneskirchen,dlinear,spring_2024,664,27,3.4740706488796897,4.0,0.5259293511203103
johanneskirchen,dlinear,spring_2024,665,27,3.7358457885625205,6.0,2.2641542114374795
johanneskirchen,dlinear,spring_2024,666,27,3.755189903885146,4.0,0.24481009611485405
johanneskirchen,dlinear,spring_2024,667,27,4.258559233326497,6.0,1.7414407666735032
johanneskirchen,dlinear,spring_2024,668,27,4.803392685646516,7.0,2.196607314353484
johanneskirchen,dlinear,spring_2024,669,27,4.770683026260443,6.0,1.2293169737395573
johanneskirchen,dlinear,spring_2024,670,27,4.536923963823388,5.0,0.46307603617661197
johanneskirchen,dlinear,spring_2024,671,27,3.990056070630118,5.0,1.0099439293698822
johanneskirchen,dlinear,spring_2024,672,28,3.6503439887714393,5.0,1.3496560112285607
johanneskirchen,dlinear,spring_2024,673,28,3.200865676611114,3.0,0.2008656766111141
johanneskirchen,dlinear,spring_2024,674,28,3.0902504607106724,3.0,0.09025046071067244
johanneskirchen,dlinear,spring_2024,675,28,3.6945632166503675,3.0,0.6945632166503675
johanneskirchen,dlinear,spring_2024,676,28,4.39122045945825,4.0,0.3912204594582498
johanneskirchen,dlinear,spring_2024,677,28,5.462965363622002,6.0,0.5370346363779976
johanneskirchen,dlinear,spring_2024,678,28,6.4306333139894285,7.0,0.5693666860105715
johanneskirchen,dlinear,spring_2024,679,28,6.562898816846077,6.0,0.5628988168460767
johanneskirchen,dlinear,spring_2024,680,28,6.4425575800082235,6.0,0.44255758000822354
johanneskirchen,dlinear,spring_2024,681,28,5.870604888675429,5.0,0.8706048886754294
johanneskirchen,dlinear,spring_2024,682,28,4.945690639826465,3.0,1.9456906398264646
johanneskirchen,dlinear,spring_2024,683,28,4.101857074034357,3.0,1.1018570740343572
johanneskirchen,dlinear,spring_2024,684,28,3.2323586835310145,2.0,1.2323586835310145
johanneskirchen,dlinear,spring_2024,685,28,2.5374709131843662,2.0,0.5374709131843662
johanneskirchen,dlinear,spring_2024,686,28,1.9506655212367008,2.0,0.04933447876329922
johanneskirchen,dlinear,spring_2024,687,28,1.4636252862799815,2.0,0.5363747137200185
johanneskirchen,dlinear,spring_2024,688,28,1.1175555439641922,1.0,0.11755554396419221
johanneskirchen,dlinear,spring_2024,689,28,0.8466893716215385,0.7,0.1466893716215385
johanneskirchen,dlinear,spring_2024,690,28,0.7823342123158898,0.8,0.0176657876841102
johanneskirchen,dlinear,spring_2024,691,28,0.837852899052999,0.7,0.13785289905299902
johanneskirchen,dlinear,spring_2024,692,28,0.863322564718084,1.0,0.136677435281916
johanneskirchen,dlinear,spring_2024,693,28,1.003784865252289,1.0,0.003784865252288938
johanneskirchen,dlinear,spring_2024,694,28,0.8704313585293217,1.0,0.12956864147067826
johanneskirchen,dlinear,spring_2024,695,28,0.6999191724291336,0.7,8.082757086635972e-05
johanneskirchen,dlinear,spring_2024,696,29,0.7623201923714582,0.9,0.13767980762854182
johanneskirchen,dlinear,spring_2024,697,29,0.8951298954995348,1.0,0.10487010450046519
johanneskirchen,dlinear,spring_2024,698,29,0.8855774932832166,0.7,0.1855774932832166
johanneskirchen,dlinear,spring_2024,699,29,1.0946073731430044,1.0,0.09460737314300438
johanneskirchen,dlinear,spring_2024,700,29,1.3785313286674885,1.0,0.3785313286674885
johanneskirchen,dlinear,spring_2024,701,29,1.6981863623875757,1.0,0.6981863623875757
johanneskirchen,dlinear,spring_2024,702,29,1.8677352271062375,2.0,0.13226477289376248
johanneskirchen,dlinear,spring_2024,703,29,1.9504675375086595,2.0,0.04953246249134047
johanneskirchen,dlinear,spring_2024,704,29,2.0270581521635798,2.0,0.027058152163579763
johanneskirchen,dlinear,spring_2024,705,29,2.095929775115689,2.0,0.0959297751156889
johanneskirchen,dlinear,spring_2024,706,29,2.052835336631368,1.0,1.052835336631368
johanneskirchen,dlinear,spring_2024,707,29,2.012822444239646,1.0,1.0128224442396458
johanneskirchen,dlinear,spring_2024,708,29,2.2223218110306764,2.0,0.2223218110306764
johanneskirchen,dlinear,spring_2024,709,29,2.5654456443508353,2.0,0.5654456443508353
johanneskirchen,dlinear,spring_2024,710,29,2.543062226043041,2.0,0.5430622260430411
johanneskirchen,dlinear,spring_2024,711,29,2.605884138406422,2.0,0.605884138406422
johanneskirchen,dlinear,spring_2024,712,29,2.500005424333711,2.0,0.5000054243337111
johanneskirchen,dlinear,spring_2024,713,29,2.6504261092762285,3.0,0.34957389072377154
johanneskirchen,dlinear,spring_2024,714,29,2.9976700943761676,4.0,1.0023299056238324
johanneskirchen,dlinear,spring_2024,715,29,3.902677013478683,6.0,2.097322986521317
johanneskirchen,dlinear,spring_2024,716,29,3.979698624184832,3.0,0.9796986241848318
johanneskirchen,dlinear,spring_2024,717,29,3.931496809127302,3.0,0.9314968091273021
johanneskirchen,dlinear,spring_2024,718,29,3.802302640774492,4.0,0.1976973592255078
johanneskirchen,dlinear,spring_2024,719,29,3.556860818227787,4.0,0.4431391817722128
johanneskirchen,dlinear,spring_2024,720,30,3.995267300371186,7.0,3.004732699628814
johanneskirchen,dlinear,spring_2024,721,30,4.676335653968174,10.0,5.323664346031826
johanneskirchen,dlinear,spring_2024,722,30,4.985922308610267,9.0,4.014077691389733
johanneskirchen,dlinear,spring_2024,723,30,4.9956486217644684,8.0,3.0043513782355316
johanneskirchen,dlinear,spring_2024,724,30,5.035135642578374,8.0,2.964864357421626
johanneskirchen,dlinear,spring_2024,725,30,4.781131879754348,7.0,2.218868120245652
johanneskirchen,dlinear,spring_2024,726,30,4.373458448645598,6.0,1.6265415513544017
johanneskirchen,dlinear,spring_2024,727,30,3.9485498640522616,5.0,1.0514501359477384
johanneskirchen,dlinear,spring_2024,728,30,3.3044397925595916,3.0,0.30443979255959164
johanneskirchen,dlinear,spring_2024,729,30,2.401479753159933,2.0,0.4014797531599328
johanneskirchen,dlinear,spring_2024,730,30,2.0488520077292947,2.0,0.048852007729294655
johanneskirchen,dlinear,spring_2024,731,30,1.8321629281893106,2.0,0.1678370718106894
johanneskirchen,dlinear,spring_2024,732,30,1.5461411508321863,0.8,0.7461411508321862
johanneskirchen,dlinear,spring_2024,733,30,1.6646527498819523,1.0,0.6646527498819523
johanneskirchen,dlinear,spring_2024,734,30,1.5954411191202116,1.0,0.5954411191202116
johanneskirchen,dlinear,spring_2024,735,30,1.4221816718795175,0.9,0.5221816718795175
johanneskirchen,dlinear,spring_2024,736,30,1.728538757900571,1.0,0.7285387579005711
johanneskirchen,dlinear,spring_2024,737,30,2.1343722998253156,1.0,1.1343722998253156
johanneskirchen,dlinear,spring_2024,738,30,2.527340827898289,2.0,0.5273408278982892
johanneskirchen,dlinear,spring_2024,739,30,2.965781981231437,3.0,0.034218018768562786
johanneskirchen,dlinear,spring_2024,740,30,3.006645471442594,3.0,0.006645471442594086
johanneskirchen,dlinear,spring_2024,741,30,2.9138068578608056,2.0,0.9138068578608056
johanneskirchen,dlinear,spring_2024,742,30,2.671258130544622,2.0,0.6712581305446221
johanneskirchen,dlinear,spring_2024,743,30,2.5514222350614286,2.0,0.5514222350614286
johanneskirchen,dlinear,spring_2024,744,31,2.3588122120963675,3.0,0.6411877879036325
johanneskirchen,dlinear,spring_2024,745,31,2.194488438588097,3.0,0.8055115614119028
johanneskirchen,dlinear,spring_2024,746,31,2.304307831769611,9.0,6.695692168230389
johanneskirchen,dlinear,spring_2024,747,31,2.8175807282935015,10.0,7.1824192717064985
johanneskirchen,dlinear,spring_2024,748,31,3.2667331465382583,9.0,5.733266853461742
johanneskirchen,dlinear,spring_2024,749,31,3.826336900249432,10.0,6.173663099750568
johanneskirchen,dlinear,spring_2024,750,31,4.461917309255492,9.0,4.538082690744508
johanneskirchen,dlinear,spring_2024,751,31,4.81201566364022,7.0,2.18798433635978
johanneskirchen,dlinear,spring_2024,752,31,4.84470629660765,7.0,2.15529370339235
johanneskirchen,dlinear,spring_2024,753,31,4.62971325775512,5.0,0.3702867422448799
johanneskirchen,dlinear,spring_2024,754,31,4.537490656975575,3.0,1.5374906569755753
johanneskirchen,dlinear,spring_2024,755,31,4.513835611721027,4.0,0.513835611721027
johanneskirchen,dlinear,spring_2024,756,31,4.743131422517169,5.0,0.2568685774828312
johanneskirchen,dlinear,spring_2024,757,31,4.729415877937617,5.0,0.2705841220623828
johanneskirchen,dlinear,spring_2024,758,31,4.442123219396953,5.0,0.5578767806030474
johanneskirchen,dlinear,spring_2024,759,31,4.136521157003556,5.0,0.863478842996444
johanneskirchen,dlinear,spring_2024,760,31,3.769644871513748,13.0,9.230355128486252
johanneskirchen,dlinear,spring_2024,761,31,3.5673791479514705,4.0,0.4326208520485295
johanneskirchen,dlinear,spring_2024,762,31,3.377137221602352,4.0,0.6228627783976481
johanneskirchen,dlinear,spring_2024,763,31,3.2913862284104063,4.0,0.7086137715895937
johanneskirchen,dlinear,spring_2024,764,31,3.1334421421373744,4.0,0.8665578578626256
johanneskirchen,dlinear,spring_2024,765,31,2.9864270690369175,4.0,1.0135729309630825
johanneskirchen,dlinear,spring_2024,766,31,3.125603075627784,5.0,1.874396924372216
johanneskirchen,dlinear,spring_2024,767,31,3.266696441976598,6.0,2.733303558023402
johanneskirchen,dlinear,spring_2024,768,32,3.4466032848295862,6.0,2.5533967151704138
johanneskirchen,dlinear,spring_2024,769,32,3.87346598934967,6.0,2.12653401065033
johanneskirchen,dlinear,spring_2024,770,32,4.4842330279796645,8.0,3.5157669720203355
johanneskirchen,dlinear,spring_2024,771,32,4.90860313682564,9.0,4.09139686317436
johanneskirchen,dlinear,spring_2024,772,32,5.335062364853954,9.0,3.664937635146046
johanneskirchen,dlinear,spring_2024,773,32,5.746504617551759,10.0,4.253495382448241
johanneskirchen,dlinear,spring_2024,774,32,6.09122352243894,9.0,2.9087764775610596
johanneskirchen,dlinear,spring_2024,775,32,6.189377677487274,9.0,2.8106223225127263
johanneskirchen,dlinear,spring_2024,776,32,5.921830755762216,9.0,3.0781692442377837
johanneskirchen,dlinear,spring_2024,777,32,5.808256529395196,8.0,2.191743470604804
johanneskirchen,dlinear,spring_2024,778,32,5.627853552506103,7.0,1.372146447493897
johanneskirchen,dlinear,spring_2024,779,32,5.608668017800157,8.0,2.3913319821998433
johanneskirchen,dlinear,spring_2024,780,32,5.516411758210761,8.0,2.4835882417892394
johanneskirchen,dlinear,spring_2024,781,32,5.469244346175029,9.0,3.530755653824971
johanneskirchen,dlinear,spring_2024,782,32,5.651067263390807,9.0,3.3489327366091928
johanneskirchen,dlinear,spring_2024,783,32,5.859446154575417,9.0,3.1405538454245834
johanneskirchen,dlinear,spring_2024,784,32,5.816859978428426,8.0,2.1831400215715737
johanneskirchen,dlinear,spring_2024,785,32,5.922720421095182,8.0,2.077279578904818
johanneskirchen,dlinear,spring_2024,786,32,5.907156341283947,7.0,1.0928436587160526
johanneskirchen,dlinear,spring_2024,787,32,5.999050874275044,8.0,2.000949125724956
johanneskirchen,dlinear,spring_2024,788,32,6.161437652711361,9.0,2.838562347288639
johanneskirchen,dlinear,spring_2024,789,32,6.384103989132579,13.0,6.615896010867421
johanneskirchen,dlinear,spring_2024,790,32,6.485699635829077,16.0,9.514300364170923
johanneskirchen,dlinear,spring_2024,791,32,6.531435799544185,16.0,9.468564200455816
johanneskirchen,dlinear,spring_2024,792,33,6.462046816315973,15.0,8.537953183684028
johanneskirchen,dlinear,spring_2024,793,33,6.433669863879199,12.0,5.566330136120801
johanneskirchen,dlinear,spring_2024,794,33,6.392445402022105,11.0,4.607554597977895
johanneskirchen,dlinear,spring_2024,795,33,6.468555691037294,12.0,5.531444308962706
johanneskirchen,dlinear,spring_2024,796,33,6.579036128501946,12.0,5.420963871498054
johanneskirchen,dlinear,spring_2024,797,33,6.747283474462006,12.0,5.252716525537994
johanneskirchen,dlinear,spring_2024,798,33,6.836399608359795,12.0,5.163600391640205
johanneskirchen,dlinear,spring_2024,799,33,6.625197512766175,11.0,4.374802487233825
johanneskirchen,dlinear,spring_2024,800,33,6.0446472114269785,10.0,3.9553527885730215
johanneskirchen,dlinear,spring_2024,801,33,5.183599891527299,7.0,1.8164001084727008
johanneskirchen,dlinear,spring_2024,802,33,4.39304172674988,5.0,0.60695827325012
johanneskirchen,dlinear,spring_2024,803,33,3.5318129224864343,5.0,1.4681870775135657
johanneskirchen,dlinear,spring_2024,804,33,3.0194672942817693,4.0,0.9805327057182307
johanneskirchen,dlinear,spring_2024,805,33,2.7141660795515037,4.0,1.2858339204484963
johanneskirchen,dlinear,spring_2024,806,33,2.86223293306071,4.0,1.1377670669392899
johanneskirchen,dlinear,spring_2024,807,33,3.0751926617267635,5.0,1.9248073382732365
johanneskirchen,dlinear,spring_2024,808,33,3.1247363605641496,8.0,4.87526363943585
johanneskirchen,dlinear,spring_2024,809,33,3.1424524602657398,6.0,2.8575475397342602
johanneskirchen,dlinear,spring_2024,810,33,2.8497174406523467,6.0,3.1502825593476533
johanneskirchen,dlinear,spring_2024,811,33,2.453860003054656,4.0,1.5461399969453442
johanneskirchen,dlinear,spring_2024,812,33,2.2934211571446106,4.0,1.7065788428553894
johanneskirchen,dlinear,spring_2024,813,33,2.1311695603115695,5.0,2.8688304396884305
johanneskirchen,dlinear,spring_2024,814,33,1.815180815167075,3.0,1.184819184832925
johanneskirchen,dlinear,spring_2024,815,33,1.3963117113079004,3.0,1.6036882886920996
johanneskirchen,dlinear,spring_2024,816,34,1.2270808421284567,2.0,0.7729191578715433
johanneskirchen,dlinear,spring_2024,817,34,1.2812072426527248,2.0,0.7187927573472752
johanneskirchen,dlinear,spring_2024,818,34,1.4182458484738287,3.0,1.5817541515261713
johanneskirchen,dlinear,spring_2024,819,34,1.6662718212156182,3.0,1.3337281787843818
johanneskirchen,dlinear,spring_2024,820,34,2.0334084653829443,3.0,0.9665915346170557
johanneskirchen,dlinear,spring_2024,821,34,2.418695571357233,3.0,0.5813044286427669
johanneskirchen,dlinear,spring_2024,822,34,2.5736270971703075,2.0,0.5736270971703075
johanneskirchen,dlinear,spring_2024,823,34,2.616026940573363,2.0,0.6160269405733629
johanneskirchen,dlinear,spring_2024,824,34,2.666606062973081,3.0,0.3333939370269192
johanneskirchen,dlinear,spring_2024,825,34,2.586471568456572,3.0,0.413528431543428
johanneskirchen,dlinear,spring_2024,826,34,2.5107027870327894,2.0,0.5107027870327894
johanneskirchen,dlinear,spring_2024,827,34,2.459535196418649,3.0,0.5404648035813508
johanneskirchen,dlinear,spring_2024,828,34,2.2645969625834184,2.0,0.26459696258341836
johanneskirchen,dlinear,spring_2024,829,34,2.1994019030843948,2.0,0.19940190308439476
johanneskirchen,dlinear,spring_2024,830,34,1.9515677981042963,2.0,0.04843220189570374
johanneskirchen,dlinear,spring_2024,831,34,1.8025052725206177,2.0,0.19749472747938235
johanneskirchen,dlinear,spring_2024,832,34,1.9257155216104476,2.0,0.07428447838955243
johanneskirchen,dlinear,spring_2024,833,34,2.0591407006856937,2.0,0.05914070068569366
johanneskirchen,dlinear,spring_2024,834,34,2.290889188042403,3.0,0.7091108119575971
johanneskirchen,dlinear,spring_2024,835,34,2.6787073140391335,4.0,1.3212926859608665
johanneskirchen,dlinear,spring_2024,836,34,3.3223049328625267,5.0,1.6776950671374733
johanneskirchen,dlinear,spring_2024,837,34,3.4250852886649756,6.0,2.5749147113350244
johanneskirchen,dlinear,spring_2024,838,34,3.4590213829432024,7.0,3.5409786170567976
johanneskirchen,dlinear,spring_2024,839,34,3.595172119125702,7.0,3.404827880874298
johanneskirchen,dlinear,spring_2024,840,35,3.8668145342636384,7.0,3.1331854657363616
johanneskirchen,dlinear,spring_2024,841,35,4.085847368737556,6.0,1.9141526312624437
johanneskirchen,dlinear,spring_2024,842,35,4.212128274036805,6.0,1.7878717259631953
johanneskirchen,dlinear,spring_2024,843,35,4.280367560554139,5.0,0.7196324394458609
johanneskirchen,dlinear,spring_2024,844,35,4.151494995613003,6.0,1.8485050043869968
johanneskirchen,dlinear,spring_2024,845,35,4.110596109688591,4.0,0.1105961096885908
johanneskirchen,dlinear,spring_2024,846,35,3.944205518415197,3.0,0.9442055184151972
johanneskirchen,dlinear,spring_2024,847,35,3.5197580358383593,2.0,1.5197580358383593
johanneskirchen,dlinear,spring_2024,848,35,3.0538678283359566,1.0,2.0538678283359566
johanneskirchen,dlinear,spring_2024,849,35,2.654323521713698,1.0,1.6543235217136978
johanneskirchen,dlinear,spring_2024,850,35,2.2182223209746983,1.0,1.2182223209746983
johanneskirchen,dlinear,spring_2024,851,35,2.0115141917831796,1.0,1.0115141917831796
johanneskirchen,dlinear,spring_2024,852,35,2.158370815187869,1.0,1.1583708151878689
johanneskirchen,dlinear,spring_2024,853,35,2.0618322803102007,1.0,1.0618322803102007
johanneskirchen,dlinear,spring_2024,854,35,2.0452601131850674,1.0,1.0452601131850674
johanneskirchen,dlinear,spring_2024,855,35,2.115889219937614,2.0,0.11588921993761403
johanneskirchen,dlinear,spring_2024,856,35,2.377231823295764,3.0,0.6227681767042359
johanneskirchen,dlinear,spring_2024,857,35,2.506547981887616,3.0,0.49345201811238404
johanneskirchen,dlinear,spring_2024,858,35,2.884070474791879,5.0,2.115929525208121
johanneskirchen,dlinear,spring_2024,859,35,3.5465280483796695,7.0,3.4534719516203305
johanneskirchen,dlinear,spring_2024,860,35,4.181798086519488,9.0,4.818201913480512
johanneskirchen,dlinear,spring_2024,861,35,4.868405948098946,9.0,4.131594051901054
johanneskirchen,dlinear,spring_2024,862,35,5.56075060938953,12.0,6.43924939061047
johanneskirchen,dlinear,spring_2024,863,35,5.979371377780039,10.0,4.020628622219961
johanneskirchen,dlinear,spring_2024,864,36,6.00608449045555,12.0,5.99391550954445
johanneskirchen,dlinear,spring_2024,865,36,5.855994168156656,9.0,3.1440058318433444
johanneskirchen,dlinear,spring_2024,866,36,5.512535560152304,6.0,0.48746443984769616
johanneskirchen,dlinear,spring_2024,867,36,5.213039009336141,6.0,0.786960990663859
johanneskirchen,dlinear,spring_2024,868,36,5.168064001188106,5.0,0.16806400118810583
johanneskirchen,dlinear,spring_2024,869,36,5.159918682451298,5.0,0.15991868245129837
johanneskirchen,dlinear,spring_2024,870,36,4.8855859979283345,5.0,0.11441400207166552
johanneskirchen,dlinear,spring_2024,871,36,4.186465075828332,2.0,2.186465075828332
johanneskirchen,dlinear,spring_2024,872,36,3.6680196331591093,2.0,1.6680196331591093
johanneskirchen,dlinear,spring_2024,873,36,3.282905265203439,2.0,1.2829052652034392
johanneskirchen,dlinear,spring_2024,874,36,2.9260290904471304,3.0,0.07397090955286956
johanneskirchen,dlinear,spring_2024,875,36,2.6879891583634308,2.0,0.6879891583634308
johanneskirchen,dlinear,spring_2024,876,36,2.6113406383718623,3.0,0.38865936162813775
johanneskirchen,dlinear,spring_2024,877,36,2.3486775999430805,3.0,0.6513224000569195
johanneskirchen,dlinear,spring_2024,878,36,2.3292496376975276,2.0,0.3292496376975276
johanneskirchen,dlinear,spring_2024,879,36,2.298664848052809,2.0,0.2986648480528089
johanneskirchen,dlinear,spring_2024,880,36,2.2626045292665555,2.0,0.26260452926655553
johanneskirchen,dlinear,spring_2024,881,36,2.2137011995431735,2.0,0.21370119954317346
johanneskirchen,dlinear,spring_2024,882,36,2.464730263915225,3.0,0.5352697360847749
johanneskirchen,dlinear,spring_2024,883,36,3.105650660507223,4.0,0.8943493394927771
johanneskirchen,dlinear,spring_2024,884,36,3.3755224466422975,5.0,1.6244775533577025
johanneskirchen,dlinear,spring_2024,885,36,3.4530864874883767,7.0,3.5469135125116233
johanneskirchen,dlinear,spring_2024,886,36,3.212534914640404,7.0,3.787465085359596
johanneskirchen,dlinear,spring_2024,887,36,2.9671290152920307,4.0,1.0328709847079693
johanneskirchen,dlinear,spring_2024,888,37,2.8450795782273133,3.0,0.15492042177268672
johanneskirchen,dlinear,spring_2024,889,37,2.8610688843593177,3.0,0.13893111564068228
johanneskirchen,dlinear,spring_2024,890,37,2.9307144219088297,3.0,0.06928557809117031
johanneskirchen,dlinear,spring_2024,891,37,2.9225872189040896,2.0,0.9225872189040896
johanneskirchen,dlinear,spring_2024,892,37,2.9322301711511116,2.0,0.9322301711511116
johanneskirchen,dlinear,spring_2024,893,37,3.055761889477008,3.0,0.055761889477008
johanneskirchen,dlinear,spring_2024,894,37,3.0431675680668846,3.0,0.0431675680668846
johanneskirchen,dlinear,spring_2024,895,37,2.7864364541315325,2.0,0.7864364541315325
johanneskirchen,dlinear,spring_2024,896,37,2.467095058486205,2.0,0.4670950584862048
johanneskirchen,dlinear,spring_2024,897,37,2.137518422335045,2.0,0.1375184223350452
johanneskirchen,dlinear,spring_2024,898,37,1.9841453524112591,2.0,0.01585464758874089
johanneskirchen,dlinear,spring_2024,899,37,1.8740546715143136,2.0,0.1259453284856864
johanneskirchen,dlinear,spring_2024,900,37,1.9119839090304307,2.0,0.0880160909695693
johanneskirchen,dlinear,spring_2024,901,37,2.0486094878406806,2.0,0.04860948784068064
johanneskirchen,dlinear,spring_2024,902,37,2.209034605957795,2.0,0.209034605957795
johanneskirchen,dlinear,spring_2024,903,37,2.3066019538571627,3.0,0.6933980461428373
johanneskirchen,dlinear,spring_2024,904,37,2.4762588664486387,4.0,1.5237411335513613
johanneskirchen,dlinear,spring_2024,905,37,2.9583723106465563,5.0,2.0416276893534437
johanneskirchen,dlinear,spring_2024,906,37,3.496585354316995,5.0,1.503414645683005
johanneskirchen,dlinear,spring_2024,907,37,4.002141586009113,6.0,1.9978584139908868
johanneskirchen,dlinear,spring_2024,908,37,4.204791671535894,7.0,2.7952083284641063
johanneskirchen,dlinear,spring_2024,909,37,4.168764100712671,7.0,2.8312358992873294
johanneskirchen,dlinear,spring_2024,910,37,4.063737821793149,6.0,1.9362621782068512
johanneskirchen,dlinear,spring_2024,911,37,3.6841488031280996,7.0,3.3158511968719004
johanneskirchen,dlinear,spring_2024,912,38,3.226482937833085,5.0,1.7735170621669152
johanneskirchen,dlinear,spring_2024,913,38,2.986010635098644,4.0,1.0139893649013558
johanneskirchen,dlinear,spring_2024,914,38,2.7905896867975226,4.0,1.2094103132024774
johanneskirchen,dlinear,spring_2024,915,38,2.972147243454307,5.0,2.027852756545693
johanneskirchen,dlinear,spring_2024,916,38,3.205098129447757,7.0,3.794901870552243
johanneskirchen,dlinear,spring_2024,917,38,3.6746991933869833,8.0,4.325300806613017
johanneskirchen,dlinear,spring_2024,918,38,3.7340788035273675,6.0,2.2659211964726325
johanneskirchen,dlinear,spring_2024,919,38,3.5393055137966396,3.0,0.5393055137966396
johanneskirchen,dlinear,spring_2024,920,38,3.2585571969755804,2.0,1.2585571969755804
johanneskirchen,dlinear,spring_2024,921,38,2.8989501385086793,1.0,1.8989501385086793
johanneskirchen,dlinear,spring_2024,922,38,2.5433997396318357,2.0,0.5433997396318357
johanneskirchen,dlinear,spring_2024,923,38,2.476520261515768,4.5,2.023479738484232
johanneskirchen,dlinear,spring_2024,924,38,2.6326217418851403,7.0,4.36737825811486
johanneskirchen,dlinear,spring_2024,925,38,2.873852002167075,7.0,4.126147997832925
johanneskirchen,dlinear,spring_2024,926,38,3.0201688640590474,7.0,3.9798311359409526
johanneskirchen,dlinear,spring_2024,927,38,3.0934196758456425,8.0,4.9065803241543575
johanneskirchen,dlinear,spring_2024,928,38,3.1780306478624283,7.0,3.8219693521375717
johanneskirchen,dlinear,spring_2024,929,38,3.4579414304173905,7.0,3.5420585695826095
johanneskirchen,dlinear,spring_2024,930,38,3.7433317139019744,9.0,5.256668286098026
johanneskirchen,dlinear,spring_2024,931,38,4.088783719800386,10.0,5.911216280199614
johanneskirchen,dlinear,spring_2024,932,38,4.591842896387851,14.0,9.40815710361215
johanneskirchen,dlinear,spring_2024,933,38,4.877052332760518,12.0,7.122947667239482
johanneskirchen,dlinear,spring_2024,934,38,5.212016719016039,13.0,7.787983280983961
johanneskirchen,dlinear,spring_2024,935,38,5.4254468719155575,14.0,8.574553128084442
johanneskirchen,dlinear,spring_2024,936,39,5.578230171481204,14.0,8.421769828518796
johanneskirchen,dlinear,spring_2024,937,39,5.74217781631014,15.0,9.25782218368986
johanneskirchen,dlinear,spring_2024,938,39,5.515241679717329,13.0,7.484758320282671
johanneskirchen,dlinear,spring_2024,939,39,5.464397311516097,11.0,5.535602688483903
johanneskirchen,dlinear,spring_2024,940,39,5.604918191120455,11.0,5.395081808879545
johanneskirchen,dlinear,spring_2024,941,39,5.932735556374696,11.0,5.067264443625304
johanneskirchen,dlinear,spring_2024,942,39,6.172420916448275,10.0,3.8275790835517247
johanneskirchen,dlinear,spring_2024,943,39,5.5226426728538165,7.0,1.4773573271461835
johanneskirchen,dlinear,spring_2024,944,39,4.97533233037242,5.0,0.024667669627580047
johanneskirchen,dlinear,spring_2024,945,39,4.386758668324083,6.0,1.6132413316759173
johanneskirchen,dlinear,spring_2024,946,39,3.763503629777161,6.0,2.236496370222839
johanneskirchen,dlinear,spring_2024,947,39,3.813661197342814,6.0,2.186338802657186
johanneskirchen,dlinear,spring_2024,948,39,4.162522412518476,9.0,4.837477587481524
johanneskirchen,dlinear,spring_2024,949,39,4.594310393558758,11.0,6.405689606441242
johanneskirchen,dlinear,spring_2024,950,39,5.074511891937867,11.0,5.925488108062133
johanneskirchen,dlinear,spring_2024,951,39,5.524318730480319,13.0,7.475681269519681
johanneskirchen,dlinear,spring_2024,952,39,6.00442070583168,13.0,6.99557929416832
johanneskirchen,dlinear,spring_2024,953,39,6.651505176474134,15.0,8.348494823525865
johanneskirchen,dlinear,spring_2024,954,39,7.344702972524038,19.0,11.655297027475962
johanneskirchen,dlinear,spring_2024,955,39,8.03983222838423,20.0,11.96016777161577
johanneskirchen,dlinear,spring_2024,956,39,8.278838005527628,21.0,12.721161994472372
johanneskirchen,dlinear,spring_2024,957,39,8.58801744086857,19.0,10.41198255913143
johanneskirchen,dlinear,spring_2024,958,39,8.510905090644885,17.0,8.489094909355115
johanneskirchen,dlinear,spring_2024,959,39,8.28035723255147,17.0,8.71964276744853
johanneskirchen,dlinear,spring_2024,960,40,8.284022572809278,13.0,4.715977427190722
johanneskirchen,dlinear,spring_2024,961,40,8.59484080829587,13.0,4.405159191704129
johanneskirchen,dlinear,spring_2024,962,40,8.58719086982024,15.0,6.41280913017976
johanneskirchen,dlinear,spring_2024,963,40,8.34855021685602,16.0,7.651449783143979
johanneskirchen,dlinear,spring_2024,964,40,8.126518639955975,15.0,6.873481360044025
johanneskirchen,dlinear,spring_2024,965,40,7.971820851262068,15.0,7.028179148737932
johanneskirchen,dlinear,spring_2024,966,40,7.3810397409777435,15.0,7.6189602590222565
johanneskirchen,dlinear,spring_2024,967,40,6.457540112960453,14.0,7.542459887039547
johanneskirchen,dlinear,spring_2024,968,40,5.82027086514181,11.0,5.17972913485819
johanneskirchen,dlinear,spring_2024,969,40,5.245364145480202,7.0,1.7546358545197984
johanneskirchen,dlinear,spring_2024,970,40,4.767502820151317,7.0,2.232497179848683
johanneskirchen,dlinear,spring_2024,971,40,4.666551991014549,8.0,3.3334480089854512
johanneskirchen,dlinear,spring_2024,972,40,4.9174318058091515,8.0,3.0825681941908485
johanneskirchen,dlinear,spring_2024,973,40,5.280975000450554,8.0,2.719024999549446
johanneskirchen,dlinear,spring_2024,974,40,5.584392189289807,9.0,3.415607810710193
johanneskirchen,dlinear,spring_2024,975,40,5.546852317669502,9.0,3.4531476823304983
johanneskirchen,dlinear,spring_2024,976,40,5.5858973183905585,8.0,2.4141026816094415
johanneskirchen,dlinear,spring_2024,977,40,5.604514308380457,8.0,2.395485691619543
johanneskirchen,dlinear,spring_2024,978,40,5.606056121062327,8.0,2.393943878937673
johanneskirchen,dlinear,spring_2024,979,40,5.607632593211662,10.0,4.392367406788338
johanneskirchen,dlinear,spring_2024,980,40,5.15537632313152,9.0,3.84462367686848
johanneskirchen,dlinear,spring_2024,981,40,4.777646198005649,7.0,2.222353801994351
johanneskirchen,dlinear,spring_2024,982,40,4.3914193427259445,7.0,2.6085806572740555
johanneskirchen,dlinear,spring_2024,983,40,3.991443919792686,6.0,2.008556080207314
johanneskirchen,dlinear,spring_2024,984,41,3.777558410190494,6.0,2.222441589809506
johanneskirchen,dlinear,spring_2024,985,41,3.8730210426399516,8.0,4.126978957360048
johanneskirchen,dlinear,spring_2024,986,41,3.97476543886866,8.0,4.02523456113134
johanneskirchen,dlinear,spring_2024,987,41,4.054990110622518,8.0,3.9450098893774816
johanneskirchen,dlinear,spring_2024,988,41,4.138938058782347,8.0,3.8610619412176526
johanneskirchen,dlinear,spring_2024,989,41,4.205919928669647,10.0,5.794080071330353
johanneskirchen,dlinear,spring_2024,990,41,4.119019680077164,7.0,2.880980319922836
johanneskirchen,dlinear,spring_2024,991,41,4.022148229563536,6.0,1.9778517704364642
johanneskirchen,dlinear,spring_2024,992,41,3.603629777006784,4.0,0.396370222993216
johanneskirchen,dlinear,spring_2024,993,41,3.195416103440886,2.0,1.195416103440886
johanneskirchen,dlinear,spring_2024,994,41,2.699599377138787,2.0,0.699599377138787
johanneskirchen,dlinear,spring_2024,995,41,2.3662451630332164,2.0,0.3662451630332164
johanneskirchen,dlinear,spring_2024,996,41,2.261760238670419,2.0,0.2617602386704192
johanneskirchen,dlinear,spring_2024,997,41,2.937097612834166,2.0,0.9370976128341661
johanneskirchen,dlinear,spring_2024,998,41,3.2108606565939555,3.0,0.21086065659395548
johanneskirchen,dlinear,spring_2024,999,41,3.423784735584875,2.0,1.4237847355848752
johanneskirchen,dlinear,spring_2024,1000,41,3.4199926339353457,4.0,0.5800073660646543
johanneskirchen,dlinear,spring_2024,1001,41,3.128654112760291,5.0,1.871345887239709
johanneskirchen,dlinear,spring_2024,1002,41,2.8601432635109614,3.0,0.13985673648903862
johanneskirchen,dlinear,spring_2024,1003,41,2.6685650713664586,4.0,1.3314349286335414
johanneskirchen,dlinear,spring_2024,1004,41,2.3490833317109043,3.0,0.6509166682890957
johanneskirchen,dlinear,spring_2024,1005,41,2.038456176551229,3.0,0.9615438234487712
johanneskirchen,dlinear,spring_2024,1006,41,1.6298358009994676,3.0,1.3701641990005324
johanneskirchen,dlinear,spring_2024,1007,41,1.244388853287024,2.0,0.755611146712976
johanneskirchen,dlinear,spring_2024,1008,42,1.0817042286950596,2.0,0.9182957713049404
johanneskirchen,dlinear,spring_2024,1009,42,0.9686834998148814,1.0,0.031316500185118556
johanneskirchen,dlinear,spring_2024,1010,42,0.9385430050302883,2.0,1.0614569949697117
johanneskirchen,dlinear,spring_2024,1011,42,0.955845955916077,2.0,1.044154044083923
johanneskirchen,dlinear,spring_2024,1012,42,1.0647566095810888,1.0,0.06475660958108875
johanneskirchen,dlinear,spring_2024,1013,42,1.1810013507955706,1.0,0.18100135079557056
johanneskirchen,dlinear,spring_2024,1014,42,1.2371047761600682,1.0,0.2371047761600682
johanneskirchen,dlinear,spring_2024,1015,42,1.2601098092331764,1.0,0.2601098092331764
johanneskirchen,dlinear,spring_2024,1016,42,1.20949637252577,0.9,0.3094963725257699
johanneskirchen,dlinear,spring_2024,1017,42,1.1577913111185794,0.7,0.4577913111185794
johanneskirchen,dlinear,spring_2024,1018,42,1.2251365106821623,1.0,0.22513651068216234
johanneskirchen,dlinear,spring_2024,1019,42,1.4608620106673929,2.0,0.5391379893326071
johanneskirchen,dlinear,spring_2024,1020,42,1.7021663685712003,3.0,1.2978336314287997
johanneskirchen,dlinear,spring_2024,1021,42,1.846163332369608,3.0,1.153836667630392
johanneskirchen,dlinear,spring_2024,1022,42,2.0202970869892347,3.0,0.9797029130107653
johanneskirchen,dlinear,spring_2024,1023,42,2.130816650992138,4.0,1.8691833490078622
johanneskirchen,dlinear,spring_2024,1024,42,2.319696911761744,5.0,2.680303088238256
johanneskirchen,dlinear,spring_2024,1025,42,2.7382275359764003,6.0,3.2617724640235997
johanneskirchen,dlinear,spring_2024,1026,42,2.9850008120862377,7.0,4.014999187913762
johanneskirchen,dlinear,spring_2024,1027,42,3.070654058152078,7.0,3.929345941847922
johanneskirchen,dlinear,spring_2024,1028,42,3.262422917400852,8.0,4.737577082599148
johanneskirchen,dlinear,spring_2024,1029,42,3.9654718342939264,11.0,7.034528165706074
johanneskirchen,dlinear,spring_2024,1030,42,3.7831823538371268,10.0,6.216817646162873
johanneskirchen,dlinear,spring_2024,1031,42,3.528836720430472,7.0,3.471163279569528
johanneskirchen,dlinear,spring_2024,1032,43,3.4737451121765366,6.0,2.5262548878234634
johanneskirchen,dlinear,spring_2024,1033,43,3.5372874607464846,6.0,2.4627125392535154
johanneskirchen,dlinear,spring_2024,1034,43,3.550381480223031,5.0,1.449618519776969
johanneskirchen,dlinear,spring_2024,1035,43,3.5736634187641503,5.0,1.4263365812358497
johanneskirchen,dlinear,spring_2024,1036,43,3.5458382720659163,6.0,2.4541617279340837
johanneskirchen,dlinear,spring_2024,1037,43,3.6138742544432354,6.0,2.3861257455567646
johanneskirchen,dlinear,spring_2024,1038,43,3.375930922603782,5.0,1.6240690773962179
johanneskirchen,dlinear,spring_2024,1039,43,3.0701515218567277,3.0,0.07015152185672768
johanneskirchen,dlinear,spring_2024,1040,43,2.8299771004369525,3.0,0.1700228995630475
johanneskirchen,dlinear,spring_2024,1041,43,2.656758212523588,4.0,1.343241787476412
johanneskirchen,dlinear,spring_2024,1042,43,2.7465512401752212,5.0,2.2534487598247788
johanneskirchen,dlinear,spring_2024,1043,43,2.8381896390915875,4.0,1.1618103609084125
johanneskirchen,dlinear,spring_2024,1044,43,2.886592888123028,4.0,1.1134071118769722
johanneskirchen,dlinear,spring_2024,1045,43,2.9345369027637105,4.0,1.0654630972362895
johanneskirchen,dlinear,spring_2024,1046,43,2.7815410008071186,4.0,1.2184589991928814
johanneskirchen,dlinear,spring_2024,1047,43,2.7760435589988077,4.0,1.2239564410011923
johanneskirchen,dlinear,spring_2024,1048,43,2.8725779669922495,4.0,1.1274220330077505
johanneskirchen,dlinear,spring_2024,1049,43,2.9605322497086366,4.0,1.0394677502913634
johanneskirchen,dlinear,spring_2024,1050,43,3.348750802339559,6.0,2.651249197660441
johanneskirchen,dlinear,spring_2024,1051,43,3.938628801654824,9.0,5.061371198345176
johanneskirchen,dlinear,spring_2024,1052,43,4.711177024308444,16.0,11.288822975691556
johanneskirchen,dlinear,spring_2024,1053,43,5.343544742138019,19.0,13.656455257861982
johanneskirchen,dlinear,spring_2024,1054,43,5.77503359835561,19.0,13.22496640164439
johanneskirchen,dlinear,spring_2024,1055,43,6.006944094458457,21.0,14.993055905541542
johanneskirchen,dlinear,summer_2024,0,0,4.369018097775145,6.0,1.630981902224855
johanneskirchen,dlinear,summer_2024,1,0,5.071378439791639,6.0,0.9286215602083612
johanneskirchen,dlinear,summer_2024,2,0,5.010951277309685,4.0,1.010951277309685
johanneskirchen,dlinear,summer_2024,3,0,4.47154569470432,4.0,0.47154569470431973
johanneskirchen,dlinear,summer_2024,4,0,3.824276851432977,3.0,0.8242768514329768
johanneskirchen,dlinear,summer_2024,5,0,3.1029537043120037,3.0,0.10295370431200368
johanneskirchen,dlinear,summer_2024,6,0,2.392928609631994,2.0,0.39292860963199416
johanneskirchen,dlinear,summer_2024,7,0,2.098914453117816,2.0,0.09891445311781588
johanneskirchen,dlinear,summer_2024,8,0,1.8970078178247363,2.0,0.10299218217526374
johanneskirchen,dlinear,summer_2024,9,0,2.0571167389267675,2.0,0.057116738926767496
johanneskirchen,dlinear,summer_2024,10,0,2.9694347302028685,4.0,1.0305652697971315
johanneskirchen,dlinear,summer_2024,11,0,3.116945199944242,4.0,0.8830548000557581
johanneskirchen,dlinear,summer_2024,12,0,2.6248413479428994,3.0,0.37515865205710064
johanneskirchen,dlinear,summer_2024,13,0,2.6543930052651312,2.0,0.6543930052651312
johanneskirchen,dlinear,summer_2024,14,0,2.4687957453101905,2.0,0.4687957453101905
johanneskirchen,dlinear,summer_2024,15,0,2.424902430364888,2.0,0.42490243036488806
johanneskirchen,dlinear,summer_2024,16,0,2.756232779902506,2.0,0.7562327799025059
johanneskirchen,dlinear,summer_2024,17,0,5.742573315878833,8.0,2.2574266841211674
johanneskirchen,dlinear,summer_2024,18,0,7.446428633790857,11.0,3.553571366209143
johanneskirchen,dlinear,summer_2024,19,0,7.347786327912926,8.0,0.6522136720870737
johanneskirchen,dlinear,summer_2024,20,0,7.0137509875792485,7.0,0.01375098757924853
johanneskirchen,dlinear,summer_2024,21,0,6.099074228508316,5.0,1.0990742285083162
johanneskirchen,dlinear,summer_2024,22,0,5.245004630679846,5.0,0.2450046306798459
johanneskirchen,dlinear,summer_2024,23,0,4.985142038937964,6.0,1.0148579610620363
johanneskirchen,dlinear,summer_2024,24,1,4.84163108035469,5.0,0.1583689196453104
johanneskirchen,dlinear,summer_2024,25,1,4.817848460425459,4.0,0.8178484604254592
johanneskirchen,dlinear,summer_2024,26,1,5.243399871928263,5.0,0.24339987192826307
johanneskirchen,dlinear,summer_2024,27,1,6.37006150743569,6.0,0.37006150743568966
johanneskirchen,dlinear,summer_2024,28,1,7.470696416904913,7.0,0.4706964169049126
johanneskirchen,dlinear,summer_2024,29,1,7.831097159827463,6.0,1.831097159827463
johanneskirchen,dlinear,summer_2024,30,1,7.150190953552659,5.0,2.1501909535526593
johanneskirchen,dlinear,summer_2024,31,1,6.267697889674404,4.0,2.2676978896744044
johanneskirchen,dlinear,summer_2024,32,1,5.444151562112436,4.0,1.4441515621124363
johanneskirchen,dlinear,summer_2024,33,1,4.4166867620252415,4.0,0.41668676202524146
johanneskirchen,dlinear,summer_2024,34,1,3.9563129652012865,4.0,0.0436870347987135
johanneskirchen,dlinear,summer_2024,35,1,2.9794553981442142,2.0,0.9794553981442142
johanneskirchen,dlinear,summer_2024,36,1,2.733069602636551,3.0,0.26693039736344915
johanneskirchen,dlinear,summer_2024,37,1,2.7215063577695666,4.0,1.2784936422304334
johanneskirchen,dlinear,summer_2024,38,1,2.4237552071490374,3.0,0.5762447928509626
johanneskirchen,dlinear,summer_2024,39,1,2.243450341367158,4.0,1.7565496586328422
johanneskirchen,dlinear,summer_2024,40,1,2.5154158377592832,3.0,0.48458416224071676
johanneskirchen,dlinear,summer_2024,41,1,2.839073723616134,4.0,1.160926276383866
johanneskirchen,dlinear,summer_2024,42,1,3.1077766370800655,4.0,0.8922233629199345
johanneskirchen,dlinear,summer_2024,43,1,3.559791520802129,5.0,1.4402084791978709
johanneskirchen,dlinear,summer_2024,44,1,4.276934780020217,6.0,1.723065219979783
johanneskirchen,dlinear,summer_2024,45,1,5.3636441147529,7.0,1.6363558852470996
johanneskirchen,dlinear,summer_2024,46,1,5.9170117004617975,7.0,1.0829882995382025
johanneskirchen,dlinear,summer_2024,47,1,5.454468966452321,5.0,0.45446896645232115
johanneskirchen,dlinear,summer_2024,48,2,5.690534893191697,7.0,1.309465106808303
johanneskirchen,dlinear,summer_2024,49,2,6.10020460962645,6.0,0.10020460962645039
johanneskirchen,dlinear,summer_2024,50,2,5.711403020665203,5.0,0.7114030206652027
johanneskirchen,dlinear,summer_2024,51,2,5.16390390217793,5.0,0.16390390217793005
johanneskirchen,dlinear,summer_2024,52,2,4.461842775729437,4.0,0.461842775729437
johanneskirchen,dlinear,summer_2024,53,2,4.213673650466326,4.0,0.21367365046632614
johanneskirchen,dlinear,summer_2024,54,2,3.4408592917246352,3.0,0.4408592917246352
johanneskirchen,dlinear,summer_2024,55,2,2.929190865192938,3.0,0.07080913480706208
johanneskirchen,dlinear,summer_2024,56,2,1.7580347775963077,1.0,0.7580347775963077
johanneskirchen,dlinear,summer_2024,57,2,0.7189326483220739,0.6,0.11893264832207395
johanneskirchen,dlinear,summer_2024,58,2,0.4448442615212329,1.0,0.5551557384787671
johanneskirchen,dlinear,summer_2024,59,2,0.07610855751025447,1.0,0.9238914424897455
johanneskirchen,dlinear,summer_2024,60,2,-0.29965652040959867,1.0,1.2996565204095987
johanneskirchen,dlinear,summer_2024,61,2,-0.24773620108448924,1.0,1.2477362010844892
johanneskirchen,dlinear,summer_2024,62,2,0.1286402552528294,1.0,0.8713597447471706
johanneskirchen,dlinear,summer_2024,63,2,0.3351936484044753,2.0,1.6648063515955247
johanneskirchen,dlinear,summer_2024,64,2,0.6825244096813616,2.0,1.3174755903186384
johanneskirchen,dlinear,summer_2024,65,2,0.7938327814124122,2.0,1.2061672185875878
johanneskirchen,dlinear,summer_2024,66,2,1.0510313049040825,2.0,0.9489686950959175
johanneskirchen,dlinear,summer_2024,67,2,1.7114310492121714,3.0,1.2885689507878286
johanneskirchen,dlinear,summer_2024,68,2,2.040797935088685,3.0,0.9592020649113149
johanneskirchen,dlinear,summer_2024,69,2,2.9394716963649437,5.0,2.0605283036350563
johanneskirchen,dlinear,summer_2024,70,2,2.7428571453281716,3.0,0.2571428546718284
johanneskirchen,dlinear,summer_2024,71,2,1.8711674074345002,1.0,0.8711674074345002
johanneskirchen,dlinear,summer_2024,72,3,1.2786435249929333,1.0,0.2786435249929333
johanneskirchen,dlinear,summer_2024,73,3,1.0412423234063244,1.0,0.04124232340632439
johanneskirchen,dlinear,summer_2024,74,3,0.7760765946894637,1.0,0.22392340531053634
johanneskirchen,dlinear,summer_2024,75,3,0.6730437038398112,2.0,1.3269562961601888
johanneskirchen,dlinear,summer_2024,76,3,0.9661879314125255,2.0,1.0338120685874745
johanneskirchen,dlinear,summer_2024,77,3,1.131690672932054,2.0,0.8683093270679461
johanneskirchen,dlinear,summer_2024,78,3,1.5369167731792022,3.0,1.4630832268207978
johanneskirchen,dlinear,summer_2024,79,3,2.066778801868389,3.0,0.9332211981316112
johanneskirchen,dlinear,summer_2024,80,3,1.9278953469232771,2.0,0.07210465307672287
johanneskirchen,dlinear,summer_2024,81,3,1.7762023598544676,2.0,0.22379764014553238
johanneskirchen,dlinear,summer_2024,82,3,1.9665742858468551,3.0,1.0334257141531449
johanneskirchen,dlinear,summer_2024,83,3,2.08584338495929,3.0,0.9141566150407101
johanneskirchen,dlinear,summer_2024,84,3,2.081680157142854,2.0,0.08168015714285382
johanneskirchen,dlinear,summer_2024,85,3,1.7997008987246037,2.0,0.2002991012753963
johanneskirchen,dlinear,summer_2024,86,3,1.7260351634093283,2.0,0.2739648365906717
johanneskirchen,dlinear,summer_2024,87,3,1.8325866509292297,3.0,1.1674133490707703
johanneskirchen,dlinear,summer_2024,88,3,1.7117367003507855,2.0,0.2882632996492145
johanneskirchen,dlinear,summer_2024,89,3,1.7294614892022242,3.0,1.2705385107977758
johanneskirchen,dlinear,summer_2024,90,3,2.2406948463574494,3.0,0.7593051536425506
johanneskirchen,dlinear,summer_2024,91,3,2.469429300651413,3.0,0.530570699348587
johanneskirchen,dlinear,summer_2024,92,3,2.20328791705273,3.0,0.7967120829472698
johanneskirchen,dlinear,summer_2024,93,3,1.9174599509368768,3.0,1.0825400490631232
johanneskirchen,dlinear,summer_2024,94,3,1.8782366210686199,4.0,2.12176337893138
johanneskirchen,dlinear,summer_2024,95,3,2.0610270660634455,4.0,1.9389729339365545
johanneskirchen,dlinear,summer_2024,96,4,2.328707688319378,3.0,0.671292311680622
johanneskirchen,dlinear,summer_2024,97,4,2.340487636714,3.0,0.6595123632859998
johanneskirchen,dlinear,summer_2024,98,4,2.539784269440558,3.0,0.4602157305594421
johanneskirchen,dlinear,summer_2024,99,4,2.785457229446065,3.0,0.2145427705539351
johanneskirchen,dlinear,summer_2024,100,4,3.074361655727836,3.0,0.07436165572783615
johanneskirchen,dlinear,summer_2024,101,4,3.2119075425632744,3.0,0.21190754256327438
johanneskirchen,dlinear,summer_2024,102,4,3.0399254230582287,3.0,0.03992542305822866
johanneskirchen,dlinear,summer_2024,103,4,3.1247711291318225,3.0,0.12477112913182253
johanneskirchen,dlinear,summer_2024,104,4,2.9770491414882017,3.0,0.022950858511798344
johanneskirchen,dlinear,summer_2024,105,4,2.4786124001212624,3.0,0.5213875998787376
johanneskirchen,dlinear,summer_2024,106,4,2.132341233382702,3.0,0.8676587666172981
johanneskirchen,dlinear,summer_2024,107,4,1.936994212351383,3.0,1.063005787648617
johanneskirchen,dlinear,summer_2024,108,4,2.1104301310731195,3.0,0.8895698689268805
johanneskirchen,dlinear,summer_2024,109,4,2.4398085500655773,4.0,1.5601914499344227
johanneskirchen,dlinear,summer_2024,110,4,2.695949368381773,3.0,0.3040506316182272
johanneskirchen,dlinear,summer_2024,111,4,3.3577808903540447,4.0,0.6422191096459553
johanneskirchen,dlinear,summer_2024,112,4,3.9602291378547747,4.0,0.039770862145225294
johanneskirchen,dlinear,summer_2024,113,4,3.8761397092266856,3.0,0.8761397092266856
johanneskirchen,dlinear,summer_2024,114,4,4.135098566193478,4.0,0.13509856619347804
johanneskirchen,dlinear,summer_2024,115,4,4.456154195863133,5.0,0.5438458041368666
johanneskirchen,dlinear,summer_2024,116,4,5.237111367185215,6.0,0.7628886328147848
johanneskirchen,dlinear,summer_2024,117,4,6.075678808614258,8.0,1.9243211913857419
johanneskirchen,dlinear,summer_2024,118,4,7.511430171012806,12.0,4.488569828987194
johanneskirchen,dlinear,summer_2024,119,4,8.564504321233667,11.0,2.4354956787663333
johanneskirchen,dlinear,summer_2024,120,5,9.667808281718372,12.0,2.332191718281628
johanneskirchen,dlinear,summer_2024,121,5,10.289039415238129,12.0,1.710960584761871
johanneskirchen,dlinear,summer_2024,122,5,10.682259348024486,10.0,0.6822593480244858
johanneskirchen,dlinear,summer_2024,123,5,12.960944240614062,10.0,2.9609442406140616
johanneskirchen,dlinear,summer_2024,124,5,13.606648742625588,9.0,4.6066487426255875
johanneskirchen,dlinear,summer_2024,125,5,12.282126809761923,8.0,4.282126809761923
johanneskirchen,dlinear,summer_2024,126,5,9.990363982634367,5.0,4.990363982634367
johanneskirchen,dlinear,summer_2024,127,5,7.872042143561663,3.0,4.872042143561663
johanneskirchen,dlinear,summer_2024,128,5,6.584871979553845,5.0,1.5848719795538448
johanneskirchen,dlinear,summer_2024,129,5,5.816925532608876,6.0,0.18307446739112443
johanneskirchen,dlinear,summer_2024,130,5,5.265924365680471,6.0,0.7340756343195292
johanneskirchen,dlinear,summer_2024,131,5,5.06721242431437,5.0,0.06721242431436991
johanneskirchen,dlinear,summer_2024,132,5,5.462801586417841,6.0,0.5371984135821588
johanneskirchen,dlinear,summer_2024,133,5,5.873320211635919,6.0,0.1266797883640809
johanneskirchen,dlinear,summer_2024,134,5,6.336322666686355,6.0,0.336322666686355
johanneskirchen,dlinear,summer_2024,135,5,7.92064190878158,9.0,1.0793580912184204
johanneskirchen,dlinear,summer_2024,136,5,13.553007674605531,36.0,22.44699232539447
johanneskirchen,dlinear,summer_2024,137,5,15.431722006597997,18.0,2.5682779934020026
johanneskirchen,dlinear,summer_2024,138,5,13.442635045917612,5.0,8.442635045917612
johanneskirchen,dlinear,summer_2024,139,5,11.324469845748698,5.0,6.324469845748698
johanneskirchen,dlinear,summer_2024,140,5,9.672188515883736,5.0,4.672188515883736
johanneskirchen,dlinear,summer_2024,141,5,8.617171625565241,5.0,3.6171716255652413
johanneskirchen,dlinear,summer_2024,142,5,7.6858692182289445,5.0,2.6858692182289445
johanneskirchen,dlinear,summer_2024,143,5,6.1540878514002255,5.0,1.1540878514002255
johanneskirchen,dlinear,summer_2024,144,6,4.614689643316275,4.0,0.6146896433162752
johanneskirchen,dlinear,summer_2024,145,6,3.615369632642679,3.0,0.615369632642679
johanneskirchen,dlinear,summer_2024,146,6,3.1535675823690728,4.0,0.8464324176309272
johanneskirchen,dlinear,summer_2024,147,6,3.266792258130124,6.0,2.733207741869876
johanneskirchen,dlinear,summer_2024,148,6,3.5044861439170667,4.0,0.4955138560829333
johanneskirchen,dlinear,summer_2024,149,6,3.7299442924217834,4.0,0.2700557075782166
johanneskirchen,dlinear,summer_2024,150,6,3.55071827591107,3.0,0.5507182759110698
johanneskirchen,dlinear,summer_2024,151,6,3.1531590644587535,3.0,0.1531590644587535
johanneskirchen,dlinear,summer_2024,152,6,3.1256088947555503,3.0,0.12560889475555026
johanneskirchen,dlinear,summer_2024,153,6,3.3689771831641098,3.0,0.36897718316410977
johanneskirchen,dlinear,summer_2024,154,6,3.9825365539194184,4.0,0.01746344608058159
johanneskirchen,dlinear,summer_2024,155,6,4.645127514957677,4.0,0.645127514957677
johanneskirchen,dlinear,summer_2024,156,6,4.607167304662052,3.0,1.6071673046620516
johanneskirchen,dlinear,summer_2024,157,6,4.438635034210055,3.0,1.438635034210055
johanneskirchen,dlinear,summer_2024,158,6,4.1098655427810655,3.0,1.1098655427810655
johanneskirchen,dlinear,summer_2024,159,6,3.8052796155012008,2.0,1.8052796155012008
johanneskirchen,dlinear,summer_2024,160,6,4.189697038121461,3.0,1.1896970381214613
johanneskirchen,dlinear,summer_2024,161,6,4.537926972617592,3.0,1.5379269726175924
johanneskirchen,dlinear,summer_2024,162,6,4.750153381441104,3.0,1.7501533814411037
johanneskirchen,dlinear,summer_2024,163,6,5.3415524038721,4.0,1.3415524038721003
johanneskirchen,dlinear,summer_2024,164,6,6.513324560207071,3.0,3.513324560207071
johanneskirchen,dlinear,summer_2024,165,6,7.647148210623584,2.0,5.647148210623584
johanneskirchen,dlinear,summer_2024,166,6,8.146877176098583,3.0,5.146877176098583
johanneskirchen,dlinear,summer_2024,167,6,8.8799343664984,4.0,4.8799343664984
johanneskirchen,dlinear,summer_2024,168,7,9.95811497948607,4.0,5.958114979486069
johanneskirchen,dlinear,summer_2024,169,7,10.79634534394877,3.0,7.79634534394877
johanneskirchen,dlinear,summer_2024,170,7,11.801080391097916,6.0,5.801080391097916
johanneskirchen,dlinear,summer_2024,171,7,12.663140579269086,7.0,5.663140579269086
johanneskirchen,dlinear,summer_2024,172,7,12.212280509474333,5.0,7.212280509474333
johanneskirchen,dlinear,summer_2024,173,7,11.904043257334184,7.0,4.904043257334184
johanneskirchen,dlinear,summer_2024,174,7,12.115684381500811,5.0,7.115684381500811
johanneskirchen,dlinear,summer_2024,175,7,10.567869075248707,3.0,7.567869075248707
johanneskirchen,dlinear,summer_2024,176,7,8.453357063062391,5.0,3.4533570630623913
johanneskirchen,dlinear,summer_2024,177,7,6.387404706869548,5.0,1.3874047068695479
johanneskirchen,dlinear,summer_2024,178,7,4.620448086341652,3.0,1.6204480863416517
johanneskirchen,dlinear,summer_2024,179,7,3.1908367137485154,2.0,1.1908367137485154
johanneskirchen,dlinear,summer_2024,180,7,2.6892300776707767,3.0,0.3107699223292233
johanneskirchen,dlinear,summer_2024,181,7,2.5928713055048007,3.0,0.4071286944951993
johanneskirchen,dlinear,summer_2024,182,7,2.8951603177799576,4.0,1.1048396822200424
johanneskirchen,dlinear,summer_2024,183,7,4.031640189508538,6.0,1.968359810491462
johanneskirchen,dlinear,summer_2024,184,7,4.852399037265967,5.0,0.14760096273403267
johanneskirchen,dlinear,summer_2024,185,7,5.006444591957556,3.0,2.006444591957556
johanneskirchen,dlinear,summer_2024,186,7,5.277493693386269,5.0,0.27749369338626906
johanneskirchen,dlinear,summer_2024,187,7,6.163466236969877,8.0,1.8365337630301228
johanneskirchen,dlinear,summer_2024,188,7,7.695095486317614,11.0,3.304904513682386
johanneskirchen,dlinear,summer_2024,189,7,9.324334000275748,9.0,0.32433400027574777
johanneskirchen,dlinear,summer_2024,190,7,10.93202008234104,9.0,1.9320200823410403
johanneskirchen,dlinear,summer_2024,191,7,12.58655045807828,16.0,3.41344954192172
johanneskirchen,dlinear,summer_2024,192,8,13.72950696839651,17.0,3.2704930316034897
johanneskirchen,dlinear,summer_2024,193,8,14.304103189440497,12.0,2.3041031894404966
johanneskirchen,dlinear,summer_2024,194,8,14.757768451729607,13.0,1.757768451729607
johanneskirchen,dlinear,summer_2024,195,8,15.066727927409058,12.0,3.066727927409058
johanneskirchen,dlinear,summer_2024,196,8,14.789042521820644,11.0,3.789042521820644
johanneskirchen,dlinear,summer_2024,197,8,13.764733475203217,8.0,5.764733475203217
johanneskirchen,dlinear,summer_2024,198,8,11.703701196361937,3.0,8.703701196361937
johanneskirchen,dlinear,summer_2024,199,8,9.142261419368882,2.0,7.142261419368882
johanneskirchen,dlinear,summer_2024,200,8,7.003125842920395,2.0,5.003125842920395
johanneskirchen,dlinear,summer_2024,201,8,6.0448216512421,4.0,2.0448216512421
johanneskirchen,dlinear,summer_2024,202,8,5.56705862876367,6.0,0.43294137123633014
johanneskirchen,dlinear,summer_2024,203,8,5.28825398071362,5.0,0.28825398071361974
johanneskirchen,dlinear,summer_2024,204,8,5.070158211503793,6.0,0.9298417884962067
johanneskirchen,dlinear,summer_2024,205,8,5.009817615821547,6.0,0.9901823841784534
johanneskirchen,dlinear,summer_2024,206,8,5.326034970127598,7.0,1.6739650298724023
johanneskirchen,dlinear,summer_2024,207,8,6.610489776025635,8.0,1.3895102239743649
johanneskirchen,dlinear,summer_2024,208,8,8.369918107625743,6.0,2.369918107625743
johanneskirchen,dlinear,summer_2024,209,8,9.930708845604196,7.0,2.9307088456041956
johanneskirchen,dlinear,summer_2024,210,8,11.647755865360175,13.0,1.3522441346398253
johanneskirchen,dlinear,summer_2024,211,8,13.564058360270248,14.0,0.43594163972975153
johanneskirchen,dlinear,summer_2024,212,8,15.26774259908316,10.0,5.26774259908316
johanneskirchen,dlinear,summer_2024,213,8,16.654508164430126,8.0,8.654508164430126
johanneskirchen,dlinear,summer_2024,214,8,18.514920356430018,10.0,8.514920356430018
johanneskirchen,dlinear,summer_2024,215,8,20.084667037475235,17.0,3.084667037475235
johanneskirchen,dlinear,summer_2024,216,9,20.757083776149834,20.0,0.7570837761498339
johanneskirchen,dlinear,summer_2024,217,9,20.43097733818024,15.0,5.4309773381802415
johanneskirchen,dlinear,summer_2024,218,9,19.549035602397083,13.0,6.549035602397083
johanneskirchen,dlinear,summer_2024,219,9,18.789128925893728,15.0,3.7891289258937277
johanneskirchen,dlinear,summer_2024,220,9,17.231508583354138,15.0,2.231508583354138
johanneskirchen,dlinear,summer_2024,221,9,14.960320246238659,14.0,0.9603202462386591
johanneskirchen,dlinear,summer_2024,222,9,12.012878066290646,11.0,1.0128780662906465
johanneskirchen,dlinear,summer_2024,223,9,9.56764959411493,9.0,0.5676495941149309
johanneskirchen,dlinear,summer_2024,224,9,8.282395949877532,9.0,0.7176040501224676
johanneskirchen,dlinear,summer_2024,225,9,7.925483221356144,11.0,3.074516778643856
johanneskirchen,dlinear,summer_2024,226,9,7.532557910629956,8.0,0.46744208937004394
johanneskirchen,dlinear,summer_2024,227,9,6.864170402255063,7.0,0.1358295977449373
johanneskirchen,dlinear,summer_2024,228,9,6.668637367351202,8.0,1.3313626326487977
johanneskirchen,dlinear,summer_2024,229,9,6.941413899302361,8.0,1.0585861006976387
johanneskirchen,dlinear,summer_2024,230,9,8.550137816580396,10.0,1.4498621834196044
johanneskirchen,dlinear,summer_2024,231,9,9.377512798739975,10.0,0.6224872012600251
johanneskirchen,dlinear,summer_2024,232,9,10.111221033120433,11.0,0.8887789668795669
johanneskirchen,dlinear,summer_2024,233,9,10.2243877183972,8.0,2.2243877183971996
johanneskirchen,dlinear,summer_2024,234,9,9.835449545220223,6.0,3.8354495452202233
johanneskirchen,dlinear,summer_2024,235,9,9.805940572901624,6.0,3.8059405729016245
johanneskirchen,dlinear,summer_2024,236,9,9.918244786118496,7.0,2.918244786118496
johanneskirchen,dlinear,summer_2024,237,9,10.605411379567435,10.0,0.6054113795674354
johanneskirchen,dlinear,summer_2024,238,9,11.296734048174242,11.0,0.2967340481742422
johanneskirchen,dlinear,summer_2024,239,9,11.594082870766648,7.0,4.594082870766648
johanneskirchen,dlinear,summer_2024,240,10,11.415017573319425,6.0,5.415017573319425
johanneskirchen,dlinear,summer_2024,241,10,11.156766563592674,7.0,4.156766563592674
johanneskirchen,dlinear,summer_2024,242,10,12.104747344711898,6.0,6.104747344711898
johanneskirchen,dlinear,summer_2024,243,10,11.859998066388322,6.0,5.8599980663883215
johanneskirchen,dlinear,summer_2024,244,10,10.726352158657317,5.0,5.726352158657317
johanneskirchen,dlinear,summer_2024,245,10,10.985919338567232,4.0,6.985919338567232
johanneskirchen,dlinear,summer_2024,246,10,11.490895137762763,4.0,7.490895137762763
johanneskirchen,dlinear,summer_2024,247,10,10.412675482486588,5.0,5.412675482486588
johanneskirchen,dlinear,summer_2024,248,10,9.452604357479427,7.0,2.4526043574794265
johanneskirchen,dlinear,summer_2024,249,10,9.034958990133717,8.0,1.0349589901337168
johanneskirchen,dlinear,summer_2024,250,10,8.29187483571943,7.0,1.2918748357194296
johanneskirchen,dlinear,summer_2024,251,10,8.159413150513668,9.0,0.840586849486332
johanneskirchen,dlinear,summer_2024,252,10,8.074124961128526,9.0,0.9258750388714745
johanneskirchen,dlinear,summer_2024,253,10,7.515491412594628,8.0,0.4845085874053723
johanneskirchen,dlinear,summer_2024,254,10,7.0041328853364035,8.0,0.9958671146635965
johanneskirchen,dlinear,summer_2024,255,10,6.466737785652757,8.0,1.5332622143472427
johanneskirchen,dlinear,summer_2024,256,10,5.911431209955682,7.0,1.0885687900443184
johanneskirchen,dlinear,summer_2024,257,10,5.396935852083734,6.0,0.6030641479162657
johanneskirchen,dlinear,summer_2024,258,10,5.269399916972489,7.0,1.730600083027511
johanneskirchen,dlinear,summer_2024,259,10,5.650171657046928,7.0,1.3498283429530717
johanneskirchen,dlinear,summer_2024,260,10,6.409083254052575,6.0,0.4090832540525753
johanneskirchen,dlinear,summer_2024,261,10,7.841325413116565,4.0,3.8413254131165653
johanneskirchen,dlinear,summer_2024,262,10,10.3513085125412,4.0,6.3513085125412
johanneskirchen,dlinear,summer_2024,263,10,13.096863949003028,6.0,7.096863949003028
johanneskirchen,dlinear,summer_2024,264,11,14.681166129010325,9.0,5.681166129010325
johanneskirchen,dlinear,summer_2024,265,11,15.57899011072844,11.0,4.578990110728441
johanneskirchen,dlinear,summer_2024,266,11,17.35705348499187,11.0,6.357053484991869
johanneskirchen,dlinear,summer_2024,267,11,18.63198538459163,10.0,8.63198538459163
johanneskirchen,dlinear,summer_2024,268,11,19.668261465019395,10.0,9.668261465019395
johanneskirchen,dlinear,summer_2024,269,11,18.70711683127331,8.0,10.70711683127331
johanneskirchen,dlinear,summer_2024,270,11,14.758378602484475,6.0,8.758378602484475
johanneskirchen,dlinear,summer_2024,271,11,10.87595497756729,6.0,4.8759549775672895
johanneskirchen,dlinear,summer_2024,272,11,8.786542658888894,9.0,0.2134573411111056
johanneskirchen,dlinear,summer_2024,273,11,7.271193979649583,8.0,0.728806020350417
johanneskirchen,dlinear,summer_2024,274,11,6.330232732586626,6.0,0.33023273258662567
johanneskirchen,dlinear,summer_2024,275,11,5.600782477815512,5.0,0.6007824778155122
johanneskirchen,dlinear,summer_2024,276,11,4.553916989855363,5.0,0.4460830101446369
johanneskirchen,dlinear,summer_2024,277,11,3.649195686635913,5.0,1.3508043133640868
johanneskirchen,dlinear,summer_2024,278,11,3.088174039132104,5.0,1.9118259608678958
johanneskirchen,dlinear,summer_2024,279,11,2.713523517228145,4.0,1.286476482771855
johanneskirchen,dlinear,summer_2024,280,11,2.4153612532207323,5.0,2.5846387467792677
johanneskirchen,dlinear,summer_2024,281,11,2.4295900880411825,5.0,2.5704099119588175
johanneskirchen,dlinear,summer_2024,282,11,2.847335863959085,6.0,3.152664136040915
johanneskirchen,dlinear,summer_2024,283,11,3.452069081605413,6.0,2.547930918394587
johanneskirchen,dlinear,summer_2024,284,11,3.8695955273411338,7.0,3.1304044726588662
johanneskirchen,dlinear,summer_2024,285,11,4.1576911557992915,6.0,1.8423088442007085
johanneskirchen,dlinear,summer_2024,286,11,4.149058099777095,4.0,0.14905809977709517
johanneskirchen,dlinear,summer_2024,287,11,4.092628114121,2.0,2.092628114121
johanneskirchen,dlinear,summer_2024,288,12,4.069854287377053,4.0,0.06985428737705313
johanneskirchen,dlinear,summer_2024,289,12,4.3586913197944535,4.0,0.35869131979445346
johanneskirchen,dlinear,summer_2024,290,12,5.2679620726133045,3.0,2.2679620726133045
johanneskirchen,dlinear,summer_2024,291,12,5.573543107662143,2.0,3.573543107662143
johanneskirchen,dlinear,summer_2024,292,12,4.978443566195626,2.0,2.978443566195626
johanneskirchen,dlinear,summer_2024,293,12,4.3578060472332645,3.0,1.3578060472332645
johanneskirchen,dlinear,summer_2024,294,12,3.620427790970938,3.0,0.6204277909709379
johanneskirchen,dlinear,summer_2024,295,12,2.802570906042236,2.0,0.8025709060422361
johanneskirchen,dlinear,summer_2024,296,12,2.252561844282301,2.0,0.252561844282301
johanneskirchen,dlinear,summer_2024,297,12,2.069009052055941,2.0,0.06900905205594121
johanneskirchen,dlinear,summer_2024,298,12,2.0369076820899448,2.0,0.03690768208994477
johanneskirchen,dlinear,summer_2024,299,12,2.364830153866418,3.0,0.6351698461335822
johanneskirchen,dlinear,summer_2024,300,12,2.5666707706089493,3.0,0.4333292293910507
johanneskirchen,dlinear,summer_2024,301,12,2.679334128935201,3.0,0.32066587106479894
johanneskirchen,dlinear,summer_2024,302,12,8.751409394757076,26.0,17.248590605242924
johanneskirchen,dlinear,summer_2024,303,12,7.531020284569089,4.0,3.531020284569089
johanneskirchen,dlinear,summer_2024,304,12,5.9805899637928,4.0,1.9805899637928004
johanneskirchen,dlinear,summer_2024,305,12,5.451753250563005,5.0,0.4517532505630051
johanneskirchen,dlinear,summer_2024,306,12,5.713310352704066,6.0,0.28668964729593416
johanneskirchen,dlinear,summer_2024,307,12,5.721016482354107,6.0,0.2789835176458926
johanneskirchen,dlinear,summer_2024,308,12,6.099496910463149,7.0,0.9005030895368513
johanneskirchen,dlinear,summer_2024,309,12,6.723283992270748,4.0,2.7232839922707477
johanneskirchen,dlinear,summer_2024,310,12,7.674086915519157,3.0,4.674086915519157
johanneskirchen,dlinear,summer_2024,311,12,8.491713518723488,7.0,1.491713518723488
johanneskirchen,dlinear,summer_2024,312,13,8.55505940436742,6.0,2.5550594043674195
johanneskirchen,dlinear,summer_2024,313,13,8.547732007167534,6.0,2.547732007167534
johanneskirchen,dlinear,summer_2024,314,13,9.82746382649954,5.0,4.827463826499541
johanneskirchen,dlinear,summer_2024,315,13,11.008672343876407,6.0,5.008672343876407
johanneskirchen,dlinear,summer_2024,316,13,11.613004134517894,8.0,3.613004134517894
johanneskirchen,dlinear,summer_2024,317,13,11.077588077878204,5.0,6.077588077878204
johanneskirchen,dlinear,summer_2024,318,13,9.418788681234396,4.0,5.418788681234396
johanneskirchen,dlinear,summer_2024,319,13,7.948541024367088,7.0,0.9485410243670884
johanneskirchen,dlinear,summer_2024,320,13,6.219574516697961,6.0,0.21957451669796058
johanneskirchen,dlinear,summer_2024,321,13,4.69505679759666,4.0,0.69505679759666
johanneskirchen,dlinear,summer_2024,322,13,3.8317953043082733,4.0,0.1682046956917267
johanneskirchen,dlinear,summer_2024,323,13,3.0140842143640025,3.0,0.014084214364002534
johanneskirchen,dlinear,summer_2024,324,13,2.6199353045781333,4.0,1.3800646954218667
johanneskirchen,dlinear,summer_2024,325,13,2.7446374517047456,4.0,1.2553625482952544
johanneskirchen,dlinear,summer_2024,326,13,2.7413724960106736,4.0,1.2586275039893264
johanneskirchen,dlinear,summer_2024,327,13,2.729413512253389,4.0,1.2705864877466109
johanneskirchen,dlinear,summer_2024,328,13,2.263938218343492,3.0,0.7360617816565078
johanneskirchen,dlinear,summer_2024,329,13,2.151617361352047,3.0,0.8483826386479532
johanneskirchen,dlinear,summer_2024,330,13,2.2355282715557525,4.0,1.7644717284442475
johanneskirchen,dlinear,summer_2024,331,13,2.599971590856449,4.0,1.4000284091435509
johanneskirchen,dlinear,summer_2024,332,13,3.386989456742306,6.0,2.613010543257694
johanneskirchen,dlinear,summer_2024,333,13,4.288228688450116,8.0,3.7117713115498843
johanneskirchen,dlinear,summer_2024,334,13,4.97755576245331,8.0,3.02244423754669
johanneskirchen,dlinear,summer_2024,335,13,5.867656244106647,8.0,2.132343755893353
johanneskirchen,dlinear,summer_2024,336,14,6.804155501046969,9.0,2.195844498953031
johanneskirchen,dlinear,summer_2024,337,14,7.678272352441763,10.0,2.3217276475582374
johanneskirchen,dlinear,summer_2024,338,14,8.625930366903974,11.0,2.374069633096026
johanneskirchen,dlinear,summer_2024,339,14,9.093369984151803,9.0,0.09336998415180275
johanneskirchen,dlinear,summer_2024,340,14,9.189926125457268,9.0,0.1899261254572675
johanneskirchen,dlinear,summer_2024,341,14,8.630727422922964,8.0,0.6307274229229645
johanneskirchen,dlinear,summer_2024,342,14,7.627194635353584,6.0,1.6271946353535842
johanneskirchen,dlinear,summer_2024,343,14,6.631040762066508,5.0,1.6310407620665082
johanneskirchen,dlinear,summer_2024,344,14,5.977831558210474,4.0,1.9778315582104744
johanneskirchen,dlinear,summer_2024,345,14,5.460172356682206,4.0,1.4601723566822056
johanneskirchen,dlinear,summer_2024,346,14,5.345315091494456,5.0,0.34531509149445583
johanneskirchen,dlinear,summer_2024,347,14,5.313597849165923,4.0,1.313597849165923
johanneskirchen,dlinear,summer_2024,348,14,5.699827210796947,5.0,0.699827210796947
johanneskirchen,dlinear,summer_2024,349,14,6.431535211464936,6.0,0.43153521146493556
johanneskirchen,dlinear,summer_2024,350,14,7.173612592898444,7.0,0.17361259289844444
johanneskirchen,dlinear,summer_2024,351,14,7.573378420382508,7.0,0.5733784203825083
johanneskirchen,dlinear,summer_2024,352,14,8.194060056190377,8.0,0.19406005619037714
johanneskirchen,dlinear,summer_2024,353,14,9.02395002110835,9.0,0.023950021108349873
johanneskirchen,dlinear,summer_2024,354,14,10.06018874657047,11.0,0.9398112534295304
johanneskirchen,dlinear,summer_2024,355,14,10.91239920358864,12.0,1.08760079641136
johanneskirchen,dlinear,summer_2024,356,14,12.075659927354375,14.0,1.9243400726456255
johanneskirchen,dlinear,summer_2024,357,14,13.954528172921599,15.0,1.0454718270784014
johanneskirchen,dlinear,summer_2024,358,14,14.242466758213311,12.0,2.242466758213311
johanneskirchen,dlinear,summer_2024,359,14,13.808578580197722,13.0,0.8085785801977217
johanneskirchen,dlinear,summer_2024,360,15,11.812201110417774,8.0,3.8122011104177744
johanneskirchen,dlinear,summer_2024,361,15,10.252752243344913,6.0,4.252752243344913
johanneskirchen,dlinear,summer_2024,362,15,9.849065968281524,5.0,4.849065968281524
johanneskirchen,dlinear,summer_2024,363,15,10.497617435938208,6.0,4.497617435938208
johanneskirchen,dlinear,summer_2024,364,15,10.857812379953586,6.0,4.857812379953586
johanneskirchen,dlinear,summer_2024,365,15,10.192746001716706,6.0,4.192746001716706
johanneskirchen,dlinear,summer_2024,366,15,8.923868434943014,6.0,2.9238684349430137
johanneskirchen,dlinear,summer_2024,367,15,7.542141266304044,7.0,0.5421412663040437
johanneskirchen,dlinear,summer_2024,368,15,6.30125163611415,5.0,1.3012516361141504
johanneskirchen,dlinear,summer_2024,369,15,5.235095300724389,4.0,1.2350953007243888
johanneskirchen,dlinear,summer_2024,370,15,4.236001367406164,6.0,1.763998632593836
johanneskirchen,dlinear,summer_2024,371,15,3.4682887711255637,7.0,3.5317112288744363
johanneskirchen,dlinear,summer_2024,372,15,3.016063759035637,6.0,2.983936240964363
johanneskirchen,dlinear,summer_2024,373,15,2.6986521477725454,5.0,2.3013478522274546
johanneskirchen,dlinear,summer_2024,374,15,2.5828136202308425,4.0,1.4171863797691575
johanneskirchen,dlinear,summer_2024,375,15,2.525127782780759,5.0,2.474872217219241
johanneskirchen,dlinear,summer_2024,376,15,2.6284949549559062,6.0,3.3715050450440938
johanneskirchen,dlinear,summer_2024,377,15,2.8660470494086834,5.0,2.1339529505913166
johanneskirchen,dlinear,summer_2024,378,15,3.276756913742683,6.0,2.723243086257317
johanneskirchen,dlinear,summer_2024,379,15,3.9794313847846015,7.0,3.0205686152153985
johanneskirchen,dlinear,summer_2024,380,15,4.8570750357302925,7.0,2.1429249642697075
johanneskirchen,dlinear,summer_2024,381,15,6.369682712707279,7.0,0.630317287292721
johanneskirchen,dlinear,summer_2024,382,15,8.831789885184472,6.0,2.831789885184472
johanneskirchen,dlinear,summer_2024,383,15,9.552500011322966,3.0,6.552500011322966
johanneskirchen,dlinear,summer_2024,384,16,8.162570005580765,2.0,6.162570005580765
johanneskirchen,dlinear,summer_2024,385,16,7.555516750968908,4.0,3.5555167509689083
johanneskirchen,dlinear,summer_2024,386,16,8.628910085640076,6.0,2.6289100856400758
johanneskirchen,dlinear,summer_2024,387,16,8.533950874181137,7.0,1.5339508741811372
johanneskirchen,dlinear,summer_2024,388,16,8.36948328584266,7.0,1.3694832858426604
johanneskirchen,dlinear,summer_2024,389,16,8.607499771178967,8.0,0.6074997711789667
johanneskirchen,dlinear,summer_2024,390,16,7.714611244921808,5.0,2.714611244921808
johanneskirchen,dlinear,summer_2024,391,16,6.8029521838359965,5.0,1.8029521838359965
johanneskirchen,dlinear,summer_2024,392,16,6.032147655982843,5.0,1.0321476559828433
johanneskirchen,dlinear,summer_2024,393,16,5.335119690103577,4.0,1.3351196901035767
johanneskirchen,dlinear,summer_2024,394,16,4.7553966150525815,4.0,0.7553966150525815
johanneskirchen,dlinear,summer_2024,395,16,4.450899608302065,4.0,0.4508996083020653
johanneskirchen,dlinear,summer_2024,396,16,4.126943526598634,4.0,0.12694352659863384
johanneskirchen,dlinear,summer_2024,397,16,3.989370543732562,4.0,0.010629456267437831
johanneskirchen,dlinear,summer_2024,398,16,4.3874489217081365,5.0,0.6125510782918635
johanneskirchen,dlinear,summer_2024,399,16,4.695141908624504,5.0,0.3048580913754959
johanneskirchen,dlinear,summer_2024,400,16,4.911528185150384,5.0,0.08847181484961641
johanneskirchen,dlinear,summer_2024,401,16,5.07480008887101,5.0,0.07480008887100986
johanneskirchen,dlinear,summer_2024,402,16,5.034390351266394,5.0,0.03439035126639389
johanneskirchen,dlinear,summer_2024,403,16,5.541616442420825,6.0,0.45838355757917526
johanneskirchen,dlinear,summer_2024,404,16,6.518576007335925,7.0,0.4814239926640749
johanneskirchen,dlinear,summer_2024,405,16,7.6037480736525485,8.0,0.39625192634745154
johanneskirchen,dlinear,summer_2024,406,16,8.568934591778948,7.0,1.5689345917789481
johanneskirchen,dlinear,summer_2024,407,16,9.429022579869635,7.0,2.4290225798696348
johanneskirchen,dlinear,summer_2024,408,17,10.272534061251411,9.0,1.2725340612514113
johanneskirchen,dlinear,summer_2024,409,17,11.444917403210999,10.0,1.444917403210999
johanneskirchen,dlinear,summer_2024,410,17,12.300858574572441,8.0,4.300858574572441
johanneskirchen,dlinear,summer_2024,411,17,13.124141012916903,9.0,4.124141012916903
johanneskirchen,dlinear,summer_2024,412,17,13.803219491980101,10.0,3.8032194919801015
johanneskirchen,dlinear,summer_2024,413,17,14.5641214138785,10.0,4.5641214138785
johanneskirchen,dlinear,summer_2024,414,17,12.994749503948084,4.0,8.994749503948084
johanneskirchen,dlinear,summer_2024,415,17,11.017106677229714,5.0,6.017106677229714
johanneskirchen,dlinear,summer_2024,416,17,8.955488241577694,5.0,3.9554882415776937
johanneskirchen,dlinear,summer_2024,417,17,7.5441156881587865,5.0,2.5441156881587865
johanneskirchen,dlinear,summer_2024,418,17,7.124272544391139,7.0,0.12427254439113877
johanneskirchen,dlinear,summer_2024,419,17,7.081198879091766,7.0,0.08119887909176615
johanneskirchen,dlinear,summer_2024,420,17,6.759449797202008,6.0,0.7594497972020076
johanneskirchen,dlinear,summer_2024,421,17,6.4306306363626335,6.0,0.43063063636263355
johanneskirchen,dlinear,summer_2024,422,17,6.418455171860305,7.0,0.5815448281396947
johanneskirchen,dlinear,summer_2024,423,17,6.833651683407045,8.0,1.1663483165929547
johanneskirchen,dlinear,summer_2024,424,17,7.0424057575423475,7.0,0.042405757542347544
johanneskirchen,dlinear,summer_2024,425,17,7.172793731804552,6.0,1.1727937318045516
johanneskirchen,dlinear,summer_2024,426,17,7.754564188128605,9.0,1.2454358118713946
johanneskirchen,dlinear,summer_2024,427,17,12.233021476782875,18.0,5.766978523217125
johanneskirchen,dlinear,summer_2024,428,17,12.85677221390331,11.0,1.8567722139033105
johanneskirchen,dlinear,summer_2024,429,17,13.611367025980575,12.0,1.6113670259805755
johanneskirchen,dlinear,summer_2024,430,17,13.941839002107141,8.0,5.941839002107141
johanneskirchen,dlinear,summer_2024,431,17,14.30727231705238,9.0,5.30727231705238
johanneskirchen,dlinear,summer_2024,432,18,14.425931060306928,11.0,3.4259310603069277
johanneskirchen,dlinear,summer_2024,433,18,14.655306834619168,11.0,3.655306834619168
johanneskirchen,dlinear,summer_2024,434,18,15.045685435976125,11.0,4.045685435976125
johanneskirchen,dlinear,summer_2024,435,18,15.64163665446749,13.0,2.64163665446749
johanneskirchen,dlinear,summer_2024,436,18,16.249038496268096,10.0,6.249038496268096
johanneskirchen,dlinear,summer_2024,437,18,16.058656715589873,12.0,4.058656715589873
johanneskirchen,dlinear,summer_2024,438,18,15.668339982706009,13.0,2.6683399827060086
johanneskirchen,dlinear,summer_2024,439,18,14.505584496066504,10.0,4.505584496066504
johanneskirchen,dlinear,summer_2024,440,18,13.488079767521565,11.0,2.4880797675215653
johanneskirchen,dlinear,summer_2024,441,18,12.308132048703357,11.0,1.3081320487033565
johanneskirchen,dlinear,summer_2024,442,18,11.502335814855757,11.0,0.5023358148557566
johanneskirchen,dlinear,summer_2024,443,18,10.819035838980922,10.0,0.8190358389809216
johanneskirchen,dlinear,summer_2024,444,18,10.64554367898652,11.0,0.3544563210134797
johanneskirchen,dlinear,summer_2024,445,18,10.497640131667007,11.0,0.5023598683329933
johanneskirchen,dlinear,summer_2024,446,18,10.36111703527899,10.0,0.36111703527899053
johanneskirchen,dlinear,summer_2024,447,18,10.193172047280719,11.0,0.8068279527192814
johanneskirchen,dlinear,summer_2024,448,18,10.194670743700723,11.0,0.8053292562992773
johanneskirchen,dlinear,summer_2024,449,18,10.917321520256674,11.0,0.08267847974332554
johanneskirchen,dlinear,summer_2024,450,18,11.376838340662836,12.0,0.623161659337164
johanneskirchen,dlinear,summer_2024,451,18,14.031143415092071,18.0,3.968856584907929
johanneskirchen,dlinear,summer_2024,452,18,16.272091557267785,18.0,1.7279084427322147
johanneskirchen,dlinear,summer_2024,453,18,17.323062176244296,17.0,0.3230621762442958
johanneskirchen,dlinear,summer_2024,454,18,17.590470679987096,18.0,0.4095293200129042
johanneskirchen,dlinear,summer_2024,455,18,15.933359323180657,12.0,3.9333593231806567
johanneskirchen,dlinear,summer_2024,456,19,13.938026348301765,12.0,1.938026348301765
johanneskirchen,dlinear,summer_2024,457,19,12.599628486992918,12.0,0.599628486992918
johanneskirchen,dlinear,summer_2024,458,19,12.192512182350736,13.0,0.8074878176492639
johanneskirchen,dlinear,summer_2024,459,19,11.976848320508998,13.0,1.0231516794910025
johanneskirchen,dlinear,summer_2024,460,19,11.943609061709594,13.0,1.0563909382904058
johanneskirchen,dlinear,summer_2024,461,19,11.980130229570586,12.0,0.019869770429414402
johanneskirchen,dlinear,summer_2024,462,19,11.782925821375118,11.0,0.7829258213751178
johanneskirchen,dlinear,summer_2024,463,19,11.114252704917952,11.0,0.11425270491795203
johanneskirchen,dlinear,summer_2024,464,19,10.185511924036094,10.0,0.18551192403609384
johanneskirchen,dlinear,summer_2024,465,19,9.667753958508778,10.0,0.3322460414912225
johanneskirchen,dlinear,summer_2024,466,19,9.43160272374742,10.0,0.5683972762525809
johanneskirchen,dlinear,summer_2024,467,19,9.285872869853446,9.0,0.2858728698534456
johanneskirchen,dlinear,summer_2024,468,19,9.315602934320834,9.0,0.3156029343208342
johanneskirchen,dlinear,summer_2024,469,19,10.33554290387308,11.0,0.6644570961269203
johanneskirchen,dlinear,summer_2024,470,19,13.279846327197003,12.0,1.2798463271970029
johanneskirchen,dlinear,summer_2024,471,19,15.164446314825394,8.0,7.164446314825394
johanneskirchen,dlinear,summer_2024,472,19,16.338355014600992,6.0,10.338355014600992
johanneskirchen,dlinear,summer_2024,473,19,15.072038067590752,6.0,9.072038067590752
johanneskirchen,dlinear,summer_2024,474,19,13.955333920491316,8.0,5.9553339204913165
johanneskirchen,dlinear,summer_2024,475,19,13.75607507863111,9.0,4.75607507863111
johanneskirchen,dlinear,summer_2024,476,19,13.236525846507012,10.0,3.2365258465070124
johanneskirchen,dlinear,summer_2024,477,19,13.033284517554579,12.0,1.0332845175545788
johanneskirchen,dlinear,summer_2024,478,19,14.267654061719067,16.0,1.7323459382809325
johanneskirchen,dlinear,summer_2024,479,19,16.136250460709107,19.0,2.863749539290893
johanneskirchen,dlinear,summer_2024,480,20,17.873321718397364,16.0,1.8733217183973636
johanneskirchen,dlinear,summer_2024,481,20,19.285135589362635,16.0,3.2851355893626355
johanneskirchen,dlinear,summer_2024,482,20,20.338794362375626,17.0,3.3387943623756264
johanneskirchen,dlinear,summer_2024,483,20,19.750966150162824,18.0,1.7509661501628244
johanneskirchen,dlinear,summer_2024,484,20,19.9689145156187,15.0,4.9689145156187
johanneskirchen,dlinear,summer_2024,485,20,18.164280258704373,10.0,8.164280258704373
johanneskirchen,dlinear,summer_2024,486,20,15.179418097264081,8.0,7.179418097264081
johanneskirchen,dlinear,summer_2024,487,20,12.252632662728821,8.0,4.252632662728821
johanneskirchen,dlinear,summer_2024,488,20,10.306508544675761,10.0,0.3065085446757614
johanneskirchen,dlinear,summer_2024,489,20,9.567680975077547,11.0,1.432319024922453
johanneskirchen,dlinear,summer_2024,490,20,9.68379126566823,14.0,4.31620873433177
johanneskirchen,dlinear,summer_2024,491,20,10.051157776606255,13.0,2.9488422233937452
johanneskirchen,dlinear,summer_2024,492,20,10.226219032078859,13.0,2.773780967921141
johanneskirchen,dlinear,summer_2024,493,20,10.262064109182283,13.0,2.7379358908177167
johanneskirchen,dlinear,summer_2024,494,20,10.483929438982349,12.0,1.516070561017651
johanneskirchen,dlinear,summer_2024,495,20,10.574765517935408,12.0,1.4252344820645924
johanneskirchen,dlinear,summer_2024,496,20,10.802029943616153,13.0,2.1979700563838467
johanneskirchen,dlinear,summer_2024,497,20,10.88665514857691,13.0,2.11334485142309
johanneskirchen,dlinear,summer_2024,498,20,9.199666656073662,8.0,1.1996666560736617
johanneskirchen,dlinear,summer_2024,499,20,8.985706871142208,9.0,0.014293128857792325
johanneskirchen,dlinear,summer_2024,500,20,9.551601489173907,7.0,2.5516014891739065
johanneskirchen,dlinear,summer_2024,501,20,9.713961362713935,5.0,4.713961362713935
johanneskirchen,dlinear,summer_2024,502,20,8.885363019909466,4.0,4.885363019909466
johanneskirchen,dlinear,summer_2024,503,20,7.806386047387077,5.0,2.806386047387077
johanneskirchen,dlinear,summer_2024,504,21,6.456550992519997,5.0,1.4565509925199969
johanneskirchen,dlinear,summer_2024,505,21,5.02076053457559,4.0,1.0207605345755901
johanneskirchen,dlinear,summer_2024,506,21,3.888614877371662,2.0,1.888614877371662
johanneskirchen,dlinear,summer_2024,507,21,3.2547437853335026,2.0,1.2547437853335026
johanneskirchen,dlinear,summer_2024,508,21,3.0688399833593856,3.0,0.06883998335938557
johanneskirchen,dlinear,summer_2024,509,21,3.2498396307414117,2.0,1.2498396307414117
johanneskirchen,dlinear,summer_2024,510,21,3.431962360321207,2.0,1.431962360321207
johanneskirchen,dlinear,summer_2024,511,21,3.569486163720681,3.0,0.569486163720681
johanneskirchen,dlinear,summer_2024,512,21,3.7451786551591653,3.0,0.7451786551591653
johanneskirchen,dlinear,summer_2024,513,21,3.8276592226567834,3.0,0.8276592226567834
johanneskirchen,dlinear,summer_2024,514,21,4.142052081854931,5.0,0.8579479181450687
johanneskirchen,dlinear,summer_2024,515,21,4.650619325878225,5.0,0.3493806741217753
johanneskirchen,dlinear,summer_2024,516,21,5.026937726026262,5.0,0.026937726026262432
johanneskirchen,dlinear,summer_2024,517,21,5.943236473091749,8.0,2.0567635269082514
johanneskirchen,dlinear,summer_2024,518,21,6.951595352528437,7.0,0.048404647471563145
johanneskirchen,dlinear,summer_2024,519,21,7.272538755892502,3.0,4.272538755892502
johanneskirchen,dlinear,summer_2024,520,21,7.42090780554829,4.0,3.42090780554829
johanneskirchen,dlinear,summer_2024,521,21,6.980718358223759,5.0,1.9807183582237586
johanneskirchen,dlinear,summer_2024,522,21,6.517449443483433,7.0,0.48255055651656686
johanneskirchen,dlinear,summer_2024,523,21,6.395219134922346,9.0,2.604780865077654
johanneskirchen,dlinear,summer_2024,524,21,6.532569637712347,7.0,0.46743036228765256
johanneskirchen,dlinear,summer_2024,525,21,6.322238161511611,3.0,3.3222381615116108
johanneskirchen,dlinear,summer_2024,526,21,6.342790488616393,4.0,2.3427904886163926
johanneskirchen,dlinear,summer_2024,527,21,6.1448528841341945,7.0,0.8551471158658055
johanneskirchen,dlinear,summer_2024,528,22,5.692480268656389,6.0,0.30751973134361066
johanneskirchen,dlinear,summer_2024,529,22,5.119226694988954,4.0,1.1192266949889538
johanneskirchen,dlinear,summer_2024,530,22,4.718071980662039,5.0,0.2819280193379612
johanneskirchen,dlinear,summer_2024,531,22,4.4735492262349,7.0,2.5264507737650996
johanneskirchen,dlinear,summer_2024,532,22,4.716473679755084,7.0,2.283526320244916
johanneskirchen,dlinear,summer_2024,533,22,4.637378509488538,5.0,0.3626214905114624
johanneskirchen,dlinear,summer_2024,534,22,4.651070484343054,6.0,1.3489295156569456
johanneskirchen,dlinear,summer_2024,535,22,5.128342420626023,5.0,0.12834242062602286
johanneskirchen,dlinear,summer_2024,536,22,5.050872616512134,2.0,3.050872616512134
johanneskirchen,dlinear,summer_2024,537,22,4.393989053476742,3.0,1.3939890534767416
johanneskirchen,dlinear,summer_2024,538,22,4.098850663621187,4.0,0.098850663621187
johanneskirchen,dlinear,summer_2024,539,22,4.040496103219806,6.0,1.9595038967801939
johanneskirchen,dlinear,summer_2024,540,22,3.8944900752226737,6.0,2.1055099247773263
johanneskirchen,dlinear,summer_2024,541,22,3.7960804254105494,6.0,2.2039195745894506
johanneskirchen,dlinear,summer_2024,542,22,3.8366943542384977,5.0,1.1633056457615023
johanneskirchen,dlinear,summer_2024,543,22,3.7021814887627125,5.0,1.2978185112372875
johanneskirchen,dlinear,summer_2024,544,22,3.379621984090031,4.0,0.620378015909969
johanneskirchen,dlinear,summer_2024,545,22,3.169239516689464,4.0,0.8307604833105362
johanneskirchen,dlinear,summer_2024,546,22,3.250947697434518,4.0,0.7490523025654818
johanneskirchen,dlinear,summer_2024,547,22,3.8053952562690707,6.0,2.1946047437309293
johanneskirchen,dlinear,summer_2024,548,22,3.965013037550918,4.0,0.03498696244908217
johanneskirchen,dlinear,summer_2024,549,22,4.73941103692705,6.0,1.2605889630729497
johanneskirchen,dlinear,summer_2024,550,22,6.366083066380965,3.0,3.3660830663809653
johanneskirchen,dlinear,summer_2024,551,22,7.691615001466399,2.0,5.691615001466399
johanneskirchen,dlinear,summer_2024,552,23,7.936484261109129,3.0,4.936484261109129
johanneskirchen,dlinear,summer_2024,553,23,6.801743497706654,4.0,2.8017434977066538
johanneskirchen,dlinear,summer_2024,554,23,5.842448353778202,4.0,1.8424483537782024
johanneskirchen,dlinear,summer_2024,555,23,5.357481607159107,4.0,1.357481607159107
johanneskirchen,dlinear,summer_2024,556,23,5.217224564759598,5.0,0.21722456475959806
johanneskirchen,dlinear,summer_2024,557,23,5.218217950139895,4.0,1.2182179501398949
johanneskirchen,dlinear,summer_2024,558,23,5.033557492901517,4.0,1.033557492901517
johanneskirchen,dlinear,summer_2024,559,23,4.416247631654273,5.0,0.5837523683457269
johanneskirchen,dlinear,summer_2024,560,23,3.6687465613656283,4.0,0.33125343863437173
johanneskirchen,dlinear,summer_2024,561,23,3.3569540078333233,4.0,0.6430459921666767
johanneskirchen,dlinear,summer_2024,562,23,3.0442648830167247,3.0,0.04426488301672471
johanneskirchen,dlinear,summer_2024,563,23,2.7148473063198093,3.0,0.2851526936801907
johanneskirchen,dlinear,summer_2024,564,23,2.4728396771012005,2.0,0.47283967710120045
johanneskirchen,dlinear,summer_2024,565,23,2.3114093055335427,3.0,0.6885906944664573
johanneskirchen,dlinear,summer_2024,566,23,2.0823844396827074,2.0,0.08238443968270737
johanneskirchen,dlinear,summer_2024,567,23,2.250639456208436,3.0,0.749360543791564
johanneskirchen,dlinear,summer_2024,568,23,2.639487683125414,3.0,0.36051231687458607
johanneskirchen,dlinear,summer_2024,569,23,3.173541090331681,3.0,0.17354109033168097
johanneskirchen,dlinear,summer_2024,570,23,3.4295184284924716,4.0,0.5704815715075284
johanneskirchen,dlinear,summer_2024,571,23,3.975653212102726,5.0,1.024346787897274
johanneskirchen,dlinear,summer_2024,572,23,4.8996394135192665,7.0,2.1003605864807335
johanneskirchen,dlinear,summer_2024,573,23,5.788682108308093,8.0,2.211317891691907
johanneskirchen,dlinear,summer_2024,574,23,6.192222024178971,7.0,0.8077779758210291
johanneskirchen,dlinear,summer_2024,575,23,6.364201237288337,7.0,0.635798762711663
johanneskirchen,dlinear,summer_2024,576,24,6.548090675811897,8.0,1.4519093241881027
johanneskirchen,dlinear,summer_2024,577,24,6.514179498378615,9.0,2.485820501621385
johanneskirchen,dlinear,summer_2024,578,24,6.507773859136578,9.0,2.492226140863422
johanneskirchen,dlinear,summer_2024,579,24,6.761554491299832,9.0,2.238445508700168
johanneskirchen,dlinear,summer_2024,580,24,7.362465951363728,10.0,2.6375340486362724
johanneskirchen,dlinear,summer_2024,581,24,7.511916795759069,9.0,1.4880832042409313
johanneskirchen,dlinear,summer_2024,582,24,7.302872630527574,8.0,0.697127369472426
johanneskirchen,dlinear,summer_2024,583,24,6.651727367870626,5.0,1.6517273678706257
johanneskirchen,dlinear,summer_2024,584,24,5.509837715610069,3.0,2.509837715610069
johanneskirchen,dlinear,summer_2024,585,24,4.665914561401637,3.0,1.665914561401637
johanneskirchen,dlinear,summer_2024,586,24,4.266435208415226,4.0,0.26643520841522594
johanneskirchen,dlinear,summer_2024,587,24,3.8872991236811716,3.0,0.8872991236811716
johanneskirchen,dlinear,summer_2024,588,24,3.7683941518157624,3.0,0.7683941518157624
johanneskirchen,dlinear,summer_2024,589,24,3.5324773926108373,4.0,0.46752260738916274
johanneskirchen,dlinear,summer_2024,590,24,3.3059617893884186,3.0,0.30596178938841856
johanneskirchen,dlinear,summer_2024,591,24,4.701361048320871,6.0,1.2986389516791288
johanneskirchen,dlinear,summer_2024,592,24,5.135773906137497,4.0,1.135773906137497
johanneskirchen,dlinear,summer_2024,593,24,10.662541019594503,22.0,11.337458980405497
johanneskirchen,dlinear,summer_2024,594,24,14.99190414625248,25.0,10.00809585374752
johanneskirchen,dlinear,summer_2024,595,24,17.76659205962057,36.0,18.23340794037943
johanneskirchen,dlinear,summer_2024,596,24,17.687505888299157,13.0,4.687505888299157
johanneskirchen,dlinear,summer_2024,597,24,15.738551147723962,12.0,3.738551147723962
johanneskirchen,dlinear,summer_2024,598,24,14.018379963568096,13.0,1.018379963568096
johanneskirchen,dlinear,summer_2024,599,24,12.360428209791545,12.0,0.3604282097915448
johanneskirchen,dlinear,summer_2024,600,25,11.26275085515573,12.0,0.7372491448442702
johanneskirchen,dlinear,summer_2024,601,25,10.606939223595441,11.0,0.3930607764045586
johanneskirchen,dlinear,summer_2024,602,25,10.709483178569982,11.0,0.29051682143001756
johanneskirchen,dlinear,summer_2024,603,25,11.024735141148561,11.0,0.024735141148561013
johanneskirchen,dlinear,summer_2024,604,25,11.300962562801312,10.0,1.3009625628013115
johanneskirchen,dlinear,summer_2024,605,25,10.721500035323093,10.0,0.7215000353230927
johanneskirchen,dlinear,summer_2024,606,25,10.039830561163946,11.0,0.9601694388360542
johanneskirchen,dlinear,summer_2024,607,25,9.140012313528551,10.0,0.8599876864714489
johanneskirchen,dlinear,summer_2024,608,25,8.229970928670987,7.0,1.229970928670987
johanneskirchen,dlinear,summer_2024,609,25,7.840543368499301,7.0,0.8405433684993007
johanneskirchen,dlinear,summer_2024,610,25,7.603549854346584,7.0,0.6035498543465838
johanneskirchen,dlinear,summer_2024,611,25,7.5729155315319465,6.0,1.5729155315319465
johanneskirchen,dlinear,summer_2024,612,25,7.568573640065264,6.0,1.5685736400652637
johanneskirchen,dlinear,summer_2024,613,25,7.914322184271648,7.0,0.914322184271648
johanneskirchen,dlinear,summer_2024,614,25,8.29839360561827,7.0,1.2983936056182692
johanneskirchen,dlinear,summer_2024,615,25,8.79565828428297,8.0,0.79565828428297
johanneskirchen,dlinear,summer_2024,616,25,9.06189271355794,7.0,2.06189271355794
johanneskirchen,dlinear,summer_2024,617,25,9.3689697058164,7.0,2.3689697058164008
johanneskirchen,dlinear,summer_2024,618,25,9.881309783250941,8.0,1.8813097832509413
johanneskirchen,dlinear,summer_2024,619,25,10.67857724290374,9.0,1.6785772429037404
johanneskirchen,dlinear,summer_2024,620,25,11.920834003039158,12.0,0.07916599696084248
johanneskirchen,dlinear,summer_2024,621,25,13.593563347592111,17.0,3.406436652407889
johanneskirchen,dlinear,summer_2024,622,25,15.240213624534103,19.0,3.7597863754658967
johanneskirchen,dlinear,summer_2024,623,25,15.187170573660925,14.0,1.187170573660925
johanneskirchen,dlinear,summer_2024,624,26,15.592178859811547,16.0,0.40782114018845306
johanneskirchen,dlinear,summer_2024,625,26,16.817737958718787,17.0,0.18226204128121282
johanneskirchen,dlinear,summer_2024,626,26,17.34850383741344,17.0,0.34850383741343904
johanneskirchen,dlinear,summer_2024,627,26,17.185313947042992,15.0,2.1853139470429923
johanneskirchen,dlinear,summer_2024,628,26,17.215489359011748,16.0,1.2154893590117481
johanneskirchen,dlinear,summer_2024,629,26,16.814464337997485,15.0,1.8144643379974852
johanneskirchen,dlinear,summer_2024,630,26,15.535018322219177,12.0,3.5350183222191767
johanneskirchen,dlinear,summer_2024,631,26,13.570550406517345,9.0,4.570550406517345
johanneskirchen,dlinear,summer_2024,632,26,11.835545160182393,8.0,3.8355451601823933
johanneskirchen,dlinear,summer_2024,633,26,10.483514358537432,7.0,3.483514358537432
johanneskirchen,dlinear,summer_2024,634,26,9.814886446179445,8.0,1.814886446179445
johanneskirchen,dlinear,summer_2024,635,26,9.204225047347458,7.0,2.2042250473474585
johanneskirchen,dlinear,summer_2024,636,26,8.652536333205394,7.0,1.6525363332053935
johanneskirchen,dlinear,summer_2024,637,26,8.550435660258506,8.0,0.5504356602585059
johanneskirchen,dlinear,summer_2024,638,26,8.797531343372974,8.0,0.7975313433729738
johanneskirchen,dlinear,summer_2024,639,26,9.489788340326704,10.0,0.5102116596732955
johanneskirchen,dlinear,summer_2024,640,26,11.698147561918924,18.0,6.301852438081076
johanneskirchen,dlinear,summer_2024,641,26,11.858376605607733,9.0,2.8583766056077327
johanneskirchen,dlinear,summer_2024,642,26,11.857004604237765,11.0,0.8570046042377655
johanneskirchen,dlinear,summer_2024,643,26,13.136638438875039,15.0,1.863361561124961
johanneskirchen,dlinear,summer_2024,644,26,12.580014957728928,10.0,2.5800149577289275
johanneskirchen,dlinear,summer_2024,645,26,12.190957893014318,11.0,1.1909578930143176
johanneskirchen,dlinear,summer_2024,646,26,12.570196964402236,9.0,3.5701969644022356
johanneskirchen,dlinear,summer_2024,647,26,14.013948732082575,7.0,7.013948732082575
johanneskirchen,dlinear,summer_2024,648,27,15.192973466608738,6.0,9.192973466608738
johanneskirchen,dlinear,summer_2024,649,27,16.07646052545835,7.0,9.076460525458351
johanneskirchen,dlinear,summer_2024,650,27,16.710008808281632,9.0,7.710008808281632
johanneskirchen,dlinear,summer_2024,651,27,17.006507951243535,8.0,9.006507951243535
johanneskirchen,dlinear,summer_2024,652,27,16.579098506534436,7.0,9.579098506534436
johanneskirchen,dlinear,summer_2024,653,27,15.407626422233985,9.0,6.407626422233985
johanneskirchen,dlinear,summer_2024,654,27,11.10490227878067,4.0,7.104902278780671
johanneskirchen,dlinear,summer_2024,655,27,7.284102729463163,4.0,3.2841027294631626
johanneskirchen,dlinear,summer_2024,656,27,4.823562223190034,4.0,0.8235622231900344
johanneskirchen,dlinear,summer_2024,657,27,3.552993698746227,4.0,0.44700630125377305
johanneskirchen,dlinear,summer_2024,658,27,2.8464844304613983,5.0,2.1535155695386017
johanneskirchen,dlinear,summer_2024,659,27,3.386140827300883,10.0,6.613859172699117
johanneskirchen,dlinear,summer_2024,660,27,3.384391927753028,8.0,4.615608072246972
johanneskirchen,dlinear,summer_2024,661,27,2.756972189589206,5.0,2.243027810410794
johanneskirchen,dlinear,summer_2024,662,27,2.3500592638068163,3.0,0.6499407361931837
johanneskirchen,dlinear,summer_2024,663,27,2.0938664937872673,3.0,0.9061335062127327
johanneskirchen,dlinear,summer_2024,664,27,2.1086570909086646,3.0,0.8913429090913354
johanneskirchen,dlinear,summer_2024,665,27,2.221764111102395,3.0,0.7782358888976049
johanneskirchen,dlinear,summer_2024,666,27,2.661033082506208,4.0,1.3389669174937922
johanneskirchen,dlinear,summer_2024,667,27,3.3644539661471056,5.0,1.6355460338528944
johanneskirchen,dlinear,summer_2024,668,27,4.277781211950961,7.0,2.722218788049039
johanneskirchen,dlinear,summer_2024,669,27,5.309708382603775,8.0,2.690291617396225
johanneskirchen,dlinear,summer_2024,670,27,6.168795855177029,8.0,1.831204144822971
johanneskirchen,dlinear,summer_2024,671,27,6.824447902950287,8.0,1.1755520970497129
johanneskirchen,dlinear,summer_2024,672,28,7.371050406799959,8.0,0.6289495932000406
johanneskirchen,dlinear,summer_2024,673,28,7.701706544488127,8.0,0.2982934555118728
johanneskirchen,dlinear,summer_2024,674,28,7.898221454695818,8.0,0.10177854530418173
johanneskirchen,dlinear,summer_2024,675,28,8.09185229548168,8.0,0.09185229548167939
johanneskirchen,dlinear,summer_2024,676,28,7.9185354701675,7.0,0.9185354701674999
johanneskirchen,dlinear,summer_2024,677,28,7.420989958471683,6.0,1.420989958471683
johanneskirchen,dlinear,summer_2024,678,28,7.411840986357884,6.0,1.411840986357884
johanneskirchen,dlinear,summer_2024,679,28,7.076768917370736,6.0,1.0767689173707362
johanneskirchen,dlinear,summer_2024,680,28,6.158972181679362,4.0,2.1589721816793617
johanneskirchen,dlinear,summer_2024,681,28,5.333013193228897,3.0,2.333013193228897
johanneskirchen,dlinear,summer_2024,682,28,4.949052611963346,4.0,0.9490526119633458
johanneskirchen,dlinear,summer_2024,683,28,4.657293291437265,4.0,0.6572932914372647
johanneskirchen,dlinear,summer_2024,684,28,4.570786141785142,5.0,0.42921385821485813
johanneskirchen,dlinear,summer_2024,685,28,4.450188566194541,5.0,0.5498114338054592
johanneskirchen,dlinear,summer_2024,686,28,4.12077412302293,4.0,0.12077412302292956
johanneskirchen,dlinear,summer_2024,687,28,3.948669981989916,4.0,0.05133001801008419
johanneskirchen,dlinear,summer_2024,688,28,4.0052602262153805,4.0,0.00526022621538047
johanneskirchen,dlinear,summer_2024,689,28,4.807547960242503,5.0,0.19245203975749714
johanneskirchen,dlinear,summer_2024,690,28,5.927863346475807,7.0,1.0721366535241934
johanneskirchen,dlinear,summer_2024,691,28,6.446073832071052,6.0,0.4460738320710522
johanneskirchen,dlinear,summer_2024,692,28,7.470631648084911,9.0,1.529368351915089
johanneskirchen,dlinear,summer_2024,693,28,9.389274692189428,15.0,5.610725307810572
johanneskirchen,dlinear,summer_2024,694,28,11.122918528686274,18.0,6.877081471313726
johanneskirchen,dlinear,summer_2024,695,28,11.861849605607329,15.0,3.138150394392671
johanneskirchen,dlinear,summer_2024,696,29,11.510970180142179,12.0,0.4890298198578211
johanneskirchen,dlinear,summer_2024,697,29,11.22875496145151,13.0,1.7712450385484892
johanneskirchen,dlinear,summer_2024,698,29,11.055235809272492,11.0,0.055235809272492276
johanneskirchen,dlinear,summer_2024,699,29,10.72626608338378,11.0,0.2737339166162194
johanneskirchen,dlinear,summer_2024,700,29,10.761062413969206,11.0,0.23893758603079363
johanneskirchen,dlinear,summer_2024,701,29,11.074495562061482,12.0,0.9255044379385176
johanneskirchen,dlinear,summer_2024,702,29,10.932570235683938,10.0,0.9325702356839383
johanneskirchen,dlinear,summer_2024,703,29,10.1865640679898,9.0,1.1865640679897993
johanneskirchen,dlinear,summer_2024,704,29,9.087519956126595,6.0,3.087519956126595
johanneskirchen,dlinear,summer_2024,705,29,8.24954367432846,6.0,2.2495436743284607
johanneskirchen,dlinear,summer_2024,706,29,7.685274998776968,7.0,0.6852749987769684
johanneskirchen,dlinear,summer_2024,707,29,7.340775660670687,6.0,1.3407756606706869
johanneskirchen,dlinear,summer_2024,708,29,7.131216380452656,6.0,1.1312163804526563
johanneskirchen,dlinear,summer_2024,709,29,7.058160497175327,6.0,1.0581604971753267
johanneskirchen,dlinear,summer_2024,710,29,7.259714146506879,7.0,0.2597141465068793
johanneskirchen,dlinear,summer_2024,711,29,7.675112483980527,7.0,0.6751124839805271
johanneskirchen,dlinear,summer_2024,712,29,8.248488905238604,7.0,1.2484889052386041
johanneskirchen,dlinear,summer_2024,713,29,8.882895949193841,7.0,1.8828959491938413
johanneskirchen,dlinear,summer_2024,714,29,9.43338950879479,8.0,1.4333895087947894
johanneskirchen,dlinear,summer_2024,715,29,10.7234093912424,10.0,0.7234093912424004
johanneskirchen,dlinear,summer_2024,716,29,12.30156707453748,12.0,0.30156707453748055
johanneskirchen,dlinear,summer_2024,717,29,14.381877836476306,14.0,0.38187783647630624
johanneskirchen,dlinear,summer_2024,718,29,16.32877083980952,16.0,0.3287708398095184
johanneskirchen,dlinear,summer_2024,719,29,17.09773462720087,13.0,4.097734627200872
johanneskirchen,dlinear,summer_2024,720,30,17.43238983650066,15.0,2.4323898365006613
johanneskirchen,dlinear,summer_2024,721,30,17.44544423051511,16.0,1.4454442305151112
johanneskirchen,dlinear,summer_2024,722,30,17.128448152379516,13.0,4.128448152379516
johanneskirchen,dlinear,summer_2024,723,30,16.571866146568908,14.0,2.571866146568908
johanneskirchen,dlinear,summer_2024,724,30,16.394093462287774,15.0,1.394093462287774
johanneskirchen,dlinear,summer_2024,725,30,15.702970815466193,13.0,2.702970815466193
johanneskirchen,dlinear,summer_2024,726,30,14.312592538366196,9.0,5.3125925383661965
johanneskirchen,dlinear,summer_2024,727,30,12.443547719051663,9.0,3.4435477190516632
johanneskirchen,dlinear,summer_2024,728,30,11.362825467795247,11.0,0.36282546779524694
johanneskirchen,dlinear,summer_2024,729,30,11.066854657667431,12.0,0.9331453423325691
johanneskirchen,dlinear,summer_2024,730,30,11.07485162744728,13.0,1.9251483725527194
johanneskirchen,dlinear,summer_2024,731,30,11.15288570450163,12.0,0.8471142954983701
johanneskirchen,dlinear,summer_2024,732,30,11.211412589628196,12.0,0.7885874103718038
johanneskirchen,dlinear,summer_2024,733,30,11.793318324913795,13.0,1.2066816750862053
johanneskirchen,dlinear,summer_2024,734,30,12.433636364626416,13.0,0.5663636353735839
johanneskirchen,dlinear,summer_2024,735,30,13.116739969307387,13.0,0.11673996930738717
johanneskirchen,dlinear,summer_2024,736,30,13.792399333748659,12.0,1.7923993337486586
johanneskirchen,dlinear,summer_2024,737,30,14.194865079069569,11.0,3.1948650790695687
johanneskirchen,dlinear,summer_2024,738,30,14.419109752262788,12.0,2.419109752262788
johanneskirchen,dlinear,summer_2024,739,30,14.714393649820801,14.0,0.714393649820801
johanneskirchen,dlinear,summer_2024,740,30,13.64493294010585,9.0,4.64493294010585
johanneskirchen,dlinear,summer_2024,741,30,10.749561262860968,7.0,3.7495612628609685
johanneskirchen,dlinear,summer_2024,742,30,8.622982565183314,7.0,1.6229825651833139
johanneskirchen,dlinear,summer_2024,743,30,7.0681365338497795,6.0,1.0681365338497795
johanneskirchen,dlinear,summer_2024,744,31,6.002849220684098,5.0,1.002849220684098
johanneskirchen,dlinear,summer_2024,745,31,5.57101174910532,5.0,0.5710117491053204
johanneskirchen,dlinear,summer_2024,746,31,5.619522304315819,4.0,1.6195223043158187
johanneskirchen,dlinear,summer_2024,747,31,5.675768218303477,5.0,0.6757682183034772
johanneskirchen,dlinear,summer_2024,748,31,5.995146884289191,4.0,1.9951468842891913
johanneskirchen,dlinear,summer_2024,749,31,6.262265935230468,5.0,1.2622659352304684
johanneskirchen,dlinear,summer_2024,750,31,6.037576487023586,6.0,0.0375764870235864
johanneskirchen,dlinear,summer_2024,751,31,5.487231321247215,5.0,0.487231321247215
johanneskirchen,dlinear,summer_2024,752,31,5.276539208890022,4.0,1.2765392088900223
johanneskirchen,dlinear,summer_2024,753,31,5.540848788642432,5.0,0.5408487886424318
johanneskirchen,dlinear,summer_2024,754,31,5.9342659447332595,6.0,0.06573405526674048
johanneskirchen,dlinear,summer_2024,755,31,6.484693442837438,5.0,1.4846934428374379
johanneskirchen,dlinear,summer_2024,756,31,7.04306613215316,6.0,1.04306613215316
johanneskirchen,dlinear,summer_2024,757,31,7.23921935963097,7.0,0.23921935963096974
johanneskirchen,dlinear,summer_2024,758,31,6.651253132648163,6.0,0.6512531326481632
johanneskirchen,dlinear,summer_2024,759,31,5.929919313045097,6.0,0.07008068695490266
johanneskirchen,dlinear,summer_2024,760,31,5.782500557112103,6.0,0.21749944288789713
johanneskirchen,dlinear,summer_2024,761,31,6.293041432006881,6.0,0.2930414320068806
johanneskirchen,dlinear,summer_2024,762,31,6.829042580606912,7.0,0.17095741939308784
johanneskirchen,dlinear,summer_2024,763,31,7.283429603241114,8.0,0.7165703967588861
johanneskirchen,dlinear,summer_2024,764,31,7.70467523522677,9.0,1.2953247647732304
johanneskirchen,dlinear,summer_2024,765,31,8.171606356484155,8.0,0.1716063564841548
johanneskirchen,dlinear,summer_2024,766,31,8.56218857651862,7.0,1.5621885765186203
johanneskirchen,dlinear,summer_2024,767,31,8.651634820290859,8.0,0.6516348202908588
johanneskirchen,dlinear,summer_2024,768,32,8.91638486932976,6.0,2.916384869329759
johanneskirchen,dlinear,summer_2024,769,32,9.854318332196218,4.0,5.854318332196218
johanneskirchen,dlinear,summer_2024,770,32,11.549670580110234,5.0,6.549670580110234
johanneskirchen,dlinear,summer_2024,771,32,12.460636604179427,9.0,3.4606366041794274
johanneskirchen,dlinear,summer_2024,772,32,13.375103379377798,11.0,2.375103379377798
johanneskirchen,dlinear,summer_2024,773,32,13.996541436973091,9.0,4.996541436973091
johanneskirchen,dlinear,summer_2024,774,32,13.9078303665143,8.0,5.9078303665143
johanneskirchen,dlinear,summer_2024,775,32,12.489893973584474,10.0,2.489893973584474
johanneskirchen,dlinear,summer_2024,776,32,10.428993448957572,11.0,0.5710065510424283
johanneskirchen,dlinear,summer_2024,777,32,8.8868197687081,11.0,2.1131802312918992
johanneskirchen,dlinear,summer_2024,778,32,7.493654463277775,8.0,0.5063455367222254
johanneskirchen,dlinear,summer_2024,779,32,6.380569099060976,7.0,0.6194309009390242
johanneskirchen,dlinear,summer_2024,780,32,5.85571319625793,8.0,2.1442868037420704
johanneskirchen,dlinear,summer_2024,781,32,5.820515062082555,9.0,3.1794849379174446
johanneskirchen,dlinear,summer_2024,782,32,5.9133222104660685,8.0,2.0866777895339315
johanneskirchen,dlinear,summer_2024,783,32,5.8911624368776465,7.0,1.1088375631223535
johanneskirchen,dlinear,summer_2024,784,32,5.896555767705404,6.0,0.10344423229459565
johanneskirchen,dlinear,summer_2024,785,32,5.898559679536058,7.0,1.1014403204639418
johanneskirchen,dlinear,summer_2024,786,32,5.782268053357037,7.0,1.2177319466429628
johanneskirchen,dlinear,summer_2024,787,32,5.412239717023979,5.0,0.4122397170239793
johanneskirchen,dlinear,summer_2024,788,32,5.234017326219924,6.0,0.7659826737800763
johanneskirchen,dlinear,summer_2024,789,32,5.676029304439992,7.0,1.323970695560008
johanneskirchen,dlinear,summer_2024,790,32,6.8281198310569255,7.0,0.17188016894307445
johanneskirchen,dlinear,summer_2024,791,32,7.966556284873107,6.0,1.966556284873107
johanneskirchen,dlinear,summer_2024,792,33,8.631912207913516,8.0,0.6319122079135155
johanneskirchen,dlinear,summer_2024,793,33,9.836718235256994,7.0,2.8367182352569937
johanneskirchen,dlinear,summer_2024,794,33,11.17397234413522,5.0,6.173972344135221
johanneskirchen,dlinear,summer_2024,795,33,10.579184036262951,5.0,5.5791840362629515
johanneskirchen,dlinear,summer_2024,796,33,9.288210277305414,6.0,3.2882102773054136
johanneskirchen,dlinear,summer_2024,797,33,8.322500272283765,7.0,1.322500272283765
johanneskirchen,dlinear,summer_2024,798,33,7.529383039482084,5.0,2.5293830394820844
johanneskirchen,dlinear,summer_2024,799,33,6.7140612895115535,3.0,3.7140612895115535
johanneskirchen,dlinear,summer_2024,800,33,6.089467323368464,3.0,3.0894673233684644
johanneskirchen,dlinear,summer_2024,801,33,5.761439379718659,4.0,1.7614393797186594
johanneskirchen,dlinear,summer_2024,802,33,5.206765111476561,6.0,0.7932348885234388
johanneskirchen,dlinear,summer_2024,803,33,4.659556625558987,6.0,1.340443374441013
johanneskirchen,dlinear,summer_2024,804,33,4.151372566099518,5.0,0.8486274339004822
johanneskirchen,dlinear,summer_2024,805,33,3.921382078274263,5.0,1.078617921725737
johanneskirchen,dlinear,summer_2024,806,33,3.7814354051117824,5.0,1.2185645948882176
johanneskirchen,dlinear,summer_2024,807,33,4.270300509205717,5.0,0.7296994907942826
johanneskirchen,dlinear,summer_2024,808,33,4.71946112731526,7.0,2.2805388726847404
johanneskirchen,dlinear,summer_2024,809,33,5.149579198565031,6.0,0.8504208014349688
johanneskirchen,dlinear,summer_2024,810,33,6.064766741491557,6.0,0.0647667414915567
johanneskirchen,dlinear,summer_2024,811,33,7.278165758881045,9.0,1.7218342411189553
johanneskirchen,dlinear,summer_2024,812,33,8.509479178955772,11.0,2.4905208210442282
johanneskirchen,dlinear,summer_2024,813,33,9.821280866183944,12.0,2.178719133816056
johanneskirchen,dlinear,summer_2024,814,33,11.085155462873567,8.0,3.0851554628735673
johanneskirchen,dlinear,summer_2024,815,33,11.857012183539405,8.0,3.857012183539405
johanneskirchen,dlinear,summer_2024,816,34,12.577592220604632,11.0,1.5775922206046324
johanneskirchen,dlinear,summer_2024,817,34,12.976306125818722,10.0,2.976306125818722
johanneskirchen,dlinear,summer_2024,818,34,10.934203470242146,6.0,4.934203470242146
johanneskirchen,dlinear,summer_2024,819,34,8.97496966526748,5.0,3.97496966526748
johanneskirchen,dlinear,summer_2024,820,34,8.358072013292874,9.0,0.6419279867071257
johanneskirchen,dlinear,summer_2024,821,34,8.056090357624274,10.0,1.9439096423757256
johanneskirchen,dlinear,summer_2024,822,34,7.414353132324375,8.0,0.5856468676756252
johanneskirchen,dlinear,summer_2024,823,34,6.982255543251816,8.0,1.0177444567481837
johanneskirchen,dlinear,summer_2024,824,34,6.625846095990942,7.0,0.37415390400905757
johanneskirchen,dlinear,summer_2024,825,34,6.208395735764234,6.0,0.20839573576423387
johanneskirchen,dlinear,summer_2024,826,34,6.124205222283363,7.0,0.8757947777166368
johanneskirchen,dlinear,summer_2024,827,34,6.030036540149279,6.0,0.030036540149279034
johanneskirchen,dlinear,summer_2024,828,34,5.980558904199182,6.0,0.01944109580081843
johanneskirchen,dlinear,summer_2024,829,34,6.026296021765576,6.0,0.026296021765576327
johanneskirchen,dlinear,summer_2024,830,34,6.028152864973383,6.0,0.028152864973383096
johanneskirchen,dlinear,summer_2024,831,34,6.080461008085709,6.0,0.08046100808570866
johanneskirchen,dlinear,summer_2024,832,34,6.265897167326123,6.0,0.26589716732612256
johanneskirchen,dlinear,summer_2024,833,34,6.365240825021524,6.0,0.365240825021524
johanneskirchen,dlinear,summer_2024,834,34,6.4094850564431685,7.0,0.5905149435568315
johanneskirchen,dlinear,summer_2024,835,34,6.5644928605438215,7.0,0.43550713945617847
johanneskirchen,dlinear,summer_2024,836,34,6.8134973650533555,7.0,0.18650263494664454
johanneskirchen,dlinear,summer_2024,837,34,6.871583244766757,7.0,0.1284167552332427
johanneskirchen,dlinear,summer_2024,838,34,6.747909265658233,7.0,0.2520907343417669
johanneskirchen,dlinear,summer_2024,839,34,6.618742067887215,7.0,0.3812579321127849
johanneskirchen,dlinear,summer_2024,840,35,6.18412583028875,6.0,0.18412583028874963
johanneskirchen,dlinear,summer_2024,841,35,5.793251977308065,6.0,0.2067480226919347
johanneskirchen,dlinear,summer_2024,842,35,5.6203468023573935,6.0,0.3796531976426065
johanneskirchen,dlinear,summer_2024,843,35,5.596492337527948,7.0,1.4035076624720517
johanneskirchen,dlinear,summer_2024,844,35,5.619882880128003,6.0,0.38011711987199703
johanneskirchen,dlinear,summer_2024,845,35,5.630721728883144,4.0,1.6307217288831444
johanneskirchen,dlinear,summer_2024,846,35,5.386292639335667,5.0,0.38629263933566715
johanneskirchen,dlinear,summer_2024,847,35,4.541160270852327,4.0,0.5411602708523269
johanneskirchen,dlinear,summer_2024,848,35,3.7091157836091213,3.0,0.7091157836091213
johanneskirchen,dlinear,summer_2024,849,35,3.0318342485151852,3.0,0.03183424851518524
johanneskirchen,dlinear,summer_2024,850,35,2.8143276398453327,3.0,0.18567236015466726
johanneskirchen,dlinear,summer_2024,851,35,2.6883459645987173,3.0,0.31165403540128267
johanneskirchen,dlinear,summer_2024,852,35,2.766209507579277,4.0,1.2337904924207228
johanneskirchen,dlinear,summer_2024,853,35,3.063266631579876,5.0,1.936733368420124
johanneskirchen,dlinear,summer_2024,854,35,3.408069531504915,5.0,1.591930468495085
johanneskirchen,dlinear,summer_2024,855,35,3.805672526454175,5.0,1.1943274735458251
johanneskirchen,dlinear,summer_2024,856,35,4.1166227010707175,5.0,0.8833772989292825
johanneskirchen,dlinear,summer_2024,857,35,4.456309850140818,3.0,1.4563098501408183
johanneskirchen,dlinear,summer_2024,858,35,4.888990365131135,5.0,0.11100963486886517
johanneskirchen,dlinear,summer_2024,859,35,5.235466128015922,6.0,0.764533871984078
johanneskirchen,dlinear,summer_2024,860,35,6.114578001738787,8.0,1.8854219982612133
johanneskirchen,dlinear,summer_2024,861,35,6.971522291199093,9.0,2.0284777088009074
johanneskirchen,dlinear,summer_2024,862,35,7.766770258449958,9.0,1.2332297415500424
johanneskirchen,dlinear,summer_2024,863,35,8.385370268352304,10.0,1.614629731647696
johanneskirchen,dlinear,summer_2024,864,36,9.026757492814902,12.0,2.9732425071850983
johanneskirchen,dlinear,summer_2024,865,36,9.72568701828901,12.0,2.27431298171099
johanneskirchen,dlinear,summer_2024,866,36,10.309147378363797,12.0,1.6908526216362034
johanneskirchen,dlinear,summer_2024,867,36,10.567819571970391,11.0,0.4321804280296089
johanneskirchen,dlinear,summer_2024,868,36,10.361472914267637,10.0,0.3614729142676367
johanneskirchen,dlinear,summer_2024,869,36,9.97255854956683,9.0,0.9725585495668305
johanneskirchen,dlinear,summer_2024,870,36,9.376775876531454,8.0,1.376775876531454
johanneskirchen,dlinear,summer_2024,871,36,8.74468420742716,7.0,1.7446842074271594
johanneskirchen,dlinear,summer_2024,872,36,8.058783890574734,3.0,5.058783890574734
johanneskirchen,dlinear,summer_2024,873,36,7.780354535234785,5.0,2.7803545352347854
johanneskirchen,dlinear,summer_2024,874,36,7.662186150896872,7.0,0.662186150896872
johanneskirchen,dlinear,summer_2024,875,36,7.646341511461094,6.0,1.6463415114610944
johanneskirchen,dlinear,summer_2024,876,36,7.700447267049569,6.0,1.7004472670495687
johanneskirchen,dlinear,summer_2024,877,36,7.466627272175212,6.0,1.466627272175212
johanneskirchen,dlinear,summer_2024,878,36,7.199675566198258,5.0,2.199675566198258
johanneskirchen,dlinear,summer_2024,879,36,6.775773469314005,5.0,1.7757734693140046
johanneskirchen,dlinear,summer_2024,880,36,6.428915667695804,5.0,1.4289156676958044
johanneskirchen,dlinear,summer_2024,881,36,6.21774355335942,4.0,2.21774355335942
johanneskirchen,dlinear,summer_2024,882,36,6.400339957548235,5.0,1.4003399575482351
johanneskirchen,dlinear,summer_2024,883,36,7.128001644378839,6.0,1.1280016443788394
johanneskirchen,dlinear,summer_2024,884,36,8.288855955603868,10.0,1.711144044396132
johanneskirchen,dlinear,summer_2024,885,36,8.83498074904074,9.0,0.16501925095925962
johanneskirchen,dlinear,summer_2024,886,36,9.433385297396226,10.0,0.5666147026037738
johanneskirchen,dlinear,summer_2024,887,36,9.710896464547448,10.0,0.2891035354525524
johanneskirchen,dlinear,summer_2024,888,37,10.142401755474255,11.0,0.8575982445257448
johanneskirchen,dlinear,summer_2024,889,37,10.78559554044476,10.0,0.7855955404447599
johanneskirchen,dlinear,summer_2024,890,37,11.305540564127204,11.0,0.3055405641272042
johanneskirchen,dlinear,summer_2024,891,37,11.686376948208146,11.0,0.6863769482081459
johanneskirchen,dlinear,summer_2024,892,37,11.75792357677486,10.0,1.7579235767748607
johanneskirchen,dlinear,summer_2024,893,37,11.72739941069951,8.0,3.72739941069951
johanneskirchen,dlinear,summer_2024,894,37,11.40254339665885,9.0,2.4025433966588494
johanneskirchen,dlinear,summer_2024,895,37,10.651161624358686,6.0,4.651161624358686
johanneskirchen,dlinear,summer_2024,896,37,10.340477880693228,6.0,4.3404778806932285
johanneskirchen,dlinear,summer_2024,897,37,10.25912257581076,7.0,3.2591225758107605
johanneskirchen,dlinear,summer_2024,898,37,10.342339580821672,7.0,3.3423395808216725
johanneskirchen,dlinear,summer_2024,899,37,10.115241549810092,6.0,4.115241549810092
johanneskirchen,dlinear,summer_2024,900,37,10.417702056630198,7.0,3.4177020566301977
johanneskirchen,dlinear,summer_2024,901,37,9.654995716345196,8.0,1.654995716345196
johanneskirchen,dlinear,summer_2024,902,37,7.616326136282115,5.0,2.6163261362821153
johanneskirchen,dlinear,summer_2024,903,37,6.070443056637837,5.0,1.0704430566378367
johanneskirchen,dlinear,summer_2024,904,37,4.7778656398051575,4.0,0.7778656398051575
johanneskirchen,dlinear,summer_2024,905,37,4.007289398073227,4.0,0.007289398073226927
johanneskirchen,dlinear,summer_2024,906,37,3.5778390053276556,4.0,0.42216099467234436
johanneskirchen,dlinear,summer_2024,907,37,3.6557822928326207,4.0,0.3442177071673793
johanneskirchen,dlinear,summer_2024,908,37,4.274551924704675,5.0,0.7254480752953247
johanneskirchen,dlinear,summer_2024,909,37,4.95222674225586,6.0,1.04777325774414
johanneskirchen,dlinear,summer_2024,910,37,5.261026541243844,6.0,0.7389734587561563
johanneskirchen,dlinear,summer_2024,911,37,5.086853622582113,4.0,1.0868536225821126
johanneskirchen,dlinear,summer_2024,912,38,5.185386341242687,6.0,0.8146136587573132
johanneskirchen,dlinear,summer_2024,913,38,5.560733289599747,8.0,2.4392667104002532
johanneskirchen,dlinear,summer_2024,914,38,6.037930638920017,8.0,1.9620693610799833
johanneskirchen,dlinear,summer_2024,915,38,6.354204167617883,7.0,0.6457958323821167
johanneskirchen,dlinear,summer_2024,916,38,6.669948383151096,6.0,0.6699483831510964
johanneskirchen,dlinear,summer_2024,917,38,6.841138203175224,7.0,0.15886179682477586
johanneskirchen,dlinear,summer_2024,918,38,7.089589836227759,7.0,0.08958983622775918
johanneskirchen,dlinear,summer_2024,919,38,6.750485667712509,4.0,2.7504856677125087
johanneskirchen,dlinear,summer_2024,920,38,6.252788049871301,2.0,4.252788049871301
johanneskirchen,dlinear,summer_2024,921,38,5.949156310378795,5.0,0.949156310378795
johanneskirchen,dlinear,summer_2024,922,38,5.901947673525565,7.0,1.098052326474435
johanneskirchen,dlinear,summer_2024,923,38,6.070908314400934,5.0,1.070908314400934
johanneskirchen,dlinear,summer_2024,924,38,6.157761436221808,4.0,2.157761436221808
johanneskirchen,dlinear,summer_2024,925,38,5.923330766103265,6.0,0.07666923389673475
johanneskirchen,dlinear,summer_2024,926,38,5.794824253752866,7.0,1.205175746247134
johanneskirchen,dlinear,summer_2024,927,38,5.574190731970715,8.0,2.425809268029285
johanneskirchen,dlinear,summer_2024,928,38,5.309688439874392,5.0,0.30968843987439243
johanneskirchen,dlinear,summer_2024,929,38,5.850135744054849,3.0,2.8501357440548487
johanneskirchen,dlinear,summer_2024,930,38,6.617581759352477,3.0,3.6175817593524773
johanneskirchen,dlinear,summer_2024,931,38,6.877611970314568,4.0,2.877611970314568
johanneskirchen,dlinear,summer_2024,932,38,7.420374967682115,8.0,0.5796250323178853
johanneskirchen,dlinear,summer_2024,933,38,7.4758451543537365,10.0,2.5241548456462635
johanneskirchen,dlinear,summer_2024,934,38,8.00617965590638,15.0,6.993820344093621
johanneskirchen,dlinear,summer_2024,935,38,8.394045501413995,11.0,2.605954498586005
johanneskirchen,dlinear,summer_2024,936,39,8.875308682345498,9.0,0.12469131765450214
johanneskirchen,dlinear,summer_2024,937,39,9.55683311354128,13.0,3.4431668864587195
johanneskirchen,dlinear,summer_2024,938,39,10.348876228230464,15.0,4.6511237717695355
johanneskirchen,dlinear,summer_2024,939,39,9.544009339867573,10.0,0.45599066013242684
johanneskirchen,dlinear,summer_2024,940,39,8.800141812806999,10.0,1.1998581871930014
johanneskirchen,dlinear,summer_2024,941,39,8.315316881225527,8.0,0.31531688122552737
johanneskirchen,dlinear,summer_2024,942,39,8.020973610201395,7.0,1.0209736102013949
johanneskirchen,dlinear,summer_2024,943,39,7.295498275760767,3.0,4.295498275760767
johanneskirchen,dlinear,summer_2024,944,39,6.098627112389927,2.0,4.098627112389927
johanneskirchen,dlinear,summer_2024,945,39,5.649957815386932,4.0,1.6499578153869319
johanneskirchen,dlinear,summer_2024,946,39,5.604666499852298,7.0,1.3953335001477019
johanneskirchen,dlinear,summer_2024,947,39,5.456466260168231,5.0,0.4564662601682308
johanneskirchen,dlinear,summer_2024,948,39,5.414738780223583,5.0,0.41473878022358335
johanneskirchen,dlinear,summer_2024,949,39,4.960796395634139,5.0,0.03920360436586101
johanneskirchen,dlinear,summer_2024,950,39,4.485353163297112,5.0,0.5146468367028882
johanneskirchen,dlinear,summer_2024,951,39,4.148567680542979,4.0,0.1485676805429792
johanneskirchen,dlinear,summer_2024,952,39,3.862676286398016,4.0,0.13732371360198403
johanneskirchen,dlinear,summer_2024,953,39,3.7769149564491675,4.0,0.22308504355083247
johanneskirchen,dlinear,summer_2024,954,39,4.005120422366695,4.0,0.005120422366695188
johanneskirchen,dlinear,summer_2024,955,39,5.054375037399125,6.0,0.945624962600875
johanneskirchen,dlinear,summer_2024,956,39,6.198718479485861,8.0,1.8012815205141388
johanneskirchen,dlinear,summer_2024,957,39,7.9704584040300865,10.0,2.0295415959699135
johanneskirchen,dlinear,summer_2024,958,39,8.239932432240636,8.0,0.23993243224063576
johanneskirchen,dlinear,summer_2024,959,39,7.837918446239914,8.0,0.16208155376008637
johanneskirchen,dlinear,summer_2024,960,40,7.765422370171759,8.0,0.23457762982824093
johanneskirchen,dlinear,summer_2024,961,40,8.118409493123846,7.0,1.1184094931238455
johanneskirchen,dlinear,summer_2024,962,40,8.164476014604073,8.0,0.16447601460407313
johanneskirchen,dlinear,summer_2024,963,40,8.058733558819902,7.0,1.0587335588199025
johanneskirchen,dlinear,summer_2024,964,40,7.971678392343186,7.0,0.9716783923431862
johanneskirchen,dlinear,summer_2024,965,40,7.94730316065722,6.0,1.9473031606572198
johanneskirchen,dlinear,summer_2024,966,40,7.8260492805153135,5.0,2.8260492805153135
johanneskirchen,dlinear,summer_2024,967,40,7.160897726803524,4.0,3.1608977268035243
johanneskirchen,dlinear,summer_2024,968,40,6.379796852571021,5.0,1.3797968525710207
johanneskirchen,dlinear,summer_2024,969,40,5.921737718388753,6.0,0.07826228161124682
johanneskirchen,dlinear,summer_2024,970,40,5.795688339382607,6.0,0.20431166061739336
johanneskirchen,dlinear,summer_2024,971,40,5.9220091257281595,6.0,0.07799087427184048
johanneskirchen,dlinear,summer_2024,972,40,5.98586630122297,6.0,0.01413369877703019
johanneskirchen,dlinear,summer_2024,973,40,6.0938999549328345,6.0,0.09389995493283454
johanneskirchen,dlinear,summer_2024,974,40,6.032890623127985,6.0,0.03289062312798485
johanneskirchen,dlinear,summer_2024,975,40,5.893923206200379,6.0,0.10607679379962143
johanneskirchen,dlinear,summer_2024,976,40,6.003208885626856,6.0,0.0032088856268561727
johanneskirchen,dlinear,summer_2024,977,40,6.0482402979715255,5.0,1.0482402979715255
johanneskirchen,dlinear,summer_2024,978,40,6.51860052746488,6.0,0.51860052746488
johanneskirchen,dlinear,summer_2024,979,40,7.352130048929837,8.0,0.6478699510701631
johanneskirchen,dlinear,summer_2024,980,40,8.986423459423277,12.0,3.0135765405767234
johanneskirchen,dlinear,summer_2024,981,40,10.440304170076045,10.0,0.44030417007604505
johanneskirchen,dlinear,summer_2024,982,40,12.02003912638891,8.0,4.020039126388911
johanneskirchen,dlinear,summer_2024,983,40,13.181212894765029,11.0,2.1812128947650287
johanneskirchen,dlinear,summer_2024,984,41,14.402102392433196,13.0,1.4021023924331963
johanneskirchen,dlinear,summer_2024,985,41,15.276326796921781,13.0,2.276326796921781
johanneskirchen,dlinear,summer_2024,986,41,15.997385956516158,17.0,1.0026140434838418
johanneskirchen,dlinear,summer_2024,987,41,16.545276962470712,21.0,4.454723037529288
johanneskirchen,dlinear,summer_2024,988,41,16.39479594091503,15.0,1.3947959409150315
johanneskirchen,dlinear,summer_2024,989,41,15.29668630500273,13.0,2.29668630500273
johanneskirchen,dlinear,summer_2024,990,41,13.203030323051408,11.0,2.203030323051408
johanneskirchen,dlinear,summer_2024,991,41,11.112234689564033,8.0,3.1122346895640334
johanneskirchen,dlinear,summer_2024,992,41,9.86656352359422,8.0,1.8665635235942197
johanneskirchen,dlinear,summer_2024,993,41,9.22330187829627,10.0,0.7766981217037294
johanneskirchen,dlinear,summer_2024,994,41,8.822572653783164,10.0,1.1774273462168363
johanneskirchen,dlinear,summer_2024,995,41,8.451030571172586,7.0,1.451030571172586
johanneskirchen,dlinear,summer_2024,996,41,8.121601382071697,8.0,0.12160138207169702
johanneskirchen,dlinear,summer_2024,997,41,7.676095099246295,9.0,1.3239049007537051
johanneskirchen,dlinear,summer_2024,998,41,7.2503255186063065,8.0,0.7496744813936935
johanneskirchen,dlinear,summer_2024,999,41,6.693865253028454,7.0,0.3061347469715461
johanneskirchen,dlinear,summer_2024,1000,41,6.241739919177077,7.0,0.7582600808229234
johanneskirchen,dlinear,summer_2024,1001,41,6.123171983758721,6.0,0.12317198375872085
johanneskirchen,dlinear,summer_2024,1002,41,6.238809091461048,6.0,0.23880909146104834
johanneskirchen,dlinear,summer_2024,1003,41,7.0539016051853425,7.0,0.05390160518534248
johanneskirchen,dlinear,summer_2024,1004,41,8.155842346690715,9.0,0.8441576533092849
johanneskirchen,dlinear,summer_2024,1005,41,9.49105143202332,8.0,1.4910514320233208
johanneskirchen,dlinear,summer_2024,1006,41,10.35092621895027,5.0,5.350926218950271
johanneskirchen,dlinear,summer_2024,1007,41,11.181585287642832,8.0,3.1815852876428323
johanneskirchen,dlinear,summer_2024,1008,42,11.858551672893418,11.0,0.8585516728934177
johanneskirchen,dlinear,summer_2024,1009,42,12.211009439628636,11.0,1.2110094396286364
johanneskirchen,dlinear,summer_2024,1010,42,12.906322829148056,13.0,0.09367717085194371
johanneskirchen,dlinear,summer_2024,1011,42,13.232660276693421,11.0,2.232660276693421
johanneskirchen,dlinear,summer_2024,1012,42,13.472081750136141,11.0,2.472081750136141
johanneskirchen,dlinear,summer_2024,1013,42,12.847331994307082,12.0,0.8473319943070816
johanneskirchen,dlinear,summer_2024,1014,42,11.981187658871505,13.0,1.0188123411284948
johanneskirchen,dlinear,summer_2024,1015,42,11.15123478420746,9.0,2.1512347842074604
johanneskirchen,dlinear,summer_2024,1016,42,10.464334199779199,7.0,3.4643341997791985
johanneskirchen,dlinear,summer_2024,1017,42,10.031505680760624,7.0,3.031505680760624
johanneskirchen,dlinear,summer_2024,1018,42,9.925665779109277,8.0,1.925665779109277
johanneskirchen,dlinear,summer_2024,1019,42,10.25342962446322,9.0,1.2534296244632195
johanneskirchen,dlinear,summer_2024,1020,42,10.63705868469448,11.0,0.36294131530551965
johanneskirchen,dlinear,summer_2024,1021,42,10.666035935575714,11.0,0.3339640644242863
johanneskirchen,dlinear,summer_2024,1022,42,10.440196208470471,9.0,1.4401962084704714
johanneskirchen,dlinear,summer_2024,1023,42,9.849487991358505,10.0,0.1505120086414955
johanneskirchen,dlinear,summer_2024,1024,42,9.331582840299639,9.0,0.3315828402996388
johanneskirchen,dlinear,summer_2024,1025,42,9.067146203583983,8.0,1.0671462035839827
johanneskirchen,dlinear,summer_2024,1026,42,9.127684830896538,7.0,2.1276848308965377
johanneskirchen,dlinear,summer_2024,1027,42,9.881604224796423,7.0,2.8816042247964226
johanneskirchen,dlinear,summer_2024,1028,42,11.124273078597218,7.0,4.124273078597218
johanneskirchen,dlinear,summer_2024,1029,42,12.732176480014832,9.0,3.7321764800148323
johanneskirchen,dlinear,summer_2024,1030,42,13.872093960904163,12.0,1.872093960904163
johanneskirchen,dlinear,summer_2024,1031,42,14.355584950590334,14.0,0.3555849505903339
johanneskirchen,dlinear,summer_2024,1032,43,14.581720998102849,16.0,1.418279001897151
johanneskirchen,dlinear,summer_2024,1033,43,14.029612520721962,13.0,1.0296125207219617
johanneskirchen,dlinear,summer_2024,1034,43,12.996814575592985,10.0,2.9968145755929854
johanneskirchen,dlinear,summer_2024,1035,43,12.059406848924667,11.0,1.0594068489246666
johanneskirchen,dlinear,summer_2024,1036,43,11.570672483202667,13.0,1.4293275167973327
johanneskirchen,dlinear,summer_2024,1037,43,11.312535700769375,11.0,0.3125357007693754
johanneskirchen,dlinear,summer_2024,1038,43,10.551634393797672,9.0,1.5516343937976718
johanneskirchen,dlinear,summer_2024,1039,43,9.415394257561214,10.0,0.5846057424387858
johanneskirchen,dlinear,summer_2024,1040,43,8.478563051525153,9.0,0.5214369484748467
johanneskirchen,dlinear,summer_2024,1041,43,7.6892689220775905,8.0,0.3107310779224095
johanneskirchen,dlinear,summer_2024,1042,43,7.622452508750666,8.0,0.3775474912493344
johanneskirchen,dlinear,summer_2024,1043,43,9.265777784061278,8.0,1.265777784061278
johanneskirchen,dlinear,summer_2024,1044,43,13.629703090920962,10.0,3.6297030909209624
johanneskirchen,dlinear,summer_2024,1045,43,15.704130761783183,8.0,7.704130761783183
johanneskirchen,dlinear,summer_2024,1046,43,15.122867169717875,8.0,7.122867169717875
johanneskirchen,dlinear,summer_2024,1047,43,13.882064374986768,8.0,5.8820643749867685
johanneskirchen,dlinear,summer_2024,1048,43,13.965087930616956,8.0,5.965087930616956
johanneskirchen,dlinear,summer_2024,1049,43,13.555532306185313,8.0,5.555532306185313
johanneskirchen,dlinear,summer_2024,1050,43,11.15220615722723,6.0,5.15220615722723
johanneskirchen,dlinear,summer_2024,1051,43,9.395769348339066,6.0,3.3957693483390656
johanneskirchen,dlinear,summer_2024,1052,43,8.358691934464492,7.0,1.3586919344644919
johanneskirchen,dlinear,summer_2024,1053,43,7.28494866095607,6.0,1.2849486609560703
johanneskirchen,dlinear,summer_2024,1054,43,6.835609142343075,6.0,0.8356091423430749
johanneskirchen,dlinear,summer_2024,1055,43,6.474770144110934,6.0,0.4747701441109342
johanneskirchen,dlinear,autumn_2024,0,0,4.236832208293579,4.0,0.23683220829357943
johanneskirchen,dlinear,autumn_2024,1,0,3.6035316560365906,4.0,0.39646834396340935
johanneskirchen,dlinear,autumn_2024,2,0,2.9006029676760026,3.0,0.09939703232399744
johanneskirchen,dlinear,autumn_2024,3,0,2.7734384695490295,3.0,0.2265615304509705
johanneskirchen,dlinear,autumn_2024,4,0,2.807605737863831,4.0,1.192394262136169
johanneskirchen,dlinear,autumn_2024,5,0,3.1905222701314173,4.0,0.8094777298685827
johanneskirchen,dlinear,autumn_2024,6,0,3.822447674820153,4.0,0.17755232517984698
johanneskirchen,dlinear,autumn_2024,7,0,4.281916090026991,4.0,0.28191609002699103
johanneskirchen,dlinear,autumn_2024,8,0,4.2350802760216775,4.0,0.23508027602167747
johanneskirchen,dlinear,autumn_2024,9,0,3.8955456332935317,3.0,0.8955456332935317
johanneskirchen,dlinear,autumn_2024,10,0,3.91337119249428,3.0,0.9133711924942798
johanneskirchen,dlinear,autumn_2024,11,0,4.212253905087665,3.0,1.2122539050876648
johanneskirchen,dlinear,autumn_2024,12,0,4.689112031097979,4.0,0.689112031097979
johanneskirchen,dlinear,autumn_2024,13,0,4.708995483316351,4.0,0.7089954833163512
johanneskirchen,dlinear,autumn_2024,14,0,4.272750695501747,4.0,0.27275069550174713
johanneskirchen,dlinear,autumn_2024,15,0,3.7201150321542755,3.0,0.7201150321542755
johanneskirchen,dlinear,autumn_2024,16,0,3.40609049502107,3.0,0.4060904950210702
johanneskirchen,dlinear,autumn_2024,17,0,3.1896220550836976,4.0,0.8103779449163024
johanneskirchen,dlinear,autumn_2024,18,0,3.440950720094815,4.0,0.5590492799051852
johanneskirchen,dlinear,autumn_2024,19,0,3.7958009217707502,5.0,1.2041990782292498
johanneskirchen,dlinear,autumn_2024,20,0,4.922234141380548,7.0,2.0777658586194523
johanneskirchen,dlinear,autumn_2024,21,0,5.960480948213931,6.0,0.03951905178606907
johanneskirchen,dlinear,autumn_2024,22,0,6.612664995394427,5.0,1.612664995394427
johanneskirchen,dlinear,autumn_2024,23,0,7.1192353928311345,6.0,1.1192353928311345
johanneskirchen,dlinear,autumn_2024,24,1,7.221193381169144,7.0,0.22119338116914378
johanneskirchen,dlinear,autumn_2024,25,1,7.549585163065259,9.0,1.4504148369347414
johanneskirchen,dlinear,autumn_2024,26,1,8.030846234452671,10.0,1.969153765547329
johanneskirchen,dlinear,autumn_2024,27,1,8.312519122870633,10.0,1.6874808771293672
johanneskirchen,dlinear,autumn_2024,28,1,8.082360073836629,8.0,0.0823600738366288
johanneskirchen,dlinear,autumn_2024,29,1,7.628663737882103,8.0,0.3713362621178966
johanneskirchen,dlinear,autumn_2024,30,1,6.514112571250979,6.0,0.5141125712509789
johanneskirchen,dlinear,autumn_2024,31,1,4.643992468176666,3.0,1.6439924681766662
johanneskirchen,dlinear,autumn_2024,32,1,3.418825298021666,3.0,0.418825298021666
johanneskirchen,dlinear,autumn_2024,33,1,2.2504054874354775,3.0,0.7495945125645225
johanneskirchen,dlinear,autumn_2024,34,1,1.3836030861832729,2.0,0.6163969138167271
johanneskirchen,dlinear,autumn_2024,35,1,0.5322786607775871,1.0,0.4677213392224129
johanneskirchen,dlinear,autumn_2024,36,1,0.29504698314975286,2.0,1.7049530168502471
johanneskirchen,dlinear,autumn_2024,37,1,0.31164814736052193,2.0,1.688351852639478
johanneskirchen,dlinear,autumn_2024,38,1,0.22755017401204825,2.0,1.7724498259879518
johanneskirchen,dlinear,autumn_2024,39,1,0.17022585309768878,1.0,0.8297741469023112
johanneskirchen,dlinear,autumn_2024,40,1,0.33083364898744705,2.0,1.669166351012553
johanneskirchen,dlinear,autumn_2024,41,1,0.7223804122019875,2.0,1.2776195877980125
johanneskirchen,dlinear,autumn_2024,42,1,1.422047918805971,3.0,1.577952081194029
johanneskirchen,dlinear,autumn_2024,43,1,2.7919679239717077,5.0,2.2080320760282923
johanneskirchen,dlinear,autumn_2024,44,1,4.39948643595608,8.0,3.6005135640439203
johanneskirchen,dlinear,autumn_2024,45,1,5.885605857784197,9.0,3.1143941422158026
johanneskirchen,dlinear,autumn_2024,46,1,6.9324706276896935,9.0,2.0675293723103065
johanneskirchen,dlinear,autumn_2024,47,1,7.355386776466835,8.0,0.644613223533165
johanneskirchen,dlinear,autumn_2024,48,2,7.214802040438547,7.0,0.21480204043854734
johanneskirchen,dlinear,autumn_2024,49,2,6.85776662049571,6.0,0.8577666204957097
johanneskirchen,dlinear,autumn_2024,50,2,6.01040997578547,5.0,1.0104099757854703
johanneskirchen,dlinear,autumn_2024,51,2,5.239356310288047,4.0,1.2393563102880467
johanneskirchen,dlinear,autumn_2024,52,2,4.551175419373948,4.0,0.5511754193739478
johanneskirchen,dlinear,autumn_2024,53,2,4.122630064635216,3.0,1.1226300646352163
johanneskirchen,dlinear,autumn_2024,54,2,4.014238625095806,3.0,1.014238625095806
johanneskirchen,dlinear,autumn_2024,55,2,5.542853363425402,4.0,1.5428533634254018
johanneskirchen,dlinear,autumn_2024,56,2,9.403418344217496,4.0,5.403418344217496
johanneskirchen,dlinear,autumn_2024,57,2,10.025455596618144,6.0,4.025455596618144
johanneskirchen,dlinear,autumn_2024,58,2,9.324713229083775,7.0,2.324713229083775
johanneskirchen,dlinear,autumn_2024,59,2,8.177920627940736,7.0,1.1779206279407362
johanneskirchen,dlinear,autumn_2024,60,2,6.981107717664804,6.0,0.9811077176648038
johanneskirchen,dlinear,autumn_2024,61,2,5.969603717830224,6.0,0.03039628216977608
johanneskirchen,dlinear,autumn_2024,62,2,5.348621466557516,6.0,0.6513785334424842
johanneskirchen,dlinear,autumn_2024,63,2,4.884209813983327,5.0,0.11579018601667279
johanneskirchen,dlinear,autumn_2024,64,2,4.7825422326308455,6.0,1.2174577673691545
johanneskirchen,dlinear,autumn_2024,65,2,5.392234047079091,8.0,2.607765952920909
johanneskirchen,dlinear,autumn_2024,66,2,5.816092558662952,8.0,2.1839074413370483
johanneskirchen,dlinear,autumn_2024,67,2,5.524662372728933,6.0,0.47533762727106676
johanneskirchen,dlinear,autumn_2024,68,2,5.7822696596958485,8.0,2.2177303403041515
johanneskirchen,dlinear,autumn_2024,69,2,6.084480546914207,9.0,2.9155194530857926
johanneskirchen,dlinear,autumn_2024,70,2,6.097521609019277,8.0,1.9024783909807228
johanneskirchen,dlinear,autumn_2024,71,2,6.1087243612692435,8.0,1.8912756387307565
johanneskirchen,dlinear,autumn_2024,72,3,6.378989455390632,8.0,1.6210105446093683
johanneskirchen,dlinear,autumn_2024,73,3,6.673504880139516,8.0,1.3264951198604837
johanneskirchen,dlinear,autumn_2024,74,3,6.5311713197410075,7.0,0.4688286802589925
johanneskirchen,dlinear,autumn_2024,75,3,6.149937724840171,6.0,0.14993772484017143
johanneskirchen,dlinear,autumn_2024,76,3,5.591465259302208,5.0,0.5914652593022076
johanneskirchen,dlinear,autumn_2024,77,3,5.431162866489855,5.0,0.4311628664898546
johanneskirchen,dlinear,autumn_2024,78,3,5.543784422042105,6.0,0.45621557795789514
johanneskirchen,dlinear,autumn_2024,79,3,5.681988151167717,5.0,0.681988151167717
johanneskirchen,dlinear,autumn_2024,80,3,5.866936882680913,7.0,1.1330631173190868
johanneskirchen,dlinear,autumn_2024,81,3,5.844719735853159,7.0,1.1552802641468407
johanneskirchen,dlinear,autumn_2024,82,3,5.403416989036809,5.0,0.4034169890368089
johanneskirchen,dlinear,autumn_2024,83,3,4.928646475505142,4.0,0.9286464755051416
johanneskirchen,dlinear,autumn_2024,84,3,4.483123637305489,3.0,1.4831236373054892
johanneskirchen,dlinear,autumn_2024,85,3,3.967881890662663,3.0,0.967881890662663
johanneskirchen,dlinear,autumn_2024,86,3,3.4068389352787616,3.0,0.4068389352787616
johanneskirchen,dlinear,autumn_2024,87,3,2.9159896458018384,3.0,0.08401035419816161
johanneskirchen,dlinear,autumn_2024,88,3,2.709978153037447,3.0,0.29002184696255284
johanneskirchen,dlinear,autumn_2024,89,3,3.057143259486094,3.0,0.05714325948609389
johanneskirchen,dlinear,autumn_2024,90,3,3.4914622140645983,4.0,0.5085377859354017
johanneskirchen,dlinear,autumn_2024,91,3,4.232552404065025,6.0,1.767447595934975
johanneskirchen,dlinear,autumn_2024,92,3,4.706979217050407,5.0,0.29302078294959344
johanneskirchen,dlinear,autumn_2024,93,3,4.924521450604729,5.0,0.07547854939527099
johanneskirchen,dlinear,autumn_2024,94,3,4.6960355942334076,4.0,0.6960355942334076
johanneskirchen,dlinear,autumn_2024,95,3,5.016370491486137,6.0,0.9836295085138627
johanneskirchen,dlinear,autumn_2024,96,4,5.592833984531721,6.0,0.40716601546827924
johanneskirchen,dlinear,autumn_2024,97,4,6.294700143700141,6.0,0.2947001437001413
johanneskirchen,dlinear,autumn_2024,98,4,6.784686935818881,7.0,0.21531306418111917
johanneskirchen,dlinear,autumn_2024,99,4,6.884857558116756,7.0,0.1151424418832443
johanneskirchen,dlinear,autumn_2024,100,4,7.705188130912934,7.0,0.7051881309129344
johanneskirchen,dlinear,autumn_2024,101,4,7.927774239270356,6.0,1.9277742392703558
johanneskirchen,dlinear,autumn_2024,102,4,7.475261799994213,7.0,0.4752617999942128
johanneskirchen,dlinear,autumn_2024,103,4,7.538812127906987,8.0,0.4611878720930127
johanneskirchen,dlinear,autumn_2024,104,4,7.366302301862631,5.0,2.366302301862631
johanneskirchen,dlinear,autumn_2024,105,4,6.3883317251069345,4.0,2.3883317251069345
johanneskirchen,dlinear,autumn_2024,106,4,4.689548471440379,3.0,1.6895484714403786
johanneskirchen,dlinear,autumn_2024,107,4,4.078211358294787,3.0,1.0782113582947872
johanneskirchen,dlinear,autumn_2024,108,4,3.6605839552677564,4.0,0.3394160447322436
johanneskirchen,dlinear,autumn_2024,109,4,3.311412041629265,4.0,0.6885879583707348
johanneskirchen,dlinear,autumn_2024,110,4,3.2412483591044854,3.0,0.2412483591044854
johanneskirchen,dlinear,autumn_2024,111,4,3.1535253824677616,2.0,1.1535253824677616
johanneskirchen,dlinear,autumn_2024,112,4,3.355245870025496,2.0,1.3552458700254961
johanneskirchen,dlinear,autumn_2024,113,4,3.771848986916206,3.0,0.771848986916206
johanneskirchen,dlinear,autumn_2024,114,4,4.1131594427471905,3.0,1.1131594427471905
johanneskirchen,dlinear,autumn_2024,115,4,3.9469160446428493,2.0,1.9469160446428493
johanneskirchen,dlinear,autumn_2024,116,4,3.887977133439777,3.0,0.8879771334397768
johanneskirchen,dlinear,autumn_2024,117,4,4.617437513029436,4.0,0.6174375130294356
johanneskirchen,dlinear,autumn_2024,118,4,5.260397474444964,5.0,0.2603974744449644
johanneskirchen,dlinear,autumn_2024,119,4,5.972202011536551,6.0,0.027797988463449386
johanneskirchen,dlinear,autumn_2024,120,5,7.011658354104833,6.0,1.0116583541048332
johanneskirchen,dlinear,autumn_2024,121,5,7.834593869394674,6.0,1.8345938693946744
johanneskirchen,dlinear,autumn_2024,122,5,8.193199625282638,6.0,2.193199625282638
johanneskirchen,dlinear,autumn_2024,123,5,7.745505151635357,6.0,1.7455051516353572
johanneskirchen,dlinear,autumn_2024,124,5,6.952385020488289,5.0,1.9523850204882889
johanneskirchen,dlinear,autumn_2024,125,5,6.089233295934274,4.0,2.0892332959342736
johanneskirchen,dlinear,autumn_2024,126,5,5.560911107720811,4.0,1.5609111077208109
johanneskirchen,dlinear,autumn_2024,127,5,4.989429665625867,4.0,0.9894296656258668
johanneskirchen,dlinear,autumn_2024,128,5,4.55265909518793,4.0,0.5526590951879298
johanneskirchen,dlinear,autumn_2024,129,5,3.7294906042832814,3.0,0.7294906042832814
johanneskirchen,dlinear,autumn_2024,130,5,2.8259611470159918,2.0,0.8259611470159918
johanneskirchen,dlinear,autumn_2024,131,5,1.9416607177870109,1.0,0.9416607177870109
johanneskirchen,dlinear,autumn_2024,132,5,1.606728737052892,2.0,0.393271262947108
johanneskirchen,dlinear,autumn_2024,133,5,1.4281971764677905,2.0,0.5718028235322095
johanneskirchen,dlinear,autumn_2024,134,5,1.4164728014861971,2.0,0.5835271985138029
johanneskirchen,dlinear,autumn_2024,135,5,1.6100695227561594,3.0,1.3899304772438406
johanneskirchen,dlinear,autumn_2024,136,5,2.0411045331992224,3.0,0.9588954668007776
johanneskirchen,dlinear,autumn_2024,137,5,2.9475938721588593,4.0,1.0524061278411407
johanneskirchen,dlinear,autumn_2024,138,5,3.938593317778805,6.0,2.061406682221195
johanneskirchen,dlinear,autumn_2024,139,5,4.927871342004077,7.0,2.072128657995923
johanneskirchen,dlinear,autumn_2024,140,5,5.793255666409186,9.0,3.206744333590814
johanneskirchen,dlinear,autumn_2024,141,5,6.77950923266724,11.0,4.22049076733276
johanneskirchen,dlinear,autumn_2024,142,5,6.658571889562622,8.0,1.341428110437378
johanneskirchen,dlinear,autumn_2024,143,5,5.896329063665437,5.0,0.8963290636654371
johanneskirchen,dlinear,autumn_2024,144,6,4.923255088051516,4.0,0.9232550880515156
johanneskirchen,dlinear,autumn_2024,145,6,4.348585819001386,4.0,0.34858581900138574
johanneskirchen,dlinear,autumn_2024,146,6,3.712965835003848,4.0,0.2870341649961521
johanneskirchen,dlinear,autumn_2024,147,6,3.242353927328681,3.0,0.242353927328681
johanneskirchen,dlinear,autumn_2024,148,6,2.878965111771995,3.0,0.12103488822800479
johanneskirchen,dlinear,autumn_2024,149,6,2.698468163835237,3.0,0.301531836164763
johanneskirchen,dlinear,autumn_2024,150,6,2.7491829862509363,3.0,0.25081701374906373
johanneskirchen,dlinear,autumn_2024,151,6,2.621726532573197,3.0,0.3782734674268031
johanneskirchen,dlinear,autumn_2024,152,6,2.53804097286614,2.0,0.5380409728661402
johanneskirchen,dlinear,autumn_2024,153,6,1.955058036355819,2.0,0.044941963644181016
johanneskirchen,dlinear,autumn_2024,154,6,1.6074210603317294,2.0,0.3925789396682706
johanneskirchen,dlinear,autumn_2024,155,6,1.4058143201099025,2.0,0.5941856798900975
johanneskirchen,dlinear,autumn_2024,156,6,1.3485394960863744,2.0,0.6514605039136256
johanneskirchen,dlinear,autumn_2024,157,6,1.7315231370795363,2.0,0.2684768629204637
johanneskirchen,dlinear,autumn_2024,158,6,2.0872187973756198,2.0,0.08721879737561977
johanneskirchen,dlinear,autumn_2024,159,6,2.6033602919786354,3.0,0.3966397080213646
johanneskirchen,dlinear,autumn_2024,160,6,3.135916230454054,3.0,0.135916230454054
johanneskirchen,dlinear,autumn_2024,161,6,3.976512363470201,4.0,0.023487636529798905
johanneskirchen,dlinear,autumn_2024,162,6,5.663852445855686,7.0,1.336147554144314
johanneskirchen,dlinear,autumn_2024,163,6,6.950544163713352,8.0,1.049455836286648
johanneskirchen,dlinear,autumn_2024,164,6,7.703469467913882,6.0,1.703469467913882
johanneskirchen,dlinear,autumn_2024,165,6,8.456883144789646,6.0,2.4568831447896464
johanneskirchen,dlinear,autumn_2024,166,6,8.825622933731594,7.0,1.8256229337315943
johanneskirchen,dlinear,autumn_2024,167,6,8.800890671859229,7.0,1.8008906718592286
johanneskirchen,dlinear,autumn_2024,168,7,8.635157082688096,7.0,1.635157082688096
johanneskirchen,dlinear,autumn_2024,169,7,8.57233224448713,7.0,1.5723322444871304
johanneskirchen,dlinear,autumn_2024,170,7,8.768126652983941,6.0,2.7681266529839412
johanneskirchen,dlinear,autumn_2024,171,7,8.14571357640519,6.0,2.145713576405189
johanneskirchen,dlinear,autumn_2024,172,7,7.450794882796316,5.0,2.450794882796316
johanneskirchen,dlinear,autumn_2024,173,7,6.8149995296654415,5.0,1.8149995296654415
johanneskirchen,dlinear,autumn_2024,174,7,6.520282508322014,5.0,1.5202825083220137
johanneskirchen,dlinear,autumn_2024,175,7,6.498208091963966,5.0,1.4982080919639662
johanneskirchen,dlinear,autumn_2024,176,7,6.378096340588696,4.0,2.378096340588696
johanneskirchen,dlinear,autumn_2024,177,7,6.4209367887423205,4.0,2.4209367887423205
johanneskirchen,dlinear,autumn_2024,178,7,6.154277993825648,4.0,2.154277993825648
johanneskirchen,dlinear,autumn_2024,179,7,6.127816262554061,4.0,2.1278162625540613
johanneskirchen,dlinear,autumn_2024,180,7,6.291845611411228,5.0,1.2918456114112278
johanneskirchen,dlinear,autumn_2024,181,7,6.206652763405188,5.0,1.206652763405188
johanneskirchen,dlinear,autumn_2024,182,7,6.283775548463563,5.0,1.283775548463563
johanneskirchen,dlinear,autumn_2024,183,7,6.644832879563396,6.0,0.6448328795633964
johanneskirchen,dlinear,autumn_2024,184,7,7.1288330254724395,7.0,0.12883302547243947
johanneskirchen,dlinear,autumn_2024,185,7,6.89360608229003,6.0,0.89360608229003
johanneskirchen,dlinear,autumn_2024,186,7,5.966532227316696,5.0,0.9665322273166961
johanneskirchen,dlinear,autumn_2024,187,7,5.218848135069861,5.0,0.21884813506986056
johanneskirchen,dlinear,autumn_2024,188,7,4.659800870923805,5.0,0.3401991290761952
johanneskirchen,dlinear,autumn_2024,189,7,4.061014352445426,4.0,0.06101435244542586
johanneskirchen,dlinear,autumn_2024,190,7,3.303589224123609,4.0,0.6964107758763909
johanneskirchen,dlinear,autumn_2024,191,7,2.592110669718771,3.0,0.407889330281229
johanneskirchen,dlinear,autumn_2024,192,8,2.1468710374038977,4.0,1.8531289625961023
johanneskirchen,dlinear,autumn_2024,193,8,2.031791549917461,4.0,1.968208450082539
johanneskirchen,dlinear,autumn_2024,194,8,2.0021706876711995,3.0,0.9978293123288005
johanneskirchen,dlinear,autumn_2024,195,8,1.9288724542888076,3.0,1.0711275457111924
johanneskirchen,dlinear,autumn_2024,196,8,2.0821961036064156,3.0,0.9178038963935844
johanneskirchen,dlinear,autumn_2024,197,8,2.287696588615571,3.0,0.7123034113844291
johanneskirchen,dlinear,autumn_2024,198,8,2.7074415789293553,3.0,0.29255842107064467
johanneskirchen,dlinear,autumn_2024,199,8,2.8545618545571685,3.0,0.1454381454428315
johanneskirchen,dlinear,autumn_2024,200,8,2.697182164694542,2.0,0.6971821646945422
johanneskirchen,dlinear,autumn_2024,201,8,1.9895532429691656,2.0,0.01044675703083442
johanneskirchen,dlinear,autumn_2024,202,8,1.3639836697606746,2.0,0.6360163302393254
johanneskirchen,dlinear,autumn_2024,203,8,1.1459258013334654,2.0,0.8540741986665346
johanneskirchen,dlinear,autumn_2024,204,8,1.210624621125156,2.0,0.7893753788748441
johanneskirchen,dlinear,autumn_2024,205,8,1.2566492604876132,2.0,0.7433507395123868
johanneskirchen,dlinear,autumn_2024,206,8,1.508754820669802,2.0,0.49124517933019796
johanneskirchen,dlinear,autumn_2024,207,8,1.7328698860183618,2.0,0.2671301139816382
johanneskirchen,dlinear,autumn_2024,208,8,2.1704345980028794,2.0,0.1704345980028794
johanneskirchen,dlinear,autumn_2024,209,8,2.7913720919338942,4.0,1.2086279080661058
johanneskirchen,dlinear,autumn_2024,210,8,3.239098625125399,4.0,0.7609013748746012
johanneskirchen,dlinear,autumn_2024,211,8,3.581213715659195,5.0,1.418786284340805
johanneskirchen,dlinear,autumn_2024,212,8,3.4614362849002127,5.0,1.5385637150997873
johanneskirchen,dlinear,autumn_2024,213,8,3.1116943482947708,4.0,0.8883056517052292
johanneskirchen,dlinear,autumn_2024,214,8,2.756697062202102,4.0,1.243302937797898
johanneskirchen,dlinear,autumn_2024,215,8,2.3899561571921026,3.0,0.6100438428078974
johanneskirchen,dlinear,autumn_2024,216,9,2.0403337707804248,3.0,0.9596662292195752
johanneskirchen,dlinear,autumn_2024,217,9,1.9960037775966413,3.0,1.0039962224033587
johanneskirchen,dlinear,autumn_2024,218,9,2.065371544505062,3.0,0.9346284554949378
johanneskirchen,dlinear,autumn_2024,219,9,2.0430861300661736,3.0,0.9569138699338264
johanneskirchen,dlinear,autumn_2024,220,9,1.8651284683551719,3.0,1.1348715316448281
johanneskirchen,dlinear,autumn_2024,221,9,1.3162920352549499,3.0,1.6837079647450501
johanneskirchen,dlinear,autumn_2024,222,9,0.991015684408767,2.0,1.008984315591233
johanneskirchen,dlinear,autumn_2024,223,9,0.9886226696555731,2.0,1.011377330344427
johanneskirchen,dlinear,autumn_2024,224,9,1.022412949362181,3.0,1.977587050637819
johanneskirchen,dlinear,autumn_2024,225,9,0.9653605336413005,3.0,2.0346394663586995
johanneskirchen,dlinear,autumn_2024,226,9,0.7825236881651829,3.0,2.217476311834817
johanneskirchen,dlinear,autumn_2024,227,9,0.6486006430056328,2.0,1.3513993569943672
johanneskirchen,dlinear,autumn_2024,228,9,0.48012446695235056,2.0,1.5198755330476494
johanneskirchen,dlinear,autumn_2024,229,9,0.48761993248098356,2.0,1.5123800675190164
johanneskirchen,dlinear,autumn_2024,230,9,0.44745159160902404,2.0,1.552548408390976
johanneskirchen,dlinear,autumn_2024,231,9,0.8292812395979006,2.0,1.1707187604020994
johanneskirchen,dlinear,autumn_2024,232,9,1.1552940532049067,3.0,1.8447059467950933
johanneskirchen,dlinear,autumn_2024,233,9,1.5382457894174397,4.0,2.4617542105825603
johanneskirchen,dlinear,autumn_2024,234,9,1.8977131277848418,4.0,2.102286872215158
johanneskirchen,dlinear,autumn_2024,235,9,1.7633963069149505,3.0,1.2366036930850495
johanneskirchen,dlinear,autumn_2024,236,9,1.5710875623414253,2.0,0.4289124376585747
johanneskirchen,dlinear,autumn_2024,237,9,1.3897884267019833,3.0,1.6102115732980167
johanneskirchen,dlinear,autumn_2024,238,9,1.2489773181274852,3.0,1.7510226818725148
johanneskirchen,dlinear,autumn_2024,239,9,1.0562387298197446,2.0,0.9437612701802554
johanneskirchen,dlinear,autumn_2024,240,10,0.8586404122850677,2.0,1.1413595877149323
johanneskirchen,dlinear,autumn_2024,241,10,0.578668275987873,2.0,1.421331724012127
johanneskirchen,dlinear,autumn_2024,242,10,0.4266697279112748,2.0,1.5733302720887252
johanneskirchen,dlinear,autumn_2024,243,10,0.38476594688128785,2.0,1.6152340531187122
johanneskirchen,dlinear,autumn_2024,244,10,0.3459824694098952,2.0,1.6540175305901048
johanneskirchen,dlinear,autumn_2024,245,10,0.35105265729555946,2.0,1.6489473427044405
johanneskirchen,dlinear,autumn_2024,246,10,0.5268647747958202,2.0,1.4731352252041798
johanneskirchen,dlinear,autumn_2024,247,10,0.6084182433776757,2.0,1.3915817566223243
johanneskirchen,dlinear,autumn_2024,248,10,0.5146513314136012,2.0,1.4853486685863988
johanneskirchen,dlinear,autumn_2024,249,10,0.3059083366469224,2.0,1.6940916633530776
johanneskirchen,dlinear,autumn_2024,250,10,0.38082962102702744,2.0,1.6191703789729726
johanneskirchen,dlinear,autumn_2024,251,10,0.4368516721499667,2.0,1.5631483278500333
johanneskirchen,dlinear,autumn_2024,252,10,0.4418094997683184,2.0,1.5581905002316816
johanneskirchen,dlinear,autumn_2024,253,10,0.37364663354228966,2.0,1.6263533664577103
johanneskirchen,dlinear,autumn_2024,254,10,0.46284282934577625,2.0,1.5371571706542237
johanneskirchen,dlinear,autumn_2024,255,10,0.5795472832401902,2.0,1.4204527167598098
johanneskirchen,dlinear,autumn_2024,256,10,0.6808217406764463,2.0,1.3191782593235537
johanneskirchen,dlinear,autumn_2024,257,10,0.9555880419265428,2.0,1.0444119580734572
johanneskirchen,dlinear,autumn_2024,258,10,1.442084859450798,3.0,1.557915140549202
johanneskirchen,dlinear,autumn_2024,259,10,2.669308421978509,6.0,3.330691578021491
johanneskirchen,dlinear,autumn_2024,260,10,3.4242196272902286,3.0,0.42421962729022855
johanneskirchen,dlinear,autumn_2024,261,10,4.5446458381465,6.0,1.4553541618535002
johanneskirchen,dlinear,autumn_2024,262,10,5.1028241846604985,5.0,0.10282418466049847
johanneskirchen,dlinear,autumn_2024,263,10,5.095338368883454,5.0,0.09533836888345437
johanneskirchen,dlinear,autumn_2024,264,11,5.127299570733658,4.0,1.1272995707336584
johanneskirchen,dlinear,autumn_2024,265,11,5.56313432083511,4.0,1.5631343208351103
johanneskirchen,dlinear,autumn_2024,266,11,6.127462703661761,5.0,1.1274627036617613
johanneskirchen,dlinear,autumn_2024,267,11,6.322235464981858,5.0,1.3222354649818584
johanneskirchen,dlinear,autumn_2024,268,11,6.7828569742449165,4.0,2.7828569742449165
johanneskirchen,dlinear,autumn_2024,269,11,6.137130716833493,5.0,1.137130716833493
johanneskirchen,dlinear,autumn_2024,270,11,5.7247734944629105,5.0,0.7247734944629105
johanneskirchen,dlinear,autumn_2024,271,11,5.65746594163989,5.0,0.6574659416398898
johanneskirchen,dlinear,autumn_2024,272,11,5.019668658654501,4.0,1.019668658654501
johanneskirchen,dlinear,autumn_2024,273,11,4.210137054238945,3.0,1.2101370542389454
johanneskirchen,dlinear,autumn_2024,274,11,3.404245318027801,2.0,1.404245318027801
johanneskirchen,dlinear,autumn_2024,275,11,2.8054199247982474,2.0,0.8054199247982474
johanneskirchen,dlinear,autumn_2024,276,11,2.4247834097786463,2.0,0.42478340977864626
johanneskirchen,dlinear,autumn_2024,277,11,2.22822004036429,2.0,0.22822004036429
johanneskirchen,dlinear,autumn_2024,278,11,2.723480078626549,4.0,1.2765199213734508
johanneskirchen,dlinear,autumn_2024,279,11,3.194732112530332,4.0,0.8052678874696682
johanneskirchen,dlinear,autumn_2024,280,11,4.747218004405211,6.0,1.2527819955947894
johanneskirchen,dlinear,autumn_2024,281,11,6.5567680209663575,8.0,1.4432319790336425
johanneskirchen,dlinear,autumn_2024,282,11,7.698728840739757,9.0,1.301271159260243
johanneskirchen,dlinear,autumn_2024,283,11,9.249427011686997,13.0,3.750572988313003
johanneskirchen,dlinear,autumn_2024,284,11,9.969460375349378,13.0,3.030539624650622
johanneskirchen,dlinear,autumn_2024,285,11,8.70370150253623,8.0,0.7037015025362301
johanneskirchen,dlinear,autumn_2024,286,11,7.165137673800796,6.0,1.1651376738007961
johanneskirchen,dlinear,autumn_2024,287,11,6.024207671555603,5.0,1.0242076715556028
johanneskirchen,dlinear,autumn_2024,288,12,5.257991113060461,5.0,0.2579911130604611
johanneskirchen,dlinear,autumn_2024,289,12,4.148960311250521,5.0,0.8510396887494789
johanneskirchen,dlinear,autumn_2024,290,12,3.1913588771024113,4.0,0.8086411228975887
johanneskirchen,dlinear,autumn_2024,291,12,2.217812091206598,3.0,0.7821879087934018
johanneskirchen,dlinear,autumn_2024,292,12,1.4507422837262993,3.0,1.5492577162737007
johanneskirchen,dlinear,autumn_2024,293,12,0.8804461384793587,2.0,1.1195538615206413
johanneskirchen,dlinear,autumn_2024,294,12,0.5179858683902197,2.0,1.4820141316097803
johanneskirchen,dlinear,autumn_2024,295,12,0.32719953001601354,2.0,1.6728004699839865
johanneskirchen,dlinear,autumn_2024,296,12,0.37864076266507674,2.0,1.6213592373349233
johanneskirchen,dlinear,autumn_2024,297,12,0.8643527034536778,2.0,1.1356472965463222
johanneskirchen,dlinear,autumn_2024,298,12,1.4504195656117354,3.0,1.5495804343882646
johanneskirchen,dlinear,autumn_2024,299,12,2.037415710899218,4.0,1.962584289100782
johanneskirchen,dlinear,autumn_2024,300,12,2.335632351694917,4.0,1.6643676483050829
johanneskirchen,dlinear,autumn_2024,301,12,2.655576584418789,3.0,0.34442341558121115
johanneskirchen,dlinear,autumn_2024,302,12,2.342168407247044,2.0,0.3421684072470441
johanneskirchen,dlinear,autumn_2024,303,12,2.356734420981155,3.0,0.6432655790188448
johanneskirchen,dlinear,autumn_2024,304,12,2.1111203637628986,2.0,0.11112036376289858
johanneskirchen,dlinear,autumn_2024,305,12,2.5509835968189876,3.0,0.44901640318101244
johanneskirchen,dlinear,autumn_2024,306,12,2.7579083553040498,3.0,0.24209164469595024
johanneskirchen,dlinear,autumn_2024,307,12,3.2732913906896,4.0,0.7267086093103998
johanneskirchen,dlinear,autumn_2024,308,12,3.6945976716160525,5.0,1.3054023283839475
johanneskirchen,dlinear,autumn_2024,309,12,4.204861831419083,5.0,0.7951381685809169
johanneskirchen,dlinear,autumn_2024,310,12,4.650151054720959,7.0,2.3498489452790414
johanneskirchen,dlinear,autumn_2024,311,12,4.853779246936957,7.0,2.1462207530630426
johanneskirchen,dlinear,autumn_2024,312,13,4.745459506603058,6.0,1.2545404933969424
johanneskirchen,dlinear,autumn_2024,313,13,4.307640008557643,6.0,1.6923599914423573
johanneskirchen,dlinear,autumn_2024,314,13,3.838962218434805,6.0,2.161037781565195
johanneskirchen,dlinear,autumn_2024,315,13,3.572152157825008,6.0,2.427847842174992
johanneskirchen,dlinear,autumn_2024,316,13,3.295936103223154,6.0,2.704063896776846
johanneskirchen,dlinear,autumn_2024,317,13,3.3852013934836815,5.0,1.6147986065163185
johanneskirchen,dlinear,autumn_2024,318,13,3.6628008244403727,5.0,1.3371991755596273
johanneskirchen,dlinear,autumn_2024,319,13,3.997032775867771,6.0,2.002967224132229
johanneskirchen,dlinear,autumn_2024,320,13,4.300978568461372,5.0,0.6990214315386281
johanneskirchen,dlinear,autumn_2024,321,13,4.195518889564541,5.0,0.804481110435459
johanneskirchen,dlinear,autumn_2024,322,13,3.6939250922103195,3.0,0.6939250922103195
johanneskirchen,dlinear,autumn_2024,323,13,3.5027113627405644,2.0,1.5027113627405644
johanneskirchen,dlinear,autumn_2024,324,13,3.68628427365992,2.0,1.6862842736599202
johanneskirchen,dlinear,autumn_2024,325,13,3.870390067385088,3.0,0.8703900673850882
johanneskirchen,dlinear,autumn_2024,326,13,4.87720736778463,3.0,1.8772073677846297
johanneskirchen,dlinear,autumn_2024,327,13,6.590719512723073,6.0,0.5907195127230729
johanneskirchen,dlinear,autumn_2024,328,13,7.944245349745911,6.0,1.944245349745911
johanneskirchen,dlinear,autumn_2024,329,13,9.007630297008713,7.0,2.0076302970087134
johanneskirchen,dlinear,autumn_2024,330,13,10.465964460701718,9.0,1.4659644607017182
johanneskirchen,dlinear,autumn_2024,331,13,11.325530336242123,10.0,1.3255303362421227
johanneskirchen,dlinear,autumn_2024,332,13,8.956086676867187,5.0,3.956086676867187
johanneskirchen,dlinear,autumn_2024,333,13,6.742452255796126,4.0,2.7424522557961257
johanneskirchen,dlinear,autumn_2024,334,13,6.5762238682533845,6.0,0.5762238682533845
johanneskirchen,dlinear,autumn_2024,335,13,7.039650146309177,7.0,0.03965014630917718
johanneskirchen,dlinear,autumn_2024,336,14,7.2786296530776635,7.0,0.2786296530776635
johanneskirchen,dlinear,autumn_2024,337,14,7.344738381028565,7.0,0.3447383810285647
johanneskirchen,dlinear,autumn_2024,338,14,7.745689276109584,8.0,0.2543107238904163
johanneskirchen,dlinear,autumn_2024,339,14,8.09195926293111,8.0,0.09195926293111079
johanneskirchen,dlinear,autumn_2024,340,14,8.755318200603961,9.0,0.24468179939603907
johanneskirchen,dlinear,autumn_2024,341,14,9.715444273566206,11.0,1.2845557264337941
johanneskirchen,dlinear,autumn_2024,342,14,11.32646279337442,13.0,1.6735372066255803
johanneskirchen,dlinear,autumn_2024,343,14,13.204124722097701,14.0,0.7958752779022991
johanneskirchen,dlinear,autumn_2024,344,14,14.818961962863806,15.0,0.1810380371361937
johanneskirchen,dlinear,autumn_2024,345,14,15.850074394609608,17.0,1.1499256053903917
johanneskirchen,dlinear,autumn_2024,346,14,14.416609200053134,11.0,3.4166092000531343
johanneskirchen,dlinear,autumn_2024,347,14,12.904098149902811,9.0,3.9040981499028113
johanneskirchen,dlinear,autumn_2024,348,14,11.523226446519228,8.0,3.523226446519228
johanneskirchen,dlinear,autumn_2024,349,14,10.61630573837353,10.0,0.61630573837353
johanneskirchen,dlinear,autumn_2024,350,14,10.053818258332866,9.0,1.053818258332866
johanneskirchen,dlinear,autumn_2024,351,14,9.561473648832978,8.0,1.561473648832978
johanneskirchen,dlinear,autumn_2024,352,14,9.56351690296668,9.0,0.5635169029666791
johanneskirchen,dlinear,autumn_2024,353,14,10.091859323565913,11.0,0.9081406764340869
johanneskirchen,dlinear,autumn_2024,354,14,9.809101212012084,8.0,1.8091012120120844
johanneskirchen,dlinear,autumn_2024,355,14,9.836972406553643,9.0,0.8369724065536435
johanneskirchen,dlinear,autumn_2024,356,14,10.19332160113268,10.0,0.1933216011326806
johanneskirchen,dlinear,autumn_2024,357,14,9.764607379503161,9.0,0.7646073795031612
johanneskirchen,dlinear,autumn_2024,358,14,9.637607023112972,10.0,0.362392976887028
johanneskirchen,dlinear,autumn_2024,359,14,9.541888230001245,10.0,0.45811176999875514
johanneskirchen,dlinear,autumn_2024,360,15,9.067380441717027,8.0,1.0673804417170274
johanneskirchen,dlinear,autumn_2024,361,15,8.163107479169547,7.0,1.1631074791695468
johanneskirchen,dlinear,autumn_2024,362,15,7.236839244099135,7.0,0.23683924409913537
johanneskirchen,dlinear,autumn_2024,363,15,6.644394579130476,7.0,0.35560542086952385
johanneskirchen,dlinear,autumn_2024,364,15,6.500269788917999,7.0,0.4997302110820012
johanneskirchen,dlinear,autumn_2024,365,15,6.391798644835477,7.0,0.6082013551645229
johanneskirchen,dlinear,autumn_2024,366,15,6.53009137479991,6.0,0.5300913747999099
johanneskirchen,dlinear,autumn_2024,367,15,6.5808434541999485,6.0,0.5808434541999485
johanneskirchen,dlinear,autumn_2024,368,15,6.457651591009631,6.0,0.4576515910096308
johanneskirchen,dlinear,autumn_2024,369,15,6.2171024579591005,6.0,0.21710245795910055
johanneskirchen,dlinear,autumn_2024,370,15,5.963834723885492,7.0,1.0361652761145077
johanneskirchen,dlinear,autumn_2024,371,15,5.792970595834433,7.0,1.2070294041655671
johanneskirchen,dlinear,autumn_2024,372,15,5.591914133097824,6.0,0.40808586690217563
johanneskirchen,dlinear,autumn_2024,373,15,5.145997710473541,4.0,1.1459977104735408
johanneskirchen,dlinear,autumn_2024,374,15,4.774636691908764,4.0,0.7746366919087642
johanneskirchen,dlinear,autumn_2024,375,15,4.786048610128946,4.0,0.7860486101289457
johanneskirchen,dlinear,autumn_2024,376,15,5.132822968760504,5.0,0.1328229687605038
johanneskirchen,dlinear,autumn_2024,377,15,5.948712151441934,6.0,0.051287848558065896
johanneskirchen,dlinear,autumn_2024,378,15,6.814546184467335,7.0,0.18545381553266527
johanneskirchen,dlinear,autumn_2024,379,15,7.447027714908586,7.0,0.44702771490858595
johanneskirchen,dlinear,autumn_2024,380,15,7.944104072805621,7.0,0.9441040728056214
johanneskirchen,dlinear,autumn_2024,381,15,8.249752031511164,8.0,0.24975203151116432
johanneskirchen,dlinear,autumn_2024,382,15,8.41188311007755,8.0,0.4118831100775502
johanneskirchen,dlinear,autumn_2024,383,15,8.25166784333881,7.0,1.2516678433388098
johanneskirchen,dlinear,autumn_2024,384,16,8.13159014081538,6.0,2.13159014081538
johanneskirchen,dlinear,autumn_2024,385,16,8.510424573008493,7.0,1.5104245730084926
johanneskirchen,dlinear,autumn_2024,386,16,8.470202440417872,7.0,1.4702024404178715
johanneskirchen,dlinear,autumn_2024,387,16,8.17542296577324,6.0,2.1754229657732402
johanneskirchen,dlinear,autumn_2024,388,16,8.26814377288922,7.0,1.2681437728892195
johanneskirchen,dlinear,autumn_2024,389,16,8.485546070060572,7.0,1.4855460700605718
johanneskirchen,dlinear,autumn_2024,390,16,8.896297131771549,6.0,2.896297131771549
johanneskirchen,dlinear,autumn_2024,391,16,9.719811652704673,7.0,2.7198116527046725
johanneskirchen,dlinear,autumn_2024,392,16,10.836549311569318,8.0,2.8365493115693177
johanneskirchen,dlinear,autumn_2024,393,16,11.43087559620778,8.0,3.4308755962077804
johanneskirchen,dlinear,autumn_2024,394,16,11.461777015776903,7.0,4.461777015776903
johanneskirchen,dlinear,autumn_2024,395,16,10.817575048433508,6.0,4.817575048433508
johanneskirchen,dlinear,autumn_2024,396,16,9.411614103457786,5.0,4.4116141034577865
johanneskirchen,dlinear,autumn_2024,397,16,8.348709731966489,5.0,3.3487097319664887
johanneskirchen,dlinear,autumn_2024,398,16,8.20254708395401,5.0,3.202547083954011
johanneskirchen,dlinear,autumn_2024,399,16,8.388586529986522,5.0,3.3885865299865223
johanneskirchen,dlinear,autumn_2024,400,16,9.01263673186751,6.0,3.0126367318675094
johanneskirchen,dlinear,autumn_2024,401,16,10.182490309279661,8.0,2.182490309279661
johanneskirchen,dlinear,autumn_2024,402,16,11.326831303608637,8.0,3.326831303608637
johanneskirchen,dlinear,autumn_2024,403,16,12.23680306688688,9.0,3.23680306688688
johanneskirchen,dlinear,autumn_2024,404,16,12.887501874809717,9.0,3.8875018748097165
johanneskirchen,dlinear,autumn_2024,405,16,13.066531628235849,9.0,4.066531628235849
johanneskirchen,dlinear,autumn_2024,406,16,13.073953155279295,10.0,3.0739531552792947
johanneskirchen,dlinear,autumn_2024,407,16,12.59483832449447,9.0,3.5948383244944697
johanneskirchen,dlinear,autumn_2024,408,17,12.80118928593976,9.0,3.80118928593976
johanneskirchen,dlinear,autumn_2024,409,17,14.898273233006183,8.0,6.898273233006183
johanneskirchen,dlinear,autumn_2024,410,17,15.396972920808027,9.0,6.396972920808027
johanneskirchen,dlinear,autumn_2024,411,17,14.019285103357879,9.0,5.019285103357879
johanneskirchen,dlinear,autumn_2024,412,17,12.928696419180852,10.0,2.928696419180852
johanneskirchen,dlinear,autumn_2024,413,17,12.312776007739323,10.0,2.3127760077393233
johanneskirchen,dlinear,autumn_2024,414,17,12.4061034358232,10.0,2.4061034358231996
johanneskirchen,dlinear,autumn_2024,415,17,12.3345682159668,10.0,2.334568215966801
johanneskirchen,dlinear,autumn_2024,416,17,12.303077520760619,9.0,3.3030775207606187
johanneskirchen,dlinear,autumn_2024,417,17,12.135990203182422,10.0,2.1359902031824216
johanneskirchen,dlinear,autumn_2024,418,17,11.938691739225284,10.0,1.938691739225284
johanneskirchen,dlinear,autumn_2024,419,17,11.825153144650619,10.0,1.8251531446506188
johanneskirchen,dlinear,autumn_2024,420,17,12.796291520382683,13.0,0.2037084796173172
johanneskirchen,dlinear,autumn_2024,421,17,14.040686678070013,14.0,0.04068667807001347
johanneskirchen,dlinear,autumn_2024,422,17,14.655054215808086,13.0,1.6550542158080859
johanneskirchen,dlinear,autumn_2024,423,17,15.15101918128387,12.0,3.1510191812838695
johanneskirchen,dlinear,autumn_2024,424,17,16.269710851764792,12.0,4.269710851764792
johanneskirchen,dlinear,autumn_2024,425,17,18.41044595797876,17.0,1.4104459579787587
johanneskirchen,dlinear,autumn_2024,426,17,20.54261899733786,19.0,1.5426189973378612
johanneskirchen,dlinear,autumn_2024,427,17,21.2228321414629,17.0,4.222832141462899
johanneskirchen,dlinear,autumn_2024,428,17,21.41141935282238,18.0,3.4114193528223815
johanneskirchen,dlinear,autumn_2024,429,17,20.64761431944933,15.0,5.647614319449328
johanneskirchen,dlinear,autumn_2024,430,17,19.223140981579153,13.0,6.223140981579153
johanneskirchen,dlinear,autumn_2024,431,17,17.148394704050595,15.0,2.1483947040505953
johanneskirchen,dlinear,autumn_2024,432,18,15.317067683942762,14.0,1.3170676839427617
johanneskirchen,dlinear,autumn_2024,433,18,13.327720098464383,13.0,0.32772009846438266
johanneskirchen,dlinear,autumn_2024,434,18,11.670036609561436,7.0,4.670036609561436
johanneskirchen,dlinear,autumn_2024,435,18,10.148123655234897,5.0,5.1481236552348975
johanneskirchen,dlinear,autumn_2024,436,18,9.51962940489821,6.0,3.5196294048982093
johanneskirchen,dlinear,autumn_2024,437,18,8.386866260991763,6.0,2.386866260991763
johanneskirchen,dlinear,autumn_2024,438,18,6.812789276006141,5.0,1.812789276006141
johanneskirchen,dlinear,autumn_2024,439,18,5.842726451276062,7.0,1.1572735487239383
johanneskirchen,dlinear,autumn_2024,440,18,5.35495094493673,6.0,0.6450490550632697
johanneskirchen,dlinear,autumn_2024,441,18,4.868898694719608,6.0,1.1311013052803922
johanneskirchen,dlinear,autumn_2024,442,18,4.467906940330122,5.0,0.5320930596698776
johanneskirchen,dlinear,autumn_2024,443,18,4.496830095865454,6.0,1.5031699041345457
johanneskirchen,dlinear,autumn_2024,444,18,4.614211624863156,6.0,1.385788375136844
johanneskirchen,dlinear,autumn_2024,445,18,5.089615802216042,7.0,1.9103841977839577
johanneskirchen,dlinear,autumn_2024,446,18,6.250724010847256,9.0,2.7492759891527436
johanneskirchen,dlinear,autumn_2024,447,18,8.65158371140767,13.0,4.348416288592331
johanneskirchen,dlinear,autumn_2024,448,18,10.901094896359101,13.0,2.0989051036408988
johanneskirchen,dlinear,autumn_2024,449,18,12.650720845401432,14.0,1.3492791545985678
johanneskirchen,dlinear,autumn_2024,450,18,14.664728539972538,16.0,1.335271460027462
johanneskirchen,dlinear,autumn_2024,451,18,16.004460737968063,15.0,1.0044607379680635
johanneskirchen,dlinear,autumn_2024,452,18,16.851728727570116,16.0,0.8517287275701158
johanneskirchen,dlinear,autumn_2024,453,18,17.63382736665892,16.0,1.6338273666589203
johanneskirchen,dlinear,autumn_2024,454,18,18.64495207815217,17.0,1.6449520781521692
johanneskirchen,dlinear,autumn_2024,455,18,19.102097826123842,18.0,1.1020978261238419
johanneskirchen,dlinear,autumn_2024,456,19,19.269514551835453,18.0,1.269514551835453
johanneskirchen,dlinear,autumn_2024,457,19,19.479625112215203,18.0,1.4796251122152029
johanneskirchen,dlinear,autumn_2024,458,19,19.38011566190818,18.0,1.3801156619081816
johanneskirchen,dlinear,autumn_2024,459,19,19.373309964955958,18.0,1.3733099649559577
johanneskirchen,dlinear,autumn_2024,460,19,20.044730720083287,17.0,3.0447307200832867
johanneskirchen,dlinear,autumn_2024,461,19,22.255942521086233,11.0,11.255942521086233
johanneskirchen,dlinear,autumn_2024,462,19,23.829558347779596,12.0,11.829558347779596
johanneskirchen,dlinear,autumn_2024,463,19,21.74827060587006,13.0,8.748270605870061
johanneskirchen,dlinear,autumn_2024,464,19,18.847583734502237,16.0,2.847583734502237
johanneskirchen,dlinear,autumn_2024,465,19,15.974698945807322,13.0,2.9746989458073223
johanneskirchen,dlinear,autumn_2024,466,19,13.726589170253135,12.0,1.7265891702531349
johanneskirchen,dlinear,autumn_2024,467,19,11.32950254451529,9.0,2.3295025445152895
johanneskirchen,dlinear,autumn_2024,468,19,9.350097584989442,8.0,1.3500975849894417
johanneskirchen,dlinear,autumn_2024,469,19,7.9488605412365665,6.0,1.9488605412365665
johanneskirchen,dlinear,autumn_2024,470,19,7.194380586911723,6.0,1.1943805869117234
johanneskirchen,dlinear,autumn_2024,471,19,7.04148068175491,7.0,0.041480681754910265
johanneskirchen,dlinear,autumn_2024,472,19,7.343520632462617,7.0,0.3435206324626172
johanneskirchen,dlinear,autumn_2024,473,19,7.922594295168546,8.0,0.07740570483145426
johanneskirchen,dlinear,autumn_2024,474,19,9.02246939110535,9.0,0.022469391105349956
johanneskirchen,dlinear,autumn_2024,475,19,9.629167789015458,8.0,1.6291677890154581
johanneskirchen,dlinear,autumn_2024,476,19,10.097524505935896,8.0,2.097524505935896
johanneskirchen,dlinear,autumn_2024,477,19,10.295598013579653,10.0,0.295598013579653
johanneskirchen,dlinear,autumn_2024,478,19,10.81535229668821,11.0,0.18464770331178926
johanneskirchen,dlinear,autumn_2024,479,19,11.759123512833199,13.0,1.2408764871668012
johanneskirchen,dlinear,autumn_2024,480,20,12.809313041533986,9.0,3.8093130415339864
johanneskirchen,dlinear,autumn_2024,481,20,13.801104740622407,5.0,8.801104740622407
johanneskirchen,dlinear,autumn_2024,482,20,14.352711509524928,4.0,10.352711509524928
johanneskirchen,dlinear,autumn_2024,483,20,12.478791483499522,3.0,9.478791483499522
johanneskirchen,dlinear,autumn_2024,484,20,10.38438702553297,3.0,7.38438702553297
johanneskirchen,dlinear,autumn_2024,485,20,8.736859608047531,3.0,5.736859608047531
johanneskirchen,dlinear,autumn_2024,486,20,7.341662789551817,3.0,4.341662789551817
johanneskirchen,dlinear,autumn_2024,487,20,5.606534437582655,3.0,2.6065344375826554
johanneskirchen,dlinear,autumn_2024,488,20,4.182251846412374,3.0,1.182251846412374
johanneskirchen,dlinear,autumn_2024,489,20,3.1349173634441883,3.0,0.13491736344418825
johanneskirchen,dlinear,autumn_2024,490,20,2.798056577723618,4.0,1.2019434222763818
johanneskirchen,dlinear,autumn_2024,491,20,3.282974972939109,6.0,2.717025027060891
johanneskirchen,dlinear,autumn_2024,492,20,4.493694850960566,8.0,3.5063051490394344
johanneskirchen,dlinear,autumn_2024,493,20,5.866432065488382,8.0,2.1335679345116176
johanneskirchen,dlinear,autumn_2024,494,20,7.246398310264007,9.0,1.7536016897359934
johanneskirchen,dlinear,autumn_2024,495,20,8.952050385213372,11.0,2.047949614786628
johanneskirchen,dlinear,autumn_2024,496,20,11.377252850001828,16.0,4.6227471499981725
johanneskirchen,dlinear,autumn_2024,497,20,14.297223508712737,16.0,1.7027764912872634
johanneskirchen,dlinear,autumn_2024,498,20,17.011034718307247,18.0,0.988965281692753
johanneskirchen,dlinear,autumn_2024,499,20,19.52157621251982,19.0,0.5215762125198182
johanneskirchen,dlinear,autumn_2024,500,20,20.969324559089724,17.0,3.969324559089724
johanneskirchen,dlinear,autumn_2024,501,20,20.505553271450555,14.0,6.505553271450555
johanneskirchen,dlinear,autumn_2024,502,20,19.099264623612,12.0,7.099264623612001
johanneskirchen,dlinear,autumn_2024,503,20,16.7306675851857,10.0,6.730667585185699
johanneskirchen,dlinear,autumn_2024,504,21,14.957073384379663,10.0,4.9570733843796635
johanneskirchen,dlinear,autumn_2024,505,21,16.777843024112073,5.0,11.777843024112073
johanneskirchen,dlinear,autumn_2024,506,21,13.233945843063104,7.0,6.233945843063104
johanneskirchen,dlinear,autumn_2024,507,21,9.507645380646501,9.0,0.5076453806465011
johanneskirchen,dlinear,autumn_2024,508,21,7.028635713140626,8.0,0.9713642868593739
johanneskirchen,dlinear,autumn_2024,509,21,5.605078935102272,7.0,1.3949210648977282
johanneskirchen,dlinear,autumn_2024,510,21,4.303811148279982,5.0,0.6961888517200183
johanneskirchen,dlinear,autumn_2024,511,21,3.615380400448294,4.0,0.3846195995517059
johanneskirchen,dlinear,autumn_2024,512,21,3.0984332787830002,4.0,0.9015667212169998
johanneskirchen,dlinear,autumn_2024,513,21,2.776520816804875,4.0,1.223479183195125
johanneskirchen,dlinear,autumn_2024,514,21,2.469883742218741,3.0,0.530116257781259
johanneskirchen,dlinear,autumn_2024,515,21,2.4506306619263754,3.0,0.5493693380736246
johanneskirchen,dlinear,autumn_2024,516,21,2.6217703755216295,4.0,1.3782296244783705
johanneskirchen,dlinear,autumn_2024,517,21,3.1309962446053152,5.0,1.8690037553946848
johanneskirchen,dlinear,autumn_2024,518,21,3.6000210601684843,5.0,1.3999789398315157
johanneskirchen,dlinear,autumn_2024,519,21,4.282272779942058,5.0,0.7177272200579417
johanneskirchen,dlinear,autumn_2024,520,21,4.962823034298271,5.0,0.0371769657017289
johanneskirchen,dlinear,autumn_2024,521,21,6.049071847721285,7.0,0.9509281522787152
johanneskirchen,dlinear,autumn_2024,522,21,6.90302878419007,6.0,0.9030287841900702
johanneskirchen,dlinear,autumn_2024,523,21,7.753305020550513,7.0,0.7533050205505134
johanneskirchen,dlinear,autumn_2024,524,21,8.970698889149167,8.0,0.9706988891491672
johanneskirchen,dlinear,autumn_2024,525,21,9.827568870828587,10.0,0.17243112917141268
johanneskirchen,dlinear,autumn_2024,526,21,10.129891728492806,10.0,0.12989172849280628
johanneskirchen,dlinear,autumn_2024,527,21,10.325491502617432,11.0,0.6745084973825684
johanneskirchen,dlinear,autumn_2024,528,22,10.282511702269023,11.0,0.7174882977309771
johanneskirchen,dlinear,autumn_2024,529,22,10.282970594481796,13.0,2.717029405518204
johanneskirchen,dlinear,autumn_2024,530,22,10.389616792537012,14.0,3.610383207462988
johanneskirchen,dlinear,autumn_2024,531,22,10.106345807645466,12.0,1.8936541923545338
johanneskirchen,dlinear,autumn_2024,532,22,9.343641777405587,11.0,1.6563582225944131
johanneskirchen,dlinear,autumn_2024,533,22,8.560564872658134,11.0,2.4394351273418664
johanneskirchen,dlinear,autumn_2024,534,22,7.991211593739626,10.0,2.008788406260374
johanneskirchen,dlinear,autumn_2024,535,22,7.184787029191461,8.0,0.8152129708085392
johanneskirchen,dlinear,autumn_2024,536,22,6.566483530469558,6.0,0.5664835304695579
johanneskirchen,dlinear,autumn_2024,537,22,6.259442938210852,8.0,1.740557061789148
johanneskirchen,dlinear,autumn_2024,538,22,6.591897648961471,9.0,2.4081023510385293
johanneskirchen,dlinear,autumn_2024,539,22,7.3598812939326175,11.0,3.6401187060673825
johanneskirchen,dlinear,autumn_2024,540,22,7.185303464688724,7.0,0.18530346468872416
johanneskirchen,dlinear,autumn_2024,541,22,7.128232555827619,7.0,0.12823255582761917
johanneskirchen,dlinear,autumn_2024,542,22,7.380959247563356,7.0,0.3809592475633563
johanneskirchen,dlinear,autumn_2024,543,22,6.961992569569181,6.0,0.9619925695691807
johanneskirchen,dlinear,autumn_2024,544,22,6.62671009508455,6.0,0.6267100950845501
johanneskirchen,dlinear,autumn_2024,545,22,6.153409109654342,5.0,1.1534091096543424
johanneskirchen,dlinear,autumn_2024,546,22,6.410745528410559,6.0,0.4107455284105592
johanneskirchen,dlinear,autumn_2024,547,22,7.542473343142343,6.0,1.5424733431423432
johanneskirchen,dlinear,autumn_2024,548,22,7.6861857474069435,7.0,0.6861857474069435
johanneskirchen,dlinear,autumn_2024,549,22,6.8316067569111585,6.0,0.8316067569111585
johanneskirchen,dlinear,autumn_2024,550,22,5.945335833551426,6.0,0.05466416644857386
johanneskirchen,dlinear,autumn_2024,551,22,5.381705047056763,6.0,0.6182949529432369
johanneskirchen,dlinear,autumn_2024,552,23,5.085150498479656,6.0,0.9148495015203437
johanneskirchen,dlinear,autumn_2024,553,23,4.659051378022606,5.0,0.34094862197739406
johanneskirchen,dlinear,autumn_2024,554,23,4.578565812632796,6.0,1.421434187367204
johanneskirchen,dlinear,autumn_2024,555,23,5.2021678335779455,8.0,2.7978321664220545
johanneskirchen,dlinear,autumn_2024,556,23,6.25344702517711,9.0,2.7465529748228903
johanneskirchen,dlinear,autumn_2024,557,23,6.975772398271937,8.0,1.0242276017280627
johanneskirchen,dlinear,autumn_2024,558,23,7.003368736865096,7.0,0.003368736865096089
johanneskirchen,dlinear,autumn_2024,559,23,6.204670016623051,5.0,1.2046700166230506
johanneskirchen,dlinear,autumn_2024,560,23,4.9721211355265815,4.0,0.9721211355265815
johanneskirchen,dlinear,autumn_2024,561,23,3.6433513984505606,3.0,0.6433513984505606
johanneskirchen,dlinear,autumn_2024,562,23,2.303291520840931,3.0,0.696708479159069
johanneskirchen,dlinear,autumn_2024,563,23,1.558510032733233,3.0,1.441489967266767
johanneskirchen,dlinear,autumn_2024,564,23,1.1465876066221163,2.0,0.8534123933778837
johanneskirchen,dlinear,autumn_2024,565,23,0.9591951193567372,2.0,1.0408048806432628
johanneskirchen,dlinear,autumn_2024,566,23,1.082940504006677,2.0,0.9170594959933229
johanneskirchen,dlinear,autumn_2024,567,23,1.3817001913683047,2.0,0.6182998086316953
johanneskirchen,dlinear,autumn_2024,568,23,1.8516598270983717,3.0,1.1483401729016283
johanneskirchen,dlinear,autumn_2024,569,23,2.543853050464188,4.0,1.4561469495358121
johanneskirchen,dlinear,autumn_2024,570,23,3.2791458147280865,5.0,1.7208541852719135
johanneskirchen,dlinear,autumn_2024,571,23,4.394057378914118,7.0,2.605942621085882
johanneskirchen,dlinear,autumn_2024,572,23,5.860161122818348,9.0,3.139838877181652
johanneskirchen,dlinear,autumn_2024,573,23,7.077078222028064,10.0,2.9229217779719363
johanneskirchen,dlinear,autumn_2024,574,23,7.537197078622903,9.0,1.4628029213770972
johanneskirchen,dlinear,autumn_2024,575,23,7.387477675490572,8.0,0.6125223245094276
johanneskirchen,dlinear,autumn_2024,576,24,7.478979427158913,8.0,0.5210205728410866
johanneskirchen,dlinear,autumn_2024,577,24,7.922714694115235,8.0,0.07728530588476534
johanneskirchen,dlinear,autumn_2024,578,24,8.208953483764478,9.0,0.7910465162355216
johanneskirchen,dlinear,autumn_2024,579,24,8.046850229889618,8.0,0.04685022988961762
johanneskirchen,dlinear,autumn_2024,580,24,7.700639663836475,7.0,0.7006396638364754
johanneskirchen,dlinear,autumn_2024,581,24,7.320461764517359,7.0,0.32046176451735864
johanneskirchen,dlinear,autumn_2024,582,24,6.836907212041901,6.0,0.8369072120419014
johanneskirchen,dlinear,autumn_2024,583,24,5.860056958198626,5.0,0.8600569581986264
johanneskirchen,dlinear,autumn_2024,584,24,5.13213123667816,6.0,0.86786876332184
johanneskirchen,dlinear,autumn_2024,585,24,4.587596319160188,6.0,1.4124036808398124
johanneskirchen,dlinear,autumn_2024,586,24,4.289314705396852,5.0,0.7106852946031479
johanneskirchen,dlinear,autumn_2024,587,24,4.425837130979211,6.0,1.574162869020789
johanneskirchen,dlinear,autumn_2024,588,24,4.706130007863684,5.0,0.29386999213631615
johanneskirchen,dlinear,autumn_2024,589,24,4.7800879877420215,5.0,0.21991201225797852
johanneskirchen,dlinear,autumn_2024,590,24,4.833709320473384,4.0,0.8337093204733836
johanneskirchen,dlinear,autumn_2024,591,24,5.069120836216423,6.0,0.9308791637835769
johanneskirchen,dlinear,autumn_2024,592,24,5.740796772334982,7.0,1.2592032276650178
johanneskirchen,dlinear,autumn_2024,593,24,6.52501595512901,7.0,0.47498404487098966
johanneskirchen,dlinear,autumn_2024,594,24,7.131705007931577,6.0,1.1317050079315774
johanneskirchen,dlinear,autumn_2024,595,24,8.706434560096223,11.0,2.2935654399037766
johanneskirchen,dlinear,autumn_2024,596,24,10.829002796184614,14.0,3.1709972038153857
johanneskirchen,dlinear,autumn_2024,597,24,13.173936041127307,12.0,1.1739360411273072
johanneskirchen,dlinear,autumn_2024,598,24,15.215369195833118,15.0,0.21536919583311764
johanneskirchen,dlinear,autumn_2024,599,24,16.938134449113292,16.0,0.9381344491132921
johanneskirchen,dlinear,autumn_2024,600,25,17.697863233862257,12.0,5.6978632338622575
johanneskirchen,dlinear,autumn_2024,601,25,17.400194241768276,10.0,7.400194241768276
johanneskirchen,dlinear,autumn_2024,602,25,15.902689250106732,10.0,5.902689250106732
johanneskirchen,dlinear,autumn_2024,603,25,14.331754208940136,9.0,5.331754208940136
johanneskirchen,dlinear,autumn_2024,604,25,12.572919799704163,8.0,4.572919799704163
johanneskirchen,dlinear,autumn_2024,605,25,10.584041723315591,6.0,4.5840417233155915
johanneskirchen,dlinear,autumn_2024,606,25,8.489932184905554,4.0,4.489932184905554
johanneskirchen,dlinear,autumn_2024,607,25,6.76168107956282,5.0,1.7616810795628197
johanneskirchen,dlinear,autumn_2024,608,25,5.473292177881348,5.0,0.4732921778813477
johanneskirchen,dlinear,autumn_2024,609,25,4.760089935452992,6.0,1.2399100645470078
johanneskirchen,dlinear,autumn_2024,610,25,4.392811690194144,6.0,1.6071883098058564
johanneskirchen,dlinear,autumn_2024,611,25,4.66445804750502,7.0,2.33554195249498
johanneskirchen,dlinear,autumn_2024,612,25,5.5935863332684885,9.0,3.4064136667315115
johanneskirchen,dlinear,autumn_2024,613,25,7.05452121051737,11.0,3.94547878948263
johanneskirchen,dlinear,autumn_2024,614,25,9.06937558488369,14.0,4.930624415116309
johanneskirchen,dlinear,autumn_2024,615,25,11.412328174829174,16.0,4.587671825170826
johanneskirchen,dlinear,autumn_2024,616,25,13.370993907183312,16.0,2.629006092816688
johanneskirchen,dlinear,autumn_2024,617,25,14.782618265616414,18.0,3.2173817343835864
johanneskirchen,dlinear,autumn_2024,618,25,15.995384823241068,18.0,2.004615176758932
johanneskirchen,dlinear,autumn_2024,619,25,16.411726500534495,18.0,1.5882734994655046
johanneskirchen,dlinear,autumn_2024,620,25,16.045493992090314,14.0,2.0454939920903144
johanneskirchen,dlinear,autumn_2024,621,25,15.68812601009248,14.0,1.6881260100924802
johanneskirchen,dlinear,autumn_2024,622,25,15.637356183482037,14.0,1.6373561834820372
johanneskirchen,dlinear,autumn_2024,623,25,15.48452976042552,13.0,2.48452976042552
johanneskirchen,dlinear,autumn_2024,624,26,15.166075805320997,12.0,3.1660758053209967
johanneskirchen,dlinear,autumn_2024,625,26,14.765265857346067,10.0,4.765265857346067
johanneskirchen,dlinear,autumn_2024,626,26,14.243255885142581,7.0,7.243255885142581
johanneskirchen,dlinear,autumn_2024,627,26,13.701564764243722,6.0,7.701564764243722
johanneskirchen,dlinear,autumn_2024,628,26,12.305613841477037,7.0,5.305613841477037
johanneskirchen,dlinear,autumn_2024,629,26,10.70999879218918,7.0,3.7099987921891806
johanneskirchen,dlinear,autumn_2024,630,26,9.309984862296917,8.0,1.3099848622969166
johanneskirchen,dlinear,autumn_2024,631,26,8.699300677440183,9.0,0.3006993225598169
johanneskirchen,dlinear,autumn_2024,632,26,7.779385153764938,9.0,1.220614846235062
johanneskirchen,dlinear,autumn_2024,633,26,5.957491095751803,6.0,0.04250890424819698
johanneskirchen,dlinear,autumn_2024,634,26,4.433334465933305,4.0,0.4333344659333047
johanneskirchen,dlinear,autumn_2024,635,26,3.8880947314373326,3.0,0.8880947314373326
johanneskirchen,dlinear,autumn_2024,636,26,3.9830619920879036,4.0,0.01693800791209643
johanneskirchen,dlinear,autumn_2024,637,26,4.660916190275373,6.0,1.3390838097246274
johanneskirchen,dlinear,autumn_2024,638,26,5.340505850934585,7.0,1.6594941490654147
johanneskirchen,dlinear,autumn_2024,639,26,6.282395485810924,8.0,1.717604514189076
johanneskirchen,dlinear,autumn_2024,640,26,7.105251685198915,8.0,0.8947483148010846
johanneskirchen,dlinear,autumn_2024,641,26,8.511092717018446,10.0,1.488907282981554
johanneskirchen,dlinear,autumn_2024,642,26,9.85004133235174,10.0,0.14995866764826005
johanneskirchen,dlinear,autumn_2024,643,26,12.121717096670805,17.0,4.878282903329195
johanneskirchen,dlinear,autumn_2024,644,26,12.979493927098384,12.0,0.9794939270983836
johanneskirchen,dlinear,autumn_2024,645,26,13.126318976918792,11.0,2.1263189769187925
johanneskirchen,dlinear,autumn_2024,646,26,12.73073536215421,10.0,2.73073536215421
johanneskirchen,dlinear,autumn_2024,647,26,11.937932889503283,9.0,2.9379328895032835
johanneskirchen,dlinear,autumn_2024,648,27,11.184480374269599,9.0,2.184480374269599
johanneskirchen,dlinear,autumn_2024,649,27,10.648999149348935,8.0,2.648999149348935
johanneskirchen,dlinear,autumn_2024,650,27,11.159257344712396,6.0,5.159257344712396
johanneskirchen,dlinear,autumn_2024,651,27,14.633266645572704,4.0,10.633266645572704
johanneskirchen,dlinear,autumn_2024,652,27,12.9923606696053,3.0,9.9923606696053
johanneskirchen,dlinear,autumn_2024,653,27,10.322625267570968,3.0,7.322625267570968
johanneskirchen,dlinear,autumn_2024,654,27,8.372414331465112,3.0,5.372414331465112
johanneskirchen,dlinear,autumn_2024,655,27,7.338805612601954,3.0,4.338805612601954
johanneskirchen,dlinear,autumn_2024,656,27,6.646198975877234,3.0,3.646198975877234
johanneskirchen,dlinear,autumn_2024,657,27,5.737282219652268,4.0,1.7372822196522684
johanneskirchen,dlinear,autumn_2024,658,27,5.023947023016568,6.0,0.9760529769834321
johanneskirchen,dlinear,autumn_2024,659,27,4.795191925545572,6.5,1.7048080744544283
johanneskirchen,dlinear,autumn_2024,660,27,5.269488158855891,7.0,1.730511841144109
johanneskirchen,dlinear,autumn_2024,661,27,6.22136572215374,7.0,0.77863427784626
johanneskirchen,dlinear,autumn_2024,662,27,7.138496008055923,7.0,0.138496008055923
johanneskirchen,dlinear,autumn_2024,663,27,8.063795038894366,8.0,0.06379503889436577
johanneskirchen,dlinear,autumn_2024,664,27,9.065257028418122,10.0,0.934742971581878
johanneskirchen,dlinear,autumn_2024,665,27,10.307633659908483,11.0,0.6923663400915174
johanneskirchen,dlinear,autumn_2024,666,27,11.326754376483235,10.0,1.326754376483235
johanneskirchen,dlinear,autumn_2024,667,27,12.586950696009772,6.0,6.586950696009772
johanneskirchen,dlinear,autumn_2024,668,27,13.97359727895212,4.0,9.97359727895212
johanneskirchen,dlinear,autumn_2024,669,27,12.314978466115965,4.0,8.314978466115965
johanneskirchen,dlinear,autumn_2024,670,27,9.9584410839756,4.0,5.9584410839756
johanneskirchen,dlinear,autumn_2024,671,27,7.839269675713272,4.0,3.839269675713272
johanneskirchen,dlinear,autumn_2024,672,28,6.446587072107429,5.0,1.4465870721074294
johanneskirchen,dlinear,autumn_2024,673,28,5.268568398335075,5.0,0.2685683983350753
johanneskirchen,dlinear,autumn_2024,674,28,4.539128014160102,4.0,0.5391280141601023
johanneskirchen,dlinear,autumn_2024,675,28,3.942622817132527,4.0,0.05737718286747295
johanneskirchen,dlinear,autumn_2024,676,28,3.470077795736101,4.0,0.5299222042638991
johanneskirchen,dlinear,autumn_2024,677,28,2.9440937951941883,4.0,1.0559062048058117
johanneskirchen,dlinear,autumn_2024,678,28,2.8247652190700503,4.0,1.1752347809299497
johanneskirchen,dlinear,autumn_2024,679,28,3.0450791292934785,4.0,0.9549208707065215
johanneskirchen,dlinear,autumn_2024,680,28,3.6108923996574314,5.0,1.3891076003425686
johanneskirchen,dlinear,autumn_2024,681,28,4.558003608826352,5.666666666666667,1.1086630578403147
johanneskirchen,dlinear,autumn_2024,682,28,6.774298803146432,6.333333333333333,0.4409654698130989
johanneskirchen,dlinear,autumn_2024,683,28,7.019838279686195,7.0,0.019838279686195115
johanneskirchen,dlinear,autumn_2024,684,28,7.350649399312996,8.0,0.6493506006870042
johanneskirchen,dlinear,autumn_2024,685,28,7.531003449540778,9.0,1.468996550459222
johanneskirchen,dlinear,autumn_2024,686,28,8.173434558016615,12.0,3.8265654419833854
johanneskirchen,dlinear,autumn_2024,687,28,9.31309495529936,12.0,2.686905044700641
johanneskirchen,dlinear,autumn_2024,688,28,10.715296529347867,12.0,1.2847034706521328
johanneskirchen,dlinear,autumn_2024,689,28,12.352701105587736,6.0,6.352701105587736
johanneskirchen,dlinear,autumn_2024,690,28,12.935806841140469,4.0,8.935806841140469
johanneskirchen,dlinear,autumn_2024,691,28,13.704896941165627,4.0,9.704896941165627
johanneskirchen,dlinear,autumn_2024,692,28,12.187480948382218,2.0,10.187480948382218
johanneskirchen,dlinear,autumn_2024,693,28,11.130133792096242,2.0,9.130133792096242
johanneskirchen,dlinear,autumn_2024,694,28,9.572389591634204,3.0,6.572389591634204
johanneskirchen,dlinear,autumn_2024,695,28,8.583285195249296,3.0,5.583285195249296
johanneskirchen,dlinear,autumn_2024,696,29,7.491994250061684,3.0,4.491994250061684
johanneskirchen,dlinear,autumn_2024,697,29,7.212594487813854,4.0,3.2125944878138544
johanneskirchen,dlinear,autumn_2024,698,29,6.976859956369726,5.0,1.9768599563697258
johanneskirchen,dlinear,autumn_2024,699,29,7.45475091946582,6.0,1.4547509194658197
johanneskirchen,dlinear,autumn_2024,700,29,7.535691111981191,4.0,3.5356911119811913
johanneskirchen,dlinear,autumn_2024,701,29,7.1507406493658126,3.0,4.1507406493658126
johanneskirchen,dlinear,autumn_2024,702,29,7.750074635702555,4.0,3.750074635702555
johanneskirchen,dlinear,autumn_2024,703,29,8.043221225922466,4.0,4.043221225922466
johanneskirchen,dlinear,autumn_2024,704,29,8.402216181184436,9.0,0.5977838188155644
johanneskirchen,dlinear,autumn_2024,705,29,9.501347885535282,15.0,5.4986521144647185
johanneskirchen,dlinear,autumn_2024,706,29,11.145484359720545,21.0,9.854515640279455
johanneskirchen,dlinear,autumn_2024,707,29,12.35589714923148,20.0,7.644102850768521
johanneskirchen,dlinear,autumn_2024,708,29,12.657138370377238,18.0,5.342861629622762
johanneskirchen,dlinear,autumn_2024,709,29,12.685889403459337,17.0,4.314110596540663
johanneskirchen,dlinear,autumn_2024,710,29,12.080084588745805,16.0,3.9199154112541947
johanneskirchen,dlinear,autumn_2024,711,29,11.608635053112822,16.0,4.391364946887178
johanneskirchen,dlinear,autumn_2024,712,29,12.8585937110626,21.0,8.1414062889374
johanneskirchen,dlinear,autumn_2024,713,29,15.203601265353644,22.0,6.796398734646356
johanneskirchen,dlinear,autumn_2024,714,29,17.08629036361624,23.0,5.913709636383761
johanneskirchen,dlinear,autumn_2024,715,29,17.89772139978975,22.0,4.102278600210251
johanneskirchen,dlinear,autumn_2024,716,29,17.91579681384448,23.0,5.08420318615552
johanneskirchen,dlinear,autumn_2024,717,29,17.88233488145492,22.0,4.11766511854508
johanneskirchen,dlinear,autumn_2024,718,29,17.511229861149037,21.0,3.4887701388509633
johanneskirchen,dlinear,autumn_2024,719,29,16.275992046292146,15.0,1.2759920462921457
johanneskirchen,dlinear,autumn_2024,720,30,16.009770126338317,11.0,5.009770126338317
johanneskirchen,dlinear,autumn_2024,721,30,18.110255655309373,15.0,3.1102556553093734
johanneskirchen,dlinear,autumn_2024,722,30,19.69158643311119,17.0,2.6915864331111905
johanneskirchen,dlinear,autumn_2024,723,30,20.997273391059643,9.0,11.997273391059643
johanneskirchen,dlinear,autumn_2024,724,30,21.493920605835996,8.0,13.493920605835996
johanneskirchen,dlinear,autumn_2024,725,30,21.289453226382886,4.0,17.289453226382886
johanneskirchen,dlinear,autumn_2024,726,30,19.279078945050973,5.0,14.279078945050973
johanneskirchen,dlinear,autumn_2024,727,30,16.852397605284807,8.0,8.852397605284807
johanneskirchen,dlinear,autumn_2024,728,30,14.095350850122497,15.0,0.9046491498775033
johanneskirchen,dlinear,autumn_2024,729,30,11.727839607576446,15.0,3.2721603924235545
johanneskirchen,dlinear,autumn_2024,730,30,9.456880924780183,11.0,1.543119075219817
johanneskirchen,dlinear,autumn_2024,731,30,8.15833695748775,12.0,3.84166304251225
johanneskirchen,dlinear,autumn_2024,732,30,7.708478521016939,11.0,3.2915214789830607
johanneskirchen,dlinear,autumn_2024,733,30,7.317757525663429,10.0,2.6822424743365714
johanneskirchen,dlinear,autumn_2024,734,30,7.404736160464443,10.0,2.5952638395355567
johanneskirchen,dlinear,autumn_2024,735,30,7.536015629546753,9.0,1.4639843704532467
johanneskirchen,dlinear,autumn_2024,736,30,8.106183201184294,10.0,1.8938167988157062
johanneskirchen,dlinear,autumn_2024,737,30,8.981623742330152,11.0,2.018376257669848
johanneskirchen,dlinear,autumn_2024,738,30,10.369540899936109,13.0,2.6304591000638915
johanneskirchen,dlinear,autumn_2024,739,30,12.028807114820914,15.0,2.971192885179086
johanneskirchen,dlinear,autumn_2024,740,30,12.510362364650632,14.0,1.4896376353493679
johanneskirchen,dlinear,autumn_2024,741,30,12.27376204468009,13.0,0.7262379553199096
johanneskirchen,dlinear,autumn_2024,742,30,12.103702788503318,14.0,1.896297211496682
johanneskirchen,dlinear,autumn_2024,743,30,11.843711601502317,15.0,3.156288398497683
johanneskirchen,dlinear,autumn_2024,744,31,12.319696114600685,17.0,4.680303885399315
johanneskirchen,dlinear,autumn_2024,745,31,12.50302342779137,16.0,3.496976572208631
johanneskirchen,dlinear,autumn_2024,746,31,12.027474845868399,16.0,3.972525154131601
johanneskirchen,dlinear,autumn_2024,747,31,10.745810179231247,12.0,1.2541898207687527
johanneskirchen,dlinear,autumn_2024,748,31,9.223780534528913,10.0,0.7762194654710868
johanneskirchen,dlinear,autumn_2024,749,31,8.186557527878445,10.0,1.8134424721215545
johanneskirchen,dlinear,autumn_2024,750,31,7.521072005295859,10.0,2.478927994704141
johanneskirchen,dlinear,autumn_2024,751,31,7.05364814136785,12.0,4.94635185863215
johanneskirchen,dlinear,autumn_2024,752,31,6.362404734019561,10.0,3.6375952659804387
johanneskirchen,dlinear,autumn_2024,753,31,5.63691202265048,8.0,2.3630879773495197
johanneskirchen,dlinear,autumn_2024,754,31,4.907133799217479,7.0,2.092866200782521
johanneskirchen,dlinear,autumn_2024,755,31,4.299137398212484,7.0,2.7008626017875157
johanneskirchen,dlinear,autumn_2024,756,31,3.5184261867388678,5.0,1.4815738132611322
johanneskirchen,dlinear,autumn_2024,757,31,2.5008396414281524,2.0,0.5008396414281524
johanneskirchen,dlinear,autumn_2024,758,31,1.809796123886878,1.0,0.809796123886878
johanneskirchen,dlinear,autumn_2024,759,31,1.9940664454074106,2.0,0.005933554592589374
johanneskirchen,dlinear,autumn_2024,760,31,2.645489923949306,2.0,0.6454899239493059
johanneskirchen,dlinear,autumn_2024,761,31,4.29685497107627,4.0,0.2968549710762698
johanneskirchen,dlinear,autumn_2024,762,31,6.007406895411988,6.0,0.007406895411987691
johanneskirchen,dlinear,autumn_2024,763,31,8.445137863474468,10.0,1.5548621365255322
johanneskirchen,dlinear,autumn_2024,764,31,11.30674384839861,10.0,1.3067438483986091
johanneskirchen,dlinear,autumn_2024,765,31,12.680541261417812,9.0,3.6805412614178117
johanneskirchen,dlinear,autumn_2024,766,31,13.964257567824326,14.0,0.035742432175673855
johanneskirchen,dlinear,autumn_2024,767,31,13.558752678586226,12.0,1.5587526785862256
johanneskirchen,dlinear,autumn_2024,768,32,12.416574200015141,11.0,1.4165742000151411
johanneskirchen,dlinear,autumn_2024,769,32,11.27748086382916,9.0,2.27748086382916
johanneskirchen,dlinear,autumn_2024,770,32,11.87660198766949,9.0,2.87660198766949
johanneskirchen,dlinear,autumn_2024,771,32,12.150872827867083,7.0,5.150872827867083
johanneskirchen,dlinear,autumn_2024,772,32,11.832229279082563,9.0,2.832229279082563
johanneskirchen,dlinear,autumn_2024,773,32,11.730584185339616,9.0,2.730584185339616
johanneskirchen,dlinear,autumn_2024,774,32,11.716382818760772,9.0,2.7163828187607724
johanneskirchen,dlinear,autumn_2024,775,32,12.977357460431982,14.0,1.022642539568018
johanneskirchen,dlinear,autumn_2024,776,32,13.114967522446925,13.0,0.11496752244692487
johanneskirchen,dlinear,autumn_2024,777,32,12.206879896381988,13.0,0.793120103618012
johanneskirchen,dlinear,autumn_2024,778,32,10.779073763695628,10.0,0.779073763695628
johanneskirchen,dlinear,autumn_2024,779,32,8.938715203329375,7.0,1.9387152033293749
johanneskirchen,dlinear,autumn_2024,780,32,7.930884723048642,9.0,1.0691152769513579
johanneskirchen,dlinear,autumn_2024,781,32,8.087356814691027,11.0,2.9126431853089727
johanneskirchen,dlinear,autumn_2024,782,32,8.277261085286408,11.0,2.7227389147135916
johanneskirchen,dlinear,autumn_2024,783,32,8.664367796319135,11.0,2.3356322036808645
johanneskirchen,dlinear,autumn_2024,784,32,9.06114467756514,10.0,0.9388553224348595
johanneskirchen,dlinear,autumn_2024,785,32,9.210010696260593,9.0,0.21001069626059277
johanneskirchen,dlinear,autumn_2024,786,32,9.298918380379785,10.0,0.701081619620215
johanneskirchen,dlinear,autumn_2024,787,32,10.321804603752684,12.0,1.6781953962473164
johanneskirchen,dlinear,autumn_2024,788,32,11.988710586596941,16.0,4.011289413403059
johanneskirchen,dlinear,autumn_2024,789,32,12.305686086385348,14.0,1.6943139136146517
johanneskirchen,dlinear,autumn_2024,790,32,11.839056111880172,12.0,0.16094388811982796
johanneskirchen,dlinear,autumn_2024,791,32,12.29821998495175,15.0,2.70178001504825
johanneskirchen,dlinear,autumn_2024,792,33,12.653052525062964,14.0,1.3469474749370356
johanneskirchen,dlinear,autumn_2024,793,33,13.304902955876704,14.0,0.6950970441232958
johanneskirchen,dlinear,autumn_2024,794,33,13.901840047658341,14.0,0.09815995234165875
johanneskirchen,dlinear,autumn_2024,795,33,14.338521431757794,14.0,0.33852143175779403
johanneskirchen,dlinear,autumn_2024,796,33,13.772262193686709,12.0,1.772262193686709
johanneskirchen,dlinear,autumn_2024,797,33,12.938837732808986,11.0,1.9388377328089863
johanneskirchen,dlinear,autumn_2024,798,33,12.093282077092397,10.0,2.0932820770923968
johanneskirchen,dlinear,autumn_2024,799,33,11.42690885005351,11.0,0.4269088500535094
johanneskirchen,dlinear,autumn_2024,800,33,10.96583395072353,11.0,0.034166049276469934
johanneskirchen,dlinear,autumn_2024,801,33,10.83128284253117,11.0,0.16871715746882998
johanneskirchen,dlinear,autumn_2024,802,33,10.986435856917154,13.0,2.0135641430828457
johanneskirchen,dlinear,autumn_2024,803,33,10.940734907867471,11.0,0.05926509213252906
johanneskirchen,dlinear,autumn_2024,804,33,10.714209368675835,10.0,0.7142093686758351
johanneskirchen,dlinear,autumn_2024,805,33,10.130432561611158,9.0,1.1304325616111583
johanneskirchen,dlinear,autumn_2024,806,33,9.491161730486326,8.0,1.4911617304863256
johanneskirchen,dlinear,autumn_2024,807,33,8.940286741874543,7.0,1.9402867418745426
johanneskirchen,dlinear,autumn_2024,808,33,8.5979364720782,7.0,1.5979364720781994
johanneskirchen,dlinear,autumn_2024,809,33,8.354282275763595,8.0,0.3542822757635946
johanneskirchen,dlinear,autumn_2024,810,33,8.666655195452893,8.0,0.6666551954528934
johanneskirchen,dlinear,autumn_2024,811,33,9.298987865011455,9.0,0.2989878650114548
johanneskirchen,dlinear,autumn_2024,812,33,10.046215513483002,10.0,0.04621551348300201
johanneskirchen,dlinear,autumn_2024,813,33,10.782353887656496,12.0,1.2176461123435036
johanneskirchen,dlinear,autumn_2024,814,33,11.29476403653882,12.0,0.7052359634611793
johanneskirchen,dlinear,autumn_2024,815,33,11.896302541324328,13.0,1.103697458675672
johanneskirchen,dlinear,autumn_2024,816,34,12.346168923264846,13.0,0.6538310767351536
johanneskirchen,dlinear,autumn_2024,817,34,12.487431566888393,12.0,0.48743156688839306
johanneskirchen,dlinear,autumn_2024,818,34,12.407327794594732,12.0,0.4073277945947318
johanneskirchen,dlinear,autumn_2024,819,34,12.382520902066892,12.0,0.3825209020668918
johanneskirchen,dlinear,autumn_2024,820,34,12.507502913185117,13.0,0.4924970868148826
johanneskirchen,dlinear,autumn_2024,821,34,12.053546614862672,12.0,0.05354661486267176
johanneskirchen,dlinear,autumn_2024,822,34,11.468634848132549,12.0,0.5313651518674511
johanneskirchen,dlinear,autumn_2024,823,34,11.336265350528027,13.0,1.663734649471973
johanneskirchen,dlinear,autumn_2024,824,34,11.406205028443175,14.0,2.593794971556825
johanneskirchen,dlinear,autumn_2024,825,34,11.049752992789045,13.0,1.9502470072109546
johanneskirchen,dlinear,autumn_2024,826,34,10.260045333460553,10.0,0.26004533346055325
johanneskirchen,dlinear,autumn_2024,827,34,8.930764118225134,8.0,0.9307641182251345
johanneskirchen,dlinear,autumn_2024,828,34,7.824446104232578,7.0,0.8244461042325781
johanneskirchen,dlinear,autumn_2024,829,34,7.151698917428373,8.0,0.8483010825716271
johanneskirchen,dlinear,autumn_2024,830,34,6.989424168585575,9.0,2.0105758314144246
johanneskirchen,dlinear,autumn_2024,831,34,8.1682101054482,12.0,3.8317898945518003
johanneskirchen,dlinear,autumn_2024,832,34,9.630210665533383,13.0,3.369789334466617
johanneskirchen,dlinear,autumn_2024,833,34,10.62604307465423,12.0,1.3739569253457695
johanneskirchen,dlinear,autumn_2024,834,34,11.529856526748986,9.0,2.5298565267489863
johanneskirchen,dlinear,autumn_2024,835,34,15.843943371958721,2.0,13.843943371958721
johanneskirchen,dlinear,autumn_2024,836,34,16.274531514097472,2.0,14.274531514097472
johanneskirchen,dlinear,autumn_2024,837,34,15.272196487693353,2.0,13.272196487693353
johanneskirchen,dlinear,autumn_2024,838,34,14.180838295246,2.0,12.180838295246
johanneskirchen,dlinear,autumn_2024,839,34,13.169947266287156,2.0,11.169947266287156
johanneskirchen,dlinear,autumn_2024,840,35,11.723248811822431,3.0,8.723248811822431
johanneskirchen,dlinear,autumn_2024,841,35,10.375704416498671,8.0,2.375704416498671
johanneskirchen,dlinear,autumn_2024,842,35,9.892614917066242,11.0,1.1073850829337584
johanneskirchen,dlinear,autumn_2024,843,35,9.484019736543491,7.0,2.484019736543491
johanneskirchen,dlinear,autumn_2024,844,35,8.624935460568368,8.0,0.6249354605683681
johanneskirchen,dlinear,autumn_2024,845,35,7.676380196364645,7.0,0.6763801963646454
johanneskirchen,dlinear,autumn_2024,846,35,6.755518053273427,8.0,1.244481946726573
johanneskirchen,dlinear,autumn_2024,847,35,6.00643210818136,7.0,0.9935678918186399
johanneskirchen,dlinear,autumn_2024,848,35,5.912897946697889,9.0,3.087102053302111
johanneskirchen,dlinear,autumn_2024,849,35,6.037237429533757,9.0,2.962762570466243
johanneskirchen,dlinear,autumn_2024,850,35,5.507690295500181,10.0,4.492309704499819
johanneskirchen,dlinear,autumn_2024,851,35,4.8743824227189805,7.0,2.1256175772810195
johanneskirchen,dlinear,autumn_2024,852,35,4.654789818325355,7.0,2.345210181674645
johanneskirchen,dlinear,autumn_2024,853,35,4.964290331709153,9.0,4.035709668290847
johanneskirchen,dlinear,autumn_2024,854,35,5.6114516058264705,8.0,2.3885483941735295
johanneskirchen,dlinear,autumn_2024,855,35,6.181752922578387,8.0,1.8182470774216126
johanneskirchen,dlinear,autumn_2024,856,35,6.642507168547161,9.0,2.3574928314528387
johanneskirchen,dlinear,autumn_2024,857,35,7.530310531838924,10.0,2.469689468161076
johanneskirchen,dlinear,autumn_2024,858,35,8.641347515963638,11.0,2.3586524840363623
johanneskirchen,dlinear,autumn_2024,859,35,12.192665968155065,9.0,3.1926659681550653
johanneskirchen,dlinear,autumn_2024,860,35,13.707681377638563,5.0,8.707681377638563
johanneskirchen,dlinear,autumn_2024,861,35,13.298517696201618,5.0,8.298517696201618
johanneskirchen,dlinear,autumn_2024,862,35,12.14151379761556,4.0,8.14151379761556
johanneskirchen,dlinear,autumn_2024,863,35,10.552295292810193,4.0,6.552295292810193
johanneskirchen,dlinear,autumn_2024,864,36,8.854944643112098,4.0,4.854944643112098
johanneskirchen,dlinear,autumn_2024,865,36,7.181380230556207,4.0,3.181380230556207
johanneskirchen,dlinear,autumn_2024,866,36,6.303104489614687,4.0,2.303104489614687
johanneskirchen,dlinear,autumn_2024,867,36,5.509461898578646,3.0,2.509461898578646
johanneskirchen,dlinear,autumn_2024,868,36,4.713081390533635,4.0,0.7130813905336346
johanneskirchen,dlinear,autumn_2024,869,36,3.934616250595349,4.0,0.06538374940465097
johanneskirchen,dlinear,autumn_2024,870,36,3.4841612420236583,4.0,0.5158387579763417
johanneskirchen,dlinear,autumn_2024,871,36,3.0624666640666955,4.0,0.9375333359333045
johanneskirchen,dlinear,autumn_2024,872,36,3.2898634576473684,7.0,3.7101365423526316
johanneskirchen,dlinear,autumn_2024,873,36,4.0228432595733485,7.0,2.9771567404266515
johanneskirchen,dlinear,autumn_2024,874,36,5.38267800000208,7.0,1.6173219999979196
johanneskirchen,dlinear,autumn_2024,875,36,7.854358207556183,12.0,4.145641792443817
johanneskirchen,dlinear,autumn_2024,876,36,9.535537040943348,12.0,2.464462959056652
johanneskirchen,dlinear,autumn_2024,877,36,11.244284105478153,16.0,4.755715894521847
johanneskirchen,dlinear,autumn_2024,878,36,12.700237329917144,17.0,4.299762670082856
johanneskirchen,dlinear,autumn_2024,879,36,13.662319721881627,17.0,3.3376802781183734
johanneskirchen,dlinear,autumn_2024,880,36,13.809340572450434,14.0,0.19065942754956566
johanneskirchen,dlinear,autumn_2024,881,36,15.270306354179539,9.0,6.270306354179539
johanneskirchen,dlinear,autumn_2024,882,36,18.85515128340988,3.0,15.855151283409882
johanneskirchen,dlinear,autumn_2024,883,36,20.01582259171403,2.0,18.01582259171403
johanneskirchen,dlinear,autumn_2024,884,36,18.709301738525998,2.0,16.709301738525998
johanneskirchen,dlinear,autumn_2024,885,36,17.362937878225363,2.0,15.362937878225363
johanneskirchen,dlinear,autumn_2024,886,36,15.937109559278593,2.0,13.937109559278593
johanneskirchen,dlinear,autumn_2024,887,36,13.420337493801862,5.0,8.420337493801862
johanneskirchen,dlinear,autumn_2024,888,37,11.073454849993297,7.0,4.073454849993297
johanneskirchen,dlinear,autumn_2024,889,37,9.474023626804211,8.0,1.474023626804211
johanneskirchen,dlinear,autumn_2024,890,37,8.249349022785553,9.0,0.7506509772144465
johanneskirchen,dlinear,autumn_2024,891,37,7.530242590974739,8.0,0.4697574090252612
johanneskirchen,dlinear,autumn_2024,892,37,6.877328895124212,5.0,1.8773288951242124
johanneskirchen,dlinear,autumn_2024,893,37,6.141783477318322,4.0,2.141783477318322
johanneskirchen,dlinear,autumn_2024,894,37,5.490276242017028,5.0,0.49027624201702835
johanneskirchen,dlinear,autumn_2024,895,37,5.328655762530401,6.0,0.671344237469599
johanneskirchen,dlinear,autumn_2024,896,37,4.978396294641731,5.0,0.021603705358269387
johanneskirchen,dlinear,autumn_2024,897,37,4.492586056679054,4.0,0.49258605667905364
johanneskirchen,dlinear,autumn_2024,898,37,4.24617713983565,5.0,0.75382286016435
johanneskirchen,dlinear,autumn_2024,899,37,4.469603891507571,5.0,0.5303961084924289
johanneskirchen,dlinear,autumn_2024,900,37,5.108543519050464,6.0,0.891456480949536
johanneskirchen,dlinear,autumn_2024,901,37,5.842589331071336,7.0,1.157410668928664
johanneskirchen,dlinear,autumn_2024,902,37,6.186677313582852,6.0,0.18667731358285167
johanneskirchen,dlinear,autumn_2024,903,37,6.233356357293609,6.0,0.2333563572936086
johanneskirchen,dlinear,autumn_2024,904,37,6.160399106960827,6.0,0.16039910696082682
johanneskirchen,dlinear,autumn_2024,905,37,6.230414532606402,5.0,1.2304145326064022
johanneskirchen,dlinear,autumn_2024,906,37,6.539405895523386,6.0,0.5394058955233856
johanneskirchen,dlinear,autumn_2024,907,37,6.798078917931124,7.0,0.2019210820688757
johanneskirchen,dlinear,autumn_2024,908,37,6.807301823000685,7.0,0.1926981769993148
johanneskirchen,dlinear,autumn_2024,909,37,6.389763355361718,6.0,0.38976335536171813
johanneskirchen,dlinear,autumn_2024,910,37,5.90541074004004,6.0,0.09458925995996026
johanneskirchen,dlinear,autumn_2024,911,37,5.272452728301251,6.0,0.7275472716987492
johanneskirchen,dlinear,autumn_2024,912,38,4.901579955989049,7.0,2.0984200440109513
johanneskirchen,dlinear,autumn_2024,913,38,4.450470140071178,7.0,2.549529859928822
johanneskirchen,dlinear,autumn_2024,914,38,4.221378485177713,7.0,2.7786215148222873
johanneskirchen,dlinear,autumn_2024,915,38,3.842724533616641,6.0,2.157275466383359
johanneskirchen,dlinear,autumn_2024,916,38,3.8294928932476138,6.0,2.1705071067523862
johanneskirchen,dlinear,autumn_2024,917,38,3.465043615077697,5.0,1.5349563849223031
johanneskirchen,dlinear,autumn_2024,918,38,3.3242939387657637,5.0,1.6757060612342363
johanneskirchen,dlinear,autumn_2024,919,38,3.4257021617268624,6.0,2.5742978382731376
johanneskirchen,dlinear,autumn_2024,920,38,3.283355595906408,5.0,1.716644404093592
johanneskirchen,dlinear,autumn_2024,921,38,2.9274555802002045,4.0,1.0725444197997955
johanneskirchen,dlinear,autumn_2024,922,38,2.575965543149266,3.0,0.42403445685073393
johanneskirchen,dlinear,autumn_2024,923,38,2.2323618976164727,3.0,0.7676381023835273
johanneskirchen,dlinear,autumn_2024,924,38,2.1991558861410176,4.0,1.8008441138589824
johanneskirchen,dlinear,autumn_2024,925,38,2.641608290435662,5.0,2.358391709564338
johanneskirchen,dlinear,autumn_2024,926,38,3.0718876382119937,5.0,1.9281123617880063
johanneskirchen,dlinear,autumn_2024,927,38,3.390519303386972,4.0,0.6094806966130282
johanneskirchen,dlinear,autumn_2024,928,38,3.8443824087824456,5.0,1.1556175912175544
johanneskirchen,dlinear,autumn_2024,929,38,4.140078408788282,5.0,0.8599215912117177
johanneskirchen,dlinear,autumn_2024,930,38,4.63988608088416,6.0,1.3601139191158396
johanneskirchen,dlinear,autumn_2024,931,38,5.721785471384672,9.0,3.2782145286153277
johanneskirchen,dlinear,autumn_2024,932,38,6.671101161002159,10.0,3.3288988389978407
johanneskirchen,dlinear,autumn_2024,933,38,7.404141547770555,11.0,3.595858452229445
johanneskirchen,dlinear,autumn_2024,934,38,8.193780072449474,12.0,3.8062199275505257
johanneskirchen,dlinear,autumn_2024,935,38,8.87457304459036,11.0,2.1254269554096403
johanneskirchen,dlinear,autumn_2024,936,39,9.581789012765325,10.0,0.41821098723467465
johanneskirchen,dlinear,autumn_2024,937,39,10.022103171271251,11.0,0.9778968287287491
johanneskirchen,dlinear,autumn_2024,938,39,9.950167773056249,10.0,0.04983222694375122
johanneskirchen,dlinear,autumn_2024,939,39,8.984201781261397,9.0,0.015798218738602543
johanneskirchen,dlinear,autumn_2024,940,39,8.254599531835204,7.0,1.2545995318352041
johanneskirchen,dlinear,autumn_2024,941,39,7.693078716875194,6.0,1.6930787168751937
johanneskirchen,dlinear,autumn_2024,942,39,6.908343896856919,5.0,1.9083438968569189
johanneskirchen,dlinear,autumn_2024,943,39,6.372580392776602,4.0,2.3725803927766016
johanneskirchen,dlinear,autumn_2024,944,39,5.770340604748399,5.0,0.7703406047483989
johanneskirchen,dlinear,autumn_2024,945,39,5.125544685904059,7.0,1.8744553140959406
johanneskirchen,dlinear,autumn_2024,946,39,4.54980493584452,6.0,1.45019506415548
johanneskirchen,dlinear,autumn_2024,947,39,4.365101047408448,6.0,1.634898952591552
johanneskirchen,dlinear,autumn_2024,948,39,4.6992025447633985,8.0,3.3007974552366015
johanneskirchen,dlinear,autumn_2024,949,39,5.850245242049377,8.0,2.149754757950623
johanneskirchen,dlinear,autumn_2024,950,39,7.658880605431578,10.0,2.3411193945684223
johanneskirchen,dlinear,autumn_2024,951,39,9.214486774601426,11.0,1.7855132253985744
johanneskirchen,dlinear,autumn_2024,952,39,10.44958768700489,12.0,1.5504123129951104
johanneskirchen,dlinear,autumn_2024,953,39,11.358847878290055,12.0,0.6411521217099452
johanneskirchen,dlinear,autumn_2024,954,39,11.890254519867717,13.0,1.1097454801322826
johanneskirchen,dlinear,autumn_2024,955,39,12.288116511460267,13.0,0.7118834885397334
johanneskirchen,dlinear,autumn_2024,956,39,12.611565579033481,14.0,1.3884344209665187
johanneskirchen,dlinear,autumn_2024,957,39,12.850497024675386,14.0,1.149502975324614
johanneskirchen,dlinear,autumn_2024,958,39,13.351878127173656,15.0,1.6481218728263443
johanneskirchen,dlinear,autumn_2024,959,39,14.270323122566152,17.0,2.729676877433848
johanneskirchen,dlinear,autumn_2024,960,40,15.085151595525812,13.0,2.0851515955258115
johanneskirchen,dlinear,autumn_2024,961,40,15.324652899278174,14.0,1.324652899278174
johanneskirchen,dlinear,autumn_2024,962,40,15.018596273596994,8.0,7.0185962735969945
johanneskirchen,dlinear,autumn_2024,963,40,13.920723427326639,8.0,5.920723427326639
johanneskirchen,dlinear,autumn_2024,964,40,12.262740018262743,10.0,2.2627400182627433
johanneskirchen,dlinear,autumn_2024,965,40,9.764262159468966,8.0,1.7642621594689665
johanneskirchen,dlinear,autumn_2024,966,40,7.615887545383431,7.0,0.6158875453834307
johanneskirchen,dlinear,autumn_2024,967,40,6.125792256061041,7.0,0.8742077439389586
johanneskirchen,dlinear,autumn_2024,968,40,5.175786678877407,6.0,0.8242133211225928
johanneskirchen,dlinear,autumn_2024,969,40,5.106102493634451,8.0,2.8938975063655494
johanneskirchen,dlinear,autumn_2024,970,40,5.530469192908576,9.0,3.4695308070914237
johanneskirchen,dlinear,autumn_2024,971,40,6.167681735560744,9.0,2.832318264439256
johanneskirchen,dlinear,autumn_2024,972,40,6.315137830535466,7.0,0.6848621694645338
johanneskirchen,dlinear,autumn_2024,973,40,6.50016963163342,7.0,0.4998303683665801
johanneskirchen,dlinear,autumn_2024,974,40,6.775705138552737,7.0,0.2242948614472633
johanneskirchen,dlinear,autumn_2024,975,40,7.30467572755534,8.0,0.69532427244466
johanneskirchen,dlinear,autumn_2024,976,40,7.6732390883066035,7.0,0.6732390883066035
johanneskirchen,dlinear,autumn_2024,977,40,7.948415747298052,8.0,0.05158425270194833
johanneskirchen,dlinear,autumn_2024,978,40,8.766414615389381,10.0,1.2335853846106186
johanneskirchen,dlinear,autumn_2024,979,40,9.83458431466305,12.0,2.1654156853369493
johanneskirchen,dlinear,autumn_2024,980,40,10.881233750743148,13.0,2.1187662492568524
johanneskirchen,dlinear,autumn_2024,981,40,11.984446575889287,14.0,2.0155534241107134
johanneskirchen,dlinear,autumn_2024,982,40,12.647008676369701,14.0,1.3529913236302988
johanneskirchen,dlinear,autumn_2024,983,40,13.02292599737285,15.0,1.97707400262715
johanneskirchen,dlinear,autumn_2024,984,41,13.452571629299406,16.0,2.547428370700594
johanneskirchen,dlinear,autumn_2024,985,41,13.884548546228324,17.0,3.1154514537716764
johanneskirchen,dlinear,autumn_2024,986,41,13.928705396948098,18.0,4.071294603051902
johanneskirchen,dlinear,autumn_2024,987,41,13.782478378510383,17.0,3.2175216214896167
johanneskirchen,dlinear,autumn_2024,988,41,13.58935520549647,17.0,3.410644794503529
johanneskirchen,dlinear,autumn_2024,989,41,13.786526188252807,18.0,4.213473811747193
johanneskirchen,dlinear,autumn_2024,990,41,13.671309661405855,16.0,2.3286903385941446
johanneskirchen,dlinear,autumn_2024,991,41,13.523260515344917,15.0,1.4767394846550825
johanneskirchen,dlinear,autumn_2024,992,41,13.170949189978312,14.0,0.8290508100216876
johanneskirchen,dlinear,autumn_2024,993,41,12.374015574507851,13.0,0.6259844254921489
johanneskirchen,dlinear,autumn_2024,994,41,11.868290117655024,12.0,0.1317098823449765
johanneskirchen,dlinear,autumn_2024,995,41,12.432315507306253,12.0,0.432315507306253
johanneskirchen,dlinear,autumn_2024,996,41,13.459712959436724,15.0,1.5402870405632765
johanneskirchen,dlinear,autumn_2024,997,41,14.834349133148686,19.0,4.165650866851314
johanneskirchen,dlinear,autumn_2024,998,41,15.764402869164883,19.0,3.2355971308351172
johanneskirchen,dlinear,autumn_2024,999,41,16.441839465147762,19.0,2.558160534852238
johanneskirchen,dlinear,autumn_2024,1000,41,17.068843715658396,18.0,0.9311562843416041
johanneskirchen,dlinear,autumn_2024,1001,41,17.70205077508036,19.0,1.2979492249196412
johanneskirchen,dlinear,autumn_2024,1002,41,17.704166563665567,17.0,0.7041665636655665
johanneskirchen,dlinear,autumn_2024,1003,41,17.318289007056354,16.0,1.3182890070563538
johanneskirchen,dlinear,autumn_2024,1004,41,17.070236813561635,17.0,0.07023681356163536
johanneskirchen,dlinear,autumn_2024,1005,41,16.90069207771554,17.0,0.09930792228445995
johanneskirchen,dlinear,autumn_2024,1006,41,17.5891868172278,20.0,2.4108131827721984
johanneskirchen,dlinear,autumn_2024,1007,41,18.38293359515127,23.0,4.617066404848732
johanneskirchen,dlinear,autumn_2024,1008,42,18.441363999811724,23.0,4.558636000188276
johanneskirchen,dlinear,autumn_2024,1009,42,18.348342090666343,24.0,5.651657909333657
johanneskirchen,dlinear,autumn_2024,1010,42,18.98326496446522,26.0,7.016735035534779
johanneskirchen,dlinear,autumn_2024,1011,42,19.54679178245391,29.0,9.453208217546091
johanneskirchen,dlinear,autumn_2024,1012,42,20.045775859903042,28.0,7.954224140096958
johanneskirchen,dlinear,autumn_2024,1013,42,20.71186891026531,28.0,7.288131089734691
johanneskirchen,dlinear,autumn_2024,1014,42,22.622043595021026,34.0,11.377956404978974
johanneskirchen,dlinear,autumn_2024,1015,42,25.482862197224346,33.0,7.517137802775654
johanneskirchen,dlinear,autumn_2024,1016,42,26.603645866550256,26.0,0.6036458665502558
johanneskirchen,dlinear,autumn_2024,1017,42,25.15659855680554,22.0,3.156598556805541
johanneskirchen,dlinear,autumn_2024,1018,42,23.33844509837021,21.0,2.3384450983702116
johanneskirchen,dlinear,autumn_2024,1019,42,21.67529229484261,19.0,2.6752922948426097
johanneskirchen,dlinear,autumn_2024,1020,42,19.41242886102757,16.0,3.4124288610275713
johanneskirchen,dlinear,autumn_2024,1021,42,16.797945605718017,14.0,2.7979456057180165
johanneskirchen,dlinear,autumn_2024,1022,42,15.425634848496927,15.0,0.42563484849692657
johanneskirchen,dlinear,autumn_2024,1023,42,14.93852498761017,16.0,1.0614750123898293
johanneskirchen,dlinear,autumn_2024,1024,42,14.184125782289346,14.0,0.18412578228934606
johanneskirchen,dlinear,autumn_2024,1025,42,13.51900744210196,14.0,0.4809925578980394
johanneskirchen,dlinear,autumn_2024,1026,42,13.452610403076143,14.0,0.5473895969238569
johanneskirchen,dlinear,autumn_2024,1027,42,13.934439894281255,16.0,2.0655601057187454
johanneskirchen,dlinear,autumn_2024,1028,42,15.01467274706341,18.0,2.9853272529365906
johanneskirchen,dlinear,autumn_2024,1029,42,15.921835176593394,19.0,3.078164823406606
johanneskirchen,dlinear,autumn_2024,1030,42,16.02177448874528,18.0,1.9782255112547205
johanneskirchen,dlinear,autumn_2024,1031,42,15.74571977780273,18.0,2.25428022219727
johanneskirchen,dlinear,autumn_2024,1032,43,15.725867576098029,19.0,3.274132423901971
johanneskirchen,dlinear,autumn_2024,1033,43,16.026664999616674,19.0,2.973335000383326
johanneskirchen,dlinear,autumn_2024,1034,43,16.636995666212563,21.0,4.363004333787437
johanneskirchen,dlinear,autumn_2024,1035,43,17.19747947928967,22.0,4.802520520710331
johanneskirchen,dlinear,autumn_2024,1036,43,17.419357477533108,21.0,3.580642522466892
johanneskirchen,dlinear,autumn_2024,1037,43,17.275575584115074,20.0,2.7244244158849256
johanneskirchen,dlinear,autumn_2024,1038,43,16.963136482975333,20.0,3.036863517024667
johanneskirchen,dlinear,autumn_2024,1039,43,17.234692047744016,20.0,2.7653079522559842
johanneskirchen,dlinear,autumn_2024,1040,43,17.32516574007049,20.0,2.6748342599295114
johanneskirchen,dlinear,autumn_2024,1041,43,17.034259682894024,18.0,0.9657403171059755
johanneskirchen,dlinear,autumn_2024,1042,43,17.13423502037096,19.0,1.8657649796290414
johanneskirchen,dlinear,autumn_2024,1043,43,17.76484851470346,21.0,3.235151485296541
johanneskirchen,dlinear,autumn_2024,1044,43,17.714973773249422,19.0,1.2850262267505776
johanneskirchen,dlinear,autumn_2024,1045,43,17.599660738904017,19.0,1.4003392610959828
johanneskirchen,dlinear,autumn_2024,1046,43,17.246873243207794,18.0,0.7531267567922058
johanneskirchen,dlinear,autumn_2024,1047,43,16.24254818513035,15.0,1.2425481851303495
johanneskirchen,dlinear,autumn_2024,1048,43,15.61681112019905,17.0,1.3831888798009508
johanneskirchen,dlinear,autumn_2024,1049,43,15.135429268471723,16.0,0.8645707315282767
johanneskirchen,dlinear,autumn_2024,1050,43,15.19755728034523,18.0,2.8024427196547705
johanneskirchen,dlinear,autumn_2024,1051,43,15.379718437736479,18.0,2.6202815622635214
johanneskirchen,dlinear,autumn_2024,1052,43,14.780768150039066,16.0,1.2192318499609343
johanneskirchen,dlinear,autumn_2024,1053,43,13.792402505954632,14.0,0.20759749404536798
johanneskirchen,dlinear,autumn_2024,1054,43,12.649098261646516,13.0,0.3509017383534836
johanneskirchen,dlinear,autumn_2024,1055,43,11.581337573620555,12.0,0.41866242637944495
