station,model,window,hour_index,day_index,pred,actual,abs_error
landshuter_allee,catboost,spring_2024,0,0,15.942667879171587,17.0,1.0573321208284128
landshuter_allee,catboost,spring_2024,1,0,14.193112127235237,17.0,2.8068878727647633
landshuter_allee,catboost,spring_2024,2,0,13.385389109216236,16.0,2.614610890783764
landshuter_allee,catboost,spring_2024,3,0,13.298108337488497,16.0,2.7018916625115033
landshuter_allee,catboost,spring_2024,4,0,13.426511573406161,16.0,2.5734884265938387
landshuter_allee,catboost,spring_2024,5,0,13.417814264546216,15.0,1.582185735453784
landshuter_allee,catboost,spring_2024,6,0,13.422916984603212,14.0,0.5770830153967879
landshuter_allee,catboost,spring_2024,7,0,12.816673050618206,12.0,0.8166730506182063
landshuter_allee,catboost,spring_2024,8,0,11.783801656850065,11.0,0.7838016568500645
landshuter_allee,catboost,spring_2024,9,0,9.647593884652231,9.0,0.6475938846522311
landshuter_allee,catboost,spring_2024,10,0,8.493669081185363,7.0,1.493669081185363
landshuter_allee,catboost,spring_2024,11,0,7.939117039685891,8.0,0.06088296031410856
landshuter_allee,catboost,spring_2024,12,0,7.893131898039665,9.0,1.1068681019603348
landshuter_allee,catboost,spring_2024,13,0,7.87384837899101,9.0,1.1261516210089901
landshuter_allee,catboost,spring_2024,14,0,7.393240168811582,8.0,0.6067598311884179
landshuter_allee,catboost,spring_2024,15,0,6.6991268906273005,7.0,0.3008731093726995
landshuter_allee,catboost,spring_2024,16,0,6.414582986057208,5.0,1.4145829860572077
landshuter_allee,catboost,spring_2024,17,0,6.159774138609711,5.0,1.159774138609711
landshuter_allee,catboost,spring_2024,18,0,7.411611101152546,6.0,1.4116111011525456
landshuter_allee,catboost,spring_2024,19,0,9.455023116672384,9.0,0.4550231166723844
landshuter_allee,catboost,spring_2024,20,0,9.993131838906374,7.0,2.9931318389063737
landshuter_allee,catboost,spring_2024,21,0,8.950140580195752,6.0,2.950140580195752
landshuter_allee,catboost,spring_2024,22,0,7.6802161932870785,5.0,2.6802161932870785
landshuter_allee,catboost,spring_2024,23,0,6.442463353075394,4.0,2.442463353075394
landshuter_allee,catboost,spring_2024,24,1,6.563279234332885,4.0,2.563279234332885
landshuter_allee,catboost,spring_2024,25,1,5.575236741988662,3.0,2.575236741988662
landshuter_allee,catboost,spring_2024,26,1,3.877675631343969,2.0,1.877675631343969
landshuter_allee,catboost,spring_2024,27,1,3.2630702877534734,2.0,1.2630702877534734
landshuter_allee,catboost,spring_2024,28,1,2.891815547256426,2.0,0.8918155472564262
landshuter_allee,catboost,spring_2024,29,1,3.1770468357986212,2.0,1.1770468357986212
landshuter_allee,catboost,spring_2024,30,1,3.217190267565541,2.0,1.2171902675655408
landshuter_allee,catboost,spring_2024,31,1,2.9066379175432484,2.0,0.9066379175432484
landshuter_allee,catboost,spring_2024,32,1,3.1410644940632695,2.0,1.1410644940632695
landshuter_allee,catboost,spring_2024,33,1,3.25525538076816,3.0,0.2552553807681601
landshuter_allee,catboost,spring_2024,34,1,3.79226151981186,3.0,0.7922615198118601
landshuter_allee,catboost,spring_2024,35,1,4.311466817273656,1.0,3.311466817273656
landshuter_allee,catboost,spring_2024,36,1,4.54486215696143,2.0,2.54486215696143
landshuter_allee,catboost,spring_2024,37,1,4.673885799242047,2.0,2.673885799242047
landshuter_allee,catboost,spring_2024,38,1,5.711339488479286,4.0,1.711339488479286
landshuter_allee,catboost,spring_2024,39,1,6.328030844798611,4.0,2.3280308447986107
landshuter_allee,catboost,spring_2024,40,1,6.2751993251227915,4.0,2.2751993251227915
landshuter_allee,catboost,spring_2024,41,1,6.38370692314715,4.0,2.38370692314715
landshuter_allee,catboost,spring_2024,42,1,6.164064607775506,3.0,3.164064607775506
landshuter_allee,catboost,spring_2024,43,1,5.463098697944606,3.0,2.4630986979446057
landshuter_allee,catboost,spring_2024,44,1,4.823528456314796,3.0,1.8235284563147962
landshuter_allee,catboost,spring_2024,45,1,4.1763248420393095,2.0,2.1763248420393095
landshuter_allee,catboost,spring_2024,46,1,3.786001632015048,3.0,0.786001632015048
landshuter_allee,catboost,spring_2024,47,1,2.5356912963711746,0.5,2.0356912963711746
landshuter_allee,catboost,spring_2024,48,2,2.1887651914626005,0.4,1.7887651914626006
landshuter_allee,catboost,spring_2024,49,2,1.4904660087216683,0.3,1.1904660087216683
landshuter_allee,catboost,spring_2024,50,2,1.399183480549791,0.4,0.9991834805497909
landshuter_allee,catboost,spring_2024,51,2,1.1383582288877871,0.3,0.8383582288877871
landshuter_allee,catboost,spring_2024,52,2,1.2118245517542459,0.3,0.9118245517542458
landshuter_allee,catboost,spring_2024,53,2,1.3321353530270716,0.3,1.0321353530270716
landshuter_allee,catboost,spring_2024,54,2,1.2797418813980759,0.3,0.9797418813980758
landshuter_allee,catboost,spring_2024,55,2,1.260589580304309,0.3,0.960589580304309
landshuter_allee,catboost,spring_2024,56,2,1.2524645596811332,0.4,0.8524645596811332
landshuter_allee,catboost,spring_2024,57,2,1.3969641066373075,0.5,0.8969641066373075
landshuter_allee,catboost,spring_2024,58,2,1.2937087964856815,0.4,0.8937087964856815
landshuter_allee,catboost,spring_2024,59,2,1.1400612997090356,0.4,0.7400612997090356
landshuter_allee,catboost,spring_2024,60,2,1.0372139069133777,0.3,0.7372139069133776
landshuter_allee,catboost,spring_2024,61,2,1.0259393557806842,0.3,0.7259393557806841
landshuter_allee,catboost,spring_2024,62,2,1.7540686602786888,1.0,0.7540686602786888
landshuter_allee,catboost,spring_2024,63,2,1.9135418973133618,1.0,0.9135418973133618
landshuter_allee,catboost,spring_2024,64,2,2.447410983395054,1.0,1.447410983395054
landshuter_allee,catboost,spring_2024,65,2,2.546160793400949,1.0,1.546160793400949
landshuter_allee,catboost,spring_2024,66,2,3.2718578283392867,1.0,2.2718578283392867
landshuter_allee,catboost,spring_2024,67,2,2.7047706468124115,0.9,1.8047706468124116
landshuter_allee,catboost,spring_2024,68,2,2.6941667389886135,1.0,1.6941667389886135
landshuter_allee,catboost,spring_2024,69,2,2.1211006544835467,0.8,1.3211006544835466
landshuter_allee,catboost,spring_2024,70,2,1.4557620518000878,0.6,0.8557620518000878
landshuter_allee,catboost,spring_2024,71,2,1.2157134514666605,0.4,0.8157134514666605
landshuter_allee,catboost,spring_2024,72,3,1.0531935381870472,0.3,0.7531935381870472
landshuter_allee,catboost,spring_2024,73,3,1.0716105581931856,0.5,0.5716105581931856
landshuter_allee,catboost,spring_2024,74,3,1.0511348315164764,0.5,0.5511348315164764
landshuter_allee,catboost,spring_2024,75,3,1.0950004698025246,0.3,0.7950004698025246
landshuter_allee,catboost,spring_2024,76,3,1.4198544871355239,0.7,0.7198544871355239
landshuter_allee,catboost,spring_2024,77,3,2.0183970522864634,1.0,1.0183970522864634
landshuter_allee,catboost,spring_2024,78,3,2.516441150686573,1.0,1.516441150686573
landshuter_allee,catboost,spring_2024,79,3,3.400924152819516,2.0,1.400924152819516
landshuter_allee,catboost,spring_2024,80,3,3.7562147271143314,2.0,1.7562147271143314
landshuter_allee,catboost,spring_2024,81,3,4.574953269642636,2.0,2.574953269642636
landshuter_allee,catboost,spring_2024,82,3,4.768683237554414,2.0,2.7686832375544137
landshuter_allee,catboost,spring_2024,83,3,5.073322950948319,2.0,3.0733229509483193
landshuter_allee,catboost,spring_2024,84,3,5.411546635958092,3.0,2.411546635958092
landshuter_allee,catboost,spring_2024,85,3,5.258094778869882,3.0,2.258094778869882
landshuter_allee,catboost,spring_2024,86,3,5.031165514780795,3.0,2.0311655147807954
landshuter_allee,catboost,spring_2024,87,3,4.92690972622308,3.0,1.92690972622308
landshuter_allee,catboost,spring_2024,88,3,5.249436749878041,4.0,1.2494367498780408
landshuter_allee,catboost,spring_2024,89,3,5.2566639201503165,3.0,2.2566639201503165
landshuter_allee,catboost,spring_2024,90,3,5.614175564651424,5.0,0.6141755646514238
landshuter_allee,catboost,spring_2024,91,3,6.047677968469695,7.0,0.9523220315303051
landshuter_allee,catboost,spring_2024,92,3,6.649071472784077,9.0,2.350928527215923
landshuter_allee,catboost,spring_2024,93,3,6.786261693663488,9.0,2.213738306336512
landshuter_allee,catboost,spring_2024,94,3,6.646132675697593,9.0,2.3538673243024073
landshuter_allee,catboost,spring_2024,95,3,6.390622075342599,9.0,2.6093779246574007
landshuter_allee,catboost,spring_2024,96,4,6.302951497400933,9.0,2.697048502599067
landshuter_allee,catboost,spring_2024,97,4,6.602240841370171,10.0,3.397759158629829
landshuter_allee,catboost,spring_2024,98,4,7.0682985484219225,10.0,2.9317014515780775
landshuter_allee,catboost,spring_2024,99,4,7.122174910806132,10.0,2.877825089193868
landshuter_allee,catboost,spring_2024,100,4,6.889932831181476,8.0,1.1100671688185244
landshuter_allee,catboost,spring_2024,101,4,7.013240036104176,8.0,0.9867599638958238
landshuter_allee,catboost,spring_2024,102,4,7.471846773157294,7.0,0.47184677315729395
landshuter_allee,catboost,spring_2024,103,4,7.484819454531328,8.0,0.515180545468672
landshuter_allee,catboost,spring_2024,104,4,8.675219476141596,9.0,0.3247805238584043
landshuter_allee,catboost,spring_2024,105,4,8.455451345339991,7.0,1.4554513453399913
landshuter_allee,catboost,spring_2024,106,4,7.718112490260057,6.0,1.718112490260057
landshuter_allee,catboost,spring_2024,107,4,6.7916074717111,5.0,1.7916074717111004
landshuter_allee,catboost,spring_2024,108,4,6.669524062654914,5.0,1.6695240626549142
landshuter_allee,catboost,spring_2024,109,4,6.700451944287027,6.0,0.7004519442870274
landshuter_allee,catboost,spring_2024,110,4,7.131759061698149,6.0,1.1317590616981494
landshuter_allee,catboost,spring_2024,111,4,7.6810992621280665,7.0,0.6810992621280665
landshuter_allee,catboost,spring_2024,112,4,8.09889871515918,7.0,1.09889871515918
landshuter_allee,catboost,spring_2024,113,4,7.800949133398745,6.0,1.8009491333987446
landshuter_allee,catboost,spring_2024,114,4,8.4598093747995,8.0,0.4598093747994998
landshuter_allee,catboost,spring_2024,115,4,9.989570536268253,11.0,1.0104294637317466
landshuter_allee,catboost,spring_2024,116,4,11.868028867445007,13.0,1.1319711325549928
landshuter_allee,catboost,spring_2024,117,4,13.527329897956543,13.0,0.5273298979565428
landshuter_allee,catboost,spring_2024,118,4,12.733232389796026,11.0,1.7332323897960258
landshuter_allee,catboost,spring_2024,119,4,9.540946649858467,6.0,3.5409466498584674
landshuter_allee,catboost,spring_2024,120,5,8.356560623667063,6.0,2.356560623667063
landshuter_allee,catboost,spring_2024,121,5,7.947940871429861,7.0,0.9479408714298607
landshuter_allee,catboost,spring_2024,122,5,7.212975261147667,6.0,1.2129752611476672
landshuter_allee,catboost,spring_2024,123,5,6.235553226767699,5.0,1.2355532267676992
landshuter_allee,catboost,spring_2024,124,5,4.841866185974147,3.0,1.8418661859741468
landshuter_allee,catboost,spring_2024,125,5,6.31331972169476,5.0,1.3133197216947599
landshuter_allee,catboost,spring_2024,126,5,7.964208022883797,7.0,0.9642080228837973
landshuter_allee,catboost,spring_2024,127,5,9.327291711194398,9.0,0.32729171119439826
landshuter_allee,catboost,spring_2024,128,5,9.449175786910555,8.0,1.4491757869105548
landshuter_allee,catboost,spring_2024,129,5,10.170764632275377,9.0,1.170764632275377
landshuter_allee,catboost,spring_2024,130,5,7.485676154527246,4.0,3.485676154527246
landshuter_allee,catboost,spring_2024,131,5,6.181854601263943,3.0,3.181854601263943
landshuter_allee,catboost,spring_2024,132,5,4.753919029071288,3.0,1.7539190290712883
landshuter_allee,catboost,spring_2024,133,5,4.26703789239246,3.0,1.2670378923924597
landshuter_allee,catboost,spring_2024,134,5,4.307401825425871,3.0,1.3074018254258712
landshuter_allee,catboost,spring_2024,135,5,7.0571770823503694,9.0,1.9428229176496306
landshuter_allee,catboost,spring_2024,136,5,12.69623105642558,17.0,4.30376894357442
landshuter_allee,catboost,spring_2024,137,5,18.79745763046433,20.0,1.2025423695356707
landshuter_allee,catboost,spring_2024,138,5,13.344395509551044,8.0,5.344395509551044
landshuter_allee,catboost,spring_2024,139,5,6.738329282011496,5.0,1.7383292820114962
landshuter_allee,catboost,spring_2024,140,5,2.9933875894284068,2.0,0.9933875894284068
landshuter_allee,catboost,spring_2024,141,5,1.4802366696385914,1.0,0.48023666963859135
landshuter_allee,catboost,spring_2024,142,5,1.1035732922644303,4.0,2.8964267077355697
landshuter_allee,catboost,spring_2024,143,5,0.4873281839110408,2.0,1.5126718160889592
landshuter_allee,catboost,spring_2024,144,6,0.3594813581791634,0.8,0.44051864182083666
landshuter_allee,catboost,spring_2024,145,6,0.3966221803337042,0.4,0.0033778196662958004
landshuter_allee,catboost,spring_2024,146,6,0.4115769503251805,0.3,0.1115769503251805
landshuter_allee,catboost,spring_2024,147,6,0.421643959982541,0.3,0.12164395998254102
landshuter_allee,catboost,spring_2024,148,6,0.5900900979076233,0.3,0.29009009790762336
landshuter_allee,catboost,spring_2024,149,6,0.7420028479871448,1.0,0.2579971520128552
landshuter_allee,catboost,spring_2024,150,6,1.111987226813266,0.8,0.31198722681326596
landshuter_allee,catboost,spring_2024,151,6,0.6029198639221942,0.6,0.0029198639221942324
landshuter_allee,catboost,spring_2024,152,6,0.276845302030436,0.8,0.523154697969564
landshuter_allee,catboost,spring_2024,153,6,0.5768585191112585,1.0,0.4231414808887415
landshuter_allee,catboost,spring_2024,154,6,1.072083765825166,2.0,0.9279162341748339
landshuter_allee,catboost,spring_2024,155,6,1.9691297402083734,3.0,1.0308702597916266
landshuter_allee,catboost,spring_2024,156,6,2.499951852308497,3.0,0.5000481476915031
landshuter_allee,catboost,spring_2024,157,6,1.9066304760266473,2.0,0.09336952397335274
landshuter_allee,catboost,spring_2024,158,6,1.2183595834968148,1.0,0.21835958349681484
landshuter_allee,catboost,spring_2024,159,6,1.6640792718398902,2.0,0.33592072816010976
landshuter_allee,catboost,spring_2024,160,6,2.1263886308311157,2.0,0.12638863083111573
landshuter_allee,catboost,spring_2024,161,6,3.000701692411349,4.0,0.999298307588651
landshuter_allee,catboost,spring_2024,162,6,3.739351865032714,3.0,0.739351865032714
landshuter_allee,catboost,spring_2024,163,6,4.982348488042778,5.0,0.017651511957222255
landshuter_allee,catboost,spring_2024,164,6,5.003751119201735,5.0,0.003751119201734987
landshuter_allee,catboost,spring_2024,165,6,4.797419779319743,4.0,0.7974197793197426
landshuter_allee,catboost,spring_2024,166,6,4.438086127434429,5.0,0.5619138725655706
landshuter_allee,catboost,spring_2024,167,6,3.477794617332952,3.0,0.47779461733295214
landshuter_allee,catboost,spring_2024,168,7,2.582175312021917,2.0,0.5821753120219171
landshuter_allee,catboost,spring_2024,169,7,2.1701077876738655,0.5,1.6701077876738655
landshuter_allee,catboost,spring_2024,170,7,1.5762464350295815,0.3,1.2762464350295815
landshuter_allee,catboost,spring_2024,171,7,1.325715470899409,0.3,1.025715470899409
landshuter_allee,catboost,spring_2024,172,7,1.3790461296175867,0.3,1.0790461296175866
landshuter_allee,catboost,spring_2024,173,7,1.6704035564702444,0.3,1.3704035564702444
landshuter_allee,catboost,spring_2024,174,7,1.554864665499684,0.3,1.254864665499684
landshuter_allee,catboost,spring_2024,175,7,1.2750459958414169,0.5,0.7750459958414169
landshuter_allee,catboost,spring_2024,176,7,0.7662408517954216,0.9,0.13375914820457846
landshuter_allee,catboost,spring_2024,177,7,0.4573003122998074,1.0,0.5426996877001926
landshuter_allee,catboost,spring_2024,178,7,0.6740440403320314,1.0,0.32595595966796864
landshuter_allee,catboost,spring_2024,179,7,1.5754838492695065,2.0,0.42451615073049354
landshuter_allee,catboost,spring_2024,180,7,2.066859225074584,2.0,0.06685922507458386
landshuter_allee,catboost,spring_2024,181,7,2.016448517122642,2.0,0.01644851712264206
landshuter_allee,catboost,spring_2024,182,7,1.7560423118302548,2.0,0.24395768816974517
landshuter_allee,catboost,spring_2024,183,7,1.764230758256378,2.0,0.2357692417436219
landshuter_allee,catboost,spring_2024,184,7,2.336697117517433,2.0,0.33669711751743314
landshuter_allee,catboost,spring_2024,185,7,8.846648884844047,9.0,0.153351115155953
landshuter_allee,catboost,spring_2024,186,7,27.871437464197626,30.0,2.1285625358023736
landshuter_allee,catboost,spring_2024,187,7,39.428417071651744,40.0,0.5715829283482563
landshuter_allee,catboost,spring_2024,188,7,41.75624286408804,42.0,0.24375713591196302
landshuter_allee,catboost,spring_2024,189,7,41.87817954480269,42.0,0.12182045519730877
landshuter_allee,catboost,spring_2024,190,7,41.02332151430127,42.0,0.9766784856987272
landshuter_allee,catboost,spring_2024,191,7,40.57894183150704,42.0,1.4210581684929622
landshuter_allee,catboost,spring_2024,192,8,41.69529934691885,42.0,0.3047006530811487
landshuter_allee,catboost,spring_2024,193,8,41.3778074178237,42.0,0.6221925821762966
landshuter_allee,catboost,spring_2024,194,8,41.38667730006954,42.0,0.6133226999304568
landshuter_allee,catboost,spring_2024,195,8,41.84923965196342,42.0,0.15076034803657734
landshuter_allee,catboost,spring_2024,196,8,42.70139172782186,33.0,9.701391727821857
landshuter_allee,catboost,spring_2024,197,8,42.41790998051211,28.0,14.417909980512107
landshuter_allee,catboost,spring_2024,198,8,42.83213090912993,27.0,15.83213090912993
landshuter_allee,catboost,spring_2024,199,8,43.02575980485279,27.0,16.02575980485279
landshuter_allee,catboost,spring_2024,200,8,42.43879960023881,23.0,19.43879960023881
landshuter_allee,catboost,spring_2024,201,8,41.464519246739,20.0,21.464519246739002
landshuter_allee,catboost,spring_2024,202,8,42.69867998487841,20.0,22.69867998487841
landshuter_allee,catboost,spring_2024,203,8,42.545482058003614,18.0,24.545482058003614
landshuter_allee,catboost,spring_2024,204,8,41.428321640754774,17.0,24.428321640754774
landshuter_allee,catboost,spring_2024,205,8,40.49219960207331,20.0,20.492199602073313
landshuter_allee,catboost,spring_2024,206,8,40.83615544245886,22.0,18.83615544245886
landshuter_allee,catboost,spring_2024,207,8,41.499951771696644,24.0,17.499951771696644
landshuter_allee,catboost,spring_2024,208,8,41.15491209468806,21.0,20.154912094688058
landshuter_allee,catboost,spring_2024,209,8,42.11322227904806,24.0,18.11322227904806
landshuter_allee,catboost,spring_2024,210,8,43.43866828158987,30.0,13.43866828158987
landshuter_allee,catboost,spring_2024,211,8,43.87776599217865,32.0,11.877765992178652
landshuter_allee,catboost,spring_2024,212,8,43.352261669859516,31.0,12.352261669859516
landshuter_allee,catboost,spring_2024,213,8,42.40274573568392,24.0,18.402745735683922
landshuter_allee,catboost,spring_2024,214,8,36.4316845373942,14.0,22.431684537394197
landshuter_allee,catboost,spring_2024,215,8,29.721347462897285,14.0,15.721347462897285
landshuter_allee,catboost,spring_2024,216,9,37.89855673462175,35.0,2.8985567346217493
landshuter_allee,catboost,spring_2024,217,9,41.74845602786254,29.0,12.748456027862538
landshuter_allee,catboost,spring_2024,218,9,41.78537562730834,28.0,13.78537562730834
landshuter_allee,catboost,spring_2024,219,9,35.352526327539294,14.0,21.352526327539294
landshuter_allee,catboost,spring_2024,220,9,31.677015125487912,14.0,17.677015125487912
landshuter_allee,catboost,spring_2024,221,9,28.50693791648059,13.0,15.506937916480592
landshuter_allee,catboost,spring_2024,222,9,28.12439044472257,14.0,14.124390444722572
landshuter_allee,catboost,spring_2024,223,9,27.81510155203078,15.0,12.815101552030779
landshuter_allee,catboost,spring_2024,224,9,28.921264467139668,16.0,12.921264467139668
landshuter_allee,catboost,spring_2024,225,9,30.39540198374927,16.0,14.39540198374927
landshuter_allee,catboost,spring_2024,226,9,29.28574806205091,15.0,14.28574806205091
landshuter_allee,catboost,spring_2024,227,9,27.723670822194702,14.0,13.723670822194702
landshuter_allee,catboost,spring_2024,228,9,25.533140545706402,13.0,12.533140545706402
landshuter_allee,catboost,spring_2024,229,9,22.39696199850247,10.0,12.39696199850247
landshuter_allee,catboost,spring_2024,230,9,21.174641485543418,10.0,11.174641485543418
landshuter_allee,catboost,spring_2024,231,9,14.643752046612404,7.0,7.643752046612404
landshuter_allee,catboost,spring_2024,232,9,6.384374121287428,3.0,3.3843741212874283
landshuter_allee,catboost,spring_2024,233,9,4.3745449367083715,4.0,0.3745449367083715
landshuter_allee,catboost,spring_2024,234,9,3.3830006079768893,4.0,0.6169993920231107
landshuter_allee,catboost,spring_2024,235,9,2.7967585807433775,4.0,1.2032414192566225
landshuter_allee,catboost,spring_2024,236,9,2.8443304056623813,4.0,1.1556695943376187
landshuter_allee,catboost,spring_2024,237,9,2.76043877094156,4.0,1.23956122905844
landshuter_allee,catboost,spring_2024,238,9,2.7092221336005675,4.0,1.2907778663994325
landshuter_allee,catboost,spring_2024,239,9,2.573469716806885,3.0,0.4265302831931148
landshuter_allee,catboost,spring_2024,240,10,2.7074845680359356,2.0,0.7074845680359356
landshuter_allee,catboost,spring_2024,241,10,2.4320308285938026,0.9,1.5320308285938027
landshuter_allee,catboost,spring_2024,242,10,1.7931672722681196,0.8,0.9931672722681195
landshuter_allee,catboost,spring_2024,243,10,2.2072262813333303,0.8,1.4072262813333303
landshuter_allee,catboost,spring_2024,244,10,2.633221510586125,1.0,1.6332215105861252
landshuter_allee,catboost,spring_2024,245,10,3.334171056135925,1.0,2.334171056135925
landshuter_allee,catboost,spring_2024,246,10,3.3390346957886035,0.9,2.4390346957886035
landshuter_allee,catboost,spring_2024,247,10,3.012580591450684,1.0,2.012580591450684
landshuter_allee,catboost,spring_2024,248,10,3.029403132042095,0.9,2.129403132042095
landshuter_allee,catboost,spring_2024,249,10,1.969781832816608,0.3,1.6697818328166079
landshuter_allee,catboost,spring_2024,250,10,1.3405824847134742,0.3,1.0405824847134741
landshuter_allee,catboost,spring_2024,251,10,1.2409809058724068,0.3,0.9409809058724068
landshuter_allee,catboost,spring_2024,252,10,1.1661356778503524,0.5,0.6661356778503524
landshuter_allee,catboost,spring_2024,253,10,1.029313224639596,0.3,0.7293132246395959
landshuter_allee,catboost,spring_2024,254,10,0.9797766458166599,0.4,0.5797766458166599
landshuter_allee,catboost,spring_2024,255,10,0.9292270409994519,0.6,0.3292270409994519
landshuter_allee,catboost,spring_2024,256,10,0.881311667621091,0.7,0.18131166762109108
landshuter_allee,catboost,spring_2024,257,10,1.206779732127325,0.9,0.306779732127325
landshuter_allee,catboost,spring_2024,258,10,1.6124243984584563,1.0,0.6124243984584563
landshuter_allee,catboost,spring_2024,259,10,2.1806727539769355,2.0,0.1806727539769355
landshuter_allee,catboost,spring_2024,260,10,1.7853960635020947,2.0,0.21460393649790532
landshuter_allee,catboost,spring_2024,261,10,1.343130488416584,1.0,0.343130488416584
landshuter_allee,catboost,spring_2024,262,10,1.183906610118747,0.6,0.583906610118747
landshuter_allee,catboost,spring_2024,263,10,0.8906194407450467,0.5,0.39061944074504673
landshuter_allee,catboost,spring_2024,264,11,0.8786391923063501,0.7,0.17863919230635017
landshuter_allee,catboost,spring_2024,265,11,0.7875127095371113,0.8,0.012487290462888767
landshuter_allee,catboost,spring_2024,266,11,0.7176596411877121,0.8,0.08234035881228796
landshuter_allee,catboost,spring_2024,267,11,0.7977253732527938,0.9,0.10227462674720622
landshuter_allee,catboost,spring_2024,268,11,1.041903957865113,1.0,0.04190395786511303
landshuter_allee,catboost,spring_2024,269,11,1.8072104644069178,2.0,0.1927895355930822
landshuter_allee,catboost,spring_2024,270,11,2.8008202250917975,2.0,0.8008202250917975
landshuter_allee,catboost,spring_2024,271,11,3.435503288124237,2.0,1.435503288124237
landshuter_allee,catboost,spring_2024,272,11,2.9728359409219625,1.0,1.9728359409219625
landshuter_allee,catboost,spring_2024,273,11,3.448630367405231,2.0,1.4486303674052312
landshuter_allee,catboost,spring_2024,274,11,3.9471708381198445,3.0,0.9471708381198445
landshuter_allee,catboost,spring_2024,275,11,4.321996010555302,2.0,2.321996010555302
landshuter_allee,catboost,spring_2024,276,11,4.306057987828966,2.0,2.306057987828966
landshuter_allee,catboost,spring_2024,277,11,4.340966163190269,2.0,2.340966163190269
landshuter_allee,catboost,spring_2024,278,11,4.36490344296434,2.0,2.36490344296434
landshuter_allee,catboost,spring_2024,279,11,4.497633525764127,3.0,1.497633525764127
landshuter_allee,catboost,spring_2024,280,11,4.17074631557814,3.0,1.17074631557814
landshuter_allee,catboost,spring_2024,281,11,4.097667320001512,3.0,1.097667320001512
landshuter_allee,catboost,spring_2024,282,11,4.544310244114294,5.0,0.4556897558857056
landshuter_allee,catboost,spring_2024,283,11,5.323804937708694,6.0,0.6761950622913062
landshuter_allee,catboost,spring_2024,284,11,5.885586718845863,6.0,0.11441328115413718
landshuter_allee,catboost,spring_2024,285,11,5.288513596078632,4.0,1.2885135960786318
landshuter_allee,catboost,spring_2024,286,11,4.677387437016282,5.0,0.32261256298371777
landshuter_allee,catboost,spring_2024,287,11,4.076769430716342,4.0,0.07676943071634224
landshuter_allee,catboost,spring_2024,288,12,3.4959817561954143,4.0,0.5040182438045857
landshuter_allee,catboost,spring_2024,289,12,2.6630019749530334,4.0,1.3369980250469666
landshuter_allee,catboost,spring_2024,290,12,2.7730340048927626,4.0,1.2269659951072374
landshuter_allee,catboost,spring_2024,291,12,3.0455425692003413,3.0,0.045542569200341276
landshuter_allee,catboost,spring_2024,292,12,3.2418497628218734,3.0,0.24184976282187343
landshuter_allee,catboost,spring_2024,293,12,3.4793290372096424,3.0,0.4793290372096424
landshuter_allee,catboost,spring_2024,294,12,3.8038622961766393,4.0,0.1961377038233607
landshuter_allee,catboost,spring_2024,295,12,4.471958984757523,5.0,0.5280410152424766
landshuter_allee,catboost,spring_2024,296,12,5.187741559556094,5.0,0.18774155955609384
landshuter_allee,catboost,spring_2024,297,12,6.520214134169862,6.0,0.5202141341698621
landshuter_allee,catboost,spring_2024,298,12,7.386093307589208,6.0,1.3860933075892081
landshuter_allee,catboost,spring_2024,299,12,7.348660587081563,5.0,2.3486605870815627
landshuter_allee,catboost,spring_2024,300,12,6.968293677946057,4.0,2.9682936779460567
landshuter_allee,catboost,spring_2024,301,12,6.997638714623887,5.0,1.9976387146238874
landshuter_allee,catboost,spring_2024,302,12,7.5064453094259775,5.0,2.5064453094259775
landshuter_allee,catboost,spring_2024,303,12,6.637317429988389,4.0,2.6373174299883893
landshuter_allee,catboost,spring_2024,304,12,7.629979550577483,6.0,1.6299795505774828
landshuter_allee,catboost,spring_2024,305,12,9.38006678294342,8.0,1.3800667829434197
landshuter_allee,catboost,spring_2024,306,12,8.575229310642015,7.0,1.5752293106420154
landshuter_allee,catboost,spring_2024,307,12,6.484165615861391,5.0,1.4841656158613912
landshuter_allee,catboost,spring_2024,308,12,4.6279836510567005,4.0,0.6279836510567005
landshuter_allee,catboost,spring_2024,309,12,2.883466021798048,3.0,0.11653397820195188
landshuter_allee,catboost,spring_2024,310,12,2.372187301064937,3.0,0.6278126989350632
landshuter_allee,catboost,spring_2024,311,12,1.2998196697611828,2.0,0.7001803302388172
landshuter_allee,catboost,spring_2024,312,13,1.0645908582411057,2.0,0.9354091417588943
landshuter_allee,catboost,spring_2024,313,13,0.9639736764755078,2.0,1.0360263235244922
landshuter_allee,catboost,spring_2024,314,13,0.8476173790968371,2.0,1.152382620903163
landshuter_allee,catboost,spring_2024,315,13,0.858330481755722,2.0,1.141669518244278
landshuter_allee,catboost,spring_2024,316,13,1.3752085777104952,3.0,1.6247914222895048
landshuter_allee,catboost,spring_2024,317,13,2.3597749200472418,3.0,0.6402250799527582
landshuter_allee,catboost,spring_2024,318,13,2.614942505205626,3.0,0.3850574947943741
landshuter_allee,catboost,spring_2024,319,13,2.8715507281426813,3.0,0.1284492718573187
landshuter_allee,catboost,spring_2024,320,13,2.822934353818189,2.0,0.822934353818189
landshuter_allee,catboost,spring_2024,321,13,2.7908876911851213,2.0,0.7908876911851213
landshuter_allee,catboost,spring_2024,322,13,3.2971923776776837,3.0,0.2971923776776837
landshuter_allee,catboost,spring_2024,323,13,3.5455206431631243,5.0,1.4544793568368757
landshuter_allee,catboost,spring_2024,324,13,4.3226640214329475,6.0,1.6773359785670525
landshuter_allee,catboost,spring_2024,325,13,4.597641492338452,7.0,2.402358507661548
landshuter_allee,catboost,spring_2024,326,13,5.039471431326773,7.0,1.9605285686732268
landshuter_allee,catboost,spring_2024,327,13,5.793993533095113,7.0,1.2060064669048867
landshuter_allee,catboost,spring_2024,328,13,5.537723457416403,4.0,1.5377234574164031
landshuter_allee,catboost,spring_2024,329,13,5.3703075564590455,4.0,1.3703075564590455
landshuter_allee,catboost,spring_2024,330,13,5.051165104732734,4.0,1.0511651047327337
landshuter_allee,catboost,spring_2024,331,13,5.4403149787197576,3.0,2.4403149787197576
landshuter_allee,catboost,spring_2024,332,13,5.937242765859286,4.0,1.9372427658592857
landshuter_allee,catboost,spring_2024,333,13,6.835752484286659,5.0,1.835752484286659
landshuter_allee,catboost,spring_2024,334,13,6.950004553207621,4.0,2.950004553207621
landshuter_allee,catboost,spring_2024,335,13,6.043290456802823,3.0,3.043290456802823
landshuter_allee,catboost,spring_2024,336,14,4.842678735721404,2.0,2.842678735721404
landshuter_allee,catboost,spring_2024,337,14,4.275739099275862,2.0,2.275739099275862
landshuter_allee,catboost,spring_2024,338,14,4.0144531523409785,2.0,2.0144531523409785
landshuter_allee,catboost,spring_2024,339,14,3.966134879736697,2.0,1.966134879736697
landshuter_allee,catboost,spring_2024,340,14,4.34274859386275,3.0,1.3427485938627504
landshuter_allee,catboost,spring_2024,341,14,4.62558845814725,3.0,1.6255884581472504
landshuter_allee,catboost,spring_2024,342,14,4.696015582973044,3.0,1.6960155829730441
landshuter_allee,catboost,spring_2024,343,14,4.898489064024592,4.0,0.8984890640245924
landshuter_allee,catboost,spring_2024,344,14,4.7878129540913275,4.0,0.7878129540913275
landshuter_allee,catboost,spring_2024,345,14,4.688757428720845,3.0,1.6887574287208453
landshuter_allee,catboost,spring_2024,346,14,4.77311096766834,4.0,0.7731109676683401
landshuter_allee,catboost,spring_2024,347,14,4.974773787344423,4.0,0.9747737873444233
landshuter_allee,catboost,spring_2024,348,14,5.504298402052293,5.0,0.5042984020522931
landshuter_allee,catboost,spring_2024,349,14,5.284880548867267,4.0,1.2848805488672674
landshuter_allee,catboost,spring_2024,350,14,5.326054264317161,5.0,0.3260542643171611
landshuter_allee,catboost,spring_2024,351,14,5.381481522183478,5.0,0.38148152218347775
landshuter_allee,catboost,spring_2024,352,14,6.030062629928374,7.0,0.9699373700716256
landshuter_allee,catboost,spring_2024,353,14,7.067066554224322,8.0,0.9329334457756779
landshuter_allee,catboost,spring_2024,354,14,9.247936423050378,10.0,0.752063576949622
landshuter_allee,catboost,spring_2024,355,14,10.830169887990307,12.0,1.1698301120096932
landshuter_allee,catboost,spring_2024,356,14,10.87107103933458,11.0,0.12892896066541937
landshuter_allee,catboost,spring_2024,357,14,10.250471750886776,9.0,1.250471750886776
landshuter_allee,catboost,spring_2024,358,14,9.125472965299275,8.0,1.1254729652992754
landshuter_allee,catboost,spring_2024,359,14,8.141992293885021,8.0,0.14199229388502133
landshuter_allee,catboost,spring_2024,360,15,7.729709097607367,7.0,0.7297090976073672
landshuter_allee,catboost,spring_2024,361,15,7.067723761695776,7.0,0.06772376169577576
landshuter_allee,catboost,spring_2024,362,15,6.704526747616015,8.0,1.2954732523839851
landshuter_allee,catboost,spring_2024,363,15,6.840927180313664,7.0,0.1590728196863358
landshuter_allee,catboost,spring_2024,364,15,7.7889004274454186,8.0,0.21109957255458145
landshuter_allee,catboost,spring_2024,365,15,8.929411432746157,10.0,1.0705885672538429
landshuter_allee,catboost,spring_2024,366,15,8.292107188366828,7.0,1.2921071883668276
landshuter_allee,catboost,spring_2024,367,15,7.69525182234748,8.0,0.30474817765252027
landshuter_allee,catboost,spring_2024,368,15,7.600349387794624,8.0,0.39965061220537557
landshuter_allee,catboost,spring_2024,369,15,7.709818583366062,7.0,0.7098185833660624
landshuter_allee,catboost,spring_2024,370,15,7.422401708488636,7.0,0.42240170848863556
landshuter_allee,catboost,spring_2024,371,15,7.207519946670794,8.0,0.7924800533292062
landshuter_allee,catboost,spring_2024,372,15,6.997725260116099,7.0,0.0022747398839007005
landshuter_allee,catboost,spring_2024,373,15,6.908276331119835,7.0,0.09172366888016459
landshuter_allee,catboost,spring_2024,374,15,6.8669454069589895,7.0,0.13305459304101053
landshuter_allee,catboost,spring_2024,375,15,6.926054387492445,7.0,0.07394561250755505
landshuter_allee,catboost,spring_2024,376,15,7.2233956528082945,7.0,0.22339565280829454
landshuter_allee,catboost,spring_2024,377,15,9.213959425786943,10.0,0.7860405742130574
landshuter_allee,catboost,spring_2024,378,15,15.83801412066643,18.0,2.161985879333569
landshuter_allee,catboost,spring_2024,379,15,24.066765944248445,26.0,1.933234055751555
landshuter_allee,catboost,spring_2024,380,15,28.342570003929225,24.0,4.342570003929225
landshuter_allee,catboost,spring_2024,381,15,20.61639211909832,12.0,8.616392119098322
landshuter_allee,catboost,spring_2024,382,15,17.715792282721388,12.0,5.715792282721388
landshuter_allee,catboost,spring_2024,383,15,14.730891039178978,10.0,4.730891039178978
landshuter_allee,catboost,spring_2024,384,16,12.103069307875199,10.0,2.1030693078751987
landshuter_allee,catboost,spring_2024,385,16,9.351516719166014,8.0,1.351516719166014
landshuter_allee,catboost,spring_2024,386,16,8.159290224330551,8.0,0.15929022433055096
landshuter_allee,catboost,spring_2024,387,16,6.761919884849816,6.0,0.7619198848498163
landshuter_allee,catboost,spring_2024,388,16,6.2630526436104965,6.0,0.2630526436104965
landshuter_allee,catboost,spring_2024,389,16,5.622766181643269,5.0,0.6227661816432688
landshuter_allee,catboost,spring_2024,390,16,4.866594333399451,5.0,0.13340566660054876
landshuter_allee,catboost,spring_2024,391,16,4.936567643970901,5.0,0.06343235602909925
landshuter_allee,catboost,spring_2024,392,16,5.30581694423238,5.0,0.30581694423238037
landshuter_allee,catboost,spring_2024,393,16,5.355962471297593,5.0,0.35596247129759284
landshuter_allee,catboost,spring_2024,394,16,5.6914292404752285,6.0,0.30857075952477153
landshuter_allee,catboost,spring_2024,395,16,8.081447195116759,10.0,1.918552804883241
landshuter_allee,catboost,spring_2024,396,16,11.449907397379734,12.0,0.5500926026202659
landshuter_allee,catboost,spring_2024,397,16,15.252038630321985,13.0,2.2520386303219855
landshuter_allee,catboost,spring_2024,398,16,18.46611795565782,13.0,5.466117955657818
landshuter_allee,catboost,spring_2024,399,16,19.755521414258396,13.0,6.755521414258396
landshuter_allee,catboost,spring_2024,400,16,20.723602403572784,14.0,6.723602403572784
landshuter_allee,catboost,spring_2024,401,16,21.73345275997137,14.0,7.733452759971371
landshuter_allee,catboost,spring_2024,402,16,22.65832128812852,15.0,7.658321288128519
landshuter_allee,catboost,spring_2024,403,16,25.15829829868828,17.0,8.15829829868828
landshuter_allee,catboost,spring_2024,404,16,20.91346983539185,12.0,8.913469835391851
landshuter_allee,catboost,spring_2024,405,16,17.143097308404208,12.0,5.143097308404208
landshuter_allee,catboost,spring_2024,406,16,14.984497120418201,11.0,3.984497120418201
landshuter_allee,catboost,spring_2024,407,16,12.268203404438035,9.0,3.268203404438035
landshuter_allee,catboost,spring_2024,408,17,11.632823849306389,11.0,0.6328238493063889
landshuter_allee,catboost,spring_2024,409,17,11.58679377026744,11.0,0.5867937702674393
landshuter_allee,catboost,spring_2024,410,17,11.403919591842222,11.0,0.4039195918422216
landshuter_allee,catboost,spring_2024,411,17,11.869127693369608,11.0,0.8691276933696077
landshuter_allee,catboost,spring_2024,412,17,13.899271354232358,14.0,0.10072864576764218
landshuter_allee,catboost,spring_2024,413,17,17.144353112704117,15.0,2.144353112704117
landshuter_allee,catboost,spring_2024,414,17,19.951703747155307,17.0,2.9517037471553067
landshuter_allee,catboost,spring_2024,415,17,22.148995065923124,19.0,3.148995065923124
landshuter_allee,catboost,spring_2024,416,17,26.94911624495623,24.0,2.9491162449562296
landshuter_allee,catboost,spring_2024,417,17,27.39739553969261,21.0,6.39739553969261
landshuter_allee,catboost,spring_2024,418,17,27.471469393623373,19.0,8.471469393623373
landshuter_allee,catboost,spring_2024,419,17,33.1703738914635,24.0,9.170373891463498
landshuter_allee,catboost,spring_2024,420,17,36.09301743469875,25.0,11.093017434698751
landshuter_allee,catboost,spring_2024,421,17,39.35092821933068,28.0,11.350928219330683
landshuter_allee,catboost,spring_2024,422,17,42.04230116954135,29.0,13.042301169541354
landshuter_allee,catboost,spring_2024,423,17,42.290410680364474,31.0,11.290410680364474
landshuter_allee,catboost,spring_2024,424,17,41.90962103063438,32.0,9.909621030634383
landshuter_allee,catboost,spring_2024,425,17,42.97312847201225,33.0,9.973128472012249
landshuter_allee,catboost,spring_2024,426,17,41.94794821873582,34.0,7.947948218735817
landshuter_allee,catboost,spring_2024,427,17,42.84568349294588,33.0,9.84568349294588
landshuter_allee,catboost,spring_2024,428,17,41.71437546081431,31.0,10.71437546081431
landshuter_allee,catboost,spring_2024,429,17,39.68368384982118,31.0,8.683683849821179
landshuter_allee,catboost,spring_2024,430,17,33.35207398662848,27.0,6.352073986628483
landshuter_allee,catboost,spring_2024,431,17,25.065155596575536,19.0,6.065155596575536
landshuter_allee,catboost,spring_2024,432,18,19.271906489612775,18.0,1.2719064896127747
landshuter_allee,catboost,spring_2024,433,18,15.99870754809978,16.0,0.0012924519002197599
landshuter_allee,catboost,spring_2024,434,18,15.341186633204376,16.0,0.6588133667956235
landshuter_allee,catboost,spring_2024,435,18,16.006439880644624,18.0,1.9935601193553758
landshuter_allee,catboost,spring_2024,436,18,17.149847704055926,18.0,0.8501522959440742
landshuter_allee,catboost,spring_2024,437,18,18.427801793303658,19.0,0.572198206696342
landshuter_allee,catboost,spring_2024,438,18,19.16152382997784,19.0,0.16152382997783832
landshuter_allee,catboost,spring_2024,439,18,20.802725743889347,20.0,0.8027257438893471
landshuter_allee,catboost,spring_2024,440,18,21.327268790600414,21.0,0.3272687906004137
landshuter_allee,catboost,spring_2024,441,18,21.369331779848658,20.0,1.3693317798486575
landshuter_allee,catboost,spring_2024,442,18,21.21017544446381,22.0,0.7898245555361889
landshuter_allee,catboost,spring_2024,443,18,21.09679100256249,20.0,1.0967910025624903
landshuter_allee,catboost,spring_2024,444,18,21.030917093515214,22.0,0.9690829064847861
landshuter_allee,catboost,spring_2024,445,18,17.511151817598215,17.0,0.5111518175982148
landshuter_allee,catboost,spring_2024,446,18,10.631678437684513,8.0,2.6316784376845135
landshuter_allee,catboost,spring_2024,447,18,6.939374707285277,7.0,0.06062529271472261
landshuter_allee,catboost,spring_2024,448,18,5.722316489499953,6.0,0.27768351050004725
landshuter_allee,catboost,spring_2024,449,18,4.641785008264483,6.0,1.358214991735517
landshuter_allee,catboost,spring_2024,450,18,3.8705735083194037,4.0,0.12942649168059628
landshuter_allee,catboost,spring_2024,451,18,3.0999861206755845,3.0,0.09998612067558454
landshuter_allee,catboost,spring_2024,452,18,2.2379295313754586,2.0,0.23792953137545858
landshuter_allee,catboost,spring_2024,453,18,1.9703252612262254,3.0,1.0296747387737746
landshuter_allee,catboost,spring_2024,454,18,1.7969339511586426,3.0,1.2030660488413574
landshuter_allee,catboost,spring_2024,455,18,1.3785030250730639,2.0,0.6214969749269361
landshuter_allee,catboost,spring_2024,456,19,1.1095822314172246,1.0,0.10958223141722456
landshuter_allee,catboost,spring_2024,457,19,0.897223396961472,0.8,0.09722339696147198
landshuter_allee,catboost,spring_2024,458,19,0.6172165496875124,1.0,0.3827834503124876
landshuter_allee,catboost,spring_2024,459,19,0.5507398900977432,1.0,0.44926010990225684
landshuter_allee,catboost,spring_2024,460,19,0.8929161060271706,2.0,1.1070838939728294
landshuter_allee,catboost,spring_2024,461,19,2.0016807218990706,4.0,1.9983192781009294
landshuter_allee,catboost,spring_2024,462,19,3.029412616986628,4.0,0.9705873830133722
landshuter_allee,catboost,spring_2024,463,19,4.28769541253324,6.0,1.7123045874667602
landshuter_allee,catboost,spring_2024,464,19,5.270974112766418,6.0,0.7290258872335817
landshuter_allee,catboost,spring_2024,465,19,6.133323692714022,6.0,0.133323692714022
landshuter_allee,catboost,spring_2024,466,19,6.7894280614163005,8.0,1.2105719385836995
landshuter_allee,catboost,spring_2024,467,19,6.91415383981781,6.0,0.9141538398178097
landshuter_allee,catboost,spring_2024,468,19,6.680898046186081,5.0,1.6808980461860807
landshuter_allee,catboost,spring_2024,469,19,6.48361220510012,6.0,0.48361220510011993
landshuter_allee,catboost,spring_2024,470,19,6.719649565833105,6.0,0.7196495658331052
landshuter_allee,catboost,spring_2024,471,19,6.999385477121857,7.0,0.00061452287814312
landshuter_allee,catboost,spring_2024,472,19,7.301435254254349,7.0,0.3014352542543488
landshuter_allee,catboost,spring_2024,473,19,7.469905847418989,8.0,0.530094152581011
landshuter_allee,catboost,spring_2024,474,19,7.960155732304688,8.0,0.039844267695311686
landshuter_allee,catboost,spring_2024,475,19,8.304527371976162,9.0,0.6954726280238379
landshuter_allee,catboost,spring_2024,476,19,9.221580115893872,10.0,0.7784198841061283
landshuter_allee,catboost,spring_2024,477,19,9.421536067068685,10.0,0.5784639329313155
landshuter_allee,catboost,spring_2024,478,19,10.115402238587189,10.0,0.11540223858718868
landshuter_allee,catboost,spring_2024,479,19,11.25213835625046,12.0,0.7478616437495393
landshuter_allee,catboost,spring_2024,480,20,12.989581199286564,13.0,0.010418800713436482
landshuter_allee,catboost,spring_2024,481,20,12.488113468684642,12.0,0.48811346868464156
landshuter_allee,catboost,spring_2024,482,20,12.117856005395987,12.0,0.1178560053959874
landshuter_allee,catboost,spring_2024,483,20,13.28907982995458,14.0,0.7109201700454193
landshuter_allee,catboost,spring_2024,484,20,14.563758167166034,16.0,1.4362418328339661
landshuter_allee,catboost,spring_2024,485,20,15.66372808422301,15.0,0.6637280842230098
landshuter_allee,catboost,spring_2024,486,20,16.417092452440034,17.0,0.5829075475599659
landshuter_allee,catboost,spring_2024,487,20,15.920905915601693,18.0,2.0790940843983066
landshuter_allee,catboost,spring_2024,488,20,13.345347962422444,11.0,2.3453479624224443
landshuter_allee,catboost,spring_2024,489,20,11.529253150185795,10.0,1.529253150185795
landshuter_allee,catboost,spring_2024,490,20,10.569570560565241,11.0,0.430429439434759
landshuter_allee,catboost,spring_2024,491,20,9.785394599439924,11.0,1.2146054005600764
landshuter_allee,catboost,spring_2024,492,20,9.612974019294185,12.0,2.3870259807058147
landshuter_allee,catboost,spring_2024,493,20,9.74003333291754,11.0,1.2599666670824607
landshuter_allee,catboost,spring_2024,494,20,9.82309281683893,11.0,1.1769071831610702
landshuter_allee,catboost,spring_2024,495,20,10.286987415802669,13.0,2.7130125841973314
landshuter_allee,catboost,spring_2024,496,20,11.439027357592295,15.0,3.5609726424077053
landshuter_allee,catboost,spring_2024,497,20,12.41318610410553,14.0,1.5868138958944709
landshuter_allee,catboost,spring_2024,498,20,12.83593799958657,12.0,0.8359379995865694
landshuter_allee,catboost,spring_2024,499,20,13.845686305539271,14.0,0.15431369446072907
landshuter_allee,catboost,spring_2024,500,20,15.628493267607244,14.0,1.6284932676072437
landshuter_allee,catboost,spring_2024,501,20,18.164457663166758,16.0,2.1644576631667576
landshuter_allee,catboost,spring_2024,502,20,17.226520645818233,14.0,3.2265206458182334
landshuter_allee,catboost,spring_2024,503,20,15.681592983383698,12.0,3.6815929833836982
landshuter_allee,catboost,spring_2024,504,21,13.775303371508222,10.0,3.7753033715082225
landshuter_allee,catboost,spring_2024,505,21,13.685416983366975,10.0,3.6854169833669754
landshuter_allee,catboost,spring_2024,506,21,12.576987237863936,10.0,2.5769872378639356
landshuter_allee,catboost,spring_2024,507,21,11.365395138266718,10.0,1.3653951382667184
landshuter_allee,catboost,spring_2024,508,21,11.722289359939479,10.0,1.722289359939479
landshuter_allee,catboost,spring_2024,509,21,12.113810542243463,10.0,2.1138105422434634
landshuter_allee,catboost,spring_2024,510,21,13.09994388525071,12.0,1.0999438852507097
landshuter_allee,catboost,spring_2024,511,21,13.671504685503894,15.0,1.3284953144961058
landshuter_allee,catboost,spring_2024,512,21,13.391618369817092,15.0,1.6083816301829081
landshuter_allee,catboost,spring_2024,513,21,12.921691884834402,13.0,0.07830811516559777
landshuter_allee,catboost,spring_2024,514,21,13.138038331669343,15.0,1.8619616683306575
landshuter_allee,catboost,spring_2024,515,21,13.409100062286303,16.0,2.590899937713697
landshuter_allee,catboost,spring_2024,516,21,13.453438232841252,15.0,1.5465617671587477
landshuter_allee,catboost,spring_2024,517,21,14.128071798100203,16.0,1.871928201899797
landshuter_allee,catboost,spring_2024,518,21,14.559073436945269,18.0,3.440926563054731
landshuter_allee,catboost,spring_2024,519,21,14.597057085549942,16.0,1.4029429144500583
landshuter_allee,catboost,spring_2024,520,21,15.708146571672447,18.0,2.2918534283275527
landshuter_allee,catboost,spring_2024,521,21,16.90446097767743,17.0,0.09553902232256917
landshuter_allee,catboost,spring_2024,522,21,18.303409618806892,17.0,1.3034096188068922
landshuter_allee,catboost,spring_2024,523,21,19.861018601235948,18.0,1.8610186012359478
landshuter_allee,catboost,spring_2024,524,21,22.491592732588636,22.0,0.4915927325886358
landshuter_allee,catboost,spring_2024,525,21,26.07449167992568,25.0,1.0744916799256785
landshuter_allee,catboost,spring_2024,526,21,24.276404971880538,25.0,0.7235950281194619
landshuter_allee,catboost,spring_2024,527,21,21.009621721954026,19.0,2.0096217219540264
landshuter_allee,catboost,spring_2024,528,22,17.619010313529955,14.0,3.619010313529955
landshuter_allee,catboost,spring_2024,529,22,15.068425209783586,11.0,4.068425209783586
landshuter_allee,catboost,spring_2024,530,22,12.88379163257431,9.0,3.88379163257431
landshuter_allee,catboost,spring_2024,531,22,11.63496384441313,8.0,3.6349638444131305
landshuter_allee,catboost,spring_2024,532,22,12.402489971662241,9.0,3.4024899716622414
landshuter_allee,catboost,spring_2024,533,22,12.973252427529474,10.0,2.9732524275294736
landshuter_allee,catboost,spring_2024,534,22,12.426030837304369,10.0,2.426030837304369
landshuter_allee,catboost,spring_2024,535,22,11.280073114875972,9.0,2.2800731148759716
landshuter_allee,catboost,spring_2024,536,22,10.452687167606186,9.0,1.4526871676061859
landshuter_allee,catboost,spring_2024,537,22,10.394274651365821,10.0,0.39427465136582107
landshuter_allee,catboost,spring_2024,538,22,11.936225521484516,13.0,1.0637744785154837
landshuter_allee,catboost,spring_2024,539,22,11.932348857740514,11.0,0.9323488577405143
landshuter_allee,catboost,spring_2024,540,22,10.942688147072662,9.0,1.942688147072662
landshuter_allee,catboost,spring_2024,541,22,10.080416571583216,8.0,2.080416571583216
landshuter_allee,catboost,spring_2024,542,22,9.253269746172306,7.0,2.2532697461723057
landshuter_allee,catboost,spring_2024,543,22,9.078886334048411,9.0,0.07888633404841094
landshuter_allee,catboost,spring_2024,544,22,9.883413672036674,10.0,0.11658632796332569
landshuter_allee,catboost,spring_2024,545,22,11.407015227706594,11.0,0.4070152277065944
landshuter_allee,catboost,spring_2024,546,22,14.045189400767581,13.0,1.0451894007675815
landshuter_allee,catboost,spring_2024,547,22,20.236317416313156,23.0,2.763682583686844
landshuter_allee,catboost,spring_2024,548,22,27.903507654521757,32.0,4.096492345478243
landshuter_allee,catboost,spring_2024,549,22,25.90405914270661,25.0,0.9040591427066111
landshuter_allee,catboost,spring_2024,550,22,22.488504787275353,24.0,1.5114952127246468
landshuter_allee,catboost,spring_2024,551,22,16.447586810590934,15.0,1.4475868105909342
landshuter_allee,catboost,spring_2024,552,23,11.365856586615083,10.0,1.3658565866150827
landshuter_allee,catboost,spring_2024,553,23,9.078847857208752,8.0,1.0788478572087516
landshuter_allee,catboost,spring_2024,554,23,8.011407231658156,8.0,0.011407231658155936
landshuter_allee,catboost,spring_2024,555,23,7.43116851948757,7.0,0.43116851948756985
landshuter_allee,catboost,spring_2024,556,23,6.685029002793001,5.0,1.6850290027930006
landshuter_allee,catboost,spring_2024,557,23,6.472628311653233,5.0,1.4726283116532333
landshuter_allee,catboost,spring_2024,558,23,6.047129306304739,5.0,1.0471293063047389
landshuter_allee,catboost,spring_2024,559,23,5.466792120733337,5.0,0.466792120733337
landshuter_allee,catboost,spring_2024,560,23,5.217439175258098,5.0,0.21743917525809842
landshuter_allee,catboost,spring_2024,561,23,5.513509666184079,5.0,0.5135096661840786
landshuter_allee,catboost,spring_2024,562,23,6.003716368307968,9.0,2.996283631692032
landshuter_allee,catboost,spring_2024,563,23,6.558304966262295,9.0,2.4416950337377052
landshuter_allee,catboost,spring_2024,564,23,7.510079006222287,10.0,2.489920993777713
landshuter_allee,catboost,spring_2024,565,23,8.209890009599503,10.0,1.790109990400497
landshuter_allee,catboost,spring_2024,566,23,8.371131884705433,10.0,1.6288681152945674
landshuter_allee,catboost,spring_2024,567,23,8.547819691753485,11.0,2.452180308246515
landshuter_allee,catboost,spring_2024,568,23,9.089652313477554,12.0,2.910347686522446
landshuter_allee,catboost,spring_2024,569,23,10.735334350611495,14.0,3.2646656493885047
landshuter_allee,catboost,spring_2024,570,23,13.024293563640637,17.0,3.9757064363593635
landshuter_allee,catboost,spring_2024,571,23,14.595986462706254,16.0,1.4040135372937463
landshuter_allee,catboost,spring_2024,572,23,14.991892956904172,15.0,0.008107043095828104
landshuter_allee,catboost,spring_2024,573,23,16.691906810387817,19.0,2.3080931896121832
landshuter_allee,catboost,spring_2024,574,23,17.945203655419828,20.0,2.054796344580172
landshuter_allee,catboost,spring_2024,575,23,16.97527452510045,18.0,1.024725474899551
landshuter_allee,catboost,spring_2024,576,24,15.390263128216805,15.0,0.3902631282168052
landshuter_allee,catboost,spring_2024,577,24,12.821408080239166,11.0,1.8214080802391663
landshuter_allee,catboost,spring_2024,578,24,10.486686877202846,10.0,0.4866868772028461
landshuter_allee,catboost,spring_2024,579,24,8.026109889395869,8.0,0.02610988939586889
landshuter_allee,catboost,spring_2024,580,24,7.294149681668106,9.0,1.705850318331894
landshuter_allee,catboost,spring_2024,581,24,8.281510724441635,11.0,2.7184892755583654
landshuter_allee,catboost,spring_2024,582,24,10.64427078725606,13.0,2.35572921274394
landshuter_allee,catboost,spring_2024,583,24,12.89870836961945,15.0,2.1012916303805493
landshuter_allee,catboost,spring_2024,584,24,13.209534013196468,12.0,1.2095340131964676
landshuter_allee,catboost,spring_2024,585,24,13.657482983209183,12.0,1.6574829832091833
landshuter_allee,catboost,spring_2024,586,24,15.828121905250146,15.0,0.8281219052501463
landshuter_allee,catboost,spring_2024,587,24,16.124430625539986,12.0,4.124430625539986
landshuter_allee,catboost,spring_2024,588,24,14.467869903252717,10.0,4.467869903252717
landshuter_allee,catboost,spring_2024,589,24,13.458466210269673,10.0,3.4584662102696733
landshuter_allee,catboost,spring_2024,590,24,11.39079964136378,8.0,3.3907996413637793
landshuter_allee,catboost,spring_2024,591,24,9.51442201883574,6.0,3.51442201883574
landshuter_allee,catboost,spring_2024,592,24,8.757950415280645,7.0,1.7579504152806447
landshuter_allee,catboost,spring_2024,593,24,8.77990906715753,8.0,0.7799090671575293
landshuter_allee,catboost,spring_2024,594,24,8.719392216041019,8.0,0.7193922160410189
landshuter_allee,catboost,spring_2024,595,24,8.277193815080963,7.0,1.2771938150809632
landshuter_allee,catboost,spring_2024,596,24,7.374088609542692,5.0,2.3740886095426923
landshuter_allee,catboost,spring_2024,597,24,6.006645978737552,5.0,1.0066459787375521
landshuter_allee,catboost,spring_2024,598,24,5.066033019137168,5.0,0.0660330191371683
landshuter_allee,catboost,spring_2024,599,24,3.1989412238893387,3.0,0.19894122388933866
landshuter_allee,catboost,spring_2024,600,25,1.8821933199070244,0.8,1.0821933199070244
landshuter_allee,catboost,spring_2024,601,25,1.3945979736142835,0.6,0.7945979736142835
landshuter_allee,catboost,spring_2024,602,25,1.1543311797559461,0.7,0.45433117975594617
landshuter_allee,catboost,spring_2024,603,25,0.989836616156909,1.0,0.010163383843091012
landshuter_allee,catboost,spring_2024,604,25,1.3181467868563814,2.0,0.6818532131436186
landshuter_allee,catboost,spring_2024,605,25,2.3034299773729394,4.0,1.6965700226270606
landshuter_allee,catboost,spring_2024,606,25,2.6703143370526217,4.0,1.3296856629473783
landshuter_allee,catboost,spring_2024,607,25,2.358271700051027,3.0,0.6417282999489728
landshuter_allee,catboost,spring_2024,608,25,1.8118296406307763,3.0,1.1881703593692237
landshuter_allee,catboost,spring_2024,609,25,1.9781030466073304,4.0,2.0218969533926696
landshuter_allee,catboost,spring_2024,610,25,2.387869757069076,3.0,0.6121302429309239
landshuter_allee,catboost,spring_2024,611,25,3.0434830289967802,4.0,0.9565169710032198
landshuter_allee,catboost,spring_2024,612,25,3.624254358706886,4.0,0.37574564129311394
landshuter_allee,catboost,spring_2024,613,25,4.36997554696862,5.0,0.6300244530313801
landshuter_allee,catboost,spring_2024,614,25,4.62958789538384,6.0,1.3704121046161601
landshuter_allee,catboost,spring_2024,615,25,4.797281712798472,6.0,1.2027182872015283
landshuter_allee,catboost,spring_2024,616,25,5.143243623111985,6.0,0.8567563768880149
landshuter_allee,catboost,spring_2024,617,25,5.233838191946615,6.0,0.7661618080533854
landshuter_allee,catboost,spring_2024,618,25,5.23839887150052,6.0,0.7616011284994801
landshuter_allee,catboost,spring_2024,619,25,4.780604016929891,5.0,0.21939598307010932
landshuter_allee,catboost,spring_2024,620,25,4.295054594576361,5.0,0.704945405423639
landshuter_allee,catboost,spring_2024,621,25,3.1517294141808447,4.0,0.8482705858191553
landshuter_allee,catboost,spring_2024,622,25,2.2029149344509715,4.0,1.7970850655490285
landshuter_allee,catboost,spring_2024,623,25,1.4419668298924986,3.0,1.5580331701075014
landshuter_allee,catboost,spring_2024,624,26,1.178379061988771,3.0,1.821620938011229
landshuter_allee,catboost,spring_2024,625,26,0.9784992502482943,3.0,2.0215007497517057
landshuter_allee,catboost,spring_2024,626,26,0.9138906608388968,2.0,1.0861093391611032
landshuter_allee,catboost,spring_2024,627,26,0.7316836060517602,2.0,1.2683163939482398
landshuter_allee,catboost,spring_2024,628,26,1.1729354775700767,3.0,1.8270645224299233
landshuter_allee,catboost,spring_2024,629,26,2.530816763205568,5.0,2.469183236794432
landshuter_allee,catboost,spring_2024,630,26,4.081871969190645,7.0,2.9181280308093553
landshuter_allee,catboost,spring_2024,631,26,4.308613152001724,6.0,1.6913868479982757
landshuter_allee,catboost,spring_2024,632,26,4.0985108389653835,4.0,0.09851083896538348
landshuter_allee,catboost,spring_2024,633,26,4.111936518654525,5.0,0.8880634813454753
landshuter_allee,catboost,spring_2024,634,26,4.489953454304569,6.0,1.510046545695431
landshuter_allee,catboost,spring_2024,635,26,4.815338931463268,7.0,2.184661068536732
landshuter_allee,catboost,spring_2024,636,26,5.21205661406281,7.0,1.78794338593719
landshuter_allee,catboost,spring_2024,637,26,5.490667472420012,7.0,1.5093325275799883
landshuter_allee,catboost,spring_2024,638,26,5.3241037360922,6.0,0.6758962639078003
landshuter_allee,catboost,spring_2024,639,26,5.474320136884542,7.0,1.5256798631154576
landshuter_allee,catboost,spring_2024,640,26,5.008553248619029,5.0,0.008553248619029397
landshuter_allee,catboost,spring_2024,641,26,5.629310547282588,6.0,0.3706894527174116
landshuter_allee,catboost,spring_2024,642,26,6.02067283463037,7.0,0.9793271653696296
landshuter_allee,catboost,spring_2024,643,26,5.722266013850947,7.0,1.2777339861490526
landshuter_allee,catboost,spring_2024,644,26,4.999904678049448,5.0,9.532195055239612e-05
landshuter_allee,catboost,spring_2024,645,26,4.283406739786858,4.0,0.2834067397868578
landshuter_allee,catboost,spring_2024,646,26,3.7421400349387755,5.0,1.2578599650612245
landshuter_allee,catboost,spring_2024,647,26,4.190813725191014,4.0,0.19081372519101425
landshuter_allee,catboost,spring_2024,648,27,4.085442806938786,5.0,0.9145571930612144
landshuter_allee,catboost,spring_2024,649,27,3.9873166055774636,5.0,1.0126833944225364
landshuter_allee,catboost,spring_2024,650,27,4.244615361703572,4.0,0.24461536170357157
landshuter_allee,catboost,spring_2024,651,27,4.4267044937749285,5.0,0.5732955062250715
landshuter_allee,catboost,spring_2024,652,27,5.524153112055574,7.0,1.4758468879444262
landshuter_allee,catboost,spring_2024,653,27,6.701425163779359,8.0,1.2985748362206406
landshuter_allee,catboost,spring_2024,654,27,7.515758385098538,8.0,0.4842416149014621
landshuter_allee,catboost,spring_2024,655,27,7.093336306601471,5.0,2.093336306601471
landshuter_allee,catboost,spring_2024,656,27,7.637784085179616,7.0,0.6377840851796162
landshuter_allee,catboost,spring_2024,657,27,7.680718187058144,8.0,0.3192818129418562
landshuter_allee,catboost,spring_2024,658,27,6.982768149242514,7.0,0.017231850757485567
landshuter_allee,catboost,spring_2024,659,27,6.192931307010501,6.0,0.1929313070105012
landshuter_allee,catboost,spring_2024,660,27,5.116462438366688,5.0,0.11646243836668813
landshuter_allee,catboost,spring_2024,661,27,5.289073047495535,6.0,0.7109269525044652
landshuter_allee,catboost,spring_2024,662,27,4.709692920683374,4.0,0.7096929206833744
landshuter_allee,catboost,spring_2024,663,27,4.689422837447863,4.0,0.6894228374478626
landshuter_allee,catboost,spring_2024,664,27,4.7066147362528925,3.0,1.7066147362528925
landshuter_allee,catboost,spring_2024,665,27,5.220222970648453,5.0,0.22022297064845286
landshuter_allee,catboost,spring_2024,666,27,5.537823957841237,6.0,0.46217604215876307
landshuter_allee,catboost,spring_2024,667,27,5.627659691233336,6.0,0.37234030876666413
landshuter_allee,catboost,spring_2024,668,27,5.397753297353436,6.0,0.6022467026465641
landshuter_allee,catboost,spring_2024,669,27,4.711481759634278,6.0,1.2885182403657218
landshuter_allee,catboost,spring_2024,670,27,4.068909039421648,5.0,0.9310909605783522
landshuter_allee,catboost,spring_2024,671,27,3.318291699825303,4.0,0.6817083001746971
landshuter_allee,catboost,spring_2024,672,28,2.6516994582317537,4.0,1.3483005417682463
landshuter_allee,catboost,spring_2024,673,28,2.4607477857922753,3.0,0.5392522142077247
landshuter_allee,catboost,spring_2024,674,28,2.015556425012724,3.0,0.9844435749872762
landshuter_allee,catboost,spring_2024,675,28,2.4719022833305377,4.0,1.5280977166694623
landshuter_allee,catboost,spring_2024,676,28,3.1638373394663946,5.0,1.8361626605336054
landshuter_allee,catboost,spring_2024,677,28,4.77930544936274,9.0,4.22069455063726
landshuter_allee,catboost,spring_2024,678,28,6.762456459712652,11.0,4.237543540287348
landshuter_allee,catboost,spring_2024,679,28,7.654763955437078,8.0,0.3452360445629221
landshuter_allee,catboost,spring_2024,680,28,7.714123331253419,8.0,0.2858766687465808
landshuter_allee,catboost,spring_2024,681,28,7.347980737255517,8.0,0.6520192627444832
landshuter_allee,catboost,spring_2024,682,28,7.2097433582372314,6.0,1.2097433582372314
landshuter_allee,catboost,spring_2024,683,28,6.170212643731242,5.0,1.170212643731242
landshuter_allee,catboost,spring_2024,684,28,4.64419732529472,4.0,0.6441973252947202
landshuter_allee,catboost,spring_2024,685,28,3.911539077304689,3.0,0.9115390773046892
landshuter_allee,catboost,spring_2024,686,28,3.353692711935869,2.0,1.353692711935869
landshuter_allee,catboost,spring_2024,687,28,2.448184631008905,2.0,0.44818463100890504
landshuter_allee,catboost,spring_2024,688,28,1.731911870823069,2.0,0.26808812917693103
landshuter_allee,catboost,spring_2024,689,28,1.411589305867066,2.0,0.5884106941329339
landshuter_allee,catboost,spring_2024,690,28,1.511205898759453,2.0,0.488794101240547
landshuter_allee,catboost,spring_2024,691,28,1.5367948637303126,2.0,0.4632051362696874
landshuter_allee,catboost,spring_2024,692,28,1.1836662866373153,2.0,0.8163337133626847
landshuter_allee,catboost,spring_2024,693,28,0.8586403115356482,2.0,1.1413596884643518
landshuter_allee,catboost,spring_2024,694,28,0.549435667352455,2.0,1.450564332647545
landshuter_allee,catboost,spring_2024,695,28,0.5189213976188434,2.0,1.4810786023811566
landshuter_allee,catboost,spring_2024,696,29,0.6380984866150481,2.0,1.361901513384952
landshuter_allee,catboost,spring_2024,697,29,0.6035062544116894,1.0,0.39649374558831063
landshuter_allee,catboost,spring_2024,698,29,0.497684578701584,1.0,0.502315421298416
landshuter_allee,catboost,spring_2024,699,29,0.5611721312196245,1.0,0.4388278687803755
landshuter_allee,catboost,spring_2024,700,29,0.8280060212349856,2.0,1.1719939787650144
landshuter_allee,catboost,spring_2024,701,29,1.2847666697495086,2.0,0.7152333302504914
landshuter_allee,catboost,spring_2024,702,29,2.0085286689956785,2.0,0.008528668995678501
landshuter_allee,catboost,spring_2024,703,29,2.114152431797832,2.0,0.11415243179783197
landshuter_allee,catboost,spring_2024,704,29,2.116735683784176,3.0,0.8832643162158238
landshuter_allee,catboost,spring_2024,705,29,2.4450301888452692,4.0,1.5549698111547308
landshuter_allee,catboost,spring_2024,706,29,2.5107673385208997,3.0,0.4892326614791003
landshuter_allee,catboost,spring_2024,707,29,2.6205065206532225,2.0,0.6205065206532225
landshuter_allee,catboost,spring_2024,708,29,2.72068015363835,2.0,0.7206801536383498
landshuter_allee,catboost,spring_2024,709,29,3.3219218399410995,3.0,0.32192183994109946
landshuter_allee,catboost,spring_2024,710,29,3.0527961420185044,2.0,1.0527961420185044
landshuter_allee,catboost,spring_2024,711,29,3.0421402739863357,2.0,1.0421402739863357
landshuter_allee,catboost,spring_2024,712,29,3.2467125319038947,2.0,1.2467125319038947
landshuter_allee,catboost,spring_2024,713,29,3.7010103310053992,3.0,0.7010103310053992
landshuter_allee,catboost,spring_2024,714,29,5.408677923408032,4.0,1.4086779234080318
landshuter_allee,catboost,spring_2024,715,29,6.5695599085104925,7.0,0.43044009148950746
landshuter_allee,catboost,spring_2024,716,29,6.2646995218283275,4.0,2.2646995218283275
landshuter_allee,catboost,spring_2024,717,29,5.1419488002619715,3.0,2.1419488002619715
landshuter_allee,catboost,spring_2024,718,29,4.045100752014611,3.0,1.0451007520146112
landshuter_allee,catboost,spring_2024,719,29,3.5273140892224033,3.0,0.5273140892224033
landshuter_allee,catboost,spring_2024,720,30,4.243491755228641,4.0,0.24349175522864108
landshuter_allee,catboost,spring_2024,721,30,4.777566831893981,5.0,0.22243316810601943
landshuter_allee,catboost,spring_2024,722,30,5.0598871060879125,5.0,0.05988710608791248
landshuter_allee,catboost,spring_2024,723,30,5.213586780022746,5.0,0.21358678002274623
landshuter_allee,catboost,spring_2024,724,30,4.9386497247931285,5.0,0.06135027520687153
landshuter_allee,catboost,spring_2024,725,30,4.809604789925729,4.0,0.8096047899257286
landshuter_allee,catboost,spring_2024,726,30,4.54538580855771,4.0,0.5453858085577101
landshuter_allee,catboost,spring_2024,727,30,3.9508265628420416,4.0,0.04917343715795841
landshuter_allee,catboost,spring_2024,728,30,3.646302284324845,2.0,1.646302284324845
landshuter_allee,catboost,spring_2024,729,30,3.3188111685916386,2.0,1.3188111685916386
landshuter_allee,catboost,spring_2024,730,30,3.2264671609206763,3.0,0.2264671609206763
landshuter_allee,catboost,spring_2024,731,30,3.4887112347955744,5.0,1.5112887652044256
landshuter_allee,catboost,spring_2024,732,30,2.985992565055648,3.0,0.01400743494435197
landshuter_allee,catboost,spring_2024,733,30,3.192129880242142,3.0,0.19212988024214184
landshuter_allee,catboost,spring_2024,734,30,3.312905946599387,3.0,0.3129059465993871
landshuter_allee,catboost,spring_2024,735,30,3.5179911115022646,3.0,0.5179911115022646
landshuter_allee,catboost,spring_2024,736,30,4.460626484554619,4.0,0.4606264845546191
landshuter_allee,catboost,spring_2024,737,30,4.894758371663807,5.0,0.10524162833619322
landshuter_allee,catboost,spring_2024,738,30,5.664089536395451,6.0,0.3359104636045487
landshuter_allee,catboost,spring_2024,739,30,7.876433544692862,13.0,5.123566455307138
landshuter_allee,catboost,spring_2024,740,30,7.180130893685789,5.0,2.1801308936857886
landshuter_allee,catboost,spring_2024,741,30,5.430772672920687,4.0,1.4307726729206873
landshuter_allee,catboost,spring_2024,742,30,4.162076333819126,2.0,2.162076333819126
landshuter_allee,catboost,spring_2024,743,30,3.3927995339522212,2.0,1.3927995339522212
landshuter_allee,catboost,spring_2024,744,31,3.049679991746883,1.0,2.049679991746883
landshuter_allee,catboost,spring_2024,745,31,3.018030948912875,1.0,2.018030948912875
landshuter_allee,catboost,spring_2024,746,31,3.6077372094114413,3.0,0.6077372094114413
landshuter_allee,catboost,spring_2024,747,31,5.305692652547912,6.0,0.6943073474520878
landshuter_allee,catboost,spring_2024,748,31,6.010286514352124,6.0,0.010286514352124243
landshuter_allee,catboost,spring_2024,749,31,7.048919246761757,6.0,1.0489192467617574
landshuter_allee,catboost,spring_2024,750,31,7.81237942339933,7.0,0.8123794233993298
landshuter_allee,catboost,spring_2024,751,31,7.69659631484836,7.0,0.6965963148483603
landshuter_allee,catboost,spring_2024,752,31,7.8800276636389945,7.0,0.8800276636389945
landshuter_allee,catboost,spring_2024,753,31,7.317284964923967,6.0,1.3172849649239673
landshuter_allee,catboost,spring_2024,754,31,6.827500839633601,5.0,1.8275008396336014
landshuter_allee,catboost,spring_2024,755,31,7.017109388425273,6.0,1.0171093884252729
landshuter_allee,catboost,spring_2024,756,31,7.381753466415351,7.0,0.3817534664153506
landshuter_allee,catboost,spring_2024,757,31,7.117928662785594,7.0,0.11792866278559444
landshuter_allee,catboost,spring_2024,758,31,7.062069187311726,5.0,2.0620691873117263
landshuter_allee,catboost,spring_2024,759,31,6.756248075750131,4.0,2.756248075750131
landshuter_allee,catboost,spring_2024,760,31,6.652556251538926,3.0,3.6525562515389263
landshuter_allee,catboost,spring_2024,761,31,6.090613305648185,4.0,2.0906133056481853
landshuter_allee,catboost,spring_2024,762,31,5.438225070990139,4.0,1.4382250709901392
landshuter_allee,catboost,spring_2024,763,31,4.954694214053536,4.0,0.9546942140535357
landshuter_allee,catboost,spring_2024,764,31,4.823684444174167,4.0,0.8236844441741669
landshuter_allee,catboost,spring_2024,765,31,4.555529093862159,4.0,0.5555290938621589
landshuter_allee,catboost,spring_2024,766,31,4.452543748862907,4.0,0.45254374886290716
landshuter_allee,catboost,spring_2024,767,31,4.6522080045211025,5.0,0.3477919954788975
landshuter_allee,catboost,spring_2024,768,32,5.187733445971607,6.0,0.8122665540283931
landshuter_allee,catboost,spring_2024,769,32,5.628412301869263,8.0,2.371587698130737
landshuter_allee,catboost,spring_2024,770,32,5.848874307720885,9.0,3.1511256922791153
landshuter_allee,catboost,spring_2024,771,32,6.526773673191005,10.0,3.4732263268089953
landshuter_allee,catboost,spring_2024,772,32,7.65369366452291,11.0,3.34630633547709
landshuter_allee,catboost,spring_2024,773,32,8.538221165108514,11.0,2.4617788348914864
landshuter_allee,catboost,spring_2024,774,32,9.119198673312667,11.0,1.8808013266873331
landshuter_allee,catboost,spring_2024,775,32,9.215910660265317,10.0,0.7840893397346829
landshuter_allee,catboost,spring_2024,776,32,8.610883611052003,9.0,0.38911638894799694
landshuter_allee,catboost,spring_2024,777,32,8.554987539031824,9.0,0.4450124609681758
landshuter_allee,catboost,spring_2024,778,32,7.8687639058525365,8.0,0.1312360941474635
landshuter_allee,catboost,spring_2024,779,32,7.489068559426842,9.0,1.5109314405731578
landshuter_allee,catboost,spring_2024,780,32,7.327629367171376,8.0,0.6723706328286241
landshuter_allee,catboost,spring_2024,781,32,7.671919346758868,9.0,1.3280806532411322
landshuter_allee,catboost,spring_2024,782,32,9.307248018650224,13.0,3.692751981349776
landshuter_allee,catboost,spring_2024,783,32,10.63813649950818,14.0,3.36186350049182
landshuter_allee,catboost,spring_2024,784,32,11.433429242482473,14.0,2.5665707575175265
landshuter_allee,catboost,spring_2024,785,32,13.043400561235133,15.0,1.9565994387648669
landshuter_allee,catboost,spring_2024,786,32,13.685918315368655,14.0,0.3140816846313452
landshuter_allee,catboost,spring_2024,787,32,13.766771793392111,14.0,0.23322820660788857
landshuter_allee,catboost,spring_2024,788,32,15.136798188182382,17.0,1.8632018118176177
landshuter_allee,catboost,spring_2024,789,32,16.34475479408052,21.0,4.655245205919481
landshuter_allee,catboost,spring_2024,790,32,16.8718413292734,21.0,4.128158670726599
landshuter_allee,catboost,spring_2024,791,32,17.27661007167206,20.0,2.72338992832794
landshuter_allee,catboost,spring_2024,792,33,16.270269998552834,18.0,1.729730001447166
landshuter_allee,catboost,spring_2024,793,33,15.688102719690793,17.0,1.311897280309207
landshuter_allee,catboost,spring_2024,794,33,15.511962722314609,15.0,0.5119627223146086
landshuter_allee,catboost,spring_2024,795,33,15.309316204657407,15.0,0.3093162046574065
landshuter_allee,catboost,spring_2024,796,33,15.530567657097214,15.0,0.5305676570972135
landshuter_allee,catboost,spring_2024,797,33,16.00307881431801,15.0,1.003078814318009
landshuter_allee,catboost,spring_2024,798,33,16.11141338564859,14.0,2.1114133856485893
landshuter_allee,catboost,spring_2024,799,33,15.133782880775343,13.0,2.1337828807753425
landshuter_allee,catboost,spring_2024,800,33,13.709910850034493,11.0,2.7099108500344933
landshuter_allee,catboost,spring_2024,801,33,11.157419620950025,9.0,2.1574196209500247
landshuter_allee,catboost,spring_2024,802,33,9.010336861981843,7.0,2.010336861981843
landshuter_allee,catboost,spring_2024,803,33,7.694166273116533,7.0,0.694166273116533
landshuter_allee,catboost,spring_2024,804,33,6.858589279945052,5.0,1.8585892799450523
landshuter_allee,catboost,spring_2024,805,33,6.770356371480733,5.0,1.7703563714807329
landshuter_allee,catboost,spring_2024,806,33,7.095349326952359,6.0,1.095349326952359
landshuter_allee,catboost,spring_2024,807,33,7.1992722032693015,7.0,0.1992722032693015
landshuter_allee,catboost,spring_2024,808,33,7.2643955492898025,7.0,0.26439554928980247
landshuter_allee,catboost,spring_2024,809,33,8.83016741196396,10.0,1.1698325880360407
landshuter_allee,catboost,spring_2024,810,33,7.961553589083566,7.0,0.9615535890835663
landshuter_allee,catboost,spring_2024,811,33,6.033284705309264,3.0,3.0332847053092644
landshuter_allee,catboost,spring_2024,812,33,5.461455297880783,5.0,0.4614552978807831
landshuter_allee,catboost,spring_2024,813,33,4.973650490593691,6.0,1.0263495094063089
landshuter_allee,catboost,spring_2024,814,33,4.070342129392489,3.0,1.0703421293924889
landshuter_allee,catboost,spring_2024,815,33,2.912307942674717,2.0,0.9123079426747172
landshuter_allee,catboost,spring_2024,816,34,2.3520565694112,1.0,1.3520565694112001
landshuter_allee,catboost,spring_2024,817,34,1.7627886380041815,1.0,0.7627886380041815
landshuter_allee,catboost,spring_2024,818,34,1.8162159253022558,2.0,0.18378407469774416
landshuter_allee,catboost,spring_2024,819,34,2.3832532246287794,2.0,0.3832532246287794
landshuter_allee,catboost,spring_2024,820,34,2.7838913277257404,3.0,0.21610867227425956
landshuter_allee,catboost,spring_2024,821,34,4.926601071323212,5.0,0.07339892867678799
landshuter_allee,catboost,spring_2024,822,34,6.336493353382615,4.0,2.3364933533826147
landshuter_allee,catboost,spring_2024,823,34,7.076867375297955,4.0,3.0768673752979554
landshuter_allee,catboost,spring_2024,824,34,7.735463807784882,5.0,2.735463807784882
landshuter_allee,catboost,spring_2024,825,34,7.915527983803316,5.0,2.915527983803316
landshuter_allee,catboost,spring_2024,826,34,7.7146420162609,5.0,2.7146420162608997
landshuter_allee,catboost,spring_2024,827,34,7.580166998898563,5.0,2.580166998898563
landshuter_allee,catboost,spring_2024,828,34,7.603642185459411,4.0,3.603642185459411
landshuter_allee,catboost,spring_2024,829,34,7.0255442888356985,4.0,3.0255442888356985
landshuter_allee,catboost,spring_2024,830,34,7.05234657832979,4.0,3.0523465783297903
landshuter_allee,catboost,spring_2024,831,34,7.093095609105361,4.0,3.0930956091053607
landshuter_allee,catboost,spring_2024,832,34,7.635706902346252,6.0,1.6357069023462518
landshuter_allee,catboost,spring_2024,833,34,8.775226207019374,8.0,0.7752262070193741
landshuter_allee,catboost,spring_2024,834,34,9.22679711217907,7.0,2.226797112179071
landshuter_allee,catboost,spring_2024,835,34,9.586025868654916,8.0,1.5860258686549162
landshuter_allee,catboost,spring_2024,836,34,10.182757602847614,8.0,2.182757602847614
landshuter_allee,catboost,spring_2024,837,34,9.502461756781813,7.0,2.5024617567818126
landshuter_allee,catboost,spring_2024,838,34,8.71387667769304,8.0,0.7138766776930403
landshuter_allee,catboost,spring_2024,839,34,8.458323142923687,8.0,0.45832314292368714
landshuter_allee,catboost,spring_2024,840,35,7.701072074686923,5.0,2.7010720746869232
landshuter_allee,catboost,spring_2024,841,35,7.06630393125618,5.0,2.06630393125618
landshuter_allee,catboost,spring_2024,842,35,6.407528147971606,5.0,1.4075281479716057
landshuter_allee,catboost,spring_2024,843,35,5.881701169328411,3.0,2.8817011693284114
landshuter_allee,catboost,spring_2024,844,35,5.443719925775161,3.0,2.443719925775161
landshuter_allee,catboost,spring_2024,845,35,5.849840953358652,4.0,1.849840953358652
landshuter_allee,catboost,spring_2024,846,35,8.185998293221902,6.0,2.1859982932219015
landshuter_allee,catboost,spring_2024,847,35,8.246122100782532,5.0,3.2461221007825323
landshuter_allee,catboost,spring_2024,848,35,6.9498809296035455,3.0,3.9498809296035455
landshuter_allee,catboost,spring_2024,849,35,6.214771388870554,3.0,3.2147713888705542
landshuter_allee,catboost,spring_2024,850,35,5.236610000807992,2.0,3.2366100008079917
landshuter_allee,catboost,spring_2024,851,35,4.988207568118334,2.0,2.9882075681183338
landshuter_allee,catboost,spring_2024,852,35,5.403807233467899,4.0,1.4038072334678988
landshuter_allee,catboost,spring_2024,853,35,5.712805131214304,4.0,1.7128051312143038
landshuter_allee,catboost,spring_2024,854,35,5.7763656972934685,4.0,1.7763656972934685
landshuter_allee,catboost,spring_2024,855,35,5.855757732010913,4.0,1.8557577320109129
landshuter_allee,catboost,spring_2024,856,35,6.6850684263401385,6.0,0.6850684263401385
landshuter_allee,catboost,spring_2024,857,35,6.728894081895783,4.0,2.728894081895783
landshuter_allee,catboost,spring_2024,858,35,7.214079473862018,6.0,1.214079473862018
landshuter_allee,catboost,spring_2024,859,35,9.501240339934625,10.0,0.49875966006537453
landshuter_allee,catboost,spring_2024,860,35,10.38720426299228,9.0,1.3872042629922792
landshuter_allee,catboost,spring_2024,861,35,12.690959169620513,12.0,0.6909591696205126
landshuter_allee,catboost,spring_2024,862,35,16.238659275056456,17.0,0.761340724943544
landshuter_allee,catboost,spring_2024,863,35,15.762083729918517,14.0,1.7620837299185172
landshuter_allee,catboost,spring_2024,864,36,12.92616210292498,9.0,3.9261621029249802
landshuter_allee,catboost,spring_2024,865,36,10.287335342350534,8.0,2.2873353423505343
landshuter_allee,catboost,spring_2024,866,36,8.32005063885142,8.0,0.32005063885141993
landshuter_allee,catboost,spring_2024,867,36,7.7813983111967575,8.0,0.2186016888032425
landshuter_allee,catboost,spring_2024,868,36,8.507477498268612,9.0,0.4925225017313881
landshuter_allee,catboost,spring_2024,869,36,8.990345024004828,8.0,0.9903450240048279
landshuter_allee,catboost,spring_2024,870,36,8.545002476046193,8.0,0.5450024760461929
landshuter_allee,catboost,spring_2024,871,36,7.160150320714484,6.0,1.160150320714484
landshuter_allee,catboost,spring_2024,872,36,6.812316839023571,5.0,1.8123168390235707
landshuter_allee,catboost,spring_2024,873,36,6.2430718272111605,4.0,2.2430718272111605
landshuter_allee,catboost,spring_2024,874,36,5.744076535119391,4.0,1.7440765351193912
landshuter_allee,catboost,spring_2024,875,36,5.331208257649381,4.0,1.331208257649381
landshuter_allee,catboost,spring_2024,876,36,5.120246977953229,4.0,1.1202469779532294
landshuter_allee,catboost,spring_2024,877,36,4.549981468664364,4.0,0.549981468664364
landshuter_allee,catboost,spring_2024,878,36,4.626155265347233,5.0,0.37384473465276713
landshuter_allee,catboost,spring_2024,879,36,4.4311643523085085,4.0,0.43116435230850847
landshuter_allee,catboost,spring_2024,880,36,4.7252749106375935,5.0,0.27472508936240647
landshuter_allee,catboost,spring_2024,881,36,5.289291308676125,5.0,0.28929130867612507
landshuter_allee,catboost,spring_2024,882,36,5.5784426271226115,5.0,0.5784426271226115
landshuter_allee,catboost,spring_2024,883,36,6.009556944064469,7.0,0.9904430559355308
landshuter_allee,catboost,spring_2024,884,36,6.314317926097862,7.0,0.6856820739021376
landshuter_allee,catboost,spring_2024,885,36,6.369963081301753,6.0,0.36996308130175315
landshuter_allee,catboost,spring_2024,886,36,6.003008724273215,5.0,1.003008724273215
landshuter_allee,catboost,spring_2024,887,36,5.499689394683698,5.0,0.4996893946836982
landshuter_allee,catboost,spring_2024,888,37,5.264608668566187,4.0,1.2646086685661873
landshuter_allee,catboost,spring_2024,889,37,4.9089776591208825,3.0,1.9089776591208825
landshuter_allee,catboost,spring_2024,890,37,4.689171318347447,4.0,0.689171318347447
landshuter_allee,catboost,spring_2024,891,37,4.151607168722701,2.0,2.151607168722701
landshuter_allee,catboost,spring_2024,892,37,4.2132122921608826,2.0,2.2132122921608826
landshuter_allee,catboost,spring_2024,893,37,4.487456211155929,3.0,1.487456211155929
landshuter_allee,catboost,spring_2024,894,37,4.802221644707737,4.0,0.8022216447077373
landshuter_allee,catboost,spring_2024,895,37,4.630055786772871,4.0,0.6300557867728713
landshuter_allee,catboost,spring_2024,896,37,5.026173370308898,4.0,1.0261733703088982
landshuter_allee,catboost,spring_2024,897,37,5.346091918188253,4.0,1.346091918188253
landshuter_allee,catboost,spring_2024,898,37,5.85086399046956,5.0,0.8508639904695601
landshuter_allee,catboost,spring_2024,899,37,6.135945595134979,6.0,0.13594559513497906
landshuter_allee,catboost,spring_2024,900,37,6.129772036954159,6.0,0.12977203695415884
landshuter_allee,catboost,spring_2024,901,37,6.461432902704873,8.0,1.538567097295127
landshuter_allee,catboost,spring_2024,902,37,7.499439120833878,8.0,0.5005608791661222
landshuter_allee,catboost,spring_2024,903,37,8.244166527244413,8.0,0.24416652724441334
landshuter_allee,catboost,spring_2024,904,37,8.887732889663036,8.0,0.8877328896630363
landshuter_allee,catboost,spring_2024,905,37,9.944738627518511,9.0,0.944738627518511
landshuter_allee,catboost,spring_2024,906,37,10.625786928730749,9.0,1.625786928730749
landshuter_allee,catboost,spring_2024,907,37,11.967031020601219,10.0,1.967031020601219
landshuter_allee,catboost,spring_2024,908,37,12.983376437128982,11.0,1.9833764371289817
landshuter_allee,catboost,spring_2024,909,37,13.44212546883462,11.0,2.44212546883462
landshuter_allee,catboost,spring_2024,910,37,12.598912711185845,10.0,2.5989127111858448
landshuter_allee,catboost,spring_2024,911,37,10.40280872997991,6.0,4.40280872997991
landshuter_allee,catboost,spring_2024,912,38,9.174532471967929,5.0,4.174532471967929
landshuter_allee,catboost,spring_2024,913,38,7.267015447079637,4.0,3.267015447079637
landshuter_allee,catboost,spring_2024,914,38,6.704913268918569,4.0,2.7049132689185686
landshuter_allee,catboost,spring_2024,915,38,9.194083911155857,5.0,4.194083911155857
landshuter_allee,catboost,spring_2024,916,38,10.541030175405538,5.0,5.541030175405538
landshuter_allee,catboost,spring_2024,917,38,12.407823532662915,7.0,5.407823532662915
landshuter_allee,catboost,spring_2024,918,38,12.924934686365694,7.0,5.9249346863656935
landshuter_allee,catboost,spring_2024,919,38,12.328776111330184,6.0,6.328776111330184
landshuter_allee,catboost,spring_2024,920,38,10.803775128667947,4.0,6.803775128667947
landshuter_allee,catboost,spring_2024,921,38,9.710369481848725,5.0,4.7103694818487245
landshuter_allee,catboost,spring_2024,922,38,8.291998127389236,4.0,4.2919981273892365
landshuter_allee,catboost,spring_2024,923,38,7.524244245215998,6.0,1.524244245215998
landshuter_allee,catboost,spring_2024,924,38,8.24624722479851,8.0,0.2462472247985108
landshuter_allee,catboost,spring_2024,925,38,9.507918645381565,10.0,0.49208135461843483
landshuter_allee,catboost,spring_2024,926,38,9.522879437507884,9.0,0.5228794375078838
landshuter_allee,catboost,spring_2024,927,38,9.608049762340341,10.0,0.39195023765965864
landshuter_allee,catboost,spring_2024,928,38,9.789735487468356,9.0,0.7897354874683558
landshuter_allee,catboost,spring_2024,929,38,10.047029572431402,7.0,3.047029572431402
landshuter_allee,catboost,spring_2024,930,38,10.265245373473395,8.0,2.2652453734733946
landshuter_allee,catboost,spring_2024,931,38,11.50449459181616,9.0,2.50449459181616
landshuter_allee,catboost,spring_2024,932,38,13.958225784165776,10.0,3.9582257841657764
landshuter_allee,catboost,spring_2024,933,38,14.519183859206365,9.0,5.519183859206365
landshuter_allee,catboost,spring_2024,934,38,16.335852791204307,12.0,4.3358527912043066
landshuter_allee,catboost,spring_2024,935,38,16.576555903913686,12.0,4.576555903913686
landshuter_allee,catboost,spring_2024,936,39,16.980570204579816,12.0,4.980570204579816
landshuter_allee,catboost,spring_2024,937,39,17.583174464179002,11.0,6.583174464179002
landshuter_allee,catboost,spring_2024,938,39,16.11893728787889,10.0,6.1189372878788895
landshuter_allee,catboost,spring_2024,939,39,15.70824979443538,11.0,4.70824979443538
landshuter_allee,catboost,spring_2024,940,39,17.25531551229316,14.0,3.2553155122931585
landshuter_allee,catboost,spring_2024,941,39,19.5184658655405,17.0,2.518465865540499
landshuter_allee,catboost,spring_2024,942,39,20.816586489868435,16.0,4.816586489868435
landshuter_allee,catboost,spring_2024,943,39,19.04446507945432,12.0,7.044465079454319
landshuter_allee,catboost,spring_2024,944,39,19.51050427595456,13.0,6.51050427595456
landshuter_allee,catboost,spring_2024,945,39,16.537341563883658,9.0,7.537341563883658
landshuter_allee,catboost,spring_2024,946,39,13.875266467838689,9.0,4.8752664678386886
landshuter_allee,catboost,spring_2024,947,39,13.65999906303607,10.0,3.6599990630360697
landshuter_allee,catboost,spring_2024,948,39,14.342134279974772,12.0,2.342134279974772
landshuter_allee,catboost,spring_2024,949,39,17.34608846725292,13.0,4.346088467252919
landshuter_allee,catboost,spring_2024,950,39,18.6406012164213,14.0,4.640601216421299
landshuter_allee,catboost,spring_2024,951,39,19.699728925475625,14.0,5.699728925475625
landshuter_allee,catboost,spring_2024,952,39,20.884343091100543,16.0,4.884343091100543
landshuter_allee,catboost,spring_2024,953,39,23.159634166490527,18.0,5.159634166490527
landshuter_allee,catboost,spring_2024,954,39,25.736057812827383,20.0,5.736057812827383
landshuter_allee,catboost,spring_2024,955,39,27.03263422998677,21.0,6.032634229986769
landshuter_allee,catboost,spring_2024,956,39,25.39418119471942,19.0,6.394181194719419
landshuter_allee,catboost,spring_2024,957,39,24.294520914937507,19.0,5.294520914937507
landshuter_allee,catboost,spring_2024,958,39,22.161296207157207,18.0,4.161296207157207
landshuter_allee,catboost,spring_2024,959,39,19.07727338840902,15.0,4.077273388409019
landshuter_allee,catboost,spring_2024,960,40,18.85652909462619,15.0,3.8565290946261896
landshuter_allee,catboost,spring_2024,961,40,19.72215849258351,15.0,4.72215849258351
landshuter_allee,catboost,spring_2024,962,40,19.205602690245833,13.0,6.205602690245833
landshuter_allee,catboost,spring_2024,963,40,18.680326191085534,13.0,5.680326191085534
landshuter_allee,catboost,spring_2024,964,40,18.651924737742966,14.0,4.651924737742966
landshuter_allee,catboost,spring_2024,965,40,18.918407107143693,14.0,4.918407107143693
landshuter_allee,catboost,spring_2024,966,40,17.548927075162617,12.0,5.5489270751626165
landshuter_allee,catboost,spring_2024,967,40,14.555115939711985,10.0,4.555115939711985
landshuter_allee,catboost,spring_2024,968,40,12.777131454370767,10.0,2.7771314543707675
landshuter_allee,catboost,spring_2024,969,40,11.576265180862451,9.0,2.5762651808624515
landshuter_allee,catboost,spring_2024,970,40,10.635656722604892,8.0,2.6356567226048924
landshuter_allee,catboost,spring_2024,971,40,10.421759082493434,9.0,1.421759082493434
landshuter_allee,catboost,spring_2024,972,40,10.722439084123959,10.0,0.722439084123959
landshuter_allee,catboost,spring_2024,973,40,11.090556721810689,10.0,1.0905567218106889
landshuter_allee,catboost,spring_2024,974,40,11.2791445703206,10.0,1.2791445703206001
landshuter_allee,catboost,spring_2024,975,40,11.541799636173115,10.0,1.5417996361731152
landshuter_allee,catboost,spring_2024,976,40,11.358386531927426,10.0,1.358386531927426
landshuter_allee,catboost,spring_2024,977,40,11.242578340662169,10.0,1.2425783406621687
landshuter_allee,catboost,spring_2024,978,40,11.544442101985885,10.0,1.5444421019858847
landshuter_allee,catboost,spring_2024,979,40,11.79577198063319,11.0,0.7957719806331909
landshuter_allee,catboost,spring_2024,980,40,10.502649080434892,9.0,1.5026490804348924
landshuter_allee,catboost,spring_2024,981,40,8.863075696434745,9.0,0.1369243035652552
landshuter_allee,catboost,spring_2024,982,40,7.739454967072674,8.0,0.2605450329273262
landshuter_allee,catboost,spring_2024,983,40,6.7995609729778455,7.0,0.20043902702215455
landshuter_allee,catboost,spring_2024,984,41,6.681313593852841,6.0,0.681313593852841
landshuter_allee,catboost,spring_2024,985,41,6.565099819242468,6.0,0.5650998192424677
landshuter_allee,catboost,spring_2024,986,41,6.656148368943877,7.0,0.3438516310561228
landshuter_allee,catboost,spring_2024,987,41,6.627653587951082,6.0,0.6276535879510821
landshuter_allee,catboost,spring_2024,988,41,6.881181093999142,7.0,0.11881890600085843
landshuter_allee,catboost,spring_2024,989,41,7.562275207837537,7.0,0.562275207837537
landshuter_allee,catboost,spring_2024,990,41,8.287933968093487,7.0,1.287933968093487
landshuter_allee,catboost,spring_2024,991,41,8.250055949506201,7.0,1.2500559495062014
landshuter_allee,catboost,spring_2024,992,41,6.844181413094365,5.0,1.8441814130943648
landshuter_allee,catboost,spring_2024,993,41,6.681917447094506,5.0,1.6819174470945057
landshuter_allee,catboost,spring_2024,994,41,6.6996786750274255,4.0,2.6996786750274255
landshuter_allee,catboost,spring_2024,995,41,6.785183171210235,5.0,1.7851831712102353
landshuter_allee,catboost,spring_2024,996,41,6.957238787687735,4.0,2.957238787687735
landshuter_allee,catboost,spring_2024,997,41,9.421646936104514,7.0,2.421646936104514
landshuter_allee,catboost,spring_2024,998,41,9.152868898051784,8.0,1.1528688980517838
landshuter_allee,catboost,spring_2024,999,41,9.505293130254229,7.0,2.5052931302542287
landshuter_allee,catboost,spring_2024,1000,41,9.65665526240974,10.0,0.3433447375902592
landshuter_allee,catboost,spring_2024,1001,41,9.751636239576975,7.0,2.7516362395769747
landshuter_allee,catboost,spring_2024,1002,41,9.854085674705807,8.0,1.8540856747058072
landshuter_allee,catboost,spring_2024,1003,41,8.792248939642722,6.0,2.7922489396427217
landshuter_allee,catboost,spring_2024,1004,41,7.196895735530166,4.0,3.196895735530166
landshuter_allee,catboost,spring_2024,1005,41,5.1148669514420115,4.0,1.1148669514420115
landshuter_allee,catboost,spring_2024,1006,41,3.719787828101505,3.0,0.7197878281015049
landshuter_allee,catboost,spring_2024,1007,41,3.000755774623663,3.0,0.0007557746236628304
landshuter_allee,catboost,spring_2024,1008,42,2.3968989408710097,2.0,0.39689894087100974
landshuter_allee,catboost,spring_2024,1009,42,1.6717790532146513,1.0,0.6717790532146513
landshuter_allee,catboost,spring_2024,1010,42,1.4538539984237424,1.0,0.4538539984237424
landshuter_allee,catboost,spring_2024,1011,42,1.4275942044845493,1.0,0.4275942044845493
landshuter_allee,catboost,spring_2024,1012,42,2.0760542079111417,2.0,0.0760542079111417
landshuter_allee,catboost,spring_2024,1013,42,2.6976277081014945,3.0,0.30237229189850545
landshuter_allee,catboost,spring_2024,1014,42,3.422957804303377,3.0,0.42295780430337704
landshuter_allee,catboost,spring_2024,1015,42,3.653667751093269,3.0,0.6536677510932689
landshuter_allee,catboost,spring_2024,1016,42,4.332914089660492,3.0,1.332914089660492
landshuter_allee,catboost,spring_2024,1017,42,4.533798153750487,4.0,0.533798153750487
landshuter_allee,catboost,spring_2024,1018,42,5.015072231098895,5.0,0.015072231098894662
landshuter_allee,catboost,spring_2024,1019,42,6.0132593329386115,6.0,0.013259332938611479
landshuter_allee,catboost,spring_2024,1020,42,6.9144871553688425,7.0,0.08551284463115749
landshuter_allee,catboost,spring_2024,1021,42,7.555227247306241,7.0,0.5552272473062407
landshuter_allee,catboost,spring_2024,1022,42,8.508069043743944,8.0,0.5080690437439443
landshuter_allee,catboost,spring_2024,1023,42,9.704478340256156,9.0,0.7044783402561556
landshuter_allee,catboost,spring_2024,1024,42,10.632949750919023,11.0,0.36705024908097705
landshuter_allee,catboost,spring_2024,1025,42,12.419409690546951,14.0,1.580590309453049
landshuter_allee,catboost,spring_2024,1026,42,12.53474486387412,13.0,0.46525513612587943
landshuter_allee,catboost,spring_2024,1027,42,11.64139297305515,11.0,0.6413929730551509
landshuter_allee,catboost,spring_2024,1028,42,11.867690705202884,14.0,2.132309294797116
landshuter_allee,catboost,spring_2024,1029,42,11.660089459874001,10.0,1.6600894598740012
landshuter_allee,catboost,spring_2024,1030,42,10.00337804738861,8.0,2.00337804738861
landshuter_allee,catboost,spring_2024,1031,42,8.654275650263841,9.0,0.34572434973615884
landshuter_allee,catboost,spring_2024,1032,43,8.014251618849363,8.0,0.014251618849362657
landshuter_allee,catboost,spring_2024,1033,43,7.280347104168219,7.0,0.28034710416821884
landshuter_allee,catboost,spring_2024,1034,43,6.812145262822221,6.0,0.812145262822221
landshuter_allee,catboost,spring_2024,1035,43,6.56187402040298,6.0,0.5618740204029802
landshuter_allee,catboost,spring_2024,1036,43,6.397307077829756,5.0,1.3973070778297556
landshuter_allee,catboost,spring_2024,1037,43,6.416955461257286,5.0,1.4169554612572863
landshuter_allee,catboost,spring_2024,1038,43,6.381562509163584,5.0,1.381562509163584
landshuter_allee,catboost,spring_2024,1039,43,5.537302795259224,4.0,1.5373027952592242
landshuter_allee,catboost,spring_2024,1040,43,5.331007608295727,4.0,1.3310076082957272
landshuter_allee,catboost,spring_2024,1041,43,5.180108994824885,5.0,0.1801089948248853
landshuter_allee,catboost,spring_2024,1042,43,5.492320121172443,6.0,0.5076798788275569
landshuter_allee,catboost,spring_2024,1043,43,5.648177311939731,7.0,1.3518226880602686
landshuter_allee,catboost,spring_2024,1044,43,5.3411592527880005,6.0,0.6588407472119995
landshuter_allee,catboost,spring_2024,1045,43,5.221853231585266,6.0,0.7781467684147341
landshuter_allee,catboost,spring_2024,1046,43,4.986313769297548,4.0,0.9863137692975483
landshuter_allee,catboost,spring_2024,1047,43,4.98402523001686,3.0,1.9840252300168597
landshuter_allee,catboost,spring_2024,1048,43,4.883299592241443,3.0,1.8832995922414426
landshuter_allee,catboost,spring_2024,1049,43,4.923306895480358,3.0,1.9233068954803576
landshuter_allee,catboost,spring_2024,1050,43,5.540664065936775,4.0,1.5406640659367747
landshuter_allee,catboost,spring_2024,1051,43,6.50234269242256,6.0,0.5023426924225598
landshuter_allee,catboost,spring_2024,1052,43,9.078554797389913,8.0,1.0785547973899128
landshuter_allee,catboost,spring_2024,1053,43,10.871098976239976,9.0,1.871098976239976
landshuter_allee,catboost,spring_2024,1054,43,11.460678425673551,10.0,1.4606784256735512
landshuter_allee,catboost,spring_2024,1055,43,12.46576683493718,10.0,2.4657668349371793
landshuter_allee,catboost,summer_2024,0,0,3.8412675834705405,6.0,2.1587324165294595
landshuter_allee,catboost,summer_2024,1,0,4.302612695999038,5.0,0.6973873040009622
landshuter_allee,catboost,summer_2024,2,0,4.0547307438911275,4.0,0.05473074389112753
landshuter_allee,catboost,summer_2024,3,0,4.029145872919281,3.0,1.0291458729192806
landshuter_allee,catboost,summer_2024,4,0,4.529106896612277,3.0,1.5291068966122774
landshuter_allee,catboost,summer_2024,5,0,4.9512846758039135,4.0,0.9512846758039135
landshuter_allee,catboost,summer_2024,6,0,5.417345182143784,4.0,1.4173451821437837
landshuter_allee,catboost,summer_2024,7,0,5.297751657366602,4.0,1.297751657366602
landshuter_allee,catboost,summer_2024,8,0,5.199819359167746,4.0,1.199819359167746
landshuter_allee,catboost,summer_2024,9,0,5.6328897727919465,5.0,0.6328897727919465
landshuter_allee,catboost,summer_2024,10,0,6.119306997655065,6.0,0.11930699765506514
landshuter_allee,catboost,summer_2024,11,0,5.91700441681192,6.0,0.08299558318808042
landshuter_allee,catboost,summer_2024,12,0,5.385374807359133,4.0,1.385374807359133
landshuter_allee,catboost,summer_2024,13,0,5.3600581612734475,5.0,0.3600581612734475
landshuter_allee,catboost,summer_2024,14,0,5.028983309693088,4.0,1.0289833096930883
landshuter_allee,catboost,summer_2024,15,0,5.28044017616422,5.0,0.2804401761642197
landshuter_allee,catboost,summer_2024,16,0,5.661376145264334,6.0,0.33862385473566636
landshuter_allee,catboost,summer_2024,17,0,8.036041311844821,12.0,3.963958688155179
landshuter_allee,catboost,summer_2024,18,0,9.809494482884384,10.0,0.19050551711561603
landshuter_allee,catboost,summer_2024,19,0,9.561465163467458,7.0,2.5614651634674583
landshuter_allee,catboost,summer_2024,20,0,8.271536868531602,5.0,3.2715368685316015
landshuter_allee,catboost,summer_2024,21,0,7.168773324149503,4.0,3.1687733241495026
landshuter_allee,catboost,summer_2024,22,0,6.685251407197729,4.0,2.685251407197729
landshuter_allee,catboost,summer_2024,23,0,6.454476247577575,5.0,1.454476247577575
landshuter_allee,catboost,summer_2024,24,1,6.533178085260024,4.0,2.5331780852600243
landshuter_allee,catboost,summer_2024,25,1,6.552363719533226,5.0,1.5523637195332256
landshuter_allee,catboost,summer_2024,26,1,6.79049540283918,5.0,1.7904954028391797
landshuter_allee,catboost,summer_2024,27,1,7.550618105008595,6.0,1.5506181050085948
landshuter_allee,catboost,summer_2024,28,1,8.86756648994827,8.0,0.8675664899482705
landshuter_allee,catboost,summer_2024,29,1,10.027036695027062,9.0,1.0270366950270624
landshuter_allee,catboost,summer_2024,30,1,9.596983855282733,8.0,1.5969838552827333
landshuter_allee,catboost,summer_2024,31,1,8.994393538856059,7.0,1.994393538856059
landshuter_allee,catboost,summer_2024,32,1,8.034510653628868,5.0,3.0345106536288675
landshuter_allee,catboost,summer_2024,33,1,7.224663791895537,5.0,2.224663791895537
landshuter_allee,catboost,summer_2024,34,1,6.872429286510193,6.0,0.8724292865101928
landshuter_allee,catboost,summer_2024,35,1,6.393189929294284,4.0,2.3931899292942838
landshuter_allee,catboost,summer_2024,36,1,6.306241365918527,5.0,1.3062413659185266
landshuter_allee,catboost,summer_2024,37,1,6.318689912769967,6.0,0.31868991276996717
landshuter_allee,catboost,summer_2024,38,1,6.170807571589699,5.0,1.170807571589699
landshuter_allee,catboost,summer_2024,39,1,5.887348249598707,5.0,0.8873482495987073
landshuter_allee,catboost,summer_2024,40,1,5.938842850451606,5.0,0.9388428504516062
landshuter_allee,catboost,summer_2024,41,1,6.123770806380335,6.0,0.12377080638033533
landshuter_allee,catboost,summer_2024,42,1,6.086086961931903,6.0,0.0860869619319029
landshuter_allee,catboost,summer_2024,43,1,6.098518563561195,6.0,0.09851856356119537
landshuter_allee,catboost,summer_2024,44,1,6.20340169967461,6.0,0.2034016996746102
landshuter_allee,catboost,summer_2024,45,1,6.87640810605835,8.0,1.1235918939416498
landshuter_allee,catboost,summer_2024,46,1,7.326559560858958,7.0,0.326559560858958
landshuter_allee,catboost,summer_2024,47,1,6.531300617166369,6.0,0.5313006171663686
landshuter_allee,catboost,summer_2024,48,2,6.531103230029236,6.0,0.5311032300292364
landshuter_allee,catboost,summer_2024,49,2,6.172321406434309,5.0,1.1723214064343086
landshuter_allee,catboost,summer_2024,50,2,5.349452638218017,5.0,0.3494526382180174
landshuter_allee,catboost,summer_2024,51,2,4.847188926221546,4.0,0.8471889262215457
landshuter_allee,catboost,summer_2024,52,2,4.870657244308636,5.0,0.129342755691364
landshuter_allee,catboost,summer_2024,53,2,6.224569175751475,7.0,0.7754308242485246
landshuter_allee,catboost,summer_2024,54,2,6.416713903176372,6.0,0.4167139031763716
landshuter_allee,catboost,summer_2024,55,2,6.1290007610950274,5.0,1.1290007610950274
landshuter_allee,catboost,summer_2024,56,2,4.976434402496766,3.0,1.976434402496766
landshuter_allee,catboost,summer_2024,57,2,4.091774747306086,3.0,1.0917747473060864
landshuter_allee,catboost,summer_2024,58,2,4.350703946011851,4.0,0.3507039460118513
landshuter_allee,catboost,summer_2024,59,2,3.599572610835641,3.0,0.599572610835641
landshuter_allee,catboost,summer_2024,60,2,3.3671778379655963,2.0,1.3671778379655963
landshuter_allee,catboost,summer_2024,61,2,3.0806178353551097,3.0,0.08061783535510969
landshuter_allee,catboost,summer_2024,62,2,3.47277126694964,4.0,0.52722873305036
landshuter_allee,catboost,summer_2024,63,2,3.3845291233601023,5.0,1.6154708766398977
landshuter_allee,catboost,summer_2024,64,2,3.4902706472663922,5.0,1.5097293527336078
landshuter_allee,catboost,summer_2024,65,2,3.432594173699618,4.0,0.5674058263003818
landshuter_allee,catboost,summer_2024,66,2,3.739397436096219,5.0,1.260602563903781
landshuter_allee,catboost,summer_2024,67,2,4.742232419731615,5.0,0.25776758026838476
landshuter_allee,catboost,summer_2024,68,2,5.185977980848499,5.0,0.1859779808484987
landshuter_allee,catboost,summer_2024,69,2,5.089034231763739,5.0,0.0890342317637387
landshuter_allee,catboost,summer_2024,70,2,3.8652134848600808,3.0,0.8652134848600808
landshuter_allee,catboost,summer_2024,71,2,2.8430678384866237,2.0,0.8430678384866237
landshuter_allee,catboost,summer_2024,72,3,2.337533158692926,2.0,0.337533158692926
landshuter_allee,catboost,summer_2024,73,3,1.783226094131411,2.0,0.2167739058685889
landshuter_allee,catboost,summer_2024,74,3,1.7265397020703954,1.0,0.7265397020703954
landshuter_allee,catboost,summer_2024,75,3,1.666092789155984,2.0,0.333907210844016
landshuter_allee,catboost,summer_2024,76,3,2.125953161571003,2.0,0.12595316157100278
landshuter_allee,catboost,summer_2024,77,3,3.042111381404906,4.0,0.9578886185950939
landshuter_allee,catboost,summer_2024,78,3,3.9128730099809763,5.0,1.0871269900190237
landshuter_allee,catboost,summer_2024,79,3,4.506653305104011,5.0,0.4933466948959886
landshuter_allee,catboost,summer_2024,80,3,4.586069827519601,4.0,0.5860698275196006
landshuter_allee,catboost,summer_2024,81,3,4.485295802811079,4.0,0.48529580281107876
landshuter_allee,catboost,summer_2024,82,3,4.71315980066081,4.0,0.7131598006608098
landshuter_allee,catboost,summer_2024,83,3,4.9947594303771,4.0,0.9947594303771004
landshuter_allee,catboost,summer_2024,84,3,4.9021956999992815,4.0,0.9021956999992815
landshuter_allee,catboost,summer_2024,85,3,5.193905625165201,4.0,1.1939056251652014
landshuter_allee,catboost,summer_2024,86,3,5.306698770345259,5.0,0.3066987703452586
landshuter_allee,catboost,summer_2024,87,3,5.34745730757962,5.0,0.3474573075796199
landshuter_allee,catboost,summer_2024,88,3,5.078316316629204,4.0,1.0783163166292038
landshuter_allee,catboost,summer_2024,89,3,5.5704823883668855,6.0,0.4295176116331145
landshuter_allee,catboost,summer_2024,90,3,5.328784456635332,5.0,0.32878445663533196
landshuter_allee,catboost,summer_2024,91,3,5.05855873126793,5.0,0.05855873126793032
landshuter_allee,catboost,summer_2024,92,3,4.89224606512384,5.0,0.10775393487616025
landshuter_allee,catboost,summer_2024,93,3,4.42973386556112,4.0,0.42973386556112025
landshuter_allee,catboost,summer_2024,94,3,4.0660223277028145,4.0,0.06602232770281447
landshuter_allee,catboost,summer_2024,95,3,4.375930710206963,4.0,0.3759307102069629
landshuter_allee,catboost,summer_2024,96,4,4.15945088841164,3.0,1.15945088841164
landshuter_allee,catboost,summer_2024,97,4,4.106798059678677,3.0,1.1067980596786766
landshuter_allee,catboost,summer_2024,98,4,4.063168508795979,3.0,1.0631685087959788
landshuter_allee,catboost,summer_2024,99,4,4.292481631017787,3.0,1.292481631017787
landshuter_allee,catboost,summer_2024,100,4,4.658804341858019,3.0,1.6588043418580192
landshuter_allee,catboost,summer_2024,101,4,5.622938273227429,4.0,1.6229382732274287
landshuter_allee,catboost,summer_2024,102,4,6.103520492114197,5.0,1.103520492114197
landshuter_allee,catboost,summer_2024,103,4,6.185529043241187,5.0,1.1855290432411874
landshuter_allee,catboost,summer_2024,104,4,5.696321316836868,4.0,1.696321316836868
landshuter_allee,catboost,summer_2024,105,4,5.202622715418,3.0,2.2026227154180003
landshuter_allee,catboost,summer_2024,106,4,5.4538312565249845,4.0,1.4538312565249845
landshuter_allee,catboost,summer_2024,107,4,5.275764089880392,5.0,0.2757640898803917
landshuter_allee,catboost,summer_2024,108,4,5.600515023569489,5.0,0.6005150235694892
landshuter_allee,catboost,summer_2024,109,4,5.715797900249819,6.0,0.28420209975018107
landshuter_allee,catboost,summer_2024,110,4,6.011617067063473,7.0,0.9883829329365268
landshuter_allee,catboost,summer_2024,111,4,6.220552405502747,7.0,0.7794475944972534
landshuter_allee,catboost,summer_2024,112,4,6.497486869193402,8.0,1.502513130806598
landshuter_allee,catboost,summer_2024,113,4,6.994479709763325,6.0,0.9944797097633247
landshuter_allee,catboost,summer_2024,114,4,7.309029194262612,6.0,1.309029194262612
landshuter_allee,catboost,summer_2024,115,4,7.23021420622827,6.0,1.2302142062282702
landshuter_allee,catboost,summer_2024,116,4,7.355768518236918,6.0,1.3557685182369177
landshuter_allee,catboost,summer_2024,117,4,8.047310761867159,7.0,1.047310761867159
landshuter_allee,catboost,summer_2024,118,4,8.783365424071519,9.0,0.2166345759284809
landshuter_allee,catboost,summer_2024,119,4,8.851372763504678,8.0,0.8513727635046777
landshuter_allee,catboost,summer_2024,120,5,9.476598537429116,10.0,0.5234014625708845
landshuter_allee,catboost,summer_2024,121,5,9.445253222334879,11.0,1.5547467776651214
landshuter_allee,catboost,summer_2024,122,5,8.867103795722127,9.0,0.1328962042778734
landshuter_allee,catboost,summer_2024,123,5,8.527728701421328,9.0,0.4722712985786721
landshuter_allee,catboost,summer_2024,124,5,8.143715385291655,8.0,0.14371538529165484
landshuter_allee,catboost,summer_2024,125,5,8.010915372785362,9.0,0.9890846272146376
landshuter_allee,catboost,summer_2024,126,5,7.595949451506286,8.0,0.40405054849371425
landshuter_allee,catboost,summer_2024,127,5,7.285240887434392,8.0,0.7147591125656083
landshuter_allee,catboost,summer_2024,128,5,6.792221305624359,7.0,0.20777869437564078
landshuter_allee,catboost,summer_2024,129,5,6.9238263175807555,7.0,0.07617368241924449
landshuter_allee,catboost,summer_2024,130,5,7.221513879908668,7.0,0.22151387990866844
landshuter_allee,catboost,summer_2024,131,5,7.582914390737701,8.0,0.41708560926229943
landshuter_allee,catboost,summer_2024,132,5,7.954843877430007,8.0,0.045156122569992796
landshuter_allee,catboost,summer_2024,133,5,8.29161509979353,10.0,1.70838490020647
landshuter_allee,catboost,summer_2024,134,5,8.192552149336313,9.0,0.8074478506636869
landshuter_allee,catboost,summer_2024,135,5,9.07560601812472,10.0,0.92439398187528
landshuter_allee,catboost,summer_2024,136,5,11.7941503118291,13.0,1.2058496881709004
landshuter_allee,catboost,summer_2024,137,5,11.38303473521221,9.0,2.3830347352122097
landshuter_allee,catboost,summer_2024,138,5,11.083404254549608,9.0,2.083404254549608
landshuter_allee,catboost,summer_2024,139,5,9.660476223713093,8.0,1.6604762237130934
landshuter_allee,catboost,summer_2024,140,5,8.304117346640716,7.0,1.3041173466407159
landshuter_allee,catboost,summer_2024,141,5,7.634556875138873,6.0,1.6345568751388733
landshuter_allee,catboost,summer_2024,142,5,6.830757800097332,5.0,1.8307578000973317
landshuter_allee,catboost,summer_2024,143,5,5.459475763320008,3.0,2.4594757633200084
landshuter_allee,catboost,summer_2024,144,6,3.940072530514086,2.0,1.9400725305140858
landshuter_allee,catboost,summer_2024,145,6,3.277609535069317,1.0,2.277609535069317
landshuter_allee,catboost,summer_2024,146,6,2.8536735464527556,1.0,1.8536735464527556
landshuter_allee,catboost,summer_2024,147,6,3.441931544197768,2.0,1.441931544197768
landshuter_allee,catboost,summer_2024,148,6,3.7445998620790784,3.0,0.7445998620790784
landshuter_allee,catboost,summer_2024,149,6,4.256824022441392,3.0,1.2568240224413918
landshuter_allee,catboost,summer_2024,150,6,4.153161541674014,3.0,1.153161541674014
landshuter_allee,catboost,summer_2024,151,6,4.097850389043039,2.0,2.097850389043039
landshuter_allee,catboost,summer_2024,152,6,4.443565196734028,3.0,1.4435651967340277
landshuter_allee,catboost,summer_2024,153,6,4.748045698899228,3.0,1.7480456988992277
landshuter_allee,catboost,summer_2024,154,6,5.238986968500935,4.0,1.2389869685009351
landshuter_allee,catboost,summer_2024,155,6,5.431662594089855,4.0,1.4316625940898549
landshuter_allee,catboost,summer_2024,156,6,5.276613039638973,4.0,1.2766130396389732
landshuter_allee,catboost,summer_2024,157,6,5.04978183925826,4.0,1.0497818392582596
landshuter_allee,catboost,summer_2024,158,6,4.6362549113892575,3.0,1.6362549113892575
landshuter_allee,catboost,summer_2024,159,6,4.047898465424745,2.0,2.047898465424745
landshuter_allee,catboost,summer_2024,160,6,4.979457939688388,5.0,0.02054206031161243
landshuter_allee,catboost,summer_2024,161,6,5.355286681741597,4.0,1.355286681741597
landshuter_allee,catboost,summer_2024,162,6,5.254971147782719,3.0,2.254971147782719
landshuter_allee,catboost,summer_2024,163,6,5.529473957254881,3.0,2.529473957254881
landshuter_allee,catboost,summer_2024,164,6,5.491954351536228,3.0,2.4919543515362284
landshuter_allee,catboost,summer_2024,165,6,5.2613465902464505,3.0,2.2613465902464505
landshuter_allee,catboost,summer_2024,166,6,5.217847261015873,4.0,1.2178472610158728
landshuter_allee,catboost,summer_2024,167,6,5.502381730119852,5.0,0.5023817301198523
landshuter_allee,catboost,summer_2024,168,7,6.079625463690151,6.0,0.07962546369015122
landshuter_allee,catboost,summer_2024,169,7,6.006635460784986,5.0,1.0066354607849863
landshuter_allee,catboost,summer_2024,170,7,5.8912976596472015,5.0,0.8912976596472015
landshuter_allee,catboost,summer_2024,171,7,6.319146216771659,5.0,1.3191462167716592
landshuter_allee,catboost,summer_2024,172,7,6.9656135290269185,6.0,0.9656135290269185
landshuter_allee,catboost,summer_2024,173,7,7.802403495103029,6.0,1.8024034951030288
landshuter_allee,catboost,summer_2024,174,7,8.404033628253075,5.0,3.4040336282530745
landshuter_allee,catboost,summer_2024,175,7,8.12587777503264,6.0,2.12587777503264
landshuter_allee,catboost,summer_2024,176,7,6.684778616504643,4.0,2.6847786165046426
landshuter_allee,catboost,summer_2024,177,7,5.345742270163324,2.0,3.345742270163324
landshuter_allee,catboost,summer_2024,178,7,4.4719830575005455,2.0,2.4719830575005455
landshuter_allee,catboost,summer_2024,179,7,3.879567555374593,2.0,1.8795675553745932
landshuter_allee,catboost,summer_2024,180,7,3.7813556529116044,3.0,0.7813556529116044
landshuter_allee,catboost,summer_2024,181,7,3.8801620729721735,3.0,0.8801620729721735
landshuter_allee,catboost,summer_2024,182,7,3.8140390934951514,3.0,0.8140390934951514
landshuter_allee,catboost,summer_2024,183,7,4.193603242592788,5.0,0.806396757407212
landshuter_allee,catboost,summer_2024,184,7,4.680509747900399,6.0,1.3194902520996008
landshuter_allee,catboost,summer_2024,185,7,4.945336185796066,5.0,0.05466381420393418
landshuter_allee,catboost,summer_2024,186,7,5.318757878640264,5.0,0.3187578786402643
landshuter_allee,catboost,summer_2024,187,7,5.718722843457913,5.0,0.7187228434579129
landshuter_allee,catboost,summer_2024,188,7,6.639831891885311,9.0,2.3601681081146886
landshuter_allee,catboost,summer_2024,189,7,7.8973488642002,11.0,3.1026511357997997
landshuter_allee,catboost,summer_2024,190,7,8.446120407661265,10.0,1.5538795923387347
landshuter_allee,catboost,summer_2024,191,7,9.574044732638828,11.0,1.4259552673611715
landshuter_allee,catboost,summer_2024,192,8,10.41899327873663,13.0,2.5810067212633694
landshuter_allee,catboost,summer_2024,193,8,11.25441853416279,15.0,3.74558146583721
landshuter_allee,catboost,summer_2024,194,8,12.423392349998593,15.0,2.5766076500014066
landshuter_allee,catboost,summer_2024,195,8,12.490256492873852,13.0,0.5097435071261476
landshuter_allee,catboost,summer_2024,196,8,12.90534344177035,13.0,0.09465655822964969
landshuter_allee,catboost,summer_2024,197,8,12.728875508710608,12.0,0.7288755087106082
landshuter_allee,catboost,summer_2024,198,8,11.050828225583428,11.0,0.05082822558342848
landshuter_allee,catboost,summer_2024,199,8,8.796278097757181,7.0,1.796278097757181
landshuter_allee,catboost,summer_2024,200,8,7.370369317492523,7.0,0.3703693174925231
landshuter_allee,catboost,summer_2024,201,8,7.040778937736041,8.0,0.9592210622639588
landshuter_allee,catboost,summer_2024,202,8,7.347013812116705,9.0,1.652986187883295
landshuter_allee,catboost,summer_2024,203,8,7.373714357692252,7.0,0.37371435769225236
landshuter_allee,catboost,summer_2024,204,8,7.2913613328671065,7.0,0.2913613328671065
landshuter_allee,catboost,summer_2024,205,8,7.336447053094492,8.0,0.6635529469055079
landshuter_allee,catboost,summer_2024,206,8,7.36388132710807,8.0,0.6361186728919304
landshuter_allee,catboost,summer_2024,207,8,8.072655458627565,11.0,2.9273445413724346
landshuter_allee,catboost,summer_2024,208,8,9.234918945111064,13.0,3.7650810548889364
landshuter_allee,catboost,summer_2024,209,8,10.68836304196408,13.0,2.311636958035921
landshuter_allee,catboost,summer_2024,210,8,12.663595067083968,15.0,2.3364049329160324
landshuter_allee,catboost,summer_2024,211,8,13.763218789719689,16.0,2.236781210280311
landshuter_allee,catboost,summer_2024,212,8,14.402245835928792,15.0,0.5977541640712083
landshuter_allee,catboost,summer_2024,213,8,14.996803053883177,16.0,1.003196946116823
landshuter_allee,catboost,summer_2024,214,8,17.867337195845327,21.0,3.1326628041546734
landshuter_allee,catboost,summer_2024,215,8,19.59743845759162,18.0,1.5974384575916183
landshuter_allee,catboost,summer_2024,216,9,18.124699085268567,16.0,2.124699085268567
landshuter_allee,catboost,summer_2024,217,9,16.493366653408827,15.0,1.4933666534088275
landshuter_allee,catboost,summer_2024,218,9,15.0659488437818,16.0,0.9340511562181995
landshuter_allee,catboost,summer_2024,219,9,15.74374584502937,19.0,3.2562541549706303
landshuter_allee,catboost,summer_2024,220,9,15.749508180147203,17.0,1.2504918198527974
landshuter_allee,catboost,summer_2024,221,9,15.399426793126434,15.0,0.3994267931264339
landshuter_allee,catboost,summer_2024,222,9,13.915470731205877,12.0,1.9154707312058772
landshuter_allee,catboost,summer_2024,223,9,11.778062555490362,10.0,1.7780625554903615
landshuter_allee,catboost,summer_2024,224,9,10.481815238818172,10.0,0.48181523881817157
landshuter_allee,catboost,summer_2024,225,9,10.696959957812119,11.0,0.30304004218788094
landshuter_allee,catboost,summer_2024,226,9,9.98457749615924,11.0,1.0154225038407603
landshuter_allee,catboost,summer_2024,227,9,9.106184531432504,8.0,1.106184531432504
landshuter_allee,catboost,summer_2024,228,9,8.526498379499516,8.0,0.5264983794995164
landshuter_allee,catboost,summer_2024,229,9,8.597133684260164,9.0,0.40286631573983556
landshuter_allee,catboost,summer_2024,230,9,9.098758175744873,9.0,0.098758175744873
landshuter_allee,catboost,summer_2024,231,9,9.376517505443875,10.0,0.623482494556125
landshuter_allee,catboost,summer_2024,232,9,11.113638718754132,12.0,0.8863612812458683
landshuter_allee,catboost,summer_2024,233,9,11.195438123928518,10.0,1.1954381239285183
landshuter_allee,catboost,summer_2024,234,9,10.782906055329052,8.0,2.782906055329052
landshuter_allee,catboost,summer_2024,235,9,10.04411104144893,9.0,1.0441110414489305
landshuter_allee,catboost,summer_2024,236,9,10.124666770228105,11.0,0.8753332297718952
landshuter_allee,catboost,summer_2024,237,9,10.437949751063258,10.0,0.4379497510632575
landshuter_allee,catboost,summer_2024,238,9,9.698236926871209,8.0,1.6982369268712088
landshuter_allee,catboost,summer_2024,239,9,8.595883712319832,8.0,0.5958837123198322
landshuter_allee,catboost,summer_2024,240,10,7.960460327652651,7.0,0.9604603276526511
landshuter_allee,catboost,summer_2024,241,10,7.783391689373257,5.0,2.783391689373257
landshuter_allee,catboost,summer_2024,242,10,7.6353490828582125,5.0,2.6353490828582125
landshuter_allee,catboost,summer_2024,243,10,7.561299113366312,5.0,2.561299113366312
landshuter_allee,catboost,summer_2024,244,10,8.490362686989712,7.0,1.4903626869897124
landshuter_allee,catboost,summer_2024,245,10,9.819311969925803,7.0,2.8193119699258027
landshuter_allee,catboost,summer_2024,246,10,10.61374052343101,9.0,1.6137405234310105
landshuter_allee,catboost,summer_2024,247,10,10.816887872151023,13.0,2.183112127848977
landshuter_allee,catboost,summer_2024,248,10,12.484096096279464,15.0,2.5159039037205364
landshuter_allee,catboost,summer_2024,249,10,13.64167096565993,13.0,0.6416709656599302
landshuter_allee,catboost,summer_2024,250,10,13.087050601822574,11.0,2.0870506018225736
landshuter_allee,catboost,summer_2024,251,10,12.642409828001135,13.0,0.357590171998865
landshuter_allee,catboost,summer_2024,252,10,11.882890806391924,11.0,0.8828908063919236
landshuter_allee,catboost,summer_2024,253,10,10.889267419615308,9.0,1.889267419615308
landshuter_allee,catboost,summer_2024,254,10,9.556429780109639,8.0,1.5564297801096387
landshuter_allee,catboost,summer_2024,255,10,8.53633741775634,8.0,0.5363374177563394
landshuter_allee,catboost,summer_2024,256,10,8.086967002626285,7.0,1.0869670026262845
landshuter_allee,catboost,summer_2024,257,10,7.823222113609857,7.0,0.823222113609857
landshuter_allee,catboost,summer_2024,258,10,7.680955435417247,8.0,0.3190445645827529
landshuter_allee,catboost,summer_2024,259,10,7.956662638466586,8.0,0.043337361533414054
landshuter_allee,catboost,summer_2024,260,10,8.572484240572502,10.0,1.4275157594274983
landshuter_allee,catboost,summer_2024,261,10,9.415856954755007,12.0,2.5841430452449927
landshuter_allee,catboost,summer_2024,262,10,9.771428572993663,14.0,4.228571427006337
landshuter_allee,catboost,summer_2024,263,10,8.681313077176977,9.0,0.3186869228230229
landshuter_allee,catboost,summer_2024,264,11,8.37184109375534,9.0,0.6281589062446606
landshuter_allee,catboost,summer_2024,265,11,8.26884739013407,10.0,1.73115260986593
landshuter_allee,catboost,summer_2024,266,11,9.297438677308266,11.0,1.702561322691734
landshuter_allee,catboost,summer_2024,267,11,9.74729770406676,9.0,0.7472977040667601
landshuter_allee,catboost,summer_2024,268,11,10.36620115109412,10.0,0.36620115109412055
landshuter_allee,catboost,summer_2024,269,11,9.911896059868532,11.0,1.088103940131468
landshuter_allee,catboost,summer_2024,270,11,8.168486111827452,7.0,1.1684861118274519
landshuter_allee,catboost,summer_2024,271,11,7.728750077660324,8.0,0.2712499223396758
landshuter_allee,catboost,summer_2024,272,11,8.005105457608275,9.0,0.9948945423917248
landshuter_allee,catboost,summer_2024,273,11,7.860594569140668,8.0,0.1394054308593322
landshuter_allee,catboost,summer_2024,274,11,7.789603511496701,9.0,1.2103964885032994
landshuter_allee,catboost,summer_2024,275,11,6.799074504680416,6.0,0.7990745046804157
landshuter_allee,catboost,summer_2024,276,11,5.902316130581433,4.0,1.9023161305814327
landshuter_allee,catboost,summer_2024,277,11,5.036089780958537,4.0,1.0360897809585374
landshuter_allee,catboost,summer_2024,278,11,5.060334813829368,4.0,1.0603348138293676
landshuter_allee,catboost,summer_2024,279,11,4.567170355152158,4.0,0.5671703551521583
landshuter_allee,catboost,summer_2024,280,11,4.074608894176538,3.0,1.0746088941765377
landshuter_allee,catboost,summer_2024,281,11,4.474479526001849,4.0,0.47447952600184884
landshuter_allee,catboost,summer_2024,282,11,4.559081270115912,4.0,0.5590812701159118
landshuter_allee,catboost,summer_2024,283,11,4.123154718919128,4.0,0.12315471891912821
landshuter_allee,catboost,summer_2024,284,11,4.18466754225599,5.0,0.8153324577440104
landshuter_allee,catboost,summer_2024,285,11,3.907503207466716,4.0,0.09249679253328402
landshuter_allee,catboost,summer_2024,286,11,3.302766445793031,3.0,0.302766445793031
landshuter_allee,catboost,summer_2024,287,11,2.949035087034259,3.0,0.050964912965740794
landshuter_allee,catboost,summer_2024,288,12,2.761237461081052,3.0,0.23876253891894805
landshuter_allee,catboost,summer_2024,289,12,2.7405294291234874,2.0,0.7405294291234874
landshuter_allee,catboost,summer_2024,290,12,2.8740569907232736,2.0,0.8740569907232736
landshuter_allee,catboost,summer_2024,291,12,2.728472904185688,2.0,0.7284729041856881
landshuter_allee,catboost,summer_2024,292,12,2.9367843814748973,2.0,0.9367843814748973
landshuter_allee,catboost,summer_2024,293,12,3.3708430508769602,2.0,1.3708430508769602
landshuter_allee,catboost,summer_2024,294,12,3.1986572127045205,2.0,1.1986572127045205
landshuter_allee,catboost,summer_2024,295,12,2.920666130616791,2.0,0.9206661306167909
landshuter_allee,catboost,summer_2024,296,12,3.661896038728602,3.0,0.6618960387286021
landshuter_allee,catboost,summer_2024,297,12,4.127105160299459,4.0,0.12710516029945929
landshuter_allee,catboost,summer_2024,298,12,4.244896151903552,5.0,0.7551038480964483
landshuter_allee,catboost,summer_2024,299,12,4.443731777292491,5.0,0.5562682227075086
landshuter_allee,catboost,summer_2024,300,12,4.661215420489204,5.0,0.3387845795107962
landshuter_allee,catboost,summer_2024,301,12,5.165384618777806,5.0,0.1653846187778063
landshuter_allee,catboost,summer_2024,302,12,5.987248442572398,6.0,0.01275155742760159
landshuter_allee,catboost,summer_2024,303,12,6.120511332429201,5.0,1.120511332429201
landshuter_allee,catboost,summer_2024,304,12,6.138968043070781,5.0,1.138968043070781
landshuter_allee,catboost,summer_2024,305,12,6.255865003550785,6.0,0.25586500355078456
landshuter_allee,catboost,summer_2024,306,12,7.160167752443856,7.0,0.16016775244385606
landshuter_allee,catboost,summer_2024,307,12,8.044258320011348,8.0,0.04425832001134822
landshuter_allee,catboost,summer_2024,308,12,7.808096669890874,6.0,1.8080966698908743
landshuter_allee,catboost,summer_2024,309,12,7.278748639927074,6.0,1.2787486399270742
landshuter_allee,catboost,summer_2024,310,12,6.753305045248113,6.0,0.7533050452481129
landshuter_allee,catboost,summer_2024,311,12,7.589223894741849,9.0,1.410776105258151
landshuter_allee,catboost,summer_2024,312,13,7.463360883339497,9.0,1.5366391166605027
landshuter_allee,catboost,summer_2024,313,13,7.528371099663604,6.0,1.5283710996636044
landshuter_allee,catboost,summer_2024,314,13,7.470279228728058,6.0,1.4702792287280584
landshuter_allee,catboost,summer_2024,315,13,7.263183959817333,6.0,1.263183959817333
landshuter_allee,catboost,summer_2024,316,13,7.582167444430565,6.0,1.5821674444305653
landshuter_allee,catboost,summer_2024,317,13,7.8453811339447,7.0,0.8453811339447004
landshuter_allee,catboost,summer_2024,318,13,7.808757457832145,6.0,1.8087574578321446
landshuter_allee,catboost,summer_2024,319,13,7.246259228364382,6.0,1.2462592283643819
landshuter_allee,catboost,summer_2024,320,13,6.652519504412629,5.0,1.6525195044126288
landshuter_allee,catboost,summer_2024,321,13,5.836324978644376,5.0,0.8363249786443756
landshuter_allee,catboost,summer_2024,322,13,5.61013840350981,5.0,0.6101384035098096
landshuter_allee,catboost,summer_2024,323,13,5.084122097536293,5.0,0.08412209753629263
landshuter_allee,catboost,summer_2024,324,13,5.416398538694398,6.0,0.5836014613056024
landshuter_allee,catboost,summer_2024,325,13,5.45142140352929,6.0,0.5485785964707102
landshuter_allee,catboost,summer_2024,326,13,5.221772522025688,6.0,0.7782274779743119
landshuter_allee,catboost,summer_2024,327,13,5.158254764934221,6.0,0.8417452350657788
landshuter_allee,catboost,summer_2024,328,13,4.990073394014744,5.0,0.009926605985255854
landshuter_allee,catboost,summer_2024,329,13,5.179169848851813,6.0,0.8208301511481872
landshuter_allee,catboost,summer_2024,330,13,5.412701841458624,6.0,0.5872981585413761
landshuter_allee,catboost,summer_2024,331,13,6.176381681553023,8.0,1.823618318446977
landshuter_allee,catboost,summer_2024,332,13,6.62558341996805,8.0,1.3744165800319497
landshuter_allee,catboost,summer_2024,333,13,6.6325140765356485,7.0,0.3674859234643515
landshuter_allee,catboost,summer_2024,334,13,6.518888693293059,7.0,0.481111306706941
landshuter_allee,catboost,summer_2024,335,13,7.0700970306911115,8.0,0.9299029693088885
landshuter_allee,catboost,summer_2024,336,14,7.128462945203454,7.0,0.12846294520345403
landshuter_allee,catboost,summer_2024,337,14,6.904229710707128,6.0,0.9042297107071278
landshuter_allee,catboost,summer_2024,338,14,7.267180314961172,7.0,0.26718031496117156
landshuter_allee,catboost,summer_2024,339,14,7.217954152871146,6.0,1.2179541528711457
landshuter_allee,catboost,summer_2024,340,14,7.726929839455453,7.0,0.7269298394554529
landshuter_allee,catboost,summer_2024,341,14,8.736723645209734,9.0,0.2632763547902659
landshuter_allee,catboost,summer_2024,342,14,8.690652829285659,8.0,0.6906528292856589
landshuter_allee,catboost,summer_2024,343,14,7.984022741934699,7.0,0.984022741934699
landshuter_allee,catboost,summer_2024,344,14,7.848354404430962,6.0,1.848354404430962
landshuter_allee,catboost,summer_2024,345,14,7.259969208195421,6.0,1.2599692081954208
landshuter_allee,catboost,summer_2024,346,14,7.381919701769312,6.0,1.381919701769312
landshuter_allee,catboost,summer_2024,347,14,7.583262166360633,7.0,0.5832621663606332
landshuter_allee,catboost,summer_2024,348,14,7.833330983786089,8.0,0.16666901621391084
landshuter_allee,catboost,summer_2024,349,14,7.969007625659858,8.0,0.030992374340142348
landshuter_allee,catboost,summer_2024,350,14,8.393749314466572,9.0,0.6062506855334284
landshuter_allee,catboost,summer_2024,351,14,8.492840162468262,9.0,0.5071598375317379
landshuter_allee,catboost,summer_2024,352,14,8.990724468636305,9.0,0.009275531363694967
landshuter_allee,catboost,summer_2024,353,14,9.612199832711685,11.0,1.3878001672883151
landshuter_allee,catboost,summer_2024,354,14,10.158691389523154,11.0,0.8413086104768457
landshuter_allee,catboost,summer_2024,355,14,10.879716156826282,11.0,0.1202838431737181
landshuter_allee,catboost,summer_2024,356,14,11.258577330756832,11.0,0.2585773307568324
landshuter_allee,catboost,summer_2024,357,14,11.884833078775138,11.0,0.884833078775138
landshuter_allee,catboost,summer_2024,358,14,11.710536115867427,12.0,0.28946388413257296
landshuter_allee,catboost,summer_2024,359,14,10.460051334234407,11.0,0.5399486657655928
landshuter_allee,catboost,summer_2024,360,15,8.014745123133668,9.0,0.9852548768663318
landshuter_allee,catboost,summer_2024,361,15,6.586846979177523,7.0,0.4131530208224774
landshuter_allee,catboost,summer_2024,362,15,6.2165317106215054,7.0,0.7834682893784946
landshuter_allee,catboost,summer_2024,363,15,6.2717803105757906,8.0,1.7282196894242094
landshuter_allee,catboost,summer_2024,364,15,7.350311300041041,8.0,0.6496886999589586
landshuter_allee,catboost,summer_2024,365,15,7.794115466567348,9.0,1.205884533432652
landshuter_allee,catboost,summer_2024,366,15,8.129916483154307,11.0,2.8700835168456926
landshuter_allee,catboost,summer_2024,367,15,8.444802529649298,9.0,0.5551974703507021
landshuter_allee,catboost,summer_2024,368,15,8.083746303746548,7.0,1.0837463037465476
landshuter_allee,catboost,summer_2024,369,15,7.896785088822787,9.0,1.1032149111772132
landshuter_allee,catboost,summer_2024,370,15,7.8678982348532776,10.0,2.1321017651467224
landshuter_allee,catboost,summer_2024,371,15,7.233669532437691,7.0,0.23366953243769117
landshuter_allee,catboost,summer_2024,372,15,6.5928798901083345,6.0,0.5928798901083345
landshuter_allee,catboost,summer_2024,373,15,6.290574598750751,6.0,0.29057459875075065
landshuter_allee,catboost,summer_2024,374,15,6.055643524563386,6.0,0.05564352456338639
landshuter_allee,catboost,summer_2024,375,15,5.487968664360015,6.0,0.5120313356399846
landshuter_allee,catboost,summer_2024,376,15,5.374210377891919,6.0,0.6257896221080808
landshuter_allee,catboost,summer_2024,377,15,5.957208633910427,8.0,2.042791366089573
landshuter_allee,catboost,summer_2024,378,15,6.40957926409877,8.0,1.5904207359012297
landshuter_allee,catboost,summer_2024,379,15,6.950449603348856,8.0,1.049550396651144
landshuter_allee,catboost,summer_2024,380,15,7.870825888471844,8.0,0.1291741115281564
landshuter_allee,catboost,summer_2024,381,15,8.899345379382932,10.0,1.1006546206170675
landshuter_allee,catboost,summer_2024,382,15,8.55918021749098,6.0,2.5591802174909795
landshuter_allee,catboost,summer_2024,383,15,7.161416227410255,6.0,1.161416227410255
landshuter_allee,catboost,summer_2024,384,16,6.351185026179939,7.0,0.6488149738200608
landshuter_allee,catboost,summer_2024,385,16,5.96991499435424,6.0,0.03008500564576
landshuter_allee,catboost,summer_2024,386,16,6.005648605215611,5.0,1.0056486052156108
landshuter_allee,catboost,summer_2024,387,16,5.560979275866284,4.0,1.5609792758662842
landshuter_allee,catboost,summer_2024,388,16,5.327352488849661,4.0,1.3273524888496606
landshuter_allee,catboost,summer_2024,389,16,5.364540286013944,3.0,2.364540286013944
landshuter_allee,catboost,summer_2024,390,16,5.242094392500143,3.0,2.2420943925001433
landshuter_allee,catboost,summer_2024,391,16,5.098889593832248,4.0,1.098889593832248
landshuter_allee,catboost,summer_2024,392,16,5.213092320734218,4.0,1.2130923207342184
landshuter_allee,catboost,summer_2024,393,16,5.175361843564,4.0,1.1753618435639996
landshuter_allee,catboost,summer_2024,394,16,5.05521822968213,5.0,0.05521822968213019
landshuter_allee,catboost,summer_2024,395,16,5.276086933941475,4.0,1.2760869339414747
landshuter_allee,catboost,summer_2024,396,16,5.287490253381818,4.0,1.2874902533818178
landshuter_allee,catboost,summer_2024,397,16,5.472408106704004,5.0,0.47240810670400357
landshuter_allee,catboost,summer_2024,398,16,5.749598982094792,5.0,0.7495989820947919
landshuter_allee,catboost,summer_2024,399,16,6.178261637843658,6.0,0.1782616378436579
landshuter_allee,catboost,summer_2024,400,16,6.263123394947579,6.0,0.26312339494757886
landshuter_allee,catboost,summer_2024,401,16,6.818886119835562,6.0,0.8188861198355619
landshuter_allee,catboost,summer_2024,402,16,7.430366087146596,6.0,1.430366087146596
landshuter_allee,catboost,summer_2024,403,16,7.636239241869488,7.0,0.6362392418694878
landshuter_allee,catboost,summer_2024,404,16,8.243088808422016,7.0,1.2430888084220157
landshuter_allee,catboost,summer_2024,405,16,8.574834979064843,8.0,0.5748349790648426
landshuter_allee,catboost,summer_2024,406,16,8.796463364533647,8.0,0.796463364533647
landshuter_allee,catboost,summer_2024,407,16,8.328716644558472,7.0,1.3287166445584724
landshuter_allee,catboost,summer_2024,408,17,8.62964927847544,9.0,0.3703507215245594
landshuter_allee,catboost,summer_2024,409,17,9.684223477791882,10.0,0.31577652220811814
landshuter_allee,catboost,summer_2024,410,17,10.64607095117315,10.0,0.6460709511731508
landshuter_allee,catboost,summer_2024,411,17,11.25469692958239,9.0,2.2546969295823907
landshuter_allee,catboost,summer_2024,412,17,12.079654858447666,9.0,3.0796548584476664
landshuter_allee,catboost,summer_2024,413,17,12.411770588637452,10.0,2.4117705886374523
landshuter_allee,catboost,summer_2024,414,17,11.171602659187725,9.0,2.171602659187725
landshuter_allee,catboost,summer_2024,415,17,9.754090968805098,7.0,2.754090968805098
landshuter_allee,catboost,summer_2024,416,17,8.238607418889767,6.0,2.2386074188897673
landshuter_allee,catboost,summer_2024,417,17,7.6831532403128175,6.0,1.6831532403128175
landshuter_allee,catboost,summer_2024,418,17,7.641389837477467,8.0,0.35861016252253286
landshuter_allee,catboost,summer_2024,419,17,8.09338219909943,9.0,0.9066178009005696
landshuter_allee,catboost,summer_2024,420,17,7.930458635889563,8.0,0.06954136411043699
landshuter_allee,catboost,summer_2024,421,17,7.891376313726983,8.0,0.10862368627301677
landshuter_allee,catboost,summer_2024,422,17,7.7532695575198805,8.0,0.24673044248011955
landshuter_allee,catboost,summer_2024,423,17,8.23497415412976,9.0,0.7650258458702393
landshuter_allee,catboost,summer_2024,424,17,8.713581760555446,10.0,1.2864182394445542
landshuter_allee,catboost,summer_2024,425,17,8.786529043948295,8.0,0.7865290439482955
landshuter_allee,catboost,summer_2024,426,17,8.790786493811865,8.0,0.7907864938118649
landshuter_allee,catboost,summer_2024,427,17,9.427481551493688,9.0,0.42748155149368827
landshuter_allee,catboost,summer_2024,428,17,10.100761930353864,9.0,1.1007619303538636
landshuter_allee,catboost,summer_2024,429,17,11.821549478561897,12.0,0.17845052143810314
landshuter_allee,catboost,summer_2024,430,17,13.577034182216064,15.0,1.4229658177839362
landshuter_allee,catboost,summer_2024,431,17,14.421548537986633,15.0,0.5784514620133674
landshuter_allee,catboost,summer_2024,432,18,15.373048898925585,15.0,0.37304889892558535
landshuter_allee,catboost,summer_2024,433,18,16.050886620096325,15.0,1.0508866200963247
landshuter_allee,catboost,summer_2024,434,18,15.732433049828781,15.0,0.7324330498287814
landshuter_allee,catboost,summer_2024,435,18,16.60140721504908,15.0,1.601407215049079
landshuter_allee,catboost,summer_2024,436,18,17.04827620150168,15.0,2.048276201501679
landshuter_allee,catboost,summer_2024,437,18,17.39198327922786,17.0,0.39198327922785836
landshuter_allee,catboost,summer_2024,438,18,17.960303074912346,18.0,0.03969692508765377
landshuter_allee,catboost,summer_2024,439,18,16.4328060723469,15.0,1.4328060723468994
landshuter_allee,catboost,summer_2024,440,18,14.341265953969806,12.0,2.341265953969806
landshuter_allee,catboost,summer_2024,441,18,13.719589330339819,12.0,1.7195893303398186
landshuter_allee,catboost,summer_2024,442,18,12.539565672617481,11.0,1.5395656726174813
landshuter_allee,catboost,summer_2024,443,18,12.130024037233945,12.0,0.1300240372339445
landshuter_allee,catboost,summer_2024,444,18,12.434649363515387,12.0,0.43464936351538697
landshuter_allee,catboost,summer_2024,445,18,12.36276556294442,12.0,0.36276556294441953
landshuter_allee,catboost,summer_2024,446,18,11.889647275263352,11.0,0.8896472752633517
landshuter_allee,catboost,summer_2024,447,18,11.064362357748903,10.0,1.0643623577489034
landshuter_allee,catboost,summer_2024,448,18,11.152102284887459,11.0,0.1521022848874587
landshuter_allee,catboost,summer_2024,449,18,11.832763774449013,11.0,0.8327637744490133
landshuter_allee,catboost,summer_2024,450,18,12.535814911458338,13.0,0.46418508854166163
landshuter_allee,catboost,summer_2024,451,18,13.276256387243482,14.0,0.7237436127565182
landshuter_allee,catboost,summer_2024,452,18,15.706975972635414,16.0,0.2930240273645861
landshuter_allee,catboost,summer_2024,453,18,17.29580739819876,17.0,0.295807398198761
landshuter_allee,catboost,summer_2024,454,18,15.729736414893761,16.0,0.27026358510623893
landshuter_allee,catboost,summer_2024,455,18,12.60034902667217,11.0,1.6003490266721698
landshuter_allee,catboost,summer_2024,456,19,10.790781067314052,12.0,1.209218932685948
landshuter_allee,catboost,summer_2024,457,19,9.999890643226223,12.0,2.000109356773777
landshuter_allee,catboost,summer_2024,458,19,10.399239415120954,12.0,1.6007605848790458
landshuter_allee,catboost,summer_2024,459,19,10.508427097671959,12.0,1.4915729023280413
landshuter_allee,catboost,summer_2024,460,19,10.43858517147584,12.0,1.5614148285241605
landshuter_allee,catboost,summer_2024,461,19,10.76716050664377,13.0,2.2328394933562308
landshuter_allee,catboost,summer_2024,462,19,10.835517585883299,13.0,2.1644824141167014
landshuter_allee,catboost,summer_2024,463,19,10.297492579305656,13.0,2.702507420694344
landshuter_allee,catboost,summer_2024,464,19,10.116792458533284,11.0,0.8832075414667155
landshuter_allee,catboost,summer_2024,465,19,10.038771703365423,12.0,1.9612282966345767
landshuter_allee,catboost,summer_2024,466,19,10.036067985335624,11.0,0.9639320146643762
landshuter_allee,catboost,summer_2024,467,19,10.32502186074342,11.0,0.6749781392565808
landshuter_allee,catboost,summer_2024,468,19,10.776766730464738,11.0,0.22323326953526212
landshuter_allee,catboost,summer_2024,469,19,10.758574619778305,11.0,0.24142538022169546
landshuter_allee,catboost,summer_2024,470,19,12.19536051473241,14.0,1.8046394852675895
landshuter_allee,catboost,summer_2024,471,19,12.545919623741504,15.0,2.4540803762584957
landshuter_allee,catboost,summer_2024,472,19,12.154276057399217,13.0,0.8457239426007828
landshuter_allee,catboost,summer_2024,473,19,12.797677248056813,15.0,2.2023227519431874
landshuter_allee,catboost,summer_2024,474,19,13.440572229733819,15.0,1.559427770266181
landshuter_allee,catboost,summer_2024,475,19,14.197894492846835,15.0,0.8021055071531649
landshuter_allee,catboost,summer_2024,476,19,13.830522952337482,13.0,0.830522952337482
landshuter_allee,catboost,summer_2024,477,19,13.091862427856073,13.0,0.09186242785607313
landshuter_allee,catboost,summer_2024,478,19,12.799381105492746,14.0,1.2006188945072545
landshuter_allee,catboost,summer_2024,479,19,13.29523992441365,13.0,0.2952399244136501
landshuter_allee,catboost,summer_2024,480,20,13.277175029239388,14.0,0.7228249707606125
landshuter_allee,catboost,summer_2024,481,20,13.63583986234603,15.0,1.36416013765397
landshuter_allee,catboost,summer_2024,482,20,13.889794067879162,16.0,2.110205932120838
landshuter_allee,catboost,summer_2024,483,20,14.357340555554718,15.0,0.6426594444452824
landshuter_allee,catboost,summer_2024,484,20,14.47426758365425,15.0,0.5257324163457504
landshuter_allee,catboost,summer_2024,485,20,14.23879188520756,14.0,0.23879188520755967
landshuter_allee,catboost,summer_2024,486,20,12.667176339036395,14.0,1.332823660963605
landshuter_allee,catboost,summer_2024,487,20,10.31281192443708,13.0,2.6871880755629203
landshuter_allee,catboost,summer_2024,488,20,9.791999763570526,12.0,2.2080002364294735
landshuter_allee,catboost,summer_2024,489,20,10.350977953982243,13.0,2.649022046017757
landshuter_allee,catboost,summer_2024,490,20,11.546383712298494,14.0,2.4536162877015055
landshuter_allee,catboost,summer_2024,491,20,12.107878200322046,13.0,0.8921217996779536
landshuter_allee,catboost,summer_2024,492,20,12.428371274762235,14.0,1.5716287252377654
landshuter_allee,catboost,summer_2024,493,20,12.413372084203063,12.0,0.41337208420306304
landshuter_allee,catboost,summer_2024,494,20,12.353217762545224,13.0,0.6467822374547758
landshuter_allee,catboost,summer_2024,495,20,11.979487698005876,12.0,0.020512301994124016
landshuter_allee,catboost,summer_2024,496,20,12.121196168067605,12.0,0.12119616806760547
landshuter_allee,catboost,summer_2024,497,20,11.324380441021567,11.0,0.3243804410215674
landshuter_allee,catboost,summer_2024,498,20,9.003728204707036,6.0,3.003728204707036
landshuter_allee,catboost,summer_2024,499,20,8.139291897950653,8.0,0.13929189795065255
landshuter_allee,catboost,summer_2024,500,20,7.831310721602835,8.0,0.1686892783971654
landshuter_allee,catboost,summer_2024,501,20,6.741232373360047,6.0,0.741232373360047
landshuter_allee,catboost,summer_2024,502,20,5.473287046349927,6.0,0.5267129536500734
landshuter_allee,catboost,summer_2024,503,20,4.389594273251932,7.0,2.610405726748068
landshuter_allee,catboost,summer_2024,504,21,3.679229393914383,4.0,0.3207706060856168
landshuter_allee,catboost,summer_2024,505,21,3.0325835291593357,2.0,1.0325835291593357
landshuter_allee,catboost,summer_2024,506,21,2.325779251211772,2.0,0.3257792512117721
landshuter_allee,catboost,summer_2024,507,21,2.0285616502867647,2.0,0.028561650286764717
landshuter_allee,catboost,summer_2024,508,21,2.4345877255119817,2.0,0.43458772551198166
landshuter_allee,catboost,summer_2024,509,21,2.9930088123309524,4.0,1.0069911876690476
landshuter_allee,catboost,summer_2024,510,21,3.6659881391476876,5.0,1.3340118608523124
landshuter_allee,catboost,summer_2024,511,21,4.3045803185572415,6.0,1.6954196814427585
landshuter_allee,catboost,summer_2024,512,21,5.0042792425711085,7.0,1.9957207574288915
landshuter_allee,catboost,summer_2024,513,21,5.790299058945472,7.0,1.2097009410545283
landshuter_allee,catboost,summer_2024,514,21,6.389086471642967,7.0,0.6109135283570328
landshuter_allee,catboost,summer_2024,515,21,6.862550912414611,8.0,1.1374490875853889
landshuter_allee,catboost,summer_2024,516,21,7.140456099431785,7.0,0.14045609943178494
landshuter_allee,catboost,summer_2024,517,21,8.277193109302617,10.0,1.7228068906973828
landshuter_allee,catboost,summer_2024,518,21,7.915871145128774,9.0,1.084128854871226
landshuter_allee,catboost,summer_2024,519,21,8.109274874348143,10.0,1.8907251256518567
landshuter_allee,catboost,summer_2024,520,21,8.855933215299512,12.0,3.144066784700488
landshuter_allee,catboost,summer_2024,521,21,9.25754826063826,11.0,1.7424517393617407
landshuter_allee,catboost,summer_2024,522,21,9.515295207635061,10.0,0.4847047923649388
landshuter_allee,catboost,summer_2024,523,21,8.76142282358597,8.0,0.7614228235859706
landshuter_allee,catboost,summer_2024,524,21,8.115856249594724,7.0,1.1158562495947244
landshuter_allee,catboost,summer_2024,525,21,6.227231118440421,6.0,0.22723111844042077
landshuter_allee,catboost,summer_2024,526,21,5.123314763489317,7.0,1.8766852365106832
landshuter_allee,catboost,summer_2024,527,21,5.432956093839125,6.0,0.5670439061608752
landshuter_allee,catboost,summer_2024,528,22,5.670677058416804,6.0,0.32932294158319575
landshuter_allee,catboost,summer_2024,529,22,5.268409163392228,5.0,0.26840916339222787
landshuter_allee,catboost,summer_2024,530,22,4.702780083425008,5.0,0.297219916574992
landshuter_allee,catboost,summer_2024,531,22,4.893849999261768,6.0,1.106150000738232
landshuter_allee,catboost,summer_2024,532,22,5.358240368896749,5.0,0.35824036889674904
landshuter_allee,catboost,summer_2024,533,22,5.680263712485795,6.0,0.31973628751420513
landshuter_allee,catboost,summer_2024,534,22,6.317304844878157,7.0,0.6826951551218432
landshuter_allee,catboost,summer_2024,535,22,6.878179915423344,8.0,1.1218200845766564
landshuter_allee,catboost,summer_2024,536,22,6.753207259623469,6.0,0.7532072596234691
landshuter_allee,catboost,summer_2024,537,22,6.388391650924851,5.0,1.3883916509248513
landshuter_allee,catboost,summer_2024,538,22,6.348909347536406,5.0,1.3489093475364058
landshuter_allee,catboost,summer_2024,539,22,6.490438991588585,6.0,0.4904389915885847
landshuter_allee,catboost,summer_2024,540,22,6.797353019315379,6.0,0.7973530193153788
landshuter_allee,catboost,summer_2024,541,22,7.011118471900932,6.0,1.0111184719009323
landshuter_allee,catboost,summer_2024,542,22,7.075500801939002,7.0,0.07550080193900222
landshuter_allee,catboost,summer_2024,543,22,7.052451155542832,7.0,0.05245115554283242
landshuter_allee,catboost,summer_2024,544,22,6.993007874942419,7.0,0.006992125057580623
landshuter_allee,catboost,summer_2024,545,22,7.157672468725879,7.0,0.15767246872587926
landshuter_allee,catboost,summer_2024,546,22,7.083476707239659,7.0,0.08347670723965894
landshuter_allee,catboost,summer_2024,547,22,7.273345163946545,7.0,0.2733451639465452
landshuter_allee,catboost,summer_2024,548,22,6.0511759032802885,5.0,1.0511759032802885
landshuter_allee,catboost,summer_2024,549,22,6.134123827479996,5.0,1.1341238274799963
landshuter_allee,catboost,summer_2024,550,22,6.004564840961267,6.0,0.00456484096126708
landshuter_allee,catboost,summer_2024,551,22,5.5854951296494155,7.0,1.4145048703505845
landshuter_allee,catboost,summer_2024,552,23,5.411237839479661,6.0,0.5887621605203393
landshuter_allee,catboost,summer_2024,553,23,4.877849095220945,3.0,1.8778490952209452
landshuter_allee,catboost,summer_2024,554,23,5.077383752022847,4.0,1.0773837520228469
landshuter_allee,catboost,summer_2024,555,23,5.327190003650743,4.0,1.3271900036507427
landshuter_allee,catboost,summer_2024,556,23,5.851368097947538,5.0,0.851368097947538
landshuter_allee,catboost,summer_2024,557,23,6.67740321524023,6.0,0.6774032152402301
landshuter_allee,catboost,summer_2024,558,23,7.403853333050346,6.0,1.4038533330503462
landshuter_allee,catboost,summer_2024,559,23,6.890445639508318,5.0,1.890445639508318
landshuter_allee,catboost,summer_2024,560,23,6.746967763529766,5.0,1.7469677635297662
landshuter_allee,catboost,summer_2024,561,23,6.726990129808209,5.0,1.7269901298082093
landshuter_allee,catboost,summer_2024,562,23,6.689876333451112,6.0,0.689876333451112
landshuter_allee,catboost,summer_2024,563,23,6.340677810046052,5.0,1.340677810046052
landshuter_allee,catboost,summer_2024,564,23,6.073808036110585,5.0,1.0738080361105853
landshuter_allee,catboost,summer_2024,565,23,5.631738175768094,5.0,0.6317381757680938
landshuter_allee,catboost,summer_2024,566,23,4.9907245171631445,5.0,0.009275482836855531
landshuter_allee,catboost,summer_2024,567,23,5.116758178634555,5.0,0.11675817863455507
landshuter_allee,catboost,summer_2024,568,23,5.3116683812019465,6.0,0.6883316187980535
landshuter_allee,catboost,summer_2024,569,23,5.586107477612021,6.0,0.4138925223879788
landshuter_allee,catboost,summer_2024,570,23,5.558436627713872,6.0,0.44156337228612763
landshuter_allee,catboost,summer_2024,571,23,5.970430621759933,6.0,0.029569378240067223
landshuter_allee,catboost,summer_2024,572,23,6.703587585107839,7.0,0.29641241489216075
landshuter_allee,catboost,summer_2024,573,23,7.101959199288745,7.0,0.10195919928874542
landshuter_allee,catboost,summer_2024,574,23,7.102962071520084,7.0,0.10296207152008385
landshuter_allee,catboost,summer_2024,575,23,7.027926848614718,7.0,0.027926848614717947
landshuter_allee,catboost,summer_2024,576,24,7.318608589620234,7.0,0.31860858962023375
landshuter_allee,catboost,summer_2024,577,24,7.653758708847785,7.0,0.6537587088477848
landshuter_allee,catboost,summer_2024,578,24,7.728201710835767,7.0,0.7282017108357666
landshuter_allee,catboost,summer_2024,579,24,7.905849700872725,7.0,0.9058497008727251
landshuter_allee,catboost,summer_2024,580,24,8.506945376168261,8.0,0.506945376168261
landshuter_allee,catboost,summer_2024,581,24,8.939175462364627,8.0,0.9391754623646271
landshuter_allee,catboost,summer_2024,582,24,9.198568156538846,9.0,0.19856815653884574
landshuter_allee,catboost,summer_2024,583,24,8.296939608209497,8.0,0.29693960820949705
landshuter_allee,catboost,summer_2024,584,24,7.197293169660245,6.0,1.1972931696602451
landshuter_allee,catboost,summer_2024,585,24,7.085743156617251,6.0,1.0857431566172506
landshuter_allee,catboost,summer_2024,586,24,6.986637319347364,6.0,0.9866373193473637
landshuter_allee,catboost,summer_2024,587,24,6.568692513931068,5.0,1.568692513931068
landshuter_allee,catboost,summer_2024,588,24,6.566341737122912,5.0,1.5663417371229116
landshuter_allee,catboost,summer_2024,589,24,6.4322915433599945,5.0,1.4322915433599945
landshuter_allee,catboost,summer_2024,590,24,6.176487142765956,5.0,1.1764871427659562
landshuter_allee,catboost,summer_2024,591,24,5.651744471388225,5.0,0.6517444713882252
landshuter_allee,catboost,summer_2024,592,24,5.105201582633727,4.0,1.1052015826337271
landshuter_allee,catboost,summer_2024,593,24,5.79783143199936,5.0,0.7978314319993602
landshuter_allee,catboost,summer_2024,594,24,6.202404829454739,5.0,1.2024048294547391
landshuter_allee,catboost,summer_2024,595,24,6.986578111271125,5.0,1.9865781112711254
landshuter_allee,catboost,summer_2024,596,24,7.721828769760652,6.0,1.721828769760652
landshuter_allee,catboost,summer_2024,597,24,7.83795131118317,6.0,1.8379513111831702
landshuter_allee,catboost,summer_2024,598,24,8.543500061628952,7.0,1.5435000616289525
landshuter_allee,catboost,summer_2024,599,24,8.326981979528417,7.0,1.3269819795284175
landshuter_allee,catboost,summer_2024,600,25,8.82083467936173,8.0,0.8208346793617292
landshuter_allee,catboost,summer_2024,601,25,10.046577758530592,9.0,1.0465777585305922
landshuter_allee,catboost,summer_2024,602,25,11.030115490047253,11.0,0.03011549004725289
landshuter_allee,catboost,summer_2024,603,25,11.988923326697588,11.0,0.9889233266975879
landshuter_allee,catboost,summer_2024,604,25,12.177019073957167,10.0,2.177019073957167
landshuter_allee,catboost,summer_2024,605,25,11.711238219684699,10.0,1.7112382196846987
landshuter_allee,catboost,summer_2024,606,25,11.900038032892745,11.0,0.9000380328927449
landshuter_allee,catboost,summer_2024,607,25,10.518162512640119,9.0,1.518162512640119
landshuter_allee,catboost,summer_2024,608,25,9.56841473725019,8.0,1.5684147372501904
landshuter_allee,catboost,summer_2024,609,25,9.12851380256398,9.0,0.1285138025639796
landshuter_allee,catboost,summer_2024,610,25,9.607170568843484,11.0,1.3928294311565157
landshuter_allee,catboost,summer_2024,611,25,9.552154905848528,9.0,0.5521549058485284
landshuter_allee,catboost,summer_2024,612,25,9.311789393464363,9.0,0.3117893934643625
landshuter_allee,catboost,summer_2024,613,25,9.335404578620548,9.0,0.3354045786205475
landshuter_allee,catboost,summer_2024,614,25,9.717604613773137,10.0,0.2823953862268631
landshuter_allee,catboost,summer_2024,615,25,10.144697019452881,10.0,0.14469701945288094
landshuter_allee,catboost,summer_2024,616,25,10.557566328100423,10.0,0.5575663281004228
landshuter_allee,catboost,summer_2024,617,25,10.957931555854113,10.0,0.9579315558541133
landshuter_allee,catboost,summer_2024,618,25,11.762858140864921,11.0,0.7628581408649211
landshuter_allee,catboost,summer_2024,619,25,12.52478554297514,11.0,1.52478554297514
landshuter_allee,catboost,summer_2024,620,25,13.172687625798748,11.0,2.1726876257987477
landshuter_allee,catboost,summer_2024,621,25,13.839857221974551,12.0,1.839857221974551
landshuter_allee,catboost,summer_2024,622,25,14.218427561992806,11.0,3.218427561992806
landshuter_allee,catboost,summer_2024,623,25,13.294668067352063,10.0,3.294668067352063
landshuter_allee,catboost,summer_2024,624,26,13.89585107554965,11.0,2.8958510755496505
landshuter_allee,catboost,summer_2024,625,26,15.21983225710353,12.0,3.21983225710353
landshuter_allee,catboost,summer_2024,626,26,15.778552851778187,14.0,1.778552851778187
landshuter_allee,catboost,summer_2024,627,26,16.331144767858458,15.0,1.3311447678584578
landshuter_allee,catboost,summer_2024,628,26,16.342342017810672,14.0,2.3423420178106724
landshuter_allee,catboost,summer_2024,629,26,15.932817099051075,14.0,1.932817099051075
landshuter_allee,catboost,summer_2024,630,26,15.100375879376006,13.0,2.1003758793760063
landshuter_allee,catboost,summer_2024,631,26,13.467945793216748,12.0,1.4679457932167477
landshuter_allee,catboost,summer_2024,632,26,12.207068249850645,11.0,1.2070682498506446
landshuter_allee,catboost,summer_2024,633,26,10.968965502525238,10.0,0.9689655025252382
landshuter_allee,catboost,summer_2024,634,26,11.102439257003086,10.0,1.1024392570030859
landshuter_allee,catboost,summer_2024,635,26,10.94041415079742,10.0,0.9404141507974195
landshuter_allee,catboost,summer_2024,636,26,10.907614696898978,9.0,1.9076146968989782
landshuter_allee,catboost,summer_2024,637,26,10.433158166388896,9.0,1.4331581663888961
landshuter_allee,catboost,summer_2024,638,26,10.724846248548245,10.0,0.7248462485482445
landshuter_allee,catboost,summer_2024,639,26,11.012172286506088,10.0,1.0121722865060878
landshuter_allee,catboost,summer_2024,640,26,11.687897052460984,11.0,0.6878970524609844
landshuter_allee,catboost,summer_2024,641,26,11.963796801020973,11.0,0.9637968010209725
landshuter_allee,catboost,summer_2024,642,26,12.864325408310854,12.0,0.8643254083108545
landshuter_allee,catboost,summer_2024,643,26,13.86921277571436,13.0,0.8692127757143595
landshuter_allee,catboost,summer_2024,644,26,12.69783900245755,10.0,2.6978390024575507
landshuter_allee,catboost,summer_2024,645,26,11.677570400465061,10.0,1.6775704004650613
landshuter_allee,catboost,summer_2024,646,26,11.579780073274026,11.0,0.5797800732740264
landshuter_allee,catboost,summer_2024,647,26,11.889893204033093,12.0,0.11010679596690665
landshuter_allee,catboost,summer_2024,648,27,11.051263636426764,11.0,0.051263636426764236
landshuter_allee,catboost,summer_2024,649,27,10.349126067173179,12.0,1.650873932826821
landshuter_allee,catboost,summer_2024,650,27,10.210315129895779,14.0,3.789684870104221
landshuter_allee,catboost,summer_2024,651,27,10.623916260606736,13.0,2.3760837393932643
landshuter_allee,catboost,summer_2024,652,27,11.375968810615374,13.0,1.6240311893846258
landshuter_allee,catboost,summer_2024,653,27,11.777402345380121,14.0,2.2225976546198787
landshuter_allee,catboost,summer_2024,654,27,7.89860220217478,6.0,1.8986022021747804
landshuter_allee,catboost,summer_2024,655,27,5.500490218303609,3.0,2.500490218303609
landshuter_allee,catboost,summer_2024,656,27,3.910689481404403,3.0,0.9106894814044031
landshuter_allee,catboost,summer_2024,657,27,3.7526673597064084,6.0,2.2473326402935916
landshuter_allee,catboost,summer_2024,658,27,4.169332394797326,6.0,1.8306676052026738
landshuter_allee,catboost,summer_2024,659,27,4.871574317755645,8.0,3.1284256822443552
landshuter_allee,catboost,summer_2024,660,27,4.985580144434141,6.0,1.0144198555658592
landshuter_allee,catboost,summer_2024,661,27,4.666132313638581,4.0,0.666132313638581
landshuter_allee,catboost,summer_2024,662,27,4.491328904118708,3.0,1.491328904118708
landshuter_allee,catboost,summer_2024,663,27,4.053406563270672,3.0,1.0534065632706717
landshuter_allee,catboost,summer_2024,664,27,4.290952871752297,4.0,0.2909528717522969
landshuter_allee,catboost,summer_2024,665,27,4.166636761572817,4.0,0.16663676157281682
landshuter_allee,catboost,summer_2024,666,27,4.331946604461774,5.0,0.6680533955382257
landshuter_allee,catboost,summer_2024,667,27,4.618806846794677,5.0,0.38119315320532277
landshuter_allee,catboost,summer_2024,668,27,5.0973465894650785,5.0,0.09734658946507846
landshuter_allee,catboost,summer_2024,669,27,5.8335450641777244,6.0,0.16645493582227555
landshuter_allee,catboost,summer_2024,670,27,6.421543566920749,7.0,0.5784564330792508
landshuter_allee,catboost,summer_2024,671,27,7.3335211636087845,8.0,0.6664788363912155
landshuter_allee,catboost,summer_2024,672,28,8.246557446547888,10.0,1.7534425534521123
landshuter_allee,catboost,summer_2024,673,28,8.698544184473509,10.0,1.3014558155264915
landshuter_allee,catboost,summer_2024,674,28,9.035177543432825,11.0,1.964822456567175
landshuter_allee,catboost,summer_2024,675,28,9.260560459834977,11.0,1.739439540165023
landshuter_allee,catboost,summer_2024,676,28,9.38414003443944,11.0,1.6158599655605599
landshuter_allee,catboost,summer_2024,677,28,9.749246963395874,11.0,1.2507530366041255
landshuter_allee,catboost,summer_2024,678,28,10.422480278151333,12.0,1.5775197218486667
landshuter_allee,catboost,summer_2024,679,28,7.884457212392039,7.0,0.8844572123920393
landshuter_allee,catboost,summer_2024,680,28,6.658326340129694,5.0,1.658326340129694
landshuter_allee,catboost,summer_2024,681,28,6.1775471502239,6.0,0.17754715022389966
landshuter_allee,catboost,summer_2024,682,28,5.96379993513812,6.0,0.03620006486188032
landshuter_allee,catboost,summer_2024,683,28,6.09748852746239,7.0,0.9025114725376104
landshuter_allee,catboost,summer_2024,684,28,6.055859266094732,7.0,0.9441407339052681
landshuter_allee,catboost,summer_2024,685,28,6.19698115094312,7.0,0.8030188490568797
landshuter_allee,catboost,summer_2024,686,28,5.811423647336512,6.0,0.18857635266348804
landshuter_allee,catboost,summer_2024,687,28,5.537703884476131,6.0,0.46229611552386896
landshuter_allee,catboost,summer_2024,688,28,5.244962211573952,5.0,0.24496221157395226
landshuter_allee,catboost,summer_2024,689,28,5.171870828618483,5.0,0.17187082861848335
landshuter_allee,catboost,summer_2024,690,28,5.510754795686363,5.0,0.5107547956863634
landshuter_allee,catboost,summer_2024,691,28,6.168104555903992,6.0,0.16810455590399176
landshuter_allee,catboost,summer_2024,692,28,7.069368953375156,7.0,0.06936895337515558
landshuter_allee,catboost,summer_2024,693,28,8.77701097361523,8.0,0.77701097361523
landshuter_allee,catboost,summer_2024,694,28,9.49622697720567,8.0,1.4962269772056693
landshuter_allee,catboost,summer_2024,695,28,9.38366741648893,8.0,1.3836674164889295
landshuter_allee,catboost,summer_2024,696,29,9.681937794286796,9.0,0.6819377942867959
landshuter_allee,catboost,summer_2024,697,29,9.524018695423019,10.0,0.4759813045769814
landshuter_allee,catboost,summer_2024,698,29,9.346146922373853,10.0,0.6538530776261471
landshuter_allee,catboost,summer_2024,699,29,9.28167855322748,10.0,0.7183214467725207
landshuter_allee,catboost,summer_2024,700,29,11.09886738942729,12.0,0.9011326105727093
landshuter_allee,catboost,summer_2024,701,29,16.035677460619375,14.0,2.0356774606193753
landshuter_allee,catboost,summer_2024,702,29,16.55172846704394,13.0,3.55172846704394
landshuter_allee,catboost,summer_2024,703,29,14.435593007639714,10.0,4.435593007639714
landshuter_allee,catboost,summer_2024,704,29,12.379312473340471,8.0,4.379312473340471
landshuter_allee,catboost,summer_2024,705,29,11.162492093426803,9.0,2.1624920934268026
landshuter_allee,catboost,summer_2024,706,29,10.370638563292681,9.0,1.3706385632926814
landshuter_allee,catboost,summer_2024,707,29,10.055796809071719,9.0,1.055796809071719
landshuter_allee,catboost,summer_2024,708,29,9.791882944660811,9.0,0.7918829446608111
landshuter_allee,catboost,summer_2024,709,29,9.525677368107507,8.0,1.525677368107507
landshuter_allee,catboost,summer_2024,710,29,9.482303914984021,9.0,0.4823039149840209
landshuter_allee,catboost,summer_2024,711,29,9.596791431930559,9.0,0.5967914319305585
landshuter_allee,catboost,summer_2024,712,29,10.069864857475707,9.0,1.0698648574757073
landshuter_allee,catboost,summer_2024,713,29,10.156211110030867,9.0,1.156211110030867
landshuter_allee,catboost,summer_2024,714,29,10.485930546462274,9.0,1.4859305464622743
landshuter_allee,catboost,summer_2024,715,29,11.716399917593797,10.0,1.7163999175937974
landshuter_allee,catboost,summer_2024,716,29,13.467831696472082,11.0,2.467831696472082
landshuter_allee,catboost,summer_2024,717,29,15.223116909050685,13.0,2.2231169090506846
landshuter_allee,catboost,summer_2024,718,29,17.617394881011045,15.0,2.6173948810110446
landshuter_allee,catboost,summer_2024,719,29,18.017180671266615,17.0,1.0171806712666154
landshuter_allee,catboost,summer_2024,720,30,18.30684063878636,16.0,2.3068406387863583
landshuter_allee,catboost,summer_2024,721,30,16.849001406838582,13.0,3.849001406838582
landshuter_allee,catboost,summer_2024,722,30,16.088830823664782,13.0,3.0888308236647823
landshuter_allee,catboost,summer_2024,723,30,15.92652713609499,13.0,2.9265271360949896
landshuter_allee,catboost,summer_2024,724,30,21.806803468558158,15.0,6.806803468558158
landshuter_allee,catboost,summer_2024,725,30,24.100548877394573,15.0,9.100548877394573
landshuter_allee,catboost,summer_2024,726,30,23.217918765614783,15.0,8.217918765614783
landshuter_allee,catboost,summer_2024,727,30,24.07684285277722,15.0,9.076842852777219
landshuter_allee,catboost,summer_2024,728,30,23.94310611167871,12.0,11.94310611167871
landshuter_allee,catboost,summer_2024,729,30,21.527829120041226,11.0,10.527829120041226
landshuter_allee,catboost,summer_2024,730,30,21.037764505276733,12.0,9.037764505276733
landshuter_allee,catboost,summer_2024,731,30,21.38168678093684,12.0,9.381686780936839
landshuter_allee,catboost,summer_2024,732,30,20.70198848327412,11.0,9.701988483274121
landshuter_allee,catboost,summer_2024,733,30,19.547915299034315,11.0,8.547915299034315
landshuter_allee,catboost,summer_2024,734,30,18.463586930338515,11.0,7.463586930338515
landshuter_allee,catboost,summer_2024,735,30,18.122470765513125,11.0,7.122470765513125
landshuter_allee,catboost,summer_2024,736,30,17.851231476579066,11.0,6.851231476579066
landshuter_allee,catboost,summer_2024,737,30,17.682658111620682,11.0,6.6826581116206825
landshuter_allee,catboost,summer_2024,738,30,17.720427303782873,13.0,4.7204273037828735
landshuter_allee,catboost,summer_2024,739,30,18.29778467558614,14.0,4.29778467558614
landshuter_allee,catboost,summer_2024,740,30,13.272091971296282,8.0,5.272091971296282
landshuter_allee,catboost,summer_2024,741,30,8.382997618633823,5.0,3.382997618633823
landshuter_allee,catboost,summer_2024,742,30,6.184597645722607,5.0,1.184597645722607
landshuter_allee,catboost,summer_2024,743,30,4.4124249316627155,4.0,0.41242493166271554
landshuter_allee,catboost,summer_2024,744,31,3.9316311491104488,4.0,0.06836885088955125
landshuter_allee,catboost,summer_2024,745,31,4.092631710509448,4.0,0.09263171050944763
landshuter_allee,catboost,summer_2024,746,31,4.755427181975335,4.0,0.7554271819753353
landshuter_allee,catboost,summer_2024,747,31,5.052917106531286,4.0,1.052917106531286
landshuter_allee,catboost,summer_2024,748,31,5.703800829723492,5.0,0.7038008297234919
landshuter_allee,catboost,summer_2024,749,31,6.782499109393398,7.0,0.21750089060660205
landshuter_allee,catboost,summer_2024,750,31,8.529607264228247,7.0,1.5296072642282468
landshuter_allee,catboost,summer_2024,751,31,9.275080536834922,7.0,2.2750805368349223
landshuter_allee,catboost,summer_2024,752,31,9.894919241746578,7.0,2.894919241746578
landshuter_allee,catboost,summer_2024,753,31,10.947390802901994,7.0,3.947390802901994
landshuter_allee,catboost,summer_2024,754,31,11.855101657856032,8.0,3.855101657856032
landshuter_allee,catboost,summer_2024,755,31,12.508253488201062,8.0,4.508253488201062
landshuter_allee,catboost,summer_2024,756,31,12.846527686046539,10.0,2.8465276860465387
landshuter_allee,catboost,summer_2024,757,31,12.165360030132524,9.0,3.1653600301325238
landshuter_allee,catboost,summer_2024,758,31,10.316947133429482,7.0,3.3169471334294816
landshuter_allee,catboost,summer_2024,759,31,9.863766603980325,7.0,2.8637666039803253
landshuter_allee,catboost,summer_2024,760,31,9.816701446628663,8.0,1.816701446628663
landshuter_allee,catboost,summer_2024,761,31,10.65473205106714,9.0,1.6547320510671408
landshuter_allee,catboost,summer_2024,762,31,11.462440970282119,10.0,1.4624409702821186
landshuter_allee,catboost,summer_2024,763,31,12.48195168477769,11.0,1.4819516847776892
landshuter_allee,catboost,summer_2024,764,31,12.27926997972338,10.0,2.279269979723381
landshuter_allee,catboost,summer_2024,765,31,12.207973715615886,10.0,2.2079737156158856
landshuter_allee,catboost,summer_2024,766,31,11.76813743052506,10.0,1.7681374305250603
landshuter_allee,catboost,summer_2024,767,31,10.62231651193472,7.0,3.62231651193472
landshuter_allee,catboost,summer_2024,768,32,9.404227678600723,7.0,2.404227678600723
landshuter_allee,catboost,summer_2024,769,32,9.316822549017278,9.0,0.316822549017278
landshuter_allee,catboost,summer_2024,770,32,17.764662893007987,27.0,9.235337106992013
landshuter_allee,catboost,summer_2024,771,32,16.673929123515652,11.0,5.673929123515652
landshuter_allee,catboost,summer_2024,772,32,15.987649235429487,12.0,3.987649235429487
landshuter_allee,catboost,summer_2024,773,32,15.328203173945884,13.0,2.3282031739458837
landshuter_allee,catboost,summer_2024,774,32,15.966206017711631,15.0,0.966206017711631
landshuter_allee,catboost,summer_2024,775,32,15.071483579954025,11.0,4.071483579954025
landshuter_allee,catboost,summer_2024,776,32,12.95938739747948,8.0,4.95938739747948
landshuter_allee,catboost,summer_2024,777,32,11.305958401323787,8.0,3.305958401323787
landshuter_allee,catboost,summer_2024,778,32,10.373356962436718,8.0,2.373356962436718
landshuter_allee,catboost,summer_2024,779,32,9.30314558140097,7.0,2.3031455814009707
landshuter_allee,catboost,summer_2024,780,32,8.670510670264976,7.0,1.6705106702649761
landshuter_allee,catboost,summer_2024,781,32,9.052392278190236,8.0,1.0523922781902364
landshuter_allee,catboost,summer_2024,782,32,9.419898450819119,8.0,1.4198984508191188
landshuter_allee,catboost,summer_2024,783,32,9.150908434578547,7.0,2.1509084345785467
landshuter_allee,catboost,summer_2024,784,32,8.997759904084392,7.0,1.9977599040843916
landshuter_allee,catboost,summer_2024,785,32,9.316785820465048,8.0,1.3167858204650482
landshuter_allee,catboost,summer_2024,786,32,9.093457274747355,8.0,1.0934572747473545
landshuter_allee,catboost,summer_2024,787,32,8.418812184238423,7.0,1.4188121842384227
landshuter_allee,catboost,summer_2024,788,32,7.122125513607821,5.0,2.1221255136078208
landshuter_allee,catboost,summer_2024,789,32,6.626614537842351,5.0,1.626614537842351
landshuter_allee,catboost,summer_2024,790,32,6.918673267700948,6.0,0.9186732677009477
landshuter_allee,catboost,summer_2024,791,32,7.207036156818874,7.0,0.20703615681887388
landshuter_allee,catboost,summer_2024,792,33,7.16955787664458,7.0,0.16955787664458022
landshuter_allee,catboost,summer_2024,793,33,7.563950844671782,8.0,0.4360491553282184
landshuter_allee,catboost,summer_2024,794,33,7.52410569471078,8.0,0.47589430528921994
landshuter_allee,catboost,summer_2024,795,33,6.563038570103645,5.0,1.5630385701036449
landshuter_allee,catboost,summer_2024,796,33,5.93687808449876,5.0,0.9368780844987601
landshuter_allee,catboost,summer_2024,797,33,5.860912474678137,5.0,0.8609124746781367
landshuter_allee,catboost,summer_2024,798,33,5.992571835565455,5.0,0.9925718355654549
landshuter_allee,catboost,summer_2024,799,33,5.535018799853937,6.0,0.46498120014606314
landshuter_allee,catboost,summer_2024,800,33,5.198389353936007,6.0,0.8016106460639927
landshuter_allee,catboost,summer_2024,801,33,5.99352909938049,8.0,2.00647090061951
landshuter_allee,catboost,summer_2024,802,33,6.747942905796835,8.0,1.252057094203165
landshuter_allee,catboost,summer_2024,803,33,7.513395049344341,7.0,0.5133950493443411
landshuter_allee,catboost,summer_2024,804,33,8.104223180870894,7.0,1.1042231808708944
landshuter_allee,catboost,summer_2024,805,33,7.740599755084862,7.0,0.7405997550848618
landshuter_allee,catboost,summer_2024,806,33,7.503782441714456,7.0,0.5037824417144563
landshuter_allee,catboost,summer_2024,807,33,8.013278495391301,8.0,0.013278495391300993
landshuter_allee,catboost,summer_2024,808,33,8.457447597632315,9.0,0.5425524023676846
landshuter_allee,catboost,summer_2024,809,33,8.460615908020666,8.0,0.46061590802066554
landshuter_allee,catboost,summer_2024,810,33,9.553466563356485,10.0,0.44653343664351475
landshuter_allee,catboost,summer_2024,811,33,11.070708326420267,13.0,1.9292916735797334
landshuter_allee,catboost,summer_2024,812,33,12.492787988460572,13.0,0.5072120115394281
landshuter_allee,catboost,summer_2024,813,33,12.502312150110061,13.0,0.49768784988993886
landshuter_allee,catboost,summer_2024,814,33,11.967885700227322,12.0,0.03211429977267777
landshuter_allee,catboost,summer_2024,815,33,11.898142762147847,12.0,0.10185723785215295
landshuter_allee,catboost,summer_2024,816,34,12.574328402293908,12.0,0.5743284022939079
landshuter_allee,catboost,summer_2024,817,34,12.228562132363622,12.0,0.22856213236362244
landshuter_allee,catboost,summer_2024,818,34,7.84812669119651,4.0,3.8481266911965104
landshuter_allee,catboost,summer_2024,819,34,6.542367722293388,5.0,1.5423677222933883
landshuter_allee,catboost,summer_2024,820,34,7.204211038385784,7.0,0.20421103838578425
landshuter_allee,catboost,summer_2024,821,34,7.462777028791951,8.0,0.537222971208049
landshuter_allee,catboost,summer_2024,822,34,7.663000459769274,7.0,0.6630004597692736
landshuter_allee,catboost,summer_2024,823,34,7.793713789888981,7.0,0.7937137898889812
landshuter_allee,catboost,summer_2024,824,34,7.669202040247933,7.0,0.6692020402479333
landshuter_allee,catboost,summer_2024,825,34,7.581713107415945,7.0,0.5817131074159452
landshuter_allee,catboost,summer_2024,826,34,7.916696301905094,8.0,0.08330369809490623
landshuter_allee,catboost,summer_2024,827,34,8.25811312959594,8.0,0.25811312959593913
landshuter_allee,catboost,summer_2024,828,34,8.461274807728092,9.0,0.5387251922719081
landshuter_allee,catboost,summer_2024,829,34,8.616829058463662,9.0,0.38317094153633846
landshuter_allee,catboost,summer_2024,830,34,8.578716015033173,8.0,0.5787160150331729
landshuter_allee,catboost,summer_2024,831,34,8.336390776066393,8.0,0.3363907760663931
landshuter_allee,catboost,summer_2024,832,34,8.251526289848693,8.0,0.25152628984869274
landshuter_allee,catboost,summer_2024,833,34,8.423068447760722,9.0,0.5769315522392784
landshuter_allee,catboost,summer_2024,834,34,8.521674439294785,9.0,0.4783255607052155
landshuter_allee,catboost,summer_2024,835,34,8.825314930177386,9.0,0.17468506982261367
landshuter_allee,catboost,summer_2024,836,34,9.057207995879143,9.0,0.057207995879142715
landshuter_allee,catboost,summer_2024,837,34,8.997773971088616,10.0,1.0022260289113838
landshuter_allee,catboost,summer_2024,838,34,8.661940362632723,9.0,0.3380596373672766
landshuter_allee,catboost,summer_2024,839,34,8.515960181648484,9.0,0.48403981835151555
landshuter_allee,catboost,summer_2024,840,35,7.819441512661997,6.0,1.8194415126619967
landshuter_allee,catboost,summer_2024,841,35,7.636502132694055,6.0,1.636502132694055
landshuter_allee,catboost,summer_2024,842,35,7.671429546034614,6.0,1.6714295460346138
landshuter_allee,catboost,summer_2024,843,35,7.7354305257740865,6.0,1.7354305257740865
landshuter_allee,catboost,summer_2024,844,35,7.516390345640513,6.0,1.516390345640513
landshuter_allee,catboost,summer_2024,845,35,7.932130194717419,6.0,1.932130194717419
landshuter_allee,catboost,summer_2024,846,35,8.172930023763715,6.0,2.1729300237637155
landshuter_allee,catboost,summer_2024,847,35,6.850678641932495,4.0,2.850678641932495
landshuter_allee,catboost,summer_2024,848,35,5.89586306184277,3.0,2.8958630618427703
landshuter_allee,catboost,summer_2024,849,35,5.39742934704523,3.0,2.3974293470452297
landshuter_allee,catboost,summer_2024,850,35,4.994205393237135,3.0,1.9942053932371353
landshuter_allee,catboost,summer_2024,851,35,5.12501721162798,4.0,1.1250172116279797
landshuter_allee,catboost,summer_2024,852,35,5.37643295308734,5.0,0.37643295308734004
landshuter_allee,catboost,summer_2024,853,35,5.384310743427961,5.0,0.3843107434279611
landshuter_allee,catboost,summer_2024,854,35,5.438385391095806,5.0,0.43838539109580577
landshuter_allee,catboost,summer_2024,855,35,5.666780251326903,6.0,0.33321974867309656
landshuter_allee,catboost,summer_2024,856,35,6.040443466165398,6.0,0.040443466165397624
landshuter_allee,catboost,summer_2024,857,35,6.077438369334553,6.0,0.07743836933455306
landshuter_allee,catboost,summer_2024,858,35,6.2218145980666355,6.0,0.2218145980666355
landshuter_allee,catboost,summer_2024,859,35,6.457166891340961,6.0,0.457166891340961
landshuter_allee,catboost,summer_2024,860,35,9.99354602387253,9.0,0.9935460238725309
landshuter_allee,catboost,summer_2024,861,35,11.877198901680483,10.0,1.877198901680483
landshuter_allee,catboost,summer_2024,862,35,12.084011138060504,10.0,2.0840111380605038
landshuter_allee,catboost,summer_2024,863,35,11.819527891440837,8.0,3.8195278914408366
landshuter_allee,catboost,summer_2024,864,36,11.401308592330913,9.0,2.4013085923309134
landshuter_allee,catboost,summer_2024,865,36,11.657274255292696,10.0,1.6572742552926965
landshuter_allee,catboost,summer_2024,866,36,11.914464965810925,11.0,0.9144649658109252
landshuter_allee,catboost,summer_2024,867,36,11.785126107784226,11.0,0.785126107784226
landshuter_allee,catboost,summer_2024,868,36,11.634363196124566,11.0,0.6343631961245659
landshuter_allee,catboost,summer_2024,869,36,12.339869530416705,12.0,0.33986953041670454
landshuter_allee,catboost,summer_2024,870,36,12.787127169077577,13.0,0.21287283092242326
landshuter_allee,catboost,summer_2024,871,36,11.766352722073078,12.0,0.23364727792692186
landshuter_allee,catboost,summer_2024,872,36,10.268727973414089,9.0,1.268727973414089
landshuter_allee,catboost,summer_2024,873,36,9.145489058384761,8.0,1.1454890583847614
landshuter_allee,catboost,summer_2024,874,36,8.573972696807246,8.0,0.573972696807246
landshuter_allee,catboost,summer_2024,875,36,8.681260276569901,9.0,0.3187397234300988
landshuter_allee,catboost,summer_2024,876,36,9.125446768991463,9.0,0.12544676899146268
landshuter_allee,catboost,summer_2024,877,36,9.074427491096582,8.0,1.074427491096582
landshuter_allee,catboost,summer_2024,878,36,8.648302129168657,8.0,0.6483021291686573
landshuter_allee,catboost,summer_2024,879,36,8.322446845001823,7.0,1.3224468450018225
landshuter_allee,catboost,summer_2024,880,36,7.945095691462001,7.0,0.9450956914620008
landshuter_allee,catboost,summer_2024,881,36,7.911095503309959,6.0,1.9110955033099586
landshuter_allee,catboost,summer_2024,882,36,7.840028439564005,6.0,1.840028439564005
landshuter_allee,catboost,summer_2024,883,36,8.439709399657755,7.0,1.4397093996577546
landshuter_allee,catboost,summer_2024,884,36,9.592387886437995,9.0,0.5923878864379954
landshuter_allee,catboost,summer_2024,885,36,9.738434916406067,10.0,0.2615650835939327
landshuter_allee,catboost,summer_2024,886,36,9.94286391172054,10.0,0.05713608827946004
landshuter_allee,catboost,summer_2024,887,36,9.074278536099966,9.0,0.07427853609996582
landshuter_allee,catboost,summer_2024,888,37,9.44065564703994,10.0,0.5593443529600606
landshuter_allee,catboost,summer_2024,889,37,9.486096924860583,10.0,0.5139030751394174
landshuter_allee,catboost,summer_2024,890,37,9.623888443491618,10.0,0.37611155650838235
landshuter_allee,catboost,summer_2024,891,37,10.904809889326517,11.0,0.09519011067348337
landshuter_allee,catboost,summer_2024,892,37,11.336517692975947,12.0,0.6634823070240525
landshuter_allee,catboost,summer_2024,893,37,12.608785144360825,12.0,0.6087851443608248
landshuter_allee,catboost,summer_2024,894,37,12.969007386591596,13.0,0.030992613408404424
landshuter_allee,catboost,summer_2024,895,37,12.476586385542344,12.0,0.476586385542344
landshuter_allee,catboost,summer_2024,896,37,12.184667838680003,11.0,1.184667838680003
landshuter_allee,catboost,summer_2024,897,37,11.590355110127305,10.0,1.5903551101273052
landshuter_allee,catboost,summer_2024,898,37,11.625138256559401,10.0,1.625138256559401
landshuter_allee,catboost,summer_2024,899,37,11.530913607783335,10.0,1.5309136077833347
landshuter_allee,catboost,summer_2024,900,37,12.18034096673362,12.0,0.18034096673362043
landshuter_allee,catboost,summer_2024,901,37,10.465200922402053,10.0,0.4652009224020528
landshuter_allee,catboost,summer_2024,902,37,8.172741453971094,7.0,1.1727414539710939
landshuter_allee,catboost,summer_2024,903,37,7.412174495928571,6.0,1.4121744959285714
landshuter_allee,catboost,summer_2024,904,37,6.372434440083522,5.0,1.3724344400835218
landshuter_allee,catboost,summer_2024,905,37,6.384696867722183,5.0,1.384696867722183
landshuter_allee,catboost,summer_2024,906,37,5.958027156144761,5.0,0.9580271561447606
landshuter_allee,catboost,summer_2024,907,37,6.2306457499044825,6.0,0.2306457499044825
landshuter_allee,catboost,summer_2024,908,37,6.677509150240067,7.0,0.3224908497599328
landshuter_allee,catboost,summer_2024,909,37,7.179923012178849,8.0,0.8200769878211513
landshuter_allee,catboost,summer_2024,910,37,6.47088080109797,6.0,0.47088080109797037
landshuter_allee,catboost,summer_2024,911,37,5.846416826382411,5.0,0.846416826382411
landshuter_allee,catboost,summer_2024,912,38,5.522787123069096,5.0,0.5227871230690964
landshuter_allee,catboost,summer_2024,913,38,5.263503403228748,5.0,0.2635034032287482
landshuter_allee,catboost,summer_2024,914,38,5.359880235755382,5.0,0.35988023575538186
landshuter_allee,catboost,summer_2024,915,38,5.339648008460707,5.0,0.3396480084607072
landshuter_allee,catboost,summer_2024,916,38,5.822959741480025,6.0,0.17704025851997507
landshuter_allee,catboost,summer_2024,917,38,6.799992903034402,7.0,0.2000070969655976
landshuter_allee,catboost,summer_2024,918,38,8.19270155109064,7.0,1.1927015510906394
landshuter_allee,catboost,summer_2024,919,38,7.747982462234939,5.0,2.7479824622349387
landshuter_allee,catboost,summer_2024,920,38,8.643970349561846,9.0,0.3560296504381544
landshuter_allee,catboost,summer_2024,921,38,9.152104951949957,9.0,0.15210495194995666
landshuter_allee,catboost,summer_2024,922,38,9.320839290204766,8.0,1.3208392902047663
landshuter_allee,catboost,summer_2024,923,38,9.534556267870432,8.0,1.5345562678704319
landshuter_allee,catboost,summer_2024,924,38,9.660332482414084,8.0,1.6603324824140842
landshuter_allee,catboost,summer_2024,925,38,9.567183173905988,7.0,2.5671831739059883
landshuter_allee,catboost,summer_2024,926,38,9.665521778369184,8.0,1.6655217783691842
landshuter_allee,catboost,summer_2024,927,38,9.508390253433552,8.0,1.5083902534335518
landshuter_allee,catboost,summer_2024,928,38,8.3173741505256,6.0,2.3173741505256
landshuter_allee,catboost,summer_2024,929,38,8.851830975535346,7.0,1.8518309755353464
landshuter_allee,catboost,summer_2024,930,38,9.088403475219598,10.0,0.9115965247804017
landshuter_allee,catboost,summer_2024,931,38,10.220293297726553,11.0,0.7797067022734474
landshuter_allee,catboost,summer_2024,932,38,11.413502026227606,11.0,0.4135020262276061
landshuter_allee,catboost,summer_2024,933,38,11.528755704495026,9.0,2.528755704495026
landshuter_allee,catboost,summer_2024,934,38,12.095862127805342,9.0,3.0958621278053418
landshuter_allee,catboost,summer_2024,935,38,11.344125511112992,9.0,2.344125511112992
landshuter_allee,catboost,summer_2024,936,39,11.425280644131846,8.5,2.9252806441318455
landshuter_allee,catboost,summer_2024,937,39,11.30260565846498,8.0,3.30260565846498
landshuter_allee,catboost,summer_2024,938,39,11.623011065240563,7.0,4.623011065240563
landshuter_allee,catboost,summer_2024,939,39,11.275811386003774,8.0,3.275811386003774
landshuter_allee,catboost,summer_2024,940,39,11.332957984756602,8.0,3.332957984756602
landshuter_allee,catboost,summer_2024,941,39,11.659066874957162,9.0,2.659066874957162
landshuter_allee,catboost,summer_2024,942,39,11.546326795376299,9.0,2.5463267953762987
landshuter_allee,catboost,summer_2024,943,39,10.532307859285382,8.0,2.532307859285382
landshuter_allee,catboost,summer_2024,944,39,8.10659281402735,6.0,2.1065928140273495
landshuter_allee,catboost,summer_2024,945,39,7.54510186903576,7.0,0.5451018690357596
landshuter_allee,catboost,summer_2024,946,39,7.624479191030375,6.0,1.6244791910303746
landshuter_allee,catboost,summer_2024,947,39,7.561195019756335,6.0,1.561195019756335
landshuter_allee,catboost,summer_2024,948,39,7.770690504520254,7.0,0.7706905045202541
landshuter_allee,catboost,summer_2024,949,39,7.3908132510428715,6.0,1.3908132510428715
landshuter_allee,catboost,summer_2024,950,39,6.910205162258573,5.0,1.9102051622585732
landshuter_allee,catboost,summer_2024,951,39,6.78050909169611,5.0,1.7805090916961097
landshuter_allee,catboost,summer_2024,952,39,6.676027666154401,5.0,1.6760276661544014
landshuter_allee,catboost,summer_2024,953,39,6.841736274429673,6.0,0.8417362744296728
landshuter_allee,catboost,summer_2024,954,39,7.180222689944772,6.0,1.180222689944772
landshuter_allee,catboost,summer_2024,955,39,8.7443388383736,7.0,1.7443388383736007
landshuter_allee,catboost,summer_2024,956,39,10.90135795956869,11.0,0.09864204043130975
landshuter_allee,catboost,summer_2024,957,39,11.14238656422425,12.0,0.8576134357757503
landshuter_allee,catboost,summer_2024,958,39,10.01547694727066,9.0,1.0154769472706597
landshuter_allee,catboost,summer_2024,959,39,9.403716697664493,8.0,1.4037166976644926
landshuter_allee,catboost,summer_2024,960,40,8.570804176551453,7.0,1.5708041765514533
landshuter_allee,catboost,summer_2024,961,40,8.125688414117672,8.0,0.12568841411767195
landshuter_allee,catboost,summer_2024,962,40,7.448646527145462,7.0,0.4486465271454616
landshuter_allee,catboost,summer_2024,963,40,7.085004521379276,7.0,0.08500452137927628
landshuter_allee,catboost,summer_2024,964,40,7.32461707836481,7.0,0.3246170783648097
landshuter_allee,catboost,summer_2024,965,40,7.53592599609842,7.0,0.5359259960984204
landshuter_allee,catboost,summer_2024,966,40,8.102204584684614,7.0,1.102204584684614
landshuter_allee,catboost,summer_2024,967,40,7.869240855986462,7.0,0.8692408559864617
landshuter_allee,catboost,summer_2024,968,40,7.684572404604112,6.0,1.6845724046041122
landshuter_allee,catboost,summer_2024,969,40,7.4442496289370705,5.0,2.4442496289370705
landshuter_allee,catboost,summer_2024,970,40,7.479259740928574,6.0,1.4792597409285744
landshuter_allee,catboost,summer_2024,971,40,8.070110789412043,7.0,1.070110789412043
landshuter_allee,catboost,summer_2024,972,40,8.213169526049885,7.0,1.2131695260498851
landshuter_allee,catboost,summer_2024,973,40,8.527148546865469,7.0,1.5271485468654689
landshuter_allee,catboost,summer_2024,974,40,8.575428102902661,8.0,0.5754281029026611
landshuter_allee,catboost,summer_2024,975,40,8.417570233821513,8.0,0.4175702338215128
landshuter_allee,catboost,summer_2024,976,40,8.35847871791956,7.0,1.35847871791956
landshuter_allee,catboost,summer_2024,977,40,8.312218113269656,8.0,0.3122181132696564
landshuter_allee,catboost,summer_2024,978,40,8.474916933607169,8.0,0.4749169336071688
landshuter_allee,catboost,summer_2024,979,40,9.605145379198452,9.0,0.6051453791984525
landshuter_allee,catboost,summer_2024,980,40,11.964007192222349,12.0,0.03599280777765124
landshuter_allee,catboost,summer_2024,981,40,13.919770570734189,14.0,0.08022942926581145
landshuter_allee,catboost,summer_2024,982,40,15.603946756217717,15.0,0.6039467562177165
landshuter_allee,catboost,summer_2024,983,40,16.599720446655162,15.0,1.5997204466551622
landshuter_allee,catboost,summer_2024,984,41,17.799956690551255,18.0,0.20004330944874482
landshuter_allee,catboost,summer_2024,985,41,17.779464261829325,19.0,1.2205357381706747
landshuter_allee,catboost,summer_2024,986,41,16.735456812312727,17.0,0.2645431876872735
landshuter_allee,catboost,summer_2024,987,41,17.284013386247036,15.0,2.284013386247036
landshuter_allee,catboost,summer_2024,988,41,17.110552397196045,15.0,2.110552397196045
landshuter_allee,catboost,summer_2024,989,41,16.135210397211114,13.0,3.1352103972111145
landshuter_allee,catboost,summer_2024,990,41,15.415457888749625,13.0,2.415457888749625
landshuter_allee,catboost,summer_2024,991,41,13.334673779955267,13.0,0.33467377995526704
landshuter_allee,catboost,summer_2024,992,41,11.173910867092744,11.0,0.17391086709274362
landshuter_allee,catboost,summer_2024,993,41,10.448348105007938,9.0,1.4483481050079376
landshuter_allee,catboost,summer_2024,994,41,10.053935287887153,9.0,1.0539352878871533
landshuter_allee,catboost,summer_2024,995,41,9.776602029161433,9.0,0.7766020291614328
landshuter_allee,catboost,summer_2024,996,41,9.623579464246056,9.0,0.6235794642460561
landshuter_allee,catboost,summer_2024,997,41,9.595025330617265,8.0,1.5950253306172648
landshuter_allee,catboost,summer_2024,998,41,8.962783644456335,8.0,0.9627836444563354
landshuter_allee,catboost,summer_2024,999,41,8.341491096147868,7.0,1.3414910961478679
landshuter_allee,catboost,summer_2024,1000,41,7.64019132723328,6.0,1.6401913272332802
landshuter_allee,catboost,summer_2024,1001,41,7.367929609888628,6.0,1.3679296098886278
landshuter_allee,catboost,summer_2024,1002,41,7.4640478273187565,7.0,0.4640478273187565
landshuter_allee,catboost,summer_2024,1003,41,8.479852978370538,7.0,1.4798529783705376
landshuter_allee,catboost,summer_2024,1004,41,10.249238238303175,9.0,1.2492382383031746
landshuter_allee,catboost,summer_2024,1005,41,11.084081179300888,11.0,0.08408117930088821
landshuter_allee,catboost,summer_2024,1006,41,10.707211872706283,10.0,0.7072118727062833
landshuter_allee,catboost,summer_2024,1007,41,10.267402067031636,9.0,1.267402067031636
landshuter_allee,catboost,summer_2024,1008,42,10.131571292312389,8.0,2.1315712923123886
landshuter_allee,catboost,summer_2024,1009,42,10.118993493729233,8.0,2.118993493729233
landshuter_allee,catboost,summer_2024,1010,42,10.443872990803513,8.0,2.443872990803513
landshuter_allee,catboost,summer_2024,1011,42,10.755892277750146,9.0,1.7558922777501458
landshuter_allee,catboost,summer_2024,1012,42,11.539411045223227,10.0,1.5394110452232272
landshuter_allee,catboost,summer_2024,1013,42,12.444804770809219,10.0,2.4448047708092187
landshuter_allee,catboost,summer_2024,1014,42,12.052125194881292,9.0,3.0521251948812917
landshuter_allee,catboost,summer_2024,1015,42,11.245052034225445,9.0,2.245052034225445
landshuter_allee,catboost,summer_2024,1016,42,10.81984252290118,9.0,1.8198425229011796
landshuter_allee,catboost,summer_2024,1017,42,10.992448426661877,10.0,0.9924484266618769
landshuter_allee,catboost,summer_2024,1018,42,11.471358030214402,11.0,0.47135803021440204
landshuter_allee,catboost,summer_2024,1019,42,12.382547280678297,13.0,0.6174527193217028
landshuter_allee,catboost,summer_2024,1020,42,13.421797896662152,14.0,0.5782021033378477
landshuter_allee,catboost,summer_2024,1021,42,13.437221567639487,13.0,0.4372215676394866
landshuter_allee,catboost,summer_2024,1022,42,12.684302546735736,11.0,1.6843025467357364
landshuter_allee,catboost,summer_2024,1023,42,11.649999767603473,11.0,0.6499997676034734
landshuter_allee,catboost,summer_2024,1024,42,11.226961109079234,10.0,1.2269611090792338
landshuter_allee,catboost,summer_2024,1025,42,12.040520917880544,10.0,2.040520917880544
landshuter_allee,catboost,summer_2024,1026,42,11.96218998983979,10.0,1.9621899898397892
landshuter_allee,catboost,summer_2024,1027,42,11.85607439882509,12.0,0.14392560117491016
landshuter_allee,catboost,summer_2024,1028,42,11.986357253143229,14.0,2.013642746856771
landshuter_allee,catboost,summer_2024,1029,42,11.986597130558817,13.0,1.0134028694411832
landshuter_allee,catboost,summer_2024,1030,42,11.642541482344614,14.0,2.3574585176553864
landshuter_allee,catboost,summer_2024,1031,42,11.894608594238305,17.0,5.105391405761695
landshuter_allee,catboost,summer_2024,1032,43,13.541455601108844,19.0,5.458544398891156
landshuter_allee,catboost,summer_2024,1033,43,13.16952108697947,15.0,1.8304789130205297
landshuter_allee,catboost,summer_2024,1034,43,12.002893567315233,13.0,0.9971064326847667
landshuter_allee,catboost,summer_2024,1035,43,11.190040540720924,13.0,1.8099594592790762
landshuter_allee,catboost,summer_2024,1036,43,11.291979239299339,13.0,1.708020760700661
landshuter_allee,catboost,summer_2024,1037,43,11.414418199355676,13.0,1.5855818006443236
landshuter_allee,catboost,summer_2024,1038,43,11.156105295059662,13.0,1.8438947049403378
landshuter_allee,catboost,summer_2024,1039,43,9.822133731770444,11.0,1.1778662682295558
landshuter_allee,catboost,summer_2024,1040,43,8.691789130114525,7.0,1.6917891301145254
landshuter_allee,catboost,summer_2024,1041,43,8.302789495217544,7.0,1.302789495217544
landshuter_allee,catboost,summer_2024,1042,43,8.368220055895366,9.0,0.6317799441046343
landshuter_allee,catboost,summer_2024,1043,43,8.512404434939583,9.0,0.4875955650604169
landshuter_allee,catboost,summer_2024,1044,43,8.712988458129448,10.0,1.2870115418705517
landshuter_allee,catboost,summer_2024,1045,43,8.95691759348218,10.0,1.0430824065178204
landshuter_allee,catboost,summer_2024,1046,43,8.93830873532518,10.0,1.0616912646748204
landshuter_allee,catboost,summer_2024,1047,43,8.899146225519306,9.0,0.10085377448069366
landshuter_allee,catboost,summer_2024,1048,43,8.894527933490723,9.0,0.10547206650927698
landshuter_allee,catboost,summer_2024,1049,43,7.901446342438666,7.0,0.9014463424386658
landshuter_allee,catboost,summer_2024,1050,43,7.187589966379925,7.0,0.18758996637992542
landshuter_allee,catboost,summer_2024,1051,43,6.218554200443797,6.0,0.2185542004437968
landshuter_allee,catboost,summer_2024,1052,43,5.575903292629279,5.0,0.5759032926292793
landshuter_allee,catboost,summer_2024,1053,43,4.346749107381856,4.0,0.34674910738185627
landshuter_allee,catboost,summer_2024,1054,43,3.7588794474629132,4.0,0.24112055253708675
landshuter_allee,catboost,summer_2024,1055,43,3.7997182515617878,4.0,0.20028174843821223
landshuter_allee,catboost,autumn_2024,0,0,5.55801837428299,5.0,0.5580183742829901
landshuter_allee,catboost,autumn_2024,1,0,4.631714491174993,4.0,0.6317144911749928
landshuter_allee,catboost,autumn_2024,2,0,3.8245987070902707,3.0,0.8245987070902707
landshuter_allee,catboost,autumn_2024,3,0,4.274504718432723,4.0,0.2745047184327234
landshuter_allee,catboost,autumn_2024,4,0,4.748077197431471,4.0,0.7480771974314706
landshuter_allee,catboost,autumn_2024,5,0,5.805395793089039,5.0,0.8053957930890387
landshuter_allee,catboost,autumn_2024,6,0,7.037297173981889,6.0,1.037297173981889
landshuter_allee,catboost,autumn_2024,7,0,8.006719861953634,6.0,2.006719861953634
landshuter_allee,catboost,autumn_2024,8,0,8.058330927154746,6.0,2.0583309271547456
landshuter_allee,catboost,autumn_2024,9,0,7.979500911997655,7.0,0.979500911997655
landshuter_allee,catboost,autumn_2024,10,0,7.933341598648417,7.0,0.9333415986484166
landshuter_allee,catboost,autumn_2024,11,0,8.071635678382156,6.0,2.0716356783821563
landshuter_allee,catboost,autumn_2024,12,0,8.16743672706189,5.0,3.16743672706189
landshuter_allee,catboost,autumn_2024,13,0,7.745703724603786,4.0,3.7457037246037856
landshuter_allee,catboost,autumn_2024,14,0,6.649088666169558,3.0,3.6490886661695576
landshuter_allee,catboost,autumn_2024,15,0,6.15214961394885,3.0,3.1521496139488496
landshuter_allee,catboost,autumn_2024,16,0,5.557605067118512,3.0,2.557605067118512
landshuter_allee,catboost,autumn_2024,17,0,5.532178715152978,3.0,2.5321787151529778
landshuter_allee,catboost,autumn_2024,18,0,5.699906643759994,3.0,2.699906643759994
landshuter_allee,catboost,autumn_2024,19,0,5.9341195484270965,3.0,2.9341195484270965
landshuter_allee,catboost,autumn_2024,20,0,6.113035929932056,3.0,3.113035929932056
landshuter_allee,catboost,autumn_2024,21,0,5.8080441469371795,3.0,2.8080441469371795
landshuter_allee,catboost,autumn_2024,22,0,5.863970990341964,4.0,1.8639709903419641
landshuter_allee,catboost,autumn_2024,23,0,5.72857084986572,4.0,1.7285708498657204
landshuter_allee,catboost,autumn_2024,24,1,5.915708637449546,3.0,2.915708637449546
landshuter_allee,catboost,autumn_2024,25,1,6.751721709791399,4.0,2.751721709791399
landshuter_allee,catboost,autumn_2024,26,1,8.038905069462514,5.0,3.0389050694625137
landshuter_allee,catboost,autumn_2024,27,1,8.502766817837465,5.0,3.5027668178374647
landshuter_allee,catboost,autumn_2024,28,1,8.594487890672966,5.0,3.5944878906729656
landshuter_allee,catboost,autumn_2024,29,1,8.180428401003201,4.0,4.180428401003201
landshuter_allee,catboost,autumn_2024,30,1,7.2855715450268175,4.0,3.2855715450268175
landshuter_allee,catboost,autumn_2024,31,1,5.5048432649647205,3.0,2.5048432649647205
landshuter_allee,catboost,autumn_2024,32,1,4.986646599553801,4.0,0.9866465995538007
landshuter_allee,catboost,autumn_2024,33,1,4.158818899264414,3.0,1.1588188992644142
landshuter_allee,catboost,autumn_2024,34,1,3.4001993874840712,2.0,1.4001993874840712
landshuter_allee,catboost,autumn_2024,35,1,2.6005350414664186,2.0,0.6005350414664186
landshuter_allee,catboost,autumn_2024,36,1,2.47926864234544,2.0,0.4792686423454402
landshuter_allee,catboost,autumn_2024,37,1,1.9983325564396015,2.0,0.001667443560398496
landshuter_allee,catboost,autumn_2024,38,1,1.9932168090672082,2.0,0.006783190932791783
landshuter_allee,catboost,autumn_2024,39,1,2.1343508954883728,2.0,0.13435089548837276
landshuter_allee,catboost,autumn_2024,40,1,2.8228387171803266,3.0,0.17716128281967336
landshuter_allee,catboost,autumn_2024,41,1,3.684174805001769,3.0,0.6841748050017689
landshuter_allee,catboost,autumn_2024,42,1,5.257248458199342,4.0,1.2572484581993422
landshuter_allee,catboost,autumn_2024,43,1,7.7175162548498335,6.0,1.7175162548498335
landshuter_allee,catboost,autumn_2024,44,1,8.904623142952362,6.0,2.904623142952362
landshuter_allee,catboost,autumn_2024,45,1,8.917800908883656,6.0,2.917800908883656
landshuter_allee,catboost,autumn_2024,46,1,10.157612416256377,7.0,3.1576124162563772
landshuter_allee,catboost,autumn_2024,47,1,9.673099194588016,7.0,2.6730991945880156
landshuter_allee,catboost,autumn_2024,48,2,9.679742512671744,9.0,0.6797425126717442
landshuter_allee,catboost,autumn_2024,49,2,8.626616007689833,8.0,0.626616007689833
landshuter_allee,catboost,autumn_2024,50,2,7.877702782761907,7.0,0.877702782761907
landshuter_allee,catboost,autumn_2024,51,2,6.8472381406108225,6.0,0.8472381406108225
landshuter_allee,catboost,autumn_2024,52,2,7.326295107815066,7.0,0.3262951078150662
landshuter_allee,catboost,autumn_2024,53,2,8.195027498663219,10.0,1.8049725013367812
landshuter_allee,catboost,autumn_2024,54,2,8.762093777202459,10.0,1.237906222797541
landshuter_allee,catboost,autumn_2024,55,2,10.385679054100594,15.0,4.614320945899406
landshuter_allee,catboost,autumn_2024,56,2,11.73182346473288,16.0,4.26817653526712
landshuter_allee,catboost,autumn_2024,57,2,11.71464239680328,12.0,0.28535760319672043
landshuter_allee,catboost,autumn_2024,58,2,10.521344808246303,9.0,1.5213448082463028
landshuter_allee,catboost,autumn_2024,59,2,9.28244098556666,10.0,0.7175590144333395
landshuter_allee,catboost,autumn_2024,60,2,7.703194325439285,8.0,0.2968056745607148
landshuter_allee,catboost,autumn_2024,61,2,6.826633825489768,7.0,0.17336617451023173
landshuter_allee,catboost,autumn_2024,62,2,6.636860858887664,7.0,0.36313914111233636
landshuter_allee,catboost,autumn_2024,63,2,6.366285332576842,7.0,0.633714667423158
landshuter_allee,catboost,autumn_2024,64,2,6.296248569685867,7.0,0.7037514303141332
landshuter_allee,catboost,autumn_2024,65,2,6.965175769775517,9.0,2.0348242302244834
landshuter_allee,catboost,autumn_2024,66,2,7.283688898727444,8.0,0.7163111012725558
landshuter_allee,catboost,autumn_2024,67,2,6.66942086940766,7.0,0.3305791305923398
landshuter_allee,catboost,autumn_2024,68,2,7.09970423529862,8.0,0.9002957647013803
landshuter_allee,catboost,autumn_2024,69,2,6.582130033770992,6.0,0.5821300337709916
landshuter_allee,catboost,autumn_2024,70,2,6.198010858436578,6.0,0.19801085843657784
landshuter_allee,catboost,autumn_2024,71,2,5.651451477118082,6.0,0.3485485228819183
landshuter_allee,catboost,autumn_2024,72,3,5.355144768558501,7.0,1.6448552314414986
landshuter_allee,catboost,autumn_2024,73,3,5.620860377663945,8.0,2.379139622336055
landshuter_allee,catboost,autumn_2024,74,3,5.358926036529978,8.0,2.6410739634700224
landshuter_allee,catboost,autumn_2024,75,3,4.842907612851067,6.0,1.157092387148933
landshuter_allee,catboost,autumn_2024,76,3,4.745911379982054,5.0,0.25408862001794574
landshuter_allee,catboost,autumn_2024,77,3,5.198779784837792,6.0,0.8012202151622079
landshuter_allee,catboost,autumn_2024,78,3,5.562837152653593,6.0,0.4371628473464071
landshuter_allee,catboost,autumn_2024,79,3,5.510197513198634,6.0,0.4898024868013664
landshuter_allee,catboost,autumn_2024,80,3,5.69741071048173,7.0,1.30258928951827
landshuter_allee,catboost,autumn_2024,81,3,6.121061392776077,7.0,0.8789386072239234
landshuter_allee,catboost,autumn_2024,82,3,5.758891065239503,6.0,0.2411089347604971
landshuter_allee,catboost,autumn_2024,83,3,5.431362009416337,6.0,0.5686379905836629
landshuter_allee,catboost,autumn_2024,84,3,4.6256137097619785,5.0,0.3743862902380215
landshuter_allee,catboost,autumn_2024,85,3,3.922486297597646,4.0,0.07751370240235378
landshuter_allee,catboost,autumn_2024,86,3,3.5631650833502633,4.0,0.4368349166497367
landshuter_allee,catboost,autumn_2024,87,3,3.7150102777360168,4.0,0.2849897222639832
landshuter_allee,catboost,autumn_2024,88,3,3.753233631246129,4.0,0.24676636875387103
landshuter_allee,catboost,autumn_2024,89,3,4.484379722764815,5.0,0.5156202772351852
landshuter_allee,catboost,autumn_2024,90,3,5.408492121137675,7.0,1.5915078788623251
landshuter_allee,catboost,autumn_2024,91,3,5.741761880571934,6.0,0.25823811942806607
landshuter_allee,catboost,autumn_2024,92,3,5.728119197915019,6.0,0.271880802084981
landshuter_allee,catboost,autumn_2024,93,3,5.554729863438635,6.0,0.4452701365613647
landshuter_allee,catboost,autumn_2024,94,3,5.4071219331645555,6.0,0.5928780668354445
landshuter_allee,catboost,autumn_2024,95,3,6.0976561920198185,7.0,0.9023438079801815
landshuter_allee,catboost,autumn_2024,96,4,6.579435310908781,6.0,0.5794353109087806
landshuter_allee,catboost,autumn_2024,97,4,7.689388140996336,7.0,0.6893881409963356
landshuter_allee,catboost,autumn_2024,98,4,8.234725336576867,7.0,1.234725336576867
landshuter_allee,catboost,autumn_2024,99,4,8.09136992414986,6.0,2.091369924149859
landshuter_allee,catboost,autumn_2024,100,4,9.041676122531065,7.0,2.041676122531065
landshuter_allee,catboost,autumn_2024,101,4,8.963090510160303,6.0,2.9630905101603027
landshuter_allee,catboost,autumn_2024,102,4,8.557728301693578,7.0,1.5577283016935777
landshuter_allee,catboost,autumn_2024,103,4,8.812040980453727,7.0,1.8120409804537267
landshuter_allee,catboost,autumn_2024,104,4,8.807455654494468,6.0,2.8074556544944684
landshuter_allee,catboost,autumn_2024,105,4,7.59723675690386,5.0,2.59723675690386
landshuter_allee,catboost,autumn_2024,106,4,6.359943369859406,4.0,2.3599433698594057
landshuter_allee,catboost,autumn_2024,107,4,5.562535271201353,4.0,1.5625352712013534
landshuter_allee,catboost,autumn_2024,108,4,4.810642194251993,4.0,0.8106421942519928
landshuter_allee,catboost,autumn_2024,109,4,4.91230437124756,6.0,1.0876956287524404
landshuter_allee,catboost,autumn_2024,110,4,5.356929133167333,7.0,1.6430708668326668
landshuter_allee,catboost,autumn_2024,111,4,5.500922457260467,6.0,0.4990775427395331
landshuter_allee,catboost,autumn_2024,112,4,6.393534071478778,7.0,0.6064659285212217
landshuter_allee,catboost,autumn_2024,113,4,6.708827260732917,7.0,0.29117273926708265
landshuter_allee,catboost,autumn_2024,114,4,7.7625330294876,8.0,0.23746697051239973
landshuter_allee,catboost,autumn_2024,115,4,6.9422058653734995,5.0,1.9422058653734995
landshuter_allee,catboost,autumn_2024,116,4,6.6294173361964175,6.0,0.6294173361964175
landshuter_allee,catboost,autumn_2024,117,4,6.699550830543669,6.0,0.6995508305436688
landshuter_allee,catboost,autumn_2024,118,4,7.482432175271646,8.0,0.5175678247283537
landshuter_allee,catboost,autumn_2024,119,4,8.4151362157097,10.0,1.5848637842903006
landshuter_allee,catboost,autumn_2024,120,5,9.60000001752784,11.0,1.3999999824721598
landshuter_allee,catboost,autumn_2024,121,5,10.471251126082379,11.0,0.5287488739176212
landshuter_allee,catboost,autumn_2024,122,5,9.821172763032319,10.0,0.1788272369676811
landshuter_allee,catboost,autumn_2024,123,5,7.415037337763755,6.0,1.4150373377637546
landshuter_allee,catboost,autumn_2024,124,5,6.079522437759389,6.0,0.07952243775938861
landshuter_allee,catboost,autumn_2024,125,5,5.007611479112788,5.0,0.007611479112788366
landshuter_allee,catboost,autumn_2024,126,5,4.809317191792573,5.0,0.190682808207427
landshuter_allee,catboost,autumn_2024,127,5,5.054057553946203,5.0,0.05405755394620293
landshuter_allee,catboost,autumn_2024,128,5,4.941518335757088,4.0,0.9415183357570882
landshuter_allee,catboost,autumn_2024,129,5,4.655084135192565,4.0,0.6550841351925651
landshuter_allee,catboost,autumn_2024,130,5,4.369694734478864,3.0,1.3696947344788644
landshuter_allee,catboost,autumn_2024,131,5,3.2367055655076538,3.0,0.23670556550765376
landshuter_allee,catboost,autumn_2024,132,5,2.8215520479726557,2.0,0.8215520479726557
landshuter_allee,catboost,autumn_2024,133,5,2.7155731438338595,2.0,0.7155731438338595
landshuter_allee,catboost,autumn_2024,134,5,2.788731804304657,3.0,0.21126819569534305
landshuter_allee,catboost,autumn_2024,135,5,3.1703639370349235,2.0,1.1703639370349235
landshuter_allee,catboost,autumn_2024,136,5,3.675397447534298,3.0,0.6753974475342979
landshuter_allee,catboost,autumn_2024,137,5,4.715886118639147,4.0,0.7158861186391468
landshuter_allee,catboost,autumn_2024,138,5,5.533176589884015,4.0,1.5331765898840146
landshuter_allee,catboost,autumn_2024,139,5,6.266240446594651,7.0,0.7337595534053492
landshuter_allee,catboost,autumn_2024,140,5,7.136093843302612,8.0,0.8639061566973876
landshuter_allee,catboost,autumn_2024,141,5,7.160585553449095,8.0,0.8394144465509052
landshuter_allee,catboost,autumn_2024,142,5,6.108661195831592,5.0,1.1086611958315924
landshuter_allee,catboost,autumn_2024,143,5,4.911349444232192,4.0,0.9113494442321919
landshuter_allee,catboost,autumn_2024,144,6,4.78892759172097,6.0,1.2110724082790298
landshuter_allee,catboost,autumn_2024,145,6,4.869052987238487,7.0,2.1309470127615127
landshuter_allee,catboost,autumn_2024,146,6,5.03356036845187,7.0,1.9664396315481296
landshuter_allee,catboost,autumn_2024,147,6,4.815656425672935,6.0,1.1843435743270652
landshuter_allee,catboost,autumn_2024,148,6,4.963703551723533,6.0,1.0362964482764667
landshuter_allee,catboost,autumn_2024,149,6,5.60322249931846,6.0,0.39677750068153994
landshuter_allee,catboost,autumn_2024,150,6,5.588604738051335,6.0,0.41139526194866516
landshuter_allee,catboost,autumn_2024,151,6,5.222426817663272,6.0,0.7775731823367282
landshuter_allee,catboost,autumn_2024,152,6,5.059733327544948,6.0,0.9402666724550519
landshuter_allee,catboost,autumn_2024,153,6,4.460993346342851,6.0,1.5390066536571494
landshuter_allee,catboost,autumn_2024,154,6,4.4554169844270035,4.0,0.4554169844270035
landshuter_allee,catboost,autumn_2024,155,6,3.9914496487354354,3.0,0.9914496487354354
landshuter_allee,catboost,autumn_2024,156,6,4.263184767071961,4.0,0.26318476707196137
landshuter_allee,catboost,autumn_2024,157,6,4.152895671084652,3.0,1.1528956710846519
landshuter_allee,catboost,autumn_2024,158,6,3.8095519125461896,3.0,0.8095519125461896
landshuter_allee,catboost,autumn_2024,159,6,4.233555517930146,3.0,1.2335555179301458
landshuter_allee,catboost,autumn_2024,160,6,4.424006884058352,3.0,1.4240068840583522
landshuter_allee,catboost,autumn_2024,161,6,5.665252558172524,5.0,0.6652525581725239
landshuter_allee,catboost,autumn_2024,162,6,7.953399537591899,7.0,0.9533995375918991
landshuter_allee,catboost,autumn_2024,163,6,9.679572834723878,7.0,2.679572834723878
landshuter_allee,catboost,autumn_2024,164,6,11.11561126483936,8.0,3.1156112648393606
landshuter_allee,catboost,autumn_2024,165,6,11.606482544645665,8.0,3.606482544645665
landshuter_allee,catboost,autumn_2024,166,6,12.104853141397536,8.0,4.104853141397536
landshuter_allee,catboost,autumn_2024,167,6,11.071147511000904,7.0,4.071147511000904
landshuter_allee,catboost,autumn_2024,168,7,10.754495758702305,7.0,3.754495758702305
landshuter_allee,catboost,autumn_2024,169,7,10.305132019801174,8.0,2.3051320198011744
landshuter_allee,catboost,autumn_2024,170,7,9.625117128108934,8.0,1.6251171281089345
landshuter_allee,catboost,autumn_2024,171,7,9.30907505478528,8.0,1.3090750547852803
landshuter_allee,catboost,autumn_2024,172,7,8.45503168202468,7.0,1.4550316820246803
landshuter_allee,catboost,autumn_2024,173,7,8.62460749024493,7.0,1.6246074902449301
landshuter_allee,catboost,autumn_2024,174,7,9.342885453622191,8.0,1.3428854536221912
landshuter_allee,catboost,autumn_2024,175,7,10.453472711409576,9.0,1.4534727114095762
landshuter_allee,catboost,autumn_2024,176,7,10.636391032479192,8.0,2.6363910324791924
landshuter_allee,catboost,autumn_2024,177,7,11.613382808685063,9.0,2.6133828086850635
landshuter_allee,catboost,autumn_2024,178,7,11.179755605437391,8.0,3.179755605437391
landshuter_allee,catboost,autumn_2024,179,7,10.620212617304905,8.0,2.6202126173049045
landshuter_allee,catboost,autumn_2024,180,7,9.653379294054112,8.0,1.6533792940541119
landshuter_allee,catboost,autumn_2024,181,7,8.841678323917153,7.0,1.8416783239171526
landshuter_allee,catboost,autumn_2024,182,7,8.598020126671631,7.0,1.5980201266716314
landshuter_allee,catboost,autumn_2024,183,7,9.21136626188303,8.0,1.2113662618830308
landshuter_allee,catboost,autumn_2024,184,7,9.364433601140819,7.0,2.364433601140819
landshuter_allee,catboost,autumn_2024,185,7,8.086941349346011,5.0,3.086941349346011
landshuter_allee,catboost,autumn_2024,186,7,8.441042481035225,8.0,0.44104248103522536
landshuter_allee,catboost,autumn_2024,187,7,7.2281440790287,5.0,2.2281440790287004
landshuter_allee,catboost,autumn_2024,188,7,6.172245004783547,4.0,2.172245004783547
landshuter_allee,catboost,autumn_2024,189,7,4.879186513468754,4.0,0.8791865134687544
landshuter_allee,catboost,autumn_2024,190,7,3.8421578414423356,3.0,0.8421578414423356
landshuter_allee,catboost,autumn_2024,191,7,2.9704736334020154,2.0,0.9704736334020154
landshuter_allee,catboost,autumn_2024,192,8,2.3715602093280044,2.0,0.3715602093280044
landshuter_allee,catboost,autumn_2024,193,8,1.768850215761736,2.0,0.23114978423826393
landshuter_allee,catboost,autumn_2024,194,8,1.6247354684838253,1.0,0.6247354684838253
landshuter_allee,catboost,autumn_2024,195,8,1.4714090820623298,1.0,0.4714090820623298
landshuter_allee,catboost,autumn_2024,196,8,1.8288304065923775,1.0,0.8288304065923775
landshuter_allee,catboost,autumn_2024,197,8,2.659803864965614,2.0,0.6598038649656139
landshuter_allee,catboost,autumn_2024,198,8,3.446435045964755,2.0,1.4464350459647548
landshuter_allee,catboost,autumn_2024,199,8,3.0447865751937098,2.0,1.0447865751937098
landshuter_allee,catboost,autumn_2024,200,8,2.8424191425339504,2.0,0.8424191425339504
landshuter_allee,catboost,autumn_2024,201,8,1.8556979561029028,2.0,0.14430204389709722
landshuter_allee,catboost,autumn_2024,202,8,1.733055023211028,1.0,0.733055023211028
landshuter_allee,catboost,autumn_2024,203,8,1.523619651139466,2.0,0.47638034886053404
landshuter_allee,catboost,autumn_2024,204,8,1.5638200228666506,2.0,0.43617997713334944
landshuter_allee,catboost,autumn_2024,205,8,1.5589042549566958,2.0,0.4410957450433042
landshuter_allee,catboost,autumn_2024,206,8,1.7319425658062126,2.0,0.26805743419378736
landshuter_allee,catboost,autumn_2024,207,8,1.8571696557173833,2.0,0.14283034428261665
landshuter_allee,catboost,autumn_2024,208,8,2.22860621139443,2.0,0.22860621139443005
landshuter_allee,catboost,autumn_2024,209,8,3.014476357538509,3.0,0.014476357538509177
landshuter_allee,catboost,autumn_2024,210,8,3.5772059847426227,3.0,0.5772059847426227
landshuter_allee,catboost,autumn_2024,211,8,4.204748578249269,4.0,0.2047485782492693
landshuter_allee,catboost,autumn_2024,212,8,4.434317915608761,4.0,0.4343179156087613
landshuter_allee,catboost,autumn_2024,213,8,3.8004612746180193,4.0,0.1995387253819807
landshuter_allee,catboost,autumn_2024,214,8,3.636127150454155,4.0,0.363872849545845
landshuter_allee,catboost,autumn_2024,215,8,3.534245311725602,4.0,0.4657546882743979
landshuter_allee,catboost,autumn_2024,216,9,3.7046936928436063,5.0,1.2953063071563937
landshuter_allee,catboost,autumn_2024,217,9,4.002752679888614,6.0,1.997247320111386
landshuter_allee,catboost,autumn_2024,218,9,3.8497096823667043,5.0,1.1502903176332957
landshuter_allee,catboost,autumn_2024,219,9,3.5258139051798114,4.0,0.4741860948201886
landshuter_allee,catboost,autumn_2024,220,9,4.070388991083163,4.0,0.07038899108316343
landshuter_allee,catboost,autumn_2024,221,9,3.6305086515035754,4.0,0.3694913484964246
landshuter_allee,catboost,autumn_2024,222,9,3.60849454470436,3.0,0.6084945447043602
landshuter_allee,catboost,autumn_2024,223,9,3.5084621912310086,3.0,0.5084621912310086
landshuter_allee,catboost,autumn_2024,224,9,3.7914443225382035,4.0,0.20855567746179648
landshuter_allee,catboost,autumn_2024,225,9,3.658740997213778,4.0,0.3412590027862219
landshuter_allee,catboost,autumn_2024,226,9,3.651230762438476,4.0,0.3487692375615241
landshuter_allee,catboost,autumn_2024,227,9,3.572177591962074,4.0,0.42782240803792604
landshuter_allee,catboost,autumn_2024,228,9,3.5828210842798276,3.0,0.5828210842798276
landshuter_allee,catboost,autumn_2024,229,9,3.7360870068082477,3.0,0.7360870068082477
landshuter_allee,catboost,autumn_2024,230,9,3.706328578209755,3.0,0.7063285782097548
landshuter_allee,catboost,autumn_2024,231,9,4.842269168027106,4.0,0.8422691680271059
landshuter_allee,catboost,autumn_2024,232,9,5.346544616749651,5.0,0.3465446167496511
landshuter_allee,catboost,autumn_2024,233,9,6.128944012082267,6.0,0.12894401208226736
landshuter_allee,catboost,autumn_2024,234,9,6.091520700879331,6.0,0.09152070087933062
landshuter_allee,catboost,autumn_2024,235,9,4.958432950777776,3.0,1.9584329507777758
landshuter_allee,catboost,autumn_2024,236,9,4.102534561984686,3.0,1.1025345619846858
landshuter_allee,catboost,autumn_2024,237,9,3.6232088626604133,4.0,0.3767911373395867
landshuter_allee,catboost,autumn_2024,238,9,3.465711819946975,3.0,0.46571181994697497
landshuter_allee,catboost,autumn_2024,239,9,2.39444274752584,2.0,0.3944427475258401
landshuter_allee,catboost,autumn_2024,240,10,1.9190820473425472,2.0,0.08091795265745283
landshuter_allee,catboost,autumn_2024,241,10,1.9840699247529994,1.0,0.9840699247529994
landshuter_allee,catboost,autumn_2024,242,10,1.7819335208235625,1.0,0.7819335208235625
landshuter_allee,catboost,autumn_2024,243,10,1.8621494655897788,0.9,0.9621494655897788
landshuter_allee,catboost,autumn_2024,244,10,2.223666184210627,1.0,1.223666184210627
landshuter_allee,catboost,autumn_2024,245,10,2.6858938475287193,1.0,1.6858938475287193
landshuter_allee,catboost,autumn_2024,246,10,3.779361933460928,2.0,1.7793619334609279
landshuter_allee,catboost,autumn_2024,247,10,4.242861084861663,2.0,2.242861084861663
landshuter_allee,catboost,autumn_2024,248,10,3.879540428569552,2.0,1.8795404285695518
landshuter_allee,catboost,autumn_2024,249,10,4.06151765992458,2.0,2.06151765992458
landshuter_allee,catboost,autumn_2024,250,10,4.0233301132767565,2.0,2.0233301132767565
landshuter_allee,catboost,autumn_2024,251,10,3.86360541437326,2.0,1.8636054143732599
landshuter_allee,catboost,autumn_2024,252,10,3.8371227620893613,2.0,1.8371227620893613
landshuter_allee,catboost,autumn_2024,253,10,3.4390983142932203,2.0,1.4390983142932203
landshuter_allee,catboost,autumn_2024,254,10,3.409764697166466,2.0,1.409764697166466
landshuter_allee,catboost,autumn_2024,255,10,3.5229994708921133,3.0,0.5229994708921133
landshuter_allee,catboost,autumn_2024,256,10,4.362115897732544,2.0,2.3621158977325436
landshuter_allee,catboost,autumn_2024,257,10,4.934627912971525,3.0,1.934627912971525
landshuter_allee,catboost,autumn_2024,258,10,6.049910000289607,4.0,2.049910000289607
landshuter_allee,catboost,autumn_2024,259,10,7.656409940253896,5.0,2.656409940253896
landshuter_allee,catboost,autumn_2024,260,10,9.078330249760626,6.0,3.0783302497606257
landshuter_allee,catboost,autumn_2024,261,10,9.817739104915287,7.0,2.8177391049152867
landshuter_allee,catboost,autumn_2024,262,10,9.77620914605701,7.0,2.7762091460570097
landshuter_allee,catboost,autumn_2024,263,10,8.877850570336683,6.0,2.8778505703366832
landshuter_allee,catboost,autumn_2024,264,11,7.55958626552343,5.0,2.5595862655234303
landshuter_allee,catboost,autumn_2024,265,11,6.958525849018948,4.0,2.9585258490189483
landshuter_allee,catboost,autumn_2024,266,11,7.301224322849846,5.0,2.301224322849846
landshuter_allee,catboost,autumn_2024,267,11,7.283141601052211,4.0,3.283141601052211
landshuter_allee,catboost,autumn_2024,268,11,7.354837004438486,4.0,3.354837004438486
landshuter_allee,catboost,autumn_2024,269,11,7.27818825579961,4.0,3.27818825579961
landshuter_allee,catboost,autumn_2024,270,11,7.1689575954804905,5.0,2.1689575954804905
landshuter_allee,catboost,autumn_2024,271,11,6.765957450152584,4.0,2.765957450152584
landshuter_allee,catboost,autumn_2024,272,11,5.708944234714964,3.0,2.7089442347149637
landshuter_allee,catboost,autumn_2024,273,11,4.760109559206669,2.0,2.7601095592066693
landshuter_allee,catboost,autumn_2024,274,11,4.38865554886432,2.0,2.38865554886432
landshuter_allee,catboost,autumn_2024,275,11,3.5979827418750414,2.0,1.5979827418750414
landshuter_allee,catboost,autumn_2024,276,11,3.689681399719718,2.0,1.689681399719718
landshuter_allee,catboost,autumn_2024,277,11,3.879349497972502,3.0,0.8793494979725018
landshuter_allee,catboost,autumn_2024,278,11,4.148308675002008,3.0,1.1483086750020082
landshuter_allee,catboost,autumn_2024,279,11,4.5812597895698755,4.0,0.5812597895698755
landshuter_allee,catboost,autumn_2024,280,11,5.63993757232288,5.0,0.6399375723228804
landshuter_allee,catboost,autumn_2024,281,11,7.9271463363367225,10.0,2.0728536636632775
landshuter_allee,catboost,autumn_2024,282,11,10.940474644145475,12.0,1.0595253558545252
landshuter_allee,catboost,autumn_2024,283,11,12.222328173217596,12.0,0.2223281732175959
landshuter_allee,catboost,autumn_2024,284,11,10.439858535453745,8.0,2.4398585354537445
landshuter_allee,catboost,autumn_2024,285,11,7.694552060593159,6.0,1.6945520605931588
landshuter_allee,catboost,autumn_2024,286,11,6.158996249416729,5.0,1.1589962494167292
landshuter_allee,catboost,autumn_2024,287,11,5.219465369957804,6.0,0.7805346300421956
landshuter_allee,catboost,autumn_2024,288,12,4.829866273860811,5.0,0.17013372613918865
landshuter_allee,catboost,autumn_2024,289,12,4.358147709554626,3.0,1.3581477095546264
landshuter_allee,catboost,autumn_2024,290,12,3.330112178435356,2.0,1.330112178435356
landshuter_allee,catboost,autumn_2024,291,12,2.3583530004184574,2.0,0.3583530004184574
landshuter_allee,catboost,autumn_2024,292,12,1.9221411786574496,2.0,0.0778588213425504
landshuter_allee,catboost,autumn_2024,293,12,1.7875325051624174,2.0,0.21246749483758265
landshuter_allee,catboost,autumn_2024,294,12,1.7886845255241877,2.0,0.21131547447581234
landshuter_allee,catboost,autumn_2024,295,12,1.766512956762531,2.0,0.23348704323746894
landshuter_allee,catboost,autumn_2024,296,12,2.102006207487255,2.0,0.1020062074872552
landshuter_allee,catboost,autumn_2024,297,12,2.5369760231826763,3.0,0.46302397681732366
landshuter_allee,catboost,autumn_2024,298,12,3.488509123669872,4.0,0.5114908763301278
landshuter_allee,catboost,autumn_2024,299,12,3.760140323382533,5.0,1.239859676617467
landshuter_allee,catboost,autumn_2024,300,12,4.356158790518561,5.0,0.6438412094814394
landshuter_allee,catboost,autumn_2024,301,12,4.327686945760084,4.0,0.3276869457600844
landshuter_allee,catboost,autumn_2024,302,12,4.187737149229161,3.0,1.1877371492291608
landshuter_allee,catboost,autumn_2024,303,12,3.9952770466498464,3.0,0.9952770466498464
landshuter_allee,catboost,autumn_2024,304,12,4.318323924014057,3.0,1.3183239240140567
landshuter_allee,catboost,autumn_2024,305,12,4.845917639370798,3.0,1.8459176393707981
landshuter_allee,catboost,autumn_2024,306,12,5.498093297139203,4.0,1.498093297139203
landshuter_allee,catboost,autumn_2024,307,12,6.425267268103309,5.0,1.4252672681033092
landshuter_allee,catboost,autumn_2024,308,12,7.086537089065828,4.0,3.0865370890658284
landshuter_allee,catboost,autumn_2024,309,12,6.863227021612041,4.0,2.8632270216120412
landshuter_allee,catboost,autumn_2024,310,12,6.840490959773081,4.0,2.8404909597730814
landshuter_allee,catboost,autumn_2024,311,12,6.470862813673071,3.0,3.4708628136730706
landshuter_allee,catboost,autumn_2024,312,13,6.16380732641845,3.0,3.16380732641845
landshuter_allee,catboost,autumn_2024,313,13,5.085898656184461,3.0,2.085898656184461
landshuter_allee,catboost,autumn_2024,314,13,4.57492027487455,3.0,1.5749202748745503
landshuter_allee,catboost,autumn_2024,315,13,4.318483624817134,4.0,0.31848362481713366
landshuter_allee,catboost,autumn_2024,316,13,4.35447257008807,5.0,0.6455274299119296
landshuter_allee,catboost,autumn_2024,317,13,5.2164309403470925,6.0,0.7835690596529075
landshuter_allee,catboost,autumn_2024,318,13,6.509802697919984,7.0,0.49019730208001633
landshuter_allee,catboost,autumn_2024,319,13,7.400077580501832,9.0,1.599922419498168
landshuter_allee,catboost,autumn_2024,320,13,7.388438636056549,8.0,0.6115613639434514
landshuter_allee,catboost,autumn_2024,321,13,6.803238127850342,7.0,0.1967618721496578
landshuter_allee,catboost,autumn_2024,322,13,6.356332525207803,6.0,0.3563325252078027
landshuter_allee,catboost,autumn_2024,323,13,6.380719753528034,6.0,0.3807197535280338
landshuter_allee,catboost,autumn_2024,324,13,7.348694110943634,8.0,0.6513058890563661
landshuter_allee,catboost,autumn_2024,325,13,7.606789810930223,7.0,0.6067898109302234
landshuter_allee,catboost,autumn_2024,326,13,9.913213729118514,9.0,0.9132137291185138
landshuter_allee,catboost,autumn_2024,327,13,12.403823824942837,11.0,1.4038238249428368
landshuter_allee,catboost,autumn_2024,328,13,14.274463851929061,13.0,1.2744638519290614
landshuter_allee,catboost,autumn_2024,329,13,15.575752279193935,13.0,2.575752279193935
landshuter_allee,catboost,autumn_2024,330,13,15.851839320007286,14.0,1.8518393200072865
landshuter_allee,catboost,autumn_2024,331,13,14.596123820170297,13.0,1.5961238201702965
landshuter_allee,catboost,autumn_2024,332,13,8.661776108148233,8.0,0.6617761081482332
landshuter_allee,catboost,autumn_2024,333,13,5.964690610439493,6.0,0.03530938956050722
landshuter_allee,catboost,autumn_2024,334,13,6.690605398427972,8.0,1.309394601572028
landshuter_allee,catboost,autumn_2024,335,13,8.885823625883612,10.0,1.1141763741163881
landshuter_allee,catboost,autumn_2024,336,14,10.114882758301782,9.0,1.114882758301782
landshuter_allee,catboost,autumn_2024,337,14,10.231793455878867,8.0,2.231793455878867
landshuter_allee,catboost,autumn_2024,338,14,10.859321275881756,8.0,2.859321275881756
landshuter_allee,catboost,autumn_2024,339,14,10.538823531161478,8.0,2.538823531161478
landshuter_allee,catboost,autumn_2024,340,14,10.70843188429742,8.0,2.70843188429742
landshuter_allee,catboost,autumn_2024,341,14,12.032967510918292,10.0,2.032967510918292
landshuter_allee,catboost,autumn_2024,342,14,15.369511055407354,14.0,1.3695110554073544
landshuter_allee,catboost,autumn_2024,343,14,18.215851761943796,15.0,3.215851761943796
landshuter_allee,catboost,autumn_2024,344,14,20.269518224778135,17.0,3.2695182247781354
landshuter_allee,catboost,autumn_2024,345,14,21.351892049319872,17.0,4.351892049319872
landshuter_allee,catboost,autumn_2024,346,14,18.369917691269443,14.0,4.369917691269443
landshuter_allee,catboost,autumn_2024,347,14,15.297603601106832,11.0,4.297603601106832
landshuter_allee,catboost,autumn_2024,348,14,12.382408622501963,8.0,4.382408622501963
landshuter_allee,catboost,autumn_2024,349,14,10.461775654438398,8.0,2.461775654438398
landshuter_allee,catboost,autumn_2024,350,14,9.52778191599656,7.0,2.5277819159965595
landshuter_allee,catboost,autumn_2024,351,14,9.127637852014997,8.0,1.1276378520149972
landshuter_allee,catboost,autumn_2024,352,14,9.38725152837013,9.0,0.38725152837013077
landshuter_allee,catboost,autumn_2024,353,14,10.303695822956637,10.0,0.30369582295663733
landshuter_allee,catboost,autumn_2024,354,14,10.341801488599357,9.0,1.3418014885993568
landshuter_allee,catboost,autumn_2024,355,14,10.252344235394812,8.0,2.252344235394812
landshuter_allee,catboost,autumn_2024,356,14,10.091494603822124,8.0,2.091494603822124
landshuter_allee,catboost,autumn_2024,357,14,9.350866978872052,7.0,2.3508669788720518
landshuter_allee,catboost,autumn_2024,358,14,8.553488178358155,7.0,1.5534881783581547
landshuter_allee,catboost,autumn_2024,359,14,8.587965723665093,8.0,0.5879657236650928
landshuter_allee,catboost,autumn_2024,360,15,8.809498991057737,8.0,0.8094989910577368
landshuter_allee,catboost,autumn_2024,361,15,8.324684299816811,7.0,1.324684299816811
landshuter_allee,catboost,autumn_2024,362,15,7.417889221190184,6.0,1.4178892211901841
landshuter_allee,catboost,autumn_2024,363,15,6.543727881850815,5.0,1.543727881850815
landshuter_allee,catboost,autumn_2024,364,15,6.893018953725118,5.0,1.893018953725118
landshuter_allee,catboost,autumn_2024,365,15,7.273489683820831,6.0,1.2734896838208307
landshuter_allee,catboost,autumn_2024,366,15,7.335957886523055,6.0,1.3359578865230546
landshuter_allee,catboost,autumn_2024,367,15,7.117082360543164,6.0,1.1170823605431641
landshuter_allee,catboost,autumn_2024,368,15,6.94994547463316,5.0,1.94994547463316
landshuter_allee,catboost,autumn_2024,369,15,6.670246767648498,5.0,1.6702467676484982
landshuter_allee,catboost,autumn_2024,370,15,6.323912860078759,4.0,2.3239128600787593
landshuter_allee,catboost,autumn_2024,371,15,6.079784130096014,5.0,1.079784130096014
landshuter_allee,catboost,autumn_2024,372,15,5.285782079010468,5.0,0.2857820790104677
landshuter_allee,catboost,autumn_2024,373,15,5.1590886429168465,5.0,0.15908864291684655
landshuter_allee,catboost,autumn_2024,374,15,4.944696074340659,5.0,0.055303925659340614
landshuter_allee,catboost,autumn_2024,375,15,5.45030702207545,5.0,0.45030702207545037
landshuter_allee,catboost,autumn_2024,376,15,5.551736980256477,5.0,0.5517369802564769
landshuter_allee,catboost,autumn_2024,377,15,6.156644020708849,6.0,0.15664402070884886
landshuter_allee,catboost,autumn_2024,378,15,7.076082513351049,7.0,0.07608251335104921
landshuter_allee,catboost,autumn_2024,379,15,8.199796661515737,8.0,0.19979666151573738
landshuter_allee,catboost,autumn_2024,380,15,8.800283927997551,8.0,0.8002839279975511
landshuter_allee,catboost,autumn_2024,381,15,9.072154442156315,8.0,1.0721544421563145
landshuter_allee,catboost,autumn_2024,382,15,9.120728602821014,8.0,1.1207286028210142
landshuter_allee,catboost,autumn_2024,383,15,9.284270952756566,8.0,1.2842709527565663
landshuter_allee,catboost,autumn_2024,384,16,9.560178497064415,8.0,1.560178497064415
landshuter_allee,catboost,autumn_2024,385,16,9.924597902873472,8.0,1.9245979028734723
landshuter_allee,catboost,autumn_2024,386,16,10.555718028275628,8.0,2.5557180282756278
landshuter_allee,catboost,autumn_2024,387,16,10.722202339775388,8.0,2.7222023397753876
landshuter_allee,catboost,autumn_2024,388,16,10.904092781822468,8.0,2.9040927818224684
landshuter_allee,catboost,autumn_2024,389,16,11.203026517618882,8.0,3.2030265176188824
landshuter_allee,catboost,autumn_2024,390,16,13.097568179285181,10.0,3.0975681792851812
landshuter_allee,catboost,autumn_2024,391,16,14.392573954919298,11.0,3.392573954919298
landshuter_allee,catboost,autumn_2024,392,16,15.492185600378523,12.0,3.492185600378523
landshuter_allee,catboost,autumn_2024,393,16,15.837733242192312,13.0,2.8377332421923125
landshuter_allee,catboost,autumn_2024,394,16,15.203653677766344,12.0,3.2036536777663436
landshuter_allee,catboost,autumn_2024,395,16,13.676096658646198,11.0,2.6760966586461983
landshuter_allee,catboost,autumn_2024,396,16,11.642274809396211,9.0,2.642274809396211
landshuter_allee,catboost,autumn_2024,397,16,9.429419765464338,7.0,2.4294197654643384
landshuter_allee,catboost,autumn_2024,398,16,8.927841377200458,7.0,1.9278413772004583
landshuter_allee,catboost,autumn_2024,399,16,9.42977658286736,8.0,1.42977658286736
landshuter_allee,catboost,autumn_2024,400,16,9.977611586637359,8.0,1.9776115866373587
landshuter_allee,catboost,autumn_2024,401,16,11.848954898373771,9.0,2.848954898373771
landshuter_allee,catboost,autumn_2024,402,16,13.219271427975,10.0,3.2192714279750003
landshuter_allee,catboost,autumn_2024,403,16,14.215599854303248,11.0,3.215599854303248
landshuter_allee,catboost,autumn_2024,404,16,14.675812892366446,11.0,3.675812892366446
landshuter_allee,catboost,autumn_2024,405,16,14.449125678024846,11.0,3.4491256780248456
landshuter_allee,catboost,autumn_2024,406,16,14.363492300227914,11.0,3.3634923002279145
landshuter_allee,catboost,autumn_2024,407,16,14.031212012176395,10.0,4.031212012176395
landshuter_allee,catboost,autumn_2024,408,17,14.035764096704547,10.0,4.035764096704547
landshuter_allee,catboost,autumn_2024,409,17,14.508842863139833,11.0,3.508842863139833
landshuter_allee,catboost,autumn_2024,410,17,15.256888490875504,12.0,3.256888490875504
landshuter_allee,catboost,autumn_2024,411,17,16.30877623484986,12.0,4.308776234849859
landshuter_allee,catboost,autumn_2024,412,17,16.227881614070213,12.0,4.227881614070213
landshuter_allee,catboost,autumn_2024,413,17,16.20063520613531,12.0,4.20063520613531
landshuter_allee,catboost,autumn_2024,414,17,16.944599278143098,11.0,5.944599278143098
landshuter_allee,catboost,autumn_2024,415,17,17.05543595856537,11.0,6.0554359585653685
landshuter_allee,catboost,autumn_2024,416,17,17.53622234364214,12.0,5.536222343642141
landshuter_allee,catboost,autumn_2024,417,17,17.580947883316185,13.0,4.580947883316185
landshuter_allee,catboost,autumn_2024,418,17,17.57193498215552,15.0,2.5719349821555184
landshuter_allee,catboost,autumn_2024,419,17,17.63464126228117,16.0,1.6346412622811712
landshuter_allee,catboost,autumn_2024,420,17,18.20601578962245,17.0,1.2060157896224517
landshuter_allee,catboost,autumn_2024,421,17,19.075907884036674,16.0,3.075907884036674
landshuter_allee,catboost,autumn_2024,422,17,18.20317989423586,13.0,5.203179894235859
landshuter_allee,catboost,autumn_2024,423,17,18.065183526469113,14.0,4.065183526469113
landshuter_allee,catboost,autumn_2024,424,17,20.19824127886399,18.0,2.198241278863989
landshuter_allee,catboost,autumn_2024,425,17,23.64836984425826,22.0,1.6483698442582586
landshuter_allee,catboost,autumn_2024,426,17,25.91668305215991,22.0,3.916683052159911
landshuter_allee,catboost,autumn_2024,427,17,26.10752873894259,21.0,5.107528738942591
landshuter_allee,catboost,autumn_2024,428,17,24.240807336591324,21.0,3.240807336591324
landshuter_allee,catboost,autumn_2024,429,17,22.499426021364933,22.0,0.49942602136493264
landshuter_allee,catboost,autumn_2024,430,17,19.493229284740377,17.0,2.4932292847403765
landshuter_allee,catboost,autumn_2024,431,17,15.854516141580856,16.0,0.14548385841914424
landshuter_allee,catboost,autumn_2024,432,18,12.309794790087969,12.0,0.3097947900879685
landshuter_allee,catboost,autumn_2024,433,18,9.254961844270195,8.0,1.2549618442701949
landshuter_allee,catboost,autumn_2024,434,18,6.939208304043653,6.0,0.9392083040436532
landshuter_allee,catboost,autumn_2024,435,18,6.475164265621581,6.0,0.4751642656215811
landshuter_allee,catboost,autumn_2024,436,18,6.406004728657344,5.0,1.4060047286573436
landshuter_allee,catboost,autumn_2024,437,18,6.267105328519415,5.0,1.2671053285194152
landshuter_allee,catboost,autumn_2024,438,18,6.397663852693303,5.0,1.3976638526933032
landshuter_allee,catboost,autumn_2024,439,18,6.6743838959122215,5.0,1.6743838959122215
landshuter_allee,catboost,autumn_2024,440,18,6.882880971412619,5.0,1.882880971412619
landshuter_allee,catboost,autumn_2024,441,18,6.197148466550599,5.0,1.1971484665505994
landshuter_allee,catboost,autumn_2024,442,18,5.593121420947673,6.0,0.4068785790523268
landshuter_allee,catboost,autumn_2024,443,18,5.442687673784274,7.0,1.557312326215726
landshuter_allee,catboost,autumn_2024,444,18,5.377085352288342,7.0,1.6229146477116583
landshuter_allee,catboost,autumn_2024,445,18,5.284189297072008,6.0,0.7158107029279916
landshuter_allee,catboost,autumn_2024,446,18,6.125481912075328,8.0,1.8745180879246721
landshuter_allee,catboost,autumn_2024,447,18,7.970828296345656,12.0,4.029171703654344
landshuter_allee,catboost,autumn_2024,448,18,11.17798498432739,14.0,2.8220150156726103
landshuter_allee,catboost,autumn_2024,449,18,13.719084197464852,14.0,0.2809158025351479
landshuter_allee,catboost,autumn_2024,450,18,15.82445930913578,15.0,0.8244593091357793
landshuter_allee,catboost,autumn_2024,451,18,18.152548649452427,15.0,3.1525486494524273
landshuter_allee,catboost,autumn_2024,452,18,18.88382450394333,15.0,3.8838245039433303
landshuter_allee,catboost,autumn_2024,453,18,19.388701861176237,15.0,4.388701861176237
landshuter_allee,catboost,autumn_2024,454,18,19.727811286372194,17.0,2.7278112863721944
landshuter_allee,catboost,autumn_2024,455,18,19.191196060486618,16.0,3.191196060486618
landshuter_allee,catboost,autumn_2024,456,19,19.245540085935456,18.0,1.2455400859354562
landshuter_allee,catboost,autumn_2024,457,19,19.395020296970223,20.0,0.6049797030297768
landshuter_allee,catboost,autumn_2024,458,19,19.11290958478711,19.0,0.11290958478711133
landshuter_allee,catboost,autumn_2024,459,19,19.635297677676867,20.0,0.36470232232313293
landshuter_allee,catboost,autumn_2024,460,19,20.49809839653738,21.0,0.5019016034626205
landshuter_allee,catboost,autumn_2024,461,19,22.073979526026797,22.0,0.0739795260267968
landshuter_allee,catboost,autumn_2024,462,19,21.048871314860982,19.0,2.048871314860982
landshuter_allee,catboost,autumn_2024,463,19,20.27579376858298,18.0,2.2757937685829788
landshuter_allee,catboost,autumn_2024,464,19,19.30753949971887,16.0,3.307539499718871
landshuter_allee,catboost,autumn_2024,465,19,16.390360676181146,12.0,4.390360676181146
landshuter_allee,catboost,autumn_2024,466,19,13.139493873974619,10.0,3.1394938739746188
landshuter_allee,catboost,autumn_2024,467,19,10.23056295080468,8.0,2.2305629508046803
landshuter_allee,catboost,autumn_2024,468,19,8.734237162131803,8.0,0.7342371621318033
landshuter_allee,catboost,autumn_2024,469,19,7.678963596485241,7.0,0.6789635964852412
landshuter_allee,catboost,autumn_2024,470,19,8.16017941927159,8.0,0.1601794192715893
landshuter_allee,catboost,autumn_2024,471,19,8.04753690294593,8.0,0.04753690294593049
landshuter_allee,catboost,autumn_2024,472,19,8.352010978755578,8.0,0.35201097875557785
landshuter_allee,catboost,autumn_2024,473,19,9.002527227748352,9.0,0.0025272277483523453
landshuter_allee,catboost,autumn_2024,474,19,9.70663163501116,9.0,0.7066316350111599
landshuter_allee,catboost,autumn_2024,475,19,9.86903280539343,8.0,1.8690328053934309
landshuter_allee,catboost,autumn_2024,476,19,10.939661646911519,12.0,1.060338353088481
landshuter_allee,catboost,autumn_2024,477,19,11.243027455878506,11.0,0.24302745587850616
landshuter_allee,catboost,autumn_2024,478,19,11.735182843706095,12.0,0.2648171562939048
landshuter_allee,catboost,autumn_2024,479,19,11.968397817343352,12.0,0.03160218265664838
landshuter_allee,catboost,autumn_2024,480,20,11.592527192729873,11.0,0.5925271927298734
landshuter_allee,catboost,autumn_2024,481,20,10.504187417480408,9.0,1.5041874174804075
landshuter_allee,catboost,autumn_2024,482,20,8.128856978628907,6.0,2.1288569786289067
landshuter_allee,catboost,autumn_2024,483,20,6.315355562243216,4.0,2.315355562243216
landshuter_allee,catboost,autumn_2024,484,20,5.593413370428478,4.0,1.593413370428478
landshuter_allee,catboost,autumn_2024,485,20,4.923483221821643,4.0,0.9234832218216429
landshuter_allee,catboost,autumn_2024,486,20,5.4698354624788506,4.0,1.4698354624788506
landshuter_allee,catboost,autumn_2024,487,20,5.554047216448113,4.0,1.5540472164481134
landshuter_allee,catboost,autumn_2024,488,20,5.6226504482305355,5.0,0.6226504482305355
landshuter_allee,catboost,autumn_2024,489,20,5.448568288509058,6.0,0.5514317114909417
landshuter_allee,catboost,autumn_2024,490,20,5.663346115243894,8.0,2.336653884756106
landshuter_allee,catboost,autumn_2024,491,20,5.989501220385913,8.0,2.010498779614087
landshuter_allee,catboost,autumn_2024,492,20,6.946331023642917,9.0,2.0536689763570832
landshuter_allee,catboost,autumn_2024,493,20,8.282190687595703,11.0,2.717809312404297
landshuter_allee,catboost,autumn_2024,494,20,9.510853896279249,12.0,2.489146103720751
landshuter_allee,catboost,autumn_2024,495,20,11.668351936760569,13.0,1.331648063239431
landshuter_allee,catboost,autumn_2024,496,20,14.189217406775352,13.0,1.1892174067753523
landshuter_allee,catboost,autumn_2024,497,20,18.63966603080579,16.0,2.6396660308057918
landshuter_allee,catboost,autumn_2024,498,20,22.24367592550537,18.0,4.2436759255053715
landshuter_allee,catboost,autumn_2024,499,20,24.646582587593223,21.0,3.6465825875932225
landshuter_allee,catboost,autumn_2024,500,20,26.302404518881936,22.0,4.302404518881936
landshuter_allee,catboost,autumn_2024,501,20,25.264808523308652,20.0,5.264808523308652
landshuter_allee,catboost,autumn_2024,502,20,22.04746336022275,19.0,3.04746336022275
landshuter_allee,catboost,autumn_2024,503,20,18.600571476742537,16.0,2.6005714767425374
landshuter_allee,catboost,autumn_2024,504,21,13.786934691550533,12.0,1.7869346915505329
landshuter_allee,catboost,autumn_2024,505,21,8.7388353910193,9.0,0.2611646089806996
landshuter_allee,catboost,autumn_2024,506,21,6.2266024947520755,6.0,0.2266024947520755
landshuter_allee,catboost,autumn_2024,507,21,5.03973432713461,6.0,0.9602656728653898
landshuter_allee,catboost,autumn_2024,508,21,5.525552907784561,5.0,0.5255529077845607
landshuter_allee,catboost,autumn_2024,509,21,5.487266627927579,5.0,0.48726662792757924
landshuter_allee,catboost,autumn_2024,510,21,5.043142793299015,5.0,0.04314279329901538
landshuter_allee,catboost,autumn_2024,511,21,5.237435454268965,6.0,0.7625645457310348
landshuter_allee,catboost,autumn_2024,512,21,5.401721974813868,6.0,0.5982780251861319
landshuter_allee,catboost,autumn_2024,513,21,5.3955236243024665,7.0,1.6044763756975335
landshuter_allee,catboost,autumn_2024,514,21,5.408745105128875,7.0,1.591254894871125
landshuter_allee,catboost,autumn_2024,515,21,5.286143263326377,6.0,0.7138567366736233
landshuter_allee,catboost,autumn_2024,516,21,5.502204581421005,7.0,1.4977954185789946
landshuter_allee,catboost,autumn_2024,517,21,5.686703421565245,8.0,2.3132965784347546
landshuter_allee,catboost,autumn_2024,518,21,5.616366385142394,7.0,1.3836336148576063
landshuter_allee,catboost,autumn_2024,519,21,5.949621022782748,7.0,1.0503789772172523
landshuter_allee,catboost,autumn_2024,520,21,6.622437112056662,8.0,1.3775628879433377
landshuter_allee,catboost,autumn_2024,521,21,8.900047240944335,10.0,1.0999527590556646
landshuter_allee,catboost,autumn_2024,522,21,9.64465705725734,9.0,0.6446570572573407
landshuter_allee,catboost,autumn_2024,523,21,10.336616225294616,9.0,1.336616225294616
landshuter_allee,catboost,autumn_2024,524,21,11.393435113998974,11.0,0.393435113998974
landshuter_allee,catboost,autumn_2024,525,21,11.929853336471101,11.0,0.9298533364711012
landshuter_allee,catboost,autumn_2024,526,21,12.065773235512642,11.0,1.0657732355126424
landshuter_allee,catboost,autumn_2024,527,21,11.808213483383737,11.0,0.8082134833837369
landshuter_allee,catboost,autumn_2024,528,22,11.591230402153954,11.0,0.5912304021539541
landshuter_allee,catboost,autumn_2024,529,22,11.790036111122891,12.0,0.20996388887710893
landshuter_allee,catboost,autumn_2024,530,22,12.073373561544452,12.0,0.07337356154445196
landshuter_allee,catboost,autumn_2024,531,22,12.495090373616984,13.0,0.5049096263830162
landshuter_allee,catboost,autumn_2024,532,22,11.837585072246785,12.0,0.16241492775321476
landshuter_allee,catboost,autumn_2024,533,22,11.113330699630344,10.0,1.1133306996303443
landshuter_allee,catboost,autumn_2024,534,22,10.846357350492209,10.0,0.8463573504922088
landshuter_allee,catboost,autumn_2024,535,22,9.229557893737638,7.0,2.2295578937376384
landshuter_allee,catboost,autumn_2024,536,22,8.143657435723714,7.0,1.1436574357237141
landshuter_allee,catboost,autumn_2024,537,22,7.606759691650572,7.0,0.6067596916505718
landshuter_allee,catboost,autumn_2024,538,22,8.166700425015739,7.0,1.1667004250157387
landshuter_allee,catboost,autumn_2024,539,22,8.629581941970322,7.0,1.6295819419703221
landshuter_allee,catboost,autumn_2024,540,22,9.511829576414804,8.0,1.5118295764148044
landshuter_allee,catboost,autumn_2024,541,22,9.493086216925555,9.0,0.49308621692555477
landshuter_allee,catboost,autumn_2024,542,22,9.44493470555887,8.0,1.44493470555887
landshuter_allee,catboost,autumn_2024,543,22,8.170113308104195,5.0,3.1701133081041952
landshuter_allee,catboost,autumn_2024,544,22,7.291077164654263,5.0,2.291077164654263
landshuter_allee,catboost,autumn_2024,545,22,6.8557870105689185,5.0,1.8557870105689185
landshuter_allee,catboost,autumn_2024,546,22,6.732955702914805,5.0,1.732955702914805
landshuter_allee,catboost,autumn_2024,547,22,7.181127044848859,6.0,1.1811270448488589
landshuter_allee,catboost,autumn_2024,548,22,7.54925642035441,7.0,0.5492564203544097
landshuter_allee,catboost,autumn_2024,549,22,6.4302490633821945,5.0,1.4302490633821945
landshuter_allee,catboost,autumn_2024,550,22,5.546547525750665,4.0,1.5465475257506647
landshuter_allee,catboost,autumn_2024,551,22,4.641511072595032,4.0,0.6415110725950317
landshuter_allee,catboost,autumn_2024,552,23,4.712144175956355,4.0,0.7121441759563547
landshuter_allee,catboost,autumn_2024,553,23,5.155067587773847,4.0,1.1550675877738472
landshuter_allee,catboost,autumn_2024,554,23,5.4030422208327575,4.0,1.4030422208327575
landshuter_allee,catboost,autumn_2024,555,23,6.3491626203405485,5.0,1.3491626203405485
landshuter_allee,catboost,autumn_2024,556,23,7.774878082380967,7.0,0.7748780823809671
landshuter_allee,catboost,autumn_2024,557,23,8.500374198419468,6.0,2.5003741984194683
landshuter_allee,catboost,autumn_2024,558,23,7.824755840364702,4.0,3.824755840364702
landshuter_allee,catboost,autumn_2024,559,23,7.014004147692521,4.0,3.0140041476925212
landshuter_allee,catboost,autumn_2024,560,23,5.888287454989152,3.0,2.888287454989152
landshuter_allee,catboost,autumn_2024,561,23,4.979670746559727,4.0,0.9796707465597274
landshuter_allee,catboost,autumn_2024,562,23,4.1817455878107115,2.0,2.1817455878107115
landshuter_allee,catboost,autumn_2024,563,23,3.8960928548279457,3.0,0.8960928548279457
landshuter_allee,catboost,autumn_2024,564,23,4.019170437395529,3.0,1.0191704373955286
landshuter_allee,catboost,autumn_2024,565,23,3.8972141431572105,3.0,0.8972141431572105
landshuter_allee,catboost,autumn_2024,566,23,4.483355521423575,5.0,0.516644478576425
landshuter_allee,catboost,autumn_2024,567,23,5.073196868976961,5.0,0.07319686897696087
landshuter_allee,catboost,autumn_2024,568,23,5.739756149088097,6.0,0.2602438509119027
landshuter_allee,catboost,autumn_2024,569,23,5.9654311376962035,6.0,0.03456886230379652
landshuter_allee,catboost,autumn_2024,570,23,6.209759269199412,6.0,0.20975926919941212
landshuter_allee,catboost,autumn_2024,571,23,6.751501720228467,6.0,0.7515017202284673
landshuter_allee,catboost,autumn_2024,572,23,7.909388792094708,8.0,0.09061120790529209
landshuter_allee,catboost,autumn_2024,573,23,8.851303409948187,10.0,1.148696590051813
landshuter_allee,catboost,autumn_2024,574,23,8.445120174183867,8.0,0.4451201741838666
landshuter_allee,catboost,autumn_2024,575,23,7.933993654517016,7.0,0.9339936545170158
landshuter_allee,catboost,autumn_2024,576,24,8.490884064116262,8.0,0.49088406411626195
landshuter_allee,catboost,autumn_2024,577,24,8.802316242322178,9.0,0.1976837576778223
landshuter_allee,catboost,autumn_2024,578,24,8.838880436338878,8.0,0.8388804363388775
landshuter_allee,catboost,autumn_2024,579,24,7.755076519585517,6.0,1.7550765195855167
landshuter_allee,catboost,autumn_2024,580,24,7.188340526794072,6.0,1.1883405267940716
landshuter_allee,catboost,autumn_2024,581,24,7.855521483184798,7.0,0.8555214831847984
landshuter_allee,catboost,autumn_2024,582,24,8.376489932748548,7.0,1.376489932748548
landshuter_allee,catboost,autumn_2024,583,24,8.164921980779242,7.0,1.1649219807792424
landshuter_allee,catboost,autumn_2024,584,24,7.170072351393993,6.0,1.1700723513939932
landshuter_allee,catboost,autumn_2024,585,24,6.74794681086383,5.0,1.74794681086383
landshuter_allee,catboost,autumn_2024,586,24,6.771791059277675,6.0,0.7717910592776747
landshuter_allee,catboost,autumn_2024,587,24,7.1673357854415904,6.0,1.1673357854415904
landshuter_allee,catboost,autumn_2024,588,24,7.6389607065603435,8.0,0.36103929343965646
landshuter_allee,catboost,autumn_2024,589,24,7.343198509481079,8.0,0.6568014905189212
landshuter_allee,catboost,autumn_2024,590,24,7.5389361800908015,8.0,0.46106381990919854
landshuter_allee,catboost,autumn_2024,591,24,7.480740670629473,6.0,1.4807406706294728
landshuter_allee,catboost,autumn_2024,592,24,7.958171055789778,7.0,0.9581710557897782
landshuter_allee,catboost,autumn_2024,593,24,8.707423260810451,8.0,0.7074232608104509
landshuter_allee,catboost,autumn_2024,594,24,8.77249045525356,7.0,1.7724904552535605
landshuter_allee,catboost,autumn_2024,595,24,9.500851580580523,7.0,2.500851580580523
landshuter_allee,catboost,autumn_2024,596,24,10.684952498100493,11.0,0.3150475018995067
landshuter_allee,catboost,autumn_2024,597,24,12.819300921657238,14.0,1.1806990783427622
landshuter_allee,catboost,autumn_2024,598,24,16.66539948257108,17.0,0.33460051742892105
landshuter_allee,catboost,autumn_2024,599,24,18.97961089671879,17.0,1.979610896718789
landshuter_allee,catboost,autumn_2024,600,25,19.155660623272222,18.0,1.1556606232722224
landshuter_allee,catboost,autumn_2024,601,25,17.319832694030765,16.0,1.3198326940307652
landshuter_allee,catboost,autumn_2024,602,25,14.715961601597428,13.0,1.715961601597428
landshuter_allee,catboost,autumn_2024,603,25,11.770070748682574,11.0,0.7700707486825742
landshuter_allee,catboost,autumn_2024,604,25,10.711041537570551,10.0,0.7110415375705514
landshuter_allee,catboost,autumn_2024,605,25,9.544822606616668,9.0,0.5448226066166679
landshuter_allee,catboost,autumn_2024,606,25,7.545562136690515,7.0,0.5455621366905152
landshuter_allee,catboost,autumn_2024,607,25,6.518145293014163,5.0,1.5181452930141628
landshuter_allee,catboost,autumn_2024,608,25,5.7728993705236995,4.0,1.7728993705236995
landshuter_allee,catboost,autumn_2024,609,25,5.18741295999035,5.0,0.18741295999034957
landshuter_allee,catboost,autumn_2024,610,25,4.999199106987382,5.0,0.000800893012618431
landshuter_allee,catboost,autumn_2024,611,25,5.1159080637768986,6.0,0.8840919362231014
landshuter_allee,catboost,autumn_2024,612,25,5.831655861616894,7.0,1.1683441383831061
landshuter_allee,catboost,autumn_2024,613,25,7.1244221363033855,10.0,2.8755778636966145
landshuter_allee,catboost,autumn_2024,614,25,8.795877621428206,12.0,3.2041223785717943
landshuter_allee,catboost,autumn_2024,615,25,11.796719522411902,15.0,3.2032804775880983
landshuter_allee,catboost,autumn_2024,616,25,14.23969459021087,16.0,1.7603054097891295
landshuter_allee,catboost,autumn_2024,617,25,15.331972024026912,14.0,1.3319720240269124
landshuter_allee,catboost,autumn_2024,618,25,16.042160462155394,14.0,2.042160462155394
landshuter_allee,catboost,autumn_2024,619,25,14.260159295800136,12.0,2.260159295800136
landshuter_allee,catboost,autumn_2024,620,25,13.940256352223674,12.0,1.940256352223674
landshuter_allee,catboost,autumn_2024,621,25,13.879143961228223,13.0,0.8791439612282232
landshuter_allee,catboost,autumn_2024,622,25,13.285912885192698,13.0,0.28591288519269753
landshuter_allee,catboost,autumn_2024,623,25,12.96961272650488,12.0,0.9696127265048808
landshuter_allee,catboost,autumn_2024,624,26,13.158692935265945,11.0,2.158692935265945
landshuter_allee,catboost,autumn_2024,625,26,12.986560083291659,11.0,1.9865600832916588
landshuter_allee,catboost,autumn_2024,626,26,12.446713242758678,10.0,2.446713242758678
landshuter_allee,catboost,autumn_2024,627,26,11.674802793543707,10.0,1.6748027935437069
landshuter_allee,catboost,autumn_2024,628,26,11.021292260400198,9.0,2.021292260400198
landshuter_allee,catboost,autumn_2024,629,26,9.87293348405448,8.0,1.8729334840544798
landshuter_allee,catboost,autumn_2024,630,26,9.336931191501565,9.0,0.3369311915015647
landshuter_allee,catboost,autumn_2024,631,26,8.95176303146739,9.0,0.048236968532609836
landshuter_allee,catboost,autumn_2024,632,26,7.334994516195124,6.0,1.334994516195124
landshuter_allee,catboost,autumn_2024,633,26,5.344822771325022,4.0,1.3448227713250223
landshuter_allee,catboost,autumn_2024,634,26,4.524000639021938,4.0,0.5240006390219376
landshuter_allee,catboost,autumn_2024,635,26,4.297492719883631,4.0,0.297492719883631
landshuter_allee,catboost,autumn_2024,636,26,4.935951804728173,6.0,1.0640481952718268
landshuter_allee,catboost,autumn_2024,637,26,6.119990882798421,9.0,2.8800091172015794
landshuter_allee,catboost,autumn_2024,638,26,6.512886678790465,10.0,3.4871133212095353
landshuter_allee,catboost,autumn_2024,639,26,8.067554299651093,12.0,3.9324457003489073
landshuter_allee,catboost,autumn_2024,640,26,9.175773464327605,12.0,2.824226535672395
landshuter_allee,catboost,autumn_2024,641,26,11.740054188780977,13.0,1.2599458112190227
landshuter_allee,catboost,autumn_2024,642,26,13.090430002754928,14.0,0.9095699972450717
landshuter_allee,catboost,autumn_2024,643,26,13.66642188534104,13.0,0.6664218853410393
landshuter_allee,catboost,autumn_2024,644,26,13.097760165809378,12.0,1.0977601658093779
landshuter_allee,catboost,autumn_2024,645,26,12.014141881963802,13.0,0.985858118036198
landshuter_allee,catboost,autumn_2024,646,26,11.315393468819021,11.0,0.3153934688190212
landshuter_allee,catboost,autumn_2024,647,26,9.984497066354319,8.0,1.9844970663543187
landshuter_allee,catboost,autumn_2024,648,27,9.689158344833269,7.0,2.6891583448332685
landshuter_allee,catboost,autumn_2024,649,27,9.468813895552719,7.0,2.468813895552719
landshuter_allee,catboost,autumn_2024,650,27,9.683950233092755,8.0,1.6839502330927552
landshuter_allee,catboost,autumn_2024,651,27,10.34383437581732,9.0,1.3438343758173197
landshuter_allee,catboost,autumn_2024,652,27,9.4800085401008,7.0,2.4800085401007994
landshuter_allee,catboost,autumn_2024,653,27,8.032629286279494,6.0,2.0326292862794944
landshuter_allee,catboost,autumn_2024,654,27,7.12520130520732,6.0,1.1252013052073204
landshuter_allee,catboost,autumn_2024,655,27,6.7708575724106135,7.0,0.22914242758938652
landshuter_allee,catboost,autumn_2024,656,27,7.220916414576898,7.0,0.22091641457689803
landshuter_allee,catboost,autumn_2024,657,27,7.62758597983942,8.0,0.3724140201605799
landshuter_allee,catboost,autumn_2024,658,27,7.861645619453423,7.0,0.861645619453423
landshuter_allee,catboost,autumn_2024,659,27,8.019130552292184,8.0,0.019130552292184078
landshuter_allee,catboost,autumn_2024,660,27,8.869624411313646,9.0,0.1303755886863538
landshuter_allee,catboost,autumn_2024,661,27,10.029155006244025,10.5,0.4708449937559749
landshuter_allee,catboost,autumn_2024,662,27,10.970151656618931,12.0,1.0298483433810688
landshuter_allee,catboost,autumn_2024,663,27,12.370949255085389,12.0,0.3709492550853888
landshuter_allee,catboost,autumn_2024,664,27,13.213286142466657,11.0,2.2132861424666572
landshuter_allee,catboost,autumn_2024,665,27,14.112036782208925,9.0,5.112036782208925
landshuter_allee,catboost,autumn_2024,666,27,14.920720765545717,11.0,3.920720765545717
landshuter_allee,catboost,autumn_2024,667,27,14.804679117263149,11.0,3.8046791172631487
landshuter_allee,catboost,autumn_2024,668,27,13.329986369794636,8.0,5.329986369794636
landshuter_allee,catboost,autumn_2024,669,27,11.322881488809873,8.0,3.322881488809873
landshuter_allee,catboost,autumn_2024,670,27,10.053376880263269,7.0,3.0533768802632686
landshuter_allee,catboost,autumn_2024,671,27,9.211854609424467,8.0,1.211854609424467
landshuter_allee,catboost,autumn_2024,672,28,7.7793461288527705,6.0,1.7793461288527705
landshuter_allee,catboost,autumn_2024,673,28,6.873542649421543,5.0,1.8735426494215428
landshuter_allee,catboost,autumn_2024,674,28,6.223200715828071,5.0,1.2232007158280709
landshuter_allee,catboost,autumn_2024,675,28,5.2350666394562015,6.0,0.7649333605437985
landshuter_allee,catboost,autumn_2024,676,28,4.848647837285975,5.0,0.15135216271402463
landshuter_allee,catboost,autumn_2024,677,28,4.78432979796415,4.0,0.7843297979641504
landshuter_allee,catboost,autumn_2024,678,28,5.035581804669249,4.0,1.035581804669249
landshuter_allee,catboost,autumn_2024,679,28,5.494323972042252,6.0,0.5056760279577484
landshuter_allee,catboost,autumn_2024,680,28,6.305093657537221,7.0,0.6949063424627786
landshuter_allee,catboost,autumn_2024,681,28,7.0219151022661865,5.0,2.0219151022661865
landshuter_allee,catboost,autumn_2024,682,28,8.943970224650243,10.0,1.0560297753497565
landshuter_allee,catboost,autumn_2024,683,28,12.055867737961389,16.0,3.944132262038611
landshuter_allee,catboost,autumn_2024,684,28,13.733489884000097,15.0,1.2665101159999033
landshuter_allee,catboost,autumn_2024,685,28,13.501779349990581,13.0,0.5017793499905814
landshuter_allee,catboost,autumn_2024,686,28,14.456868682378733,15.0,0.5431313176212669
landshuter_allee,catboost,autumn_2024,687,28,16.956978705030437,17.0,0.04302129496956297
landshuter_allee,catboost,autumn_2024,688,28,20.48183729554234,18.0,2.4818372955423413
landshuter_allee,catboost,autumn_2024,689,28,24.22108642904352,20.0,4.22108642904352
landshuter_allee,catboost,autumn_2024,690,28,27.14669327222553,24.0,3.14669327222553
landshuter_allee,catboost,autumn_2024,691,28,28.71344300034383,27.0,1.7134430003438297
landshuter_allee,catboost,autumn_2024,692,28,24.58378361010967,23.0,1.5837836101096698
landshuter_allee,catboost,autumn_2024,693,28,18.83629701692975,17.0,1.8362970169297483
landshuter_allee,catboost,autumn_2024,694,28,12.930868380188247,13.0,0.06913161981175264
landshuter_allee,catboost,autumn_2024,695,28,10.512409211040968,12.0,1.4875907889590323
landshuter_allee,catboost,autumn_2024,696,29,9.481034595835103,12.0,2.518965404164897
landshuter_allee,catboost,autumn_2024,697,29,7.7040633562262855,9.0,1.2959366437737145
landshuter_allee,catboost,autumn_2024,698,29,7.966176598480665,10.0,2.033823401519335
landshuter_allee,catboost,autumn_2024,699,29,8.921958341885436,11.0,2.0780416581145644
landshuter_allee,catboost,autumn_2024,700,29,9.715225030501427,11.0,1.2847749694985726
landshuter_allee,catboost,autumn_2024,701,29,9.611171404484775,10.0,0.38882859551522486
landshuter_allee,catboost,autumn_2024,702,29,9.928581790905847,14.0,4.071418209094153
landshuter_allee,catboost,autumn_2024,703,29,10.592867011894688,16.0,5.407132988105312
landshuter_allee,catboost,autumn_2024,704,29,11.344935983511302,16.0,4.655064016488698
landshuter_allee,catboost,autumn_2024,705,29,13.267611471316762,15.0,1.732388528683238
landshuter_allee,catboost,autumn_2024,706,29,17.294927978316803,17.0,0.29492797831680306
landshuter_allee,catboost,autumn_2024,707,29,20.646895462799677,18.0,2.6468954627996766
landshuter_allee,catboost,autumn_2024,708,29,21.520712105155084,19.0,2.5207121051550843
landshuter_allee,catboost,autumn_2024,709,29,20.673828696365305,17.0,3.6738286963653053
landshuter_allee,catboost,autumn_2024,710,29,18.35716343262282,14.0,4.357163432622819
landshuter_allee,catboost,autumn_2024,711,29,15.871329847867994,13.0,2.871329847867994
landshuter_allee,catboost,autumn_2024,712,29,16.999345002312133,15.0,1.9993450023121326
landshuter_allee,catboost,autumn_2024,713,29,19.86825338957452,19.0,0.8682533895745195
landshuter_allee,catboost,autumn_2024,714,29,21.853603501368724,19.0,2.853603501368724
landshuter_allee,catboost,autumn_2024,715,29,22.17890121251864,19.0,3.178901212518639
landshuter_allee,catboost,autumn_2024,716,29,21.386292269203725,18.0,3.386292269203725
landshuter_allee,catboost,autumn_2024,717,29,21.27879878755871,20.0,1.27879878755871
landshuter_allee,catboost,autumn_2024,718,29,19.926884847749974,17.0,2.9268848477499745
landshuter_allee,catboost,autumn_2024,719,29,17.41150760239015,15.0,2.4115076023901487
landshuter_allee,catboost,autumn_2024,720,30,16.861499622341587,17.0,0.1385003776584135
landshuter_allee,catboost,autumn_2024,721,30,18.71370292320863,23.0,4.286297076791371
landshuter_allee,catboost,autumn_2024,722,30,19.995914738484487,23.0,3.004085261515513
landshuter_allee,catboost,autumn_2024,723,30,18.347710048650995,18.0,0.3477100486509954
landshuter_allee,catboost,autumn_2024,724,30,15.700193487147887,14.0,1.700193487147887
landshuter_allee,catboost,autumn_2024,725,30,12.139035386566725,11.0,1.139035386566725
landshuter_allee,catboost,autumn_2024,726,30,10.402792517850965,10.0,0.4027925178509655
landshuter_allee,catboost,autumn_2024,727,30,10.224926701981378,10.0,0.22492670198137787
landshuter_allee,catboost,autumn_2024,728,30,11.461610263342434,14.0,2.5383897366575656
landshuter_allee,catboost,autumn_2024,729,30,11.35080413797588,11.0,0.3508041379758797
landshuter_allee,catboost,autumn_2024,730,30,11.0172041675064,10.75,0.2672041675063994
landshuter_allee,catboost,autumn_2024,731,30,9.822519910708728,10.5,0.6774800892912722
landshuter_allee,catboost,autumn_2024,732,30,9.675460781060767,10.25,0.5745392189392327
landshuter_allee,catboost,autumn_2024,733,30,9.4459530713895,10.0,0.5540469286105001
landshuter_allee,catboost,autumn_2024,734,30,9.346292454274709,11.0,1.6537075457252914
landshuter_allee,catboost,autumn_2024,735,30,9.4787936852312,11.0,1.5212063147688006
landshuter_allee,catboost,autumn_2024,736,30,10.47571941537011,11.0,0.5242805846298904
landshuter_allee,catboost,autumn_2024,737,30,11.395159500392547,11.0,0.39515950039254655
landshuter_allee,catboost,autumn_2024,738,30,13.072816208742719,13.0,0.07281620874271866
landshuter_allee,catboost,autumn_2024,739,30,14.327063439216012,14.0,0.3270634392160119
landshuter_allee,catboost,autumn_2024,740,30,14.428412387074319,15.0,0.5715876129256809
landshuter_allee,catboost,autumn_2024,741,30,14.659987557817317,15.0,0.3400124421826831
landshuter_allee,catboost,autumn_2024,742,30,14.238977173975352,16.0,1.7610228260246483
landshuter_allee,catboost,autumn_2024,743,30,13.376797849024182,16.0,2.6232021509758177
landshuter_allee,catboost,autumn_2024,744,31,13.011726512779143,16.0,2.988273487220857
landshuter_allee,catboost,autumn_2024,745,31,13.187204977335872,16.0,2.812795022664128
landshuter_allee,catboost,autumn_2024,746,31,11.638895538278053,13.0,1.361104461721947
landshuter_allee,catboost,autumn_2024,747,31,9.865722630843527,10.0,0.13427736915647337
landshuter_allee,catboost,autumn_2024,748,31,9.274121230913844,11.0,1.7258787690861563
landshuter_allee,catboost,autumn_2024,749,31,9.595117494273104,12.0,2.4048825057268957
landshuter_allee,catboost,autumn_2024,750,31,9.402291266798716,11.0,1.5977087332012836
landshuter_allee,catboost,autumn_2024,751,31,8.522306276266493,9.0,0.47769372373350727
landshuter_allee,catboost,autumn_2024,752,31,7.846482468953537,8.0,0.1535175310464627
landshuter_allee,catboost,autumn_2024,753,31,7.482976285501348,8.0,0.5170237144986523
landshuter_allee,catboost,autumn_2024,754,31,6.70420379031789,7.0,0.29579620968211007
landshuter_allee,catboost,autumn_2024,755,31,5.588334353109736,5.0,0.5883343531097358
landshuter_allee,catboost,autumn_2024,756,31,4.183008196784203,3.0,1.1830081967842032
landshuter_allee,catboost,autumn_2024,757,31,3.877829776218798,4.0,0.12217022378120213
landshuter_allee,catboost,autumn_2024,758,31,3.593433387910486,3.0,0.593433387910486
landshuter_allee,catboost,autumn_2024,759,31,4.177191686873636,4.0,0.17719168687363585
landshuter_allee,catboost,autumn_2024,760,31,5.032146890521394,5.0,0.03214689052139441
landshuter_allee,catboost,autumn_2024,761,31,10.485667704869151,20.0,9.514332295130849
landshuter_allee,catboost,autumn_2024,762,31,12.496018789296183,12.0,0.49601878929618337
landshuter_allee,catboost,autumn_2024,763,31,14.847160216206603,16.0,1.1528397837933966
landshuter_allee,catboost,autumn_2024,764,31,18.316717873010358,17.0,1.316717873010358
landshuter_allee,catboost,autumn_2024,765,31,19.737375833681998,22.0,2.262624166318002
landshuter_allee,catboost,autumn_2024,766,31,17.073295929622887,17.0,0.073295929622887
landshuter_allee,catboost,autumn_2024,767,31,12.969999331482947,10.0,2.9699993314829474
landshuter_allee,catboost,autumn_2024,768,32,11.236147518471915,8.0,3.236147518471915
landshuter_allee,catboost,autumn_2024,769,32,11.298532117604749,7.0,4.298532117604749
landshuter_allee,catboost,autumn_2024,770,32,12.303883176922433,11.0,1.303883176922433
landshuter_allee,catboost,autumn_2024,771,32,12.930563596973974,11.0,1.9305635969739736
landshuter_allee,catboost,autumn_2024,772,32,13.655256784513028,12.0,1.6552567845130284
landshuter_allee,catboost,autumn_2024,773,32,13.300068561046796,11.0,2.300068561046796
landshuter_allee,catboost,autumn_2024,774,32,13.572860175125985,10.0,3.572860175125985
landshuter_allee,catboost,autumn_2024,775,32,16.470524896136048,16.0,0.4705248961360482
landshuter_allee,catboost,autumn_2024,776,32,17.30305336485316,14.0,3.3030533648531595
landshuter_allee,catboost,autumn_2024,777,32,16.507915210174612,11.0,5.5079152101746125
landshuter_allee,catboost,autumn_2024,778,32,13.967023769750785,9.0,4.967023769750785
landshuter_allee,catboost,autumn_2024,779,32,10.671714340126293,6.0,4.671714340126293
landshuter_allee,catboost,autumn_2024,780,32,9.112081950210722,6.0,3.1120819502107224
landshuter_allee,catboost,autumn_2024,781,32,9.45036088365595,10.0,0.5496391163440499
landshuter_allee,catboost,autumn_2024,782,32,9.478020054100723,9.0,0.4780200541007229
landshuter_allee,catboost,autumn_2024,783,32,9.576983028934322,9.0,0.5769830289343219
landshuter_allee,catboost,autumn_2024,784,32,9.465388979826644,9.0,0.46538897982664373
landshuter_allee,catboost,autumn_2024,785,32,9.37082489254662,8.0,1.3708248925466204
landshuter_allee,catboost,autumn_2024,786,32,9.094056361192624,8.0,1.0940563611926244
landshuter_allee,catboost,autumn_2024,787,32,9.745563875883136,8.0,1.7455638758831356
landshuter_allee,catboost,autumn_2024,788,32,11.444601462532646,11.0,0.44460146253264554
landshuter_allee,catboost,autumn_2024,789,32,10.593186183266404,9.0,1.593186183266404
landshuter_allee,catboost,autumn_2024,790,32,10.173158126307415,9.0,1.1731581263074151
landshuter_allee,catboost,autumn_2024,791,32,10.681372407256793,9.0,1.6813724072567933
landshuter_allee,catboost,autumn_2024,792,33,11.4760404497704,10.0,1.4760404497703998
landshuter_allee,catboost,autumn_2024,793,33,12.3297406370543,11.0,1.3297406370543001
landshuter_allee,catboost,autumn_2024,794,33,12.945922287028583,12.0,0.9459222870285835
landshuter_allee,catboost,autumn_2024,795,33,13.767172296303809,12.0,1.7671722963038086
landshuter_allee,catboost,autumn_2024,796,33,14.047774503156546,12.0,2.047774503156546
landshuter_allee,catboost,autumn_2024,797,33,13.235055046425758,11.0,2.2350550464257584
landshuter_allee,catboost,autumn_2024,798,33,12.224240712961462,10.0,2.2242407129614623
landshuter_allee,catboost,autumn_2024,799,33,11.366816011473858,10.0,1.3668160114738583
landshuter_allee,catboost,autumn_2024,800,33,11.305955160938183,10.0,1.3059551609381828
landshuter_allee,catboost,autumn_2024,801,33,11.982396667831322,11.0,0.9823966678313223
landshuter_allee,catboost,autumn_2024,802,33,11.982750715376367,11.0,0.9827507153763673
landshuter_allee,catboost,autumn_2024,803,33,11.932968115201884,11.0,0.9329681152018843
landshuter_allee,catboost,autumn_2024,804,33,11.493878701936508,10.0,1.4938787019365076
landshuter_allee,catboost,autumn_2024,805,33,11.197239997639644,10.0,1.1972399976396435
landshuter_allee,catboost,autumn_2024,806,33,10.833278423085932,9.0,1.8332784230859325
landshuter_allee,catboost,autumn_2024,807,33,9.706476106295556,8.0,1.7064761062955558
landshuter_allee,catboost,autumn_2024,808,33,9.246108959219088,7.0,2.2461089592190877
landshuter_allee,catboost,autumn_2024,809,33,8.99299611771589,7.0,1.9929961177158901
landshuter_allee,catboost,autumn_2024,810,33,9.590385082355624,8.0,1.590385082355624
landshuter_allee,catboost,autumn_2024,811,33,10.136319504353171,8.0,2.136319504353171
landshuter_allee,catboost,autumn_2024,812,33,10.706178819517453,9.0,1.7061788195174525
landshuter_allee,catboost,autumn_2024,813,33,10.41345969288973,10.0,0.41345969288972917
landshuter_allee,catboost,autumn_2024,814,33,10.145818371137947,10.0,0.14581837113794727
landshuter_allee,catboost,autumn_2024,815,33,10.955183600705167,11.0,0.04481639929483272
landshuter_allee,catboost,autumn_2024,816,34,11.596004929926865,10.0,1.596004929926865
landshuter_allee,catboost,autumn_2024,817,34,12.274256383484206,10.0,2.2742563834842056
landshuter_allee,catboost,autumn_2024,818,34,12.57413789839147,10.0,2.57413789839147
landshuter_allee,catboost,autumn_2024,819,34,12.748873370019654,10.0,2.7488733700196537
landshuter_allee,catboost,autumn_2024,820,34,13.168040546556403,11.0,2.168040546556403
landshuter_allee,catboost,autumn_2024,821,34,13.324824276053544,11.0,2.324824276053544
landshuter_allee,catboost,autumn_2024,822,34,12.515677138142077,10.0,2.5156771381420775
landshuter_allee,catboost,autumn_2024,823,34,12.120361615664418,11.0,1.120361615664418
landshuter_allee,catboost,autumn_2024,824,34,12.209165234277245,12.0,0.2091652342772452
landshuter_allee,catboost,autumn_2024,825,34,11.976720174121086,11.0,0.9767201741210858
landshuter_allee,catboost,autumn_2024,826,34,11.989485007341528,11.0,0.9894850073415284
landshuter_allee,catboost,autumn_2024,827,34,10.960201510375581,10.0,0.9602015103755814
landshuter_allee,catboost,autumn_2024,828,34,9.643967611649721,8.0,1.643967611649721
landshuter_allee,catboost,autumn_2024,829,34,8.515146509845021,7.0,1.515146509845021
landshuter_allee,catboost,autumn_2024,830,34,7.744630302324452,7.0,0.7446303023244516
landshuter_allee,catboost,autumn_2024,831,34,8.698512924843635,9.0,0.3014870751563645
landshuter_allee,catboost,autumn_2024,832,34,10.789998503076054,10.0,0.7899985030760543
landshuter_allee,catboost,autumn_2024,833,34,12.201853461517361,10.0,2.201853461517361
landshuter_allee,catboost,autumn_2024,834,34,12.8992453752172,12.0,0.8992453752172
landshuter_allee,catboost,autumn_2024,835,34,13.484464659143184,13.0,0.4844646591431836
landshuter_allee,catboost,autumn_2024,836,34,13.793015119240515,13.0,0.7930151192405148
landshuter_allee,catboost,autumn_2024,837,34,13.9569213606609,13.0,0.9569213606608997
landshuter_allee,catboost,autumn_2024,838,34,13.195630378315647,11.0,2.195630378315647
landshuter_allee,catboost,autumn_2024,839,34,12.752650762134792,12.0,0.7526507621347918
landshuter_allee,catboost,autumn_2024,840,35,12.678341663199324,12.0,0.6783416631993244
landshuter_allee,catboost,autumn_2024,841,35,12.419961415809986,12.0,0.41996141580998625
landshuter_allee,catboost,autumn_2024,842,35,12.778029449889162,12.0,0.7780294498891624
landshuter_allee,catboost,autumn_2024,843,35,12.642878168051054,13.0,0.3571218319489464
landshuter_allee,catboost,autumn_2024,844,35,11.247020924205968,11.0,0.24702092420596777
landshuter_allee,catboost,autumn_2024,845,35,10.664823428787175,9.0,1.6648234287871748
landshuter_allee,catboost,autumn_2024,846,35,9.004346141212187,7.0,2.004346141212187
landshuter_allee,catboost,autumn_2024,847,35,8.660990686293747,8.0,0.6609906862937471
landshuter_allee,catboost,autumn_2024,848,35,8.812248051983191,9.0,0.1877519480168086
landshuter_allee,catboost,autumn_2024,849,35,8.391272981450705,8.0,0.39127298145070455
landshuter_allee,catboost,autumn_2024,850,35,8.0231816631341,8.0,0.02318166313409975
landshuter_allee,catboost,autumn_2024,851,35,8.085618222773798,8.0,0.08561822277379783
landshuter_allee,catboost,autumn_2024,852,35,8.16763796835365,8.0,0.16763796835365063
landshuter_allee,catboost,autumn_2024,853,35,9.171326215412751,10.0,0.8286737845872487
landshuter_allee,catboost,autumn_2024,854,35,10.168814130773155,11.0,0.8311858692268448
landshuter_allee,catboost,autumn_2024,855,35,11.033182427641647,10.0,1.0331824276416466
landshuter_allee,catboost,autumn_2024,856,35,10.916261012498587,7.0,3.9162610124985875
landshuter_allee,catboost,autumn_2024,857,35,11.115083884734252,8.0,3.1150838847342524
landshuter_allee,catboost,autumn_2024,858,35,11.387635408704268,8.0,3.387635408704268
landshuter_allee,catboost,autumn_2024,859,35,13.39171542008069,10.0,3.39171542008069
landshuter_allee,catboost,autumn_2024,860,35,14.73053208557455,13.0,1.7305320855745503
landshuter_allee,catboost,autumn_2024,861,35,14.52126341723495,14.0,0.52126341723495
landshuter_allee,catboost,autumn_2024,862,35,13.544284294452716,14.0,0.45571570554728424
landshuter_allee,catboost,autumn_2024,863,35,12.227263578937228,13.0,0.7727364210627723
landshuter_allee,catboost,autumn_2024,864,36,10.395477781664955,10.0,0.3954777816649546
landshuter_allee,catboost,autumn_2024,865,36,8.481926402274038,8.0,0.4819264022740377
landshuter_allee,catboost,autumn_2024,866,36,7.8256766302591245,8.0,0.17432336974087548
landshuter_allee,catboost,autumn_2024,867,36,7.899932177450955,9.0,1.100067822549045
landshuter_allee,catboost,autumn_2024,868,36,7.810870875025817,7.0,0.8108708750258167
landshuter_allee,catboost,autumn_2024,869,36,8.324346288373835,9.0,0.6756537116261647
landshuter_allee,catboost,autumn_2024,870,36,9.02094944759352,11.0,1.9790505524064805
landshuter_allee,catboost,autumn_2024,871,36,8.521312576244203,8.0,0.5213125762442026
landshuter_allee,catboost,autumn_2024,872,36,9.624275526373838,11.0,1.3757244736261622
landshuter_allee,catboost,autumn_2024,873,36,11.14129327573613,12.0,0.85870672426387
landshuter_allee,catboost,autumn_2024,874,36,12.71555051005717,11.0,1.7155505100571702
landshuter_allee,catboost,autumn_2024,875,36,15.483835350245982,14.0,1.4838353502459825
landshuter_allee,catboost,autumn_2024,876,36,16.751830811982433,12.0,4.751830811982433
landshuter_allee,catboost,autumn_2024,877,36,18.39456884657052,14.0,4.394568846570522
landshuter_allee,catboost,autumn_2024,878,36,18.634172135038224,14.0,4.634172135038224
landshuter_allee,catboost,autumn_2024,879,36,18.738106935440022,14.0,4.7381069354400225
landshuter_allee,catboost,autumn_2024,880,36,18.643912851280387,14.0,4.643912851280387
landshuter_allee,catboost,autumn_2024,881,36,17.78073977324734,13.0,4.7807397732473405
landshuter_allee,catboost,autumn_2024,882,36,18.13946672805055,15.0,3.13946672805055
landshuter_allee,catboost,autumn_2024,883,36,18.61296285282507,15.0,3.6129628528250706
landshuter_allee,catboost,autumn_2024,884,36,17.501576481825047,12.0,5.501576481825047
landshuter_allee,catboost,autumn_2024,885,36,16.336973467622208,12.0,4.336973467622208
landshuter_allee,catboost,autumn_2024,886,36,15.8516436817856,13.0,2.8516436817855997
landshuter_allee,catboost,autumn_2024,887,36,14.81740305385008,11.0,3.8174030538500805
landshuter_allee,catboost,autumn_2024,888,37,12.943801202318983,10.0,2.9438012023189835
landshuter_allee,catboost,autumn_2024,889,37,12.43690347406264,11.0,1.4369034740626407
landshuter_allee,catboost,autumn_2024,890,37,10.7422104475855,8.0,2.7422104475854994
landshuter_allee,catboost,autumn_2024,891,37,9.749550270682645,8.0,1.7495502706826453
landshuter_allee,catboost,autumn_2024,892,37,9.12113377749783,8.0,1.12113377749783
landshuter_allee,catboost,autumn_2024,893,37,8.665626944469867,7.0,1.6656269444698673
landshuter_allee,catboost,autumn_2024,894,37,8.600614438837972,6.0,2.6006144388379724
landshuter_allee,catboost,autumn_2024,895,37,8.79991910678139,6.0,2.79991910678139
landshuter_allee,catboost,autumn_2024,896,37,8.238595600514948,6.0,2.238595600514948
landshuter_allee,catboost,autumn_2024,897,37,7.76827111009035,6.0,1.7682711100903497
landshuter_allee,catboost,autumn_2024,898,37,7.406822689142867,6.0,1.4068226891428672
landshuter_allee,catboost,autumn_2024,899,37,7.456303985357742,7.0,0.4563039853577422
landshuter_allee,catboost,autumn_2024,900,37,8.668716457838723,8.0,0.6687164578387232
landshuter_allee,catboost,autumn_2024,901,37,9.434481535721606,9.0,0.43448153572160564
landshuter_allee,catboost,autumn_2024,902,37,9.227447162892489,8.0,1.2274471628924886
landshuter_allee,catboost,autumn_2024,903,37,9.079340669173757,8.0,1.0793406691737566
landshuter_allee,catboost,autumn_2024,904,37,9.02051048499419,7.0,2.0205104849941904
landshuter_allee,catboost,autumn_2024,905,37,9.031464910554984,7.0,2.031464910554984
landshuter_allee,catboost,autumn_2024,906,37,8.940194761996075,7.0,1.940194761996075
landshuter_allee,catboost,autumn_2024,907,37,8.98425788925619,8.0,0.98425788925619
landshuter_allee,catboost,autumn_2024,908,37,8.836314646368447,8.0,0.8363146463684465
landshuter_allee,catboost,autumn_2024,909,37,8.080884156820638,6.0,2.0808841568206375
landshuter_allee,catboost,autumn_2024,910,37,7.45240025522709,6.0,1.45240025522709
landshuter_allee,catboost,autumn_2024,911,37,6.694318375693891,5.0,1.694318375693891
landshuter_allee,catboost,autumn_2024,912,38,6.211662352372062,6.0,0.21166235237206177
landshuter_allee,catboost,autumn_2024,913,38,5.568748008537194,7.0,1.4312519914628057
landshuter_allee,catboost,autumn_2024,914,38,5.507565495447395,7.0,1.4924345045526053
landshuter_allee,catboost,autumn_2024,915,38,5.399544316421407,5.0,0.399544316421407
landshuter_allee,catboost,autumn_2024,916,38,5.7152213585086304,6.0,0.28477864149136956
landshuter_allee,catboost,autumn_2024,917,38,5.9694621036121704,5.0,0.9694621036121704
landshuter_allee,catboost,autumn_2024,918,38,6.119929980983493,6.0,0.11992998098349261
landshuter_allee,catboost,autumn_2024,919,38,6.12916138827609,6.0,0.12916138827609025
landshuter_allee,catboost,autumn_2024,920,38,6.0449940743970565,6.0,0.044994074397056494
landshuter_allee,catboost,autumn_2024,921,38,5.921023764054435,6.0,0.07897623594556524
landshuter_allee,catboost,autumn_2024,922,38,5.5951049320698605,5.0,0.5951049320698605
landshuter_allee,catboost,autumn_2024,923,38,4.397831367588812,3.0,1.3978313675888119
landshuter_allee,catboost,autumn_2024,924,38,4.1576404499565385,3.0,1.1576404499565385
landshuter_allee,catboost,autumn_2024,925,38,4.625573617823709,4.0,0.6255736178237088
landshuter_allee,catboost,autumn_2024,926,38,4.639659236643295,5.0,0.36034076335670484
landshuter_allee,catboost,autumn_2024,927,38,4.998848258693333,5.0,0.0011517413066668425
landshuter_allee,catboost,autumn_2024,928,38,5.151060856220309,4.0,1.151060856220309
landshuter_allee,catboost,autumn_2024,929,38,5.5181705803960455,4.0,1.5181705803960455
landshuter_allee,catboost,autumn_2024,930,38,5.76261296964094,4.0,1.7626129696409398
landshuter_allee,catboost,autumn_2024,931,38,6.265822578630543,7.0,0.7341774213694574
landshuter_allee,catboost,autumn_2024,932,38,7.365786570069661,9.0,1.6342134299303392
landshuter_allee,catboost,autumn_2024,933,38,7.971148076188679,9.0,1.0288519238113212
landshuter_allee,catboost,autumn_2024,934,38,8.496747710397898,9.0,0.5032522896021021
landshuter_allee,catboost,autumn_2024,935,38,8.898970241092416,8.0,0.8989702410924156
landshuter_allee,catboost,autumn_2024,936,39,9.236526430085496,9.0,0.23652643008549568
landshuter_allee,catboost,autumn_2024,937,39,9.760274000071188,10.0,0.23972599992881172
landshuter_allee,catboost,autumn_2024,938,39,9.590218231138898,9.0,0.5902182311388984
landshuter_allee,catboost,autumn_2024,939,39,9.168824644252258,8.0,1.1688246442522576
landshuter_allee,catboost,autumn_2024,940,39,8.545835389628728,7.0,1.5458353896287278
landshuter_allee,catboost,autumn_2024,941,39,8.47389798616692,7.0,1.4738979861669197
landshuter_allee,catboost,autumn_2024,942,39,8.325471743087002,7.0,1.325471743087002
landshuter_allee,catboost,autumn_2024,943,39,7.837335946635568,7.0,0.8373359466355677
landshuter_allee,catboost,autumn_2024,944,39,8.350741354962528,7.0,1.350741354962528
landshuter_allee,catboost,autumn_2024,945,39,8.050981515194419,5.0,3.050981515194419
landshuter_allee,catboost,autumn_2024,946,39,7.905283074729288,6.0,1.9052830747292884
landshuter_allee,catboost,autumn_2024,947,39,8.61364882190709,6.0,2.6136488219070895
landshuter_allee,catboost,autumn_2024,948,39,8.887327973417296,7.0,1.887327973417296
landshuter_allee,catboost,autumn_2024,949,39,10.41160192587116,11.0,0.5883980741288397
landshuter_allee,catboost,autumn_2024,950,39,12.61651491863626,13.0,0.38348508136373916
landshuter_allee,catboost,autumn_2024,951,39,14.450226228605837,15.0,0.5497737713941628
landshuter_allee,catboost,autumn_2024,952,39,16.144587226521104,15.0,1.1445872265211037
landshuter_allee,catboost,autumn_2024,953,39,16.35805380431848,15.0,1.3580538043184802
landshuter_allee,catboost,autumn_2024,954,39,16.342576204833037,15.0,1.342576204833037
landshuter_allee,catboost,autumn_2024,955,39,16.2223383350439,15.0,1.2223383350439008
landshuter_allee,catboost,autumn_2024,956,39,16.184082314081078,16.0,0.18408231408107767
landshuter_allee,catboost,autumn_2024,957,39,16.17636277670369,16.0,0.17636277670369083
landshuter_allee,catboost,autumn_2024,958,39,16.770461676973554,17.0,0.22953832302644628
landshuter_allee,catboost,autumn_2024,959,39,17.098792733432628,16.0,1.098792733432628
landshuter_allee,catboost,autumn_2024,960,40,16.71092368212448,18.0,1.2890763178755194
landshuter_allee,catboost,autumn_2024,961,40,16.612564457282186,18.0,1.3874355427178138
landshuter_allee,catboost,autumn_2024,962,40,12.523494880136715,11.0,1.523494880136715
landshuter_allee,catboost,autumn_2024,963,40,7.568780808855928,7.0,0.5687808088559283
landshuter_allee,catboost,autumn_2024,964,40,6.823859925387612,6.0,0.8238599253876124
landshuter_allee,catboost,autumn_2024,965,40,6.816608497279219,6.0,0.8166084972792191
landshuter_allee,catboost,autumn_2024,966,40,6.825397757358817,5.0,1.8253977573588172
landshuter_allee,catboost,autumn_2024,967,40,6.977406364597612,6.0,0.9774063645976119
landshuter_allee,catboost,autumn_2024,968,40,6.782529206604367,5.0,1.7825292066043668
landshuter_allee,catboost,autumn_2024,969,40,7.234916179824923,6.0,1.234916179824923
landshuter_allee,catboost,autumn_2024,970,40,7.599747514966389,7.0,0.5997475149663893
landshuter_allee,catboost,autumn_2024,971,40,8.41590709453793,7.0,1.4159070945379302
landshuter_allee,catboost,autumn_2024,972,40,7.862888085191532,5.0,2.862888085191532
landshuter_allee,catboost,autumn_2024,973,40,7.888926352229329,6.0,1.888926352229329
landshuter_allee,catboost,autumn_2024,974,40,8.004518751180685,6.0,2.004518751180685
landshuter_allee,catboost,autumn_2024,975,40,9.013214338113267,8.0,1.0132143381132668
landshuter_allee,catboost,autumn_2024,976,40,9.63926785178006,8.0,1.63926785178006
landshuter_allee,catboost,autumn_2024,977,40,10.067781497864846,7.0,3.0677814978648463
landshuter_allee,catboost,autumn_2024,978,40,10.813183524331848,9.0,1.8131835243318477
landshuter_allee,catboost,autumn_2024,979,40,11.427575161499867,11.0,0.42757516149986685
landshuter_allee,catboost,autumn_2024,980,40,12.90754060669563,12.0,0.9075406066956297
landshuter_allee,catboost,autumn_2024,981,40,13.739004481951378,12.0,1.739004481951378
landshuter_allee,catboost,autumn_2024,982,40,13.41046932779755,14.0,0.58953067220245
landshuter_allee,catboost,autumn_2024,983,40,14.206900411754305,15.0,0.7930995882456955
landshuter_allee,catboost,autumn_2024,984,41,15.137253137835893,15.0,0.1372531378358932
landshuter_allee,catboost,autumn_2024,985,41,17.148464304116445,17.0,0.14846430411644462
landshuter_allee,catboost,autumn_2024,986,41,17.968469718844883,17.0,0.968469718844883
landshuter_allee,catboost,autumn_2024,987,41,17.87226608237104,16.0,1.8722660823710413
landshuter_allee,catboost,autumn_2024,988,41,18.462047114798786,17.0,1.4620471147987857
landshuter_allee,catboost,autumn_2024,989,41,18.82074587416456,18.0,0.8207458741645617
landshuter_allee,catboost,autumn_2024,990,41,19.43079589949157,18.0,1.4307958994915708
landshuter_allee,catboost,autumn_2024,991,41,19.116343991033574,17.0,2.116343991033574
landshuter_allee,catboost,autumn_2024,992,41,17.707160992682873,14.0,3.707160992682873
landshuter_allee,catboost,autumn_2024,993,41,17.295469276684425,14.5,2.7954692766844254
landshuter_allee,catboost,autumn_2024,994,41,17.246433559466453,15.0,2.2464335594664533
landshuter_allee,catboost,autumn_2024,995,41,18.4449205285008,16.0,2.4449205285007984
landshuter_allee,catboost,autumn_2024,996,41,20.117608253233485,19.0,1.1176082532334846
landshuter_allee,catboost,autumn_2024,997,41,19.27208041605339,20.0,0.7279195839466084
landshuter_allee,catboost,autumn_2024,998,41,19.0450482485778,19.0,0.045048248577799654
landshuter_allee,catboost,autumn_2024,999,41,19.661518032547857,19.0,0.6615180325478569
landshuter_allee,catboost,autumn_2024,1000,41,20.046360917981282,19.0,1.046360917981282
landshuter_allee,catboost,autumn_2024,1001,41,22.111295853788665,23.0,0.8887041462113352
landshuter_allee,catboost,autumn_2024,1002,41,22.58002420577393,21.0,1.580024205773931
landshuter_allee,catboost,autumn_2024,1003,41,22.267482397464434,18.0,4.267482397464434
landshuter_allee,catboost,autumn_2024,1004,41,21.951980154966385,16.0,5.951980154966385
landshuter_allee,catboost,autumn_2024,1005,41,20.826681707303663,18.0,2.8266817073036634
landshuter_allee,catboost,autumn_2024,1006,41,20.891644768514567,18.0,2.891644768514567
landshuter_allee,catboost,autumn_2024,1007,41,20.116466436229224,18.0,2.1164664362292243
landshuter_allee,catboost,autumn_2024,1008,42,19.23791074906246,18.0,1.2379107490624612
landshuter_allee,catboost,autumn_2024,1009,42,19.617209348333702,21.0,1.3827906516662978
landshuter_allee,catboost,autumn_2024,1010,42,21.257695722033663,25.0,3.742304277966337
landshuter_allee,catboost,autumn_2024,1011,42,22.273854616939587,27.0,4.7261453830604125
landshuter_allee,catboost,autumn_2024,1012,42,23.1431462072689,25.0,1.8568537927311013
landshuter_allee,catboost,autumn_2024,1013,42,23.463205418783026,24.0,0.5367945812169737
landshuter_allee,catboost,autumn_2024,1014,42,26.413772944051804,32.0,5.586227055948196
landshuter_allee,catboost,autumn_2024,1015,42,30.441784506120065,39.0,8.558215493879935
landshuter_allee,catboost,autumn_2024,1016,42,32.6856573031464,38.0,5.3143426968536005
landshuter_allee,catboost,autumn_2024,1017,42,31.93221315805513,31.0,0.9322131580551307
landshuter_allee,catboost,autumn_2024,1018,42,28.658452842080425,26.0,2.6584528420804254
landshuter_allee,catboost,autumn_2024,1019,42,26.337183949222236,25.0,1.3371839492222364
landshuter_allee,catboost,autumn_2024,1020,42,21.676318770159796,19.0,2.6763187701597957
landshuter_allee,catboost,autumn_2024,1021,42,17.3236415743462,14.0,3.323641574346201
landshuter_allee,catboost,autumn_2024,1022,42,15.452831291850604,14.0,1.452831291850604
landshuter_allee,catboost,autumn_2024,1023,42,15.924037912114862,17.0,1.075962087885138
landshuter_allee,catboost,autumn_2024,1024,42,15.933444619274548,16.0,0.0665553807254522
landshuter_allee,catboost,autumn_2024,1025,42,15.250345966042076,14.0,1.250345966042076
landshuter_allee,catboost,autumn_2024,1026,42,15.669770023446645,14.0,1.6697700234466453
landshuter_allee,catboost,autumn_2024,1027,42,16.42537959766859,15.0,1.4253795976685915
landshuter_allee,catboost,autumn_2024,1028,42,17.13688722844336,17.0,0.13688722844336
landshuter_allee,catboost,autumn_2024,1029,42,17.879182198827365,18.0,0.12081780117263463
landshuter_allee,catboost,autumn_2024,1030,42,18.373665411974642,19.0,0.6263345880253581
landshuter_allee,catboost,autumn_2024,1031,42,18.0585657489642,19.0,0.9414342510358011
landshuter_allee,catboost,autumn_2024,1032,43,17.44188599707043,19.0,1.558114002929571
landshuter_allee,catboost,autumn_2024,1033,43,17.741854211038948,21.0,3.258145788961052
landshuter_allee,catboost,autumn_2024,1034,43,18.26356906812817,22.0,3.73643093187183
landshuter_allee,catboost,autumn_2024,1035,43,19.113098022448725,24.0,4.886901977551275
landshuter_allee,catboost,autumn_2024,1036,43,19.5321530391316,23.0,3.4678469608683997
landshuter_allee,catboost,autumn_2024,1037,43,19.285898638139333,21.0,1.714101361860667
landshuter_allee,catboost,autumn_2024,1038,43,18.632334173096574,19.0,0.3676658269034263
landshuter_allee,catboost,autumn_2024,1039,43,19.194636302977283,22.0,2.8053636970227167
landshuter_allee,catboost,autumn_2024,1040,43,19.348561662555163,21.0,1.6514383374448371
landshuter_allee,catboost,autumn_2024,1041,43,19.507576547128167,21.0,1.492423452871833
landshuter_allee,catboost,autumn_2024,1042,43,19.701708263462194,21.0,1.2982917365378057
landshuter_allee,catboost,autumn_2024,1043,43,19.777320269710252,21.0,1.222679730289748
landshuter_allee,catboost,autumn_2024,1044,43,20.544475263992613,21.0,0.4555247360073871
landshuter_allee,catboost,autumn_2024,1045,43,20.607981138941362,21.0,0.3920188610586379
landshuter_allee,catboost,autumn_2024,1046,43,19.788725978254536,19.0,0.7887259782545364
landshuter_allee,catboost,autumn_2024,1047,43,18.302650633669828,16.0,2.3026506336698276
landshuter_allee,catboost,autumn_2024,1048,43,17.95473791523046,17.0,0.95473791523046
landshuter_allee,catboost,autumn_2024,1049,43,17.92539017253529,18.0,0.0746098274647089
landshuter_allee,catboost,autumn_2024,1050,43,18.880072612486472,19.0,0.1199273875135276
landshuter_allee,catboost,autumn_2024,1051,43,19.019677163104244,19.0,0.0196771631042445
landshuter_allee,catboost,autumn_2024,1052,43,17.801038071763237,17.0,0.8010380717632373
landshuter_allee,catboost,autumn_2024,1053,43,16.757457052335294,16.0,0.7574570523352939
landshuter_allee,catboost,autumn_2024,1054,43,14.783485576493533,14.0,0.7834855764935327
landshuter_allee,catboost,autumn_2024,1055,43,12.909036230740384,13.0,0.09096376925961636
