station,model,window,hour_index,day_index,pred,actual,abs_error
landshuter_allee,xgboost,spring_2024,0,0,15.019186973571777,17.0,1.9808130264282227
landshuter_allee,xgboost,spring_2024,1,0,13.116050720214844,17.0,3.8839492797851562
landshuter_allee,xgboost,spring_2024,2,0,12.621027946472168,16.0,3.378972053527832
landshuter_allee,xgboost,spring_2024,3,0,13.095325469970703,16.0,2.904674530029297
landshuter_allee,xgboost,spring_2024,4,0,13.365646362304688,16.0,2.6343536376953125
landshuter_allee,xgboost,spring_2024,5,0,13.257772445678711,15.0,1.742227554321289
landshuter_allee,xgboost,spring_2024,6,0,13.124274253845215,14.0,0.8757257461547852
landshuter_allee,xgboost,spring_2024,7,0,12.834613800048828,12.0,0.8346138000488281
landshuter_allee,xgboost,spring_2024,8,0,11.754402160644531,11.0,0.7544021606445312
landshuter_allee,xgboost,spring_2024,9,0,9.235539436340332,9.0,0.23553943634033203
landshuter_allee,xgboost,spring_2024,10,0,7.663959503173828,7.0,0.6639595031738281
landshuter_allee,xgboost,spring_2024,11,0,7.361328125,8.0,0.638671875
landshuter_allee,xgboost,spring_2024,12,0,7.29482364654541,9.0,1.7051763534545898
landshuter_allee,xgboost,spring_2024,13,0,7.163310527801514,9.0,1.8366894721984863
landshuter_allee,xgboost,spring_2024,14,0,6.680649280548096,8.0,1.3193507194519043
landshuter_allee,xgboost,spring_2024,15,0,6.1776251792907715,7.0,0.8223748207092285
landshuter_allee,xgboost,spring_2024,16,0,6.084948539733887,5.0,1.0849485397338867
landshuter_allee,xgboost,spring_2024,17,0,6.044744491577148,5.0,1.0447444915771484
landshuter_allee,xgboost,spring_2024,18,0,7.842960357666016,6.0,1.8429603576660156
landshuter_allee,xgboost,spring_2024,19,0,10.271045684814453,9.0,1.2710456848144531
landshuter_allee,xgboost,spring_2024,20,0,10.884159088134766,7.0,3.8841590881347656
landshuter_allee,xgboost,spring_2024,21,0,8.68720817565918,6.0,2.6872081756591797
landshuter_allee,xgboost,spring_2024,22,0,6.869884490966797,5.0,1.8698844909667969
landshuter_allee,xgboost,spring_2024,23,0,5.407423973083496,4.0,1.407423973083496
landshuter_allee,xgboost,spring_2024,24,1,5.3607869148254395,4.0,1.3607869148254395
landshuter_allee,xgboost,spring_2024,25,1,4.547715187072754,3.0,1.547715187072754
landshuter_allee,xgboost,spring_2024,26,1,4.168828010559082,2.0,2.168828010559082
landshuter_allee,xgboost,spring_2024,27,1,3.7511141300201416,2.0,1.7511141300201416
landshuter_allee,xgboost,spring_2024,28,1,3.11955189704895,2.0,1.1195518970489502
landshuter_allee,xgboost,spring_2024,29,1,3.509775400161743,2.0,1.5097754001617432
landshuter_allee,xgboost,spring_2024,30,1,3.439896583557129,2.0,1.439896583557129
landshuter_allee,xgboost,spring_2024,31,1,3.2013256549835205,2.0,1.2013256549835205
landshuter_allee,xgboost,spring_2024,32,1,3.4223883152008057,2.0,1.4223883152008057
landshuter_allee,xgboost,spring_2024,33,1,3.3220460414886475,3.0,0.32204604148864746
landshuter_allee,xgboost,spring_2024,34,1,3.7860255241394043,3.0,0.7860255241394043
landshuter_allee,xgboost,spring_2024,35,1,3.5840344429016113,1.0,2.5840344429016113
landshuter_allee,xgboost,spring_2024,36,1,3.638073682785034,2.0,1.6380736827850342
landshuter_allee,xgboost,spring_2024,37,1,3.733443021774292,2.0,1.733443021774292
landshuter_allee,xgboost,spring_2024,38,1,4.114885330200195,4.0,0.11488533020019531
landshuter_allee,xgboost,spring_2024,39,1,5.173820495605469,4.0,1.1738204956054688
landshuter_allee,xgboost,spring_2024,40,1,5.610941410064697,4.0,1.6109414100646973
landshuter_allee,xgboost,spring_2024,41,1,6.002492427825928,4.0,2.0024924278259277
landshuter_allee,xgboost,spring_2024,42,1,5.882532119750977,3.0,2.8825321197509766
landshuter_allee,xgboost,spring_2024,43,1,5.610665321350098,3.0,2.6106653213500977
landshuter_allee,xgboost,spring_2024,44,1,4.971469402313232,3.0,1.9714694023132324
landshuter_allee,xgboost,spring_2024,45,1,4.243155479431152,2.0,2.2431554794311523
landshuter_allee,xgboost,spring_2024,46,1,3.9000062942504883,3.0,0.9000062942504883
landshuter_allee,xgboost,spring_2024,47,1,1.5979467630386353,0.5,1.0979467630386353
landshuter_allee,xgboost,spring_2024,48,2,1.1768261194229126,0.4,0.7768261194229126
landshuter_allee,xgboost,spring_2024,49,2,1.0469869375228882,0.3,0.7469869375228881
landshuter_allee,xgboost,spring_2024,50,2,0.9931673407554626,0.4,0.5931673407554626
landshuter_allee,xgboost,spring_2024,51,2,0.48242485523223877,0.3,0.18242485523223878
landshuter_allee,xgboost,spring_2024,52,2,0.4265291392803192,0.3,0.12652913928031922
landshuter_allee,xgboost,spring_2024,53,2,0.45426809787750244,0.3,0.15426809787750245
landshuter_allee,xgboost,spring_2024,54,2,0.4237390458583832,0.3,0.12373904585838319
landshuter_allee,xgboost,spring_2024,55,2,0.40647539496421814,0.3,0.10647539496421815
landshuter_allee,xgboost,spring_2024,56,2,0.30250051617622375,0.4,0.09749948382377627
landshuter_allee,xgboost,spring_2024,57,2,0.66109299659729,0.5,0.16109299659729004
landshuter_allee,xgboost,spring_2024,58,2,0.6450123190879822,0.4,0.24501231908798216
landshuter_allee,xgboost,spring_2024,59,2,0.5318640470504761,0.4,0.13186404705047605
landshuter_allee,xgboost,spring_2024,60,2,0.6413644552230835,0.3,0.3413644552230835
landshuter_allee,xgboost,spring_2024,61,2,0.7596414685249329,0.3,0.4596414685249329
landshuter_allee,xgboost,spring_2024,62,2,1.4352489709854126,1.0,0.4352489709854126
landshuter_allee,xgboost,spring_2024,63,2,1.792827844619751,1.0,0.792827844619751
landshuter_allee,xgboost,spring_2024,64,2,2.041795253753662,1.0,1.041795253753662
landshuter_allee,xgboost,spring_2024,65,2,2.668766736984253,1.0,1.668766736984253
landshuter_allee,xgboost,spring_2024,66,2,2.7768492698669434,1.0,1.7768492698669434
landshuter_allee,xgboost,spring_2024,67,2,2.29535174369812,0.9,1.3953517436981202
landshuter_allee,xgboost,spring_2024,68,2,2.211392641067505,1.0,1.2113926410675049
landshuter_allee,xgboost,spring_2024,69,2,1.6125047206878662,0.8,0.8125047206878662
landshuter_allee,xgboost,spring_2024,70,2,1.1765902042388916,0.6,0.5765902042388916
landshuter_allee,xgboost,spring_2024,71,2,1.070605754852295,0.4,0.6706057548522949
landshuter_allee,xgboost,spring_2024,72,3,1.0691859722137451,0.3,0.7691859722137451
landshuter_allee,xgboost,spring_2024,73,3,1.21724271774292,0.5,0.7172427177429199
landshuter_allee,xgboost,spring_2024,74,3,1.2023895978927612,0.5,0.7023895978927612
landshuter_allee,xgboost,spring_2024,75,3,1.262317180633545,0.3,0.9623171806335449
landshuter_allee,xgboost,spring_2024,76,3,1.5377169847488403,0.7,0.8377169847488404
landshuter_allee,xgboost,spring_2024,77,3,1.9050097465515137,1.0,0.9050097465515137
landshuter_allee,xgboost,spring_2024,78,3,2.405360221862793,1.0,1.405360221862793
landshuter_allee,xgboost,spring_2024,79,3,2.833634376525879,2.0,0.8336343765258789
landshuter_allee,xgboost,spring_2024,80,3,2.7266132831573486,2.0,0.7266132831573486
landshuter_allee,xgboost,spring_2024,81,3,2.9322774410247803,2.0,0.9322774410247803
landshuter_allee,xgboost,spring_2024,82,3,2.621785879135132,2.0,0.6217858791351318
landshuter_allee,xgboost,spring_2024,83,3,2.5698347091674805,2.0,0.5698347091674805
landshuter_allee,xgboost,spring_2024,84,3,3.3451175689697266,3.0,0.34511756896972656
landshuter_allee,xgboost,spring_2024,85,3,3.6852304935455322,3.0,0.6852304935455322
landshuter_allee,xgboost,spring_2024,86,3,3.5536715984344482,3.0,0.5536715984344482
landshuter_allee,xgboost,spring_2024,87,3,3.678591728210449,3.0,0.6785917282104492
landshuter_allee,xgboost,spring_2024,88,3,3.7266621589660645,4.0,0.27333784103393555
landshuter_allee,xgboost,spring_2024,89,3,3.7102973461151123,3.0,0.7102973461151123
landshuter_allee,xgboost,spring_2024,90,3,4.074533939361572,5.0,0.9254660606384277
landshuter_allee,xgboost,spring_2024,91,3,5.22796106338501,7.0,1.7720389366149902
landshuter_allee,xgboost,spring_2024,92,3,5.937462329864502,9.0,3.062537670135498
landshuter_allee,xgboost,spring_2024,93,3,6.39835262298584,9.0,2.60164737701416
landshuter_allee,xgboost,spring_2024,94,3,6.135923862457275,9.0,2.8640761375427246
landshuter_allee,xgboost,spring_2024,95,3,6.052289009094238,9.0,2.9477109909057617
landshuter_allee,xgboost,spring_2024,96,4,6.1308441162109375,9.0,2.8691558837890625
landshuter_allee,xgboost,spring_2024,97,4,6.273146152496338,10.0,3.726853847503662
landshuter_allee,xgboost,spring_2024,98,4,6.779906749725342,10.0,3.220093250274658
landshuter_allee,xgboost,spring_2024,99,4,6.7352614402771,10.0,3.2647385597229004
landshuter_allee,xgboost,spring_2024,100,4,6.499651908874512,8.0,1.5003480911254883
landshuter_allee,xgboost,spring_2024,101,4,6.520318508148193,8.0,1.4796814918518066
landshuter_allee,xgboost,spring_2024,102,4,7.091569900512695,7.0,0.09156990051269531
landshuter_allee,xgboost,spring_2024,103,4,6.797740459442139,8.0,1.2022595405578613
landshuter_allee,xgboost,spring_2024,104,4,8.056890487670898,9.0,0.9431095123291016
landshuter_allee,xgboost,spring_2024,105,4,7.483216285705566,7.0,0.4832162857055664
landshuter_allee,xgboost,spring_2024,106,4,6.714931488037109,6.0,0.7149314880371094
landshuter_allee,xgboost,spring_2024,107,4,6.111390113830566,5.0,1.1113901138305664
landshuter_allee,xgboost,spring_2024,108,4,5.921046733856201,5.0,0.9210467338562012
landshuter_allee,xgboost,spring_2024,109,4,6.353927135467529,6.0,0.3539271354675293
landshuter_allee,xgboost,spring_2024,110,4,7.166881561279297,6.0,1.1668815612792969
landshuter_allee,xgboost,spring_2024,111,4,7.949609279632568,7.0,0.9496092796325684
landshuter_allee,xgboost,spring_2024,112,4,8.076727867126465,7.0,1.0767278671264648
landshuter_allee,xgboost,spring_2024,113,4,7.7821736335754395,6.0,1.7821736335754395
landshuter_allee,xgboost,spring_2024,114,4,8.622967720031738,8.0,0.6229677200317383
landshuter_allee,xgboost,spring_2024,115,4,10.133737564086914,11.0,0.8662624359130859
landshuter_allee,xgboost,spring_2024,116,4,12.881001472473145,13.0,0.11899852752685547
landshuter_allee,xgboost,spring_2024,117,4,14.870132446289062,13.0,1.8701324462890625
landshuter_allee,xgboost,spring_2024,118,4,13.946834564208984,11.0,2.9468345642089844
landshuter_allee,xgboost,spring_2024,119,4,10.585382461547852,6.0,4.585382461547852
landshuter_allee,xgboost,spring_2024,120,5,8.271900177001953,6.0,2.271900177001953
landshuter_allee,xgboost,spring_2024,121,5,7.2685770988464355,7.0,0.26857709884643555
landshuter_allee,xgboost,spring_2024,122,5,6.175691604614258,6.0,0.1756916046142578
landshuter_allee,xgboost,spring_2024,123,5,5.2481608390808105,5.0,0.24816083908081055
landshuter_allee,xgboost,spring_2024,124,5,3.9136476516723633,3.0,0.9136476516723633
landshuter_allee,xgboost,spring_2024,125,5,4.401261806488037,5.0,0.5987381935119629
landshuter_allee,xgboost,spring_2024,126,5,5.957127571105957,7.0,1.042872428894043
landshuter_allee,xgboost,spring_2024,127,5,7.189607620239258,9.0,1.8103923797607422
landshuter_allee,xgboost,spring_2024,128,5,7.6653313636779785,8.0,0.3346686363220215
landshuter_allee,xgboost,spring_2024,129,5,8.633188247680664,9.0,0.36681175231933594
landshuter_allee,xgboost,spring_2024,130,5,6.223535537719727,4.0,2.2235355377197266
landshuter_allee,xgboost,spring_2024,131,5,4.943521022796631,3.0,1.9435210227966309
landshuter_allee,xgboost,spring_2024,132,5,4.496342182159424,3.0,1.4963421821594238
landshuter_allee,xgboost,spring_2024,133,5,4.288483142852783,3.0,1.2884831428527832
landshuter_allee,xgboost,spring_2024,134,5,4.502266883850098,3.0,1.5022668838500977
landshuter_allee,xgboost,spring_2024,135,5,8.308155059814453,9.0,0.6918449401855469
landshuter_allee,xgboost,spring_2024,136,5,14.552382469177246,17.0,2.447617530822754
landshuter_allee,xgboost,spring_2024,137,5,20.052120208740234,20.0,0.052120208740234375
landshuter_allee,xgboost,spring_2024,138,5,13.341164588928223,8.0,5.341164588928223
landshuter_allee,xgboost,spring_2024,139,5,4.286341190338135,5.0,0.7136588096618652
landshuter_allee,xgboost,spring_2024,140,5,2.1659653186798096,2.0,0.16596531867980957
landshuter_allee,xgboost,spring_2024,141,5,0.8949035406112671,1.0,0.10509645938873291
landshuter_allee,xgboost,spring_2024,142,5,0.790040910243988,4.0,3.209959089756012
landshuter_allee,xgboost,spring_2024,143,5,0.23488159477710724,2.0,1.7651184052228928
landshuter_allee,xgboost,spring_2024,144,6,0.23129358887672424,0.8,0.5687064111232758
landshuter_allee,xgboost,spring_2024,145,6,0.27360832691192627,0.4,0.12639167308807375
landshuter_allee,xgboost,spring_2024,146,6,0.14974647760391235,0.3,0.15025352239608764
landshuter_allee,xgboost,spring_2024,147,6,0.16105784475803375,0.3,0.13894215524196624
landshuter_allee,xgboost,spring_2024,148,6,0.23469848930835724,0.3,0.06530151069164275
landshuter_allee,xgboost,spring_2024,149,6,0.4156063497066498,1.0,0.5843936502933502
landshuter_allee,xgboost,spring_2024,150,6,0.761950671672821,0.8,0.038049328327179
landshuter_allee,xgboost,spring_2024,151,6,-0.06945249438285828,0.6,0.6694524943828583
landshuter_allee,xgboost,spring_2024,152,6,-0.06540554016828537,0.8,0.8654055401682854
landshuter_allee,xgboost,spring_2024,153,6,0.08730531483888626,1.0,0.9126946851611137
landshuter_allee,xgboost,spring_2024,154,6,0.9265017509460449,2.0,1.073498249053955
landshuter_allee,xgboost,spring_2024,155,6,1.6238218545913696,3.0,1.3761781454086304
landshuter_allee,xgboost,spring_2024,156,6,1.858727216720581,3.0,1.141272783279419
landshuter_allee,xgboost,spring_2024,157,6,1.3452973365783691,2.0,0.6547026634216309
landshuter_allee,xgboost,spring_2024,158,6,0.7217857837677002,1.0,0.2782142162322998
landshuter_allee,xgboost,spring_2024,159,6,0.9648815393447876,2.0,1.0351184606552124
landshuter_allee,xgboost,spring_2024,160,6,1.4457042217254639,2.0,0.5542957782745361
landshuter_allee,xgboost,spring_2024,161,6,2.1323540210723877,4.0,1.8676459789276123
landshuter_allee,xgboost,spring_2024,162,6,2.950690269470215,3.0,0.049309730529785156
landshuter_allee,xgboost,spring_2024,163,6,3.4687211513519287,5.0,1.5312788486480713
landshuter_allee,xgboost,spring_2024,164,6,3.1594958305358887,5.0,1.8405041694641113
landshuter_allee,xgboost,spring_2024,165,6,3.4326019287109375,4.0,0.5673980712890625
landshuter_allee,xgboost,spring_2024,166,6,3.4116787910461426,5.0,1.5883212089538574
landshuter_allee,xgboost,spring_2024,167,6,3.117835760116577,3.0,0.11783576011657715
landshuter_allee,xgboost,spring_2024,168,7,2.736968994140625,2.0,0.736968994140625
landshuter_allee,xgboost,spring_2024,169,7,1.5022485256195068,0.5,1.0022485256195068
landshuter_allee,xgboost,spring_2024,170,7,1.0026235580444336,0.3,0.7026235580444335
landshuter_allee,xgboost,spring_2024,171,7,0.8998416066169739,0.3,0.5998416066169738
landshuter_allee,xgboost,spring_2024,172,7,0.6397616267204285,0.3,0.3397616267204285
landshuter_allee,xgboost,spring_2024,173,7,0.6133264303207397,0.3,0.31332643032073976
landshuter_allee,xgboost,spring_2024,174,7,0.5072939395904541,0.3,0.2072939395904541
landshuter_allee,xgboost,spring_2024,175,7,0.1741189956665039,0.5,0.3258810043334961
landshuter_allee,xgboost,spring_2024,176,7,-0.31313472986221313,0.9,1.213134729862213
landshuter_allee,xgboost,spring_2024,177,7,0.18816322088241577,1.0,0.8118367791175842
landshuter_allee,xgboost,spring_2024,178,7,0.6317707300186157,1.0,0.3682292699813843
landshuter_allee,xgboost,spring_2024,179,7,1.9513661861419678,2.0,0.04863381385803223
landshuter_allee,xgboost,spring_2024,180,7,1.8438152074813843,2.0,0.15618479251861572
landshuter_allee,xgboost,spring_2024,181,7,1.7895729541778564,2.0,0.21042704582214355
landshuter_allee,xgboost,spring_2024,182,7,1.803015947341919,2.0,0.19698405265808105
landshuter_allee,xgboost,spring_2024,183,7,1.9646507501602173,2.0,0.035349249839782715
landshuter_allee,xgboost,spring_2024,184,7,2.1330292224884033,2.0,0.13302922248840332
landshuter_allee,xgboost,spring_2024,185,7,10.922981262207031,9.0,1.9229812622070312
landshuter_allee,xgboost,spring_2024,186,7,34.16680145263672,30.0,4.166801452636719
landshuter_allee,xgboost,spring_2024,187,7,40.03608703613281,40.0,0.0360870361328125
landshuter_allee,xgboost,spring_2024,188,7,41.478946685791016,42.0,0.5210533142089844
landshuter_allee,xgboost,spring_2024,189,7,43.50687026977539,42.0,1.5068702697753906
landshuter_allee,xgboost,spring_2024,190,7,43.60276794433594,42.0,1.6027679443359375
landshuter_allee,xgboost,spring_2024,191,7,42.65780258178711,42.0,0.6578025817871094
landshuter_allee,xgboost,spring_2024,192,8,43.14537048339844,42.0,1.1453704833984375
landshuter_allee,xgboost,spring_2024,193,8,42.514076232910156,42.0,0.5140762329101562
landshuter_allee,xgboost,spring_2024,194,8,43.36719512939453,42.0,1.3671951293945312
landshuter_allee,xgboost,spring_2024,195,8,43.02719497680664,42.0,1.0271949768066406
landshuter_allee,xgboost,spring_2024,196,8,42.941986083984375,33.0,9.941986083984375
landshuter_allee,xgboost,spring_2024,197,8,43.11412811279297,28.0,15.114128112792969
landshuter_allee,xgboost,spring_2024,198,8,42.134700775146484,27.0,15.134700775146484
landshuter_allee,xgboost,spring_2024,199,8,42.28413391113281,27.0,15.284133911132812
landshuter_allee,xgboost,spring_2024,200,8,40.26446533203125,23.0,17.26446533203125
landshuter_allee,xgboost,spring_2024,201,8,39.17830276489258,20.0,19.178302764892578
landshuter_allee,xgboost,spring_2024,202,8,39.39033889770508,20.0,19.390338897705078
landshuter_allee,xgboost,spring_2024,203,8,39.46528625488281,18.0,21.465286254882812
landshuter_allee,xgboost,spring_2024,204,8,39.859771728515625,17.0,22.859771728515625
landshuter_allee,xgboost,spring_2024,205,8,38.808929443359375,20.0,18.808929443359375
landshuter_allee,xgboost,spring_2024,206,8,38.754634857177734,22.0,16.754634857177734
landshuter_allee,xgboost,spring_2024,207,8,38.370906829833984,24.0,14.370906829833984
landshuter_allee,xgboost,spring_2024,208,8,38.03600311279297,21.0,17.03600311279297
landshuter_allee,xgboost,spring_2024,209,8,38.87306213378906,24.0,14.873062133789062
landshuter_allee,xgboost,spring_2024,210,8,42.21504211425781,30.0,12.215042114257812
landshuter_allee,xgboost,spring_2024,211,8,45.78078079223633,32.0,13.780780792236328
landshuter_allee,xgboost,spring_2024,212,8,45.5111198425293,31.0,14.511119842529297
landshuter_allee,xgboost,spring_2024,213,8,44.01776123046875,24.0,20.01776123046875
landshuter_allee,xgboost,spring_2024,214,8,37.49112319946289,14.0,23.49112319946289
landshuter_allee,xgboost,spring_2024,215,8,31.194992065429688,14.0,17.194992065429688
landshuter_allee,xgboost,spring_2024,216,9,35.32667541503906,35.0,0.3266754150390625
landshuter_allee,xgboost,spring_2024,217,9,39.533164978027344,29.0,10.533164978027344
landshuter_allee,xgboost,spring_2024,218,9,39.36528396606445,28.0,11.365283966064453
landshuter_allee,xgboost,spring_2024,219,9,33.734588623046875,14.0,19.734588623046875
landshuter_allee,xgboost,spring_2024,220,9,31.114011764526367,14.0,17.114011764526367
landshuter_allee,xgboost,spring_2024,221,9,28.1534481048584,13.0,15.153448104858398
landshuter_allee,xgboost,spring_2024,222,9,28.151105880737305,14.0,14.151105880737305
landshuter_allee,xgboost,spring_2024,223,9,28.91522979736328,15.0,13.915229797363281
landshuter_allee,xgboost,spring_2024,224,9,29.435945510864258,16.0,13.435945510864258
landshuter_allee,xgboost,spring_2024,225,9,29.93433380126953,16.0,13.934333801269531
landshuter_allee,xgboost,spring_2024,226,9,29.233150482177734,15.0,14.233150482177734
landshuter_allee,xgboost,spring_2024,227,9,27.477310180664062,14.0,13.477310180664062
landshuter_allee,xgboost,spring_2024,228,9,24.422319412231445,13.0,11.422319412231445
landshuter_allee,xgboost,spring_2024,229,9,20.67955207824707,10.0,10.67955207824707
landshuter_allee,xgboost,spring_2024,230,9,18.870311737060547,10.0,8.870311737060547
landshuter_allee,xgboost,spring_2024,231,9,13.110026359558105,7.0,6.1100263595581055
landshuter_allee,xgboost,spring_2024,232,9,5.6275177001953125,3.0,2.6275177001953125
landshuter_allee,xgboost,spring_2024,233,9,3.936748504638672,4.0,0.06325149536132812
landshuter_allee,xgboost,spring_2024,234,9,2.6356041431427,4.0,1.3643958568572998
landshuter_allee,xgboost,spring_2024,235,9,1.5972014665603638,4.0,2.4027985334396362
landshuter_allee,xgboost,spring_2024,236,9,1.6738966703414917,4.0,2.3261033296585083
landshuter_allee,xgboost,spring_2024,237,9,1.2758078575134277,4.0,2.7241921424865723
landshuter_allee,xgboost,spring_2024,238,9,1.3013898134231567,4.0,2.6986101865768433
landshuter_allee,xgboost,spring_2024,239,9,0.716149628162384,3.0,2.283850371837616
landshuter_allee,xgboost,spring_2024,240,10,0.7839131951332092,2.0,1.2160868048667908
landshuter_allee,xgboost,spring_2024,241,10,0.7576156854629517,0.9,0.14238431453704836
landshuter_allee,xgboost,spring_2024,242,10,0.7251234650611877,0.8,0.0748765349388123
landshuter_allee,xgboost,spring_2024,243,10,1.006751298904419,0.8,0.2067512989044189
landshuter_allee,xgboost,spring_2024,244,10,1.5643876791000366,1.0,0.5643876791000366
landshuter_allee,xgboost,spring_2024,245,10,1.9412368535995483,1.0,0.9412368535995483
landshuter_allee,xgboost,spring_2024,246,10,1.8598737716674805,0.9,0.9598737716674804
landshuter_allee,xgboost,spring_2024,247,10,1.7600289583206177,1.0,0.7600289583206177
landshuter_allee,xgboost,spring_2024,248,10,1.4265588521957397,0.9,0.5265588521957397
landshuter_allee,xgboost,spring_2024,249,10,0.43364647030830383,0.3,0.13364647030830384
landshuter_allee,xgboost,spring_2024,250,10,-0.16224339604377747,0.3,0.46224339604377745
landshuter_allee,xgboost,spring_2024,251,10,-0.08442898094654083,0.3,0.3844289809465408
landshuter_allee,xgboost,spring_2024,252,10,-0.14141103625297546,0.5,0.6414110362529755
landshuter_allee,xgboost,spring_2024,253,10,0.04598505422472954,0.3,0.25401494577527045
landshuter_allee,xgboost,spring_2024,254,10,0.18385657668113708,0.4,0.21614342331886294
landshuter_allee,xgboost,spring_2024,255,10,0.3174847662448883,0.6,0.28251523375511167
landshuter_allee,xgboost,spring_2024,256,10,0.3661074936389923,0.7,0.33389250636100765
landshuter_allee,xgboost,spring_2024,257,10,0.8201957941055298,0.9,0.07980420589447024
landshuter_allee,xgboost,spring_2024,258,10,1.470401644706726,1.0,0.4704016447067261
landshuter_allee,xgboost,spring_2024,259,10,1.8483155965805054,2.0,0.15168440341949463
landshuter_allee,xgboost,spring_2024,260,10,1.1684004068374634,2.0,0.8315995931625366
landshuter_allee,xgboost,spring_2024,261,10,0.9112225770950317,1.0,0.08877742290496826
landshuter_allee,xgboost,spring_2024,262,10,0.1864757537841797,0.6,0.4135242462158203
landshuter_allee,xgboost,spring_2024,263,10,0.20518627762794495,0.5,0.29481372237205505
landshuter_allee,xgboost,spring_2024,264,11,0.41086113452911377,0.7,0.2891388654708862
landshuter_allee,xgboost,spring_2024,265,11,0.28590473532676697,0.8,0.5140952646732331
landshuter_allee,xgboost,spring_2024,266,11,0.35380062460899353,0.8,0.4461993753910065
landshuter_allee,xgboost,spring_2024,267,11,0.5220829844474792,0.9,0.3779170155525208
landshuter_allee,xgboost,spring_2024,268,11,0.7741062641143799,1.0,0.22589373588562012
landshuter_allee,xgboost,spring_2024,269,11,1.3049330711364746,2.0,0.6950669288635254
landshuter_allee,xgboost,spring_2024,270,11,2.322526454925537,2.0,0.3225264549255371
landshuter_allee,xgboost,spring_2024,271,11,2.8641278743743896,2.0,0.8641278743743896
landshuter_allee,xgboost,spring_2024,272,11,2.5099661350250244,1.0,1.5099661350250244
landshuter_allee,xgboost,spring_2024,273,11,2.51419734954834,2.0,0.5141973495483398
landshuter_allee,xgboost,spring_2024,274,11,3.113326072692871,3.0,0.1133260726928711
landshuter_allee,xgboost,spring_2024,275,11,3.5762689113616943,2.0,1.5762689113616943
landshuter_allee,xgboost,spring_2024,276,11,3.32694935798645,2.0,1.3269493579864502
landshuter_allee,xgboost,spring_2024,277,11,3.421494960784912,2.0,1.421494960784912
landshuter_allee,xgboost,spring_2024,278,11,3.19307541847229,2.0,1.19307541847229
landshuter_allee,xgboost,spring_2024,279,11,3.60158371925354,3.0,0.60158371925354
landshuter_allee,xgboost,spring_2024,280,11,3.533620595932007,3.0,0.5336205959320068
landshuter_allee,xgboost,spring_2024,281,11,3.7308225631713867,3.0,0.7308225631713867
landshuter_allee,xgboost,spring_2024,282,11,4.196218967437744,5.0,0.8037810325622559
landshuter_allee,xgboost,spring_2024,283,11,5.254674911499023,6.0,0.7453250885009766
landshuter_allee,xgboost,spring_2024,284,11,6.144237518310547,6.0,0.14423751831054688
landshuter_allee,xgboost,spring_2024,285,11,5.43126106262207,4.0,1.4312610626220703
landshuter_allee,xgboost,spring_2024,286,11,4.672244071960449,5.0,0.3277559280395508
landshuter_allee,xgboost,spring_2024,287,11,3.8297102451324463,4.0,0.1702897548675537
landshuter_allee,xgboost,spring_2024,288,12,2.8258180618286133,4.0,1.1741819381713867
landshuter_allee,xgboost,spring_2024,289,12,2.413566827774048,4.0,1.5864331722259521
landshuter_allee,xgboost,spring_2024,290,12,2.531097173690796,4.0,1.468902826309204
landshuter_allee,xgboost,spring_2024,291,12,2.588465929031372,3.0,0.41153407096862793
landshuter_allee,xgboost,spring_2024,292,12,2.785576820373535,3.0,0.21442317962646484
landshuter_allee,xgboost,spring_2024,293,12,3.1200764179229736,3.0,0.12007641792297363
landshuter_allee,xgboost,spring_2024,294,12,4.191396713256836,4.0,0.19139671325683594
landshuter_allee,xgboost,spring_2024,295,12,5.145089149475098,5.0,0.14508914947509766
landshuter_allee,xgboost,spring_2024,296,12,5.807884216308594,5.0,0.8078842163085938
landshuter_allee,xgboost,spring_2024,297,12,7.149744987487793,6.0,1.149744987487793
landshuter_allee,xgboost,spring_2024,298,12,6.785609722137451,6.0,0.7856097221374512
landshuter_allee,xgboost,spring_2024,299,12,6.764856815338135,5.0,1.7648568153381348
landshuter_allee,xgboost,spring_2024,300,12,6.530368328094482,4.0,2.5303683280944824
landshuter_allee,xgboost,spring_2024,301,12,6.456413269042969,5.0,1.4564132690429688
landshuter_allee,xgboost,spring_2024,302,12,6.963418483734131,5.0,1.9634184837341309
landshuter_allee,xgboost,spring_2024,303,12,5.77434778213501,4.0,1.7743477821350098
landshuter_allee,xgboost,spring_2024,304,12,7.3919291496276855,6.0,1.3919291496276855
landshuter_allee,xgboost,spring_2024,305,12,10.138301849365234,8.0,2.1383018493652344
landshuter_allee,xgboost,spring_2024,306,12,8.866976737976074,7.0,1.8669767379760742
landshuter_allee,xgboost,spring_2024,307,12,6.110542297363281,5.0,1.1105422973632812
landshuter_allee,xgboost,spring_2024,308,12,4.333712577819824,4.0,0.3337125778198242
landshuter_allee,xgboost,spring_2024,309,12,2.873469829559326,3.0,0.12653017044067383
landshuter_allee,xgboost,spring_2024,310,12,1.7077999114990234,3.0,1.2922000885009766
landshuter_allee,xgboost,spring_2024,311,12,0.9243756532669067,2.0,1.0756243467330933
landshuter_allee,xgboost,spring_2024,312,13,0.6790969371795654,2.0,1.3209030628204346
landshuter_allee,xgboost,spring_2024,313,13,0.4295446574687958,2.0,1.5704553425312042
landshuter_allee,xgboost,spring_2024,314,13,0.609360933303833,2.0,1.390639066696167
landshuter_allee,xgboost,spring_2024,315,13,0.5870921015739441,2.0,1.412907898426056
landshuter_allee,xgboost,spring_2024,316,13,1.1367688179016113,3.0,1.8632311820983887
landshuter_allee,xgboost,spring_2024,317,13,1.940165400505066,3.0,1.059834599494934
landshuter_allee,xgboost,spring_2024,318,13,2.171806573867798,3.0,0.8281934261322021
landshuter_allee,xgboost,spring_2024,319,13,2.168064832687378,3.0,0.8319351673126221
landshuter_allee,xgboost,spring_2024,320,13,1.9283324480056763,2.0,0.07166755199432373
landshuter_allee,xgboost,spring_2024,321,13,1.5044344663619995,2.0,0.4955655336380005
landshuter_allee,xgboost,spring_2024,322,13,1.98250412940979,3.0,1.01749587059021
landshuter_allee,xgboost,spring_2024,323,13,1.8304495811462402,5.0,3.1695504188537598
landshuter_allee,xgboost,spring_2024,324,13,2.3038604259490967,6.0,3.6961395740509033
landshuter_allee,xgboost,spring_2024,325,13,2.84074330329895,7.0,4.15925669670105
landshuter_allee,xgboost,spring_2024,326,13,3.1168737411499023,7.0,3.8831262588500977
landshuter_allee,xgboost,spring_2024,327,13,3.8286657333374023,7.0,3.1713342666625977
landshuter_allee,xgboost,spring_2024,328,13,3.6039154529571533,4.0,0.3960845470428467
landshuter_allee,xgboost,spring_2024,329,13,3.6136832237243652,4.0,0.38631677627563477
landshuter_allee,xgboost,spring_2024,330,13,3.2465200424194336,4.0,0.7534799575805664
landshuter_allee,xgboost,spring_2024,331,13,4.148501396179199,3.0,1.1485013961791992
landshuter_allee,xgboost,spring_2024,332,13,5.467214584350586,4.0,1.467214584350586
landshuter_allee,xgboost,spring_2024,333,13,6.5137858390808105,5.0,1.5137858390808105
landshuter_allee,xgboost,spring_2024,334,13,6.801716327667236,4.0,2.8017163276672363
landshuter_allee,xgboost,spring_2024,335,13,5.678224563598633,3.0,2.678224563598633
landshuter_allee,xgboost,spring_2024,336,14,4.719853401184082,2.0,2.719853401184082
landshuter_allee,xgboost,spring_2024,337,14,4.531617164611816,2.0,2.5316171646118164
landshuter_allee,xgboost,spring_2024,338,14,4.701388835906982,2.0,2.7013888359069824
landshuter_allee,xgboost,spring_2024,339,14,4.758453369140625,2.0,2.758453369140625
landshuter_allee,xgboost,spring_2024,340,14,5.237252235412598,3.0,2.2372522354125977
landshuter_allee,xgboost,spring_2024,341,14,5.293991565704346,3.0,2.2939915657043457
landshuter_allee,xgboost,spring_2024,342,14,5.261787414550781,3.0,2.2617874145507812
landshuter_allee,xgboost,spring_2024,343,14,5.56264591217041,4.0,1.5626459121704102
landshuter_allee,xgboost,spring_2024,344,14,5.644814968109131,4.0,1.6448149681091309
landshuter_allee,xgboost,spring_2024,345,14,5.34199857711792,3.0,2.34199857711792
landshuter_allee,xgboost,spring_2024,346,14,5.077095031738281,4.0,1.0770950317382812
landshuter_allee,xgboost,spring_2024,347,14,5.387447834014893,4.0,1.3874478340148926
landshuter_allee,xgboost,spring_2024,348,14,6.031752109527588,5.0,1.031752109527588
landshuter_allee,xgboost,spring_2024,349,14,5.999204635620117,4.0,1.9992046356201172
landshuter_allee,xgboost,spring_2024,350,14,6.027166843414307,5.0,1.0271668434143066
landshuter_allee,xgboost,spring_2024,351,14,6.0722126960754395,5.0,1.0722126960754395
landshuter_allee,xgboost,spring_2024,352,14,6.671271800994873,7.0,0.32872819900512695
landshuter_allee,xgboost,spring_2024,353,14,7.717352867126465,8.0,0.28264713287353516
landshuter_allee,xgboost,spring_2024,354,14,10.000944137573242,10.0,0.0009441375732421875
landshuter_allee,xgboost,spring_2024,355,14,11.82392406463623,12.0,0.17607593536376953
landshuter_allee,xgboost,spring_2024,356,14,11.992668151855469,11.0,0.9926681518554688
landshuter_allee,xgboost,spring_2024,357,14,10.598630905151367,9.0,1.5986309051513672
landshuter_allee,xgboost,spring_2024,358,14,8.737167358398438,8.0,0.7371673583984375
landshuter_allee,xgboost,spring_2024,359,14,7.700314044952393,8.0,0.2996859550476074
landshuter_allee,xgboost,spring_2024,360,15,7.6878838539123535,7.0,0.6878838539123535
landshuter_allee,xgboost,spring_2024,361,15,6.647514343261719,7.0,0.35248565673828125
landshuter_allee,xgboost,spring_2024,362,15,5.853311538696289,8.0,2.146688461303711
landshuter_allee,xgboost,spring_2024,363,15,5.661012172698975,7.0,1.3389878273010254
landshuter_allee,xgboost,spring_2024,364,15,7.421801567077637,8.0,0.5781984329223633
landshuter_allee,xgboost,spring_2024,365,15,9.570572853088379,10.0,0.4294271469116211
landshuter_allee,xgboost,spring_2024,366,15,8.780319213867188,7.0,1.7803192138671875
landshuter_allee,xgboost,spring_2024,367,15,7.727636814117432,8.0,0.27236318588256836
landshuter_allee,xgboost,spring_2024,368,15,7.085843086242676,8.0,0.9141569137573242
landshuter_allee,xgboost,spring_2024,369,15,7.179366588592529,7.0,0.1793665885925293
landshuter_allee,xgboost,spring_2024,370,15,7.33892297744751,7.0,0.33892297744750977
landshuter_allee,xgboost,spring_2024,371,15,7.501840114593506,8.0,0.49815988540649414
landshuter_allee,xgboost,spring_2024,372,15,7.4300737380981445,7.0,0.43007373809814453
landshuter_allee,xgboost,spring_2024,373,15,7.081045627593994,7.0,0.08104562759399414
landshuter_allee,xgboost,spring_2024,374,15,6.8397698402404785,7.0,0.16023015975952148
landshuter_allee,xgboost,spring_2024,375,15,6.813599109649658,7.0,0.1864008903503418
landshuter_allee,xgboost,spring_2024,376,15,7.713324069976807,7.0,0.7133240699768066
landshuter_allee,xgboost,spring_2024,377,15,9.989086151123047,10.0,0.010913848876953125
landshuter_allee,xgboost,spring_2024,378,15,17.75584602355957,18.0,0.2441539764404297
landshuter_allee,xgboost,spring_2024,379,15,25.77650260925293,26.0,0.2234973907470703
landshuter_allee,xgboost,spring_2024,380,15,28.276512145996094,24.0,4.276512145996094
landshuter_allee,xgboost,spring_2024,381,15,18.217153549194336,12.0,6.217153549194336
landshuter_allee,xgboost,spring_2024,382,15,14.742996215820312,12.0,2.7429962158203125
landshuter_allee,xgboost,spring_2024,383,15,13.257272720336914,10.0,3.257272720336914
landshuter_allee,xgboost,spring_2024,384,16,11.24640941619873,10.0,1.2464094161987305
landshuter_allee,xgboost,spring_2024,385,16,8.446983337402344,8.0,0.44698333740234375
landshuter_allee,xgboost,spring_2024,386,16,7.278525352478027,8.0,0.7214746475219727
landshuter_allee,xgboost,spring_2024,387,16,5.7111639976501465,6.0,0.2888360023498535
landshuter_allee,xgboost,spring_2024,388,16,5.4548187255859375,6.0,0.5451812744140625
landshuter_allee,xgboost,spring_2024,389,16,4.482610702514648,5.0,0.5173892974853516
landshuter_allee,xgboost,spring_2024,390,16,4.062124252319336,5.0,0.9378757476806641
landshuter_allee,xgboost,spring_2024,391,16,4.193514823913574,5.0,0.8064851760864258
landshuter_allee,xgboost,spring_2024,392,16,4.565719127655029,5.0,0.4342808723449707
landshuter_allee,xgboost,spring_2024,393,16,4.801346778869629,5.0,0.1986532211303711
landshuter_allee,xgboost,spring_2024,394,16,5.957779884338379,6.0,0.042220115661621094
landshuter_allee,xgboost,spring_2024,395,16,8.096494674682617,10.0,1.9035053253173828
landshuter_allee,xgboost,spring_2024,396,16,13.505070686340332,12.0,1.505070686340332
landshuter_allee,xgboost,spring_2024,397,16,17.545379638671875,13.0,4.545379638671875
landshuter_allee,xgboost,spring_2024,398,16,20.20354461669922,13.0,7.203544616699219
landshuter_allee,xgboost,spring_2024,399,16,20.80291175842285,13.0,7.802911758422852
landshuter_allee,xgboost,spring_2024,400,16,21.412696838378906,14.0,7.412696838378906
landshuter_allee,xgboost,spring_2024,401,16,21.08345603942871,14.0,7.083456039428711
landshuter_allee,xgboost,spring_2024,402,16,21.95003890991211,15.0,6.950038909912109
landshuter_allee,xgboost,spring_2024,403,16,22.980478286743164,17.0,5.980478286743164
landshuter_allee,xgboost,spring_2024,404,16,20.807676315307617,12.0,8.807676315307617
landshuter_allee,xgboost,spring_2024,405,16,17.258508682250977,12.0,5.258508682250977
landshuter_allee,xgboost,spring_2024,406,16,14.277679443359375,11.0,3.277679443359375
landshuter_allee,xgboost,spring_2024,407,16,12.013493537902832,9.0,3.013493537902832
landshuter_allee,xgboost,spring_2024,408,17,12.240787506103516,11.0,1.2407875061035156
landshuter_allee,xgboost,spring_2024,409,17,12.336875915527344,11.0,1.3368759155273438
landshuter_allee,xgboost,spring_2024,410,17,11.440117835998535,11.0,0.44011783599853516
landshuter_allee,xgboost,spring_2024,411,17,11.349413871765137,11.0,0.3494138717651367
landshuter_allee,xgboost,spring_2024,412,17,14.191609382629395,14.0,0.19160938262939453
landshuter_allee,xgboost,spring_2024,413,17,17.3244571685791,15.0,2.3244571685791016
landshuter_allee,xgboost,spring_2024,414,17,20.245269775390625,17.0,3.245269775390625
landshuter_allee,xgboost,spring_2024,415,17,21.846750259399414,19.0,2.846750259399414
landshuter_allee,xgboost,spring_2024,416,17,25.97785186767578,24.0,1.9778518676757812
landshuter_allee,xgboost,spring_2024,417,17,27.331748962402344,21.0,6.331748962402344
landshuter_allee,xgboost,spring_2024,418,17,26.384689331054688,19.0,7.3846893310546875
landshuter_allee,xgboost,spring_2024,419,17,31.48797035217285,24.0,7.487970352172852
landshuter_allee,xgboost,spring_2024,420,17,34.493228912353516,25.0,9.493228912353516
landshuter_allee,xgboost,spring_2024,421,17,36.969993591308594,28.0,8.969993591308594
landshuter_allee,xgboost,spring_2024,422,17,39.12553787231445,29.0,10.125537872314453
landshuter_allee,xgboost,spring_2024,423,17,40.24247360229492,31.0,9.242473602294922
landshuter_allee,xgboost,spring_2024,424,17,40.67695999145508,32.0,8.676959991455078
landshuter_allee,xgboost,spring_2024,425,17,41.25115203857422,33.0,8.251152038574219
landshuter_allee,xgboost,spring_2024,426,17,41.845375061035156,34.0,7.845375061035156
landshuter_allee,xgboost,spring_2024,427,17,42.7987060546875,33.0,9.7987060546875
landshuter_allee,xgboost,spring_2024,428,17,43.08522033691406,31.0,12.085220336914062
landshuter_allee,xgboost,spring_2024,429,17,41.24600601196289,31.0,10.24600601196289
landshuter_allee,xgboost,spring_2024,430,17,35.254329681396484,27.0,8.254329681396484
landshuter_allee,xgboost,spring_2024,431,17,28.73318099975586,19.0,9.73318099975586
landshuter_allee,xgboost,spring_2024,432,18,22.048450469970703,18.0,4.048450469970703
landshuter_allee,xgboost,spring_2024,433,18,18.56459617614746,16.0,2.564596176147461
landshuter_allee,xgboost,spring_2024,434,18,17.725481033325195,16.0,1.7254810333251953
landshuter_allee,xgboost,spring_2024,435,18,18.335933685302734,18.0,0.3359336853027344
landshuter_allee,xgboost,spring_2024,436,18,19.077787399291992,18.0,1.0777873992919922
landshuter_allee,xgboost,spring_2024,437,18,20.035930633544922,19.0,1.0359306335449219
landshuter_allee,xgboost,spring_2024,438,18,20.150571823120117,19.0,1.1505718231201172
landshuter_allee,xgboost,spring_2024,439,18,21.347187042236328,20.0,1.3471870422363281
landshuter_allee,xgboost,spring_2024,440,18,22.722726821899414,21.0,1.722726821899414
landshuter_allee,xgboost,spring_2024,441,18,22.928457260131836,20.0,2.928457260131836
landshuter_allee,xgboost,spring_2024,442,18,23.01270294189453,22.0,1.0127029418945312
landshuter_allee,xgboost,spring_2024,443,18,22.057188034057617,20.0,2.057188034057617
landshuter_allee,xgboost,spring_2024,444,18,22.543827056884766,22.0,0.5438270568847656
landshuter_allee,xgboost,spring_2024,445,18,17.957351684570312,17.0,0.9573516845703125
landshuter_allee,xgboost,spring_2024,446,18,9.6533203125,8.0,1.6533203125
landshuter_allee,xgboost,spring_2024,447,18,5.146633625030518,7.0,1.8533663749694824
landshuter_allee,xgboost,spring_2024,448,18,4.574862003326416,6.0,1.425137996673584
landshuter_allee,xgboost,spring_2024,449,18,4.711352825164795,6.0,1.288647174835205
landshuter_allee,xgboost,spring_2024,450,18,4.0187201499938965,4.0,0.018720149993896484
landshuter_allee,xgboost,spring_2024,451,18,2.7989256381988525,3.0,0.20107436180114746
landshuter_allee,xgboost,spring_2024,452,18,1.5276224613189697,2.0,0.4723775386810303
landshuter_allee,xgboost,spring_2024,453,18,1.3412768840789795,3.0,1.6587231159210205
landshuter_allee,xgboost,spring_2024,454,18,1.0781867504119873,3.0,1.9218132495880127
landshuter_allee,xgboost,spring_2024,455,18,0.7584840655326843,2.0,1.2415159344673157
landshuter_allee,xgboost,spring_2024,456,19,0.4208561182022095,1.0,0.5791438817977905
landshuter_allee,xgboost,spring_2024,457,19,0.3815622627735138,0.8,0.41843773722648625
landshuter_allee,xgboost,spring_2024,458,19,0.20296397805213928,1.0,0.7970360219478607
landshuter_allee,xgboost,spring_2024,459,19,0.335166335105896,1.0,0.664833664894104
landshuter_allee,xgboost,spring_2024,460,19,0.7588653564453125,2.0,1.2411346435546875
landshuter_allee,xgboost,spring_2024,461,19,1.7769204378128052,4.0,2.223079562187195
landshuter_allee,xgboost,spring_2024,462,19,2.605349063873291,4.0,1.394650936126709
landshuter_allee,xgboost,spring_2024,463,19,3.196228504180908,6.0,2.803771495819092
landshuter_allee,xgboost,spring_2024,464,19,3.7562050819396973,6.0,2.2437949180603027
landshuter_allee,xgboost,spring_2024,465,19,3.6109180450439453,6.0,2.3890819549560547
landshuter_allee,xgboost,spring_2024,466,19,3.5845372676849365,8.0,4.4154627323150635
landshuter_allee,xgboost,spring_2024,467,19,3.5112380981445312,6.0,2.4887619018554688
landshuter_allee,xgboost,spring_2024,468,19,3.4483277797698975,5.0,1.5516722202301025
landshuter_allee,xgboost,spring_2024,469,19,3.447094202041626,6.0,2.552905797958374
landshuter_allee,xgboost,spring_2024,470,19,3.180734872817993,6.0,2.819265127182007
landshuter_allee,xgboost,spring_2024,471,19,3.5227365493774414,7.0,3.4772634506225586
landshuter_allee,xgboost,spring_2024,472,19,3.240748167037964,7.0,3.759251832962036
landshuter_allee,xgboost,spring_2024,473,19,3.4327104091644287,8.0,4.567289590835571
landshuter_allee,xgboost,spring_2024,474,19,3.8204543590545654,8.0,4.179545640945435
landshuter_allee,xgboost,spring_2024,475,19,3.9761874675750732,9.0,5.023812532424927
landshuter_allee,xgboost,spring_2024,476,19,4.444786548614502,10.0,5.555213451385498
landshuter_allee,xgboost,spring_2024,477,19,5.450073719024658,10.0,4.549926280975342
landshuter_allee,xgboost,spring_2024,478,19,8.134181022644043,10.0,1.865818977355957
landshuter_allee,xgboost,spring_2024,479,19,10.491748809814453,12.0,1.5082511901855469
landshuter_allee,xgboost,spring_2024,480,20,12.70676326751709,13.0,0.29323673248291016
landshuter_allee,xgboost,spring_2024,481,20,13.337202072143555,12.0,1.3372020721435547
landshuter_allee,xgboost,spring_2024,482,20,13.30374813079834,12.0,1.3037481307983398
landshuter_allee,xgboost,spring_2024,483,20,14.905192375183105,14.0,0.9051923751831055
landshuter_allee,xgboost,spring_2024,484,20,16.151906967163086,16.0,0.15190696716308594
landshuter_allee,xgboost,spring_2024,485,20,16.83367919921875,15.0,1.83367919921875
landshuter_allee,xgboost,spring_2024,486,20,16.641023635864258,17.0,0.3589763641357422
landshuter_allee,xgboost,spring_2024,487,20,16.0479736328125,18.0,1.9520263671875
landshuter_allee,xgboost,spring_2024,488,20,12.615878105163574,11.0,1.6158781051635742
landshuter_allee,xgboost,spring_2024,489,20,10.98636531829834,10.0,0.9863653182983398
landshuter_allee,xgboost,spring_2024,490,20,9.598856925964355,11.0,1.4011430740356445
landshuter_allee,xgboost,spring_2024,491,20,8.667301177978516,11.0,2.3326988220214844
landshuter_allee,xgboost,spring_2024,492,20,8.862793922424316,12.0,3.1372060775756836
landshuter_allee,xgboost,spring_2024,493,20,8.894034385681152,11.0,2.1059656143188477
landshuter_allee,xgboost,spring_2024,494,20,9.043036460876465,11.0,1.9569635391235352
landshuter_allee,xgboost,spring_2024,495,20,10.170382499694824,13.0,2.829617500305176
landshuter_allee,xgboost,spring_2024,496,20,11.075783729553223,15.0,3.9242162704467773
landshuter_allee,xgboost,spring_2024,497,20,11.41855525970459,14.0,2.58144474029541
landshuter_allee,xgboost,spring_2024,498,20,12.10215950012207,12.0,0.10215950012207031
landshuter_allee,xgboost,spring_2024,499,20,13.0921630859375,14.0,0.9078369140625
landshuter_allee,xgboost,spring_2024,500,20,15.015157699584961,14.0,1.015157699584961
landshuter_allee,xgboost,spring_2024,501,20,17.377094268798828,16.0,1.3770942687988281
landshuter_allee,xgboost,spring_2024,502,20,16.094270706176758,14.0,2.094270706176758
landshuter_allee,xgboost,spring_2024,503,20,14.412053108215332,12.0,2.412053108215332
landshuter_allee,xgboost,spring_2024,504,21,12.632072448730469,10.0,2.6320724487304688
landshuter_allee,xgboost,spring_2024,505,21,12.602883338928223,10.0,2.6028833389282227
landshuter_allee,xgboost,spring_2024,506,21,12.381128311157227,10.0,2.3811283111572266
landshuter_allee,xgboost,spring_2024,507,21,10.954133987426758,10.0,0.9541339874267578
landshuter_allee,xgboost,spring_2024,508,21,10.795283317565918,10.0,0.795283317565918
landshuter_allee,xgboost,spring_2024,509,21,10.258840560913086,10.0,0.25884056091308594
landshuter_allee,xgboost,spring_2024,510,21,11.551581382751465,12.0,0.44841861724853516
landshuter_allee,xgboost,spring_2024,511,21,13.196385383605957,15.0,1.803614616394043
landshuter_allee,xgboost,spring_2024,512,21,12.980111122131348,15.0,2.0198888778686523
landshuter_allee,xgboost,spring_2024,513,21,12.598163604736328,13.0,0.4018363952636719
landshuter_allee,xgboost,spring_2024,514,21,13.079116821289062,15.0,1.9208831787109375
landshuter_allee,xgboost,spring_2024,515,21,13.38235855102539,16.0,2.6176414489746094
landshuter_allee,xgboost,spring_2024,516,21,13.20550537109375,15.0,1.79449462890625
landshuter_allee,xgboost,spring_2024,517,21,13.32753849029541,16.0,2.67246150970459
landshuter_allee,xgboost,spring_2024,518,21,13.908283233642578,18.0,4.091716766357422
landshuter_allee,xgboost,spring_2024,519,21,13.755877494812012,16.0,2.2441225051879883
landshuter_allee,xgboost,spring_2024,520,21,14.684303283691406,18.0,3.3156967163085938
landshuter_allee,xgboost,spring_2024,521,21,15.834905624389648,17.0,1.1650943756103516
landshuter_allee,xgboost,spring_2024,522,21,17.346248626708984,17.0,0.3462486267089844
landshuter_allee,xgboost,spring_2024,523,21,19.630374908447266,18.0,1.6303749084472656
landshuter_allee,xgboost,spring_2024,524,21,22.442846298217773,22.0,0.44284629821777344
landshuter_allee,xgboost,spring_2024,525,21,24.784814834594727,25.0,0.21518516540527344
landshuter_allee,xgboost,spring_2024,526,21,23.56662940979004,25.0,1.433370590209961
landshuter_allee,xgboost,spring_2024,527,21,20.050762176513672,19.0,1.0507621765136719
landshuter_allee,xgboost,spring_2024,528,22,16.081859588623047,14.0,2.081859588623047
landshuter_allee,xgboost,spring_2024,529,22,13.882139205932617,11.0,2.882139205932617
landshuter_allee,xgboost,spring_2024,530,22,11.970661163330078,9.0,2.970661163330078
landshuter_allee,xgboost,spring_2024,531,22,10.2428617477417,8.0,2.242861747741699
landshuter_allee,xgboost,spring_2024,532,22,10.483902931213379,9.0,1.483902931213379
landshuter_allee,xgboost,spring_2024,533,22,10.558627128601074,10.0,0.5586271286010742
landshuter_allee,xgboost,spring_2024,534,22,10.448091506958008,10.0,0.4480915069580078
landshuter_allee,xgboost,spring_2024,535,22,9.735551834106445,9.0,0.7355518341064453
landshuter_allee,xgboost,spring_2024,536,22,8.254030227661133,9.0,0.7459697723388672
landshuter_allee,xgboost,spring_2024,537,22,8.691972732543945,10.0,1.3080272674560547
landshuter_allee,xgboost,spring_2024,538,22,10.347787857055664,13.0,2.652212142944336
landshuter_allee,xgboost,spring_2024,539,22,10.526044845581055,11.0,0.4739551544189453
landshuter_allee,xgboost,spring_2024,540,22,8.879980087280273,9.0,0.12001991271972656
landshuter_allee,xgboost,spring_2024,541,22,7.99336051940918,8.0,0.0066394805908203125
landshuter_allee,xgboost,spring_2024,542,22,7.915579795837402,7.0,0.9155797958374023
landshuter_allee,xgboost,spring_2024,543,22,8.398723602294922,9.0,0.6012763977050781
landshuter_allee,xgboost,spring_2024,544,22,9.040703773498535,10.0,0.9592962265014648
landshuter_allee,xgboost,spring_2024,545,22,10.987378120422363,11.0,0.012621879577636719
landshuter_allee,xgboost,spring_2024,546,22,14.125779151916504,13.0,1.125779151916504
landshuter_allee,xgboost,spring_2024,547,22,21.71253204345703,23.0,1.2874679565429688
landshuter_allee,xgboost,spring_2024,548,22,29.516597747802734,32.0,2.4834022521972656
landshuter_allee,xgboost,spring_2024,549,22,28.048837661743164,25.0,3.048837661743164
landshuter_allee,xgboost,spring_2024,550,22,23.804176330566406,24.0,0.19582366943359375
landshuter_allee,xgboost,spring_2024,551,22,13.714372634887695,15.0,1.2856273651123047
landshuter_allee,xgboost,spring_2024,552,23,9.988075256347656,10.0,0.01192474365234375
landshuter_allee,xgboost,spring_2024,553,23,8.14293384552002,8.0,0.14293384552001953
landshuter_allee,xgboost,spring_2024,554,23,7.682882308959961,8.0,0.31711769104003906
landshuter_allee,xgboost,spring_2024,555,23,7.480551719665527,7.0,0.48055171966552734
landshuter_allee,xgboost,spring_2024,556,23,7.003198146820068,5.0,2.0031981468200684
landshuter_allee,xgboost,spring_2024,557,23,6.695950031280518,5.0,1.6959500312805176
landshuter_allee,xgboost,spring_2024,558,23,6.13024377822876,5.0,1.1302437782287598
landshuter_allee,xgboost,spring_2024,559,23,5.501671314239502,5.0,0.501671314239502
landshuter_allee,xgboost,spring_2024,560,23,5.6718668937683105,5.0,0.6718668937683105
landshuter_allee,xgboost,spring_2024,561,23,6.282726287841797,5.0,1.2827262878417969
landshuter_allee,xgboost,spring_2024,562,23,6.995274066925049,9.0,2.004725933074951
landshuter_allee,xgboost,spring_2024,563,23,7.292928695678711,9.0,1.707071304321289
landshuter_allee,xgboost,spring_2024,564,23,7.82784366607666,10.0,2.17215633392334
landshuter_allee,xgboost,spring_2024,565,23,8.259565353393555,10.0,1.7404346466064453
landshuter_allee,xgboost,spring_2024,566,23,8.549280166625977,10.0,1.4507198333740234
landshuter_allee,xgboost,spring_2024,567,23,8.933273315429688,11.0,2.0667266845703125
landshuter_allee,xgboost,spring_2024,568,23,8.954919815063477,12.0,3.0450801849365234
landshuter_allee,xgboost,spring_2024,569,23,10.411911010742188,14.0,3.5880889892578125
landshuter_allee,xgboost,spring_2024,570,23,12.438633918762207,17.0,4.561366081237793
landshuter_allee,xgboost,spring_2024,571,23,13.563264846801758,16.0,2.436735153198242
landshuter_allee,xgboost,spring_2024,572,23,14.284529685974121,15.0,0.7154703140258789
landshuter_allee,xgboost,spring_2024,573,23,16.079120635986328,19.0,2.920879364013672
landshuter_allee,xgboost,spring_2024,574,23,17.275196075439453,20.0,2.724803924560547
landshuter_allee,xgboost,spring_2024,575,23,16.62807846069336,18.0,1.3719215393066406
landshuter_allee,xgboost,spring_2024,576,24,14.775360107421875,15.0,0.224639892578125
landshuter_allee,xgboost,spring_2024,577,24,12.897856712341309,11.0,1.8978567123413086
landshuter_allee,xgboost,spring_2024,578,24,10.61374282836914,10.0,0.6137428283691406
landshuter_allee,xgboost,spring_2024,579,24,7.724668025970459,8.0,0.275331974029541
landshuter_allee,xgboost,spring_2024,580,24,7.154833793640137,9.0,1.8451662063598633
landshuter_allee,xgboost,spring_2024,581,24,8.154987335205078,11.0,2.845012664794922
landshuter_allee,xgboost,spring_2024,582,24,10.720486640930176,13.0,2.279513359069824
landshuter_allee,xgboost,spring_2024,583,24,12.86474609375,15.0,2.13525390625
landshuter_allee,xgboost,spring_2024,584,24,12.949936866760254,12.0,0.9499368667602539
landshuter_allee,xgboost,spring_2024,585,24,13.771950721740723,12.0,1.7719507217407227
landshuter_allee,xgboost,spring_2024,586,24,16.552518844604492,15.0,1.5525188446044922
landshuter_allee,xgboost,spring_2024,587,24,16.061307907104492,12.0,4.061307907104492
landshuter_allee,xgboost,spring_2024,588,24,13.909584045410156,10.0,3.9095840454101562
landshuter_allee,xgboost,spring_2024,589,24,12.641243934631348,10.0,2.6412439346313477
landshuter_allee,xgboost,spring_2024,590,24,11.474281311035156,8.0,3.4742813110351562
landshuter_allee,xgboost,spring_2024,591,24,8.907344818115234,6.0,2.9073448181152344
landshuter_allee,xgboost,spring_2024,592,24,8.142292976379395,7.0,1.1422929763793945
landshuter_allee,xgboost,spring_2024,593,24,8.182888984680176,8.0,0.18288898468017578
landshuter_allee,xgboost,spring_2024,594,24,8.46835994720459,8.0,0.46835994720458984
landshuter_allee,xgboost,spring_2024,595,24,8.084636688232422,7.0,1.0846366882324219
landshuter_allee,xgboost,spring_2024,596,24,6.841352939605713,5.0,1.841352939605713
landshuter_allee,xgboost,spring_2024,597,24,5.490452289581299,5.0,0.49045228958129883
landshuter_allee,xgboost,spring_2024,598,24,4.520183563232422,5.0,0.4798164367675781
landshuter_allee,xgboost,spring_2024,599,24,2.9372098445892334,3.0,0.0627901554107666
landshuter_allee,xgboost,spring_2024,600,25,0.9108332991600037,0.8,0.11083329916000362
landshuter_allee,xgboost,spring_2024,601,25,0.6016415953636169,0.6,0.0016415953636169656
landshuter_allee,xgboost,spring_2024,602,25,0.4447128176689148,0.7,0.25528718233108516
landshuter_allee,xgboost,spring_2024,603,25,0.29126718640327454,1.0,0.7087328135967255
landshuter_allee,xgboost,spring_2024,604,25,1.0922609567642212,2.0,0.9077390432357788
landshuter_allee,xgboost,spring_2024,605,25,2.1387546062469482,4.0,1.8612453937530518
landshuter_allee,xgboost,spring_2024,606,25,2.742452383041382,4.0,1.2575476169586182
landshuter_allee,xgboost,spring_2024,607,25,1.8863400220870972,3.0,1.1136599779129028
landshuter_allee,xgboost,spring_2024,608,25,1.5771737098693848,3.0,1.4228262901306152
landshuter_allee,xgboost,spring_2024,609,25,1.8797792196273804,4.0,2.1202207803726196
landshuter_allee,xgboost,spring_2024,610,25,1.996428370475769,3.0,1.003571629524231
landshuter_allee,xgboost,spring_2024,611,25,2.3090336322784424,4.0,1.6909663677215576
landshuter_allee,xgboost,spring_2024,612,25,2.858724355697632,4.0,1.1412756443023682
landshuter_allee,xgboost,spring_2024,613,25,2.808666944503784,5.0,2.191333055496216
landshuter_allee,xgboost,spring_2024,614,25,2.8455605506896973,6.0,3.1544394493103027
landshuter_allee,xgboost,spring_2024,615,25,3.026210308074951,6.0,2.973789691925049
landshuter_allee,xgboost,spring_2024,616,25,3.6863017082214355,6.0,2.3136982917785645
landshuter_allee,xgboost,spring_2024,617,25,3.6915206909179688,6.0,2.3084793090820312
landshuter_allee,xgboost,spring_2024,618,25,3.704057216644287,6.0,2.295942783355713
landshuter_allee,xgboost,spring_2024,619,25,3.339771270751953,5.0,1.6602287292480469
landshuter_allee,xgboost,spring_2024,620,25,3.317721128463745,5.0,1.6822788715362549
landshuter_allee,xgboost,spring_2024,621,25,2.670285224914551,4.0,1.3297147750854492
landshuter_allee,xgboost,spring_2024,622,25,1.7171815633773804,4.0,2.2828184366226196
landshuter_allee,xgboost,spring_2024,623,25,1.1148258447647095,3.0,1.8851741552352905
landshuter_allee,xgboost,spring_2024,624,26,1.0910588502883911,3.0,1.9089411497116089
landshuter_allee,xgboost,spring_2024,625,26,1.1024709939956665,3.0,1.8975290060043335
landshuter_allee,xgboost,spring_2024,626,26,1.0614241361618042,2.0,0.9385758638381958
landshuter_allee,xgboost,spring_2024,627,26,1.060567855834961,2.0,0.9394321441650391
landshuter_allee,xgboost,spring_2024,628,26,1.7842057943344116,3.0,1.2157942056655884
landshuter_allee,xgboost,spring_2024,629,26,2.7783308029174805,5.0,2.2216691970825195
landshuter_allee,xgboost,spring_2024,630,26,3.515812635421753,7.0,3.484187364578247
landshuter_allee,xgboost,spring_2024,631,26,3.657762289047241,6.0,2.342237710952759
landshuter_allee,xgboost,spring_2024,632,26,3.327073812484741,4.0,0.6729261875152588
landshuter_allee,xgboost,spring_2024,633,26,3.523155450820923,5.0,1.4768445491790771
landshuter_allee,xgboost,spring_2024,634,26,3.7618179321289062,6.0,2.2381820678710938
landshuter_allee,xgboost,spring_2024,635,26,3.8456006050109863,7.0,3.1543993949890137
landshuter_allee,xgboost,spring_2024,636,26,3.6509666442871094,7.0,3.3490333557128906
landshuter_allee,xgboost,spring_2024,637,26,3.7907931804656982,7.0,3.2092068195343018
landshuter_allee,xgboost,spring_2024,638,26,3.700714588165283,6.0,2.299285411834717
landshuter_allee,xgboost,spring_2024,639,26,3.8246679306030273,7.0,3.1753320693969727
landshuter_allee,xgboost,spring_2024,640,26,3.613103151321411,5.0,1.3868968486785889
landshuter_allee,xgboost,spring_2024,641,26,4.055959224700928,6.0,1.9440407752990723
landshuter_allee,xgboost,spring_2024,642,26,5.195409297943115,7.0,1.8045907020568848
landshuter_allee,xgboost,spring_2024,643,26,5.551709175109863,7.0,1.4482908248901367
landshuter_allee,xgboost,spring_2024,644,26,5.001262664794922,5.0,0.001262664794921875
landshuter_allee,xgboost,spring_2024,645,26,4.493884563446045,4.0,0.4938845634460449
landshuter_allee,xgboost,spring_2024,646,26,4.1544413566589355,5.0,0.8455586433410645
landshuter_allee,xgboost,spring_2024,647,26,4.464238166809082,4.0,0.46423816680908203
landshuter_allee,xgboost,spring_2024,648,27,4.424173831939697,5.0,0.5758261680603027
landshuter_allee,xgboost,spring_2024,649,27,4.330856800079346,5.0,0.6691431999206543
landshuter_allee,xgboost,spring_2024,650,27,4.3947625160217285,4.0,0.3947625160217285
landshuter_allee,xgboost,spring_2024,651,27,4.684231281280518,5.0,0.3157687187194824
landshuter_allee,xgboost,spring_2024,652,27,6.487621784210205,7.0,0.5123782157897949
landshuter_allee,xgboost,spring_2024,653,27,8.128475189208984,8.0,0.12847518920898438
landshuter_allee,xgboost,spring_2024,654,27,8.464604377746582,8.0,0.46460437774658203
landshuter_allee,xgboost,spring_2024,655,27,7.6743927001953125,5.0,2.6743927001953125
landshuter_allee,xgboost,spring_2024,656,27,8.235230445861816,7.0,1.2352304458618164
landshuter_allee,xgboost,spring_2024,657,27,7.748922348022461,8.0,0.25107765197753906
landshuter_allee,xgboost,spring_2024,658,27,7.204816818237305,7.0,0.2048168182373047
landshuter_allee,xgboost,spring_2024,659,27,6.0379462242126465,6.0,0.037946224212646484
landshuter_allee,xgboost,spring_2024,660,27,5.356692314147949,5.0,0.3566923141479492
landshuter_allee,xgboost,spring_2024,661,27,5.435214042663574,6.0,0.5647859573364258
landshuter_allee,xgboost,spring_2024,662,27,4.750068187713623,4.0,0.750068187713623
landshuter_allee,xgboost,spring_2024,663,27,5.008711338043213,4.0,1.008711338043213
landshuter_allee,xgboost,spring_2024,664,27,4.87462043762207,3.0,1.8746204376220703
landshuter_allee,xgboost,spring_2024,665,27,5.460501670837402,5.0,0.46050167083740234
landshuter_allee,xgboost,spring_2024,666,27,5.538362979888916,6.0,0.461637020111084
landshuter_allee,xgboost,spring_2024,667,27,6.381537914276123,6.0,0.38153791427612305
landshuter_allee,xgboost,spring_2024,668,27,6.513769626617432,6.0,0.5137696266174316
landshuter_allee,xgboost,spring_2024,669,27,5.544898986816406,6.0,0.45510101318359375
landshuter_allee,xgboost,spring_2024,670,27,4.62133264541626,5.0,0.37866735458374023
landshuter_allee,xgboost,spring_2024,671,27,3.9688713550567627,4.0,0.031128644943237305
landshuter_allee,xgboost,spring_2024,672,28,2.8903441429138184,4.0,1.1096558570861816
landshuter_allee,xgboost,spring_2024,673,28,2.021003484725952,3.0,0.9789965152740479
landshuter_allee,xgboost,spring_2024,674,28,2.418278694152832,3.0,0.581721305847168
landshuter_allee,xgboost,spring_2024,675,28,2.5950632095336914,4.0,1.4049367904663086
landshuter_allee,xgboost,spring_2024,676,28,3.2614853382110596,5.0,1.7385146617889404
landshuter_allee,xgboost,spring_2024,677,28,4.727612018585205,9.0,4.272387981414795
landshuter_allee,xgboost,spring_2024,678,28,7.100043296813965,11.0,3.899956703186035
landshuter_allee,xgboost,spring_2024,679,28,7.7735185623168945,8.0,0.22648143768310547
landshuter_allee,xgboost,spring_2024,680,28,7.807225704193115,8.0,0.19277429580688477
landshuter_allee,xgboost,spring_2024,681,28,7.337070465087891,8.0,0.6629295349121094
landshuter_allee,xgboost,spring_2024,682,28,7.321531295776367,6.0,1.3215312957763672
landshuter_allee,xgboost,spring_2024,683,28,6.065551280975342,5.0,1.0655512809753418
landshuter_allee,xgboost,spring_2024,684,28,4.608562469482422,4.0,0.6085624694824219
landshuter_allee,xgboost,spring_2024,685,28,4.247037410736084,3.0,1.247037410736084
landshuter_allee,xgboost,spring_2024,686,28,3.3638052940368652,2.0,1.3638052940368652
landshuter_allee,xgboost,spring_2024,687,28,2.704909086227417,2.0,0.704909086227417
landshuter_allee,xgboost,spring_2024,688,28,2.0232224464416504,2.0,0.02322244644165039
landshuter_allee,xgboost,spring_2024,689,28,1.8965719938278198,2.0,0.10342800617218018
landshuter_allee,xgboost,spring_2024,690,28,1.6846882104873657,2.0,0.3153117895126343
landshuter_allee,xgboost,spring_2024,691,28,1.5216752290725708,2.0,0.4783247709274292
landshuter_allee,xgboost,spring_2024,692,28,1.1540307998657227,2.0,0.8459692001342773
landshuter_allee,xgboost,spring_2024,693,28,0.9055216908454895,2.0,1.0944783091545105
landshuter_allee,xgboost,spring_2024,694,28,0.534805417060852,2.0,1.465194582939148
landshuter_allee,xgboost,spring_2024,695,28,0.4709494113922119,2.0,1.529050588607788
landshuter_allee,xgboost,spring_2024,696,29,0.7054202556610107,2.0,1.2945797443389893
landshuter_allee,xgboost,spring_2024,697,29,0.5856954455375671,1.0,0.41430455446243286
landshuter_allee,xgboost,spring_2024,698,29,0.46089500188827515,1.0,0.5391049981117249
landshuter_allee,xgboost,spring_2024,699,29,0.5495107769966125,1.0,0.45048922300338745
landshuter_allee,xgboost,spring_2024,700,29,0.6066927909851074,2.0,1.3933072090148926
landshuter_allee,xgboost,spring_2024,701,29,0.9566180109977722,2.0,1.0433819890022278
landshuter_allee,xgboost,spring_2024,702,29,1.6300926208496094,2.0,0.3699073791503906
landshuter_allee,xgboost,spring_2024,703,29,1.8155347108840942,2.0,0.18446528911590576
landshuter_allee,xgboost,spring_2024,704,29,1.8144824504852295,3.0,1.1855175495147705
landshuter_allee,xgboost,spring_2024,705,29,1.870989441871643,4.0,2.129010558128357
landshuter_allee,xgboost,spring_2024,706,29,1.9363635778427124,3.0,1.0636364221572876
landshuter_allee,xgboost,spring_2024,707,29,1.4040699005126953,2.0,0.5959300994873047
landshuter_allee,xgboost,spring_2024,708,29,1.510657787322998,2.0,0.48934221267700195
landshuter_allee,xgboost,spring_2024,709,29,2.1956021785736084,3.0,0.8043978214263916
landshuter_allee,xgboost,spring_2024,710,29,2.473529577255249,2.0,0.473529577255249
landshuter_allee,xgboost,spring_2024,711,29,2.466672420501709,2.0,0.466672420501709
landshuter_allee,xgboost,spring_2024,712,29,2.5707452297210693,2.0,0.5707452297210693
landshuter_allee,xgboost,spring_2024,713,29,2.815561056137085,3.0,0.18443894386291504
landshuter_allee,xgboost,spring_2024,714,29,4.199052333831787,4.0,0.1990523338317871
landshuter_allee,xgboost,spring_2024,715,29,5.828986167907715,7.0,1.1710138320922852
landshuter_allee,xgboost,spring_2024,716,29,5.484501838684082,4.0,1.484501838684082
landshuter_allee,xgboost,spring_2024,717,29,4.383114814758301,3.0,1.3831148147583008
landshuter_allee,xgboost,spring_2024,718,29,3.8627002239227295,3.0,0.8627002239227295
landshuter_allee,xgboost,spring_2024,719,29,3.5752365589141846,3.0,0.5752365589141846
landshuter_allee,xgboost,spring_2024,720,30,4.225036144256592,4.0,0.2250361442565918
landshuter_allee,xgboost,spring_2024,721,30,5.16038703918457,5.0,0.1603870391845703
landshuter_allee,xgboost,spring_2024,722,30,5.800739288330078,5.0,0.8007392883300781
landshuter_allee,xgboost,spring_2024,723,30,6.382594108581543,5.0,1.382594108581543
landshuter_allee,xgboost,spring_2024,724,30,6.268716335296631,5.0,1.2687163352966309
landshuter_allee,xgboost,spring_2024,725,30,5.950493812561035,4.0,1.9504938125610352
landshuter_allee,xgboost,spring_2024,726,30,5.305160045623779,4.0,1.3051600456237793
landshuter_allee,xgboost,spring_2024,727,30,4.275569915771484,4.0,0.2755699157714844
landshuter_allee,xgboost,spring_2024,728,30,3.6534600257873535,2.0,1.6534600257873535
landshuter_allee,xgboost,spring_2024,729,30,2.6823699474334717,2.0,0.6823699474334717
landshuter_allee,xgboost,spring_2024,730,30,2.930629014968872,3.0,0.06937098503112793
landshuter_allee,xgboost,spring_2024,731,30,2.909466505050659,5.0,2.090533494949341
landshuter_allee,xgboost,spring_2024,732,30,2.5935189723968506,3.0,0.4064810276031494
landshuter_allee,xgboost,spring_2024,733,30,2.9494400024414062,3.0,0.05055999755859375
landshuter_allee,xgboost,spring_2024,734,30,2.9543097019195557,3.0,0.045690298080444336
landshuter_allee,xgboost,spring_2024,735,30,2.8035876750946045,3.0,0.1964123249053955
landshuter_allee,xgboost,spring_2024,736,30,3.278071641921997,4.0,0.7219283580780029
landshuter_allee,xgboost,spring_2024,737,30,4.0621843338012695,5.0,0.9378156661987305
landshuter_allee,xgboost,spring_2024,738,30,5.330109119415283,6.0,0.6698908805847168
landshuter_allee,xgboost,spring_2024,739,30,7.809746742248535,13.0,5.190253257751465
landshuter_allee,xgboost,spring_2024,740,30,7.338318824768066,5.0,2.3383188247680664
landshuter_allee,xgboost,spring_2024,741,30,5.1270670890808105,4.0,1.1270670890808105
landshuter_allee,xgboost,spring_2024,742,30,3.818410873413086,2.0,1.818410873413086
landshuter_allee,xgboost,spring_2024,743,30,2.606780767440796,2.0,0.6067807674407959
landshuter_allee,xgboost,spring_2024,744,31,2.787041664123535,1.0,1.7870416641235352
landshuter_allee,xgboost,spring_2024,745,31,2.601667881011963,1.0,1.601667881011963
landshuter_allee,xgboost,spring_2024,746,31,3.695924997329712,3.0,0.6959249973297119
landshuter_allee,xgboost,spring_2024,747,31,4.600225448608398,6.0,1.3997745513916016
landshuter_allee,xgboost,spring_2024,748,31,6.1235575675964355,6.0,0.12355756759643555
landshuter_allee,xgboost,spring_2024,749,31,7.214617729187012,6.0,1.2146177291870117
landshuter_allee,xgboost,spring_2024,750,31,7.645265102386475,7.0,0.6452651023864746
landshuter_allee,xgboost,spring_2024,751,31,7.620108127593994,7.0,0.6201081275939941
landshuter_allee,xgboost,spring_2024,752,31,7.630782604217529,7.0,0.6307826042175293
landshuter_allee,xgboost,spring_2024,753,31,7.026375770568848,6.0,1.0263757705688477
landshuter_allee,xgboost,spring_2024,754,31,6.661256313323975,5.0,1.6612563133239746
landshuter_allee,xgboost,spring_2024,755,31,6.676305294036865,6.0,0.6763052940368652
landshuter_allee,xgboost,spring_2024,756,31,7.357697486877441,7.0,0.3576974868774414
landshuter_allee,xgboost,spring_2024,757,31,7.429521083831787,7.0,0.4295210838317871
landshuter_allee,xgboost,spring_2024,758,31,7.480325222015381,5.0,2.480325222015381
landshuter_allee,xgboost,spring_2024,759,31,7.2160563468933105,4.0,3.2160563468933105
landshuter_allee,xgboost,spring_2024,760,31,6.489546298980713,3.0,3.489546298980713
landshuter_allee,xgboost,spring_2024,761,31,5.857542514801025,4.0,1.8575425148010254
landshuter_allee,xgboost,spring_2024,762,31,5.332223415374756,4.0,1.3322234153747559
landshuter_allee,xgboost,spring_2024,763,31,4.887375831604004,4.0,0.8873758316040039
landshuter_allee,xgboost,spring_2024,764,31,4.792434215545654,4.0,0.7924342155456543
landshuter_allee,xgboost,spring_2024,765,31,4.781450271606445,4.0,0.7814502716064453
landshuter_allee,xgboost,spring_2024,766,31,5.019720554351807,4.0,1.0197205543518066
landshuter_allee,xgboost,spring_2024,767,31,5.361672401428223,5.0,0.36167240142822266
landshuter_allee,xgboost,spring_2024,768,32,5.914737224578857,6.0,0.08526277542114258
landshuter_allee,xgboost,spring_2024,769,32,6.958868980407715,8.0,1.0411310195922852
landshuter_allee,xgboost,spring_2024,770,32,7.552229404449463,9.0,1.447770595550537
landshuter_allee,xgboost,spring_2024,771,32,8.630592346191406,10.0,1.3694076538085938
landshuter_allee,xgboost,spring_2024,772,32,9.307498931884766,11.0,1.6925010681152344
landshuter_allee,xgboost,spring_2024,773,32,9.973566055297852,11.0,1.0264339447021484
landshuter_allee,xgboost,spring_2024,774,32,10.180373191833496,11.0,0.8196268081665039
landshuter_allee,xgboost,spring_2024,775,32,10.150003433227539,10.0,0.15000343322753906
landshuter_allee,xgboost,spring_2024,776,32,9.504216194152832,9.0,0.504216194152832
landshuter_allee,xgboost,spring_2024,777,32,9.281970977783203,9.0,0.2819709777832031
landshuter_allee,xgboost,spring_2024,778,32,8.827893257141113,8.0,0.8278932571411133
landshuter_allee,xgboost,spring_2024,779,32,8.22008991241455,9.0,0.7799100875854492
landshuter_allee,xgboost,spring_2024,780,32,7.813713073730469,8.0,0.18628692626953125
landshuter_allee,xgboost,spring_2024,781,32,8.247105598449707,9.0,0.752894401550293
landshuter_allee,xgboost,spring_2024,782,32,9.841177940368652,13.0,3.1588220596313477
landshuter_allee,xgboost,spring_2024,783,32,10.982532501220703,14.0,3.017467498779297
landshuter_allee,xgboost,spring_2024,784,32,11.984248161315918,14.0,2.015751838684082
landshuter_allee,xgboost,spring_2024,785,32,12.825000762939453,15.0,2.174999237060547
landshuter_allee,xgboost,spring_2024,786,32,13.916693687438965,14.0,0.08330631256103516
landshuter_allee,xgboost,spring_2024,787,32,15.033965110778809,14.0,1.0339651107788086
landshuter_allee,xgboost,spring_2024,788,32,16.190290451049805,17.0,0.8097095489501953
landshuter_allee,xgboost,spring_2024,789,32,17.509441375732422,21.0,3.490558624267578
landshuter_allee,xgboost,spring_2024,790,32,18.49283218383789,21.0,2.5071678161621094
landshuter_allee,xgboost,spring_2024,791,32,17.222288131713867,20.0,2.777711868286133
landshuter_allee,xgboost,spring_2024,792,33,15.84868049621582,18.0,2.1513195037841797
landshuter_allee,xgboost,spring_2024,793,33,14.8777494430542,17.0,2.122250556945801
landshuter_allee,xgboost,spring_2024,794,33,14.401288986206055,15.0,0.5987110137939453
landshuter_allee,xgboost,spring_2024,795,33,13.671951293945312,15.0,1.3280487060546875
landshuter_allee,xgboost,spring_2024,796,33,14.095168113708496,15.0,0.9048318862915039
landshuter_allee,xgboost,spring_2024,797,33,14.974896430969238,15.0,0.02510356903076172
landshuter_allee,xgboost,spring_2024,798,33,14.996484756469727,14.0,0.9964847564697266
landshuter_allee,xgboost,spring_2024,799,33,14.52413272857666,13.0,1.5241327285766602
landshuter_allee,xgboost,spring_2024,800,33,13.554234504699707,11.0,2.554234504699707
landshuter_allee,xgboost,spring_2024,801,33,10.887579917907715,9.0,1.8875799179077148
landshuter_allee,xgboost,spring_2024,802,33,9.220025062561035,7.0,2.220025062561035
landshuter_allee,xgboost,spring_2024,803,33,7.324814319610596,7.0,0.3248143196105957
landshuter_allee,xgboost,spring_2024,804,33,6.384528160095215,5.0,1.3845281600952148
landshuter_allee,xgboost,spring_2024,805,33,6.454566478729248,5.0,1.454566478729248
landshuter_allee,xgboost,spring_2024,806,33,6.919008731842041,6.0,0.919008731842041
landshuter_allee,xgboost,spring_2024,807,33,7.2824602127075195,7.0,0.28246021270751953
landshuter_allee,xgboost,spring_2024,808,33,7.650155067443848,7.0,0.6501550674438477
landshuter_allee,xgboost,spring_2024,809,33,9.770034790039062,10.0,0.2299652099609375
landshuter_allee,xgboost,spring_2024,810,33,7.892465114593506,7.0,0.8924651145935059
landshuter_allee,xgboost,spring_2024,811,33,5.411273956298828,3.0,2.411273956298828
landshuter_allee,xgboost,spring_2024,812,33,5.140952110290527,5.0,0.14095211029052734
landshuter_allee,xgboost,spring_2024,813,33,4.792886734008789,6.0,1.207113265991211
landshuter_allee,xgboost,spring_2024,814,33,3.7648823261260986,3.0,0.7648823261260986
landshuter_allee,xgboost,spring_2024,815,33,2.310452938079834,2.0,0.310452938079834
landshuter_allee,xgboost,spring_2024,816,34,1.7941644191741943,1.0,0.7941644191741943
landshuter_allee,xgboost,spring_2024,817,34,1.4937416315078735,1.0,0.49374163150787354
landshuter_allee,xgboost,spring_2024,818,34,1.5400534868240356,2.0,0.45994651317596436
landshuter_allee,xgboost,spring_2024,819,34,1.88644540309906,2.0,0.11355459690093994
landshuter_allee,xgboost,spring_2024,820,34,2.3902738094329834,3.0,0.6097261905670166
landshuter_allee,xgboost,spring_2024,821,34,4.13976526260376,5.0,0.8602347373962402
landshuter_allee,xgboost,spring_2024,822,34,5.40855598449707,4.0,1.4085559844970703
landshuter_allee,xgboost,spring_2024,823,34,6.560085773468018,4.0,2.5600857734680176
landshuter_allee,xgboost,spring_2024,824,34,7.524380683898926,5.0,2.524380683898926
landshuter_allee,xgboost,spring_2024,825,34,8.030013084411621,5.0,3.030013084411621
landshuter_allee,xgboost,spring_2024,826,34,8.065306663513184,5.0,3.0653066635131836
landshuter_allee,xgboost,spring_2024,827,34,7.734254360198975,5.0,2.7342543601989746
landshuter_allee,xgboost,spring_2024,828,34,7.681221008300781,4.0,3.6812210083007812
landshuter_allee,xgboost,spring_2024,829,34,7.046521186828613,4.0,3.0465211868286133
landshuter_allee,xgboost,spring_2024,830,34,6.934012413024902,4.0,2.9340124130249023
landshuter_allee,xgboost,spring_2024,831,34,7.202184200286865,4.0,3.2021842002868652
landshuter_allee,xgboost,spring_2024,832,34,8.117685317993164,6.0,2.117685317993164
landshuter_allee,xgboost,spring_2024,833,34,9.541818618774414,8.0,1.541818618774414
landshuter_allee,xgboost,spring_2024,834,34,9.788518905639648,7.0,2.7885189056396484
landshuter_allee,xgboost,spring_2024,835,34,9.534099578857422,8.0,1.5340995788574219
landshuter_allee,xgboost,spring_2024,836,34,9.917277336120605,8.0,1.9172773361206055
landshuter_allee,xgboost,spring_2024,837,34,8.925297737121582,7.0,1.925297737121582
landshuter_allee,xgboost,spring_2024,838,34,8.780474662780762,8.0,0.7804746627807617
landshuter_allee,xgboost,spring_2024,839,34,8.545825004577637,8.0,0.5458250045776367
landshuter_allee,xgboost,spring_2024,840,35,7.37382698059082,5.0,2.3738269805908203
landshuter_allee,xgboost,spring_2024,841,35,6.703222274780273,5.0,1.7032222747802734
landshuter_allee,xgboost,spring_2024,842,35,6.083747386932373,5.0,1.083747386932373
landshuter_allee,xgboost,spring_2024,843,35,5.471419811248779,3.0,2.4714198112487793
landshuter_allee,xgboost,spring_2024,844,35,4.878607749938965,3.0,1.8786077499389648
landshuter_allee,xgboost,spring_2024,845,35,5.911957263946533,4.0,1.9119572639465332
landshuter_allee,xgboost,spring_2024,846,35,8.42751693725586,6.0,2.4275169372558594
landshuter_allee,xgboost,spring_2024,847,35,8.093132972717285,5.0,3.093132972717285
landshuter_allee,xgboost,spring_2024,848,35,6.491951942443848,3.0,3.4919519424438477
landshuter_allee,xgboost,spring_2024,849,35,5.787848949432373,3.0,2.787848949432373
landshuter_allee,xgboost,spring_2024,850,35,5.609367370605469,2.0,3.6093673706054688
landshuter_allee,xgboost,spring_2024,851,35,5.85781192779541,2.0,3.85781192779541
landshuter_allee,xgboost,spring_2024,852,35,6.2575459480285645,4.0,2.2575459480285645
landshuter_allee,xgboost,spring_2024,853,35,6.903316497802734,4.0,2.9033164978027344
landshuter_allee,xgboost,spring_2024,854,35,7.082461357116699,4.0,3.082461357116699
landshuter_allee,xgboost,spring_2024,855,35,7.2130937576293945,4.0,3.2130937576293945
landshuter_allee,xgboost,spring_2024,856,35,8.0828275680542,6.0,2.082827568054199
landshuter_allee,xgboost,spring_2024,857,35,7.680809020996094,4.0,3.6808090209960938
landshuter_allee,xgboost,spring_2024,858,35,8.03170108795166,6.0,2.03170108795166
landshuter_allee,xgboost,spring_2024,859,35,10.223674774169922,10.0,0.22367477416992188
landshuter_allee,xgboost,spring_2024,860,35,11.287506103515625,9.0,2.287506103515625
landshuter_allee,xgboost,spring_2024,861,35,14.36393928527832,12.0,2.3639392852783203
landshuter_allee,xgboost,spring_2024,862,35,18.690446853637695,17.0,1.6904468536376953
landshuter_allee,xgboost,spring_2024,863,35,17.004680633544922,14.0,3.004680633544922
landshuter_allee,xgboost,spring_2024,864,36,12.521607398986816,9.0,3.5216073989868164
landshuter_allee,xgboost,spring_2024,865,36,9.984405517578125,8.0,1.984405517578125
landshuter_allee,xgboost,spring_2024,866,36,7.845925807952881,8.0,0.15407419204711914
landshuter_allee,xgboost,spring_2024,867,36,7.624866008758545,8.0,0.3751339912414551
landshuter_allee,xgboost,spring_2024,868,36,8.63516902923584,9.0,0.36483097076416016
landshuter_allee,xgboost,spring_2024,869,36,8.924666404724121,8.0,0.9246664047241211
landshuter_allee,xgboost,spring_2024,870,36,8.677125930786133,8.0,0.6771259307861328
landshuter_allee,xgboost,spring_2024,871,36,6.917693614959717,6.0,0.9176936149597168
landshuter_allee,xgboost,spring_2024,872,36,6.313381195068359,5.0,1.3133811950683594
landshuter_allee,xgboost,spring_2024,873,36,5.551518440246582,4.0,1.551518440246582
landshuter_allee,xgboost,spring_2024,874,36,6.0510969161987305,4.0,2.0510969161987305
landshuter_allee,xgboost,spring_2024,875,36,5.646177291870117,4.0,1.6461772918701172
landshuter_allee,xgboost,spring_2024,876,36,6.022853851318359,4.0,2.0228538513183594
landshuter_allee,xgboost,spring_2024,877,36,5.359257698059082,4.0,1.359257698059082
landshuter_allee,xgboost,spring_2024,878,36,5.415836811065674,5.0,0.41583681106567383
landshuter_allee,xgboost,spring_2024,879,36,5.015276908874512,4.0,1.0152769088745117
landshuter_allee,xgboost,spring_2024,880,36,5.335800647735596,5.0,0.3358006477355957
landshuter_allee,xgboost,spring_2024,881,36,5.545464992523193,5.0,0.5454649925231934
landshuter_allee,xgboost,spring_2024,882,36,6.031550884246826,5.0,1.0315508842468262
landshuter_allee,xgboost,spring_2024,883,36,6.883908271789551,7.0,0.11609172821044922
landshuter_allee,xgboost,spring_2024,884,36,7.246023178100586,7.0,0.24602317810058594
landshuter_allee,xgboost,spring_2024,885,36,7.116244316101074,6.0,1.1162443161010742
landshuter_allee,xgboost,spring_2024,886,36,6.628969669342041,5.0,1.628969669342041
landshuter_allee,xgboost,spring_2024,887,36,5.951995372772217,5.0,0.9519953727722168
landshuter_allee,xgboost,spring_2024,888,37,5.7356791496276855,4.0,1.7356791496276855
landshuter_allee,xgboost,spring_2024,889,37,5.5128397941589355,3.0,2.5128397941589355
landshuter_allee,xgboost,spring_2024,890,37,5.283736705780029,4.0,1.2837367057800293
landshuter_allee,xgboost,spring_2024,891,37,4.472630977630615,2.0,2.4726309776306152
landshuter_allee,xgboost,spring_2024,892,37,4.52761697769165,2.0,2.5276169776916504
landshuter_allee,xgboost,spring_2024,893,37,5.127377033233643,3.0,2.1273770332336426
landshuter_allee,xgboost,spring_2024,894,37,5.121005535125732,4.0,1.1210055351257324
landshuter_allee,xgboost,spring_2024,895,37,4.496192932128906,4.0,0.49619293212890625
landshuter_allee,xgboost,spring_2024,896,37,4.6001877784729,4.0,0.6001877784729004
landshuter_allee,xgboost,spring_2024,897,37,5.645326137542725,4.0,1.6453261375427246
landshuter_allee,xgboost,spring_2024,898,37,6.415766716003418,5.0,1.415766716003418
landshuter_allee,xgboost,spring_2024,899,37,7.0926432609558105,6.0,1.0926432609558105
landshuter_allee,xgboost,spring_2024,900,37,7.565541744232178,6.0,1.5655417442321777
landshuter_allee,xgboost,spring_2024,901,37,8.392244338989258,8.0,0.3922443389892578
landshuter_allee,xgboost,spring_2024,902,37,8.471604347229004,8.0,0.4716043472290039
landshuter_allee,xgboost,spring_2024,903,37,8.549186706542969,8.0,0.5491867065429688
landshuter_allee,xgboost,spring_2024,904,37,9.407506942749023,8.0,1.4075069427490234
landshuter_allee,xgboost,spring_2024,905,37,10.34079360961914,9.0,1.3407936096191406
landshuter_allee,xgboost,spring_2024,906,37,10.99573802947998,9.0,1.9957380294799805
landshuter_allee,xgboost,spring_2024,907,37,12.621466636657715,10.0,2.621466636657715
landshuter_allee,xgboost,spring_2024,908,37,13.876472473144531,11.0,2.8764724731445312
landshuter_allee,xgboost,spring_2024,909,37,14.485727310180664,11.0,3.485727310180664
landshuter_allee,xgboost,spring_2024,910,37,13.446486473083496,10.0,3.446486473083496
landshuter_allee,xgboost,spring_2024,911,37,10.675060272216797,6.0,4.675060272216797
landshuter_allee,xgboost,spring_2024,912,38,8.495962142944336,5.0,3.495962142944336
landshuter_allee,xgboost,spring_2024,913,38,6.421815872192383,4.0,2.421815872192383
landshuter_allee,xgboost,spring_2024,914,38,6.344177722930908,4.0,2.344177722930908
landshuter_allee,xgboost,spring_2024,915,38,8.9520902633667,5.0,3.952090263366699
landshuter_allee,xgboost,spring_2024,916,38,10.104573249816895,5.0,5.1045732498168945
landshuter_allee,xgboost,spring_2024,917,38,11.470394134521484,7.0,4.470394134521484
landshuter_allee,xgboost,spring_2024,918,38,12.402783393859863,7.0,5.402783393859863
landshuter_allee,xgboost,spring_2024,919,38,11.227031707763672,6.0,5.227031707763672
landshuter_allee,xgboost,spring_2024,920,38,9.78048038482666,4.0,5.78048038482666
landshuter_allee,xgboost,spring_2024,921,38,8.449383735656738,5.0,3.4493837356567383
landshuter_allee,xgboost,spring_2024,922,38,7.050299644470215,4.0,3.050299644470215
landshuter_allee,xgboost,spring_2024,923,38,6.816096305847168,6.0,0.816096305847168
landshuter_allee,xgboost,spring_2024,924,38,7.3859124183654785,8.0,0.6140875816345215
landshuter_allee,xgboost,spring_2024,925,38,8.960271835327148,10.0,1.0397281646728516
landshuter_allee,xgboost,spring_2024,926,38,8.721166610717773,9.0,0.27883338928222656
landshuter_allee,xgboost,spring_2024,927,38,8.82567024230957,10.0,1.1743297576904297
landshuter_allee,xgboost,spring_2024,928,38,8.650294303894043,9.0,0.34970569610595703
landshuter_allee,xgboost,spring_2024,929,38,8.777101516723633,7.0,1.7771015167236328
landshuter_allee,xgboost,spring_2024,930,38,9.437918663024902,8.0,1.4379186630249023
landshuter_allee,xgboost,spring_2024,931,38,10.803271293640137,9.0,1.8032712936401367
landshuter_allee,xgboost,spring_2024,932,38,12.627477645874023,10.0,2.6274776458740234
landshuter_allee,xgboost,spring_2024,933,38,13.662464141845703,9.0,4.662464141845703
landshuter_allee,xgboost,spring_2024,934,38,15.621545791625977,12.0,3.6215457916259766
landshuter_allee,xgboost,spring_2024,935,38,17.07161521911621,12.0,5.071615219116211
landshuter_allee,xgboost,spring_2024,936,39,17.508697509765625,12.0,5.508697509765625
landshuter_allee,xgboost,spring_2024,937,39,18.82640838623047,11.0,7.826408386230469
landshuter_allee,xgboost,spring_2024,938,39,16.90760040283203,10.0,6.907600402832031
landshuter_allee,xgboost,spring_2024,939,39,16.306806564331055,11.0,5.306806564331055
landshuter_allee,xgboost,spring_2024,940,39,17.047616958618164,14.0,3.047616958618164
landshuter_allee,xgboost,spring_2024,941,39,19.970436096191406,17.0,2.9704360961914062
landshuter_allee,xgboost,spring_2024,942,39,20.81743812561035,16.0,4.817438125610352
landshuter_allee,xgboost,spring_2024,943,39,18.551189422607422,12.0,6.551189422607422
landshuter_allee,xgboost,spring_2024,944,39,19.414472579956055,13.0,6.414472579956055
landshuter_allee,xgboost,spring_2024,945,39,16.175752639770508,9.0,7.175752639770508
landshuter_allee,xgboost,spring_2024,946,39,12.639203071594238,9.0,3.6392030715942383
landshuter_allee,xgboost,spring_2024,947,39,13.486416816711426,10.0,3.486416816711426
landshuter_allee,xgboost,spring_2024,948,39,14.455286026000977,12.0,2.4552860260009766
landshuter_allee,xgboost,spring_2024,949,39,17.15315055847168,13.0,4.15315055847168
landshuter_allee,xgboost,spring_2024,950,39,18.31079864501953,14.0,4.310798645019531
landshuter_allee,xgboost,spring_2024,951,39,19.089750289916992,14.0,5.089750289916992
landshuter_allee,xgboost,spring_2024,952,39,20.63226318359375,16.0,4.63226318359375
landshuter_allee,xgboost,spring_2024,953,39,23.57583236694336,18.0,5.575832366943359
landshuter_allee,xgboost,spring_2024,954,39,24.471508026123047,20.0,4.471508026123047
landshuter_allee,xgboost,spring_2024,955,39,25.8984375,21.0,4.8984375
landshuter_allee,xgboost,spring_2024,956,39,26.028841018676758,19.0,7.028841018676758
landshuter_allee,xgboost,spring_2024,957,39,25.636293411254883,19.0,6.636293411254883
landshuter_allee,xgboost,spring_2024,958,39,22.992040634155273,18.0,4.992040634155273
landshuter_allee,xgboost,spring_2024,959,39,19.538087844848633,15.0,4.538087844848633
landshuter_allee,xgboost,spring_2024,960,40,19.807037353515625,15.0,4.807037353515625
landshuter_allee,xgboost,spring_2024,961,40,20.498611450195312,15.0,5.4986114501953125
landshuter_allee,xgboost,spring_2024,962,40,20.309206008911133,13.0,7.309206008911133
landshuter_allee,xgboost,spring_2024,963,40,19.674013137817383,13.0,6.674013137817383
landshuter_allee,xgboost,spring_2024,964,40,19.250478744506836,14.0,5.250478744506836
landshuter_allee,xgboost,spring_2024,965,40,19.436601638793945,14.0,5.436601638793945
landshuter_allee,xgboost,spring_2024,966,40,17.46316909790039,12.0,5.463169097900391
landshuter_allee,xgboost,spring_2024,967,40,13.86180305480957,10.0,3.8618030548095703
landshuter_allee,xgboost,spring_2024,968,40,11.770427703857422,10.0,1.7704277038574219
landshuter_allee,xgboost,spring_2024,969,40,10.161251068115234,9.0,1.1612510681152344
landshuter_allee,xgboost,spring_2024,970,40,9.477744102478027,8.0,1.4777441024780273
landshuter_allee,xgboost,spring_2024,971,40,10.327394485473633,9.0,1.3273944854736328
landshuter_allee,xgboost,spring_2024,972,40,11.4391450881958,10.0,1.4391450881958008
landshuter_allee,xgboost,spring_2024,973,40,12.207036972045898,10.0,2.2070369720458984
landshuter_allee,xgboost,spring_2024,974,40,12.525382041931152,10.0,2.5253820419311523
landshuter_allee,xgboost,spring_2024,975,40,12.398645401000977,10.0,2.3986454010009766
landshuter_allee,xgboost,spring_2024,976,40,12.002888679504395,10.0,2.0028886795043945
landshuter_allee,xgboost,spring_2024,977,40,11.807343482971191,10.0,1.8073434829711914
landshuter_allee,xgboost,spring_2024,978,40,11.411873817443848,10.0,1.4118738174438477
landshuter_allee,xgboost,spring_2024,979,40,11.576547622680664,11.0,0.5765476226806641
landshuter_allee,xgboost,spring_2024,980,40,9.81898021697998,9.0,0.8189802169799805
landshuter_allee,xgboost,spring_2024,981,40,7.841041564941406,9.0,1.1589584350585938
landshuter_allee,xgboost,spring_2024,982,40,7.4310760498046875,8.0,0.5689239501953125
landshuter_allee,xgboost,spring_2024,983,40,6.997690200805664,7.0,0.0023097991943359375
landshuter_allee,xgboost,spring_2024,984,41,6.425776958465576,6.0,0.42577695846557617
landshuter_allee,xgboost,spring_2024,985,41,6.212235450744629,6.0,0.2122354507446289
landshuter_allee,xgboost,spring_2024,986,41,6.216921329498291,7.0,0.783078670501709
landshuter_allee,xgboost,spring_2024,987,41,6.318772792816162,6.0,0.3187727928161621
landshuter_allee,xgboost,spring_2024,988,41,6.575439453125,7.0,0.424560546875
landshuter_allee,xgboost,spring_2024,989,41,6.778719902038574,7.0,0.22128009796142578
landshuter_allee,xgboost,spring_2024,990,41,7.25692892074585,7.0,0.2569289207458496
landshuter_allee,xgboost,spring_2024,991,41,7.010128498077393,7.0,0.010128498077392578
landshuter_allee,xgboost,spring_2024,992,41,5.633025169372559,5.0,0.6330251693725586
landshuter_allee,xgboost,spring_2024,993,41,5.400870323181152,5.0,0.40087032318115234
landshuter_allee,xgboost,spring_2024,994,41,5.397244930267334,4.0,1.397244930267334
landshuter_allee,xgboost,spring_2024,995,41,5.3246870040893555,5.0,0.32468700408935547
landshuter_allee,xgboost,spring_2024,996,41,5.537655830383301,4.0,1.5376558303833008
landshuter_allee,xgboost,spring_2024,997,41,8.305935859680176,7.0,1.3059358596801758
landshuter_allee,xgboost,spring_2024,998,41,8.651969909667969,8.0,0.6519699096679688
landshuter_allee,xgboost,spring_2024,999,41,9.368362426757812,7.0,2.3683624267578125
landshuter_allee,xgboost,spring_2024,1000,41,9.424636840820312,10.0,0.5753631591796875
landshuter_allee,xgboost,spring_2024,1001,41,8.921614646911621,7.0,1.921614646911621
landshuter_allee,xgboost,spring_2024,1002,41,8.910733222961426,8.0,0.9107332229614258
landshuter_allee,xgboost,spring_2024,1003,41,7.83840274810791,6.0,1.8384027481079102
landshuter_allee,xgboost,spring_2024,1004,41,6.391147136688232,4.0,2.3911471366882324
landshuter_allee,xgboost,spring_2024,1005,41,4.662862300872803,4.0,0.6628623008728027
landshuter_allee,xgboost,spring_2024,1006,41,3.6270010471343994,3.0,0.6270010471343994
landshuter_allee,xgboost,spring_2024,1007,41,2.452890396118164,3.0,0.5471096038818359
landshuter_allee,xgboost,spring_2024,1008,42,1.7558189630508423,2.0,0.24418103694915771
landshuter_allee,xgboost,spring_2024,1009,42,1.222464919090271,1.0,0.222464919090271
landshuter_allee,xgboost,spring_2024,1010,42,0.9815451502799988,1.0,0.01845484972000122
landshuter_allee,xgboost,spring_2024,1011,42,0.6982299089431763,1.0,0.30177009105682373
landshuter_allee,xgboost,spring_2024,1012,42,1.436902642250061,2.0,0.563097357749939
landshuter_allee,xgboost,spring_2024,1013,42,2.2682316303253174,3.0,0.7317683696746826
landshuter_allee,xgboost,spring_2024,1014,42,2.579477548599243,3.0,0.42052245140075684
landshuter_allee,xgboost,spring_2024,1015,42,2.7755627632141113,3.0,0.22443723678588867
landshuter_allee,xgboost,spring_2024,1016,42,2.6034741401672363,3.0,0.39652585983276367
landshuter_allee,xgboost,spring_2024,1017,42,2.709149122238159,4.0,1.2908508777618408
landshuter_allee,xgboost,spring_2024,1018,42,3.064995288848877,5.0,1.935004711151123
landshuter_allee,xgboost,spring_2024,1019,42,3.9361765384674072,6.0,2.0638234615325928
landshuter_allee,xgboost,spring_2024,1020,42,4.159313201904297,7.0,2.840686798095703
landshuter_allee,xgboost,spring_2024,1021,42,5.049161434173584,7.0,1.950838565826416
landshuter_allee,xgboost,spring_2024,1022,42,6.763498783111572,8.0,1.2365012168884277
landshuter_allee,xgboost,spring_2024,1023,42,8.638877868652344,9.0,0.36112213134765625
landshuter_allee,xgboost,spring_2024,1024,42,10.073378562927246,11.0,0.9266214370727539
landshuter_allee,xgboost,spring_2024,1025,42,14.38073444366455,14.0,0.3807344436645508
landshuter_allee,xgboost,spring_2024,1026,42,13.386314392089844,13.0,0.38631439208984375
landshuter_allee,xgboost,spring_2024,1027,42,11.576005935668945,11.0,0.5760059356689453
landshuter_allee,xgboost,spring_2024,1028,42,11.004597663879395,14.0,2.9954023361206055
landshuter_allee,xgboost,spring_2024,1029,42,11.194404602050781,10.0,1.1944046020507812
landshuter_allee,xgboost,spring_2024,1030,42,9.183067321777344,8.0,1.1830673217773438
landshuter_allee,xgboost,spring_2024,1031,42,8.38526439666748,9.0,0.6147356033325195
landshuter_allee,xgboost,spring_2024,1032,43,7.739905834197998,8.0,0.26009416580200195
landshuter_allee,xgboost,spring_2024,1033,43,7.457371234893799,7.0,0.45737123489379883
landshuter_allee,xgboost,spring_2024,1034,43,7.136417388916016,6.0,1.1364173889160156
landshuter_allee,xgboost,spring_2024,1035,43,6.656970500946045,6.0,0.6569705009460449
landshuter_allee,xgboost,spring_2024,1036,43,6.456733703613281,5.0,1.4567337036132812
landshuter_allee,xgboost,spring_2024,1037,43,6.813224792480469,5.0,1.8132247924804688
landshuter_allee,xgboost,spring_2024,1038,43,6.258366584777832,5.0,1.258366584777832
landshuter_allee,xgboost,spring_2024,1039,43,5.5289626121521,4.0,1.5289626121520996
landshuter_allee,xgboost,spring_2024,1040,43,5.503000259399414,4.0,1.503000259399414
landshuter_allee,xgboost,spring_2024,1041,43,5.321413040161133,5.0,0.3214130401611328
landshuter_allee,xgboost,spring_2024,1042,43,5.327984809875488,6.0,0.6720151901245117
landshuter_allee,xgboost,spring_2024,1043,43,5.39938497543335,7.0,1.6006150245666504
landshuter_allee,xgboost,spring_2024,1044,43,5.150116920471191,6.0,0.8498830795288086
landshuter_allee,xgboost,spring_2024,1045,43,5.210005283355713,6.0,0.7899947166442871
landshuter_allee,xgboost,spring_2024,1046,43,4.851480007171631,4.0,0.8514800071716309
landshuter_allee,xgboost,spring_2024,1047,43,4.890015125274658,3.0,1.8900151252746582
landshuter_allee,xgboost,spring_2024,1048,43,4.7854509353637695,3.0,1.7854509353637695
landshuter_allee,xgboost,spring_2024,1049,43,4.8226189613342285,3.0,1.8226189613342285
landshuter_allee,xgboost,spring_2024,1050,43,5.647996425628662,4.0,1.647996425628662
landshuter_allee,xgboost,spring_2024,1051,43,7.207274436950684,6.0,1.2072744369506836
landshuter_allee,xgboost,spring_2024,1052,43,9.995463371276855,8.0,1.9954633712768555
landshuter_allee,xgboost,spring_2024,1053,43,11.909844398498535,9.0,2.909844398498535
landshuter_allee,xgboost,spring_2024,1054,43,12.177017211914062,10.0,2.1770172119140625
landshuter_allee,xgboost,spring_2024,1055,43,12.702061653137207,10.0,2.702061653137207
landshuter_allee,xgboost,summer_2024,0,0,3.7474942207336426,6.0,2.2525057792663574
landshuter_allee,xgboost,summer_2024,1,0,3.5866665840148926,5.0,1.4133334159851074
landshuter_allee,xgboost,summer_2024,2,0,3.4109694957733154,4.0,0.5890305042266846
landshuter_allee,xgboost,summer_2024,3,0,3.3130507469177246,3.0,0.3130507469177246
landshuter_allee,xgboost,summer_2024,4,0,3.7966558933258057,3.0,0.7966558933258057
landshuter_allee,xgboost,summer_2024,5,0,3.900958299636841,4.0,0.09904170036315918
landshuter_allee,xgboost,summer_2024,6,0,3.8592300415039062,4.0,0.14076995849609375
landshuter_allee,xgboost,summer_2024,7,0,3.6230576038360596,4.0,0.37694239616394043
landshuter_allee,xgboost,summer_2024,8,0,3.5367093086242676,4.0,0.4632906913757324
landshuter_allee,xgboost,summer_2024,9,0,3.7723915576934814,5.0,1.2276084423065186
landshuter_allee,xgboost,summer_2024,10,0,4.044877529144287,6.0,1.955122470855713
landshuter_allee,xgboost,summer_2024,11,0,4.429798603057861,6.0,1.5702013969421387
landshuter_allee,xgboost,summer_2024,12,0,3.8926079273223877,4.0,0.1073920726776123
landshuter_allee,xgboost,summer_2024,13,0,3.8294856548309326,5.0,1.1705143451690674
landshuter_allee,xgboost,summer_2024,14,0,3.353454351425171,4.0,0.6465456485748291
landshuter_allee,xgboost,summer_2024,15,0,3.7128653526306152,5.0,1.2871346473693848
landshuter_allee,xgboost,summer_2024,16,0,3.8273427486419678,6.0,2.1726572513580322
landshuter_allee,xgboost,summer_2024,17,0,5.304004669189453,12.0,6.695995330810547
landshuter_allee,xgboost,summer_2024,18,0,7.929731369018555,10.0,2.0702686309814453
landshuter_allee,xgboost,summer_2024,19,0,8.315296173095703,7.0,1.3152961730957031
landshuter_allee,xgboost,summer_2024,20,0,7.678243637084961,5.0,2.678243637084961
landshuter_allee,xgboost,summer_2024,21,0,7.244134426116943,4.0,3.2441344261169434
landshuter_allee,xgboost,summer_2024,22,0,6.4047980308532715,4.0,2.4047980308532715
landshuter_allee,xgboost,summer_2024,23,0,6.242802143096924,5.0,1.2428021430969238
landshuter_allee,xgboost,summer_2024,24,1,6.32147216796875,4.0,2.32147216796875
landshuter_allee,xgboost,summer_2024,25,1,6.482189655303955,5.0,1.482189655303955
landshuter_allee,xgboost,summer_2024,26,1,6.613340854644775,5.0,1.6133408546447754
landshuter_allee,xgboost,summer_2024,27,1,7.551613807678223,6.0,1.5516138076782227
landshuter_allee,xgboost,summer_2024,28,1,9.072799682617188,8.0,1.0727996826171875
landshuter_allee,xgboost,summer_2024,29,1,10.20448112487793,9.0,1.2044811248779297
landshuter_allee,xgboost,summer_2024,30,1,9.837689399719238,8.0,1.8376893997192383
landshuter_allee,xgboost,summer_2024,31,1,8.610782623291016,7.0,1.6107826232910156
landshuter_allee,xgboost,summer_2024,32,1,7.730587959289551,5.0,2.730587959289551
landshuter_allee,xgboost,summer_2024,33,1,7.141323089599609,5.0,2.1413230895996094
landshuter_allee,xgboost,summer_2024,34,1,6.827066898345947,6.0,0.8270668983459473
landshuter_allee,xgboost,summer_2024,35,1,5.987573623657227,4.0,1.9875736236572266
landshuter_allee,xgboost,summer_2024,36,1,5.949934005737305,5.0,0.9499340057373047
landshuter_allee,xgboost,summer_2024,37,1,5.9742584228515625,6.0,0.0257415771484375
landshuter_allee,xgboost,summer_2024,38,1,5.703699111938477,5.0,0.7036991119384766
landshuter_allee,xgboost,summer_2024,39,1,5.693127155303955,5.0,0.6931271553039551
landshuter_allee,xgboost,summer_2024,40,1,5.87509822845459,5.0,0.8750982284545898
landshuter_allee,xgboost,summer_2024,41,1,6.18191385269165,6.0,0.1819138526916504
landshuter_allee,xgboost,summer_2024,42,1,6.222919464111328,6.0,0.22291946411132812
landshuter_allee,xgboost,summer_2024,43,1,6.482847690582275,6.0,0.4828476905822754
landshuter_allee,xgboost,summer_2024,44,1,6.843506813049316,6.0,0.8435068130493164
landshuter_allee,xgboost,summer_2024,45,1,7.734958648681641,8.0,0.2650413513183594
landshuter_allee,xgboost,summer_2024,46,1,7.845168590545654,7.0,0.8451685905456543
landshuter_allee,xgboost,summer_2024,47,1,7.051147937774658,6.0,1.0511479377746582
landshuter_allee,xgboost,summer_2024,48,2,7.058201789855957,6.0,1.058201789855957
landshuter_allee,xgboost,summer_2024,49,2,6.594779968261719,5.0,1.5947799682617188
landshuter_allee,xgboost,summer_2024,50,2,5.971543788909912,5.0,0.9715437889099121
landshuter_allee,xgboost,summer_2024,51,2,5.151852607727051,4.0,1.1518526077270508
landshuter_allee,xgboost,summer_2024,52,2,5.048123836517334,5.0,0.048123836517333984
landshuter_allee,xgboost,summer_2024,53,2,6.408437252044678,7.0,0.5915627479553223
landshuter_allee,xgboost,summer_2024,54,2,6.933160781860352,6.0,0.9331607818603516
landshuter_allee,xgboost,summer_2024,55,2,5.975798606872559,5.0,0.9757986068725586
landshuter_allee,xgboost,summer_2024,56,2,4.725042819976807,3.0,1.7250428199768066
landshuter_allee,xgboost,summer_2024,57,2,3.973268747329712,3.0,0.9732687473297119
landshuter_allee,xgboost,summer_2024,58,2,3.71212100982666,4.0,0.28787899017333984
landshuter_allee,xgboost,summer_2024,59,2,3.125835418701172,3.0,0.12583541870117188
landshuter_allee,xgboost,summer_2024,60,2,2.7969069480895996,2.0,0.7969069480895996
landshuter_allee,xgboost,summer_2024,61,2,2.695645332336426,3.0,0.3043546676635742
landshuter_allee,xgboost,summer_2024,62,2,3.0688765048980713,4.0,0.9311234951019287
landshuter_allee,xgboost,summer_2024,63,2,3.3652894496917725,5.0,1.6347105503082275
landshuter_allee,xgboost,summer_2024,64,2,3.6533915996551514,5.0,1.3466084003448486
landshuter_allee,xgboost,summer_2024,65,2,3.7684717178344727,4.0,0.23152828216552734
landshuter_allee,xgboost,summer_2024,66,2,3.8963463306427,5.0,1.1036536693572998
landshuter_allee,xgboost,summer_2024,67,2,4.139449119567871,5.0,0.8605508804321289
landshuter_allee,xgboost,summer_2024,68,2,4.704616546630859,5.0,0.2953834533691406
landshuter_allee,xgboost,summer_2024,69,2,4.949649810791016,5.0,0.050350189208984375
landshuter_allee,xgboost,summer_2024,70,2,3.785693883895874,3.0,0.785693883895874
landshuter_allee,xgboost,summer_2024,71,2,2.048804759979248,2.0,0.04880475997924805
landshuter_allee,xgboost,summer_2024,72,3,1.712748646736145,2.0,0.287251353263855
landshuter_allee,xgboost,summer_2024,73,3,1.3510338068008423,2.0,0.6489661931991577
landshuter_allee,xgboost,summer_2024,74,3,1.2193454504013062,1.0,0.21934545040130615
landshuter_allee,xgboost,summer_2024,75,3,1.2890381813049316,2.0,0.7109618186950684
landshuter_allee,xgboost,summer_2024,76,3,1.7716081142425537,2.0,0.2283918857574463
landshuter_allee,xgboost,summer_2024,77,3,2.7387843132019043,4.0,1.2612156867980957
landshuter_allee,xgboost,summer_2024,78,3,3.1644184589385986,5.0,1.8355815410614014
landshuter_allee,xgboost,summer_2024,79,3,3.8354885578155518,5.0,1.1645114421844482
landshuter_allee,xgboost,summer_2024,80,3,3.367061138153076,4.0,0.6329388618469238
landshuter_allee,xgboost,summer_2024,81,3,3.2539188861846924,4.0,0.7460811138153076
landshuter_allee,xgboost,summer_2024,82,3,3.200342893600464,4.0,0.7996571063995361
landshuter_allee,xgboost,summer_2024,83,3,3.2573318481445312,4.0,0.7426681518554688
landshuter_allee,xgboost,summer_2024,84,3,3.355058431625366,4.0,0.6449415683746338
landshuter_allee,xgboost,summer_2024,85,3,3.490114450454712,4.0,0.5098855495452881
landshuter_allee,xgboost,summer_2024,86,3,3.6450674533843994,5.0,1.3549325466156006
landshuter_allee,xgboost,summer_2024,87,3,3.445728302001953,5.0,1.5542716979980469
landshuter_allee,xgboost,summer_2024,88,3,3.315119743347168,4.0,0.684880256652832
landshuter_allee,xgboost,summer_2024,89,3,3.396024703979492,6.0,2.603975296020508
landshuter_allee,xgboost,summer_2024,90,3,3.500835418701172,5.0,1.4991645812988281
landshuter_allee,xgboost,summer_2024,91,3,3.202113628387451,5.0,1.7978863716125488
landshuter_allee,xgboost,summer_2024,92,3,3.332240343093872,5.0,1.667759656906128
landshuter_allee,xgboost,summer_2024,93,3,2.9690771102905273,4.0,1.0309228897094727
landshuter_allee,xgboost,summer_2024,94,3,2.328068256378174,4.0,1.6719317436218262
landshuter_allee,xgboost,summer_2024,95,3,2.6695556640625,4.0,1.3304443359375
landshuter_allee,xgboost,summer_2024,96,4,2.6479530334472656,3.0,0.3520469665527344
landshuter_allee,xgboost,summer_2024,97,4,2.687744140625,3.0,0.312255859375
landshuter_allee,xgboost,summer_2024,98,4,2.6869077682495117,3.0,0.3130922317504883
landshuter_allee,xgboost,summer_2024,99,4,2.8790252208709717,3.0,0.12097477912902832
landshuter_allee,xgboost,summer_2024,100,4,3.028101921081543,3.0,0.02810192108154297
landshuter_allee,xgboost,summer_2024,101,4,4.565038681030273,4.0,0.5650386810302734
landshuter_allee,xgboost,summer_2024,102,4,6.389341831207275,5.0,1.3893418312072754
landshuter_allee,xgboost,summer_2024,103,4,6.733249187469482,5.0,1.7332491874694824
landshuter_allee,xgboost,summer_2024,104,4,5.617090702056885,4.0,1.6170907020568848
landshuter_allee,xgboost,summer_2024,105,4,4.67992639541626,3.0,1.6799263954162598
landshuter_allee,xgboost,summer_2024,106,4,4.797755241394043,4.0,0.797755241394043
landshuter_allee,xgboost,summer_2024,107,4,5.075563430786133,5.0,0.07556343078613281
landshuter_allee,xgboost,summer_2024,108,4,5.571569442749023,5.0,0.5715694427490234
landshuter_allee,xgboost,summer_2024,109,4,6.133938312530518,6.0,0.13393831253051758
landshuter_allee,xgboost,summer_2024,110,4,6.055678844451904,7.0,0.9443211555480957
landshuter_allee,xgboost,summer_2024,111,4,6.607227325439453,7.0,0.3927726745605469
landshuter_allee,xgboost,summer_2024,112,4,7.328337669372559,8.0,0.6716623306274414
landshuter_allee,xgboost,summer_2024,113,4,7.426243782043457,6.0,1.426243782043457
landshuter_allee,xgboost,summer_2024,114,4,7.69372034072876,6.0,1.6937203407287598
landshuter_allee,xgboost,summer_2024,115,4,7.594030857086182,6.0,1.5940308570861816
landshuter_allee,xgboost,summer_2024,116,4,7.809181213378906,6.0,1.8091812133789062
landshuter_allee,xgboost,summer_2024,117,4,8.443992614746094,7.0,1.4439926147460938
landshuter_allee,xgboost,summer_2024,118,4,8.970596313476562,9.0,0.0294036865234375
landshuter_allee,xgboost,summer_2024,119,4,8.657487869262695,8.0,0.6574878692626953
landshuter_allee,xgboost,summer_2024,120,5,9.745766639709473,10.0,0.25423336029052734
landshuter_allee,xgboost,summer_2024,121,5,10.155837059020996,11.0,0.8441629409790039
landshuter_allee,xgboost,summer_2024,122,5,9.272896766662598,9.0,0.27289676666259766
landshuter_allee,xgboost,summer_2024,123,5,8.686552047729492,9.0,0.3134479522705078
landshuter_allee,xgboost,summer_2024,124,5,7.887284755706787,8.0,0.11271524429321289
landshuter_allee,xgboost,summer_2024,125,5,7.838828086853027,9.0,1.1611719131469727
landshuter_allee,xgboost,summer_2024,126,5,7.4940619468688965,8.0,0.5059380531311035
landshuter_allee,xgboost,summer_2024,127,5,6.809624671936035,8.0,1.1903753280639648
landshuter_allee,xgboost,summer_2024,128,5,6.383747577667236,7.0,0.6162524223327637
landshuter_allee,xgboost,summer_2024,129,5,6.454216003417969,7.0,0.5457839965820312
landshuter_allee,xgboost,summer_2024,130,5,6.300101280212402,7.0,0.6998987197875977
landshuter_allee,xgboost,summer_2024,131,5,6.867737770080566,8.0,1.1322622299194336
landshuter_allee,xgboost,summer_2024,132,5,7.194510459899902,8.0,0.8054895401000977
landshuter_allee,xgboost,summer_2024,133,5,7.595144748687744,10.0,2.404855251312256
landshuter_allee,xgboost,summer_2024,134,5,7.661352157592773,9.0,1.3386478424072266
landshuter_allee,xgboost,summer_2024,135,5,9.95982551574707,10.0,0.04017448425292969
landshuter_allee,xgboost,summer_2024,136,5,12.452237129211426,13.0,0.5477628707885742
landshuter_allee,xgboost,summer_2024,137,5,10.902105331420898,9.0,1.9021053314208984
landshuter_allee,xgboost,summer_2024,138,5,9.96357250213623,9.0,0.9635725021362305
landshuter_allee,xgboost,summer_2024,139,5,8.283635139465332,8.0,0.28363513946533203
landshuter_allee,xgboost,summer_2024,140,5,7.538941860198975,7.0,0.5389418601989746
landshuter_allee,xgboost,summer_2024,141,5,7.516999244689941,6.0,1.5169992446899414
landshuter_allee,xgboost,summer_2024,142,5,7.194611072540283,5.0,2.194611072540283
landshuter_allee,xgboost,summer_2024,143,5,5.5366106033325195,3.0,2.5366106033325195
landshuter_allee,xgboost,summer_2024,144,6,4.153928756713867,2.0,2.153928756713867
landshuter_allee,xgboost,summer_2024,145,6,3.3921620845794678,1.0,2.3921620845794678
landshuter_allee,xgboost,summer_2024,146,6,3.0396053791046143,1.0,2.0396053791046143
landshuter_allee,xgboost,summer_2024,147,6,3.5003440380096436,2.0,1.5003440380096436
landshuter_allee,xgboost,summer_2024,148,6,3.7345125675201416,3.0,0.7345125675201416
landshuter_allee,xgboost,summer_2024,149,6,3.542222499847412,3.0,0.5422224998474121
landshuter_allee,xgboost,summer_2024,150,6,3.262488603591919,3.0,0.26248860359191895
landshuter_allee,xgboost,summer_2024,151,6,3.3031105995178223,2.0,1.3031105995178223
landshuter_allee,xgboost,summer_2024,152,6,3.6112213134765625,3.0,0.6112213134765625
landshuter_allee,xgboost,summer_2024,153,6,3.7596664428710938,3.0,0.7596664428710938
landshuter_allee,xgboost,summer_2024,154,6,4.052980899810791,4.0,0.052980899810791016
landshuter_allee,xgboost,summer_2024,155,6,4.992492198944092,4.0,0.9924921989440918
landshuter_allee,xgboost,summer_2024,156,6,5.267837047576904,4.0,1.2678370475769043
landshuter_allee,xgboost,summer_2024,157,6,4.756831645965576,4.0,0.7568316459655762
landshuter_allee,xgboost,summer_2024,158,6,4.480128288269043,3.0,1.480128288269043
landshuter_allee,xgboost,summer_2024,159,6,3.8033828735351562,2.0,1.8033828735351562
landshuter_allee,xgboost,summer_2024,160,6,4.421444416046143,5.0,0.5785555839538574
landshuter_allee,xgboost,summer_2024,161,6,5.099759578704834,4.0,1.099759578704834
landshuter_allee,xgboost,summer_2024,162,6,5.430897235870361,3.0,2.4308972358703613
landshuter_allee,xgboost,summer_2024,163,6,5.439841270446777,3.0,2.4398412704467773
landshuter_allee,xgboost,summer_2024,164,6,5.636688232421875,3.0,2.636688232421875
landshuter_allee,xgboost,summer_2024,165,6,6.148995399475098,3.0,3.1489953994750977
landshuter_allee,xgboost,summer_2024,166,6,6.105854034423828,4.0,2.105854034423828
landshuter_allee,xgboost,summer_2024,167,6,6.60453987121582,5.0,1.6045398712158203
landshuter_allee,xgboost,summer_2024,168,7,7.562138080596924,6.0,1.5621380805969238
landshuter_allee,xgboost,summer_2024,169,7,7.677504539489746,5.0,2.677504539489746
landshuter_allee,xgboost,summer_2024,170,7,7.6835455894470215,5.0,2.6835455894470215
landshuter_allee,xgboost,summer_2024,171,7,8.170212745666504,5.0,3.170212745666504
landshuter_allee,xgboost,summer_2024,172,7,8.207254409790039,6.0,2.207254409790039
landshuter_allee,xgboost,summer_2024,173,7,8.454096794128418,6.0,2.454096794128418
landshuter_allee,xgboost,summer_2024,174,7,8.94995403289795,5.0,3.949954032897949
landshuter_allee,xgboost,summer_2024,175,7,8.427793502807617,6.0,2.427793502807617
landshuter_allee,xgboost,summer_2024,176,7,6.649272918701172,4.0,2.649272918701172
landshuter_allee,xgboost,summer_2024,177,7,4.93622350692749,2.0,2.9362235069274902
landshuter_allee,xgboost,summer_2024,178,7,4.173819541931152,2.0,2.1738195419311523
landshuter_allee,xgboost,summer_2024,179,7,3.6134281158447266,2.0,1.6134281158447266
landshuter_allee,xgboost,summer_2024,180,7,3.500699520111084,3.0,0.500699520111084
landshuter_allee,xgboost,summer_2024,181,7,3.496373176574707,3.0,0.49637317657470703
landshuter_allee,xgboost,summer_2024,182,7,3.282397508621216,3.0,0.2823975086212158
landshuter_allee,xgboost,summer_2024,183,7,3.777909517288208,5.0,1.222090482711792
landshuter_allee,xgboost,summer_2024,184,7,4.031637191772461,6.0,1.968362808227539
landshuter_allee,xgboost,summer_2024,185,7,4.541492938995361,5.0,0.45850706100463867
landshuter_allee,xgboost,summer_2024,186,7,5.561958312988281,5.0,0.5619583129882812
landshuter_allee,xgboost,summer_2024,187,7,6.463685512542725,5.0,1.4636855125427246
landshuter_allee,xgboost,summer_2024,188,7,7.387269020080566,9.0,1.6127309799194336
landshuter_allee,xgboost,summer_2024,189,7,8.517494201660156,11.0,2.4825057983398438
landshuter_allee,xgboost,summer_2024,190,7,9.090069770812988,10.0,0.9099302291870117
landshuter_allee,xgboost,summer_2024,191,7,10.266472816467285,11.0,0.7335271835327148
landshuter_allee,xgboost,summer_2024,192,8,11.16770076751709,13.0,1.8322992324829102
landshuter_allee,xgboost,summer_2024,193,8,12.09736442565918,15.0,2.9026355743408203
landshuter_allee,xgboost,summer_2024,194,8,13.561050415039062,15.0,1.4389495849609375
landshuter_allee,xgboost,summer_2024,195,8,14.014554023742676,13.0,1.0145540237426758
landshuter_allee,xgboost,summer_2024,196,8,14.433009147644043,13.0,1.433009147644043
landshuter_allee,xgboost,summer_2024,197,8,13.006428718566895,12.0,1.0064287185668945
landshuter_allee,xgboost,summer_2024,198,8,11.198527336120605,11.0,0.19852733612060547
landshuter_allee,xgboost,summer_2024,199,8,8.246844291687012,7.0,1.2468442916870117
landshuter_allee,xgboost,summer_2024,200,8,6.518084526062012,7.0,0.4819154739379883
landshuter_allee,xgboost,summer_2024,201,8,7.096672534942627,8.0,0.903327465057373
landshuter_allee,xgboost,summer_2024,202,8,7.927354335784912,9.0,1.072645664215088
landshuter_allee,xgboost,summer_2024,203,8,8.22900390625,7.0,1.22900390625
landshuter_allee,xgboost,summer_2024,204,8,7.9651665687561035,7.0,0.9651665687561035
landshuter_allee,xgboost,summer_2024,205,8,7.423489093780518,8.0,0.5765109062194824
landshuter_allee,xgboost,summer_2024,206,8,7.824357986450195,8.0,0.1756420135498047
landshuter_allee,xgboost,summer_2024,207,8,8.891840934753418,11.0,2.108159065246582
landshuter_allee,xgboost,summer_2024,208,8,9.911330223083496,13.0,3.088669776916504
landshuter_allee,xgboost,summer_2024,209,8,10.972053527832031,13.0,2.0279464721679688
landshuter_allee,xgboost,summer_2024,210,8,13.492189407348633,15.0,1.5078105926513672
landshuter_allee,xgboost,summer_2024,211,8,14.878663063049316,16.0,1.1213369369506836
landshuter_allee,xgboost,summer_2024,212,8,15.169124603271484,15.0,0.16912460327148438
landshuter_allee,xgboost,summer_2024,213,8,16.084915161132812,16.0,0.0849151611328125
landshuter_allee,xgboost,summer_2024,214,8,18.88843536376953,21.0,2.1115646362304688
landshuter_allee,xgboost,summer_2024,215,8,21.013660430908203,18.0,3.013660430908203
landshuter_allee,xgboost,summer_2024,216,9,19.550731658935547,16.0,3.550731658935547
landshuter_allee,xgboost,summer_2024,217,9,16.537826538085938,15.0,1.5378265380859375
landshuter_allee,xgboost,summer_2024,218,9,14.507264137268066,16.0,1.4927358627319336
landshuter_allee,xgboost,summer_2024,219,9,15.88068675994873,19.0,3.1193132400512695
landshuter_allee,xgboost,summer_2024,220,9,15.29935073852539,17.0,1.7006492614746094
landshuter_allee,xgboost,summer_2024,221,9,14.14078140258789,15.0,0.8592185974121094
landshuter_allee,xgboost,summer_2024,222,9,12.474464416503906,12.0,0.47446441650390625
landshuter_allee,xgboost,summer_2024,223,9,10.498285293579102,10.0,0.49828529357910156
landshuter_allee,xgboost,summer_2024,224,9,9.78056526184082,10.0,0.2194347381591797
landshuter_allee,xgboost,summer_2024,225,9,10.084726333618164,11.0,0.9152736663818359
landshuter_allee,xgboost,summer_2024,226,9,10.07041072845459,11.0,0.9295892715454102
landshuter_allee,xgboost,summer_2024,227,9,9.441564559936523,8.0,1.4415645599365234
landshuter_allee,xgboost,summer_2024,228,9,8.315006256103516,8.0,0.3150062561035156
landshuter_allee,xgboost,summer_2024,229,9,8.294806480407715,9.0,0.7051935195922852
landshuter_allee,xgboost,summer_2024,230,9,8.67695426940918,9.0,0.3230457305908203
landshuter_allee,xgboost,summer_2024,231,9,9.188347816467285,10.0,0.8116521835327148
landshuter_allee,xgboost,summer_2024,232,9,11.152227401733398,12.0,0.8477725982666016
landshuter_allee,xgboost,summer_2024,233,9,11.118563652038574,10.0,1.1185636520385742
landshuter_allee,xgboost,summer_2024,234,9,10.004973411560059,8.0,2.0049734115600586
landshuter_allee,xgboost,summer_2024,235,9,9.417448043823242,9.0,0.4174480438232422
landshuter_allee,xgboost,summer_2024,236,9,9.634772300720215,11.0,1.3652276992797852
landshuter_allee,xgboost,summer_2024,237,9,10.032782554626465,10.0,0.032782554626464844
landshuter_allee,xgboost,summer_2024,238,9,9.526729583740234,8.0,1.5267295837402344
landshuter_allee,xgboost,summer_2024,239,9,8.183732986450195,8.0,0.1837329864501953
landshuter_allee,xgboost,summer_2024,240,10,7.280601978302002,7.0,0.28060197830200195
landshuter_allee,xgboost,summer_2024,241,10,7.2768120765686035,5.0,2.2768120765686035
landshuter_allee,xgboost,summer_2024,242,10,7.368108749389648,5.0,2.3681087493896484
landshuter_allee,xgboost,summer_2024,243,10,7.147163391113281,5.0,2.1471633911132812
landshuter_allee,xgboost,summer_2024,244,10,8.057272911071777,7.0,1.0572729110717773
landshuter_allee,xgboost,summer_2024,245,10,9.559593200683594,7.0,2.5595932006835938
landshuter_allee,xgboost,summer_2024,246,10,10.575919151306152,9.0,1.5759191513061523
landshuter_allee,xgboost,summer_2024,247,10,10.321393966674805,13.0,2.6786060333251953
landshuter_allee,xgboost,summer_2024,248,10,11.988019943237305,15.0,3.0119800567626953
landshuter_allee,xgboost,summer_2024,249,10,12.970785140991211,13.0,0.029214859008789062
landshuter_allee,xgboost,summer_2024,250,10,12.690472602844238,11.0,1.6904726028442383
landshuter_allee,xgboost,summer_2024,251,10,13.218175888061523,13.0,0.21817588806152344
landshuter_allee,xgboost,summer_2024,252,10,12.586447715759277,11.0,1.5864477157592773
landshuter_allee,xgboost,summer_2024,253,10,11.771637916564941,9.0,2.7716379165649414
landshuter_allee,xgboost,summer_2024,254,10,10.325582504272461,8.0,2.325582504272461
landshuter_allee,xgboost,summer_2024,255,10,9.010663986206055,8.0,1.0106639862060547
landshuter_allee,xgboost,summer_2024,256,10,8.274934768676758,7.0,1.2749347686767578
landshuter_allee,xgboost,summer_2024,257,10,7.951321125030518,7.0,0.9513211250305176
landshuter_allee,xgboost,summer_2024,258,10,7.925711154937744,8.0,0.07428884506225586
landshuter_allee,xgboost,summer_2024,259,10,7.927721977233887,8.0,0.07227802276611328
landshuter_allee,xgboost,summer_2024,260,10,8.503238677978516,10.0,1.4967613220214844
landshuter_allee,xgboost,summer_2024,261,10,9.101037979125977,12.0,2.8989620208740234
landshuter_allee,xgboost,summer_2024,262,10,9.576287269592285,14.0,4.423712730407715
landshuter_allee,xgboost,summer_2024,263,10,8.170149803161621,9.0,0.8298501968383789
landshuter_allee,xgboost,summer_2024,264,11,8.063881874084473,9.0,0.9361181259155273
landshuter_allee,xgboost,summer_2024,265,11,8.661726951599121,10.0,1.338273048400879
landshuter_allee,xgboost,summer_2024,266,11,9.919169425964355,11.0,1.0808305740356445
landshuter_allee,xgboost,summer_2024,267,11,9.728137969970703,9.0,0.7281379699707031
landshuter_allee,xgboost,summer_2024,268,11,9.65259838104248,10.0,0.34740161895751953
landshuter_allee,xgboost,summer_2024,269,11,9.370319366455078,11.0,1.6296806335449219
landshuter_allee,xgboost,summer_2024,270,11,7.750892162322998,7.0,0.750892162322998
landshuter_allee,xgboost,summer_2024,271,11,7.465236663818359,8.0,0.5347633361816406
landshuter_allee,xgboost,summer_2024,272,11,8.078692436218262,9.0,0.9213075637817383
landshuter_allee,xgboost,summer_2024,273,11,7.963610649108887,8.0,0.03638935089111328
landshuter_allee,xgboost,summer_2024,274,11,8.088323593139648,9.0,0.9116764068603516
landshuter_allee,xgboost,summer_2024,275,11,7.203029155731201,6.0,1.2030291557312012
landshuter_allee,xgboost,summer_2024,276,11,6.140905857086182,4.0,2.1409058570861816
landshuter_allee,xgboost,summer_2024,277,11,5.444287300109863,4.0,1.4442873001098633
landshuter_allee,xgboost,summer_2024,278,11,5.11697244644165,4.0,1.1169724464416504
landshuter_allee,xgboost,summer_2024,279,11,4.99793004989624,4.0,0.9979300498962402
landshuter_allee,xgboost,summer_2024,280,11,5.389464855194092,3.0,2.389464855194092
landshuter_allee,xgboost,summer_2024,281,11,5.425812244415283,4.0,1.4258122444152832
landshuter_allee,xgboost,summer_2024,282,11,5.138003826141357,4.0,1.1380038261413574
landshuter_allee,xgboost,summer_2024,283,11,4.8577799797058105,4.0,0.8577799797058105
landshuter_allee,xgboost,summer_2024,284,11,4.359083652496338,5.0,0.6409163475036621
landshuter_allee,xgboost,summer_2024,285,11,3.7203996181488037,4.0,0.2796003818511963
landshuter_allee,xgboost,summer_2024,286,11,2.711085557937622,3.0,0.28891444206237793
landshuter_allee,xgboost,summer_2024,287,11,2.3184919357299805,3.0,0.6815080642700195
landshuter_allee,xgboost,summer_2024,288,12,2.30344295501709,3.0,0.6965570449829102
landshuter_allee,xgboost,summer_2024,289,12,2.2176926136016846,2.0,0.21769261360168457
landshuter_allee,xgboost,summer_2024,290,12,2.122454881668091,2.0,0.12245488166809082
landshuter_allee,xgboost,summer_2024,291,12,2.1331796646118164,2.0,0.1331796646118164
landshuter_allee,xgboost,summer_2024,292,12,2.402585744857788,2.0,0.4025857448577881
landshuter_allee,xgboost,summer_2024,293,12,2.5978963375091553,2.0,0.5978963375091553
landshuter_allee,xgboost,summer_2024,294,12,2.8103599548339844,2.0,0.8103599548339844
landshuter_allee,xgboost,summer_2024,295,12,2.0697669982910156,2.0,0.06976699829101562
landshuter_allee,xgboost,summer_2024,296,12,2.735368251800537,3.0,0.2646317481994629
landshuter_allee,xgboost,summer_2024,297,12,2.6689436435699463,4.0,1.3310563564300537
landshuter_allee,xgboost,summer_2024,298,12,2.6429455280303955,5.0,2.3570544719696045
landshuter_allee,xgboost,summer_2024,299,12,2.836672782897949,5.0,2.163327217102051
landshuter_allee,xgboost,summer_2024,300,12,2.811584711074829,5.0,2.188415288925171
landshuter_allee,xgboost,summer_2024,301,12,2.8820176124572754,5.0,2.1179823875427246
landshuter_allee,xgboost,summer_2024,302,12,3.3921213150024414,6.0,2.6078786849975586
landshuter_allee,xgboost,summer_2024,303,12,3.84626841545105,5.0,1.1537315845489502
landshuter_allee,xgboost,summer_2024,304,12,3.856811761856079,5.0,1.143188238143921
landshuter_allee,xgboost,summer_2024,305,12,4.009521961212158,6.0,1.9904780387878418
landshuter_allee,xgboost,summer_2024,306,12,5.332437992095947,7.0,1.6675620079040527
landshuter_allee,xgboost,summer_2024,307,12,6.521966457366943,8.0,1.4780335426330566
landshuter_allee,xgboost,summer_2024,308,12,6.390037536621094,6.0,0.39003753662109375
landshuter_allee,xgboost,summer_2024,309,12,6.335240840911865,6.0,0.33524084091186523
landshuter_allee,xgboost,summer_2024,310,12,6.210860729217529,6.0,0.2108607292175293
landshuter_allee,xgboost,summer_2024,311,12,6.873398303985596,9.0,2.1266016960144043
landshuter_allee,xgboost,summer_2024,312,13,6.976040840148926,9.0,2.023959159851074
landshuter_allee,xgboost,summer_2024,313,13,7.1212687492370605,6.0,1.1212687492370605
landshuter_allee,xgboost,summer_2024,314,13,7.298367977142334,6.0,1.298367977142334
landshuter_allee,xgboost,summer_2024,315,13,7.1847076416015625,6.0,1.1847076416015625
landshuter_allee,xgboost,summer_2024,316,13,7.54662561416626,6.0,1.5466256141662598
landshuter_allee,xgboost,summer_2024,317,13,8.011563301086426,7.0,1.0115633010864258
landshuter_allee,xgboost,summer_2024,318,13,8.048260688781738,6.0,2.0482606887817383
landshuter_allee,xgboost,summer_2024,319,13,7.330590724945068,6.0,1.3305907249450684
landshuter_allee,xgboost,summer_2024,320,13,6.322020530700684,5.0,1.3220205307006836
landshuter_allee,xgboost,summer_2024,321,13,5.434436798095703,5.0,0.4344367980957031
landshuter_allee,xgboost,summer_2024,322,13,5.255068302154541,5.0,0.255068302154541
landshuter_allee,xgboost,summer_2024,323,13,5.026792526245117,5.0,0.026792526245117188
landshuter_allee,xgboost,summer_2024,324,13,6.009729862213135,6.0,0.009729862213134766
landshuter_allee,xgboost,summer_2024,325,13,6.458189010620117,6.0,0.4581890106201172
landshuter_allee,xgboost,summer_2024,326,13,6.420286178588867,6.0,0.4202861785888672
landshuter_allee,xgboost,summer_2024,327,13,6.3296661376953125,6.0,0.3296661376953125
landshuter_allee,xgboost,summer_2024,328,13,6.23492956161499,5.0,1.2349295616149902
landshuter_allee,xgboost,summer_2024,329,13,6.47544002532959,6.0,0.47544002532958984
landshuter_allee,xgboost,summer_2024,330,13,6.700143337249756,6.0,0.7001433372497559
landshuter_allee,xgboost,summer_2024,331,13,7.483564853668213,8.0,0.5164351463317871
landshuter_allee,xgboost,summer_2024,332,13,8.247127532958984,8.0,0.24712753295898438
landshuter_allee,xgboost,summer_2024,333,13,7.672447681427002,7.0,0.672447681427002
landshuter_allee,xgboost,summer_2024,334,13,7.353785037994385,7.0,0.35378503799438477
landshuter_allee,xgboost,summer_2024,335,13,7.634016513824463,8.0,0.3659834861755371
landshuter_allee,xgboost,summer_2024,336,14,7.69826602935791,7.0,0.6982660293579102
landshuter_allee,xgboost,summer_2024,337,14,7.382740020751953,6.0,1.3827400207519531
landshuter_allee,xgboost,summer_2024,338,14,7.5841217041015625,7.0,0.5841217041015625
landshuter_allee,xgboost,summer_2024,339,14,7.711833477020264,6.0,1.7118334770202637
landshuter_allee,xgboost,summer_2024,340,14,8.476546287536621,7.0,1.476546287536621
landshuter_allee,xgboost,summer_2024,341,14,9.473318099975586,9.0,0.47331809997558594
landshuter_allee,xgboost,summer_2024,342,14,9.246644973754883,8.0,1.2466449737548828
landshuter_allee,xgboost,summer_2024,343,14,7.948143005371094,7.0,0.9481430053710938
landshuter_allee,xgboost,summer_2024,344,14,7.694103240966797,6.0,1.6941032409667969
landshuter_allee,xgboost,summer_2024,345,14,7.419358730316162,6.0,1.419358730316162
landshuter_allee,xgboost,summer_2024,346,14,7.966312885284424,6.0,1.9663128852844238
landshuter_allee,xgboost,summer_2024,347,14,8.121854782104492,7.0,1.1218547821044922
landshuter_allee,xgboost,summer_2024,348,14,8.137760162353516,8.0,0.13776016235351562
landshuter_allee,xgboost,summer_2024,349,14,8.074684143066406,8.0,0.07468414306640625
landshuter_allee,xgboost,summer_2024,350,14,8.182134628295898,9.0,0.8178653717041016
landshuter_allee,xgboost,summer_2024,351,14,8.11431884765625,9.0,0.88568115234375
landshuter_allee,xgboost,summer_2024,352,14,8.530355453491211,9.0,0.46964454650878906
landshuter_allee,xgboost,summer_2024,353,14,9.171066284179688,11.0,1.8289337158203125
landshuter_allee,xgboost,summer_2024,354,14,10.004217147827148,11.0,0.9957828521728516
landshuter_allee,xgboost,summer_2024,355,14,10.750738143920898,11.0,0.24926185607910156
landshuter_allee,xgboost,summer_2024,356,14,11.062427520751953,11.0,0.062427520751953125
landshuter_allee,xgboost,summer_2024,357,14,11.548343658447266,11.0,0.5483436584472656
landshuter_allee,xgboost,summer_2024,358,14,11.433674812316895,12.0,0.5663251876831055
landshuter_allee,xgboost,summer_2024,359,14,9.608315467834473,11.0,1.3916845321655273
landshuter_allee,xgboost,summer_2024,360,15,7.300869941711426,9.0,1.6991300582885742
landshuter_allee,xgboost,summer_2024,361,15,6.1281843185424805,7.0,0.8718156814575195
landshuter_allee,xgboost,summer_2024,362,15,5.629915237426758,7.0,1.3700847625732422
landshuter_allee,xgboost,summer_2024,363,15,6.26789665222168,8.0,1.7321033477783203
landshuter_allee,xgboost,summer_2024,364,15,7.6761932373046875,8.0,0.3238067626953125
landshuter_allee,xgboost,summer_2024,365,15,8.22451400756836,9.0,0.7754859924316406
landshuter_allee,xgboost,summer_2024,366,15,8.46379280090332,11.0,2.5362071990966797
landshuter_allee,xgboost,summer_2024,367,15,8.506421089172363,9.0,0.4935789108276367
landshuter_allee,xgboost,summer_2024,368,15,7.98617696762085,7.0,0.9861769676208496
landshuter_allee,xgboost,summer_2024,369,15,7.689539909362793,9.0,1.310460090637207
landshuter_allee,xgboost,summer_2024,370,15,7.776254177093506,10.0,2.223745822906494
landshuter_allee,xgboost,summer_2024,371,15,7.618245601654053,7.0,0.6182456016540527
landshuter_allee,xgboost,summer_2024,372,15,7.374714374542236,6.0,1.3747143745422363
landshuter_allee,xgboost,summer_2024,373,15,6.743852615356445,6.0,0.7438526153564453
landshuter_allee,xgboost,summer_2024,374,15,6.672131061553955,6.0,0.6721310615539551
landshuter_allee,xgboost,summer_2024,375,15,6.544249057769775,6.0,0.5442490577697754
landshuter_allee,xgboost,summer_2024,376,15,6.606971263885498,6.0,0.606971263885498
landshuter_allee,xgboost,summer_2024,377,15,7.444449424743652,8.0,0.5555505752563477
landshuter_allee,xgboost,summer_2024,378,15,7.712327003479004,8.0,0.2876729965209961
landshuter_allee,xgboost,summer_2024,379,15,7.9372124671936035,8.0,0.06278753280639648
landshuter_allee,xgboost,summer_2024,380,15,8.0413236618042,8.0,0.04132366180419922
landshuter_allee,xgboost,summer_2024,381,15,8.754776954650879,10.0,1.245223045349121
landshuter_allee,xgboost,summer_2024,382,15,8.216185569763184,6.0,2.2161855697631836
landshuter_allee,xgboost,summer_2024,383,15,6.482635974884033,6.0,0.4826359748840332
landshuter_allee,xgboost,summer_2024,384,16,6.375054836273193,7.0,0.6249451637268066
landshuter_allee,xgboost,summer_2024,385,16,6.184600353240967,6.0,0.1846003532409668
landshuter_allee,xgboost,summer_2024,386,16,6.583328723907471,5.0,1.5833287239074707
landshuter_allee,xgboost,summer_2024,387,16,6.058944225311279,4.0,2.0589442253112793
landshuter_allee,xgboost,summer_2024,388,16,5.80555534362793,4.0,1.8055553436279297
landshuter_allee,xgboost,summer_2024,389,16,5.497462272644043,3.0,2.497462272644043
landshuter_allee,xgboost,summer_2024,390,16,4.735743045806885,3.0,1.7357430458068848
landshuter_allee,xgboost,summer_2024,391,16,4.82291841506958,4.0,0.8229184150695801
landshuter_allee,xgboost,summer_2024,392,16,5.113226890563965,4.0,1.1132268905639648
landshuter_allee,xgboost,summer_2024,393,16,5.257066249847412,4.0,1.257066249847412
landshuter_allee,xgboost,summer_2024,394,16,5.051599502563477,5.0,0.05159950256347656
landshuter_allee,xgboost,summer_2024,395,16,5.379227638244629,4.0,1.379227638244629
landshuter_allee,xgboost,summer_2024,396,16,5.134317398071289,4.0,1.134317398071289
landshuter_allee,xgboost,summer_2024,397,16,5.3776726722717285,5.0,0.3776726722717285
landshuter_allee,xgboost,summer_2024,398,16,5.657787322998047,5.0,0.6577873229980469
landshuter_allee,xgboost,summer_2024,399,16,6.423493385314941,6.0,0.4234933853149414
landshuter_allee,xgboost,summer_2024,400,16,6.885356426239014,6.0,0.8853564262390137
landshuter_allee,xgboost,summer_2024,401,16,7.137486457824707,6.0,1.137486457824707
landshuter_allee,xgboost,summer_2024,402,16,7.45527982711792,6.0,1.45527982711792
landshuter_allee,xgboost,summer_2024,403,16,7.97905969619751,7.0,0.9790596961975098
landshuter_allee,xgboost,summer_2024,404,16,8.333518028259277,7.0,1.3335180282592773
landshuter_allee,xgboost,summer_2024,405,16,8.463545799255371,8.0,0.4635457992553711
landshuter_allee,xgboost,summer_2024,406,16,8.599931716918945,8.0,0.5999317169189453
landshuter_allee,xgboost,summer_2024,407,16,8.217798233032227,7.0,1.2177982330322266
landshuter_allee,xgboost,summer_2024,408,17,8.854963302612305,9.0,0.1450366973876953
landshuter_allee,xgboost,summer_2024,409,17,9.611902236938477,10.0,0.38809776306152344
landshuter_allee,xgboost,summer_2024,410,17,10.65047836303711,10.0,0.6504783630371094
landshuter_allee,xgboost,summer_2024,411,17,11.05756664276123,9.0,2.0575666427612305
landshuter_allee,xgboost,summer_2024,412,17,11.39173412322998,9.0,2.3917341232299805
landshuter_allee,xgboost,summer_2024,413,17,11.900776863098145,10.0,1.9007768630981445
landshuter_allee,xgboost,summer_2024,414,17,10.438283920288086,9.0,1.438283920288086
landshuter_allee,xgboost,summer_2024,415,17,8.706062316894531,7.0,1.7060623168945312
landshuter_allee,xgboost,summer_2024,416,17,7.467836380004883,6.0,1.4678363800048828
landshuter_allee,xgboost,summer_2024,417,17,7.567593097686768,6.0,1.5675930976867676
landshuter_allee,xgboost,summer_2024,418,17,7.975093364715576,8.0,0.024906635284423828
landshuter_allee,xgboost,summer_2024,419,17,8.464238166809082,9.0,0.535761833190918
landshuter_allee,xgboost,summer_2024,420,17,8.403580665588379,8.0,0.4035806655883789
landshuter_allee,xgboost,summer_2024,421,17,8.253351211547852,8.0,0.25335121154785156
landshuter_allee,xgboost,summer_2024,422,17,8.012646675109863,8.0,0.012646675109863281
landshuter_allee,xgboost,summer_2024,423,17,8.359288215637207,9.0,0.640711784362793
landshuter_allee,xgboost,summer_2024,424,17,8.731581687927246,10.0,1.268418312072754
landshuter_allee,xgboost,summer_2024,425,17,8.833226203918457,8.0,0.833226203918457
landshuter_allee,xgboost,summer_2024,426,17,8.609561920166016,8.0,0.6095619201660156
landshuter_allee,xgboost,summer_2024,427,17,8.778857231140137,9.0,0.22114276885986328
landshuter_allee,xgboost,summer_2024,428,17,9.562943458557129,9.0,0.5629434585571289
landshuter_allee,xgboost,summer_2024,429,17,11.360869407653809,12.0,0.6391305923461914
landshuter_allee,xgboost,summer_2024,430,17,13.252639770507812,15.0,1.7473602294921875
landshuter_allee,xgboost,summer_2024,431,17,13.960342407226562,15.0,1.0396575927734375
landshuter_allee,xgboost,summer_2024,432,18,14.973509788513184,15.0,0.026490211486816406
landshuter_allee,xgboost,summer_2024,433,18,15.639372825622559,15.0,0.6393728256225586
landshuter_allee,xgboost,summer_2024,434,18,15.985962867736816,15.0,0.9859628677368164
landshuter_allee,xgboost,summer_2024,435,18,16.33115005493164,15.0,1.3311500549316406
landshuter_allee,xgboost,summer_2024,436,18,16.255178451538086,15.0,1.255178451538086
landshuter_allee,xgboost,summer_2024,437,18,16.741363525390625,17.0,0.258636474609375
landshuter_allee,xgboost,summer_2024,438,18,17.527446746826172,18.0,0.4725532531738281
landshuter_allee,xgboost,summer_2024,439,18,16.475778579711914,15.0,1.475778579711914
landshuter_allee,xgboost,summer_2024,440,18,14.341939926147461,12.0,2.341939926147461
landshuter_allee,xgboost,summer_2024,441,18,13.206552505493164,12.0,1.206552505493164
landshuter_allee,xgboost,summer_2024,442,18,12.701268196105957,11.0,1.701268196105957
landshuter_allee,xgboost,summer_2024,443,18,13.285605430603027,12.0,1.2856054306030273
landshuter_allee,xgboost,summer_2024,444,18,13.700772285461426,12.0,1.7007722854614258
landshuter_allee,xgboost,summer_2024,445,18,13.068439483642578,12.0,1.0684394836425781
landshuter_allee,xgboost,summer_2024,446,18,12.10072135925293,11.0,1.1007213592529297
landshuter_allee,xgboost,summer_2024,447,18,11.163857460021973,10.0,1.1638574600219727
landshuter_allee,xgboost,summer_2024,448,18,10.679983139038086,11.0,0.32001686096191406
landshuter_allee,xgboost,summer_2024,449,18,10.85409164428711,11.0,0.14590835571289062
landshuter_allee,xgboost,summer_2024,450,18,12.159514427185059,13.0,0.8404855728149414
landshuter_allee,xgboost,summer_2024,451,18,13.049919128417969,14.0,0.9500808715820312
landshuter_allee,xgboost,summer_2024,452,18,15.865747451782227,16.0,0.13425254821777344
landshuter_allee,xgboost,summer_2024,453,18,17.916208267211914,17.0,0.9162082672119141
landshuter_allee,xgboost,summer_2024,454,18,15.718413352966309,16.0,0.2815866470336914
landshuter_allee,xgboost,summer_2024,455,18,12.051587104797363,11.0,1.0515871047973633
landshuter_allee,xgboost,summer_2024,456,19,10.931988716125488,12.0,1.0680112838745117
landshuter_allee,xgboost,summer_2024,457,19,10.686490058898926,12.0,1.3135099411010742
landshuter_allee,xgboost,summer_2024,458,19,10.309320449829102,12.0,1.6906795501708984
landshuter_allee,xgboost,summer_2024,459,19,10.04338264465332,12.0,1.9566173553466797
landshuter_allee,xgboost,summer_2024,460,19,10.43073558807373,12.0,1.5692644119262695
landshuter_allee,xgboost,summer_2024,461,19,11.255738258361816,13.0,1.7442617416381836
landshuter_allee,xgboost,summer_2024,462,19,11.609786987304688,13.0,1.3902130126953125
landshuter_allee,xgboost,summer_2024,463,19,11.269350051879883,13.0,1.7306499481201172
landshuter_allee,xgboost,summer_2024,464,19,10.355155944824219,11.0,0.6448440551757812
landshuter_allee,xgboost,summer_2024,465,19,10.427471160888672,12.0,1.5725288391113281
landshuter_allee,xgboost,summer_2024,466,19,10.505256652832031,11.0,0.49474334716796875
landshuter_allee,xgboost,summer_2024,467,19,10.707938194274902,11.0,0.29206180572509766
landshuter_allee,xgboost,summer_2024,468,19,10.856301307678223,11.0,0.14369869232177734
landshuter_allee,xgboost,summer_2024,469,19,11.4066743850708,11.0,0.4066743850708008
landshuter_allee,xgboost,summer_2024,470,19,12.908737182617188,14.0,1.0912628173828125
landshuter_allee,xgboost,summer_2024,471,19,12.672477722167969,15.0,2.3275222778320312
landshuter_allee,xgboost,summer_2024,472,19,12.258352279663086,13.0,0.7416477203369141
landshuter_allee,xgboost,summer_2024,473,19,12.088285446166992,15.0,2.911714553833008
landshuter_allee,xgboost,summer_2024,474,19,12.265788078308105,15.0,2.7342119216918945
landshuter_allee,xgboost,summer_2024,475,19,12.908102989196777,15.0,2.0918970108032227
landshuter_allee,xgboost,summer_2024,476,19,13.404683113098145,13.0,0.40468311309814453
landshuter_allee,xgboost,summer_2024,477,19,12.739962577819824,13.0,0.2600374221801758
landshuter_allee,xgboost,summer_2024,478,19,13.296854019165039,14.0,0.7031459808349609
landshuter_allee,xgboost,summer_2024,479,19,13.599323272705078,13.0,0.5993232727050781
landshuter_allee,xgboost,summer_2024,480,20,14.041784286499023,14.0,0.04178428649902344
landshuter_allee,xgboost,summer_2024,481,20,14.34083080291748,15.0,0.6591691970825195
landshuter_allee,xgboost,summer_2024,482,20,14.64990234375,16.0,1.35009765625
landshuter_allee,xgboost,summer_2024,483,20,15.0225830078125,15.0,0.0225830078125
landshuter_allee,xgboost,summer_2024,484,20,14.744492530822754,15.0,0.2555074691772461
landshuter_allee,xgboost,summer_2024,485,20,14.111446380615234,14.0,0.11144638061523438
landshuter_allee,xgboost,summer_2024,486,20,12.672053337097168,14.0,1.327946662902832
landshuter_allee,xgboost,summer_2024,487,20,10.581354141235352,13.0,2.4186458587646484
landshuter_allee,xgboost,summer_2024,488,20,9.49577522277832,12.0,2.5042247772216797
landshuter_allee,xgboost,summer_2024,489,20,10.001667976379395,13.0,2.9983320236206055
landshuter_allee,xgboost,summer_2024,490,20,11.473684310913086,14.0,2.526315689086914
landshuter_allee,xgboost,summer_2024,491,20,11.83973503112793,13.0,1.1602649688720703
landshuter_allee,xgboost,summer_2024,492,20,11.632611274719238,14.0,2.3673887252807617
landshuter_allee,xgboost,summer_2024,493,20,11.423551559448242,12.0,0.5764484405517578
landshuter_allee,xgboost,summer_2024,494,20,11.251399993896484,13.0,1.7486000061035156
landshuter_allee,xgboost,summer_2024,495,20,10.946616172790527,12.0,1.0533838272094727
landshuter_allee,xgboost,summer_2024,496,20,11.371678352355957,12.0,0.628321647644043
landshuter_allee,xgboost,summer_2024,497,20,10.863463401794434,11.0,0.1365365982055664
landshuter_allee,xgboost,summer_2024,498,20,7.907602787017822,6.0,1.9076027870178223
landshuter_allee,xgboost,summer_2024,499,20,7.444070339202881,8.0,0.5559296607971191
landshuter_allee,xgboost,summer_2024,500,20,7.783248424530029,8.0,0.2167515754699707
landshuter_allee,xgboost,summer_2024,501,20,6.767634868621826,6.0,0.7676348686218262
landshuter_allee,xgboost,summer_2024,502,20,5.363952159881592,6.0,0.6360478401184082
landshuter_allee,xgboost,summer_2024,503,20,4.230096817016602,7.0,2.7699031829833984
landshuter_allee,xgboost,summer_2024,504,21,3.8436880111694336,4.0,0.1563119888305664
landshuter_allee,xgboost,summer_2024,505,21,2.5958755016326904,2.0,0.5958755016326904
landshuter_allee,xgboost,summer_2024,506,21,1.7757512331008911,2.0,0.2242487668991089
landshuter_allee,xgboost,summer_2024,507,21,1.5556246042251587,2.0,0.4443753957748413
landshuter_allee,xgboost,summer_2024,508,21,1.9736100435256958,2.0,0.0263899564743042
landshuter_allee,xgboost,summer_2024,509,21,2.950131893157959,4.0,1.049868106842041
landshuter_allee,xgboost,summer_2024,510,21,3.109008550643921,5.0,1.890991449356079
landshuter_allee,xgboost,summer_2024,511,21,3.434129476547241,6.0,2.565870523452759
landshuter_allee,xgboost,summer_2024,512,21,3.936269521713257,7.0,3.063730478286743
landshuter_allee,xgboost,summer_2024,513,21,4.212435245513916,7.0,2.787564754486084
landshuter_allee,xgboost,summer_2024,514,21,5.339975833892822,7.0,1.6600241661071777
landshuter_allee,xgboost,summer_2024,515,21,6.720834255218506,8.0,1.2791657447814941
landshuter_allee,xgboost,summer_2024,516,21,7.419012546539307,7.0,0.41901254653930664
landshuter_allee,xgboost,summer_2024,517,21,8.76913070678711,10.0,1.2308692932128906
landshuter_allee,xgboost,summer_2024,518,21,8.297883987426758,9.0,0.7021160125732422
landshuter_allee,xgboost,summer_2024,519,21,8.164294242858887,10.0,1.8357057571411133
landshuter_allee,xgboost,summer_2024,520,21,9.142985343933105,12.0,2.8570146560668945
landshuter_allee,xgboost,summer_2024,521,21,9.567970275878906,11.0,1.4320297241210938
landshuter_allee,xgboost,summer_2024,522,21,9.924903869628906,10.0,0.07509613037109375
landshuter_allee,xgboost,summer_2024,523,21,8.85623550415039,8.0,0.8562355041503906
landshuter_allee,xgboost,summer_2024,524,21,7.638940334320068,7.0,0.6389403343200684
landshuter_allee,xgboost,summer_2024,525,21,6.02824592590332,6.0,0.028245925903320312
landshuter_allee,xgboost,summer_2024,526,21,5.334348678588867,7.0,1.6656513214111328
landshuter_allee,xgboost,summer_2024,527,21,5.08536958694458,6.0,0.9146304130554199
landshuter_allee,xgboost,summer_2024,528,22,5.328320026397705,6.0,0.6716799736022949
landshuter_allee,xgboost,summer_2024,529,22,4.978331089019775,5.0,0.02166891098022461
landshuter_allee,xgboost,summer_2024,530,22,4.64764928817749,5.0,0.35235071182250977
landshuter_allee,xgboost,summer_2024,531,22,5.186459541320801,6.0,0.8135404586791992
landshuter_allee,xgboost,summer_2024,532,22,5.256515026092529,5.0,0.2565150260925293
landshuter_allee,xgboost,summer_2024,533,22,5.425009727478027,6.0,0.5749902725219727
landshuter_allee,xgboost,summer_2024,534,22,5.916025638580322,7.0,1.0839743614196777
landshuter_allee,xgboost,summer_2024,535,22,6.92441987991333,8.0,1.07558012008667
landshuter_allee,xgboost,summer_2024,536,22,6.391878128051758,6.0,0.3918781280517578
landshuter_allee,xgboost,summer_2024,537,22,6.022915363311768,5.0,1.0229153633117676
landshuter_allee,xgboost,summer_2024,538,22,6.179317951202393,5.0,1.1793179512023926
landshuter_allee,xgboost,summer_2024,539,22,6.775075912475586,6.0,0.7750759124755859
landshuter_allee,xgboost,summer_2024,540,22,6.816559314727783,6.0,0.8165593147277832
landshuter_allee,xgboost,summer_2024,541,22,6.65489387512207,6.0,0.6548938751220703
landshuter_allee,xgboost,summer_2024,542,22,6.93597936630249,7.0,0.06402063369750977
landshuter_allee,xgboost,summer_2024,543,22,6.793482303619385,7.0,0.20651769638061523
landshuter_allee,xgboost,summer_2024,544,22,7.0370283126831055,7.0,0.03702831268310547
landshuter_allee,xgboost,summer_2024,545,22,7.842177391052246,7.0,0.8421773910522461
landshuter_allee,xgboost,summer_2024,546,22,7.964321613311768,7.0,0.9643216133117676
landshuter_allee,xgboost,summer_2024,547,22,8.012070655822754,7.0,1.012070655822754
landshuter_allee,xgboost,summer_2024,548,22,6.062744617462158,5.0,1.0627446174621582
landshuter_allee,xgboost,summer_2024,549,22,6.371791839599609,5.0,1.3717918395996094
landshuter_allee,xgboost,summer_2024,550,22,6.389994144439697,6.0,0.38999414443969727
landshuter_allee,xgboost,summer_2024,551,22,5.970448017120361,7.0,1.0295519828796387
landshuter_allee,xgboost,summer_2024,552,23,5.954480171203613,6.0,0.04551982879638672
landshuter_allee,xgboost,summer_2024,553,23,5.4859538078308105,3.0,2.4859538078308105
landshuter_allee,xgboost,summer_2024,554,23,5.05087423324585,4.0,1.0508742332458496
landshuter_allee,xgboost,summer_2024,555,23,5.304969310760498,4.0,1.304969310760498
landshuter_allee,xgboost,summer_2024,556,23,5.8993659019470215,5.0,0.8993659019470215
landshuter_allee,xgboost,summer_2024,557,23,6.982877731323242,6.0,0.9828777313232422
landshuter_allee,xgboost,summer_2024,558,23,7.5885820388793945,6.0,1.5885820388793945
landshuter_allee,xgboost,summer_2024,559,23,7.316304683685303,5.0,2.3163046836853027
landshuter_allee,xgboost,summer_2024,560,23,6.670645236968994,5.0,1.6706452369689941
landshuter_allee,xgboost,summer_2024,561,23,6.939096450805664,5.0,1.939096450805664
landshuter_allee,xgboost,summer_2024,562,23,6.441956520080566,6.0,0.4419565200805664
landshuter_allee,xgboost,summer_2024,563,23,6.092837333679199,5.0,1.0928373336791992
landshuter_allee,xgboost,summer_2024,564,23,5.836878299713135,5.0,0.8368782997131348
landshuter_allee,xgboost,summer_2024,565,23,5.661175727844238,5.0,0.6611757278442383
landshuter_allee,xgboost,summer_2024,566,23,5.567558288574219,5.0,0.5675582885742188
landshuter_allee,xgboost,summer_2024,567,23,5.729515552520752,5.0,0.729515552520752
landshuter_allee,xgboost,summer_2024,568,23,5.760438919067383,6.0,0.2395610809326172
landshuter_allee,xgboost,summer_2024,569,23,6.27794075012207,6.0,0.2779407501220703
landshuter_allee,xgboost,summer_2024,570,23,6.553779602050781,6.0,0.5537796020507812
landshuter_allee,xgboost,summer_2024,571,23,7.109158515930176,6.0,1.1091585159301758
landshuter_allee,xgboost,summer_2024,572,23,7.664496421813965,7.0,0.6644964218139648
landshuter_allee,xgboost,summer_2024,573,23,7.863779067993164,7.0,0.8637790679931641
landshuter_allee,xgboost,summer_2024,574,23,7.951045513153076,7.0,0.9510455131530762
landshuter_allee,xgboost,summer_2024,575,23,7.7798686027526855,7.0,0.7798686027526855
landshuter_allee,xgboost,summer_2024,576,24,8.107279777526855,7.0,1.1072797775268555
landshuter_allee,xgboost,summer_2024,577,24,8.458635330200195,7.0,1.4586353302001953
landshuter_allee,xgboost,summer_2024,578,24,8.38802433013916,7.0,1.3880243301391602
landshuter_allee,xgboost,summer_2024,579,24,8.348081588745117,7.0,1.3480815887451172
landshuter_allee,xgboost,summer_2024,580,24,8.73059368133545,8.0,0.7305936813354492
landshuter_allee,xgboost,summer_2024,581,24,9.070497512817383,8.0,1.0704975128173828
landshuter_allee,xgboost,summer_2024,582,24,9.210206031799316,9.0,0.2102060317993164
landshuter_allee,xgboost,summer_2024,583,24,8.517245292663574,8.0,0.5172452926635742
landshuter_allee,xgboost,summer_2024,584,24,7.214041709899902,6.0,1.2140417098999023
landshuter_allee,xgboost,summer_2024,585,24,6.585760116577148,6.0,0.5857601165771484
landshuter_allee,xgboost,summer_2024,586,24,6.787388324737549,6.0,0.7873883247375488
landshuter_allee,xgboost,summer_2024,587,24,6.51924467086792,5.0,1.51924467086792
landshuter_allee,xgboost,summer_2024,588,24,6.726182460784912,5.0,1.726182460784912
landshuter_allee,xgboost,summer_2024,589,24,6.445646286010742,5.0,1.4456462860107422
landshuter_allee,xgboost,summer_2024,590,24,6.1632399559021,5.0,1.1632399559020996
landshuter_allee,xgboost,summer_2024,591,24,6.111483097076416,5.0,1.111483097076416
landshuter_allee,xgboost,summer_2024,592,24,5.789809226989746,4.0,1.789809226989746
landshuter_allee,xgboost,summer_2024,593,24,6.16432523727417,5.0,1.16432523727417
landshuter_allee,xgboost,summer_2024,594,24,6.535768032073975,5.0,1.5357680320739746
landshuter_allee,xgboost,summer_2024,595,24,7.206392765045166,5.0,2.206392765045166
landshuter_allee,xgboost,summer_2024,596,24,7.508772373199463,6.0,1.508772373199463
landshuter_allee,xgboost,summer_2024,597,24,8.05202865600586,6.0,2.0520286560058594
landshuter_allee,xgboost,summer_2024,598,24,8.806726455688477,7.0,1.8067264556884766
landshuter_allee,xgboost,summer_2024,599,24,8.435187339782715,7.0,1.4351873397827148
landshuter_allee,xgboost,summer_2024,600,25,9.143050193786621,8.0,1.143050193786621
landshuter_allee,xgboost,summer_2024,601,25,10.47695255279541,9.0,1.4769525527954102
landshuter_allee,xgboost,summer_2024,602,25,11.501955032348633,11.0,0.5019550323486328
landshuter_allee,xgboost,summer_2024,603,25,12.101893424987793,11.0,1.101893424987793
landshuter_allee,xgboost,summer_2024,604,25,12.356354713439941,10.0,2.3563547134399414
landshuter_allee,xgboost,summer_2024,605,25,11.80420970916748,10.0,1.8042097091674805
landshuter_allee,xgboost,summer_2024,606,25,11.33300495147705,11.0,0.3330049514770508
landshuter_allee,xgboost,summer_2024,607,25,9.909886360168457,9.0,0.909886360168457
landshuter_allee,xgboost,summer_2024,608,25,8.847332000732422,8.0,0.8473320007324219
landshuter_allee,xgboost,summer_2024,609,25,9.104244232177734,9.0,0.10424423217773438
landshuter_allee,xgboost,summer_2024,610,25,9.919062614440918,11.0,1.080937385559082
landshuter_allee,xgboost,summer_2024,611,25,9.751823425292969,9.0,0.7518234252929688
landshuter_allee,xgboost,summer_2024,612,25,9.609375953674316,9.0,0.6093759536743164
landshuter_allee,xgboost,summer_2024,613,25,9.563076972961426,9.0,0.5630769729614258
landshuter_allee,xgboost,summer_2024,614,25,9.841365814208984,10.0,0.15863418579101562
landshuter_allee,xgboost,summer_2024,615,25,10.01230239868164,10.0,0.012302398681640625
landshuter_allee,xgboost,summer_2024,616,25,10.473743438720703,10.0,0.4737434387207031
landshuter_allee,xgboost,summer_2024,617,25,10.640643119812012,10.0,0.6406431198120117
landshuter_allee,xgboost,summer_2024,618,25,10.874815940856934,11.0,0.1251840591430664
landshuter_allee,xgboost,summer_2024,619,25,11.336518287658691,11.0,0.3365182876586914
landshuter_allee,xgboost,summer_2024,620,25,12.313769340515137,11.0,1.3137693405151367
landshuter_allee,xgboost,summer_2024,621,25,13.625770568847656,12.0,1.6257705688476562
landshuter_allee,xgboost,summer_2024,622,25,14.214227676391602,11.0,3.2142276763916016
landshuter_allee,xgboost,summer_2024,623,25,13.37354850769043,10.0,3.3735485076904297
landshuter_allee,xgboost,summer_2024,624,26,14.019268035888672,11.0,3.019268035888672
landshuter_allee,xgboost,summer_2024,625,26,15.40432071685791,12.0,3.40432071685791
landshuter_allee,xgboost,summer_2024,626,26,15.845486640930176,14.0,1.8454866409301758
landshuter_allee,xgboost,summer_2024,627,26,16.758716583251953,15.0,1.7587165832519531
landshuter_allee,xgboost,summer_2024,628,26,16.312501907348633,14.0,2.312501907348633
landshuter_allee,xgboost,summer_2024,629,26,16.224584579467773,14.0,2.2245845794677734
landshuter_allee,xgboost,summer_2024,630,26,15.436125755310059,13.0,2.4361257553100586
landshuter_allee,xgboost,summer_2024,631,26,13.24755859375,12.0,1.24755859375
landshuter_allee,xgboost,summer_2024,632,26,11.88670825958252,11.0,0.8867082595825195
landshuter_allee,xgboost,summer_2024,633,26,10.660816192626953,10.0,0.6608161926269531
landshuter_allee,xgboost,summer_2024,634,26,10.53196907043457,10.0,0.5319690704345703
landshuter_allee,xgboost,summer_2024,635,26,10.65377426147461,10.0,0.6537742614746094
landshuter_allee,xgboost,summer_2024,636,26,10.315356254577637,9.0,1.3153562545776367
landshuter_allee,xgboost,summer_2024,637,26,10.042949676513672,9.0,1.0429496765136719
landshuter_allee,xgboost,summer_2024,638,26,10.434606552124023,10.0,0.43460655212402344
landshuter_allee,xgboost,summer_2024,639,26,10.682293891906738,10.0,0.6822938919067383
landshuter_allee,xgboost,summer_2024,640,26,10.646453857421875,11.0,0.353546142578125
landshuter_allee,xgboost,summer_2024,641,26,10.77791976928711,11.0,0.22208023071289062
landshuter_allee,xgboost,summer_2024,642,26,11.384600639343262,12.0,0.6153993606567383
landshuter_allee,xgboost,summer_2024,643,26,13.37205982208252,13.0,0.37205982208251953
landshuter_allee,xgboost,summer_2024,644,26,11.771305084228516,10.0,1.7713050842285156
landshuter_allee,xgboost,summer_2024,645,26,10.767131805419922,10.0,0.7671318054199219
landshuter_allee,xgboost,summer_2024,646,26,10.255013465881348,11.0,0.7449865341186523
landshuter_allee,xgboost,summer_2024,647,26,10.36478328704834,12.0,1.6352167129516602
landshuter_allee,xgboost,summer_2024,648,27,9.961283683776855,11.0,1.0387163162231445
landshuter_allee,xgboost,summer_2024,649,27,9.4823637008667,12.0,2.517636299133301
landshuter_allee,xgboost,summer_2024,650,27,9.1577787399292,14.0,4.842221260070801
landshuter_allee,xgboost,summer_2024,651,27,9.523480415344238,13.0,3.4765195846557617
landshuter_allee,xgboost,summer_2024,652,27,10.750853538513184,13.0,2.2491464614868164
landshuter_allee,xgboost,summer_2024,653,27,11.015130996704102,14.0,2.9848690032958984
landshuter_allee,xgboost,summer_2024,654,27,7.136972427368164,6.0,1.136972427368164
landshuter_allee,xgboost,summer_2024,655,27,4.665045738220215,3.0,1.6650457382202148
landshuter_allee,xgboost,summer_2024,656,27,3.691279649734497,3.0,0.6912796497344971
landshuter_allee,xgboost,summer_2024,657,27,3.1730294227600098,6.0,2.8269705772399902
landshuter_allee,xgboost,summer_2024,658,27,3.747840642929077,6.0,2.252159357070923
landshuter_allee,xgboost,summer_2024,659,27,4.1228556632995605,8.0,3.8771443367004395
landshuter_allee,xgboost,summer_2024,660,27,4.2482147216796875,6.0,1.7517852783203125
landshuter_allee,xgboost,summer_2024,661,27,3.7348639965057373,4.0,0.2651360034942627
landshuter_allee,xgboost,summer_2024,662,27,3.4410109519958496,3.0,0.4410109519958496
landshuter_allee,xgboost,summer_2024,663,27,3.1223275661468506,3.0,0.12232756614685059
landshuter_allee,xgboost,summer_2024,664,27,3.5805513858795166,4.0,0.4194486141204834
landshuter_allee,xgboost,summer_2024,665,27,3.277798652648926,4.0,0.7222013473510742
landshuter_allee,xgboost,summer_2024,666,27,3.7136404514312744,5.0,1.2863595485687256
landshuter_allee,xgboost,summer_2024,667,27,3.8956503868103027,5.0,1.1043496131896973
landshuter_allee,xgboost,summer_2024,668,27,4.2650370597839355,5.0,0.7349629402160645
landshuter_allee,xgboost,summer_2024,669,27,5.535216331481934,6.0,0.4647836685180664
landshuter_allee,xgboost,summer_2024,670,27,6.939253330230713,7.0,0.06074666976928711
landshuter_allee,xgboost,summer_2024,671,27,7.3385539054870605,8.0,0.6614460945129395
landshuter_allee,xgboost,summer_2024,672,28,8.68082332611084,10.0,1.3191766738891602
landshuter_allee,xgboost,summer_2024,673,28,9.166962623596191,10.0,0.8330373764038086
landshuter_allee,xgboost,summer_2024,674,28,9.313252449035645,11.0,1.6867475509643555
landshuter_allee,xgboost,summer_2024,675,28,9.561912536621094,11.0,1.4380874633789062
landshuter_allee,xgboost,summer_2024,676,28,9.81934928894043,11.0,1.1806507110595703
landshuter_allee,xgboost,summer_2024,677,28,9.983993530273438,11.0,1.0160064697265625
landshuter_allee,xgboost,summer_2024,678,28,10.080251693725586,12.0,1.919748306274414
landshuter_allee,xgboost,summer_2024,679,28,7.45026159286499,7.0,0.45026159286499023
landshuter_allee,xgboost,summer_2024,680,28,6.346251964569092,5.0,1.3462519645690918
landshuter_allee,xgboost,summer_2024,681,28,6.319602966308594,6.0,0.31960296630859375
landshuter_allee,xgboost,summer_2024,682,28,6.609222412109375,6.0,0.609222412109375
landshuter_allee,xgboost,summer_2024,683,28,6.723800182342529,7.0,0.2761998176574707
landshuter_allee,xgboost,summer_2024,684,28,6.619267463684082,7.0,0.38073253631591797
landshuter_allee,xgboost,summer_2024,685,28,6.442638397216797,7.0,0.5573616027832031
landshuter_allee,xgboost,summer_2024,686,28,6.147410869598389,6.0,0.14741086959838867
landshuter_allee,xgboost,summer_2024,687,28,5.851470947265625,6.0,0.148529052734375
landshuter_allee,xgboost,summer_2024,688,28,5.769797325134277,5.0,0.7697973251342773
landshuter_allee,xgboost,summer_2024,689,28,5.659839153289795,5.0,0.6598391532897949
landshuter_allee,xgboost,summer_2024,690,28,5.9957146644592285,5.0,0.9957146644592285
landshuter_allee,xgboost,summer_2024,691,28,6.601412296295166,6.0,0.601412296295166
landshuter_allee,xgboost,summer_2024,692,28,7.790188789367676,7.0,0.7901887893676758
landshuter_allee,xgboost,summer_2024,693,28,9.523713111877441,8.0,1.5237131118774414
landshuter_allee,xgboost,summer_2024,694,28,10.175271034240723,8.0,2.1752710342407227
landshuter_allee,xgboost,summer_2024,695,28,9.986893653869629,8.0,1.986893653869629
landshuter_allee,xgboost,summer_2024,696,29,9.923559188842773,9.0,0.9235591888427734
landshuter_allee,xgboost,summer_2024,697,29,9.820149421691895,10.0,0.17985057830810547
landshuter_allee,xgboost,summer_2024,698,29,9.907105445861816,10.0,0.0928945541381836
landshuter_allee,xgboost,summer_2024,699,29,9.791645050048828,10.0,0.20835494995117188
landshuter_allee,xgboost,summer_2024,700,29,11.296749114990234,12.0,0.7032508850097656
landshuter_allee,xgboost,summer_2024,701,29,16.121599197387695,14.0,2.1215991973876953
landshuter_allee,xgboost,summer_2024,702,29,16.550403594970703,13.0,3.550403594970703
landshuter_allee,xgboost,summer_2024,703,29,13.421156883239746,10.0,3.421156883239746
landshuter_allee,xgboost,summer_2024,704,29,11.038575172424316,8.0,3.0385751724243164
landshuter_allee,xgboost,summer_2024,705,29,10.355944633483887,9.0,1.3559446334838867
landshuter_allee,xgboost,summer_2024,706,29,10.388007164001465,9.0,1.3880071640014648
landshuter_allee,xgboost,summer_2024,707,29,10.056295394897461,9.0,1.056295394897461
landshuter_allee,xgboost,summer_2024,708,29,9.798885345458984,9.0,0.7988853454589844
landshuter_allee,xgboost,summer_2024,709,29,9.124255180358887,8.0,1.1242551803588867
landshuter_allee,xgboost,summer_2024,710,29,9.38794231414795,9.0,0.3879423141479492
landshuter_allee,xgboost,summer_2024,711,29,9.516274452209473,9.0,0.5162744522094727
landshuter_allee,xgboost,summer_2024,712,29,9.724748611450195,9.0,0.7247486114501953
landshuter_allee,xgboost,summer_2024,713,29,9.683405876159668,9.0,0.683405876159668
landshuter_allee,xgboost,summer_2024,714,29,10.044723510742188,9.0,1.0447235107421875
landshuter_allee,xgboost,summer_2024,715,29,11.247727394104004,10.0,1.247727394104004
landshuter_allee,xgboost,summer_2024,716,29,13.05290699005127,11.0,2.0529069900512695
landshuter_allee,xgboost,summer_2024,717,29,14.871123313903809,13.0,1.8711233139038086
landshuter_allee,xgboost,summer_2024,718,29,17.856653213500977,15.0,2.8566532135009766
landshuter_allee,xgboost,summer_2024,719,29,19.062891006469727,17.0,2.0628910064697266
landshuter_allee,xgboost,summer_2024,720,30,19.119802474975586,16.0,3.119802474975586
landshuter_allee,xgboost,summer_2024,721,30,17.49359893798828,13.0,4.493598937988281
landshuter_allee,xgboost,summer_2024,722,30,16.508533477783203,13.0,3.508533477783203
landshuter_allee,xgboost,summer_2024,723,30,16.238004684448242,13.0,3.238004684448242
landshuter_allee,xgboost,summer_2024,724,30,22.364906311035156,15.0,7.364906311035156
landshuter_allee,xgboost,summer_2024,725,30,25.704153060913086,15.0,10.704153060913086
landshuter_allee,xgboost,summer_2024,726,30,24.03370475769043,15.0,9.03370475769043
landshuter_allee,xgboost,summer_2024,727,30,27.40782928466797,15.0,12.407829284667969
landshuter_allee,xgboost,summer_2024,728,30,26.750043869018555,12.0,14.750043869018555
landshuter_allee,xgboost,summer_2024,729,30,22.77981185913086,11.0,11.77981185913086
landshuter_allee,xgboost,summer_2024,730,30,21.88785171508789,12.0,9.88785171508789
landshuter_allee,xgboost,summer_2024,731,30,20.690393447875977,12.0,8.690393447875977
landshuter_allee,xgboost,summer_2024,732,30,20.845535278320312,11.0,9.845535278320312
landshuter_allee,xgboost,summer_2024,733,30,20.081974029541016,11.0,9.081974029541016
landshuter_allee,xgboost,summer_2024,734,30,18.223831176757812,11.0,7.2238311767578125
landshuter_allee,xgboost,summer_2024,735,30,17.610897064208984,11.0,6.610897064208984
landshuter_allee,xgboost,summer_2024,736,30,17.430341720581055,11.0,6.430341720581055
landshuter_allee,xgboost,summer_2024,737,30,17.670448303222656,11.0,6.670448303222656
landshuter_allee,xgboost,summer_2024,738,30,17.586336135864258,13.0,4.586336135864258
landshuter_allee,xgboost,summer_2024,739,30,18.951175689697266,14.0,4.951175689697266
landshuter_allee,xgboost,summer_2024,740,30,12.297297477722168,8.0,4.297297477722168
landshuter_allee,xgboost,summer_2024,741,30,7.239405155181885,5.0,2.2394051551818848
landshuter_allee,xgboost,summer_2024,742,30,6.103028297424316,5.0,1.1030282974243164
landshuter_allee,xgboost,summer_2024,743,30,5.0240654945373535,4.0,1.0240654945373535
landshuter_allee,xgboost,summer_2024,744,31,4.653986930847168,4.0,0.653986930847168
landshuter_allee,xgboost,summer_2024,745,31,4.8644843101501465,4.0,0.8644843101501465
landshuter_allee,xgboost,summer_2024,746,31,5.174224853515625,4.0,1.174224853515625
landshuter_allee,xgboost,summer_2024,747,31,5.319421768188477,4.0,1.3194217681884766
landshuter_allee,xgboost,summer_2024,748,31,5.872007369995117,5.0,0.8720073699951172
landshuter_allee,xgboost,summer_2024,749,31,6.86168098449707,7.0,0.1383190155029297
landshuter_allee,xgboost,summer_2024,750,31,7.768701076507568,7.0,0.7687010765075684
landshuter_allee,xgboost,summer_2024,751,31,8.888504981994629,7.0,1.888504981994629
landshuter_allee,xgboost,summer_2024,752,31,9.584010124206543,7.0,2.584010124206543
landshuter_allee,xgboost,summer_2024,753,31,10.332216262817383,7.0,3.332216262817383
landshuter_allee,xgboost,summer_2024,754,31,11.298328399658203,8.0,3.298328399658203
landshuter_allee,xgboost,summer_2024,755,31,11.95659351348877,8.0,3.9565935134887695
landshuter_allee,xgboost,summer_2024,756,31,12.419475555419922,10.0,2.419475555419922
landshuter_allee,xgboost,summer_2024,757,31,11.878641128540039,9.0,2.878641128540039
landshuter_allee,xgboost,summer_2024,758,31,9.896601676940918,7.0,2.896601676940918
landshuter_allee,xgboost,summer_2024,759,31,9.156416893005371,7.0,2.156416893005371
landshuter_allee,xgboost,summer_2024,760,31,9.555486679077148,8.0,1.5554866790771484
landshuter_allee,xgboost,summer_2024,761,31,10.384624481201172,9.0,1.3846244812011719
landshuter_allee,xgboost,summer_2024,762,31,11.107442855834961,10.0,1.107442855834961
landshuter_allee,xgboost,summer_2024,763,31,11.852533340454102,11.0,0.8525333404541016
landshuter_allee,xgboost,summer_2024,764,31,11.656460762023926,10.0,1.6564607620239258
landshuter_allee,xgboost,summer_2024,765,31,11.624673843383789,10.0,1.624673843383789
landshuter_allee,xgboost,summer_2024,766,31,11.777740478515625,10.0,1.777740478515625
landshuter_allee,xgboost,summer_2024,767,31,10.132495880126953,7.0,3.132495880126953
landshuter_allee,xgboost,summer_2024,768,32,9.088863372802734,7.0,2.0888633728027344
landshuter_allee,xgboost,summer_2024,769,32,9.357020378112793,9.0,0.35702037811279297
landshuter_allee,xgboost,summer_2024,770,32,18.972776412963867,27.0,8.027223587036133
landshuter_allee,xgboost,summer_2024,771,32,16.590721130371094,11.0,5.590721130371094
landshuter_allee,xgboost,summer_2024,772,32,14.683981895446777,12.0,2.6839818954467773
landshuter_allee,xgboost,summer_2024,773,32,14.882197380065918,13.0,1.882197380065918
landshuter_allee,xgboost,summer_2024,774,32,15.561156272888184,15.0,0.5611562728881836
landshuter_allee,xgboost,summer_2024,775,32,15.130084991455078,11.0,4.130084991455078
landshuter_allee,xgboost,summer_2024,776,32,12.539067268371582,8.0,4.539067268371582
landshuter_allee,xgboost,summer_2024,777,32,10.946584701538086,8.0,2.946584701538086
landshuter_allee,xgboost,summer_2024,778,32,9.886873245239258,8.0,1.8868732452392578
landshuter_allee,xgboost,summer_2024,779,32,8.573554039001465,7.0,1.5735540390014648
landshuter_allee,xgboost,summer_2024,780,32,8.409393310546875,7.0,1.409393310546875
landshuter_allee,xgboost,summer_2024,781,32,8.417620658874512,8.0,0.4176206588745117
landshuter_allee,xgboost,summer_2024,782,32,8.809093475341797,8.0,0.8090934753417969
landshuter_allee,xgboost,summer_2024,783,32,8.694857597351074,7.0,1.6948575973510742
landshuter_allee,xgboost,summer_2024,784,32,8.392106056213379,7.0,1.392106056213379
landshuter_allee,xgboost,summer_2024,785,32,8.5137300491333,8.0,0.5137300491333008
landshuter_allee,xgboost,summer_2024,786,32,8.64865493774414,8.0,0.6486549377441406
landshuter_allee,xgboost,summer_2024,787,32,7.80116605758667,7.0,0.8011660575866699
landshuter_allee,xgboost,summer_2024,788,32,6.836920738220215,5.0,1.8369207382202148
landshuter_allee,xgboost,summer_2024,789,32,6.522501468658447,5.0,1.5225014686584473
landshuter_allee,xgboost,summer_2024,790,32,6.768936634063721,6.0,0.7689366340637207
landshuter_allee,xgboost,summer_2024,791,32,7.02901029586792,7.0,0.029010295867919922
landshuter_allee,xgboost,summer_2024,792,33,7.470698833465576,7.0,0.47069883346557617
landshuter_allee,xgboost,summer_2024,793,33,8.210715293884277,8.0,0.21071529388427734
landshuter_allee,xgboost,summer_2024,794,33,8.035592079162598,8.0,0.035592079162597656
landshuter_allee,xgboost,summer_2024,795,33,6.947500228881836,5.0,1.947500228881836
landshuter_allee,xgboost,summer_2024,796,33,5.931474685668945,5.0,0.9314746856689453
landshuter_allee,xgboost,summer_2024,797,33,5.95808744430542,5.0,0.9580874443054199
landshuter_allee,xgboost,summer_2024,798,33,5.946872711181641,5.0,0.9468727111816406
landshuter_allee,xgboost,summer_2024,799,33,5.466355323791504,6.0,0.5336446762084961
landshuter_allee,xgboost,summer_2024,800,33,5.150994777679443,6.0,0.8490052223205566
landshuter_allee,xgboost,summer_2024,801,33,6.227633953094482,8.0,1.7723660469055176
landshuter_allee,xgboost,summer_2024,802,33,7.319757461547852,8.0,0.6802425384521484
landshuter_allee,xgboost,summer_2024,803,33,7.905496597290039,7.0,0.9054965972900391
landshuter_allee,xgboost,summer_2024,804,33,8.353876113891602,7.0,1.3538761138916016
landshuter_allee,xgboost,summer_2024,805,33,8.022887229919434,7.0,1.0228872299194336
landshuter_allee,xgboost,summer_2024,806,33,7.627472877502441,7.0,0.6274728775024414
landshuter_allee,xgboost,summer_2024,807,33,8.497408866882324,8.0,0.4974088668823242
landshuter_allee,xgboost,summer_2024,808,33,8.522065162658691,9.0,0.4779348373413086
landshuter_allee,xgboost,summer_2024,809,33,8.271956443786621,8.0,0.2719564437866211
landshuter_allee,xgboost,summer_2024,810,33,8.937697410583496,10.0,1.062302589416504
landshuter_allee,xgboost,summer_2024,811,33,11.10938549041748,13.0,1.8906145095825195
landshuter_allee,xgboost,summer_2024,812,33,12.65263843536377,13.0,0.34736156463623047
landshuter_allee,xgboost,summer_2024,813,33,12.90053653717041,13.0,0.09946346282958984
landshuter_allee,xgboost,summer_2024,814,33,12.2330961227417,12.0,0.23309612274169922
landshuter_allee,xgboost,summer_2024,815,33,11.89860725402832,12.0,0.10139274597167969
landshuter_allee,xgboost,summer_2024,816,34,12.199979782104492,12.0,0.1999797821044922
landshuter_allee,xgboost,summer_2024,817,34,11.988471984863281,12.0,0.01152801513671875
landshuter_allee,xgboost,summer_2024,818,34,8.063302993774414,4.0,4.063302993774414
landshuter_allee,xgboost,summer_2024,819,34,6.214151859283447,5.0,1.2141518592834473
landshuter_allee,xgboost,summer_2024,820,34,7.028029441833496,7.0,0.028029441833496094
landshuter_allee,xgboost,summer_2024,821,34,7.42575740814209,8.0,0.5742425918579102
landshuter_allee,xgboost,summer_2024,822,34,7.450282096862793,7.0,0.45028209686279297
landshuter_allee,xgboost,summer_2024,823,34,8.184807777404785,7.0,1.1848077774047852
landshuter_allee,xgboost,summer_2024,824,34,7.899817943572998,7.0,0.899817943572998
landshuter_allee,xgboost,summer_2024,825,34,7.633201599121094,7.0,0.6332015991210938
landshuter_allee,xgboost,summer_2024,826,34,8.045323371887207,8.0,0.04532337188720703
landshuter_allee,xgboost,summer_2024,827,34,8.340497970581055,8.0,0.3404979705810547
landshuter_allee,xgboost,summer_2024,828,34,8.45076847076416,9.0,0.5492315292358398
landshuter_allee,xgboost,summer_2024,829,34,8.282052040100098,9.0,0.7179479598999023
landshuter_allee,xgboost,summer_2024,830,34,7.778591632843018,8.0,0.22140836715698242
landshuter_allee,xgboost,summer_2024,831,34,7.864382266998291,8.0,0.13561773300170898
landshuter_allee,xgboost,summer_2024,832,34,8.119816780090332,8.0,0.11981678009033203
landshuter_allee,xgboost,summer_2024,833,34,8.24758529663086,9.0,0.7524147033691406
landshuter_allee,xgboost,summer_2024,834,34,8.150117874145508,9.0,0.8498821258544922
landshuter_allee,xgboost,summer_2024,835,34,8.166296005249023,9.0,0.8337039947509766
landshuter_allee,xgboost,summer_2024,836,34,8.308666229248047,9.0,0.6913337707519531
landshuter_allee,xgboost,summer_2024,837,34,8.194369316101074,10.0,1.8056306838989258
landshuter_allee,xgboost,summer_2024,838,34,7.822849750518799,9.0,1.1771502494812012
landshuter_allee,xgboost,summer_2024,839,34,7.865573406219482,9.0,1.1344265937805176
landshuter_allee,xgboost,summer_2024,840,35,7.575060844421387,6.0,1.5750608444213867
landshuter_allee,xgboost,summer_2024,841,35,7.758630752563477,6.0,1.7586307525634766
landshuter_allee,xgboost,summer_2024,842,35,7.95847225189209,6.0,1.9584722518920898
landshuter_allee,xgboost,summer_2024,843,35,7.841823577880859,6.0,1.8418235778808594
landshuter_allee,xgboost,summer_2024,844,35,7.93625545501709,6.0,1.9362554550170898
landshuter_allee,xgboost,summer_2024,845,35,7.777059555053711,6.0,1.777059555053711
landshuter_allee,xgboost,summer_2024,846,35,8.091197967529297,6.0,2.091197967529297
landshuter_allee,xgboost,summer_2024,847,35,6.577479362487793,4.0,2.577479362487793
landshuter_allee,xgboost,summer_2024,848,35,5.4888505935668945,3.0,2.4888505935668945
landshuter_allee,xgboost,summer_2024,849,35,4.769221305847168,3.0,1.769221305847168
landshuter_allee,xgboost,summer_2024,850,35,4.9244465827941895,3.0,1.9244465827941895
landshuter_allee,xgboost,summer_2024,851,35,5.08048677444458,4.0,1.08048677444458
landshuter_allee,xgboost,summer_2024,852,35,5.618819236755371,5.0,0.6188192367553711
landshuter_allee,xgboost,summer_2024,853,35,6.135004997253418,5.0,1.135004997253418
landshuter_allee,xgboost,summer_2024,854,35,6.028804779052734,5.0,1.0288047790527344
landshuter_allee,xgboost,summer_2024,855,35,6.071767330169678,6.0,0.07176733016967773
landshuter_allee,xgboost,summer_2024,856,35,6.2726593017578125,6.0,0.2726593017578125
landshuter_allee,xgboost,summer_2024,857,35,6.680576324462891,6.0,0.6805763244628906
landshuter_allee,xgboost,summer_2024,858,35,6.831982135772705,6.0,0.8319821357727051
landshuter_allee,xgboost,summer_2024,859,35,7.0811381340026855,6.0,1.0811381340026855
landshuter_allee,xgboost,summer_2024,860,35,10.08190631866455,9.0,1.0819063186645508
landshuter_allee,xgboost,summer_2024,861,35,12.601922035217285,10.0,2.601922035217285
landshuter_allee,xgboost,summer_2024,862,35,12.8933687210083,10.0,2.893368721008301
landshuter_allee,xgboost,summer_2024,863,35,12.44916820526123,8.0,4.4491682052612305
landshuter_allee,xgboost,summer_2024,864,36,11.461758613586426,9.0,2.461758613586426
landshuter_allee,xgboost,summer_2024,865,36,11.557601928710938,10.0,1.5576019287109375
landshuter_allee,xgboost,summer_2024,866,36,11.643091201782227,11.0,0.6430912017822266
landshuter_allee,xgboost,summer_2024,867,36,11.350379943847656,11.0,0.35037994384765625
landshuter_allee,xgboost,summer_2024,868,36,11.277705192565918,11.0,0.27770519256591797
landshuter_allee,xgboost,summer_2024,869,36,11.639201164245605,12.0,0.36079883575439453
landshuter_allee,xgboost,summer_2024,870,36,12.138741493225098,13.0,0.8612585067749023
landshuter_allee,xgboost,summer_2024,871,36,10.903937339782715,12.0,1.0960626602172852
landshuter_allee,xgboost,summer_2024,872,36,9.594562530517578,9.0,0.5945625305175781
landshuter_allee,xgboost,summer_2024,873,36,8.522369384765625,8.0,0.522369384765625
landshuter_allee,xgboost,summer_2024,874,36,8.359756469726562,8.0,0.3597564697265625
landshuter_allee,xgboost,summer_2024,875,36,8.423828125,9.0,0.576171875
landshuter_allee,xgboost,summer_2024,876,36,8.648985862731934,9.0,0.3510141372680664
landshuter_allee,xgboost,summer_2024,877,36,8.310774803161621,8.0,0.3107748031616211
landshuter_allee,xgboost,summer_2024,878,36,7.775677680969238,8.0,0.22432231903076172
landshuter_allee,xgboost,summer_2024,879,36,7.5662360191345215,7.0,0.5662360191345215
landshuter_allee,xgboost,summer_2024,880,36,7.35837984085083,7.0,0.3583798408508301
landshuter_allee,xgboost,summer_2024,881,36,7.351557731628418,6.0,1.351557731628418
landshuter_allee,xgboost,summer_2024,882,36,7.375887870788574,6.0,1.3758878707885742
landshuter_allee,xgboost,summer_2024,883,36,8.007726669311523,7.0,1.0077266693115234
landshuter_allee,xgboost,summer_2024,884,36,9.226635932922363,9.0,0.22663593292236328
landshuter_allee,xgboost,summer_2024,885,36,9.485188484191895,10.0,0.5148115158081055
landshuter_allee,xgboost,summer_2024,886,36,9.7744140625,10.0,0.2255859375
landshuter_allee,xgboost,summer_2024,887,36,9.017950057983398,9.0,0.017950057983398438
landshuter_allee,xgboost,summer_2024,888,37,9.72270393371582,10.0,0.2772960662841797
landshuter_allee,xgboost,summer_2024,889,37,9.817732810974121,10.0,0.1822671890258789
landshuter_allee,xgboost,summer_2024,890,37,9.943343162536621,10.0,0.056656837463378906
landshuter_allee,xgboost,summer_2024,891,37,10.745408058166504,11.0,0.2545919418334961
landshuter_allee,xgboost,summer_2024,892,37,11.50048828125,12.0,0.49951171875
landshuter_allee,xgboost,summer_2024,893,37,12.505619049072266,12.0,0.5056190490722656
landshuter_allee,xgboost,summer_2024,894,37,13.48557186126709,13.0,0.48557186126708984
landshuter_allee,xgboost,summer_2024,895,37,12.981832504272461,12.0,0.9818325042724609
landshuter_allee,xgboost,summer_2024,896,37,12.606329917907715,11.0,1.6063299179077148
landshuter_allee,xgboost,summer_2024,897,37,12.707188606262207,10.0,2.707188606262207
landshuter_allee,xgboost,summer_2024,898,37,12.769081115722656,10.0,2.7690811157226562
landshuter_allee,xgboost,summer_2024,899,37,12.389934539794922,10.0,2.389934539794922
landshuter_allee,xgboost,summer_2024,900,37,11.788000106811523,12.0,0.21199989318847656
landshuter_allee,xgboost,summer_2024,901,37,9.803868293762207,10.0,0.19613170623779297
landshuter_allee,xgboost,summer_2024,902,37,7.292816638946533,7.0,0.2928166389465332
landshuter_allee,xgboost,summer_2024,903,37,6.781379222869873,6.0,0.781379222869873
landshuter_allee,xgboost,summer_2024,904,37,6.1045308113098145,5.0,1.1045308113098145
landshuter_allee,xgboost,summer_2024,905,37,6.085113048553467,5.0,1.0851130485534668
landshuter_allee,xgboost,summer_2024,906,37,6.191526412963867,5.0,1.1915264129638672
landshuter_allee,xgboost,summer_2024,907,37,7.093193054199219,6.0,1.0931930541992188
landshuter_allee,xgboost,summer_2024,908,37,7.607118129730225,7.0,0.6071181297302246
landshuter_allee,xgboost,summer_2024,909,37,7.747323989868164,8.0,0.25267601013183594
landshuter_allee,xgboost,summer_2024,910,37,6.96334981918335,6.0,0.9633498191833496
landshuter_allee,xgboost,summer_2024,911,37,5.781740188598633,5.0,0.7817401885986328
landshuter_allee,xgboost,summer_2024,912,38,5.8241095542907715,5.0,0.8241095542907715
landshuter_allee,xgboost,summer_2024,913,38,6.2639546394348145,5.0,1.2639546394348145
landshuter_allee,xgboost,summer_2024,914,38,6.112835884094238,5.0,1.1128358840942383
landshuter_allee,xgboost,summer_2024,915,38,5.881260395050049,5.0,0.8812603950500488
landshuter_allee,xgboost,summer_2024,916,38,6.144876956939697,6.0,0.14487695693969727
landshuter_allee,xgboost,summer_2024,917,38,6.96992826461792,7.0,0.030071735382080078
landshuter_allee,xgboost,summer_2024,918,38,7.7017011642456055,7.0,0.7017011642456055
landshuter_allee,xgboost,summer_2024,919,38,7.579514026641846,5.0,2.5795140266418457
landshuter_allee,xgboost,summer_2024,920,38,8.685487747192383,9.0,0.3145122528076172
landshuter_allee,xgboost,summer_2024,921,38,9.058894157409668,9.0,0.05889415740966797
landshuter_allee,xgboost,summer_2024,922,38,9.273796081542969,8.0,1.2737960815429688
landshuter_allee,xgboost,summer_2024,923,38,9.516740798950195,8.0,1.5167407989501953
landshuter_allee,xgboost,summer_2024,924,38,9.886252403259277,8.0,1.8862524032592773
landshuter_allee,xgboost,summer_2024,925,38,9.285970687866211,7.0,2.285970687866211
landshuter_allee,xgboost,summer_2024,926,38,9.48591136932373,8.0,1.4859113693237305
landshuter_allee,xgboost,summer_2024,927,38,9.17076301574707,8.0,1.1707630157470703
landshuter_allee,xgboost,summer_2024,928,38,8.077653884887695,6.0,2.0776538848876953
landshuter_allee,xgboost,summer_2024,929,38,7.682891368865967,7.0,0.6828913688659668
landshuter_allee,xgboost,summer_2024,930,38,8.319655418395996,10.0,1.680344581604004
landshuter_allee,xgboost,summer_2024,931,38,9.087682723999023,11.0,1.9123172760009766
landshuter_allee,xgboost,summer_2024,932,38,10.383857727050781,11.0,0.6161422729492188
landshuter_allee,xgboost,summer_2024,933,38,10.12382984161377,9.0,1.1238298416137695
landshuter_allee,xgboost,summer_2024,934,38,10.636567115783691,9.0,1.6365671157836914
landshuter_allee,xgboost,summer_2024,935,38,9.914758682250977,9.0,0.9147586822509766
landshuter_allee,xgboost,summer_2024,936,39,10.103865623474121,8.5,1.603865623474121
landshuter_allee,xgboost,summer_2024,937,39,10.492834091186523,8.0,2.4928340911865234
landshuter_allee,xgboost,summer_2024,938,39,10.731739044189453,7.0,3.731739044189453
landshuter_allee,xgboost,summer_2024,939,39,9.804317474365234,8.0,1.8043174743652344
landshuter_allee,xgboost,summer_2024,940,39,10.032781600952148,8.0,2.0327816009521484
landshuter_allee,xgboost,summer_2024,941,39,10.756338119506836,9.0,1.756338119506836
landshuter_allee,xgboost,summer_2024,942,39,9.946734428405762,9.0,0.9467344284057617
landshuter_allee,xgboost,summer_2024,943,39,9.19884204864502,8.0,1.1988420486450195
landshuter_allee,xgboost,summer_2024,944,39,7.098400115966797,6.0,1.0984001159667969
landshuter_allee,xgboost,summer_2024,945,39,7.113509654998779,7.0,0.1135096549987793
landshuter_allee,xgboost,summer_2024,946,39,7.0211381912231445,6.0,1.0211381912231445
landshuter_allee,xgboost,summer_2024,947,39,7.135854244232178,6.0,1.1358542442321777
landshuter_allee,xgboost,summer_2024,948,39,7.574129581451416,7.0,0.574129581451416
landshuter_allee,xgboost,summer_2024,949,39,7.332591533660889,6.0,1.3325915336608887
landshuter_allee,xgboost,summer_2024,950,39,6.858638763427734,5.0,1.8586387634277344
landshuter_allee,xgboost,summer_2024,951,39,6.522708415985107,5.0,1.5227084159851074
landshuter_allee,xgboost,summer_2024,952,39,6.298321723937988,5.0,1.2983217239379883
landshuter_allee,xgboost,summer_2024,953,39,6.6141252517700195,6.0,0.6141252517700195
landshuter_allee,xgboost,summer_2024,954,39,7.180144786834717,6.0,1.1801447868347168
landshuter_allee,xgboost,summer_2024,955,39,8.642586708068848,7.0,1.6425867080688477
landshuter_allee,xgboost,summer_2024,956,39,10.508673667907715,11.0,0.49132633209228516
landshuter_allee,xgboost,summer_2024,957,39,10.913098335266113,12.0,1.0869016647338867
landshuter_allee,xgboost,summer_2024,958,39,9.735566139221191,9.0,0.7355661392211914
landshuter_allee,xgboost,summer_2024,959,39,8.896230697631836,8.0,0.8962306976318359
landshuter_allee,xgboost,summer_2024,960,40,8.26718521118164,7.0,1.2671852111816406
landshuter_allee,xgboost,summer_2024,961,40,7.778451442718506,8.0,0.22154855728149414
landshuter_allee,xgboost,summer_2024,962,40,7.51495885848999,7.0,0.5149588584899902
landshuter_allee,xgboost,summer_2024,963,40,7.284883975982666,7.0,0.284883975982666
landshuter_allee,xgboost,summer_2024,964,40,7.491494655609131,7.0,0.49149465560913086
landshuter_allee,xgboost,summer_2024,965,40,8.040634155273438,7.0,1.0406341552734375
landshuter_allee,xgboost,summer_2024,966,40,8.27462100982666,7.0,1.2746210098266602
landshuter_allee,xgboost,summer_2024,967,40,7.782729625701904,7.0,0.7827296257019043
landshuter_allee,xgboost,summer_2024,968,40,7.598824501037598,6.0,1.5988245010375977
landshuter_allee,xgboost,summer_2024,969,40,7.730298042297363,5.0,2.7302980422973633
landshuter_allee,xgboost,summer_2024,970,40,8.192770004272461,6.0,2.192770004272461
landshuter_allee,xgboost,summer_2024,971,40,8.546562194824219,7.0,1.5465621948242188
landshuter_allee,xgboost,summer_2024,972,40,8.552935600280762,7.0,1.5529356002807617
landshuter_allee,xgboost,summer_2024,973,40,8.554699897766113,7.0,1.5546998977661133
landshuter_allee,xgboost,summer_2024,974,40,8.579336166381836,8.0,0.5793361663818359
landshuter_allee,xgboost,summer_2024,975,40,8.330217361450195,8.0,0.3302173614501953
landshuter_allee,xgboost,summer_2024,976,40,7.956333160400391,7.0,0.9563331604003906
landshuter_allee,xgboost,summer_2024,977,40,8.25666332244873,8.0,0.25666332244873047
landshuter_allee,xgboost,summer_2024,978,40,8.551596641540527,8.0,0.5515966415405273
landshuter_allee,xgboost,summer_2024,979,40,9.465371131896973,9.0,0.46537113189697266
landshuter_allee,xgboost,summer_2024,980,40,12.082727432250977,12.0,0.08272743225097656
landshuter_allee,xgboost,summer_2024,981,40,14.277486801147461,14.0,0.27748680114746094
landshuter_allee,xgboost,summer_2024,982,40,15.493280410766602,15.0,0.49328041076660156
landshuter_allee,xgboost,summer_2024,983,40,15.783990859985352,15.0,0.7839908599853516
landshuter_allee,xgboost,summer_2024,984,41,16.570859909057617,18.0,1.4291400909423828
landshuter_allee,xgboost,summer_2024,985,41,16.596654891967773,19.0,2.4033451080322266
landshuter_allee,xgboost,summer_2024,986,41,15.742941856384277,17.0,1.2570581436157227
landshuter_allee,xgboost,summer_2024,987,41,16.742700576782227,15.0,1.7427005767822266
landshuter_allee,xgboost,summer_2024,988,41,16.472543716430664,15.0,1.472543716430664
landshuter_allee,xgboost,summer_2024,989,41,15.899757385253906,13.0,2.8997573852539062
landshuter_allee,xgboost,summer_2024,990,41,15.651257514953613,13.0,2.6512575149536133
landshuter_allee,xgboost,summer_2024,991,41,13.806941032409668,13.0,0.806941032409668
landshuter_allee,xgboost,summer_2024,992,41,10.7262544631958,11.0,0.2737455368041992
landshuter_allee,xgboost,summer_2024,993,41,9.479264259338379,9.0,0.4792642593383789
landshuter_allee,xgboost,summer_2024,994,41,9.715068817138672,9.0,0.7150688171386719
landshuter_allee,xgboost,summer_2024,995,41,9.676554679870605,9.0,0.6765546798706055
landshuter_allee,xgboost,summer_2024,996,41,9.5626802444458,9.0,0.5626802444458008
landshuter_allee,xgboost,summer_2024,997,41,9.52473258972168,8.0,1.5247325897216797
landshuter_allee,xgboost,summer_2024,998,41,8.73773193359375,8.0,0.73773193359375
landshuter_allee,xgboost,summer_2024,999,41,7.791896820068359,7.0,0.7918968200683594
landshuter_allee,xgboost,summer_2024,1000,41,7.49892520904541,6.0,1.4989252090454102
landshuter_allee,xgboost,summer_2024,1001,41,7.573034286499023,6.0,1.5730342864990234
landshuter_allee,xgboost,summer_2024,1002,41,7.763567924499512,7.0,0.7635679244995117
landshuter_allee,xgboost,summer_2024,1003,41,9.039609909057617,7.0,2.039609909057617
landshuter_allee,xgboost,summer_2024,1004,41,10.622502326965332,9.0,1.622502326965332
landshuter_allee,xgboost,summer_2024,1005,41,10.716840744018555,11.0,0.2831592559814453
landshuter_allee,xgboost,summer_2024,1006,41,10.079282760620117,10.0,0.07928276062011719
landshuter_allee,xgboost,summer_2024,1007,41,9.598864555358887,9.0,0.5988645553588867
landshuter_allee,xgboost,summer_2024,1008,42,9.646183013916016,8.0,1.6461830139160156
landshuter_allee,xgboost,summer_2024,1009,42,10.038630485534668,8.0,2.038630485534668
landshuter_allee,xgboost,summer_2024,1010,42,10.569343566894531,8.0,2.5693435668945312
landshuter_allee,xgboost,summer_2024,1011,42,10.656981468200684,9.0,1.6569814682006836
landshuter_allee,xgboost,summer_2024,1012,42,11.360451698303223,10.0,1.3604516983032227
landshuter_allee,xgboost,summer_2024,1013,42,12.168867111206055,10.0,2.1688671112060547
landshuter_allee,xgboost,summer_2024,1014,42,12.236822128295898,9.0,3.2368221282958984
landshuter_allee,xgboost,summer_2024,1015,42,11.447309494018555,9.0,2.4473094940185547
landshuter_allee,xgboost,summer_2024,1016,42,10.247757911682129,9.0,1.247757911682129
landshuter_allee,xgboost,summer_2024,1017,42,10.556958198547363,10.0,0.5569581985473633
landshuter_allee,xgboost,summer_2024,1018,42,11.060787200927734,11.0,0.060787200927734375
landshuter_allee,xgboost,summer_2024,1019,42,12.352367401123047,13.0,0.6476325988769531
landshuter_allee,xgboost,summer_2024,1020,42,13.331793785095215,14.0,0.6682062149047852
landshuter_allee,xgboost,summer_2024,1021,42,13.542085647583008,13.0,0.5420856475830078
landshuter_allee,xgboost,summer_2024,1022,42,12.806763648986816,11.0,1.8067636489868164
landshuter_allee,xgboost,summer_2024,1023,42,12.030281066894531,11.0,1.0302810668945312
landshuter_allee,xgboost,summer_2024,1024,42,11.378365516662598,10.0,1.3783655166625977
landshuter_allee,xgboost,summer_2024,1025,42,11.63192081451416,10.0,1.6319208145141602
landshuter_allee,xgboost,summer_2024,1026,42,11.50503158569336,10.0,1.5050315856933594
landshuter_allee,xgboost,summer_2024,1027,42,11.244457244873047,12.0,0.7555427551269531
landshuter_allee,xgboost,summer_2024,1028,42,11.905460357666016,14.0,2.0945396423339844
landshuter_allee,xgboost,summer_2024,1029,42,12.12714958190918,13.0,0.8728504180908203
landshuter_allee,xgboost,summer_2024,1030,42,12.018200874328613,14.0,1.9817991256713867
landshuter_allee,xgboost,summer_2024,1031,42,12.19549560546875,17.0,4.80450439453125
landshuter_allee,xgboost,summer_2024,1032,43,13.450833320617676,19.0,5.549166679382324
landshuter_allee,xgboost,summer_2024,1033,43,13.318017959594727,15.0,1.6819820404052734
landshuter_allee,xgboost,summer_2024,1034,43,12.347525596618652,13.0,0.6524744033813477
landshuter_allee,xgboost,summer_2024,1035,43,11.61093807220459,13.0,1.3890619277954102
landshuter_allee,xgboost,summer_2024,1036,43,11.218597412109375,13.0,1.781402587890625
landshuter_allee,xgboost,summer_2024,1037,43,10.906086921691895,13.0,2.0939130783081055
landshuter_allee,xgboost,summer_2024,1038,43,11.12417221069336,13.0,1.8758277893066406
landshuter_allee,xgboost,summer_2024,1039,43,10.01676082611084,11.0,0.9832391738891602
landshuter_allee,xgboost,summer_2024,1040,43,8.887343406677246,7.0,1.887343406677246
landshuter_allee,xgboost,summer_2024,1041,43,8.165300369262695,7.0,1.1653003692626953
landshuter_allee,xgboost,summer_2024,1042,43,8.36828327178955,9.0,0.6317167282104492
landshuter_allee,xgboost,summer_2024,1043,43,8.230377197265625,9.0,0.769622802734375
landshuter_allee,xgboost,summer_2024,1044,43,8.266705513000488,10.0,1.7332944869995117
landshuter_allee,xgboost,summer_2024,1045,43,8.122321128845215,10.0,1.8776788711547852
landshuter_allee,xgboost,summer_2024,1046,43,8.12864875793457,10.0,1.8713512420654297
landshuter_allee,xgboost,summer_2024,1047,43,8.079758644104004,9.0,0.9202413558959961
landshuter_allee,xgboost,summer_2024,1048,43,8.205129623413086,9.0,0.7948703765869141
landshuter_allee,xgboost,summer_2024,1049,43,8.122905731201172,7.0,1.1229057312011719
landshuter_allee,xgboost,summer_2024,1050,43,7.271702289581299,7.0,0.27170228958129883
landshuter_allee,xgboost,summer_2024,1051,43,6.202996253967285,6.0,0.20299625396728516
landshuter_allee,xgboost,summer_2024,1052,43,6.083690166473389,5.0,1.0836901664733887
landshuter_allee,xgboost,summer_2024,1053,43,5.217312812805176,4.0,1.2173128128051758
landshuter_allee,xgboost,summer_2024,1054,43,4.607539176940918,4.0,0.607539176940918
landshuter_allee,xgboost,summer_2024,1055,43,4.450517654418945,4.0,0.4505176544189453
landshuter_allee,xgboost,autumn_2024,0,0,5.581287860870361,5.0,0.5812878608703613
landshuter_allee,xgboost,autumn_2024,1,0,5.169867992401123,4.0,1.169867992401123
landshuter_allee,xgboost,autumn_2024,2,0,4.38824987411499,3.0,1.3882498741149902
landshuter_allee,xgboost,autumn_2024,3,0,4.736379146575928,4.0,0.7363791465759277
landshuter_allee,xgboost,autumn_2024,4,0,5.365180015563965,4.0,1.3651800155639648
landshuter_allee,xgboost,autumn_2024,5,0,6.104659080505371,5.0,1.104659080505371
landshuter_allee,xgboost,autumn_2024,6,0,7.592696666717529,6.0,1.5926966667175293
landshuter_allee,xgboost,autumn_2024,7,0,8.864748001098633,6.0,2.864748001098633
landshuter_allee,xgboost,autumn_2024,8,0,8.416585922241211,6.0,2.416585922241211
landshuter_allee,xgboost,autumn_2024,9,0,8.137033462524414,7.0,1.137033462524414
landshuter_allee,xgboost,autumn_2024,10,0,7.992395401000977,7.0,0.9923954010009766
landshuter_allee,xgboost,autumn_2024,11,0,8.180362701416016,6.0,2.1803627014160156
landshuter_allee,xgboost,autumn_2024,12,0,8.203916549682617,5.0,3.203916549682617
landshuter_allee,xgboost,autumn_2024,13,0,7.755599021911621,4.0,3.755599021911621
landshuter_allee,xgboost,autumn_2024,14,0,7.079707622528076,3.0,4.079707622528076
landshuter_allee,xgboost,autumn_2024,15,0,6.517187595367432,3.0,3.5171875953674316
landshuter_allee,xgboost,autumn_2024,16,0,6.049590110778809,3.0,3.0495901107788086
landshuter_allee,xgboost,autumn_2024,17,0,6.042868137359619,3.0,3.042868137359619
landshuter_allee,xgboost,autumn_2024,18,0,6.192114353179932,3.0,3.1921143531799316
landshuter_allee,xgboost,autumn_2024,19,0,6.373687267303467,3.0,3.373687267303467
landshuter_allee,xgboost,autumn_2024,20,0,6.2926554679870605,3.0,3.2926554679870605
landshuter_allee,xgboost,autumn_2024,21,0,6.213708400726318,3.0,3.2137084007263184
landshuter_allee,xgboost,autumn_2024,22,0,6.488117218017578,4.0,2.488117218017578
landshuter_allee,xgboost,autumn_2024,23,0,6.564411163330078,4.0,2.564411163330078
landshuter_allee,xgboost,autumn_2024,24,1,6.9732184410095215,3.0,3.9732184410095215
landshuter_allee,xgboost,autumn_2024,25,1,7.435351371765137,4.0,3.4353513717651367
landshuter_allee,xgboost,autumn_2024,26,1,9.096650123596191,5.0,4.096650123596191
landshuter_allee,xgboost,autumn_2024,27,1,9.661930084228516,5.0,4.661930084228516
landshuter_allee,xgboost,autumn_2024,28,1,9.191840171813965,5.0,4.191840171813965
landshuter_allee,xgboost,autumn_2024,29,1,7.930579662322998,4.0,3.930579662322998
landshuter_allee,xgboost,autumn_2024,30,1,7.035710334777832,4.0,3.035710334777832
landshuter_allee,xgboost,autumn_2024,31,1,4.979259967803955,3.0,1.979259967803955
landshuter_allee,xgboost,autumn_2024,32,1,4.57188081741333,4.0,0.5718808174133301
landshuter_allee,xgboost,autumn_2024,33,1,3.8755016326904297,3.0,0.8755016326904297
landshuter_allee,xgboost,autumn_2024,34,1,2.6732349395751953,2.0,0.6732349395751953
landshuter_allee,xgboost,autumn_2024,35,1,1.8837052583694458,2.0,0.1162947416305542
landshuter_allee,xgboost,autumn_2024,36,1,1.6467418670654297,2.0,0.3532581329345703
landshuter_allee,xgboost,autumn_2024,37,1,1.9842703342437744,2.0,0.015729665756225586
landshuter_allee,xgboost,autumn_2024,38,1,1.9267758131027222,2.0,0.07322418689727783
landshuter_allee,xgboost,autumn_2024,39,1,2.106243848800659,2.0,0.10624384880065918
landshuter_allee,xgboost,autumn_2024,40,1,2.918142318725586,3.0,0.08185768127441406
landshuter_allee,xgboost,autumn_2024,41,1,3.1551132202148438,3.0,0.15511322021484375
landshuter_allee,xgboost,autumn_2024,42,1,4.670049667358398,4.0,0.6700496673583984
landshuter_allee,xgboost,autumn_2024,43,1,7.627349376678467,6.0,1.6273493766784668
landshuter_allee,xgboost,autumn_2024,44,1,9.403219223022461,6.0,3.403219223022461
landshuter_allee,xgboost,autumn_2024,45,1,9.75944995880127,6.0,3.7594499588012695
landshuter_allee,xgboost,autumn_2024,46,1,10.485028266906738,7.0,3.4850282669067383
landshuter_allee,xgboost,autumn_2024,47,1,9.56904411315918,7.0,2.5690441131591797
landshuter_allee,xgboost,autumn_2024,48,2,9.246888160705566,9.0,0.2468881607055664
landshuter_allee,xgboost,autumn_2024,49,2,8.220723152160645,8.0,0.22072315216064453
landshuter_allee,xgboost,autumn_2024,50,2,6.744658470153809,7.0,0.2553415298461914
landshuter_allee,xgboost,autumn_2024,51,2,5.730833530426025,6.0,0.2691664695739746
landshuter_allee,xgboost,autumn_2024,52,2,6.329617500305176,7.0,0.6703824996948242
landshuter_allee,xgboost,autumn_2024,53,2,7.512930393218994,10.0,2.487069606781006
landshuter_allee,xgboost,autumn_2024,54,2,8.476871490478516,10.0,1.5231285095214844
landshuter_allee,xgboost,autumn_2024,55,2,10.993473052978516,15.0,4.006526947021484
landshuter_allee,xgboost,autumn_2024,56,2,13.023812294006348,16.0,2.9761877059936523
landshuter_allee,xgboost,autumn_2024,57,2,11.918709754943848,12.0,0.08129024505615234
landshuter_allee,xgboost,autumn_2024,58,2,9.400290489196777,9.0,0.40029048919677734
landshuter_allee,xgboost,autumn_2024,59,2,8.493215560913086,10.0,1.506784439086914
landshuter_allee,xgboost,autumn_2024,60,2,7.193526744842529,8.0,0.8064732551574707
landshuter_allee,xgboost,autumn_2024,61,2,6.1367974281311035,7.0,0.8632025718688965
landshuter_allee,xgboost,autumn_2024,62,2,5.819912433624268,7.0,1.1800875663757324
landshuter_allee,xgboost,autumn_2024,63,2,5.710521697998047,7.0,1.2894783020019531
landshuter_allee,xgboost,autumn_2024,64,2,5.854223251342773,7.0,1.1457767486572266
landshuter_allee,xgboost,autumn_2024,65,2,6.3485541343688965,9.0,2.6514458656311035
landshuter_allee,xgboost,autumn_2024,66,2,6.774999141693115,8.0,1.2250008583068848
landshuter_allee,xgboost,autumn_2024,67,2,6.235488414764404,7.0,0.7645115852355957
landshuter_allee,xgboost,autumn_2024,68,2,6.670219898223877,8.0,1.329780101776123
landshuter_allee,xgboost,autumn_2024,69,2,6.04274320602417,6.0,0.04274320602416992
landshuter_allee,xgboost,autumn_2024,70,2,5.729449272155762,6.0,0.2705507278442383
landshuter_allee,xgboost,autumn_2024,71,2,5.706406116485596,6.0,0.2935938835144043
landshuter_allee,xgboost,autumn_2024,72,3,5.978842735290527,7.0,1.0211572647094727
landshuter_allee,xgboost,autumn_2024,73,3,6.160239219665527,8.0,1.8397607803344727
landshuter_allee,xgboost,autumn_2024,74,3,5.838897705078125,8.0,2.161102294921875
landshuter_allee,xgboost,autumn_2024,75,3,5.290863990783691,6.0,0.7091360092163086
landshuter_allee,xgboost,autumn_2024,76,3,4.765130519866943,5.0,0.23486948013305664
landshuter_allee,xgboost,autumn_2024,77,3,5.379440784454346,6.0,0.6205592155456543
landshuter_allee,xgboost,autumn_2024,78,3,5.435441493988037,6.0,0.5645585060119629
landshuter_allee,xgboost,autumn_2024,79,3,5.342553615570068,6.0,0.6574463844299316
landshuter_allee,xgboost,autumn_2024,80,3,5.692576885223389,7.0,1.3074231147766113
landshuter_allee,xgboost,autumn_2024,81,3,6.261037349700928,7.0,0.7389626502990723
landshuter_allee,xgboost,autumn_2024,82,3,5.955630302429199,6.0,0.04436969757080078
landshuter_allee,xgboost,autumn_2024,83,3,5.4754180908203125,6.0,0.5245819091796875
landshuter_allee,xgboost,autumn_2024,84,3,4.494123458862305,5.0,0.5058765411376953
landshuter_allee,xgboost,autumn_2024,85,3,3.7421157360076904,4.0,0.25788426399230957
landshuter_allee,xgboost,autumn_2024,86,3,2.7880280017852783,4.0,1.2119719982147217
landshuter_allee,xgboost,autumn_2024,87,3,2.118093490600586,4.0,1.881906509399414
landshuter_allee,xgboost,autumn_2024,88,3,2.154808282852173,4.0,1.8451917171478271
landshuter_allee,xgboost,autumn_2024,89,3,3.1645851135253906,5.0,1.8354148864746094
landshuter_allee,xgboost,autumn_2024,90,3,4.708451747894287,7.0,2.291548252105713
landshuter_allee,xgboost,autumn_2024,91,3,5.877218723297119,6.0,0.12278127670288086
landshuter_allee,xgboost,autumn_2024,92,3,6.273309230804443,6.0,0.27330923080444336
landshuter_allee,xgboost,autumn_2024,93,3,6.454658031463623,6.0,0.45465803146362305
landshuter_allee,xgboost,autumn_2024,94,3,6.382673740386963,6.0,0.3826737403869629
landshuter_allee,xgboost,autumn_2024,95,3,7.187286376953125,7.0,0.187286376953125
landshuter_allee,xgboost,autumn_2024,96,4,7.486199855804443,6.0,1.4861998558044434
landshuter_allee,xgboost,autumn_2024,97,4,8.642735481262207,7.0,1.642735481262207
landshuter_allee,xgboost,autumn_2024,98,4,8.986598014831543,7.0,1.986598014831543
landshuter_allee,xgboost,autumn_2024,99,4,8.225728034973145,6.0,2.2257280349731445
landshuter_allee,xgboost,autumn_2024,100,4,9.090184211730957,7.0,2.090184211730957
landshuter_allee,xgboost,autumn_2024,101,4,9.451772689819336,6.0,3.451772689819336
landshuter_allee,xgboost,autumn_2024,102,4,8.758256912231445,7.0,1.7582569122314453
landshuter_allee,xgboost,autumn_2024,103,4,9.030342102050781,7.0,2.0303421020507812
landshuter_allee,xgboost,autumn_2024,104,4,8.752323150634766,6.0,2.7523231506347656
landshuter_allee,xgboost,autumn_2024,105,4,6.767830848693848,5.0,1.7678308486938477
landshuter_allee,xgboost,autumn_2024,106,4,5.214056015014648,4.0,1.2140560150146484
landshuter_allee,xgboost,autumn_2024,107,4,4.763050079345703,4.0,0.7630500793457031
landshuter_allee,xgboost,autumn_2024,108,4,4.474473476409912,4.0,0.4744734764099121
landshuter_allee,xgboost,autumn_2024,109,4,4.64695930480957,6.0,1.3530406951904297
landshuter_allee,xgboost,autumn_2024,110,4,5.142175674438477,7.0,1.8578243255615234
landshuter_allee,xgboost,autumn_2024,111,4,5.252310752868652,6.0,0.7476892471313477
landshuter_allee,xgboost,autumn_2024,112,4,5.683053970336914,7.0,1.316946029663086
landshuter_allee,xgboost,autumn_2024,113,4,6.146435737609863,7.0,0.8535642623901367
landshuter_allee,xgboost,autumn_2024,114,4,7.200155735015869,8.0,0.7998442649841309
landshuter_allee,xgboost,autumn_2024,115,4,6.240339279174805,5.0,1.2403392791748047
landshuter_allee,xgboost,autumn_2024,116,4,6.1362738609313965,6.0,0.13627386093139648
landshuter_allee,xgboost,autumn_2024,117,4,6.183098316192627,6.0,0.18309831619262695
landshuter_allee,xgboost,autumn_2024,118,4,7.268531799316406,8.0,0.7314682006835938
landshuter_allee,xgboost,autumn_2024,119,4,8.278326034545898,10.0,1.7216739654541016
landshuter_allee,xgboost,autumn_2024,120,5,9.939155578613281,11.0,1.0608444213867188
landshuter_allee,xgboost,autumn_2024,121,5,10.655171394348145,11.0,0.34482860565185547
landshuter_allee,xgboost,autumn_2024,122,5,9.611184120178223,10.0,0.38881587982177734
landshuter_allee,xgboost,autumn_2024,123,5,7.130306720733643,6.0,1.1303067207336426
landshuter_allee,xgboost,autumn_2024,124,5,5.768872261047363,6.0,0.23112773895263672
landshuter_allee,xgboost,autumn_2024,125,5,5.0158772468566895,5.0,0.015877246856689453
landshuter_allee,xgboost,autumn_2024,126,5,4.760633945465088,5.0,0.2393660545349121
landshuter_allee,xgboost,autumn_2024,127,5,5.003479957580566,5.0,0.0034799575805664062
landshuter_allee,xgboost,autumn_2024,128,5,4.768146514892578,4.0,0.7681465148925781
landshuter_allee,xgboost,autumn_2024,129,5,4.334283828735352,4.0,0.33428382873535156
landshuter_allee,xgboost,autumn_2024,130,5,3.411480188369751,3.0,0.411480188369751
landshuter_allee,xgboost,autumn_2024,131,5,2.1232810020446777,3.0,0.8767189979553223
landshuter_allee,xgboost,autumn_2024,132,5,1.9607787132263184,2.0,0.03922128677368164
landshuter_allee,xgboost,autumn_2024,133,5,1.5548728704452515,2.0,0.44512712955474854
landshuter_allee,xgboost,autumn_2024,134,5,1.4410336017608643,3.0,1.5589663982391357
landshuter_allee,xgboost,autumn_2024,135,5,1.7983431816101074,2.0,0.20165681838989258
landshuter_allee,xgboost,autumn_2024,136,5,2.268711805343628,3.0,0.7312881946563721
landshuter_allee,xgboost,autumn_2024,137,5,3.2730655670166016,4.0,0.7269344329833984
landshuter_allee,xgboost,autumn_2024,138,5,4.208378791809082,4.0,0.20837879180908203
landshuter_allee,xgboost,autumn_2024,139,5,5.917098522186279,7.0,1.0829014778137207
landshuter_allee,xgboost,autumn_2024,140,5,6.708366394042969,8.0,1.2916336059570312
landshuter_allee,xgboost,autumn_2024,141,5,6.82455587387085,8.0,1.1754441261291504
landshuter_allee,xgboost,autumn_2024,142,5,5.76601505279541,5.0,0.7660150527954102
landshuter_allee,xgboost,autumn_2024,143,5,4.994900703430176,4.0,0.9949007034301758
landshuter_allee,xgboost,autumn_2024,144,6,4.859724044799805,6.0,1.1402759552001953
landshuter_allee,xgboost,autumn_2024,145,6,4.856348037719727,7.0,2.1436519622802734
landshuter_allee,xgboost,autumn_2024,146,6,4.872018337249756,7.0,2.127981662750244
landshuter_allee,xgboost,autumn_2024,147,6,4.531907558441162,6.0,1.468092441558838
landshuter_allee,xgboost,autumn_2024,148,6,4.934925556182861,6.0,1.0650744438171387
landshuter_allee,xgboost,autumn_2024,149,6,5.42041015625,6.0,0.57958984375
landshuter_allee,xgboost,autumn_2024,150,6,5.361586093902588,6.0,0.6384139060974121
landshuter_allee,xgboost,autumn_2024,151,6,5.172770023345947,6.0,0.8272299766540527
landshuter_allee,xgboost,autumn_2024,152,6,4.863552570343018,6.0,1.1364474296569824
landshuter_allee,xgboost,autumn_2024,153,6,4.461223125457764,6.0,1.5387768745422363
landshuter_allee,xgboost,autumn_2024,154,6,3.8989338874816895,4.0,0.10106611251831055
landshuter_allee,xgboost,autumn_2024,155,6,2.7795217037200928,3.0,0.22047829627990723
landshuter_allee,xgboost,autumn_2024,156,6,3.136841058731079,4.0,0.8631589412689209
landshuter_allee,xgboost,autumn_2024,157,6,3.369474411010742,3.0,0.3694744110107422
landshuter_allee,xgboost,autumn_2024,158,6,3.33768630027771,3.0,0.33768630027770996
landshuter_allee,xgboost,autumn_2024,159,6,3.601719856262207,3.0,0.601719856262207
landshuter_allee,xgboost,autumn_2024,160,6,3.707867383956909,3.0,0.7078673839569092
landshuter_allee,xgboost,autumn_2024,161,6,4.983211994171143,5.0,0.016788005828857422
landshuter_allee,xgboost,autumn_2024,162,6,8.616106986999512,7.0,1.6161069869995117
landshuter_allee,xgboost,autumn_2024,163,6,9.403098106384277,7.0,2.4030981063842773
landshuter_allee,xgboost,autumn_2024,164,6,10.591157913208008,8.0,2.591157913208008
landshuter_allee,xgboost,autumn_2024,165,6,11.288216590881348,8.0,3.2882165908813477
landshuter_allee,xgboost,autumn_2024,166,6,11.8818941116333,8.0,3.881894111633301
landshuter_allee,xgboost,autumn_2024,167,6,10.927576065063477,7.0,3.9275760650634766
landshuter_allee,xgboost,autumn_2024,168,7,10.972579002380371,7.0,3.972579002380371
landshuter_allee,xgboost,autumn_2024,169,7,10.9768648147583,8.0,2.976864814758301
landshuter_allee,xgboost,autumn_2024,170,7,10.27633285522461,8.0,2.2763328552246094
landshuter_allee,xgboost,autumn_2024,171,7,9.185015678405762,8.0,1.1850156784057617
landshuter_allee,xgboost,autumn_2024,172,7,8.204794883728027,7.0,1.2047948837280273
landshuter_allee,xgboost,autumn_2024,173,7,8.406325340270996,7.0,1.406325340270996
landshuter_allee,xgboost,autumn_2024,174,7,8.726531982421875,8.0,0.726531982421875
landshuter_allee,xgboost,autumn_2024,175,7,9.818137168884277,9.0,0.8181371688842773
landshuter_allee,xgboost,autumn_2024,176,7,9.920315742492676,8.0,1.9203157424926758
landshuter_allee,xgboost,autumn_2024,177,7,10.468732833862305,9.0,1.4687328338623047
landshuter_allee,xgboost,autumn_2024,178,7,9.312053680419922,8.0,1.3120536804199219
landshuter_allee,xgboost,autumn_2024,179,7,9.059399604797363,8.0,1.0593996047973633
landshuter_allee,xgboost,autumn_2024,180,7,9.568428993225098,8.0,1.5684289932250977
landshuter_allee,xgboost,autumn_2024,181,7,8.534367561340332,7.0,1.534367561340332
landshuter_allee,xgboost,autumn_2024,182,7,8.10650634765625,7.0,1.10650634765625
landshuter_allee,xgboost,autumn_2024,183,7,8.528783798217773,8.0,0.5287837982177734
landshuter_allee,xgboost,autumn_2024,184,7,8.69553279876709,7.0,1.6955327987670898
landshuter_allee,xgboost,autumn_2024,185,7,7.416377544403076,5.0,2.416377544403076
landshuter_allee,xgboost,autumn_2024,186,7,8.344374656677246,8.0,0.3443746566772461
landshuter_allee,xgboost,autumn_2024,187,7,6.289893627166748,5.0,1.289893627166748
landshuter_allee,xgboost,autumn_2024,188,7,5.465853691101074,4.0,1.4658536911010742
landshuter_allee,xgboost,autumn_2024,189,7,4.341768741607666,4.0,0.341768741607666
landshuter_allee,xgboost,autumn_2024,190,7,3.10526442527771,3.0,0.10526442527770996
landshuter_allee,xgboost,autumn_2024,191,7,2.408978223800659,2.0,0.4089782238006592
landshuter_allee,xgboost,autumn_2024,192,8,1.8598593473434448,2.0,0.14014065265655518
landshuter_allee,xgboost,autumn_2024,193,8,1.3653373718261719,2.0,0.6346626281738281
landshuter_allee,xgboost,autumn_2024,194,8,1.116621971130371,1.0,0.1166219711303711
landshuter_allee,xgboost,autumn_2024,195,8,1.0413620471954346,1.0,0.04136204719543457
landshuter_allee,xgboost,autumn_2024,196,8,1.4422093629837036,1.0,0.4422093629837036
landshuter_allee,xgboost,autumn_2024,197,8,2.1325511932373047,2.0,0.1325511932373047
landshuter_allee,xgboost,autumn_2024,198,8,2.7420763969421387,2.0,0.7420763969421387
landshuter_allee,xgboost,autumn_2024,199,8,2.4205493927001953,2.0,0.4205493927001953
landshuter_allee,xgboost,autumn_2024,200,8,2.0822205543518066,2.0,0.08222055435180664
landshuter_allee,xgboost,autumn_2024,201,8,1.4305696487426758,2.0,0.5694303512573242
landshuter_allee,xgboost,autumn_2024,202,8,1.2983049154281616,1.0,0.2983049154281616
landshuter_allee,xgboost,autumn_2024,203,8,1.453512191772461,2.0,0.5464878082275391
landshuter_allee,xgboost,autumn_2024,204,8,1.6485859155654907,2.0,0.3514140844345093
landshuter_allee,xgboost,autumn_2024,205,8,1.5057436227798462,2.0,0.4942563772201538
landshuter_allee,xgboost,autumn_2024,206,8,1.6126995086669922,2.0,0.3873004913330078
landshuter_allee,xgboost,autumn_2024,207,8,1.542203426361084,2.0,0.457796573638916
landshuter_allee,xgboost,autumn_2024,208,8,1.608752965927124,2.0,0.391247034072876
landshuter_allee,xgboost,autumn_2024,209,8,2.347288131713867,3.0,0.6527118682861328
landshuter_allee,xgboost,autumn_2024,210,8,3.424952268600464,3.0,0.42495226860046387
landshuter_allee,xgboost,autumn_2024,211,8,3.972367286682129,4.0,0.027632713317871094
landshuter_allee,xgboost,autumn_2024,212,8,4.172194480895996,4.0,0.1721944808959961
landshuter_allee,xgboost,autumn_2024,213,8,4.010951519012451,4.0,0.010951519012451172
landshuter_allee,xgboost,autumn_2024,214,8,3.8640689849853516,4.0,0.13593101501464844
landshuter_allee,xgboost,autumn_2024,215,8,3.18546724319458,4.0,0.8145327568054199
landshuter_allee,xgboost,autumn_2024,216,9,3.337278366088867,5.0,1.6627216339111328
landshuter_allee,xgboost,autumn_2024,217,9,3.3908557891845703,6.0,2.6091442108154297
landshuter_allee,xgboost,autumn_2024,218,9,3.513265371322632,5.0,1.4867346286773682
landshuter_allee,xgboost,autumn_2024,219,9,3.320085048675537,4.0,0.6799149513244629
landshuter_allee,xgboost,autumn_2024,220,9,3.4830737113952637,4.0,0.5169262886047363
landshuter_allee,xgboost,autumn_2024,221,9,2.8468713760375977,4.0,1.1531286239624023
landshuter_allee,xgboost,autumn_2024,222,9,2.242248296737671,3.0,0.7577517032623291
landshuter_allee,xgboost,autumn_2024,223,9,2.2674481868743896,3.0,0.7325518131256104
landshuter_allee,xgboost,autumn_2024,224,9,2.5803184509277344,4.0,1.4196815490722656
landshuter_allee,xgboost,autumn_2024,225,9,2.3701932430267334,4.0,1.6298067569732666
landshuter_allee,xgboost,autumn_2024,226,9,2.3929011821746826,4.0,1.6070988178253174
landshuter_allee,xgboost,autumn_2024,227,9,2.1506612300872803,4.0,1.8493387699127197
landshuter_allee,xgboost,autumn_2024,228,9,2.2752668857574463,3.0,0.7247331142425537
landshuter_allee,xgboost,autumn_2024,229,9,2.3477632999420166,3.0,0.6522367000579834
landshuter_allee,xgboost,autumn_2024,230,9,2.3332464694976807,3.0,0.6667535305023193
landshuter_allee,xgboost,autumn_2024,231,9,3.176201105117798,4.0,0.8237988948822021
landshuter_allee,xgboost,autumn_2024,232,9,4.074747085571289,5.0,0.9252529144287109
landshuter_allee,xgboost,autumn_2024,233,9,5.588778018951416,6.0,0.411221981048584
landshuter_allee,xgboost,autumn_2024,234,9,6.038743019104004,6.0,0.038743019104003906
landshuter_allee,xgboost,autumn_2024,235,9,4.614128112792969,3.0,1.6141281127929688
landshuter_allee,xgboost,autumn_2024,236,9,3.9039177894592285,3.0,0.9039177894592285
landshuter_allee,xgboost,autumn_2024,237,9,3.0597431659698486,4.0,0.9402568340301514
landshuter_allee,xgboost,autumn_2024,238,9,3.0424749851226807,3.0,0.042474985122680664
landshuter_allee,xgboost,autumn_2024,239,9,2.411860704421997,2.0,0.41186070442199707
landshuter_allee,xgboost,autumn_2024,240,10,2.061023712158203,2.0,0.061023712158203125
landshuter_allee,xgboost,autumn_2024,241,10,2.0524563789367676,1.0,1.0524563789367676
landshuter_allee,xgboost,autumn_2024,242,10,1.9418290853500366,1.0,0.9418290853500366
landshuter_allee,xgboost,autumn_2024,243,10,1.522706389427185,0.9,0.622706389427185
landshuter_allee,xgboost,autumn_2024,244,10,1.8328063488006592,1.0,0.8328063488006592
landshuter_allee,xgboost,autumn_2024,245,10,2.3954262733459473,1.0,1.3954262733459473
landshuter_allee,xgboost,autumn_2024,246,10,3.2430167198181152,2.0,1.2430167198181152
landshuter_allee,xgboost,autumn_2024,247,10,3.788081407546997,2.0,1.788081407546997
landshuter_allee,xgboost,autumn_2024,248,10,3.4224960803985596,2.0,1.4224960803985596
landshuter_allee,xgboost,autumn_2024,249,10,3.494783401489258,2.0,1.4947834014892578
landshuter_allee,xgboost,autumn_2024,250,10,3.396259069442749,2.0,1.396259069442749
landshuter_allee,xgboost,autumn_2024,251,10,3.104724645614624,2.0,1.104724645614624
landshuter_allee,xgboost,autumn_2024,252,10,3.1337943077087402,2.0,1.1337943077087402
landshuter_allee,xgboost,autumn_2024,253,10,2.714531183242798,2.0,0.7145311832427979
landshuter_allee,xgboost,autumn_2024,254,10,3.051884651184082,2.0,1.051884651184082
landshuter_allee,xgboost,autumn_2024,255,10,3.7030835151672363,3.0,0.7030835151672363
landshuter_allee,xgboost,autumn_2024,256,10,3.820330858230591,2.0,1.8203308582305908
landshuter_allee,xgboost,autumn_2024,257,10,3.9072682857513428,3.0,0.9072682857513428
landshuter_allee,xgboost,autumn_2024,258,10,4.553393363952637,4.0,0.5533933639526367
landshuter_allee,xgboost,autumn_2024,259,10,7.316322326660156,5.0,2.3163223266601562
landshuter_allee,xgboost,autumn_2024,260,10,8.202064514160156,6.0,2.2020645141601562
landshuter_allee,xgboost,autumn_2024,261,10,9.380186080932617,7.0,2.380186080932617
landshuter_allee,xgboost,autumn_2024,262,10,9.932329177856445,7.0,2.9323291778564453
landshuter_allee,xgboost,autumn_2024,263,10,8.578763008117676,6.0,2.578763008117676
landshuter_allee,xgboost,autumn_2024,264,11,7.3274335861206055,5.0,2.3274335861206055
landshuter_allee,xgboost,autumn_2024,265,11,6.634018421173096,4.0,2.6340184211730957
landshuter_allee,xgboost,autumn_2024,266,11,7.005731582641602,5.0,2.0057315826416016
landshuter_allee,xgboost,autumn_2024,267,11,7.2164130210876465,4.0,3.2164130210876465
landshuter_allee,xgboost,autumn_2024,268,11,7.241866111755371,4.0,3.241866111755371
landshuter_allee,xgboost,autumn_2024,269,11,7.109575271606445,4.0,3.1095752716064453
landshuter_allee,xgboost,autumn_2024,270,11,7.145488262176514,5.0,2.1454882621765137
landshuter_allee,xgboost,autumn_2024,271,11,6.651628494262695,4.0,2.6516284942626953
landshuter_allee,xgboost,autumn_2024,272,11,4.982845783233643,3.0,1.9828457832336426
landshuter_allee,xgboost,autumn_2024,273,11,3.8779525756835938,2.0,1.8779525756835938
landshuter_allee,xgboost,autumn_2024,274,11,2.8078949451446533,2.0,0.8078949451446533
landshuter_allee,xgboost,autumn_2024,275,11,2.07244873046875,2.0,0.07244873046875
landshuter_allee,xgboost,autumn_2024,276,11,1.9343924522399902,2.0,0.06560754776000977
landshuter_allee,xgboost,autumn_2024,277,11,1.7593052387237549,3.0,1.2406947612762451
landshuter_allee,xgboost,autumn_2024,278,11,2.137263298034668,3.0,0.862736701965332
landshuter_allee,xgboost,autumn_2024,279,11,2.9497947692871094,4.0,1.0502052307128906
landshuter_allee,xgboost,autumn_2024,280,11,3.834584951400757,5.0,1.1654150485992432
landshuter_allee,xgboost,autumn_2024,281,11,6.8954176902771,10.0,3.1045823097229004
landshuter_allee,xgboost,autumn_2024,282,11,10.636470794677734,12.0,1.3635292053222656
landshuter_allee,xgboost,autumn_2024,283,11,11.805089950561523,12.0,0.19491004943847656
landshuter_allee,xgboost,autumn_2024,284,11,10.063076972961426,8.0,2.063076972961426
landshuter_allee,xgboost,autumn_2024,285,11,7.26135778427124,6.0,1.2613577842712402
landshuter_allee,xgboost,autumn_2024,286,11,5.870380401611328,5.0,0.8703804016113281
landshuter_allee,xgboost,autumn_2024,287,11,5.1760783195495605,6.0,0.8239216804504395
landshuter_allee,xgboost,autumn_2024,288,12,4.9796462059021,5.0,0.02035379409790039
landshuter_allee,xgboost,autumn_2024,289,12,4.445925235748291,3.0,1.445925235748291
landshuter_allee,xgboost,autumn_2024,290,12,3.1206929683685303,2.0,1.1206929683685303
landshuter_allee,xgboost,autumn_2024,291,12,2.212195873260498,2.0,0.21219587326049805
landshuter_allee,xgboost,autumn_2024,292,12,1.783805012702942,2.0,0.2161949872970581
landshuter_allee,xgboost,autumn_2024,293,12,1.3246217966079712,2.0,0.6753782033920288
landshuter_allee,xgboost,autumn_2024,294,12,1.2889204025268555,2.0,0.7110795974731445
landshuter_allee,xgboost,autumn_2024,295,12,1.3488138914108276,2.0,0.6511861085891724
landshuter_allee,xgboost,autumn_2024,296,12,1.5169063806533813,2.0,0.48309361934661865
landshuter_allee,xgboost,autumn_2024,297,12,2.017268419265747,3.0,0.9827315807342529
landshuter_allee,xgboost,autumn_2024,298,12,3.0102646350860596,4.0,0.9897353649139404
landshuter_allee,xgboost,autumn_2024,299,12,3.6815648078918457,5.0,1.3184351921081543
landshuter_allee,xgboost,autumn_2024,300,12,3.7230188846588135,5.0,1.2769811153411865
landshuter_allee,xgboost,autumn_2024,301,12,3.8489036560058594,4.0,0.15109634399414062
landshuter_allee,xgboost,autumn_2024,302,12,3.3184309005737305,3.0,0.31843090057373047
landshuter_allee,xgboost,autumn_2024,303,12,3.400050401687622,3.0,0.40005040168762207
landshuter_allee,xgboost,autumn_2024,304,12,3.465170383453369,3.0,0.46517038345336914
landshuter_allee,xgboost,autumn_2024,305,12,3.8754348754882812,3.0,0.8754348754882812
landshuter_allee,xgboost,autumn_2024,306,12,4.076121807098389,4.0,0.07612180709838867
landshuter_allee,xgboost,autumn_2024,307,12,5.9283037185668945,5.0,0.9283037185668945
landshuter_allee,xgboost,autumn_2024,308,12,6.467451572418213,4.0,2.467451572418213
landshuter_allee,xgboost,autumn_2024,309,12,6.70299768447876,4.0,2.7029976844787598
landshuter_allee,xgboost,autumn_2024,310,12,6.751718521118164,4.0,2.751718521118164
landshuter_allee,xgboost,autumn_2024,311,12,6.152327537536621,3.0,3.152327537536621
landshuter_allee,xgboost,autumn_2024,312,13,5.984699249267578,3.0,2.984699249267578
landshuter_allee,xgboost,autumn_2024,313,13,5.310085773468018,3.0,2.3100857734680176
landshuter_allee,xgboost,autumn_2024,314,13,4.631678581237793,3.0,1.631678581237793
landshuter_allee,xgboost,autumn_2024,315,13,4.871243476867676,4.0,0.8712434768676758
landshuter_allee,xgboost,autumn_2024,316,13,4.748756408691406,5.0,0.25124359130859375
landshuter_allee,xgboost,autumn_2024,317,13,5.595489978790283,6.0,0.4045100212097168
landshuter_allee,xgboost,autumn_2024,318,13,7.418738842010498,7.0,0.41873884201049805
landshuter_allee,xgboost,autumn_2024,319,13,8.003350257873535,9.0,0.9966497421264648
landshuter_allee,xgboost,autumn_2024,320,13,7.771029472351074,8.0,0.22897052764892578
landshuter_allee,xgboost,autumn_2024,321,13,7.1201395988464355,7.0,0.12013959884643555
landshuter_allee,xgboost,autumn_2024,322,13,5.8328375816345215,6.0,0.16716241836547852
landshuter_allee,xgboost,autumn_2024,323,13,6.257192134857178,6.0,0.25719213485717773
landshuter_allee,xgboost,autumn_2024,324,13,7.670354843139648,8.0,0.32964515686035156
landshuter_allee,xgboost,autumn_2024,325,13,8.22150707244873,7.0,1.2215070724487305
landshuter_allee,xgboost,autumn_2024,326,13,10.203980445861816,9.0,1.2039804458618164
landshuter_allee,xgboost,autumn_2024,327,13,13.6271333694458,11.0,2.627133369445801
landshuter_allee,xgboost,autumn_2024,328,13,15.766691207885742,13.0,2.766691207885742
landshuter_allee,xgboost,autumn_2024,329,13,15.89731216430664,13.0,2.8973121643066406
landshuter_allee,xgboost,autumn_2024,330,13,15.379541397094727,14.0,1.3795413970947266
landshuter_allee,xgboost,autumn_2024,331,13,13.887651443481445,13.0,0.8876514434814453
landshuter_allee,xgboost,autumn_2024,332,13,7.296690464019775,8.0,0.7033095359802246
landshuter_allee,xgboost,autumn_2024,333,13,4.7204365730285645,6.0,1.2795634269714355
landshuter_allee,xgboost,autumn_2024,334,13,5.881316184997559,8.0,2.1186838150024414
landshuter_allee,xgboost,autumn_2024,335,13,7.9462103843688965,10.0,2.0537896156311035
landshuter_allee,xgboost,autumn_2024,336,14,9.635930061340332,9.0,0.635930061340332
landshuter_allee,xgboost,autumn_2024,337,14,10.290200233459473,8.0,2.2902002334594727
landshuter_allee,xgboost,autumn_2024,338,14,10.845072746276855,8.0,2.8450727462768555
landshuter_allee,xgboost,autumn_2024,339,14,10.691021919250488,8.0,2.6910219192504883
landshuter_allee,xgboost,autumn_2024,340,14,10.277329444885254,8.0,2.277329444885254
landshuter_allee,xgboost,autumn_2024,341,14,11.586639404296875,10.0,1.586639404296875
landshuter_allee,xgboost,autumn_2024,342,14,14.771615982055664,14.0,0.7716159820556641
landshuter_allee,xgboost,autumn_2024,343,14,18.040729522705078,15.0,3.040729522705078
landshuter_allee,xgboost,autumn_2024,344,14,20.313753128051758,17.0,3.313753128051758
landshuter_allee,xgboost,autumn_2024,345,14,20.350095748901367,17.0,3.350095748901367
landshuter_allee,xgboost,autumn_2024,346,14,17.31576919555664,14.0,3.3157691955566406
landshuter_allee,xgboost,autumn_2024,347,14,13.415165901184082,11.0,2.415165901184082
landshuter_allee,xgboost,autumn_2024,348,14,10.367086410522461,8.0,2.367086410522461
landshuter_allee,xgboost,autumn_2024,349,14,8.803089141845703,8.0,0.8030891418457031
landshuter_allee,xgboost,autumn_2024,350,14,7.446134567260742,7.0,0.4461345672607422
landshuter_allee,xgboost,autumn_2024,351,14,7.785483360290527,8.0,0.21451663970947266
landshuter_allee,xgboost,autumn_2024,352,14,8.500723838806152,9.0,0.49927616119384766
landshuter_allee,xgboost,autumn_2024,353,14,9.34471607208252,10.0,0.6552839279174805
landshuter_allee,xgboost,autumn_2024,354,14,9.476069450378418,9.0,0.47606945037841797
landshuter_allee,xgboost,autumn_2024,355,14,9.23542308807373,8.0,1.2354230880737305
landshuter_allee,xgboost,autumn_2024,356,14,9.348981857299805,8.0,1.3489818572998047
landshuter_allee,xgboost,autumn_2024,357,14,8.795998573303223,7.0,1.7959985733032227
landshuter_allee,xgboost,autumn_2024,358,14,7.952115058898926,7.0,0.9521150588989258
landshuter_allee,xgboost,autumn_2024,359,14,7.976175785064697,8.0,0.023824214935302734
landshuter_allee,xgboost,autumn_2024,360,15,8.085540771484375,8.0,0.085540771484375
landshuter_allee,xgboost,autumn_2024,361,15,7.550166606903076,7.0,0.5501666069030762
landshuter_allee,xgboost,autumn_2024,362,15,7.058831214904785,6.0,1.0588312149047852
landshuter_allee,xgboost,autumn_2024,363,15,6.284109115600586,5.0,1.284109115600586
landshuter_allee,xgboost,autumn_2024,364,15,6.398240566253662,5.0,1.398240566253662
landshuter_allee,xgboost,autumn_2024,365,15,6.2732744216918945,6.0,0.27327442169189453
landshuter_allee,xgboost,autumn_2024,366,15,6.310949802398682,6.0,0.31094980239868164
landshuter_allee,xgboost,autumn_2024,367,15,6.078050136566162,6.0,0.07805013656616211
landshuter_allee,xgboost,autumn_2024,368,15,5.913014888763428,5.0,0.9130148887634277
landshuter_allee,xgboost,autumn_2024,369,15,5.596319675445557,5.0,0.5963196754455566
landshuter_allee,xgboost,autumn_2024,370,15,5.523126125335693,4.0,1.5231261253356934
landshuter_allee,xgboost,autumn_2024,371,15,5.648697376251221,5.0,0.6486973762512207
landshuter_allee,xgboost,autumn_2024,372,15,5.54268217086792,5.0,0.5426821708679199
landshuter_allee,xgboost,autumn_2024,373,15,5.905031681060791,5.0,0.905031681060791
landshuter_allee,xgboost,autumn_2024,374,15,5.6430816650390625,5.0,0.6430816650390625
landshuter_allee,xgboost,autumn_2024,375,15,6.026423454284668,5.0,1.026423454284668
landshuter_allee,xgboost,autumn_2024,376,15,6.089747905731201,5.0,1.0897479057312012
landshuter_allee,xgboost,autumn_2024,377,15,6.826664447784424,6.0,0.8266644477844238
landshuter_allee,xgboost,autumn_2024,378,15,7.729292869567871,7.0,0.7292928695678711
landshuter_allee,xgboost,autumn_2024,379,15,8.701925277709961,8.0,0.7019252777099609
landshuter_allee,xgboost,autumn_2024,380,15,8.97842788696289,8.0,0.9784278869628906
landshuter_allee,xgboost,autumn_2024,381,15,8.881564140319824,8.0,0.8815641403198242
landshuter_allee,xgboost,autumn_2024,382,15,8.965860366821289,8.0,0.9658603668212891
landshuter_allee,xgboost,autumn_2024,383,15,9.07932186126709,8.0,1.0793218612670898
landshuter_allee,xgboost,autumn_2024,384,16,9.745924949645996,8.0,1.745924949645996
landshuter_allee,xgboost,autumn_2024,385,16,10.282678604125977,8.0,2.2826786041259766
landshuter_allee,xgboost,autumn_2024,386,16,10.68829345703125,8.0,2.68829345703125
landshuter_allee,xgboost,autumn_2024,387,16,10.584233283996582,8.0,2.584233283996582
landshuter_allee,xgboost,autumn_2024,388,16,10.456351280212402,8.0,2.4563512802124023
landshuter_allee,xgboost,autumn_2024,389,16,10.675662994384766,8.0,2.6756629943847656
landshuter_allee,xgboost,autumn_2024,390,16,11.920822143554688,10.0,1.9208221435546875
landshuter_allee,xgboost,autumn_2024,391,16,14.151763916015625,11.0,3.151763916015625
landshuter_allee,xgboost,autumn_2024,392,16,14.915940284729004,12.0,2.915940284729004
landshuter_allee,xgboost,autumn_2024,393,16,15.091118812561035,13.0,2.091118812561035
landshuter_allee,xgboost,autumn_2024,394,16,13.98592758178711,12.0,1.9859275817871094
landshuter_allee,xgboost,autumn_2024,395,16,12.287273406982422,11.0,1.2872734069824219
landshuter_allee,xgboost,autumn_2024,396,16,10.64224910736084,9.0,1.6422491073608398
landshuter_allee,xgboost,autumn_2024,397,16,7.8941755294799805,7.0,0.8941755294799805
landshuter_allee,xgboost,autumn_2024,398,16,7.827174186706543,7.0,0.827174186706543
landshuter_allee,xgboost,autumn_2024,399,16,8.58984088897705,8.0,0.5898408889770508
landshuter_allee,xgboost,autumn_2024,400,16,9.202476501464844,8.0,1.2024765014648438
landshuter_allee,xgboost,autumn_2024,401,16,10.775599479675293,9.0,1.775599479675293
landshuter_allee,xgboost,autumn_2024,402,16,11.592583656311035,10.0,1.5925836563110352
landshuter_allee,xgboost,autumn_2024,403,16,13.100534439086914,11.0,2.100534439086914
landshuter_allee,xgboost,autumn_2024,404,16,14.155274391174316,11.0,3.1552743911743164
landshuter_allee,xgboost,autumn_2024,405,16,14.31230640411377,11.0,3.3123064041137695
landshuter_allee,xgboost,autumn_2024,406,16,13.819672584533691,11.0,2.8196725845336914
landshuter_allee,xgboost,autumn_2024,407,16,13.214348793029785,10.0,3.214348793029785
landshuter_allee,xgboost,autumn_2024,408,17,13.541165351867676,10.0,3.541165351867676
landshuter_allee,xgboost,autumn_2024,409,17,14.860313415527344,11.0,3.8603134155273438
landshuter_allee,xgboost,autumn_2024,410,17,15.796908378601074,12.0,3.796908378601074
landshuter_allee,xgboost,autumn_2024,411,17,16.759489059448242,12.0,4.759489059448242
landshuter_allee,xgboost,autumn_2024,412,17,16.474376678466797,12.0,4.474376678466797
landshuter_allee,xgboost,autumn_2024,413,17,16.07982063293457,12.0,4.07982063293457
landshuter_allee,xgboost,autumn_2024,414,17,17.082008361816406,11.0,6.082008361816406
landshuter_allee,xgboost,autumn_2024,415,17,17.010517120361328,11.0,6.010517120361328
landshuter_allee,xgboost,autumn_2024,416,17,17.573400497436523,12.0,5.573400497436523
landshuter_allee,xgboost,autumn_2024,417,17,18.030725479125977,13.0,5.030725479125977
landshuter_allee,xgboost,autumn_2024,418,17,17.887739181518555,15.0,2.8877391815185547
landshuter_allee,xgboost,autumn_2024,419,17,18.0402774810791,16.0,2.0402774810791016
landshuter_allee,xgboost,autumn_2024,420,17,19.0333309173584,17.0,2.0333309173583984
landshuter_allee,xgboost,autumn_2024,421,17,19.324939727783203,16.0,3.324939727783203
landshuter_allee,xgboost,autumn_2024,422,17,17.23855209350586,13.0,4.238552093505859
landshuter_allee,xgboost,autumn_2024,423,17,16.54646110534668,14.0,2.5464611053466797
landshuter_allee,xgboost,autumn_2024,424,17,18.226354598999023,18.0,0.22635459899902344
landshuter_allee,xgboost,autumn_2024,425,17,22.805145263671875,22.0,0.805145263671875
landshuter_allee,xgboost,autumn_2024,426,17,24.806743621826172,22.0,2.806743621826172
landshuter_allee,xgboost,autumn_2024,427,17,23.47901153564453,21.0,2.4790115356445312
landshuter_allee,xgboost,autumn_2024,428,17,22.404253005981445,21.0,1.4042530059814453
landshuter_allee,xgboost,autumn_2024,429,17,21.448877334594727,22.0,0.5511226654052734
landshuter_allee,xgboost,autumn_2024,430,17,18.124330520629883,17.0,1.1243305206298828
landshuter_allee,xgboost,autumn_2024,431,17,14.908804893493652,16.0,1.0911951065063477
landshuter_allee,xgboost,autumn_2024,432,18,11.57140827178955,12.0,0.4285917282104492
landshuter_allee,xgboost,autumn_2024,433,18,9.181051254272461,8.0,1.181051254272461
landshuter_allee,xgboost,autumn_2024,434,18,7.310908317565918,6.0,1.310908317565918
landshuter_allee,xgboost,autumn_2024,435,18,6.19236421585083,6.0,0.19236421585083008
landshuter_allee,xgboost,autumn_2024,436,18,6.452898025512695,5.0,1.4528980255126953
landshuter_allee,xgboost,autumn_2024,437,18,6.431832790374756,5.0,1.4318327903747559
landshuter_allee,xgboost,autumn_2024,438,18,6.243511199951172,5.0,1.2435111999511719
landshuter_allee,xgboost,autumn_2024,439,18,7.3125996589660645,5.0,2.3125996589660645
landshuter_allee,xgboost,autumn_2024,440,18,6.9995856285095215,5.0,1.9995856285095215
landshuter_allee,xgboost,autumn_2024,441,18,5.684814929962158,5.0,0.6848149299621582
landshuter_allee,xgboost,autumn_2024,442,18,5.345911979675293,6.0,0.654088020324707
landshuter_allee,xgboost,autumn_2024,443,18,4.822436809539795,7.0,2.177563190460205
landshuter_allee,xgboost,autumn_2024,444,18,4.964109897613525,7.0,2.0358901023864746
landshuter_allee,xgboost,autumn_2024,445,18,5.283666610717773,6.0,0.7163333892822266
landshuter_allee,xgboost,autumn_2024,446,18,5.841385364532471,8.0,2.1586146354675293
landshuter_allee,xgboost,autumn_2024,447,18,8.164339065551758,12.0,3.835660934448242
landshuter_allee,xgboost,autumn_2024,448,18,11.169291496276855,14.0,2.8307085037231445
landshuter_allee,xgboost,autumn_2024,449,18,13.020612716674805,14.0,0.9793872833251953
landshuter_allee,xgboost,autumn_2024,450,18,15.147727966308594,15.0,0.14772796630859375
landshuter_allee,xgboost,autumn_2024,451,18,17.65873908996582,15.0,2.6587390899658203
landshuter_allee,xgboost,autumn_2024,452,18,18.025066375732422,15.0,3.025066375732422
landshuter_allee,xgboost,autumn_2024,453,18,17.712051391601562,15.0,2.7120513916015625
landshuter_allee,xgboost,autumn_2024,454,18,18.805683135986328,17.0,1.8056831359863281
landshuter_allee,xgboost,autumn_2024,455,18,18.722719192504883,16.0,2.722719192504883
landshuter_allee,xgboost,autumn_2024,456,19,19.37451171875,18.0,1.37451171875
landshuter_allee,xgboost,autumn_2024,457,19,19.843355178833008,20.0,0.1566448211669922
landshuter_allee,xgboost,autumn_2024,458,19,19.375356674194336,19.0,0.37535667419433594
landshuter_allee,xgboost,autumn_2024,459,19,19.670785903930664,20.0,0.32921409606933594
landshuter_allee,xgboost,autumn_2024,460,19,20.772159576416016,21.0,0.22784042358398438
landshuter_allee,xgboost,autumn_2024,461,19,22.558637619018555,22.0,0.5586376190185547
landshuter_allee,xgboost,autumn_2024,462,19,21.595613479614258,19.0,2.595613479614258
landshuter_allee,xgboost,autumn_2024,463,19,20.039012908935547,18.0,2.039012908935547
landshuter_allee,xgboost,autumn_2024,464,19,18.412992477416992,16.0,2.412992477416992
landshuter_allee,xgboost,autumn_2024,465,19,14.755087852478027,12.0,2.7550878524780273
landshuter_allee,xgboost,autumn_2024,466,19,12.315152168273926,10.0,2.315152168273926
landshuter_allee,xgboost,autumn_2024,467,19,9.453787803649902,8.0,1.4537878036499023
landshuter_allee,xgboost,autumn_2024,468,19,8.237387657165527,8.0,0.23738765716552734
landshuter_allee,xgboost,autumn_2024,469,19,6.709242820739746,7.0,0.2907571792602539
landshuter_allee,xgboost,autumn_2024,470,19,7.056317329406738,8.0,0.9436826705932617
landshuter_allee,xgboost,autumn_2024,471,19,6.9517927169799805,8.0,1.0482072830200195
landshuter_allee,xgboost,autumn_2024,472,19,7.289123058319092,8.0,0.7108769416809082
landshuter_allee,xgboost,autumn_2024,473,19,8.490564346313477,9.0,0.5094356536865234
landshuter_allee,xgboost,autumn_2024,474,19,9.49993896484375,9.0,0.49993896484375
landshuter_allee,xgboost,autumn_2024,475,19,9.7955322265625,8.0,1.7955322265625
landshuter_allee,xgboost,autumn_2024,476,19,10.444979667663574,12.0,1.5550203323364258
landshuter_allee,xgboost,autumn_2024,477,19,11.179316520690918,11.0,0.17931652069091797
landshuter_allee,xgboost,autumn_2024,478,19,11.435667991638184,12.0,0.5643320083618164
landshuter_allee,xgboost,autumn_2024,479,19,12.1256103515625,12.0,0.1256103515625
landshuter_allee,xgboost,autumn_2024,480,20,12.033902168273926,11.0,1.0339021682739258
landshuter_allee,xgboost,autumn_2024,481,20,11.12402057647705,9.0,2.124020576477051
landshuter_allee,xgboost,autumn_2024,482,20,8.55213451385498,6.0,2.5521345138549805
landshuter_allee,xgboost,autumn_2024,483,20,6.12403678894043,4.0,2.1240367889404297
landshuter_allee,xgboost,autumn_2024,484,20,5.601381778717041,4.0,1.601381778717041
landshuter_allee,xgboost,autumn_2024,485,20,5.195648193359375,4.0,1.195648193359375
landshuter_allee,xgboost,autumn_2024,486,20,5.535729885101318,4.0,1.5357298851013184
landshuter_allee,xgboost,autumn_2024,487,20,6.045164585113525,4.0,2.0451645851135254
landshuter_allee,xgboost,autumn_2024,488,20,5.98600435256958,5.0,0.9860043525695801
landshuter_allee,xgboost,autumn_2024,489,20,5.766932487487793,6.0,0.23306751251220703
landshuter_allee,xgboost,autumn_2024,490,20,5.685548782348633,8.0,2.314451217651367
landshuter_allee,xgboost,autumn_2024,491,20,6.321934223175049,8.0,1.6780657768249512
landshuter_allee,xgboost,autumn_2024,492,20,7.253330707550049,9.0,1.7466692924499512
landshuter_allee,xgboost,autumn_2024,493,20,8.423748016357422,11.0,2.576251983642578
landshuter_allee,xgboost,autumn_2024,494,20,9.258718490600586,12.0,2.741281509399414
landshuter_allee,xgboost,autumn_2024,495,20,12.274481773376465,13.0,0.7255182266235352
landshuter_allee,xgboost,autumn_2024,496,20,14.529105186462402,13.0,1.5291051864624023
landshuter_allee,xgboost,autumn_2024,497,20,19.700992584228516,16.0,3.7009925842285156
landshuter_allee,xgboost,autumn_2024,498,20,22.385147094726562,18.0,4.3851470947265625
landshuter_allee,xgboost,autumn_2024,499,20,24.919227600097656,21.0,3.9192276000976562
landshuter_allee,xgboost,autumn_2024,500,20,25.13414764404297,22.0,3.1341476440429688
landshuter_allee,xgboost,autumn_2024,501,20,24.841482162475586,20.0,4.841482162475586
landshuter_allee,xgboost,autumn_2024,502,20,21.887142181396484,19.0,2.8871421813964844
landshuter_allee,xgboost,autumn_2024,503,20,17.72100830078125,16.0,1.72100830078125
landshuter_allee,xgboost,autumn_2024,504,21,13.55980110168457,12.0,1.5598011016845703
landshuter_allee,xgboost,autumn_2024,505,21,8.241411209106445,9.0,0.7585887908935547
landshuter_allee,xgboost,autumn_2024,506,21,5.230120658874512,6.0,0.7698793411254883
landshuter_allee,xgboost,autumn_2024,507,21,4.836500644683838,6.0,1.163499355316162
landshuter_allee,xgboost,autumn_2024,508,21,5.411112308502197,5.0,0.41111230850219727
landshuter_allee,xgboost,autumn_2024,509,21,5.495736122131348,5.0,0.49573612213134766
landshuter_allee,xgboost,autumn_2024,510,21,5.005424976348877,5.0,0.005424976348876953
landshuter_allee,xgboost,autumn_2024,511,21,5.285194396972656,6.0,0.7148056030273438
landshuter_allee,xgboost,autumn_2024,512,21,5.5225677490234375,6.0,0.4774322509765625
landshuter_allee,xgboost,autumn_2024,513,21,5.783676624298096,7.0,1.2163233757019043
landshuter_allee,xgboost,autumn_2024,514,21,5.432908535003662,7.0,1.567091464996338
landshuter_allee,xgboost,autumn_2024,515,21,5.058373928070068,6.0,0.9416260719299316
landshuter_allee,xgboost,autumn_2024,516,21,5.507404327392578,7.0,1.4925956726074219
landshuter_allee,xgboost,autumn_2024,517,21,5.913537979125977,8.0,2.0864620208740234
landshuter_allee,xgboost,autumn_2024,518,21,5.66182804107666,7.0,1.3381719589233398
landshuter_allee,xgboost,autumn_2024,519,21,6.236687660217285,7.0,0.7633123397827148
landshuter_allee,xgboost,autumn_2024,520,21,6.647735118865967,8.0,1.3522648811340332
landshuter_allee,xgboost,autumn_2024,521,21,8.212517738342285,10.0,1.7874822616577148
landshuter_allee,xgboost,autumn_2024,522,21,8.673049926757812,9.0,0.3269500732421875
landshuter_allee,xgboost,autumn_2024,523,21,9.636457443237305,9.0,0.6364574432373047
landshuter_allee,xgboost,autumn_2024,524,21,10.95935344696045,11.0,0.04064655303955078
landshuter_allee,xgboost,autumn_2024,525,21,11.394279479980469,11.0,0.39427947998046875
landshuter_allee,xgboost,autumn_2024,526,21,11.262380599975586,11.0,0.26238059997558594
landshuter_allee,xgboost,autumn_2024,527,21,10.920760154724121,11.0,0.0792398452758789
landshuter_allee,xgboost,autumn_2024,528,22,11.073576927185059,11.0,0.0735769271850586
landshuter_allee,xgboost,autumn_2024,529,22,11.175230979919434,12.0,0.8247690200805664
landshuter_allee,xgboost,autumn_2024,530,22,11.513741493225098,12.0,0.48625850677490234
landshuter_allee,xgboost,autumn_2024,531,22,11.974247932434082,13.0,1.025752067565918
landshuter_allee,xgboost,autumn_2024,532,22,10.491812705993652,12.0,1.5081872940063477
landshuter_allee,xgboost,autumn_2024,533,22,9.5855073928833,10.0,0.4144926071166992
landshuter_allee,xgboost,autumn_2024,534,22,9.671430587768555,10.0,0.3285694122314453
landshuter_allee,xgboost,autumn_2024,535,22,8.930740356445312,7.0,1.9307403564453125
landshuter_allee,xgboost,autumn_2024,536,22,7.9232354164123535,7.0,0.9232354164123535
landshuter_allee,xgboost,autumn_2024,537,22,7.580982685089111,7.0,0.5809826850891113
landshuter_allee,xgboost,autumn_2024,538,22,8.263289451599121,7.0,1.263289451599121
landshuter_allee,xgboost,autumn_2024,539,22,8.40335750579834,7.0,1.4033575057983398
landshuter_allee,xgboost,autumn_2024,540,22,9.01647663116455,8.0,1.0164766311645508
landshuter_allee,xgboost,autumn_2024,541,22,9.727532386779785,9.0,0.7275323867797852
landshuter_allee,xgboost,autumn_2024,542,22,10.038606643676758,8.0,2.038606643676758
landshuter_allee,xgboost,autumn_2024,543,22,8.897522926330566,5.0,3.8975229263305664
landshuter_allee,xgboost,autumn_2024,544,22,7.440634250640869,5.0,2.440634250640869
landshuter_allee,xgboost,autumn_2024,545,22,6.693920135498047,5.0,1.6939201354980469
landshuter_allee,xgboost,autumn_2024,546,22,6.100102424621582,5.0,1.100102424621582
landshuter_allee,xgboost,autumn_2024,547,22,6.398210525512695,6.0,0.3982105255126953
landshuter_allee,xgboost,autumn_2024,548,22,6.838900566101074,7.0,0.16109943389892578
landshuter_allee,xgboost,autumn_2024,549,22,5.318403244018555,5.0,0.3184032440185547
landshuter_allee,xgboost,autumn_2024,550,22,4.2029643058776855,4.0,0.20296430587768555
landshuter_allee,xgboost,autumn_2024,551,22,3.7841968536376953,4.0,0.2158031463623047
landshuter_allee,xgboost,autumn_2024,552,23,4.057711124420166,4.0,0.057711124420166016
landshuter_allee,xgboost,autumn_2024,553,23,4.798469066619873,4.0,0.798469066619873
landshuter_allee,xgboost,autumn_2024,554,23,5.226659297943115,4.0,1.2266592979431152
landshuter_allee,xgboost,autumn_2024,555,23,6.100036144256592,5.0,1.1000361442565918
landshuter_allee,xgboost,autumn_2024,556,23,7.490929126739502,7.0,0.49092912673950195
landshuter_allee,xgboost,autumn_2024,557,23,8.456290245056152,6.0,2.4562902450561523
landshuter_allee,xgboost,autumn_2024,558,23,7.599794387817383,4.0,3.599794387817383
landshuter_allee,xgboost,autumn_2024,559,23,6.8780717849731445,4.0,2.8780717849731445
landshuter_allee,xgboost,autumn_2024,560,23,5.819815635681152,3.0,2.8198156356811523
landshuter_allee,xgboost,autumn_2024,561,23,4.8702497482299805,4.0,0.8702497482299805
landshuter_allee,xgboost,autumn_2024,562,23,3.776726007461548,2.0,1.7767260074615479
landshuter_allee,xgboost,autumn_2024,563,23,2.9901700019836426,3.0,0.009829998016357422
landshuter_allee,xgboost,autumn_2024,564,23,2.75004506111145,3.0,0.2499549388885498
landshuter_allee,xgboost,autumn_2024,565,23,2.334003210067749,3.0,0.665996789932251
landshuter_allee,xgboost,autumn_2024,566,23,2.95316481590271,5.0,2.04683518409729
landshuter_allee,xgboost,autumn_2024,567,23,3.546635150909424,5.0,1.4533648490905762
landshuter_allee,xgboost,autumn_2024,568,23,4.08004903793335,6.0,1.9199509620666504
landshuter_allee,xgboost,autumn_2024,569,23,4.919294357299805,6.0,1.0807056427001953
landshuter_allee,xgboost,autumn_2024,570,23,5.504997253417969,6.0,0.49500274658203125
landshuter_allee,xgboost,autumn_2024,571,23,6.512332439422607,6.0,0.5123324394226074
landshuter_allee,xgboost,autumn_2024,572,23,7.891790866851807,8.0,0.10820913314819336
landshuter_allee,xgboost,autumn_2024,573,23,9.061685562133789,10.0,0.9383144378662109
landshuter_allee,xgboost,autumn_2024,574,23,8.947406768798828,8.0,0.9474067687988281
landshuter_allee,xgboost,autumn_2024,575,23,8.035809516906738,7.0,1.0358095169067383
landshuter_allee,xgboost,autumn_2024,576,24,8.707316398620605,8.0,0.7073163986206055
landshuter_allee,xgboost,autumn_2024,577,24,9.384865760803223,9.0,0.38486576080322266
landshuter_allee,xgboost,autumn_2024,578,24,9.348151206970215,8.0,1.3481512069702148
landshuter_allee,xgboost,autumn_2024,579,24,8.080681800842285,6.0,2.080681800842285
landshuter_allee,xgboost,autumn_2024,580,24,7.20174503326416,6.0,1.2017450332641602
landshuter_allee,xgboost,autumn_2024,581,24,7.68125057220459,7.0,0.6812505722045898
landshuter_allee,xgboost,autumn_2024,582,24,8.433560371398926,7.0,1.4335603713989258
landshuter_allee,xgboost,autumn_2024,583,24,8.286786079406738,7.0,1.2867860794067383
landshuter_allee,xgboost,autumn_2024,584,24,6.861660957336426,6.0,0.8616609573364258
landshuter_allee,xgboost,autumn_2024,585,24,5.99419641494751,5.0,0.9941964149475098
landshuter_allee,xgboost,autumn_2024,586,24,6.247959613800049,6.0,0.24795961380004883
landshuter_allee,xgboost,autumn_2024,587,24,6.755097389221191,6.0,0.7550973892211914
landshuter_allee,xgboost,autumn_2024,588,24,7.473684787750244,8.0,0.5263152122497559
landshuter_allee,xgboost,autumn_2024,589,24,7.5754714012146,8.0,0.4245285987854004
landshuter_allee,xgboost,autumn_2024,590,24,8.002959251403809,8.0,0.0029592514038085938
landshuter_allee,xgboost,autumn_2024,591,24,7.602863788604736,6.0,1.6028637886047363
landshuter_allee,xgboost,autumn_2024,592,24,8.19265079498291,7.0,1.1926507949829102
landshuter_allee,xgboost,autumn_2024,593,24,8.835065841674805,8.0,0.8350658416748047
landshuter_allee,xgboost,autumn_2024,594,24,8.995973587036133,7.0,1.9959735870361328
landshuter_allee,xgboost,autumn_2024,595,24,9.235629081726074,7.0,2.235629081726074
landshuter_allee,xgboost,autumn_2024,596,24,10.673883438110352,11.0,0.32611656188964844
landshuter_allee,xgboost,autumn_2024,597,24,12.720972061157227,14.0,1.2790279388427734
landshuter_allee,xgboost,autumn_2024,598,24,17.315303802490234,17.0,0.3153038024902344
landshuter_allee,xgboost,autumn_2024,599,24,19.327024459838867,17.0,2.327024459838867
landshuter_allee,xgboost,autumn_2024,600,25,19.173381805419922,18.0,1.1733818054199219
landshuter_allee,xgboost,autumn_2024,601,25,17.333707809448242,16.0,1.3337078094482422
landshuter_allee,xgboost,autumn_2024,602,25,13.783573150634766,13.0,0.7835731506347656
landshuter_allee,xgboost,autumn_2024,603,25,11.201619148254395,11.0,0.20161914825439453
landshuter_allee,xgboost,autumn_2024,604,25,9.824967384338379,10.0,0.1750326156616211
landshuter_allee,xgboost,autumn_2024,605,25,8.750062942504883,9.0,0.2499370574951172
landshuter_allee,xgboost,autumn_2024,606,25,6.950396537780762,7.0,0.04960346221923828
landshuter_allee,xgboost,autumn_2024,607,25,5.448281764984131,5.0,0.44828176498413086
landshuter_allee,xgboost,autumn_2024,608,25,4.374170780181885,4.0,0.37417078018188477
landshuter_allee,xgboost,autumn_2024,609,25,3.9710583686828613,5.0,1.0289416313171387
landshuter_allee,xgboost,autumn_2024,610,25,3.3891963958740234,5.0,1.6108036041259766
landshuter_allee,xgboost,autumn_2024,611,25,3.7603561878204346,6.0,2.2396438121795654
landshuter_allee,xgboost,autumn_2024,612,25,4.241974353790283,7.0,2.758025646209717
landshuter_allee,xgboost,autumn_2024,613,25,5.77203369140625,10.0,4.22796630859375
landshuter_allee,xgboost,autumn_2024,614,25,8.017440795898438,12.0,3.9825592041015625
landshuter_allee,xgboost,autumn_2024,615,25,11.986343383789062,15.0,3.0136566162109375
landshuter_allee,xgboost,autumn_2024,616,25,14.252903938293457,16.0,1.747096061706543
landshuter_allee,xgboost,autumn_2024,617,25,14.888150215148926,14.0,0.8881502151489258
landshuter_allee,xgboost,autumn_2024,618,25,15.67110824584961,14.0,1.6711082458496094
landshuter_allee,xgboost,autumn_2024,619,25,14.242889404296875,12.0,2.242889404296875
landshuter_allee,xgboost,autumn_2024,620,25,13.391777038574219,12.0,1.3917770385742188
landshuter_allee,xgboost,autumn_2024,621,25,13.456058502197266,13.0,0.4560585021972656
landshuter_allee,xgboost,autumn_2024,622,25,12.736513137817383,13.0,0.2634868621826172
landshuter_allee,xgboost,autumn_2024,623,25,12.90797233581543,12.0,0.9079723358154297
landshuter_allee,xgboost,autumn_2024,624,26,13.337342262268066,11.0,2.3373422622680664
landshuter_allee,xgboost,autumn_2024,625,26,13.709992408752441,11.0,2.7099924087524414
landshuter_allee,xgboost,autumn_2024,626,26,13.197084426879883,10.0,3.197084426879883
landshuter_allee,xgboost,autumn_2024,627,26,11.943002700805664,10.0,1.943002700805664
landshuter_allee,xgboost,autumn_2024,628,26,10.904892921447754,9.0,1.904892921447754
landshuter_allee,xgboost,autumn_2024,629,26,9.911515235900879,8.0,1.911515235900879
landshuter_allee,xgboost,autumn_2024,630,26,9.096723556518555,9.0,0.09672355651855469
landshuter_allee,xgboost,autumn_2024,631,26,8.979257583618164,9.0,0.020742416381835938
landshuter_allee,xgboost,autumn_2024,632,26,6.488631725311279,6.0,0.4886317253112793
landshuter_allee,xgboost,autumn_2024,633,26,4.400607109069824,4.0,0.4006071090698242
landshuter_allee,xgboost,autumn_2024,634,26,3.5709969997406006,4.0,0.4290030002593994
landshuter_allee,xgboost,autumn_2024,635,26,3.8910834789276123,4.0,0.1089165210723877
landshuter_allee,xgboost,autumn_2024,636,26,4.418431282043457,6.0,1.581568717956543
landshuter_allee,xgboost,autumn_2024,637,26,6.101481914520264,9.0,2.8985180854797363
landshuter_allee,xgboost,autumn_2024,638,26,6.968234062194824,10.0,3.031765937805176
landshuter_allee,xgboost,autumn_2024,639,26,7.7651472091674805,12.0,4.2348527908325195
landshuter_allee,xgboost,autumn_2024,640,26,9.22698974609375,12.0,2.77301025390625
landshuter_allee,xgboost,autumn_2024,641,26,11.570719718933105,13.0,1.4292802810668945
landshuter_allee,xgboost,autumn_2024,642,26,12.927068710327148,14.0,1.0729312896728516
landshuter_allee,xgboost,autumn_2024,643,26,13.632450103759766,13.0,0.6324501037597656
landshuter_allee,xgboost,autumn_2024,644,26,13.83912467956543,12.0,1.8391246795654297
landshuter_allee,xgboost,autumn_2024,645,26,13.188960075378418,13.0,0.18896007537841797
landshuter_allee,xgboost,autumn_2024,646,26,12.188385009765625,11.0,1.188385009765625
landshuter_allee,xgboost,autumn_2024,647,26,10.010018348693848,8.0,2.0100183486938477
landshuter_allee,xgboost,autumn_2024,648,27,9.376924514770508,7.0,2.376924514770508
landshuter_allee,xgboost,autumn_2024,649,27,9.024862289428711,7.0,2.024862289428711
landshuter_allee,xgboost,autumn_2024,650,27,9.406576156616211,8.0,1.406576156616211
landshuter_allee,xgboost,autumn_2024,651,27,10.019248962402344,9.0,1.0192489624023438
landshuter_allee,xgboost,autumn_2024,652,27,9.679890632629395,7.0,2.6798906326293945
landshuter_allee,xgboost,autumn_2024,653,27,8.239618301391602,6.0,2.2396183013916016
landshuter_allee,xgboost,autumn_2024,654,27,7.18709135055542,6.0,1.18709135055542
landshuter_allee,xgboost,autumn_2024,655,27,6.502573490142822,7.0,0.49742650985717773
landshuter_allee,xgboost,autumn_2024,656,27,6.8333659172058105,7.0,0.16663408279418945
landshuter_allee,xgboost,autumn_2024,657,27,7.490747451782227,8.0,0.5092525482177734
landshuter_allee,xgboost,autumn_2024,658,27,7.693267822265625,7.0,0.693267822265625
landshuter_allee,xgboost,autumn_2024,659,27,7.875141620635986,8.0,0.12485837936401367
landshuter_allee,xgboost,autumn_2024,660,27,9.014906883239746,9.0,0.014906883239746094
landshuter_allee,xgboost,autumn_2024,661,27,10.969268798828125,10.5,0.469268798828125
landshuter_allee,xgboost,autumn_2024,662,27,11.648463249206543,12.0,0.35153675079345703
landshuter_allee,xgboost,autumn_2024,663,27,12.103147506713867,12.0,0.10314750671386719
landshuter_allee,xgboost,autumn_2024,664,27,13.012825012207031,11.0,2.0128250122070312
landshuter_allee,xgboost,autumn_2024,665,27,14.557584762573242,9.0,5.557584762573242
landshuter_allee,xgboost,autumn_2024,666,27,15.77377700805664,11.0,4.773777008056641
landshuter_allee,xgboost,autumn_2024,667,27,15.3359956741333,11.0,4.335995674133301
landshuter_allee,xgboost,autumn_2024,668,27,13.482155799865723,8.0,5.482155799865723
landshuter_allee,xgboost,autumn_2024,669,27,11.510069847106934,8.0,3.5100698471069336
landshuter_allee,xgboost,autumn_2024,670,27,10.002030372619629,7.0,3.002030372619629
landshuter_allee,xgboost,autumn_2024,671,27,9.347182273864746,8.0,1.347182273864746
landshuter_allee,xgboost,autumn_2024,672,28,7.839793682098389,6.0,1.8397936820983887
landshuter_allee,xgboost,autumn_2024,673,28,7.156854152679443,5.0,2.1568541526794434
landshuter_allee,xgboost,autumn_2024,674,28,6.081851005554199,5.0,1.0818510055541992
landshuter_allee,xgboost,autumn_2024,675,28,5.028017520904541,6.0,0.971982479095459
landshuter_allee,xgboost,autumn_2024,676,28,4.518510818481445,5.0,0.4814891815185547
landshuter_allee,xgboost,autumn_2024,677,28,4.644318580627441,4.0,0.6443185806274414
landshuter_allee,xgboost,autumn_2024,678,28,5.152152061462402,4.0,1.1521520614624023
landshuter_allee,xgboost,autumn_2024,679,28,5.314858913421631,6.0,0.6851410865783691
landshuter_allee,xgboost,autumn_2024,680,28,6.172781944274902,7.0,0.8272180557250977
landshuter_allee,xgboost,autumn_2024,681,28,7.116500377655029,5.0,2.1165003776550293
landshuter_allee,xgboost,autumn_2024,682,28,8.794059753417969,10.0,1.2059402465820312
landshuter_allee,xgboost,autumn_2024,683,28,12.38930892944336,16.0,3.6106910705566406
landshuter_allee,xgboost,autumn_2024,684,28,14.260451316833496,15.0,0.7395486831665039
landshuter_allee,xgboost,autumn_2024,685,28,13.918754577636719,13.0,0.9187545776367188
landshuter_allee,xgboost,autumn_2024,686,28,14.33565902709961,15.0,0.6643409729003906
landshuter_allee,xgboost,autumn_2024,687,28,16.88568878173828,17.0,0.11431121826171875
landshuter_allee,xgboost,autumn_2024,688,28,20.56736946105957,18.0,2.5673694610595703
landshuter_allee,xgboost,autumn_2024,689,28,25.00825309753418,20.0,5.00825309753418
landshuter_allee,xgboost,autumn_2024,690,28,28.009191513061523,24.0,4.009191513061523
landshuter_allee,xgboost,autumn_2024,691,28,30.975526809692383,27.0,3.975526809692383
landshuter_allee,xgboost,autumn_2024,692,28,26.12259292602539,23.0,3.1225929260253906
landshuter_allee,xgboost,autumn_2024,693,28,18.01413917541504,17.0,1.014139175415039
landshuter_allee,xgboost,autumn_2024,694,28,11.84884262084961,13.0,1.1511573791503906
landshuter_allee,xgboost,autumn_2024,695,28,9.785091400146484,12.0,2.2149085998535156
landshuter_allee,xgboost,autumn_2024,696,29,9.198769569396973,12.0,2.8012304306030273
landshuter_allee,xgboost,autumn_2024,697,29,8.572585105895996,9.0,0.4274148941040039
landshuter_allee,xgboost,autumn_2024,698,29,8.839046478271484,10.0,1.1609535217285156
landshuter_allee,xgboost,autumn_2024,699,29,9.508593559265137,11.0,1.4914064407348633
landshuter_allee,xgboost,autumn_2024,700,29,10.478863716125488,11.0,0.5211362838745117
landshuter_allee,xgboost,autumn_2024,701,29,10.032000541687012,10.0,0.03200054168701172
landshuter_allee,xgboost,autumn_2024,702,29,10.557759284973145,14.0,3.4422407150268555
landshuter_allee,xgboost,autumn_2024,703,29,11.493276596069336,16.0,4.506723403930664
landshuter_allee,xgboost,autumn_2024,704,29,11.978682518005371,16.0,4.021317481994629
landshuter_allee,xgboost,autumn_2024,705,29,13.591538429260254,15.0,1.408461570739746
landshuter_allee,xgboost,autumn_2024,706,29,17.75337791442871,17.0,0.7533779144287109
landshuter_allee,xgboost,autumn_2024,707,29,20.470993041992188,18.0,2.4709930419921875
landshuter_allee,xgboost,autumn_2024,708,29,20.67484474182129,19.0,1.674844741821289
landshuter_allee,xgboost,autumn_2024,709,29,20.333398818969727,17.0,3.3333988189697266
landshuter_allee,xgboost,autumn_2024,710,29,16.637147903442383,14.0,2.637147903442383
landshuter_allee,xgboost,autumn_2024,711,29,13.578983306884766,13.0,0.5789833068847656
landshuter_allee,xgboost,autumn_2024,712,29,15.478693962097168,15.0,0.47869396209716797
landshuter_allee,xgboost,autumn_2024,713,29,18.583148956298828,19.0,0.4168510437011719
landshuter_allee,xgboost,autumn_2024,714,29,20.042469024658203,19.0,1.0424690246582031
landshuter_allee,xgboost,autumn_2024,715,29,20.47890853881836,19.0,1.4789085388183594
landshuter_allee,xgboost,autumn_2024,716,29,20.477720260620117,18.0,2.477720260620117
landshuter_allee,xgboost,autumn_2024,717,29,21.083457946777344,20.0,1.0834579467773438
landshuter_allee,xgboost,autumn_2024,718,29,19.774797439575195,17.0,2.7747974395751953
landshuter_allee,xgboost,autumn_2024,719,29,16.56014633178711,15.0,1.5601463317871094
landshuter_allee,xgboost,autumn_2024,720,30,16.103944778442383,17.0,0.8960552215576172
landshuter_allee,xgboost,autumn_2024,721,30,18.609394073486328,23.0,4.390605926513672
landshuter_allee,xgboost,autumn_2024,722,30,20.107994079589844,23.0,2.8920059204101562
landshuter_allee,xgboost,autumn_2024,723,30,18.7884464263916,18.0,0.7884464263916016
landshuter_allee,xgboost,autumn_2024,724,30,15.990960121154785,14.0,1.9909601211547852
landshuter_allee,xgboost,autumn_2024,725,30,10.754915237426758,11.0,0.2450847625732422
landshuter_allee,xgboost,autumn_2024,726,30,9.243682861328125,10.0,0.756317138671875
landshuter_allee,xgboost,autumn_2024,727,30,9.526206016540527,10.0,0.47379398345947266
landshuter_allee,xgboost,autumn_2024,728,30,10.901556015014648,14.0,3.0984439849853516
landshuter_allee,xgboost,autumn_2024,729,30,10.408334732055664,11.0,0.5916652679443359
landshuter_allee,xgboost,autumn_2024,730,30,9.52224349975586,10.75,1.2277565002441406
landshuter_allee,xgboost,autumn_2024,731,30,9.079570770263672,10.5,1.4204292297363281
landshuter_allee,xgboost,autumn_2024,732,30,9.501327514648438,10.25,0.7486724853515625
landshuter_allee,xgboost,autumn_2024,733,30,9.386058807373047,10.0,0.6139411926269531
landshuter_allee,xgboost,autumn_2024,734,30,9.227128982543945,11.0,1.7728710174560547
landshuter_allee,xgboost,autumn_2024,735,30,9.382415771484375,11.0,1.617584228515625
landshuter_allee,xgboost,autumn_2024,736,30,10.16795825958252,11.0,0.8320417404174805
landshuter_allee,xgboost,autumn_2024,737,30,11.011310577392578,11.0,0.011310577392578125
landshuter_allee,xgboost,autumn_2024,738,30,11.563429832458496,13.0,1.436570167541504
landshuter_allee,xgboost,autumn_2024,739,30,12.963090896606445,14.0,1.0369091033935547
landshuter_allee,xgboost,autumn_2024,740,30,13.15025806427002,15.0,1.8497419357299805
landshuter_allee,xgboost,autumn_2024,741,30,13.95879077911377,15.0,1.0412092208862305
landshuter_allee,xgboost,autumn_2024,742,30,13.791373252868652,16.0,2.2086267471313477
landshuter_allee,xgboost,autumn_2024,743,30,13.450682640075684,16.0,2.5493173599243164
landshuter_allee,xgboost,autumn_2024,744,31,13.369247436523438,16.0,2.6307525634765625
landshuter_allee,xgboost,autumn_2024,745,31,13.647112846374512,16.0,2.3528871536254883
landshuter_allee,xgboost,autumn_2024,746,31,12.306670188903809,13.0,0.6933298110961914
landshuter_allee,xgboost,autumn_2024,747,31,9.629910469055176,10.0,0.3700895309448242
landshuter_allee,xgboost,autumn_2024,748,31,9.178815841674805,11.0,1.8211841583251953
landshuter_allee,xgboost,autumn_2024,749,31,9.95771312713623,12.0,2.0422868728637695
landshuter_allee,xgboost,autumn_2024,750,31,9.426220893859863,11.0,1.5737791061401367
landshuter_allee,xgboost,autumn_2024,751,31,8.821924209594727,9.0,0.17807579040527344
landshuter_allee,xgboost,autumn_2024,752,31,7.932581424713135,8.0,0.06741857528686523
landshuter_allee,xgboost,autumn_2024,753,31,7.543689250946045,8.0,0.4563107490539551
landshuter_allee,xgboost,autumn_2024,754,31,6.846562385559082,7.0,0.15343761444091797
landshuter_allee,xgboost,autumn_2024,755,31,5.383777618408203,5.0,0.3837776184082031
landshuter_allee,xgboost,autumn_2024,756,31,3.8141026496887207,3.0,0.8141026496887207
landshuter_allee,xgboost,autumn_2024,757,31,3.1294384002685547,4.0,0.8705615997314453
landshuter_allee,xgboost,autumn_2024,758,31,3.0237843990325928,3.0,0.023784399032592773
landshuter_allee,xgboost,autumn_2024,759,31,3.5461909770965576,4.0,0.4538090229034424
landshuter_allee,xgboost,autumn_2024,760,31,4.570148468017578,5.0,0.4298515319824219
landshuter_allee,xgboost,autumn_2024,761,31,10.241584777832031,20.0,9.758415222167969
landshuter_allee,xgboost,autumn_2024,762,31,11.774249076843262,12.0,0.22575092315673828
landshuter_allee,xgboost,autumn_2024,763,31,14.454636573791504,16.0,1.545363426208496
landshuter_allee,xgboost,autumn_2024,764,31,18.139345169067383,17.0,1.1393451690673828
landshuter_allee,xgboost,autumn_2024,765,31,20.112043380737305,22.0,1.8879566192626953
landshuter_allee,xgboost,autumn_2024,766,31,17.387065887451172,17.0,0.3870658874511719
landshuter_allee,xgboost,autumn_2024,767,31,12.161558151245117,10.0,2.161558151245117
landshuter_allee,xgboost,autumn_2024,768,32,10.607020378112793,8.0,2.607020378112793
landshuter_allee,xgboost,autumn_2024,769,32,10.221790313720703,7.0,3.221790313720703
landshuter_allee,xgboost,autumn_2024,770,32,11.936285972595215,11.0,0.9362859725952148
landshuter_allee,xgboost,autumn_2024,771,32,12.591522216796875,11.0,1.591522216796875
landshuter_allee,xgboost,autumn_2024,772,32,13.843173027038574,12.0,1.8431730270385742
landshuter_allee,xgboost,autumn_2024,773,32,13.991522789001465,11.0,2.991522789001465
landshuter_allee,xgboost,autumn_2024,774,32,14.258983612060547,10.0,4.258983612060547
landshuter_allee,xgboost,autumn_2024,775,32,16.924352645874023,16.0,0.9243526458740234
landshuter_allee,xgboost,autumn_2024,776,32,16.82182502746582,14.0,2.8218250274658203
landshuter_allee,xgboost,autumn_2024,777,32,15.161565780639648,11.0,4.161565780639648
landshuter_allee,xgboost,autumn_2024,778,32,12.899492263793945,9.0,3.8994922637939453
landshuter_allee,xgboost,autumn_2024,779,32,9.919806480407715,6.0,3.919806480407715
landshuter_allee,xgboost,autumn_2024,780,32,8.53425121307373,6.0,2.5342512130737305
landshuter_allee,xgboost,autumn_2024,781,32,9.240835189819336,10.0,0.7591648101806641
landshuter_allee,xgboost,autumn_2024,782,32,9.573070526123047,9.0,0.5730705261230469
landshuter_allee,xgboost,autumn_2024,783,32,9.895059585571289,9.0,0.8950595855712891
landshuter_allee,xgboost,autumn_2024,784,32,9.612227439880371,9.0,0.6122274398803711
landshuter_allee,xgboost,autumn_2024,785,32,9.628787994384766,8.0,1.6287879943847656
landshuter_allee,xgboost,autumn_2024,786,32,9.188173294067383,8.0,1.1881732940673828
landshuter_allee,xgboost,autumn_2024,787,32,9.680503845214844,8.0,1.6805038452148438
landshuter_allee,xgboost,autumn_2024,788,32,11.069016456604004,11.0,0.0690164566040039
landshuter_allee,xgboost,autumn_2024,789,32,10.038558006286621,9.0,1.038558006286621
landshuter_allee,xgboost,autumn_2024,790,32,9.595004081726074,9.0,0.5950040817260742
landshuter_allee,xgboost,autumn_2024,791,32,10.009052276611328,9.0,1.0090522766113281
landshuter_allee,xgboost,autumn_2024,792,33,10.88450813293457,10.0,0.8845081329345703
landshuter_allee,xgboost,autumn_2024,793,33,11.449075698852539,11.0,0.44907569885253906
landshuter_allee,xgboost,autumn_2024,794,33,12.122142791748047,12.0,0.12214279174804688
landshuter_allee,xgboost,autumn_2024,795,33,13.160785675048828,12.0,1.1607856750488281
landshuter_allee,xgboost,autumn_2024,796,33,13.620455741882324,12.0,1.6204557418823242
landshuter_allee,xgboost,autumn_2024,797,33,13.340913772583008,11.0,2.340913772583008
landshuter_allee,xgboost,autumn_2024,798,33,12.5088472366333,10.0,2.508847236633301
landshuter_allee,xgboost,autumn_2024,799,33,12.108843803405762,10.0,2.1088438034057617
landshuter_allee,xgboost,autumn_2024,800,33,11.437687873840332,10.0,1.437687873840332
landshuter_allee,xgboost,autumn_2024,801,33,11.489276885986328,11.0,0.4892768859863281
landshuter_allee,xgboost,autumn_2024,802,33,11.488327026367188,11.0,0.4883270263671875
landshuter_allee,xgboost,autumn_2024,803,33,11.484391212463379,11.0,0.4843912124633789
landshuter_allee,xgboost,autumn_2024,804,33,11.236076354980469,10.0,1.2360763549804688
landshuter_allee,xgboost,autumn_2024,805,33,10.59406852722168,10.0,0.5940685272216797
landshuter_allee,xgboost,autumn_2024,806,33,9.551971435546875,9.0,0.551971435546875
landshuter_allee,xgboost,autumn_2024,807,33,8.9131498336792,8.0,0.9131498336791992
landshuter_allee,xgboost,autumn_2024,808,33,8.561700820922852,7.0,1.5617008209228516
landshuter_allee,xgboost,autumn_2024,809,33,8.505330085754395,7.0,1.5053300857543945
landshuter_allee,xgboost,autumn_2024,810,33,9.089746475219727,8.0,1.0897464752197266
landshuter_allee,xgboost,autumn_2024,811,33,9.509690284729004,8.0,1.509690284729004
landshuter_allee,xgboost,autumn_2024,812,33,10.455083847045898,9.0,1.4550838470458984
landshuter_allee,xgboost,autumn_2024,813,33,10.146200180053711,10.0,0.14620018005371094
landshuter_allee,xgboost,autumn_2024,814,33,9.913056373596191,10.0,0.0869436264038086
landshuter_allee,xgboost,autumn_2024,815,33,10.261514663696289,11.0,0.7384853363037109
landshuter_allee,xgboost,autumn_2024,816,34,11.336827278137207,10.0,1.336827278137207
landshuter_allee,xgboost,autumn_2024,817,34,12.25674057006836,10.0,2.2567405700683594
landshuter_allee,xgboost,autumn_2024,818,34,12.934087753295898,10.0,2.9340877532958984
landshuter_allee,xgboost,autumn_2024,819,34,13.8782958984375,10.0,3.8782958984375
landshuter_allee,xgboost,autumn_2024,820,34,14.385446548461914,11.0,3.385446548461914
landshuter_allee,xgboost,autumn_2024,821,34,13.981547355651855,11.0,2.9815473556518555
landshuter_allee,xgboost,autumn_2024,822,34,12.925243377685547,10.0,2.925243377685547
landshuter_allee,xgboost,autumn_2024,823,34,12.831424713134766,11.0,1.8314247131347656
landshuter_allee,xgboost,autumn_2024,824,34,12.995976448059082,12.0,0.995976448059082
landshuter_allee,xgboost,autumn_2024,825,34,12.342330932617188,11.0,1.3423309326171875
landshuter_allee,xgboost,autumn_2024,826,34,12.018858909606934,11.0,1.0188589096069336
landshuter_allee,xgboost,autumn_2024,827,34,11.134415626525879,10.0,1.134415626525879
landshuter_allee,xgboost,autumn_2024,828,34,9.78603744506836,8.0,1.7860374450683594
landshuter_allee,xgboost,autumn_2024,829,34,8.597783088684082,7.0,1.597783088684082
landshuter_allee,xgboost,autumn_2024,830,34,7.887147426605225,7.0,0.8871474266052246
landshuter_allee,xgboost,autumn_2024,831,34,9.005348205566406,9.0,0.00534820556640625
landshuter_allee,xgboost,autumn_2024,832,34,11.144606590270996,10.0,1.144606590270996
landshuter_allee,xgboost,autumn_2024,833,34,12.310700416564941,10.0,2.3107004165649414
landshuter_allee,xgboost,autumn_2024,834,34,13.355792045593262,12.0,1.3557920455932617
landshuter_allee,xgboost,autumn_2024,835,34,13.840547561645508,13.0,0.8405475616455078
landshuter_allee,xgboost,autumn_2024,836,34,14.745833396911621,13.0,1.745833396911621
landshuter_allee,xgboost,autumn_2024,837,34,14.945064544677734,13.0,1.9450645446777344
landshuter_allee,xgboost,autumn_2024,838,34,13.96512508392334,11.0,2.96512508392334
landshuter_allee,xgboost,autumn_2024,839,34,13.575581550598145,12.0,1.5755815505981445
landshuter_allee,xgboost,autumn_2024,840,35,13.377882957458496,12.0,1.377882957458496
landshuter_allee,xgboost,autumn_2024,841,35,13.698760986328125,12.0,1.698760986328125
landshuter_allee,xgboost,autumn_2024,842,35,13.88514518737793,12.0,1.8851451873779297
landshuter_allee,xgboost,autumn_2024,843,35,13.320652961730957,13.0,0.32065296173095703
landshuter_allee,xgboost,autumn_2024,844,35,11.916459083557129,11.0,0.9164590835571289
landshuter_allee,xgboost,autumn_2024,845,35,10.255581855773926,9.0,1.2555818557739258
landshuter_allee,xgboost,autumn_2024,846,35,8.241426467895508,7.0,1.2414264678955078
landshuter_allee,xgboost,autumn_2024,847,35,7.724593162536621,8.0,0.2754068374633789
landshuter_allee,xgboost,autumn_2024,848,35,8.452910423278809,9.0,0.5470895767211914
landshuter_allee,xgboost,autumn_2024,849,35,8.138042449951172,8.0,0.13804244995117188
landshuter_allee,xgboost,autumn_2024,850,35,8.161284446716309,8.0,0.1612844467163086
landshuter_allee,xgboost,autumn_2024,851,35,8.521672248840332,8.0,0.521672248840332
landshuter_allee,xgboost,autumn_2024,852,35,8.511488914489746,8.0,0.5114889144897461
landshuter_allee,xgboost,autumn_2024,853,35,9.312113761901855,10.0,0.6878862380981445
landshuter_allee,xgboost,autumn_2024,854,35,10.13013744354248,11.0,0.8698625564575195
landshuter_allee,xgboost,autumn_2024,855,35,11.24218463897705,10.0,1.2421846389770508
landshuter_allee,xgboost,autumn_2024,856,35,11.285102844238281,7.0,4.285102844238281
landshuter_allee,xgboost,autumn_2024,857,35,11.472805976867676,8.0,3.472805976867676
landshuter_allee,xgboost,autumn_2024,858,35,11.849531173706055,8.0,3.8495311737060547
landshuter_allee,xgboost,autumn_2024,859,35,13.034271240234375,10.0,3.034271240234375
landshuter_allee,xgboost,autumn_2024,860,35,15.296470642089844,13.0,2.2964706420898438
landshuter_allee,xgboost,autumn_2024,861,35,15.216357231140137,14.0,1.2163572311401367
landshuter_allee,xgboost,autumn_2024,862,35,13.913290977478027,14.0,0.08670902252197266
landshuter_allee,xgboost,autumn_2024,863,35,12.510680198669434,13.0,0.4893198013305664
landshuter_allee,xgboost,autumn_2024,864,36,11.218700408935547,10.0,1.2187004089355469
landshuter_allee,xgboost,autumn_2024,865,36,8.217011451721191,8.0,0.2170114517211914
landshuter_allee,xgboost,autumn_2024,866,36,7.155886173248291,8.0,0.844113826751709
landshuter_allee,xgboost,autumn_2024,867,36,7.1436076164245605,9.0,1.8563923835754395
landshuter_allee,xgboost,autumn_2024,868,36,7.099250316619873,7.0,0.09925031661987305
landshuter_allee,xgboost,autumn_2024,869,36,7.742349624633789,9.0,1.257650375366211
landshuter_allee,xgboost,autumn_2024,870,36,9.031706809997559,11.0,1.9682931900024414
landshuter_allee,xgboost,autumn_2024,871,36,8.488146781921387,8.0,0.4881467819213867
landshuter_allee,xgboost,autumn_2024,872,36,9.733466148376465,11.0,1.2665338516235352
landshuter_allee,xgboost,autumn_2024,873,36,11.26524829864502,12.0,0.7347517013549805
landshuter_allee,xgboost,autumn_2024,874,36,12.557249069213867,11.0,1.5572490692138672
landshuter_allee,xgboost,autumn_2024,875,36,16.87721824645996,14.0,2.877218246459961
landshuter_allee,xgboost,autumn_2024,876,36,17.285690307617188,12.0,5.2856903076171875
landshuter_allee,xgboost,autumn_2024,877,36,18.496257781982422,14.0,4.496257781982422
landshuter_allee,xgboost,autumn_2024,878,36,18.457128524780273,14.0,4.457128524780273
landshuter_allee,xgboost,autumn_2024,879,36,18.20656967163086,14.0,4.206569671630859
landshuter_allee,xgboost,autumn_2024,880,36,18.314882278442383,14.0,4.314882278442383
landshuter_allee,xgboost,autumn_2024,881,36,16.51247215270996,13.0,3.512472152709961
landshuter_allee,xgboost,autumn_2024,882,36,16.457256317138672,15.0,1.4572563171386719
landshuter_allee,xgboost,autumn_2024,883,36,17.3399658203125,15.0,2.3399658203125
landshuter_allee,xgboost,autumn_2024,884,36,16.86337661743164,12.0,4.863376617431641
landshuter_allee,xgboost,autumn_2024,885,36,15.453069686889648,12.0,3.4530696868896484
landshuter_allee,xgboost,autumn_2024,886,36,15.508442878723145,13.0,2.5084428787231445
landshuter_allee,xgboost,autumn_2024,887,36,14.485692024230957,11.0,3.485692024230957
landshuter_allee,xgboost,autumn_2024,888,37,12.389825820922852,10.0,2.3898258209228516
landshuter_allee,xgboost,autumn_2024,889,37,11.761482238769531,11.0,0.7614822387695312
landshuter_allee,xgboost,autumn_2024,890,37,10.21810245513916,8.0,2.21810245513916
landshuter_allee,xgboost,autumn_2024,891,37,9.183777809143066,8.0,1.1837778091430664
landshuter_allee,xgboost,autumn_2024,892,37,8.775331497192383,8.0,0.7753314971923828
landshuter_allee,xgboost,autumn_2024,893,37,8.113883972167969,7.0,1.1138839721679688
landshuter_allee,xgboost,autumn_2024,894,37,7.587101459503174,6.0,1.5871014595031738
landshuter_allee,xgboost,autumn_2024,895,37,7.835254192352295,6.0,1.835254192352295
landshuter_allee,xgboost,autumn_2024,896,37,7.760022163391113,6.0,1.7600221633911133
landshuter_allee,xgboost,autumn_2024,897,37,7.629432678222656,6.0,1.6294326782226562
landshuter_allee,xgboost,autumn_2024,898,37,7.49274206161499,6.0,1.4927420616149902
landshuter_allee,xgboost,autumn_2024,899,37,8.04086685180664,7.0,1.0408668518066406
landshuter_allee,xgboost,autumn_2024,900,37,8.949115753173828,8.0,0.9491157531738281
landshuter_allee,xgboost,autumn_2024,901,37,9.558403015136719,9.0,0.5584030151367188
landshuter_allee,xgboost,autumn_2024,902,37,9.746370315551758,8.0,1.7463703155517578
landshuter_allee,xgboost,autumn_2024,903,37,9.479560852050781,8.0,1.4795608520507812
landshuter_allee,xgboost,autumn_2024,904,37,9.318160057067871,7.0,2.318160057067871
landshuter_allee,xgboost,autumn_2024,905,37,9.190238952636719,7.0,2.1902389526367188
landshuter_allee,xgboost,autumn_2024,906,37,9.1315336227417,7.0,2.131533622741699
landshuter_allee,xgboost,autumn_2024,907,37,8.97531509399414,8.0,0.9753150939941406
landshuter_allee,xgboost,autumn_2024,908,37,8.45423698425293,8.0,0.4542369842529297
landshuter_allee,xgboost,autumn_2024,909,37,7.804786205291748,6.0,1.804786205291748
landshuter_allee,xgboost,autumn_2024,910,37,7.622473239898682,6.0,1.6224732398986816
landshuter_allee,xgboost,autumn_2024,911,37,6.893917560577393,5.0,1.8939175605773926
landshuter_allee,xgboost,autumn_2024,912,38,6.5271382331848145,6.0,0.5271382331848145
landshuter_allee,xgboost,autumn_2024,913,38,6.293038368225098,7.0,0.7069616317749023
landshuter_allee,xgboost,autumn_2024,914,38,6.4427900314331055,7.0,0.5572099685668945
landshuter_allee,xgboost,autumn_2024,915,38,6.134113311767578,5.0,1.1341133117675781
landshuter_allee,xgboost,autumn_2024,916,38,6.151146411895752,6.0,0.15114641189575195
landshuter_allee,xgboost,autumn_2024,917,38,6.040117263793945,5.0,1.0401172637939453
landshuter_allee,xgboost,autumn_2024,918,38,6.072920799255371,6.0,0.0729207992553711
landshuter_allee,xgboost,autumn_2024,919,38,6.140539646148682,6.0,0.14053964614868164
landshuter_allee,xgboost,autumn_2024,920,38,6.010647296905518,6.0,0.010647296905517578
landshuter_allee,xgboost,autumn_2024,921,38,5.988471508026123,6.0,0.011528491973876953
landshuter_allee,xgboost,autumn_2024,922,38,5.465147972106934,5.0,0.4651479721069336
landshuter_allee,xgboost,autumn_2024,923,38,4.358778476715088,3.0,1.358778476715088
landshuter_allee,xgboost,autumn_2024,924,38,4.054425239562988,3.0,1.0544252395629883
landshuter_allee,xgboost,autumn_2024,925,38,4.546222686767578,4.0,0.5462226867675781
landshuter_allee,xgboost,autumn_2024,926,38,5.190290927886963,5.0,0.1902909278869629
landshuter_allee,xgboost,autumn_2024,927,38,5.6685919761657715,5.0,0.6685919761657715
landshuter_allee,xgboost,autumn_2024,928,38,6.086118221282959,4.0,2.086118221282959
landshuter_allee,xgboost,autumn_2024,929,38,6.248586654663086,4.0,2.248586654663086
landshuter_allee,xgboost,autumn_2024,930,38,6.776996612548828,4.0,2.776996612548828
landshuter_allee,xgboost,autumn_2024,931,38,7.3420796394348145,7.0,0.34207963943481445
landshuter_allee,xgboost,autumn_2024,932,38,8.610941886901855,9.0,0.38905811309814453
landshuter_allee,xgboost,autumn_2024,933,38,8.999768257141113,9.0,0.00023174285888671875
landshuter_allee,xgboost,autumn_2024,934,38,9.13554573059082,9.0,0.1355457305908203
landshuter_allee,xgboost,autumn_2024,935,38,9.301898956298828,8.0,1.3018989562988281
landshuter_allee,xgboost,autumn_2024,936,39,9.866665840148926,9.0,0.8666658401489258
landshuter_allee,xgboost,autumn_2024,937,39,10.459662437438965,10.0,0.45966243743896484
landshuter_allee,xgboost,autumn_2024,938,39,10.004035949707031,9.0,1.0040359497070312
landshuter_allee,xgboost,autumn_2024,939,39,9.401711463928223,8.0,1.4017114639282227
landshuter_allee,xgboost,autumn_2024,940,39,8.820730209350586,7.0,1.820730209350586
landshuter_allee,xgboost,autumn_2024,941,39,8.755837440490723,7.0,1.7558374404907227
landshuter_allee,xgboost,autumn_2024,942,39,8.398545265197754,7.0,1.398545265197754
landshuter_allee,xgboost,autumn_2024,943,39,7.8692145347595215,7.0,0.8692145347595215
landshuter_allee,xgboost,autumn_2024,944,39,8.389580726623535,7.0,1.3895807266235352
landshuter_allee,xgboost,autumn_2024,945,39,8.400931358337402,5.0,3.4009313583374023
landshuter_allee,xgboost,autumn_2024,946,39,8.118809700012207,6.0,2.118809700012207
landshuter_allee,xgboost,autumn_2024,947,39,8.759366035461426,6.0,2.759366035461426
landshuter_allee,xgboost,autumn_2024,948,39,9.113874435424805,7.0,2.1138744354248047
landshuter_allee,xgboost,autumn_2024,949,39,11.006515502929688,11.0,0.0065155029296875
landshuter_allee,xgboost,autumn_2024,950,39,13.19782543182373,13.0,0.19782543182373047
landshuter_allee,xgboost,autumn_2024,951,39,15.677802085876465,15.0,0.6778020858764648
landshuter_allee,xgboost,autumn_2024,952,39,17.548587799072266,15.0,2.5485877990722656
landshuter_allee,xgboost,autumn_2024,953,39,16.945026397705078,15.0,1.9450263977050781
landshuter_allee,xgboost,autumn_2024,954,39,16.10763931274414,15.0,1.1076393127441406
landshuter_allee,xgboost,autumn_2024,955,39,16.213485717773438,15.0,1.2134857177734375
landshuter_allee,xgboost,autumn_2024,956,39,16.423505783081055,16.0,0.4235057830810547
landshuter_allee,xgboost,autumn_2024,957,39,16.64711570739746,16.0,0.6471157073974609
landshuter_allee,xgboost,autumn_2024,958,39,17.287052154541016,17.0,0.2870521545410156
landshuter_allee,xgboost,autumn_2024,959,39,17.393827438354492,16.0,1.3938274383544922
landshuter_allee,xgboost,autumn_2024,960,40,17.700851440429688,18.0,0.2991485595703125
landshuter_allee,xgboost,autumn_2024,961,40,17.53754997253418,18.0,0.4624500274658203
landshuter_allee,xgboost,autumn_2024,962,40,12.218295097351074,11.0,1.2182950973510742
landshuter_allee,xgboost,autumn_2024,963,40,6.761224746704102,7.0,0.23877525329589844
landshuter_allee,xgboost,autumn_2024,964,40,5.717302322387695,6.0,0.2826976776123047
landshuter_allee,xgboost,autumn_2024,965,40,5.764472007751465,6.0,0.23552799224853516
landshuter_allee,xgboost,autumn_2024,966,40,5.696858882904053,5.0,0.6968588829040527
landshuter_allee,xgboost,autumn_2024,967,40,5.7808403968811035,6.0,0.21915960311889648
landshuter_allee,xgboost,autumn_2024,968,40,5.859597206115723,5.0,0.8595972061157227
landshuter_allee,xgboost,autumn_2024,969,40,6.277181625366211,6.0,0.27718162536621094
landshuter_allee,xgboost,autumn_2024,970,40,6.860554218292236,7.0,0.13944578170776367
landshuter_allee,xgboost,autumn_2024,971,40,7.5992207527160645,7.0,0.5992207527160645
landshuter_allee,xgboost,autumn_2024,972,40,7.723268508911133,5.0,2.723268508911133
landshuter_allee,xgboost,autumn_2024,973,40,8.167061805725098,6.0,2.1670618057250977
landshuter_allee,xgboost,autumn_2024,974,40,8.299968719482422,6.0,2.299968719482422
landshuter_allee,xgboost,autumn_2024,975,40,8.880778312683105,8.0,0.8807783126831055
landshuter_allee,xgboost,autumn_2024,976,40,9.247983932495117,8.0,1.2479839324951172
landshuter_allee,xgboost,autumn_2024,977,40,10.038270950317383,7.0,3.038270950317383
landshuter_allee,xgboost,autumn_2024,978,40,11.269906044006348,9.0,2.2699060440063477
landshuter_allee,xgboost,autumn_2024,979,40,11.816883087158203,11.0,0.8168830871582031
landshuter_allee,xgboost,autumn_2024,980,40,12.610503196716309,12.0,0.6105031967163086
landshuter_allee,xgboost,autumn_2024,981,40,13.867931365966797,12.0,1.8679313659667969
landshuter_allee,xgboost,autumn_2024,982,40,13.981639862060547,14.0,0.018360137939453125
landshuter_allee,xgboost,autumn_2024,983,40,14.47691822052002,15.0,0.5230817794799805
landshuter_allee,xgboost,autumn_2024,984,41,15.809703826904297,15.0,0.8097038269042969
landshuter_allee,xgboost,autumn_2024,985,41,17.949098587036133,17.0,0.9490985870361328
landshuter_allee,xgboost,autumn_2024,986,41,19.18096923828125,17.0,2.18096923828125
landshuter_allee,xgboost,autumn_2024,987,41,19.619720458984375,16.0,3.619720458984375
landshuter_allee,xgboost,autumn_2024,988,41,19.777915954589844,17.0,2.7779159545898438
landshuter_allee,xgboost,autumn_2024,989,41,19.835289001464844,18.0,1.8352890014648438
landshuter_allee,xgboost,autumn_2024,990,41,20.18987274169922,18.0,2.1898727416992188
landshuter_allee,xgboost,autumn_2024,991,41,20.143476486206055,17.0,3.1434764862060547
landshuter_allee,xgboost,autumn_2024,992,41,18.503028869628906,14.0,4.503028869628906
landshuter_allee,xgboost,autumn_2024,993,41,17.657550811767578,14.5,3.157550811767578
landshuter_allee,xgboost,autumn_2024,994,41,18.331504821777344,15.0,3.3315048217773438
landshuter_allee,xgboost,autumn_2024,995,41,18.940643310546875,16.0,2.940643310546875
landshuter_allee,xgboost,autumn_2024,996,41,20.525781631469727,19.0,1.5257816314697266
landshuter_allee,xgboost,autumn_2024,997,41,19.940786361694336,20.0,0.05921363830566406
landshuter_allee,xgboost,autumn_2024,998,41,19.068031311035156,19.0,0.06803131103515625
landshuter_allee,xgboost,autumn_2024,999,41,19.826120376586914,19.0,0.8261203765869141
landshuter_allee,xgboost,autumn_2024,1000,41,20.461502075195312,19.0,1.4615020751953125
landshuter_allee,xgboost,autumn_2024,1001,41,22.071504592895508,23.0,0.9284954071044922
landshuter_allee,xgboost,autumn_2024,1002,41,22.931049346923828,21.0,1.9310493469238281
landshuter_allee,xgboost,autumn_2024,1003,41,22.026201248168945,18.0,4.026201248168945
landshuter_allee,xgboost,autumn_2024,1004,41,20.76260757446289,16.0,4.762607574462891
landshuter_allee,xgboost,autumn_2024,1005,41,20.43940544128418,18.0,2.4394054412841797
landshuter_allee,xgboost,autumn_2024,1006,41,20.14328956604004,18.0,2.143289566040039
landshuter_allee,xgboost,autumn_2024,1007,41,19.664411544799805,18.0,1.6644115447998047
landshuter_allee,xgboost,autumn_2024,1008,42,18.81145477294922,18.0,0.8114547729492188
landshuter_allee,xgboost,autumn_2024,1009,42,19.871246337890625,21.0,1.128753662109375
landshuter_allee,xgboost,autumn_2024,1010,42,21.575580596923828,25.0,3.424419403076172
landshuter_allee,xgboost,autumn_2024,1011,42,23.471881866455078,27.0,3.528118133544922
landshuter_allee,xgboost,autumn_2024,1012,42,23.342182159423828,25.0,1.6578178405761719
landshuter_allee,xgboost,autumn_2024,1013,42,23.18341827392578,24.0,0.8165817260742188
landshuter_allee,xgboost,autumn_2024,1014,42,26.83112335205078,32.0,5.168876647949219
landshuter_allee,xgboost,autumn_2024,1015,42,31.13882827758789,39.0,7.861171722412109
landshuter_allee,xgboost,autumn_2024,1016,42,34.19597625732422,38.0,3.8040237426757812
landshuter_allee,xgboost,autumn_2024,1017,42,33.26795959472656,31.0,2.2679595947265625
landshuter_allee,xgboost,autumn_2024,1018,42,30.040414810180664,26.0,4.040414810180664
landshuter_allee,xgboost,autumn_2024,1019,42,27.245105743408203,25.0,2.245105743408203
landshuter_allee,xgboost,autumn_2024,1020,42,21.517433166503906,19.0,2.5174331665039062
landshuter_allee,xgboost,autumn_2024,1021,42,16.88186264038086,14.0,2.8818626403808594
landshuter_allee,xgboost,autumn_2024,1022,42,14.577974319458008,14.0,0.5779743194580078
landshuter_allee,xgboost,autumn_2024,1023,42,15.902152061462402,17.0,1.0978479385375977
landshuter_allee,xgboost,autumn_2024,1024,42,16.2486515045166,16.0,0.24865150451660156
landshuter_allee,xgboost,autumn_2024,1025,42,15.452240943908691,14.0,1.4522409439086914
landshuter_allee,xgboost,autumn_2024,1026,42,15.249248504638672,14.0,1.2492485046386719
landshuter_allee,xgboost,autumn_2024,1027,42,16.067811965942383,15.0,1.0678119659423828
landshuter_allee,xgboost,autumn_2024,1028,42,17.723962783813477,17.0,0.7239627838134766
landshuter_allee,xgboost,autumn_2024,1029,42,18.859691619873047,18.0,0.8596916198730469
landshuter_allee,xgboost,autumn_2024,1030,42,19.37952995300293,19.0,0.3795299530029297
landshuter_allee,xgboost,autumn_2024,1031,42,18.641395568847656,19.0,0.35860443115234375
landshuter_allee,xgboost,autumn_2024,1032,43,18.04897689819336,19.0,0.9510231018066406
landshuter_allee,xgboost,autumn_2024,1033,43,18.389352798461914,21.0,2.610647201538086
landshuter_allee,xgboost,autumn_2024,1034,43,18.85628890991211,22.0,3.1437110900878906
landshuter_allee,xgboost,autumn_2024,1035,43,20.06252670288086,24.0,3.9374732971191406
landshuter_allee,xgboost,autumn_2024,1036,43,20.11587142944336,23.0,2.8841285705566406
landshuter_allee,xgboost,autumn_2024,1037,43,19.792259216308594,21.0,1.2077407836914062
landshuter_allee,xgboost,autumn_2024,1038,43,18.899812698364258,19.0,0.10018730163574219
landshuter_allee,xgboost,autumn_2024,1039,43,19.41077995300293,22.0,2.5892200469970703
landshuter_allee,xgboost,autumn_2024,1040,43,18.69943618774414,21.0,2.3005638122558594
landshuter_allee,xgboost,autumn_2024,1041,43,18.7398738861084,21.0,2.2601261138916016
landshuter_allee,xgboost,autumn_2024,1042,43,19.430023193359375,21.0,1.569976806640625
landshuter_allee,xgboost,autumn_2024,1043,43,19.626930236816406,21.0,1.3730697631835938
landshuter_allee,xgboost,autumn_2024,1044,43,20.488969802856445,21.0,0.5110301971435547
landshuter_allee,xgboost,autumn_2024,1045,43,20.0244140625,21.0,0.9755859375
landshuter_allee,xgboost,autumn_2024,1046,43,19.21768569946289,19.0,0.21768569946289062
landshuter_allee,xgboost,autumn_2024,1047,43,18.240894317626953,16.0,2.240894317626953
landshuter_allee,xgboost,autumn_2024,1048,43,18.125661849975586,17.0,1.125661849975586
landshuter_allee,xgboost,autumn_2024,1049,43,17.575708389282227,18.0,0.42429161071777344
landshuter_allee,xgboost,autumn_2024,1050,43,19.00418472290039,19.0,0.004184722900390625
landshuter_allee,xgboost,autumn_2024,1051,43,18.8103084564209,19.0,0.18969154357910156
landshuter_allee,xgboost,autumn_2024,1052,43,17.911510467529297,17.0,0.9115104675292969
landshuter_allee,xgboost,autumn_2024,1053,43,17.40365982055664,16.0,1.4036598205566406
landshuter_allee,xgboost,autumn_2024,1054,43,15.547211647033691,14.0,1.5472116470336914
landshuter_allee,xgboost,autumn_2024,1055,43,13.113877296447754,13.0,0.1138772964477539
