station,model,window,hour_index,day_index,pred,actual,abs_error
landshuter_allee,lightgbm,spring_2024,0,0,15.424643606402565,17.0,1.5753563935974348
landshuter_allee,lightgbm,spring_2024,1,0,13.402614098599502,17.0,3.5973859014004983
landshuter_allee,lightgbm,spring_2024,2,0,13.081797804079791,16.0,2.918202195920209
landshuter_allee,lightgbm,spring_2024,3,0,12.598463388697063,16.0,3.4015366113029373
landshuter_allee,lightgbm,spring_2024,4,0,13.150860920962437,16.0,2.8491390790375632
landshuter_allee,lightgbm,spring_2024,5,0,13.241696778577449,15.0,1.7583032214225511
landshuter_allee,lightgbm,spring_2024,6,0,13.311608684714232,14.0,0.6883913152857684
landshuter_allee,lightgbm,spring_2024,7,0,13.024071788832257,12.0,1.0240717888322575
landshuter_allee,lightgbm,spring_2024,8,0,11.520552526878753,11.0,0.5205525268787525
landshuter_allee,lightgbm,spring_2024,9,0,9.608446615736451,9.0,0.608446615736451
landshuter_allee,lightgbm,spring_2024,10,0,8.072265411777714,7.0,1.072265411777714
landshuter_allee,lightgbm,spring_2024,11,0,7.401150490533172,8.0,0.5988495094668282
landshuter_allee,lightgbm,spring_2024,12,0,7.403876654980671,9.0,1.596123345019329
landshuter_allee,lightgbm,spring_2024,13,0,7.492587148992779,9.0,1.5074128510072207
landshuter_allee,lightgbm,spring_2024,14,0,7.421965998344226,8.0,0.5780340016557739
landshuter_allee,lightgbm,spring_2024,15,0,7.100564407439778,7.0,0.10056440743977824
landshuter_allee,lightgbm,spring_2024,16,0,6.627663920530507,5.0,1.627663920530507
landshuter_allee,lightgbm,spring_2024,17,0,6.920041521157733,5.0,1.9200415211577333
landshuter_allee,lightgbm,spring_2024,18,0,8.83551078563498,6.0,2.8355107856349804
landshuter_allee,lightgbm,spring_2024,19,0,10.670899822689279,9.0,1.6708998226892788
landshuter_allee,lightgbm,spring_2024,20,0,11.602084869474798,7.0,4.602084869474798
landshuter_allee,lightgbm,spring_2024,21,0,10.093695710952193,6.0,4.093695710952193
landshuter_allee,lightgbm,spring_2024,22,0,7.891739691346793,5.0,2.8917396913467934
landshuter_allee,lightgbm,spring_2024,23,0,6.225345259210492,4.0,2.225345259210492
landshuter_allee,lightgbm,spring_2024,24,1,6.3790719209161635,4.0,2.3790719209161635
landshuter_allee,lightgbm,spring_2024,25,1,5.191055952260457,3.0,2.1910559522604567
landshuter_allee,lightgbm,spring_2024,26,1,3.882139862945861,2.0,1.882139862945861
landshuter_allee,lightgbm,spring_2024,27,1,3.4479163873706695,2.0,1.4479163873706695
landshuter_allee,lightgbm,spring_2024,28,1,3.1226859789644124,2.0,1.1226859789644124
landshuter_allee,lightgbm,spring_2024,29,1,3.330823778428691,2.0,1.330823778428691
landshuter_allee,lightgbm,spring_2024,30,1,3.34142874413285,2.0,1.34142874413285
landshuter_allee,lightgbm,spring_2024,31,1,2.9444341158382756,2.0,0.9444341158382756
landshuter_allee,lightgbm,spring_2024,32,1,3.3143002115091145,2.0,1.3143002115091145
landshuter_allee,lightgbm,spring_2024,33,1,3.52706265495751,3.0,0.5270626549575099
landshuter_allee,lightgbm,spring_2024,34,1,4.603400170265437,3.0,1.603400170265437
landshuter_allee,lightgbm,spring_2024,35,1,5.119141065676203,1.0,4.119141065676203
landshuter_allee,lightgbm,spring_2024,36,1,5.14163491049204,2.0,3.14163491049204
landshuter_allee,lightgbm,spring_2024,37,1,5.177684959916679,2.0,3.1776849599166788
landshuter_allee,lightgbm,spring_2024,38,1,5.885191515783258,4.0,1.8851915157832577
landshuter_allee,lightgbm,spring_2024,39,1,6.611862883806361,4.0,2.611862883806361
landshuter_allee,lightgbm,spring_2024,40,1,6.747737481313348,4.0,2.747737481313348
landshuter_allee,lightgbm,spring_2024,41,1,6.819245309486323,4.0,2.8192453094863232
landshuter_allee,lightgbm,spring_2024,42,1,6.517674207771135,3.0,3.517674207771135
landshuter_allee,lightgbm,spring_2024,43,1,5.914803981556798,3.0,2.9148039815567977
landshuter_allee,lightgbm,spring_2024,44,1,5.297263320953332,3.0,2.2972633209533324
landshuter_allee,lightgbm,spring_2024,45,1,4.818456910532533,2.0,2.818456910532533
landshuter_allee,lightgbm,spring_2024,46,1,4.566506891943126,3.0,1.566506891943126
landshuter_allee,lightgbm,spring_2024,47,1,3.1583008956881007,0.5,2.6583008956881007
landshuter_allee,lightgbm,spring_2024,48,2,2.2646346664069856,0.4,1.8646346664069857
landshuter_allee,lightgbm,spring_2024,49,2,1.7195193080433975,0.3,1.4195193080433974
landshuter_allee,lightgbm,spring_2024,50,2,1.8330021460218422,0.4,1.4330021460218423
landshuter_allee,lightgbm,spring_2024,51,2,1.3399443611677375,0.3,1.0399443611677375
landshuter_allee,lightgbm,spring_2024,52,2,1.4830141488158315,0.3,1.1830141488158314
landshuter_allee,lightgbm,spring_2024,53,2,1.6609138927299658,0.3,1.3609138927299658
landshuter_allee,lightgbm,spring_2024,54,2,1.5824922782448168,0.3,1.2824922782448167
landshuter_allee,lightgbm,spring_2024,55,2,1.5671696401078403,0.3,1.2671696401078403
landshuter_allee,lightgbm,spring_2024,56,2,1.4984911063146507,0.4,1.0984911063146505
landshuter_allee,lightgbm,spring_2024,57,2,1.7470945700334826,0.5,1.2470945700334826
landshuter_allee,lightgbm,spring_2024,58,2,1.6354279860150376,0.4,1.2354279860150377
landshuter_allee,lightgbm,spring_2024,59,2,1.5327124522410371,0.4,1.1327124522410372
landshuter_allee,lightgbm,spring_2024,60,2,1.5150993062626994,0.3,1.2150993062626994
landshuter_allee,lightgbm,spring_2024,61,2,1.639687972771745,0.3,1.339687972771745
landshuter_allee,lightgbm,spring_2024,62,2,2.2701694542085016,1.0,1.2701694542085016
landshuter_allee,lightgbm,spring_2024,63,2,2.3027312782358504,1.0,1.3027312782358504
landshuter_allee,lightgbm,spring_2024,64,2,2.480085814892539,1.0,1.480085814892539
landshuter_allee,lightgbm,spring_2024,65,2,2.5273612806513808,1.0,1.5273612806513808
landshuter_allee,lightgbm,spring_2024,66,2,3.3353601325188413,1.0,2.3353601325188413
landshuter_allee,lightgbm,spring_2024,67,2,2.9810062704086335,0.9,2.0810062704086336
landshuter_allee,lightgbm,spring_2024,68,2,2.8380420186145185,1.0,1.8380420186145185
landshuter_allee,lightgbm,spring_2024,69,2,2.3249791397637636,0.8,1.5249791397637635
landshuter_allee,lightgbm,spring_2024,70,2,1.6850126816153104,0.6,1.0850126816153103
landshuter_allee,lightgbm,spring_2024,71,2,1.508131513878741,0.4,1.108131513878741
landshuter_allee,lightgbm,spring_2024,72,3,1.490401695057779,0.3,1.190401695057779
landshuter_allee,lightgbm,spring_2024,73,3,1.6860509416597618,0.5,1.1860509416597618
landshuter_allee,lightgbm,spring_2024,74,3,1.6978117023916524,0.5,1.1978117023916524
landshuter_allee,lightgbm,spring_2024,75,3,1.7631393609712855,0.3,1.4631393609712855
landshuter_allee,lightgbm,spring_2024,76,3,1.9490779902228255,0.7,1.2490779902228255
landshuter_allee,lightgbm,spring_2024,77,3,2.336982265836863,1.0,1.336982265836863
landshuter_allee,lightgbm,spring_2024,78,3,2.726458704522574,1.0,1.726458704522574
landshuter_allee,lightgbm,spring_2024,79,3,3.830995506606656,2.0,1.8309955066066559
landshuter_allee,lightgbm,spring_2024,80,3,4.263809593216424,2.0,2.2638095932164237
landshuter_allee,lightgbm,spring_2024,81,3,5.291999311114618,2.0,3.291999311114618
landshuter_allee,lightgbm,spring_2024,82,3,5.6499577840750215,2.0,3.6499577840750215
landshuter_allee,lightgbm,spring_2024,83,3,5.530445145721845,2.0,3.5304451457218446
landshuter_allee,lightgbm,spring_2024,84,3,6.158947917325882,3.0,3.1589479173258823
landshuter_allee,lightgbm,spring_2024,85,3,6.044955264553088,3.0,3.0449552645530877
landshuter_allee,lightgbm,spring_2024,86,3,5.914047297626328,3.0,2.914047297626328
landshuter_allee,lightgbm,spring_2024,87,3,5.6876220558530655,3.0,2.6876220558530655
landshuter_allee,lightgbm,spring_2024,88,3,6.101669468342526,4.0,2.101669468342526
landshuter_allee,lightgbm,spring_2024,89,3,6.385882980603736,3.0,3.3858829806037356
landshuter_allee,lightgbm,spring_2024,90,3,6.434042763359213,5.0,1.434042763359213
landshuter_allee,lightgbm,spring_2024,91,3,7.0023950659399485,7.0,0.0023950659399485374
landshuter_allee,lightgbm,spring_2024,92,3,7.30501265705699,9.0,1.6949873429430102
landshuter_allee,lightgbm,spring_2024,93,3,7.265614265741521,9.0,1.7343857342584794
landshuter_allee,lightgbm,spring_2024,94,3,6.885557972209482,9.0,2.114442027790518
landshuter_allee,lightgbm,spring_2024,95,3,6.600073775080332,9.0,2.3999262249196676
landshuter_allee,lightgbm,spring_2024,96,4,6.634915851141151,9.0,2.365084148858849
landshuter_allee,lightgbm,spring_2024,97,4,6.90644262616666,10.0,3.09355737383334
landshuter_allee,lightgbm,spring_2024,98,4,7.0699855888087395,10.0,2.9300144111912605
landshuter_allee,lightgbm,spring_2024,99,4,6.933754294880794,10.0,3.066245705119206
landshuter_allee,lightgbm,spring_2024,100,4,6.725713158459809,8.0,1.2742868415401913
landshuter_allee,lightgbm,spring_2024,101,4,6.85721581947253,8.0,1.14278418052747
landshuter_allee,lightgbm,spring_2024,102,4,7.418943582858946,7.0,0.4189435828589456
landshuter_allee,lightgbm,spring_2024,103,4,7.29750346534021,8.0,0.7024965346597902
landshuter_allee,lightgbm,spring_2024,104,4,8.722206583052948,9.0,0.27779341694705195
landshuter_allee,lightgbm,spring_2024,105,4,7.348489665709798,7.0,0.3484896657097982
landshuter_allee,lightgbm,spring_2024,106,4,6.7629644400118005,6.0,0.7629644400118005
landshuter_allee,lightgbm,spring_2024,107,4,6.289196787063853,5.0,1.2891967870638528
landshuter_allee,lightgbm,spring_2024,108,4,6.1647008035447755,5.0,1.1647008035447755
landshuter_allee,lightgbm,spring_2024,109,4,6.527115839963357,6.0,0.5271158399633569
landshuter_allee,lightgbm,spring_2024,110,4,6.802353667405288,6.0,0.8023536674052876
landshuter_allee,lightgbm,spring_2024,111,4,7.246851031267168,7.0,0.2468510312671679
landshuter_allee,lightgbm,spring_2024,112,4,7.74251525768264,7.0,0.7425152576826397
landshuter_allee,lightgbm,spring_2024,113,4,7.543802107627595,6.0,1.5438021076275952
landshuter_allee,lightgbm,spring_2024,114,4,8.308178842890948,8.0,0.308178842890948
landshuter_allee,lightgbm,spring_2024,115,4,9.890545971935966,11.0,1.1094540280640341
landshuter_allee,lightgbm,spring_2024,116,4,11.954102612610182,13.0,1.045897387389818
landshuter_allee,lightgbm,spring_2024,117,4,13.59601989166284,13.0,0.5960198916628396
landshuter_allee,lightgbm,spring_2024,118,4,13.264967904893819,11.0,2.264967904893819
landshuter_allee,lightgbm,spring_2024,119,4,10.464181894192746,6.0,4.4641818941927465
landshuter_allee,lightgbm,spring_2024,120,5,8.043978120797682,6.0,2.043978120797682
landshuter_allee,lightgbm,spring_2024,121,5,7.512000192272871,7.0,0.512000192272871
landshuter_allee,lightgbm,spring_2024,122,5,6.972588746933508,6.0,0.9725887469335079
landshuter_allee,lightgbm,spring_2024,123,5,5.782563896367368,5.0,0.7825638963673676
landshuter_allee,lightgbm,spring_2024,124,5,4.705398170172154,3.0,1.7053981701721543
landshuter_allee,lightgbm,spring_2024,125,5,5.923527852645889,5.0,0.923527852645889
landshuter_allee,lightgbm,spring_2024,126,5,7.540170326578857,7.0,0.5401703265788571
landshuter_allee,lightgbm,spring_2024,127,5,9.034196544189736,9.0,0.0341965441897365
landshuter_allee,lightgbm,spring_2024,128,5,8.829011523888386,8.0,0.8290115238883864
landshuter_allee,lightgbm,spring_2024,129,5,9.464160788683625,9.0,0.46416078868362476
landshuter_allee,lightgbm,spring_2024,130,5,6.9406545993306885,4.0,2.9406545993306885
landshuter_allee,lightgbm,spring_2024,131,5,5.39591864612347,3.0,2.3959186461234703
landshuter_allee,lightgbm,spring_2024,132,5,4.954330211808701,3.0,1.954330211808701
landshuter_allee,lightgbm,spring_2024,133,5,4.701288850678128,3.0,1.7012888506781279
landshuter_allee,lightgbm,spring_2024,134,5,4.891860461482347,3.0,1.8918604614823469
landshuter_allee,lightgbm,spring_2024,135,5,8.471118985863958,9.0,0.5288810141360418
landshuter_allee,lightgbm,spring_2024,136,5,15.208337411213641,17.0,1.7916625887863589
landshuter_allee,lightgbm,spring_2024,137,5,21.18935277292839,20.0,1.189352772928391
landshuter_allee,lightgbm,spring_2024,138,5,12.87059795101271,8.0,4.87059795101271
landshuter_allee,lightgbm,spring_2024,139,5,4.405174247793013,5.0,0.5948257522069866
landshuter_allee,lightgbm,spring_2024,140,5,2.5794368459720833,2.0,0.5794368459720833
landshuter_allee,lightgbm,spring_2024,141,5,1.7028519393036368,1.0,0.7028519393036368
landshuter_allee,lightgbm,spring_2024,142,5,1.6676688995423885,4.0,2.3323311004576115
landshuter_allee,lightgbm,spring_2024,143,5,1.0065207785185863,2.0,0.9934792214814137
landshuter_allee,lightgbm,spring_2024,144,6,0.7600049366370657,0.8,0.03999506336293435
landshuter_allee,lightgbm,spring_2024,145,6,0.5781651702708659,0.4,0.17816517027086587
landshuter_allee,lightgbm,spring_2024,146,6,0.4029877921548832,0.3,0.10298779215488318
landshuter_allee,lightgbm,spring_2024,147,6,0.3357253749227837,0.3,0.035725374922783715
landshuter_allee,lightgbm,spring_2024,148,6,0.33648212965296126,0.3,0.03648212965296127
landshuter_allee,lightgbm,spring_2024,149,6,0.5059128562429215,1.0,0.4940871437570785
landshuter_allee,lightgbm,spring_2024,150,6,0.7701440079190808,0.8,0.02985599208091927
landshuter_allee,lightgbm,spring_2024,151,6,0.36225500165923386,0.6,0.23774499834076612
landshuter_allee,lightgbm,spring_2024,152,6,-0.20682520654770953,0.8,1.0068252065477097
landshuter_allee,lightgbm,spring_2024,153,6,0.16047668131055728,1.0,0.8395233186894427
landshuter_allee,lightgbm,spring_2024,154,6,0.8455559351070019,2.0,1.1544440648929981
landshuter_allee,lightgbm,spring_2024,155,6,1.7425697304832557,3.0,1.2574302695167443
landshuter_allee,lightgbm,spring_2024,156,6,2.5760030938994007,3.0,0.42399690610059926
landshuter_allee,lightgbm,spring_2024,157,6,2.435495676207615,2.0,0.4354956762076152
landshuter_allee,lightgbm,spring_2024,158,6,1.4246328891015718,1.0,0.4246328891015718
landshuter_allee,lightgbm,spring_2024,159,6,2.0703143767162215,2.0,0.07031437671622154
landshuter_allee,lightgbm,spring_2024,160,6,2.4586297656093383,2.0,0.4586297656093383
landshuter_allee,lightgbm,spring_2024,161,6,2.88664949595029,4.0,1.11335050404971
landshuter_allee,lightgbm,spring_2024,162,6,3.926742776637005,3.0,0.9267427766370049
landshuter_allee,lightgbm,spring_2024,163,6,5.103571856016627,5.0,0.103571856016627
landshuter_allee,lightgbm,spring_2024,164,6,5.233218290736691,5.0,0.23321829073669065
landshuter_allee,lightgbm,spring_2024,165,6,4.889087319596117,4.0,0.8890873195961166
landshuter_allee,lightgbm,spring_2024,166,6,4.6263192242748294,5.0,0.37368077572517056
landshuter_allee,lightgbm,spring_2024,167,6,4.05711887317373,3.0,1.0571188731737298
landshuter_allee,lightgbm,spring_2024,168,7,3.2782131789115536,2.0,1.2782131789115536
landshuter_allee,lightgbm,spring_2024,169,7,2.373970363256818,0.5,1.8739703632568179
landshuter_allee,lightgbm,spring_2024,170,7,1.6125571432261772,0.3,1.3125571432261771
landshuter_allee,lightgbm,spring_2024,171,7,1.3597048897552158,0.3,1.0597048897552157
landshuter_allee,lightgbm,spring_2024,172,7,1.447127784053652,0.3,1.147127784053652
landshuter_allee,lightgbm,spring_2024,173,7,1.5189049666363845,0.3,1.2189049666363845
landshuter_allee,lightgbm,spring_2024,174,7,1.539502968475078,0.3,1.239502968475078
landshuter_allee,lightgbm,spring_2024,175,7,1.3713397263671923,0.5,0.8713397263671923
landshuter_allee,lightgbm,spring_2024,176,7,0.5623209521934458,0.9,0.3376790478065542
landshuter_allee,lightgbm,spring_2024,177,7,0.13190023330223666,1.0,0.8680997666977633
landshuter_allee,lightgbm,spring_2024,178,7,0.6989280138304942,1.0,0.3010719861695058
landshuter_allee,lightgbm,spring_2024,179,7,1.8037307838588295,2.0,0.19626921614117054
landshuter_allee,lightgbm,spring_2024,180,7,2.178710146906796,2.0,0.1787101469067962
landshuter_allee,lightgbm,spring_2024,181,7,2.0712569164406354,2.0,0.07125691644063537
landshuter_allee,lightgbm,spring_2024,182,7,2.202185172554859,2.0,0.2021851725548589
landshuter_allee,lightgbm,spring_2024,183,7,2.4070336091304085,2.0,0.40703360913040854
landshuter_allee,lightgbm,spring_2024,184,7,2.5200426627490526,2.0,0.5200426627490526
landshuter_allee,lightgbm,spring_2024,185,7,11.689095102315765,9.0,2.6890951023157648
landshuter_allee,lightgbm,spring_2024,186,7,34.86513954374543,30.0,4.865139543745428
landshuter_allee,lightgbm,spring_2024,187,7,41.73576004690637,40.0,1.7357600469063712
landshuter_allee,lightgbm,spring_2024,188,7,44.18974066773895,42.0,2.1897406677389526
landshuter_allee,lightgbm,spring_2024,189,7,43.98314298288603,42.0,1.9831429828860294
landshuter_allee,lightgbm,spring_2024,190,7,43.088275515602724,42.0,1.0882755156027244
landshuter_allee,lightgbm,spring_2024,191,7,42.398177199173,42.0,0.39817719917299854
landshuter_allee,lightgbm,spring_2024,192,8,43.62806321653593,42.0,1.628063216535928
landshuter_allee,lightgbm,spring_2024,193,8,42.19912744537458,42.0,0.19912744537457883
landshuter_allee,lightgbm,spring_2024,194,8,43.64699770294995,42.0,1.6469977029499532
landshuter_allee,lightgbm,spring_2024,195,8,43.85182487156154,42.0,1.85182487156154
landshuter_allee,lightgbm,spring_2024,196,8,43.867089964412095,33.0,10.867089964412095
landshuter_allee,lightgbm,spring_2024,197,8,44.98078290368302,28.0,16.98078290368302
landshuter_allee,lightgbm,spring_2024,198,8,44.82933713372216,27.0,17.829337133722163
landshuter_allee,lightgbm,spring_2024,199,8,44.852278027699974,27.0,17.852278027699974
landshuter_allee,lightgbm,spring_2024,200,8,45.088304125689525,23.0,22.088304125689525
landshuter_allee,lightgbm,spring_2024,201,8,45.59794437174962,20.0,25.59794437174962
landshuter_allee,lightgbm,spring_2024,202,8,45.62722155757069,20.0,25.627221557570692
landshuter_allee,lightgbm,spring_2024,203,8,44.15730400647039,18.0,26.15730400647039
landshuter_allee,lightgbm,spring_2024,204,8,43.815368823391864,17.0,26.815368823391864
landshuter_allee,lightgbm,spring_2024,205,8,43.568036127593054,20.0,23.568036127593054
landshuter_allee,lightgbm,spring_2024,206,8,45.24295597312325,22.0,23.24295597312325
landshuter_allee,lightgbm,spring_2024,207,8,44.803299012724324,24.0,20.803299012724324
landshuter_allee,lightgbm,spring_2024,208,8,45.181146959383156,21.0,24.181146959383156
landshuter_allee,lightgbm,spring_2024,209,8,45.00181136035661,24.0,21.001811360356612
landshuter_allee,lightgbm,spring_2024,210,8,46.06069655394701,30.0,16.06069655394701
landshuter_allee,lightgbm,spring_2024,211,8,46.07701500366272,32.0,14.077015003662723
landshuter_allee,lightgbm,spring_2024,212,8,45.98192797825649,31.0,14.981927978256493
landshuter_allee,lightgbm,spring_2024,213,8,44.45065738725287,24.0,20.450657387252868
landshuter_allee,lightgbm,spring_2024,214,8,39.06515551859969,14.0,25.06515551859969
landshuter_allee,lightgbm,spring_2024,215,8,33.919860677297095,14.0,19.919860677297095
landshuter_allee,lightgbm,spring_2024,216,9,39.83350403816705,35.0,4.8335040381670495
landshuter_allee,lightgbm,spring_2024,217,9,42.97141729746488,29.0,13.971417297464882
landshuter_allee,lightgbm,spring_2024,218,9,43.00429686316749,28.0,15.00429686316749
landshuter_allee,lightgbm,spring_2024,219,9,36.33842485416401,14.0,22.33842485416401
landshuter_allee,lightgbm,spring_2024,220,9,32.426805918908734,14.0,18.426805918908734
landshuter_allee,lightgbm,spring_2024,221,9,28.36528329235143,13.0,15.365283292351432
landshuter_allee,lightgbm,spring_2024,222,9,28.076046207627066,14.0,14.076046207627066
landshuter_allee,lightgbm,spring_2024,223,9,29.184711233079614,15.0,14.184711233079614
landshuter_allee,lightgbm,spring_2024,224,9,30.249020362268002,16.0,14.249020362268002
landshuter_allee,lightgbm,spring_2024,225,9,31.70730758523363,16.0,15.707307585233629
landshuter_allee,lightgbm,spring_2024,226,9,32.08660014384633,15.0,17.086600143846333
landshuter_allee,lightgbm,spring_2024,227,9,29.787037990606642,14.0,15.787037990606642
landshuter_allee,lightgbm,spring_2024,228,9,26.99242357141067,13.0,13.992423571410669
landshuter_allee,lightgbm,spring_2024,229,9,21.739081411605305,10.0,11.739081411605305
landshuter_allee,lightgbm,spring_2024,230,9,18.68641356471734,10.0,8.686413564717341
landshuter_allee,lightgbm,spring_2024,231,9,11.960878606218591,7.0,4.960878606218591
landshuter_allee,lightgbm,spring_2024,232,9,5.336593264008967,3.0,2.3365932640089673
landshuter_allee,lightgbm,spring_2024,233,9,3.8597900602908677,4.0,0.14020993970913231
landshuter_allee,lightgbm,spring_2024,234,9,3.4111421055799838,4.0,0.5888578944200162
landshuter_allee,lightgbm,spring_2024,235,9,2.716418953617377,4.0,1.283581046382623
landshuter_allee,lightgbm,spring_2024,236,9,3.198005935476295,4.0,0.8019940645237051
landshuter_allee,lightgbm,spring_2024,237,9,3.3512146472542734,4.0,0.6487853527457266
landshuter_allee,lightgbm,spring_2024,238,9,3.387680400350111,4.0,0.6123195996498891
landshuter_allee,lightgbm,spring_2024,239,9,3.166488356020487,3.0,0.16648835602048706
landshuter_allee,lightgbm,spring_2024,240,10,3.2762603267139188,2.0,1.2762603267139188
landshuter_allee,lightgbm,spring_2024,241,10,3.041647132613658,0.9,2.141647132613658
landshuter_allee,lightgbm,spring_2024,242,10,2.9022365981423133,0.8,2.102236598142313
landshuter_allee,lightgbm,spring_2024,243,10,3.0291084771006758,0.8,2.2291084771006755
landshuter_allee,lightgbm,spring_2024,244,10,3.2983616693297146,1.0,2.2983616693297146
landshuter_allee,lightgbm,spring_2024,245,10,3.501875002945007,1.0,2.501875002945007
landshuter_allee,lightgbm,spring_2024,246,10,4.099380805761243,0.9,3.1993808057612427
landshuter_allee,lightgbm,spring_2024,247,10,3.6410428396259498,1.0,2.6410428396259498
landshuter_allee,lightgbm,spring_2024,248,10,3.78149384908245,0.9,2.88149384908245
landshuter_allee,lightgbm,spring_2024,249,10,2.515089030769755,0.3,2.215089030769755
landshuter_allee,lightgbm,spring_2024,250,10,1.515258477407653,0.3,1.215258477407653
landshuter_allee,lightgbm,spring_2024,251,10,0.8615962208388522,0.3,0.5615962208388523
landshuter_allee,lightgbm,spring_2024,252,10,0.18592254638178438,0.5,0.3140774536182156
landshuter_allee,lightgbm,spring_2024,253,10,0.1760395730708517,0.3,0.1239604269291483
landshuter_allee,lightgbm,spring_2024,254,10,0.25856382934918215,0.4,0.14143617065081787
landshuter_allee,lightgbm,spring_2024,255,10,0.3426755233975923,0.6,0.2573244766024077
landshuter_allee,lightgbm,spring_2024,256,10,0.4350123407403343,0.7,0.26498765925966566
landshuter_allee,lightgbm,spring_2024,257,10,0.7970629144773786,0.9,0.10293708552262137
landshuter_allee,lightgbm,spring_2024,258,10,1.3051281880133734,1.0,0.3051281880133734
landshuter_allee,lightgbm,spring_2024,259,10,1.7390561197081458,2.0,0.2609438802918542
landshuter_allee,lightgbm,spring_2024,260,10,1.623270306515517,2.0,0.37672969348448304
landshuter_allee,lightgbm,spring_2024,261,10,1.3768284567398545,1.0,0.37682845673985454
landshuter_allee,lightgbm,spring_2024,262,10,1.097213529160074,0.6,0.497213529160074
landshuter_allee,lightgbm,spring_2024,263,10,0.6592719323564588,0.5,0.15927193235645876
landshuter_allee,lightgbm,spring_2024,264,11,0.529543772734975,0.7,0.17045622726502496
landshuter_allee,lightgbm,spring_2024,265,11,0.45847166187416294,0.8,0.3415283381258371
landshuter_allee,lightgbm,spring_2024,266,11,0.49690798753961224,0.8,0.3030920124603878
landshuter_allee,lightgbm,spring_2024,267,11,0.43529185654851,0.9,0.46470814345149003
landshuter_allee,lightgbm,spring_2024,268,11,0.5503495063710896,1.0,0.4496504936289104
landshuter_allee,lightgbm,spring_2024,269,11,1.3141073860958434,2.0,0.6858926139041566
landshuter_allee,lightgbm,spring_2024,270,11,2.5393980234950693,2.0,0.5393980234950693
landshuter_allee,lightgbm,spring_2024,271,11,3.5010907559939883,2.0,1.5010907559939883
landshuter_allee,lightgbm,spring_2024,272,11,3.873146300685834,1.0,2.873146300685834
landshuter_allee,lightgbm,spring_2024,273,11,4.133708558593362,2.0,2.133708558593362
landshuter_allee,lightgbm,spring_2024,274,11,4.859106686765902,3.0,1.8591066867659016
landshuter_allee,lightgbm,spring_2024,275,11,5.162229211583845,2.0,3.1622292115838446
landshuter_allee,lightgbm,spring_2024,276,11,5.159108211268063,2.0,3.1591082112680633
landshuter_allee,lightgbm,spring_2024,277,11,5.374153764031562,2.0,3.374153764031562
landshuter_allee,lightgbm,spring_2024,278,11,5.594623354667114,2.0,3.594623354667114
landshuter_allee,lightgbm,spring_2024,279,11,5.8613824578822555,3.0,2.8613824578822555
landshuter_allee,lightgbm,spring_2024,280,11,5.71832984349983,3.0,2.7183298434998298
landshuter_allee,lightgbm,spring_2024,281,11,5.876752905547656,3.0,2.876752905547656
landshuter_allee,lightgbm,spring_2024,282,11,6.4991492293214375,5.0,1.4991492293214375
landshuter_allee,lightgbm,spring_2024,283,11,7.187255215240152,6.0,1.1872552152401523
landshuter_allee,lightgbm,spring_2024,284,11,7.772494390955717,6.0,1.7724943909557167
landshuter_allee,lightgbm,spring_2024,285,11,6.473418824571377,4.0,2.473418824571377
landshuter_allee,lightgbm,spring_2024,286,11,5.3851183252142825,5.0,0.38511832521428246
landshuter_allee,lightgbm,spring_2024,287,11,4.511718987757963,4.0,0.5117189877579627
landshuter_allee,lightgbm,spring_2024,288,12,3.8464595514271607,4.0,0.15354044857283933
landshuter_allee,lightgbm,spring_2024,289,12,3.181621406119539,4.0,0.8183785938804609
landshuter_allee,lightgbm,spring_2024,290,12,2.885231392343406,4.0,1.1147686076565941
landshuter_allee,lightgbm,spring_2024,291,12,3.1288478089623197,3.0,0.12884780896231973
landshuter_allee,lightgbm,spring_2024,292,12,3.2475108536370993,3.0,0.24751085363709935
landshuter_allee,lightgbm,spring_2024,293,12,3.7175322823230417,3.0,0.7175322823230417
landshuter_allee,lightgbm,spring_2024,294,12,4.625018661885722,4.0,0.6250186618857221
landshuter_allee,lightgbm,spring_2024,295,12,5.409080167320542,5.0,0.40908016732054175
landshuter_allee,lightgbm,spring_2024,296,12,6.064870684628761,5.0,1.0648706846287608
landshuter_allee,lightgbm,spring_2024,297,12,6.699381468799659,6.0,0.6993814687996593
landshuter_allee,lightgbm,spring_2024,298,12,7.094934867995136,6.0,1.0949348679951356
landshuter_allee,lightgbm,spring_2024,299,12,7.38908696553397,5.0,2.38908696553397
landshuter_allee,lightgbm,spring_2024,300,12,7.366543886383774,4.0,3.3665438863837744
landshuter_allee,lightgbm,spring_2024,301,12,7.333379153093627,5.0,2.3333791530936274
landshuter_allee,lightgbm,spring_2024,302,12,8.162192699770847,5.0,3.1621926997708467
landshuter_allee,lightgbm,spring_2024,303,12,6.840704550277996,4.0,2.840704550277996
landshuter_allee,lightgbm,spring_2024,304,12,8.15431047981612,6.0,2.15431047981612
landshuter_allee,lightgbm,spring_2024,305,12,10.542023301001128,8.0,2.5420233010011284
landshuter_allee,lightgbm,spring_2024,306,12,8.738038997390088,7.0,1.7380389973900883
landshuter_allee,lightgbm,spring_2024,307,12,5.597121358906356,5.0,0.5971213589063558
landshuter_allee,lightgbm,spring_2024,308,12,4.080666652773488,4.0,0.08066665277348761
landshuter_allee,lightgbm,spring_2024,309,12,2.810716754588052,3.0,0.1892832454119482
landshuter_allee,lightgbm,spring_2024,310,12,2.451573805428374,3.0,0.548426194571626
landshuter_allee,lightgbm,spring_2024,311,12,1.161118582975951,2.0,0.8388814170240491
landshuter_allee,lightgbm,spring_2024,312,13,0.5966528531114071,2.0,1.403347146888593
landshuter_allee,lightgbm,spring_2024,313,13,0.08843133511847474,2.0,1.9115686648815253
landshuter_allee,lightgbm,spring_2024,314,13,0.10032548854192413,2.0,1.899674511458076
landshuter_allee,lightgbm,spring_2024,315,13,0.28956864137082083,2.0,1.710431358629179
landshuter_allee,lightgbm,spring_2024,316,13,0.710867612955363,3.0,2.2891323870446367
landshuter_allee,lightgbm,spring_2024,317,13,1.5706611753133808,3.0,1.4293388246866192
landshuter_allee,lightgbm,spring_2024,318,13,2.4970663441465057,3.0,0.5029336558534943
landshuter_allee,lightgbm,spring_2024,319,13,2.0617091009812447,3.0,0.9382908990187553
landshuter_allee,lightgbm,spring_2024,320,13,1.8836177377613694,2.0,0.11638226223863057
landshuter_allee,lightgbm,spring_2024,321,13,2.0001623423282124,2.0,0.0001623423282124392
landshuter_allee,lightgbm,spring_2024,322,13,2.594100759363791,3.0,0.40589924063620897
landshuter_allee,lightgbm,spring_2024,323,13,3.2595059084588147,5.0,1.7404940915411853
landshuter_allee,lightgbm,spring_2024,324,13,3.1766611772552573,6.0,2.8233388227447427
landshuter_allee,lightgbm,spring_2024,325,13,3.941561950431928,7.0,3.058438049568072
landshuter_allee,lightgbm,spring_2024,326,13,5.141358362980548,7.0,1.8586416370194518
landshuter_allee,lightgbm,spring_2024,327,13,6.13266398937677,7.0,0.8673360106232302
landshuter_allee,lightgbm,spring_2024,328,13,6.092158791450198,4.0,2.0921587914501982
landshuter_allee,lightgbm,spring_2024,329,13,6.133508236575903,4.0,2.133508236575903
landshuter_allee,lightgbm,spring_2024,330,13,5.773991691548651,4.0,1.7739916915486509
landshuter_allee,lightgbm,spring_2024,331,13,5.969370701642597,3.0,2.969370701642597
landshuter_allee,lightgbm,spring_2024,332,13,6.7851949617465594,4.0,2.7851949617465594
landshuter_allee,lightgbm,spring_2024,333,13,7.717302812767221,5.0,2.7173028127672207
landshuter_allee,lightgbm,spring_2024,334,13,7.775342985391591,4.0,3.7753429853915907
landshuter_allee,lightgbm,spring_2024,335,13,6.472294916452191,3.0,3.4722949164521912
landshuter_allee,lightgbm,spring_2024,336,14,4.814529196556228,2.0,2.8145291965562276
landshuter_allee,lightgbm,spring_2024,337,14,4.103582028661088,2.0,2.103582028661088
landshuter_allee,lightgbm,spring_2024,338,14,4.048610901371116,2.0,2.0486109013711156
landshuter_allee,lightgbm,spring_2024,339,14,3.998369443397401,2.0,1.9983694433974009
landshuter_allee,lightgbm,spring_2024,340,14,4.2473549405642,3.0,1.2473549405642004
landshuter_allee,lightgbm,spring_2024,341,14,4.990938586867148,3.0,1.9909385868671476
landshuter_allee,lightgbm,spring_2024,342,14,4.853224073256872,3.0,1.8532240732568717
landshuter_allee,lightgbm,spring_2024,343,14,5.016698635352867,4.0,1.016698635352867
landshuter_allee,lightgbm,spring_2024,344,14,4.715711130525604,4.0,0.7157111305256043
landshuter_allee,lightgbm,spring_2024,345,14,4.663790711185143,3.0,1.6637907111851433
landshuter_allee,lightgbm,spring_2024,346,14,4.78757417220522,4.0,0.7875741722052201
landshuter_allee,lightgbm,spring_2024,347,14,5.099151364108853,4.0,1.0991513641088533
landshuter_allee,lightgbm,spring_2024,348,14,5.742194417126294,5.0,0.742194417126294
landshuter_allee,lightgbm,spring_2024,349,14,5.8064463434561855,4.0,1.8064463434561855
landshuter_allee,lightgbm,spring_2024,350,14,5.967019746646783,5.0,0.9670197466467831
landshuter_allee,lightgbm,spring_2024,351,14,5.980449408868283,5.0,0.9804494088682834
landshuter_allee,lightgbm,spring_2024,352,14,6.683840582714115,7.0,0.3161594172858848
landshuter_allee,lightgbm,spring_2024,353,14,8.335534065299736,8.0,0.3355340652997363
landshuter_allee,lightgbm,spring_2024,354,14,10.231905331615055,10.0,0.23190533161505478
landshuter_allee,lightgbm,spring_2024,355,14,11.36567651227997,12.0,0.6343234877200299
landshuter_allee,lightgbm,spring_2024,356,14,11.28881972463659,11.0,0.2888197246365891
landshuter_allee,lightgbm,spring_2024,357,14,10.906221719446235,9.0,1.9062217194462345
landshuter_allee,lightgbm,spring_2024,358,14,8.939907762344552,8.0,0.9399077623445518
landshuter_allee,lightgbm,spring_2024,359,14,7.7242115953748565,8.0,0.27578840462514354
landshuter_allee,lightgbm,spring_2024,360,15,7.519289702590545,7.0,0.5192897025905454
landshuter_allee,lightgbm,spring_2024,361,15,6.639083737045894,7.0,0.36091626295410606
landshuter_allee,lightgbm,spring_2024,362,15,6.370986345635659,8.0,1.629013654364341
landshuter_allee,lightgbm,spring_2024,363,15,6.555577575346172,7.0,0.444422424653828
landshuter_allee,lightgbm,spring_2024,364,15,7.4185064188399625,8.0,0.5814935811600375
landshuter_allee,lightgbm,spring_2024,365,15,9.106694530463812,10.0,0.8933054695361875
landshuter_allee,lightgbm,spring_2024,366,15,8.347591900895146,7.0,1.3475919008951465
landshuter_allee,lightgbm,spring_2024,367,15,7.332571201492994,8.0,0.6674287985070064
landshuter_allee,lightgbm,spring_2024,368,15,6.897705923310145,8.0,1.102294076689855
landshuter_allee,lightgbm,spring_2024,369,15,6.974920776542788,7.0,0.025079223457211697
landshuter_allee,lightgbm,spring_2024,370,15,7.332756967243662,7.0,0.3327569672436619
landshuter_allee,lightgbm,spring_2024,371,15,7.648536572278123,8.0,0.35146342772187733
landshuter_allee,lightgbm,spring_2024,372,15,7.172152509103546,7.0,0.17215250910354563
landshuter_allee,lightgbm,spring_2024,373,15,6.971104373226295,7.0,0.028895626773705274
landshuter_allee,lightgbm,spring_2024,374,15,6.879538473353687,7.0,0.12046152664631293
landshuter_allee,lightgbm,spring_2024,375,15,7.018746010048656,7.0,0.01874601004865628
landshuter_allee,lightgbm,spring_2024,376,15,7.814136264295004,7.0,0.8141362642950041
landshuter_allee,lightgbm,spring_2024,377,15,10.315147631284548,10.0,0.3151476312845478
landshuter_allee,lightgbm,spring_2024,378,15,16.174405972296018,18.0,1.825594027703982
landshuter_allee,lightgbm,spring_2024,379,15,23.669492489353136,26.0,2.3305075106468642
landshuter_allee,lightgbm,spring_2024,380,15,28.66652393772913,24.0,4.666523937729131
landshuter_allee,lightgbm,spring_2024,381,15,18.775345000766322,12.0,6.775345000766322
landshuter_allee,lightgbm,spring_2024,382,15,15.884630897822497,12.0,3.884630897822497
landshuter_allee,lightgbm,spring_2024,383,15,13.717969340919787,10.0,3.7179693409197867
landshuter_allee,lightgbm,spring_2024,384,16,11.862570400662275,10.0,1.8625704006622747
landshuter_allee,lightgbm,spring_2024,385,16,9.47153711026188,8.0,1.4715371102618793
landshuter_allee,lightgbm,spring_2024,386,16,8.48405195653688,8.0,0.4840519565368808
landshuter_allee,lightgbm,spring_2024,387,16,6.334323990446133,6.0,0.3343239904461326
landshuter_allee,lightgbm,spring_2024,388,16,5.551693500545426,6.0,0.44830649945457424
landshuter_allee,lightgbm,spring_2024,389,16,4.683084187764893,5.0,0.31691581223510656
landshuter_allee,lightgbm,spring_2024,390,16,4.443028156541336,5.0,0.5569718434586637
landshuter_allee,lightgbm,spring_2024,391,16,4.525898326891261,5.0,0.47410167310873863
landshuter_allee,lightgbm,spring_2024,392,16,4.936657439960108,5.0,0.06334256003989225
landshuter_allee,lightgbm,spring_2024,393,16,4.606646594448653,5.0,0.39335340555134657
landshuter_allee,lightgbm,spring_2024,394,16,5.159262933721766,6.0,0.8407370662782343
landshuter_allee,lightgbm,spring_2024,395,16,7.1686753043806695,10.0,2.8313246956193305
landshuter_allee,lightgbm,spring_2024,396,16,14.251181372815415,12.0,2.251181372815415
landshuter_allee,lightgbm,spring_2024,397,16,17.280163151768804,13.0,4.280163151768804
landshuter_allee,lightgbm,spring_2024,398,16,18.71004760554357,13.0,5.7100476055435685
landshuter_allee,lightgbm,spring_2024,399,16,19.195520176620946,13.0,6.195520176620946
landshuter_allee,lightgbm,spring_2024,400,16,19.5016055300782,14.0,5.501605530078201
landshuter_allee,lightgbm,spring_2024,401,16,19.966406012378744,14.0,5.966406012378744
landshuter_allee,lightgbm,spring_2024,402,16,21.373541071562013,15.0,6.373541071562013
landshuter_allee,lightgbm,spring_2024,403,16,22.77754850337564,17.0,5.777548503375641
landshuter_allee,lightgbm,spring_2024,404,16,20.932023922216842,12.0,8.932023922216842
landshuter_allee,lightgbm,spring_2024,405,16,17.800753578119558,12.0,5.800753578119558
landshuter_allee,lightgbm,spring_2024,406,16,15.1883855357541,11.0,4.188385535754101
landshuter_allee,lightgbm,spring_2024,407,16,12.07628514849034,9.0,3.0762851484903404
landshuter_allee,lightgbm,spring_2024,408,17,11.854458349463718,11.0,0.8544583494637177
landshuter_allee,lightgbm,spring_2024,409,17,11.902837027433918,11.0,0.9028370274339181
landshuter_allee,lightgbm,spring_2024,410,17,11.52274406751799,11.0,0.5227440675179906
landshuter_allee,lightgbm,spring_2024,411,17,12.046999058922433,11.0,1.0469990589224327
landshuter_allee,lightgbm,spring_2024,412,17,14.75266221402053,14.0,0.7526622140205301
landshuter_allee,lightgbm,spring_2024,413,17,18.49833067841809,15.0,3.498330678418089
landshuter_allee,lightgbm,spring_2024,414,17,20.946711491624225,17.0,3.9467114916242245
landshuter_allee,lightgbm,spring_2024,415,17,22.10157141132603,19.0,3.101571411326031
landshuter_allee,lightgbm,spring_2024,416,17,25.953034429855563,24.0,1.9530344298555633
landshuter_allee,lightgbm,spring_2024,417,17,26.528437867251952,21.0,5.528437867251952
landshuter_allee,lightgbm,spring_2024,418,17,25.418723846364735,19.0,6.418723846364735
landshuter_allee,lightgbm,spring_2024,419,17,29.517682835469447,24.0,5.517682835469447
landshuter_allee,lightgbm,spring_2024,420,17,33.65200982939496,25.0,8.652009829394963
landshuter_allee,lightgbm,spring_2024,421,17,38.016598921165105,28.0,10.016598921165105
landshuter_allee,lightgbm,spring_2024,422,17,39.036618626138434,29.0,10.036618626138434
landshuter_allee,lightgbm,spring_2024,423,17,40.36878760919791,31.0,9.36878760919791
landshuter_allee,lightgbm,spring_2024,424,17,39.8251211693935,32.0,7.825121169393498
landshuter_allee,lightgbm,spring_2024,425,17,39.69497372249778,33.0,6.694973722497778
landshuter_allee,lightgbm,spring_2024,426,17,39.19692258629518,34.0,5.19692258629518
landshuter_allee,lightgbm,spring_2024,427,17,39.14178627734765,33.0,6.141786277347649
landshuter_allee,lightgbm,spring_2024,428,17,39.69587289523834,31.0,8.695872895238338
landshuter_allee,lightgbm,spring_2024,429,17,38.47126552432961,31.0,7.47126552432961
landshuter_allee,lightgbm,spring_2024,430,17,30.500385494026656,27.0,3.5003854940266557
landshuter_allee,lightgbm,spring_2024,431,17,25.49119600570024,19.0,6.491196005700239
landshuter_allee,lightgbm,spring_2024,432,18,21.093243544973998,18.0,3.0932435449739977
landshuter_allee,lightgbm,spring_2024,433,18,17.81447814301186,16.0,1.8144781430118613
landshuter_allee,lightgbm,spring_2024,434,18,17.41070439874445,16.0,1.4107043987444499
landshuter_allee,lightgbm,spring_2024,435,18,19.09922463339871,18.0,1.099224633398709
landshuter_allee,lightgbm,spring_2024,436,18,19.513814824807994,18.0,1.5138148248079943
landshuter_allee,lightgbm,spring_2024,437,18,19.748366709930526,19.0,0.7483667099305258
landshuter_allee,lightgbm,spring_2024,438,18,19.548560571426414,19.0,0.5485605714264139
landshuter_allee,lightgbm,spring_2024,439,18,21.048352896886204,20.0,1.048352896886204
landshuter_allee,lightgbm,spring_2024,440,18,22.35156456902759,21.0,1.351564569027591
landshuter_allee,lightgbm,spring_2024,441,18,22.428002960377885,20.0,2.428002960377885
landshuter_allee,lightgbm,spring_2024,442,18,22.540956781985233,22.0,0.5409567819852334
landshuter_allee,lightgbm,spring_2024,443,18,21.95681199959875,20.0,1.9568119995987487
landshuter_allee,lightgbm,spring_2024,444,18,22.247264750776726,22.0,0.2472647507767256
landshuter_allee,lightgbm,spring_2024,445,18,17.390192662221754,17.0,0.39019266222175375
landshuter_allee,lightgbm,spring_2024,446,18,8.970431719522452,8.0,0.9704317195224519
landshuter_allee,lightgbm,spring_2024,447,18,5.002225452239505,7.0,1.9977745477604953
landshuter_allee,lightgbm,spring_2024,448,18,4.325296792445641,6.0,1.6747032075543586
landshuter_allee,lightgbm,spring_2024,449,18,4.552409165086832,6.0,1.4475908349131679
landshuter_allee,lightgbm,spring_2024,450,18,4.251780140030082,4.0,0.25178014003008187
landshuter_allee,lightgbm,spring_2024,451,18,3.613164740675181,3.0,0.613164740675181
landshuter_allee,lightgbm,spring_2024,452,18,2.9855791958302547,2.0,0.9855791958302547
landshuter_allee,lightgbm,spring_2024,453,18,2.793213462520932,3.0,0.20678653747906806
landshuter_allee,lightgbm,spring_2024,454,18,2.7064714560021828,3.0,0.29352854399781725
landshuter_allee,lightgbm,spring_2024,455,18,2.21377969852933,2.0,0.2137796985293301
landshuter_allee,lightgbm,spring_2024,456,19,1.4254287708769542,1.0,0.4254287708769542
landshuter_allee,lightgbm,spring_2024,457,19,1.536918247259955,0.8,0.7369182472599549
landshuter_allee,lightgbm,spring_2024,458,19,1.3380327045968075,1.0,0.33803270459680745
landshuter_allee,lightgbm,spring_2024,459,19,1.3459892168289682,1.0,0.3459892168289682
landshuter_allee,lightgbm,spring_2024,460,19,1.6140710291554525,2.0,0.38592897084454747
landshuter_allee,lightgbm,spring_2024,461,19,2.7341636635908673,4.0,1.2658363364091327
landshuter_allee,lightgbm,spring_2024,462,19,3.7636972236023998,4.0,0.23630277639760022
landshuter_allee,lightgbm,spring_2024,463,19,5.260570040842116,6.0,0.7394299591578841
landshuter_allee,lightgbm,spring_2024,464,19,6.391895270295792,6.0,0.39189527029579185
landshuter_allee,lightgbm,spring_2024,465,19,6.976235379345483,6.0,0.976235379345483
landshuter_allee,lightgbm,spring_2024,466,19,7.296775882346808,8.0,0.7032241176531917
landshuter_allee,lightgbm,spring_2024,467,19,7.031719811458211,6.0,1.0317198114582107
landshuter_allee,lightgbm,spring_2024,468,19,6.124199364774237,5.0,1.1241993647742374
landshuter_allee,lightgbm,spring_2024,469,19,6.32666066222861,6.0,0.3266606622286101
landshuter_allee,lightgbm,spring_2024,470,19,6.190857401066369,6.0,0.19085740106636884
landshuter_allee,lightgbm,spring_2024,471,19,6.565727196071226,7.0,0.4342728039287742
landshuter_allee,lightgbm,spring_2024,472,19,6.551555725622447,7.0,0.44844427437755296
landshuter_allee,lightgbm,spring_2024,473,19,6.690781312016321,8.0,1.3092186879836794
landshuter_allee,lightgbm,spring_2024,474,19,7.242084206688795,8.0,0.7579157933112048
landshuter_allee,lightgbm,spring_2024,475,19,7.958223212025537,9.0,1.041776787974463
landshuter_allee,lightgbm,spring_2024,476,19,8.52497476097118,10.0,1.4750252390288203
landshuter_allee,lightgbm,spring_2024,477,19,8.597218275274424,10.0,1.4027817247255765
landshuter_allee,lightgbm,spring_2024,478,19,9.675214097093162,10.0,0.3247859029068376
landshuter_allee,lightgbm,spring_2024,479,19,10.95865239576168,12.0,1.0413476042383198
landshuter_allee,lightgbm,spring_2024,480,20,12.651229163277078,13.0,0.3487708367229221
landshuter_allee,lightgbm,spring_2024,481,20,12.586618775508187,12.0,0.5866187755081871
landshuter_allee,lightgbm,spring_2024,482,20,12.635711642393087,12.0,0.6357116423930869
landshuter_allee,lightgbm,spring_2024,483,20,13.666156306264554,14.0,0.33384369373544587
landshuter_allee,lightgbm,spring_2024,484,20,14.65081353677365,16.0,1.3491864632263493
landshuter_allee,lightgbm,spring_2024,485,20,15.618388994955358,15.0,0.6183889949553585
landshuter_allee,lightgbm,spring_2024,486,20,15.676086406578305,17.0,1.323913593421695
landshuter_allee,lightgbm,spring_2024,487,20,15.263830479060715,18.0,2.736169520939285
landshuter_allee,lightgbm,spring_2024,488,20,12.459772346534212,11.0,1.459772346534212
landshuter_allee,lightgbm,spring_2024,489,20,10.385818320955764,10.0,0.38581832095576374
landshuter_allee,lightgbm,spring_2024,490,20,9.016938048514723,11.0,1.9830619514852774
landshuter_allee,lightgbm,spring_2024,491,20,8.663483895144648,11.0,2.3365161048553524
landshuter_allee,lightgbm,spring_2024,492,20,8.554457247976028,12.0,3.4455427520239716
landshuter_allee,lightgbm,spring_2024,493,20,8.635888904390683,11.0,2.364111095609317
landshuter_allee,lightgbm,spring_2024,494,20,8.416225266149109,11.0,2.583774733850891
landshuter_allee,lightgbm,spring_2024,495,20,9.352689015636939,13.0,3.6473109843630613
landshuter_allee,lightgbm,spring_2024,496,20,10.727495930239934,15.0,4.272504069760066
landshuter_allee,lightgbm,spring_2024,497,20,11.535317637710433,14.0,2.464682362289567
landshuter_allee,lightgbm,spring_2024,498,20,12.638010561949887,12.0,0.638010561949887
landshuter_allee,lightgbm,spring_2024,499,20,13.922794867708243,14.0,0.0772051322917573
landshuter_allee,lightgbm,spring_2024,500,20,15.890656951678244,14.0,1.8906569516782437
landshuter_allee,lightgbm,spring_2024,501,20,17.693196073057194,16.0,1.6931960730571944
landshuter_allee,lightgbm,spring_2024,502,20,16.818422643478893,14.0,2.8184226434788933
landshuter_allee,lightgbm,spring_2024,503,20,14.969772875107465,12.0,2.9697728751074646
landshuter_allee,lightgbm,spring_2024,504,21,12.83198455118238,10.0,2.83198455118238
landshuter_allee,lightgbm,spring_2024,505,21,12.20505503547642,10.0,2.20505503547642
landshuter_allee,lightgbm,spring_2024,506,21,11.522055827719397,10.0,1.522055827719397
landshuter_allee,lightgbm,spring_2024,507,21,11.124942627396239,10.0,1.1249426273962388
landshuter_allee,lightgbm,spring_2024,508,21,10.939108530850547,10.0,0.9391085308505467
landshuter_allee,lightgbm,spring_2024,509,21,11.32431025757445,10.0,1.3243102575744494
landshuter_allee,lightgbm,spring_2024,510,21,13.14104705867647,12.0,1.1410470586764703
landshuter_allee,lightgbm,spring_2024,511,21,13.777791221469744,15.0,1.2222087785302556
landshuter_allee,lightgbm,spring_2024,512,21,13.547187405802674,15.0,1.4528125941973258
landshuter_allee,lightgbm,spring_2024,513,21,13.201040805250326,13.0,0.20104080525032586
landshuter_allee,lightgbm,spring_2024,514,21,12.790842156654683,15.0,2.2091578433453165
landshuter_allee,lightgbm,spring_2024,515,21,13.1749344642028,16.0,2.8250655357972008
landshuter_allee,lightgbm,spring_2024,516,21,13.008487048809911,15.0,1.9915129511900886
landshuter_allee,lightgbm,spring_2024,517,21,13.063986546133801,16.0,2.936013453866199
landshuter_allee,lightgbm,spring_2024,518,21,13.995433976967133,18.0,4.004566023032867
landshuter_allee,lightgbm,spring_2024,519,21,13.915930268574742,16.0,2.0840697314252576
landshuter_allee,lightgbm,spring_2024,520,21,15.15711506530987,18.0,2.8428849346901295
landshuter_allee,lightgbm,spring_2024,521,21,16.09670108494347,17.0,0.9032989150565314
landshuter_allee,lightgbm,spring_2024,522,21,17.940435813964463,17.0,0.9404358139644629
landshuter_allee,lightgbm,spring_2024,523,21,19.823369225485397,18.0,1.823369225485397
landshuter_allee,lightgbm,spring_2024,524,21,21.667075170925504,22.0,0.3329248290744964
landshuter_allee,lightgbm,spring_2024,525,21,23.771194689991642,25.0,1.228805310008358
landshuter_allee,lightgbm,spring_2024,526,21,22.458969496509877,25.0,2.5410305034901235
landshuter_allee,lightgbm,spring_2024,527,21,20.0710247362758,19.0,1.071024736275799
landshuter_allee,lightgbm,spring_2024,528,22,16.37770253000567,14.0,2.3777025300056707
landshuter_allee,lightgbm,spring_2024,529,22,14.481870204389642,11.0,3.481870204389642
landshuter_allee,lightgbm,spring_2024,530,22,13.356213906640196,9.0,4.356213906640196
landshuter_allee,lightgbm,spring_2024,531,22,12.412715930554388,8.0,4.412715930554388
landshuter_allee,lightgbm,spring_2024,532,22,12.660505972008457,9.0,3.6605059720084565
landshuter_allee,lightgbm,spring_2024,533,22,13.311283867655819,10.0,3.3112838676558187
landshuter_allee,lightgbm,spring_2024,534,22,13.035817908356806,10.0,3.0358179083568064
landshuter_allee,lightgbm,spring_2024,535,22,11.401202246947532,9.0,2.4012022469475323
landshuter_allee,lightgbm,spring_2024,536,22,10.178655358526822,9.0,1.1786553585268216
landshuter_allee,lightgbm,spring_2024,537,22,9.945512371488933,10.0,0.05448762851106714
landshuter_allee,lightgbm,spring_2024,538,22,11.08223752992135,13.0,1.9177624700786495
landshuter_allee,lightgbm,spring_2024,539,22,10.830190440179184,11.0,0.16980955982081625
landshuter_allee,lightgbm,spring_2024,540,22,9.661948688467286,9.0,0.6619486884672856
landshuter_allee,lightgbm,spring_2024,541,22,8.748765350480028,8.0,0.7487653504800278
landshuter_allee,lightgbm,spring_2024,542,22,7.828503657634133,7.0,0.8285036576341334
landshuter_allee,lightgbm,spring_2024,543,22,8.286609073281188,9.0,0.7133909267188123
landshuter_allee,lightgbm,spring_2024,544,22,8.882931081909414,10.0,1.1170689180905864
landshuter_allee,lightgbm,spring_2024,545,22,10.66323005435864,11.0,0.3367699456413593
landshuter_allee,lightgbm,spring_2024,546,22,13.278431592931673,13.0,0.27843159293167297
landshuter_allee,lightgbm,spring_2024,547,22,20.318249877452583,23.0,2.6817501225474167
landshuter_allee,lightgbm,spring_2024,548,22,28.54919805264951,32.0,3.4508019473504916
landshuter_allee,lightgbm,spring_2024,549,22,26.513808547528697,25.0,1.513808547528697
landshuter_allee,lightgbm,spring_2024,550,22,22.802262576000658,24.0,1.1977374239993424
landshuter_allee,lightgbm,spring_2024,551,22,14.32611362884981,15.0,0.6738863711501892
landshuter_allee,lightgbm,spring_2024,552,23,10.985401330759734,10.0,0.9854013307597338
landshuter_allee,lightgbm,spring_2024,553,23,8.99976118958267,8.0,0.9997611895826708
landshuter_allee,lightgbm,spring_2024,554,23,7.869021924654455,8.0,0.13097807534554473
landshuter_allee,lightgbm,spring_2024,555,23,7.557525278942928,7.0,0.5575252789429284
landshuter_allee,lightgbm,spring_2024,556,23,7.122962564165059,5.0,2.122962564165059
landshuter_allee,lightgbm,spring_2024,557,23,6.36190141117379,5.0,1.3619014111737897
landshuter_allee,lightgbm,spring_2024,558,23,6.197758221579065,5.0,1.1977582215790648
landshuter_allee,lightgbm,spring_2024,559,23,5.957299752647299,5.0,0.957299752647299
landshuter_allee,lightgbm,spring_2024,560,23,5.661420082088228,5.0,0.6614200820882283
landshuter_allee,lightgbm,spring_2024,561,23,6.367347837608344,5.0,1.367347837608344
landshuter_allee,lightgbm,spring_2024,562,23,6.98152427724616,9.0,2.0184757227538404
landshuter_allee,lightgbm,spring_2024,563,23,7.322819453501408,9.0,1.677180546498592
landshuter_allee,lightgbm,spring_2024,564,23,7.886396750482794,10.0,2.1136032495172064
landshuter_allee,lightgbm,spring_2024,565,23,7.905120091086082,10.0,2.094879908913918
landshuter_allee,lightgbm,spring_2024,566,23,7.963712959259182,10.0,2.0362870407408176
landshuter_allee,lightgbm,spring_2024,567,23,8.20358223518889,11.0,2.7964177648111104
landshuter_allee,lightgbm,spring_2024,568,23,8.463761750666459,12.0,3.5362382493335414
landshuter_allee,lightgbm,spring_2024,569,23,9.861749903436284,14.0,4.138250096563716
landshuter_allee,lightgbm,spring_2024,570,23,12.602115010128951,17.0,4.397884989871049
landshuter_allee,lightgbm,spring_2024,571,23,14.242052212052126,16.0,1.7579477879478738
landshuter_allee,lightgbm,spring_2024,572,23,14.472641209119228,15.0,0.527358790880772
landshuter_allee,lightgbm,spring_2024,573,23,17.354008736956807,19.0,1.645991263043193
landshuter_allee,lightgbm,spring_2024,574,23,18.849496760625474,20.0,1.150503239374526
landshuter_allee,lightgbm,spring_2024,575,23,17.716623814438904,18.0,0.2833761855610959
landshuter_allee,lightgbm,spring_2024,576,24,15.50968767778829,15.0,0.5096876777882908
landshuter_allee,lightgbm,spring_2024,577,24,12.802979808791818,11.0,1.802979808791818
landshuter_allee,lightgbm,spring_2024,578,24,10.247984155238894,10.0,0.2479841552388944
landshuter_allee,lightgbm,spring_2024,579,24,7.901436995596664,8.0,0.09856300440333587
landshuter_allee,lightgbm,spring_2024,580,24,6.974976807774597,9.0,2.0250231922254027
landshuter_allee,lightgbm,spring_2024,581,24,8.185975666162301,11.0,2.8140243338376987
landshuter_allee,lightgbm,spring_2024,582,24,10.717683789192657,13.0,2.282316210807343
landshuter_allee,lightgbm,spring_2024,583,24,13.39400671250554,15.0,1.60599328749446
landshuter_allee,lightgbm,spring_2024,584,24,13.5240980769179,12.0,1.5240980769179
landshuter_allee,lightgbm,spring_2024,585,24,14.646207507242623,12.0,2.6462075072426234
landshuter_allee,lightgbm,spring_2024,586,24,17.380415826718345,15.0,2.3804158267183446
landshuter_allee,lightgbm,spring_2024,587,24,16.466336478279167,12.0,4.4663364782791675
landshuter_allee,lightgbm,spring_2024,588,24,14.225537850672605,10.0,4.225537850672605
landshuter_allee,lightgbm,spring_2024,589,24,12.708025154488672,10.0,2.7080251544886718
landshuter_allee,lightgbm,spring_2024,590,24,11.091306545821924,8.0,3.091306545821924
landshuter_allee,lightgbm,spring_2024,591,24,9.115056088657813,6.0,3.1150560886578127
landshuter_allee,lightgbm,spring_2024,592,24,9.003390270314302,7.0,2.003390270314302
landshuter_allee,lightgbm,spring_2024,593,24,8.730037890220778,8.0,0.7300378902207783
landshuter_allee,lightgbm,spring_2024,594,24,8.57397316585251,8.0,0.5739731658525091
landshuter_allee,lightgbm,spring_2024,595,24,8.319448227304182,7.0,1.319448227304182
landshuter_allee,lightgbm,spring_2024,596,24,7.563490605393447,5.0,2.563490605393447
landshuter_allee,lightgbm,spring_2024,597,24,6.744614662872319,5.0,1.7446146628723191
landshuter_allee,lightgbm,spring_2024,598,24,6.094905595415573,5.0,1.0949055954155726
landshuter_allee,lightgbm,spring_2024,599,24,3.8723192371167263,3.0,0.8723192371167263
landshuter_allee,lightgbm,spring_2024,600,25,2.3387994347920014,0.8,1.5387994347920013
landshuter_allee,lightgbm,spring_2024,601,25,1.428680436003382,0.6,0.828680436003382
landshuter_allee,lightgbm,spring_2024,602,25,1.2245209678915099,0.7,0.5245209678915099
landshuter_allee,lightgbm,spring_2024,603,25,0.8063330142011734,1.0,0.19366698579882657
landshuter_allee,lightgbm,spring_2024,604,25,1.2479717814939535,2.0,0.7520282185060465
landshuter_allee,lightgbm,spring_2024,605,25,2.395643638545446,4.0,1.604356361454554
landshuter_allee,lightgbm,spring_2024,606,25,2.8827332014943168,4.0,1.1172667985056832
landshuter_allee,lightgbm,spring_2024,607,25,2.684796838654164,3.0,0.31520316134583615
landshuter_allee,lightgbm,spring_2024,608,25,2.6572126079137717,3.0,0.3427873920862283
landshuter_allee,lightgbm,spring_2024,609,25,2.863202141321196,4.0,1.1367978586788041
landshuter_allee,lightgbm,spring_2024,610,25,3.1195857949557486,3.0,0.11958579495574861
landshuter_allee,lightgbm,spring_2024,611,25,3.2368344263472015,4.0,0.7631655736527985
landshuter_allee,lightgbm,spring_2024,612,25,3.477680984727909,4.0,0.5223190152720911
landshuter_allee,lightgbm,spring_2024,613,25,3.430538503596233,5.0,1.569461496403767
landshuter_allee,lightgbm,spring_2024,614,25,3.6020177588897018,6.0,2.3979822411102982
landshuter_allee,lightgbm,spring_2024,615,25,4.6584317609277495,6.0,1.3415682390722505
landshuter_allee,lightgbm,spring_2024,616,25,5.390905964927235,6.0,0.6090940350727649
landshuter_allee,lightgbm,spring_2024,617,25,5.860051011935704,6.0,0.13994898806429568
landshuter_allee,lightgbm,spring_2024,618,25,5.915398629564291,6.0,0.08460137043570892
landshuter_allee,lightgbm,spring_2024,619,25,5.2626595778919505,5.0,0.2626595778919505
landshuter_allee,lightgbm,spring_2024,620,25,4.935708642492158,5.0,0.06429135750784187
landshuter_allee,lightgbm,spring_2024,621,25,3.785528964294989,4.0,0.21447103570501103
landshuter_allee,lightgbm,spring_2024,622,25,3.0459330475561734,4.0,0.9540669524438266
landshuter_allee,lightgbm,spring_2024,623,25,2.185325073729047,3.0,0.814674926270953
landshuter_allee,lightgbm,spring_2024,624,26,1.6989357460863252,3.0,1.3010642539136748
landshuter_allee,lightgbm,spring_2024,625,26,1.6300280743014857,3.0,1.3699719256985143
landshuter_allee,lightgbm,spring_2024,626,26,1.6190758409611279,2.0,0.3809241590388721
landshuter_allee,lightgbm,spring_2024,627,26,1.606457317537939,2.0,0.3935426824620609
landshuter_allee,lightgbm,spring_2024,628,26,2.0286101866501123,3.0,0.9713898133498877
landshuter_allee,lightgbm,spring_2024,629,26,3.2176587801386045,5.0,1.7823412198613955
landshuter_allee,lightgbm,spring_2024,630,26,4.213519967350902,7.0,2.7864800326490977
landshuter_allee,lightgbm,spring_2024,631,26,5.417360692375942,6.0,0.5826393076240581
landshuter_allee,lightgbm,spring_2024,632,26,5.260549068128875,4.0,1.2605490681288751
landshuter_allee,lightgbm,spring_2024,633,26,5.201840406904446,5.0,0.20184040690444593
landshuter_allee,lightgbm,spring_2024,634,26,5.265724788510918,6.0,0.7342752114890816
landshuter_allee,lightgbm,spring_2024,635,26,6.0386501705447255,7.0,0.9613498294552745
landshuter_allee,lightgbm,spring_2024,636,26,6.136113798042073,7.0,0.8638862019579268
landshuter_allee,lightgbm,spring_2024,637,26,7.1238508635968865,7.0,0.12385086359688646
landshuter_allee,lightgbm,spring_2024,638,26,6.737579392769079,6.0,0.7375793927690788
landshuter_allee,lightgbm,spring_2024,639,26,6.932635187617865,7.0,0.06736481238213532
landshuter_allee,lightgbm,spring_2024,640,26,6.2222890052373865,5.0,1.2222890052373865
landshuter_allee,lightgbm,spring_2024,641,26,6.931986408004242,6.0,0.9319864080042422
landshuter_allee,lightgbm,spring_2024,642,26,7.367889099533098,7.0,0.3678890995330981
landshuter_allee,lightgbm,spring_2024,643,26,7.1296504666469005,7.0,0.1296504666469005
landshuter_allee,lightgbm,spring_2024,644,26,5.422472663157033,5.0,0.42247266315703325
landshuter_allee,lightgbm,spring_2024,645,26,4.517755941594167,4.0,0.5177559415941673
landshuter_allee,lightgbm,spring_2024,646,26,4.02780474979634,5.0,0.9721952502036597
landshuter_allee,lightgbm,spring_2024,647,26,4.141182223632856,4.0,0.14118222363285593
landshuter_allee,lightgbm,spring_2024,648,27,4.195902181652719,5.0,0.8040978183472811
landshuter_allee,lightgbm,spring_2024,649,27,4.7036808464416255,5.0,0.29631915355837446
landshuter_allee,lightgbm,spring_2024,650,27,4.8563931870492185,4.0,0.8563931870492185
landshuter_allee,lightgbm,spring_2024,651,27,5.087829654421902,5.0,0.08782965442190172
landshuter_allee,lightgbm,spring_2024,652,27,6.086760903541131,7.0,0.9132390964588692
landshuter_allee,lightgbm,spring_2024,653,27,7.921954058138759,8.0,0.07804594186124092
landshuter_allee,lightgbm,spring_2024,654,27,8.289326367314512,8.0,0.2893263673145121
landshuter_allee,lightgbm,spring_2024,655,27,7.5824000004441565,5.0,2.5824000004441565
landshuter_allee,lightgbm,spring_2024,656,27,8.291616067098829,7.0,1.291616067098829
landshuter_allee,lightgbm,spring_2024,657,27,7.709472738028397,8.0,0.2905272619716026
landshuter_allee,lightgbm,spring_2024,658,27,7.290622898930112,7.0,0.2906228989301116
landshuter_allee,lightgbm,spring_2024,659,27,6.7191300521639254,6.0,0.7191300521639254
landshuter_allee,lightgbm,spring_2024,660,27,5.95204289600607,5.0,0.9520428960060698
landshuter_allee,lightgbm,spring_2024,661,27,6.181542783426793,6.0,0.1815427834267931
landshuter_allee,lightgbm,spring_2024,662,27,5.786802789953688,4.0,1.786802789953688
landshuter_allee,lightgbm,spring_2024,663,27,5.584411133009328,4.0,1.5844111330093282
landshuter_allee,lightgbm,spring_2024,664,27,5.385147508389118,3.0,2.3851475083891183
landshuter_allee,lightgbm,spring_2024,665,27,6.085840006561168,5.0,1.0858400065611677
landshuter_allee,lightgbm,spring_2024,666,27,6.649165641149606,6.0,0.6491656411496063
landshuter_allee,lightgbm,spring_2024,667,27,6.977188094082576,6.0,0.9771880940825763
landshuter_allee,lightgbm,spring_2024,668,27,6.8952239815711,6.0,0.8952239815710996
landshuter_allee,lightgbm,spring_2024,669,27,5.81658976854794,6.0,0.1834102314520596
landshuter_allee,lightgbm,spring_2024,670,27,4.688709954455045,5.0,0.311290045544955
landshuter_allee,lightgbm,spring_2024,671,27,4.0109390485707195,4.0,0.010939048570719478
landshuter_allee,lightgbm,spring_2024,672,28,3.3628063012923772,4.0,0.6371936987076228
landshuter_allee,lightgbm,spring_2024,673,28,2.6569817306877046,3.0,0.3430182693122954
landshuter_allee,lightgbm,spring_2024,674,28,3.0828490723590445,3.0,0.08284907235904448
landshuter_allee,lightgbm,spring_2024,675,28,3.4643810351566833,4.0,0.5356189648433167
landshuter_allee,lightgbm,spring_2024,676,28,4.201706515349508,5.0,0.7982934846504923
landshuter_allee,lightgbm,spring_2024,677,28,6.628079756279242,9.0,2.3719202437207576
landshuter_allee,lightgbm,spring_2024,678,28,8.40936791197369,11.0,2.590632088026309
landshuter_allee,lightgbm,spring_2024,679,28,8.391453303810643,8.0,0.3914533038106427
landshuter_allee,lightgbm,spring_2024,680,28,7.627023753827925,8.0,0.37297624617207514
landshuter_allee,lightgbm,spring_2024,681,28,7.352454052048846,8.0,0.647545947951154
landshuter_allee,lightgbm,spring_2024,682,28,7.404090311154572,6.0,1.4040903111545724
landshuter_allee,lightgbm,spring_2024,683,28,6.431280013250709,5.0,1.431280013250709
landshuter_allee,lightgbm,spring_2024,684,28,5.0201695181084265,4.0,1.0201695181084265
landshuter_allee,lightgbm,spring_2024,685,28,4.515994116446543,3.0,1.5159941164465431
landshuter_allee,lightgbm,spring_2024,686,28,3.9793107932338088,2.0,1.9793107932338088
landshuter_allee,lightgbm,spring_2024,687,28,3.2959430980364575,2.0,1.2959430980364575
landshuter_allee,lightgbm,spring_2024,688,28,2.4010708635812557,2.0,0.40107086358125565
landshuter_allee,lightgbm,spring_2024,689,28,1.5841453569162864,2.0,0.41585464308371356
landshuter_allee,lightgbm,spring_2024,690,28,1.8331918135885432,2.0,0.16680818641145678
landshuter_allee,lightgbm,spring_2024,691,28,1.8695302451355187,2.0,0.1304697548644813
landshuter_allee,lightgbm,spring_2024,692,28,1.3777237071451423,2.0,0.6222762928548577
landshuter_allee,lightgbm,spring_2024,693,28,1.3859490282120235,2.0,0.6140509717879765
landshuter_allee,lightgbm,spring_2024,694,28,1.3680233760866145,2.0,0.6319766239133855
landshuter_allee,lightgbm,spring_2024,695,28,1.549155961549731,2.0,0.450844038450269
landshuter_allee,lightgbm,spring_2024,696,29,1.703230659946405,2.0,0.2967693400535949
landshuter_allee,lightgbm,spring_2024,697,29,1.680343861423753,1.0,0.6803438614237529
landshuter_allee,lightgbm,spring_2024,698,29,1.5450383877835443,1.0,0.5450383877835443
landshuter_allee,lightgbm,spring_2024,699,29,1.811509229391851,1.0,0.8115092293918511
landshuter_allee,lightgbm,spring_2024,700,29,1.8004713398268402,2.0,0.19952866017315984
landshuter_allee,lightgbm,spring_2024,701,29,2.11632568054139,2.0,0.11632568054139014
landshuter_allee,lightgbm,spring_2024,702,29,2.3073467951789164,2.0,0.3073467951789164
landshuter_allee,lightgbm,spring_2024,703,29,2.233778109090962,2.0,0.23377810909096208
landshuter_allee,lightgbm,spring_2024,704,29,2.162673421798915,3.0,0.8373265782010848
landshuter_allee,lightgbm,spring_2024,705,29,2.358801596751257,4.0,1.641198403248743
landshuter_allee,lightgbm,spring_2024,706,29,2.5569760357007274,3.0,0.4430239642992726
landshuter_allee,lightgbm,spring_2024,707,29,2.522174452787197,2.0,0.5221744527871972
landshuter_allee,lightgbm,spring_2024,708,29,2.5811720262262363,2.0,0.5811720262262363
landshuter_allee,lightgbm,spring_2024,709,29,3.4227188991258184,3.0,0.4227188991258184
landshuter_allee,lightgbm,spring_2024,710,29,3.2270288511904095,2.0,1.2270288511904095
landshuter_allee,lightgbm,spring_2024,711,29,3.116988366969454,2.0,1.116988366969454
landshuter_allee,lightgbm,spring_2024,712,29,3.2039443028053913,2.0,1.2039443028053913
landshuter_allee,lightgbm,spring_2024,713,29,3.6958697052150704,3.0,0.6958697052150704
landshuter_allee,lightgbm,spring_2024,714,29,5.448976594308143,4.0,1.4489765943081432
landshuter_allee,lightgbm,spring_2024,715,29,7.036085257932082,7.0,0.03608525793208184
landshuter_allee,lightgbm,spring_2024,716,29,6.213503535713517,4.0,2.2135035357135173
landshuter_allee,lightgbm,spring_2024,717,29,5.307286865267013,3.0,2.307286865267013
landshuter_allee,lightgbm,spring_2024,718,29,4.675676300565429,3.0,1.6756763005654287
landshuter_allee,lightgbm,spring_2024,719,29,4.449318047504044,3.0,1.4493180475040441
landshuter_allee,lightgbm,spring_2024,720,30,5.085919693798217,4.0,1.0859196937982167
landshuter_allee,lightgbm,spring_2024,721,30,5.649092032447083,5.0,0.6490920324470828
landshuter_allee,lightgbm,spring_2024,722,30,6.057485458934298,5.0,1.0574854589342984
landshuter_allee,lightgbm,spring_2024,723,30,6.043953034186301,5.0,1.043953034186301
landshuter_allee,lightgbm,spring_2024,724,30,5.677091548014648,5.0,0.6770915480146478
landshuter_allee,lightgbm,spring_2024,725,30,5.504982216437497,4.0,1.5049822164374973
landshuter_allee,lightgbm,spring_2024,726,30,5.246298779277505,4.0,1.246298779277505
landshuter_allee,lightgbm,spring_2024,727,30,4.523100727391724,4.0,0.5231007273917241
landshuter_allee,lightgbm,spring_2024,728,30,4.160887600000689,2.0,2.160887600000689
landshuter_allee,lightgbm,spring_2024,729,30,3.3655740789949964,2.0,1.3655740789949964
landshuter_allee,lightgbm,spring_2024,730,30,3.37613508299344,3.0,0.3761350829934398
landshuter_allee,lightgbm,spring_2024,731,30,3.518511818370101,5.0,1.4814881816298988
landshuter_allee,lightgbm,spring_2024,732,30,3.832495379816368,3.0,0.8324953798163679
landshuter_allee,lightgbm,spring_2024,733,30,4.067092567849042,3.0,1.0670925678490422
landshuter_allee,lightgbm,spring_2024,734,30,4.282798046331267,3.0,1.2827980463312674
landshuter_allee,lightgbm,spring_2024,735,30,4.768357788589064,3.0,1.7683577885890642
landshuter_allee,lightgbm,spring_2024,736,30,5.0683053721073685,4.0,1.0683053721073685
landshuter_allee,lightgbm,spring_2024,737,30,5.374072803020824,5.0,0.374072803020824
landshuter_allee,lightgbm,spring_2024,738,30,6.631025676515335,6.0,0.6310256765153346
landshuter_allee,lightgbm,spring_2024,739,30,9.621086575531146,13.0,3.3789134244688537
landshuter_allee,lightgbm,spring_2024,740,30,7.814081928383701,5.0,2.8140819283837013
landshuter_allee,lightgbm,spring_2024,741,30,5.441319198211936,4.0,1.4413191982119358
landshuter_allee,lightgbm,spring_2024,742,30,4.35214646797009,2.0,2.3521464679700896
landshuter_allee,lightgbm,spring_2024,743,30,3.9577986691154687,2.0,1.9577986691154687
landshuter_allee,lightgbm,spring_2024,744,31,3.7717732012069356,1.0,2.7717732012069356
landshuter_allee,lightgbm,spring_2024,745,31,3.520247629291329,1.0,2.520247629291329
landshuter_allee,lightgbm,spring_2024,746,31,4.530564587622261,3.0,1.530564587622261
landshuter_allee,lightgbm,spring_2024,747,31,6.03128115018234,6.0,0.031281150182340234
landshuter_allee,lightgbm,spring_2024,748,31,6.672195529651624,6.0,0.6721955296516242
landshuter_allee,lightgbm,spring_2024,749,31,7.723180511242868,6.0,1.7231805112428678
landshuter_allee,lightgbm,spring_2024,750,31,8.3748262582801,7.0,1.3748262582801
landshuter_allee,lightgbm,spring_2024,751,31,8.045213425508587,7.0,1.045213425508587
landshuter_allee,lightgbm,spring_2024,752,31,7.681885661761614,7.0,0.6818856617616138
landshuter_allee,lightgbm,spring_2024,753,31,7.196428291425483,6.0,1.196428291425483
landshuter_allee,lightgbm,spring_2024,754,31,7.109313631791629,5.0,2.109313631791629
landshuter_allee,lightgbm,spring_2024,755,31,6.985492930509494,6.0,0.9854929305094942
landshuter_allee,lightgbm,spring_2024,756,31,7.5743526520987405,7.0,0.5743526520987405
landshuter_allee,lightgbm,spring_2024,757,31,7.877627723701197,7.0,0.8776277237011971
landshuter_allee,lightgbm,spring_2024,758,31,7.455566134717625,5.0,2.4555661347176247
landshuter_allee,lightgbm,spring_2024,759,31,7.394519629597147,4.0,3.3945196295971467
landshuter_allee,lightgbm,spring_2024,760,31,6.959231588545972,3.0,3.959231588545972
landshuter_allee,lightgbm,spring_2024,761,31,6.1061056177614175,4.0,2.1061056177614175
landshuter_allee,lightgbm,spring_2024,762,31,6.015957829269333,4.0,2.0159578292693334
landshuter_allee,lightgbm,spring_2024,763,31,5.62497215771224,4.0,1.6249721577122402
landshuter_allee,lightgbm,spring_2024,764,31,5.412585349259606,4.0,1.412585349259606
landshuter_allee,lightgbm,spring_2024,765,31,5.322585610448141,4.0,1.322585610448141
landshuter_allee,lightgbm,spring_2024,766,31,5.8295893440965125,4.0,1.8295893440965125
landshuter_allee,lightgbm,spring_2024,767,31,5.979164442438977,5.0,0.9791644424389769
landshuter_allee,lightgbm,spring_2024,768,32,6.349301629843757,6.0,0.34930162984375723
landshuter_allee,lightgbm,spring_2024,769,32,7.09928043176296,8.0,0.9007195682370401
landshuter_allee,lightgbm,spring_2024,770,32,7.594099796260744,9.0,1.4059002037392556
landshuter_allee,lightgbm,spring_2024,771,32,8.597618129976816,10.0,1.4023818700231843
landshuter_allee,lightgbm,spring_2024,772,32,8.624570982041252,11.0,2.375429017958748
landshuter_allee,lightgbm,spring_2024,773,32,8.69074051885762,11.0,2.30925948114238
landshuter_allee,lightgbm,spring_2024,774,32,8.54449026247016,11.0,2.455509737529839
landshuter_allee,lightgbm,spring_2024,775,32,8.603771119961381,10.0,1.3962288800386187
landshuter_allee,lightgbm,spring_2024,776,32,7.918437715116299,9.0,1.0815622848837014
landshuter_allee,lightgbm,spring_2024,777,32,8.007151390803989,9.0,0.9928486091960114
landshuter_allee,lightgbm,spring_2024,778,32,7.785131024765647,8.0,0.2148689752343529
landshuter_allee,lightgbm,spring_2024,779,32,7.901971430384603,9.0,1.0980285696153969
landshuter_allee,lightgbm,spring_2024,780,32,7.73318278504128,8.0,0.2668172149587198
landshuter_allee,lightgbm,spring_2024,781,32,8.107777353075003,9.0,0.8922226469249974
landshuter_allee,lightgbm,spring_2024,782,32,9.862112197335062,13.0,3.137887802664938
landshuter_allee,lightgbm,spring_2024,783,32,11.818896975249418,14.0,2.1811030247505823
landshuter_allee,lightgbm,spring_2024,784,32,12.868530021884663,14.0,1.1314699781153372
landshuter_allee,lightgbm,spring_2024,785,32,14.306846924911001,15.0,0.6931530750889987
landshuter_allee,lightgbm,spring_2024,786,32,15.35881170354327,14.0,1.3588117035432692
landshuter_allee,lightgbm,spring_2024,787,32,15.760268115188037,14.0,1.7602681151880368
landshuter_allee,lightgbm,spring_2024,788,32,16.241423883738676,17.0,0.7585761162613238
landshuter_allee,lightgbm,spring_2024,789,32,16.603943305856944,21.0,4.396056694143056
landshuter_allee,lightgbm,spring_2024,790,32,17.7674567252584,21.0,3.2325432747416016
landshuter_allee,lightgbm,spring_2024,791,32,17.095642390799853,20.0,2.9043576092001473
landshuter_allee,lightgbm,spring_2024,792,33,16.09392058425287,18.0,1.9060794157471292
landshuter_allee,lightgbm,spring_2024,793,33,15.383587790090033,17.0,1.6164122099099671
landshuter_allee,lightgbm,spring_2024,794,33,14.944302033432866,15.0,0.055697966567134216
landshuter_allee,lightgbm,spring_2024,795,33,14.644600322054933,15.0,0.35539967794506744
landshuter_allee,lightgbm,spring_2024,796,33,14.888790269540037,15.0,0.1112097304599633
landshuter_allee,lightgbm,spring_2024,797,33,15.92769671075423,15.0,0.9276967107542298
landshuter_allee,lightgbm,spring_2024,798,33,15.876392580101342,14.0,1.8763925801013421
landshuter_allee,lightgbm,spring_2024,799,33,15.271418943698347,13.0,2.2714189436983467
landshuter_allee,lightgbm,spring_2024,800,33,14.020545739671121,11.0,3.020545739671121
landshuter_allee,lightgbm,spring_2024,801,33,11.24600653646858,9.0,2.2460065364685793
landshuter_allee,lightgbm,spring_2024,802,33,9.879803178695674,7.0,2.879803178695674
landshuter_allee,lightgbm,spring_2024,803,33,7.529071744477367,7.0,0.5290717444773669
landshuter_allee,lightgbm,spring_2024,804,33,6.816904402879817,5.0,1.8169044028798167
landshuter_allee,lightgbm,spring_2024,805,33,6.684617161826991,5.0,1.6846171618269912
landshuter_allee,lightgbm,spring_2024,806,33,7.104637311723478,6.0,1.1046373117234776
landshuter_allee,lightgbm,spring_2024,807,33,7.373080531797418,7.0,0.3730805317974184
landshuter_allee,lightgbm,spring_2024,808,33,7.642881713574465,7.0,0.6428817135744653
landshuter_allee,lightgbm,spring_2024,809,33,9.334165184498719,10.0,0.665834815501281
landshuter_allee,lightgbm,spring_2024,810,33,8.332224629727884,7.0,1.3322246297278841
landshuter_allee,lightgbm,spring_2024,811,33,5.509399531931132,3.0,2.509399531931132
landshuter_allee,lightgbm,spring_2024,812,33,5.877075669707509,5.0,0.8770756697075086
landshuter_allee,lightgbm,spring_2024,813,33,5.307734022122146,6.0,0.6922659778778542
landshuter_allee,lightgbm,spring_2024,814,33,4.388010315270725,3.0,1.3880103152707246
landshuter_allee,lightgbm,spring_2024,815,33,3.352363290059953,2.0,1.352363290059953
landshuter_allee,lightgbm,spring_2024,816,34,2.4925787807783983,1.0,1.4925787807783983
landshuter_allee,lightgbm,spring_2024,817,34,1.898518986196048,1.0,0.8985189861960481
landshuter_allee,lightgbm,spring_2024,818,34,1.9087000487087113,2.0,0.09129995129128865
landshuter_allee,lightgbm,spring_2024,819,34,2.44742215598764,2.0,0.4474221559876401
landshuter_allee,lightgbm,spring_2024,820,34,2.796085409006039,3.0,0.20391459099396103
landshuter_allee,lightgbm,spring_2024,821,34,4.801036394429648,5.0,0.1989636055703521
landshuter_allee,lightgbm,spring_2024,822,34,6.466999420349707,4.0,2.4669994203497074
landshuter_allee,lightgbm,spring_2024,823,34,7.375658066385053,4.0,3.3756580663850526
landshuter_allee,lightgbm,spring_2024,824,34,8.135731970738787,5.0,3.135731970738787
landshuter_allee,lightgbm,spring_2024,825,34,8.227229425598578,5.0,3.227229425598578
landshuter_allee,lightgbm,spring_2024,826,34,7.984423496583941,5.0,2.9844234965839407
landshuter_allee,lightgbm,spring_2024,827,34,7.733758602257753,5.0,2.733758602257753
landshuter_allee,lightgbm,spring_2024,828,34,7.924048301639072,4.0,3.924048301639072
landshuter_allee,lightgbm,spring_2024,829,34,7.43303828428609,4.0,3.4330382842860896
landshuter_allee,lightgbm,spring_2024,830,34,7.394975699481971,4.0,3.3949756994819706
landshuter_allee,lightgbm,spring_2024,831,34,7.309995791308032,4.0,3.3099957913080322
landshuter_allee,lightgbm,spring_2024,832,34,8.217803575894637,6.0,2.217803575894637
landshuter_allee,lightgbm,spring_2024,833,34,9.321476983101125,8.0,1.3214769831011246
landshuter_allee,lightgbm,spring_2024,834,34,9.802818018689667,7.0,2.802818018689667
landshuter_allee,lightgbm,spring_2024,835,34,9.936293944583033,8.0,1.9362939445830332
landshuter_allee,lightgbm,spring_2024,836,34,10.212581899427832,8.0,2.212581899427832
landshuter_allee,lightgbm,spring_2024,837,34,9.226376630271195,7.0,2.2263766302711954
landshuter_allee,lightgbm,spring_2024,838,34,9.005487363187498,8.0,1.0054873631874983
landshuter_allee,lightgbm,spring_2024,839,34,8.349106730539411,8.0,0.3491067305394111
landshuter_allee,lightgbm,spring_2024,840,35,7.171731534917742,5.0,2.1717315349177424
landshuter_allee,lightgbm,spring_2024,841,35,7.07574335116077,5.0,2.07574335116077
landshuter_allee,lightgbm,spring_2024,842,35,6.318089411143151,5.0,1.3180894111431511
landshuter_allee,lightgbm,spring_2024,843,35,6.1469224069554675,3.0,3.1469224069554675
landshuter_allee,lightgbm,spring_2024,844,35,6.031448874202778,3.0,3.031448874202778
landshuter_allee,lightgbm,spring_2024,845,35,6.5686807073264895,4.0,2.5686807073264895
landshuter_allee,lightgbm,spring_2024,846,35,8.979790305269127,6.0,2.979790305269127
landshuter_allee,lightgbm,spring_2024,847,35,8.638572007886477,5.0,3.638572007886477
landshuter_allee,lightgbm,spring_2024,848,35,6.9128959660400024,3.0,3.9128959660400024
landshuter_allee,lightgbm,spring_2024,849,35,5.974141067715846,3.0,2.9741410677158457
landshuter_allee,lightgbm,spring_2024,850,35,5.427491143071812,2.0,3.427491143071812
landshuter_allee,lightgbm,spring_2024,851,35,5.8151089285361826,2.0,3.8151089285361826
landshuter_allee,lightgbm,spring_2024,852,35,6.203820483684191,4.0,2.203820483684191
landshuter_allee,lightgbm,spring_2024,853,35,7.104182034739491,4.0,3.104182034739491
landshuter_allee,lightgbm,spring_2024,854,35,7.0603071444659316,4.0,3.0603071444659316
landshuter_allee,lightgbm,spring_2024,855,35,7.011628252029081,4.0,3.011628252029081
landshuter_allee,lightgbm,spring_2024,856,35,8.25402965282917,6.0,2.2540296528291695
landshuter_allee,lightgbm,spring_2024,857,35,7.556837133820452,4.0,3.5568371338204523
landshuter_allee,lightgbm,spring_2024,858,35,8.192359157326237,6.0,2.192359157326237
landshuter_allee,lightgbm,spring_2024,859,35,10.331479830745621,10.0,0.3314798307456215
landshuter_allee,lightgbm,spring_2024,860,35,11.15898793422182,9.0,2.1589879342218197
landshuter_allee,lightgbm,spring_2024,861,35,14.2259913532578,12.0,2.2259913532578004
landshuter_allee,lightgbm,spring_2024,862,35,18.85753925756506,17.0,1.8575392575650618
landshuter_allee,lightgbm,spring_2024,863,35,17.417352346166677,14.0,3.417352346166677
landshuter_allee,lightgbm,spring_2024,864,36,12.85097714498826,9.0,3.85097714498826
landshuter_allee,lightgbm,spring_2024,865,36,9.204413887227458,8.0,1.2044138872274583
landshuter_allee,lightgbm,spring_2024,866,36,7.731389324438873,8.0,0.26861067556112683
landshuter_allee,lightgbm,spring_2024,867,36,7.477470652600665,8.0,0.5225293473993347
landshuter_allee,lightgbm,spring_2024,868,36,8.770302944334725,9.0,0.22969705566527487
landshuter_allee,lightgbm,spring_2024,869,36,9.341164436475953,8.0,1.3411644364759532
landshuter_allee,lightgbm,spring_2024,870,36,9.242735966971246,8.0,1.2427359669712459
landshuter_allee,lightgbm,spring_2024,871,36,7.855418285838239,6.0,1.8554182858382386
landshuter_allee,lightgbm,spring_2024,872,36,7.246791915104604,5.0,2.2467919151046036
landshuter_allee,lightgbm,spring_2024,873,36,6.376104033678016,4.0,2.3761040336780157
landshuter_allee,lightgbm,spring_2024,874,36,6.420443881316374,4.0,2.4204438813163742
landshuter_allee,lightgbm,spring_2024,875,36,5.8205937399085474,4.0,1.8205937399085474
landshuter_allee,lightgbm,spring_2024,876,36,5.814463835491466,4.0,1.8144638354914662
landshuter_allee,lightgbm,spring_2024,877,36,5.040929886328508,4.0,1.0409298863285077
landshuter_allee,lightgbm,spring_2024,878,36,5.191830197444139,5.0,0.19183019744413876
landshuter_allee,lightgbm,spring_2024,879,36,4.968772785503648,4.0,0.9687727855036483
landshuter_allee,lightgbm,spring_2024,880,36,5.317241689179669,5.0,0.317241689179669
landshuter_allee,lightgbm,spring_2024,881,36,6.142712575230669,5.0,1.1427125752306688
landshuter_allee,lightgbm,spring_2024,882,36,6.907484354726769,5.0,1.907484354726769
landshuter_allee,lightgbm,spring_2024,883,36,7.557740067261883,7.0,0.5577400672618831
landshuter_allee,lightgbm,spring_2024,884,36,7.918641416171334,7.0,0.9186414161713339
landshuter_allee,lightgbm,spring_2024,885,36,7.527800164971242,6.0,1.527800164971242
landshuter_allee,lightgbm,spring_2024,886,36,6.878257566595211,5.0,1.8782575665952113
landshuter_allee,lightgbm,spring_2024,887,36,6.1617728821803635,5.0,1.1617728821803635
landshuter_allee,lightgbm,spring_2024,888,37,6.105361199684516,4.0,2.1053611996845163
landshuter_allee,lightgbm,spring_2024,889,37,5.881055319554133,3.0,2.8810553195541333
landshuter_allee,lightgbm,spring_2024,890,37,5.18461019781048,4.0,1.1846101978104802
landshuter_allee,lightgbm,spring_2024,891,37,4.2930552688593036,2.0,2.2930552688593036
landshuter_allee,lightgbm,spring_2024,892,37,4.913585030162118,2.0,2.9135850301621176
landshuter_allee,lightgbm,spring_2024,893,37,5.112999186305524,3.0,2.112999186305524
landshuter_allee,lightgbm,spring_2024,894,37,5.129604062119113,4.0,1.129604062119113
landshuter_allee,lightgbm,spring_2024,895,37,4.8195706726625085,4.0,0.8195706726625085
landshuter_allee,lightgbm,spring_2024,896,37,5.634623062682951,4.0,1.6346230626829508
landshuter_allee,lightgbm,spring_2024,897,37,6.521951085456426,4.0,2.5219510854564264
landshuter_allee,lightgbm,spring_2024,898,37,6.842741224086495,5.0,1.8427412240864953
landshuter_allee,lightgbm,spring_2024,899,37,7.277921786592736,6.0,1.277921786592736
landshuter_allee,lightgbm,spring_2024,900,37,7.432875900826896,6.0,1.4328759008268959
landshuter_allee,lightgbm,spring_2024,901,37,8.292997422528371,8.0,0.29299742252837113
landshuter_allee,lightgbm,spring_2024,902,37,8.527406544447718,8.0,0.5274065444477181
landshuter_allee,lightgbm,spring_2024,903,37,8.76299714815162,8.0,0.7629971481516193
landshuter_allee,lightgbm,spring_2024,904,37,9.769506485638763,8.0,1.7695064856387628
landshuter_allee,lightgbm,spring_2024,905,37,10.91065840683394,9.0,1.9106584068339405
landshuter_allee,lightgbm,spring_2024,906,37,11.563099615287719,9.0,2.563099615287719
landshuter_allee,lightgbm,spring_2024,907,37,13.096904704645025,10.0,3.0969047046450253
landshuter_allee,lightgbm,spring_2024,908,37,13.51665262043929,11.0,2.51665262043929
landshuter_allee,lightgbm,spring_2024,909,37,14.200974017579334,11.0,3.200974017579334
landshuter_allee,lightgbm,spring_2024,910,37,12.79438453301596,10.0,2.7943845330159593
landshuter_allee,lightgbm,spring_2024,911,37,10.45793173474443,6.0,4.457931734744429
landshuter_allee,lightgbm,spring_2024,912,38,8.299904621321502,5.0,3.2999046213215024
landshuter_allee,lightgbm,spring_2024,913,38,6.43231764859407,4.0,2.4323176485940703
landshuter_allee,lightgbm,spring_2024,914,38,6.31541721915663,4.0,2.31541721915663
landshuter_allee,lightgbm,spring_2024,915,38,8.87625739424826,5.0,3.8762573942482597
landshuter_allee,lightgbm,spring_2024,916,38,10.19594243053364,5.0,5.1959424305336395
landshuter_allee,lightgbm,spring_2024,917,38,12.312243295477353,7.0,5.312243295477353
landshuter_allee,lightgbm,spring_2024,918,38,13.294190486840563,7.0,6.294190486840563
landshuter_allee,lightgbm,spring_2024,919,38,12.342165314555348,6.0,6.3421653145553485
landshuter_allee,lightgbm,spring_2024,920,38,10.42269273117546,4.0,6.422692731175459
landshuter_allee,lightgbm,spring_2024,921,38,8.729847390283608,5.0,3.7298473902836076
landshuter_allee,lightgbm,spring_2024,922,38,6.806074658672315,4.0,2.8060746586723146
landshuter_allee,lightgbm,spring_2024,923,38,6.743863243248397,6.0,0.7438632432483967
landshuter_allee,lightgbm,spring_2024,924,38,7.748262020465323,8.0,0.2517379795346768
landshuter_allee,lightgbm,spring_2024,925,38,9.399047942583955,10.0,0.6009520574160447
landshuter_allee,lightgbm,spring_2024,926,38,9.831048953983247,9.0,0.8310489539832471
landshuter_allee,lightgbm,spring_2024,927,38,9.963724624400959,10.0,0.03627537559904148
landshuter_allee,lightgbm,spring_2024,928,38,9.958492894837239,9.0,0.9584928948372387
landshuter_allee,lightgbm,spring_2024,929,38,10.421974353679296,7.0,3.421974353679296
landshuter_allee,lightgbm,spring_2024,930,38,10.775897102571632,8.0,2.7758971025716317
landshuter_allee,lightgbm,spring_2024,931,38,11.852682307452708,9.0,2.8526823074527083
landshuter_allee,lightgbm,spring_2024,932,38,14.252193519840427,10.0,4.252193519840427
landshuter_allee,lightgbm,spring_2024,933,38,15.473497493688392,9.0,6.473497493688392
landshuter_allee,lightgbm,spring_2024,934,38,16.84179259725155,12.0,4.841792597251551
landshuter_allee,lightgbm,spring_2024,935,38,17.516433595111096,12.0,5.516433595111096
landshuter_allee,lightgbm,spring_2024,936,39,17.788132585182602,12.0,5.788132585182602
landshuter_allee,lightgbm,spring_2024,937,39,18.192330383530305,11.0,7.1923303835303045
landshuter_allee,lightgbm,spring_2024,938,39,16.890889839774818,10.0,6.890889839774818
landshuter_allee,lightgbm,spring_2024,939,39,16.167516035111703,11.0,5.167516035111703
landshuter_allee,lightgbm,spring_2024,940,39,17.071975738749014,14.0,3.071975738749014
landshuter_allee,lightgbm,spring_2024,941,39,19.23203799356768,17.0,2.2320379935676797
landshuter_allee,lightgbm,spring_2024,942,39,19.24799869929523,16.0,3.2479986992952306
landshuter_allee,lightgbm,spring_2024,943,39,17.559410591187962,12.0,5.559410591187962
landshuter_allee,lightgbm,spring_2024,944,39,18.903406705841366,13.0,5.903406705841366
landshuter_allee,lightgbm,spring_2024,945,39,15.871894108991956,9.0,6.871894108991956
landshuter_allee,lightgbm,spring_2024,946,39,12.833156220853473,9.0,3.833156220853473
landshuter_allee,lightgbm,spring_2024,947,39,13.120301912116643,10.0,3.120301912116643
landshuter_allee,lightgbm,spring_2024,948,39,14.18519210093295,12.0,2.18519210093295
landshuter_allee,lightgbm,spring_2024,949,39,16.463909937048804,13.0,3.463909937048804
landshuter_allee,lightgbm,spring_2024,950,39,17.776692510885727,14.0,3.776692510885727
landshuter_allee,lightgbm,spring_2024,951,39,19.462861044873346,14.0,5.462861044873346
landshuter_allee,lightgbm,spring_2024,952,39,19.700204914664212,16.0,3.700204914664212
landshuter_allee,lightgbm,spring_2024,953,39,21.705709279296883,18.0,3.705709279296883
landshuter_allee,lightgbm,spring_2024,954,39,24.215477031823372,20.0,4.215477031823372
landshuter_allee,lightgbm,spring_2024,955,39,25.46281232647677,21.0,4.462812326476769
landshuter_allee,lightgbm,spring_2024,956,39,25.77566491808469,19.0,6.77566491808469
landshuter_allee,lightgbm,spring_2024,957,39,25.04506440734365,19.0,6.045064407343649
landshuter_allee,lightgbm,spring_2024,958,39,22.985528630803962,18.0,4.985528630803962
landshuter_allee,lightgbm,spring_2024,959,39,19.48555464700577,15.0,4.48555464700577
landshuter_allee,lightgbm,spring_2024,960,40,20.05796863321509,15.0,5.05796863321509
landshuter_allee,lightgbm,spring_2024,961,40,20.77999086831295,15.0,5.77999086831295
landshuter_allee,lightgbm,spring_2024,962,40,21.130565191021457,13.0,8.130565191021457
landshuter_allee,lightgbm,spring_2024,963,40,20.157921000893207,13.0,7.157921000893207
landshuter_allee,lightgbm,spring_2024,964,40,19.61040795401129,14.0,5.61040795401129
landshuter_allee,lightgbm,spring_2024,965,40,20.36719833343243,14.0,6.36719833343243
landshuter_allee,lightgbm,spring_2024,966,40,19.51366257749785,12.0,7.5136625774978505
landshuter_allee,lightgbm,spring_2024,967,40,15.16517763033628,10.0,5.165177630336281
landshuter_allee,lightgbm,spring_2024,968,40,12.8436394934097,10.0,2.8436394934097002
landshuter_allee,lightgbm,spring_2024,969,40,11.621398444325912,9.0,2.621398444325912
landshuter_allee,lightgbm,spring_2024,970,40,10.703559402734228,8.0,2.7035594027342285
landshuter_allee,lightgbm,spring_2024,971,40,10.920694998092728,9.0,1.9206949980927277
landshuter_allee,lightgbm,spring_2024,972,40,11.742230689291196,10.0,1.7422306892911958
landshuter_allee,lightgbm,spring_2024,973,40,12.940684095884112,10.0,2.9406840958841123
landshuter_allee,lightgbm,spring_2024,974,40,13.487602454368993,10.0,3.487602454368993
landshuter_allee,lightgbm,spring_2024,975,40,12.971962936451927,10.0,2.971962936451927
landshuter_allee,lightgbm,spring_2024,976,40,12.228891937827756,10.0,2.228891937827756
landshuter_allee,lightgbm,spring_2024,977,40,11.653234820293932,10.0,1.6532348202939318
landshuter_allee,lightgbm,spring_2024,978,40,12.161917935465606,10.0,2.161917935465606
landshuter_allee,lightgbm,spring_2024,979,40,12.149039145655525,11.0,1.1490391456555251
landshuter_allee,lightgbm,spring_2024,980,40,10.857984876721083,9.0,1.8579848767210834
landshuter_allee,lightgbm,spring_2024,981,40,8.871890718756031,9.0,0.1281092812439688
landshuter_allee,lightgbm,spring_2024,982,40,7.736140801403435,8.0,0.26385919859656504
landshuter_allee,lightgbm,spring_2024,983,40,6.923883319311335,7.0,0.07611668068866528
landshuter_allee,lightgbm,spring_2024,984,41,6.648145230154563,6.0,0.6481452301545634
landshuter_allee,lightgbm,spring_2024,985,41,6.7441339858389036,6.0,0.7441339858389036
landshuter_allee,lightgbm,spring_2024,986,41,6.755671538676385,7.0,0.2443284613236152
landshuter_allee,lightgbm,spring_2024,987,41,6.772042094685922,6.0,0.7720420946859221
landshuter_allee,lightgbm,spring_2024,988,41,7.012982832091355,7.0,0.012982832091354979
landshuter_allee,lightgbm,spring_2024,989,41,7.388822466481882,7.0,0.3888224664818818
landshuter_allee,lightgbm,spring_2024,990,41,8.000613344917706,7.0,1.0006133449177064
landshuter_allee,lightgbm,spring_2024,991,41,7.759730932643636,7.0,0.7597309326436363
landshuter_allee,lightgbm,spring_2024,992,41,6.372134770055993,5.0,1.3721347700559932
landshuter_allee,lightgbm,spring_2024,993,41,6.084613441305053,5.0,1.084613441305053
landshuter_allee,lightgbm,spring_2024,994,41,6.524090088323836,4.0,2.5240900883238364
landshuter_allee,lightgbm,spring_2024,995,41,6.842989177128129,5.0,1.8429891771281293
landshuter_allee,lightgbm,spring_2024,996,41,7.06158720223927,4.0,3.06158720223927
landshuter_allee,lightgbm,spring_2024,997,41,9.797756620504959,7.0,2.797756620504959
landshuter_allee,lightgbm,spring_2024,998,41,9.544054549236838,8.0,1.5440545492368383
landshuter_allee,lightgbm,spring_2024,999,41,9.860312026768325,7.0,2.860312026768325
landshuter_allee,lightgbm,spring_2024,1000,41,9.981485791179711,10.0,0.018514208820288758
landshuter_allee,lightgbm,spring_2024,1001,41,9.751057128020872,7.0,2.7510571280208715
landshuter_allee,lightgbm,spring_2024,1002,41,9.841794628786015,8.0,1.8417946287860154
landshuter_allee,lightgbm,spring_2024,1003,41,8.485244044123846,6.0,2.4852440441238457
landshuter_allee,lightgbm,spring_2024,1004,41,6.2795773756648945,4.0,2.2795773756648945
landshuter_allee,lightgbm,spring_2024,1005,41,4.76919040350511,4.0,0.7691904035051103
landshuter_allee,lightgbm,spring_2024,1006,41,3.7201536591800433,3.0,0.7201536591800433
landshuter_allee,lightgbm,spring_2024,1007,41,3.141421919013878,3.0,0.14142191901387813
landshuter_allee,lightgbm,spring_2024,1008,42,2.3676622688767166,2.0,0.3676622688767166
landshuter_allee,lightgbm,spring_2024,1009,42,1.7365480435956766,1.0,0.7365480435956766
landshuter_allee,lightgbm,spring_2024,1010,42,1.5536777872260696,1.0,0.5536777872260696
landshuter_allee,lightgbm,spring_2024,1011,42,1.4605013459753962,1.0,0.46050134597539616
landshuter_allee,lightgbm,spring_2024,1012,42,2.135191705086097,2.0,0.1351917050860969
landshuter_allee,lightgbm,spring_2024,1013,42,2.8400990667306236,3.0,0.15990093326937638
landshuter_allee,lightgbm,spring_2024,1014,42,3.4725825019293235,3.0,0.4725825019293235
landshuter_allee,lightgbm,spring_2024,1015,42,3.45249483573079,3.0,0.4524948357307901
landshuter_allee,lightgbm,spring_2024,1016,42,3.3865046681485036,3.0,0.3865046681485036
landshuter_allee,lightgbm,spring_2024,1017,42,3.613740377040673,4.0,0.38625962295932714
landshuter_allee,lightgbm,spring_2024,1018,42,4.8735781166415615,5.0,0.1264218833584385
landshuter_allee,lightgbm,spring_2024,1019,42,5.925544113265821,6.0,0.07445588673417891
landshuter_allee,lightgbm,spring_2024,1020,42,6.846389098094952,7.0,0.153610901905048
landshuter_allee,lightgbm,spring_2024,1021,42,7.426434157651919,7.0,0.4264341576519186
landshuter_allee,lightgbm,spring_2024,1022,42,8.861326654271492,8.0,0.8613266542714921
landshuter_allee,lightgbm,spring_2024,1023,42,10.268163227646381,9.0,1.2681632276463812
landshuter_allee,lightgbm,spring_2024,1024,42,10.868004828741146,11.0,0.13199517125885407
landshuter_allee,lightgbm,spring_2024,1025,42,13.496549729010933,14.0,0.5034502709890667
landshuter_allee,lightgbm,spring_2024,1026,42,13.721059886890437,13.0,0.721059886890437
landshuter_allee,lightgbm,spring_2024,1027,42,12.633515160433328,11.0,1.633515160433328
landshuter_allee,lightgbm,spring_2024,1028,42,12.586994968133842,14.0,1.4130050318661578
landshuter_allee,lightgbm,spring_2024,1029,42,12.440034175571862,10.0,2.4400341755718618
landshuter_allee,lightgbm,spring_2024,1030,42,10.244921936596107,8.0,2.244921936596107
landshuter_allee,lightgbm,spring_2024,1031,42,8.13680790160769,9.0,0.8631920983923091
landshuter_allee,lightgbm,spring_2024,1032,43,6.898751473915165,8.0,1.1012485260848353
landshuter_allee,lightgbm,spring_2024,1033,43,7.003176552256725,7.0,0.0031765522567246407
landshuter_allee,lightgbm,spring_2024,1034,43,6.700668892480911,6.0,0.7006688924809108
landshuter_allee,lightgbm,spring_2024,1035,43,6.528281090318096,6.0,0.5282810903180959
landshuter_allee,lightgbm,spring_2024,1036,43,6.454319931639223,5.0,1.4543199316392226
landshuter_allee,lightgbm,spring_2024,1037,43,6.607702826575697,5.0,1.6077028265756974
landshuter_allee,lightgbm,spring_2024,1038,43,6.2961665958601625,5.0,1.2961665958601625
landshuter_allee,lightgbm,spring_2024,1039,43,5.5105717740717814,4.0,1.5105717740717814
landshuter_allee,lightgbm,spring_2024,1040,43,5.717361232370687,4.0,1.7173612323706866
landshuter_allee,lightgbm,spring_2024,1041,43,5.757394298566888,5.0,0.7573942985668882
landshuter_allee,lightgbm,spring_2024,1042,43,6.214612722483749,6.0,0.21461272248374907
landshuter_allee,lightgbm,spring_2024,1043,43,6.713765318216452,7.0,0.28623468178354816
landshuter_allee,lightgbm,spring_2024,1044,43,6.474776637281021,6.0,0.47477663728102115
landshuter_allee,lightgbm,spring_2024,1045,43,6.124335058433388,6.0,0.12433505843338821
landshuter_allee,lightgbm,spring_2024,1046,43,5.624626642993684,4.0,1.6246266429936842
landshuter_allee,lightgbm,spring_2024,1047,43,5.332985581663118,3.0,2.3329855816631184
landshuter_allee,lightgbm,spring_2024,1048,43,5.281800277626607,3.0,2.2818002776266066
landshuter_allee,lightgbm,spring_2024,1049,43,5.487701573963921,3.0,2.487701573963921
landshuter_allee,lightgbm,spring_2024,1050,43,6.312762457472957,4.0,2.3127624574729566
landshuter_allee,lightgbm,spring_2024,1051,43,7.661767768721756,6.0,1.6617677687217558
landshuter_allee,lightgbm,spring_2024,1052,43,10.181748188355442,8.0,2.181748188355442
landshuter_allee,lightgbm,spring_2024,1053,43,11.74887505810219,9.0,2.7488750581021897
landshuter_allee,lightgbm,spring_2024,1054,43,12.554736788003549,10.0,2.5547367880035488
landshuter_allee,lightgbm,spring_2024,1055,43,12.950333659028562,10.0,2.950333659028562
landshuter_allee,lightgbm,summer_2024,0,0,3.296764772535514,6.0,2.703235227464486
landshuter_allee,lightgbm,summer_2024,1,0,3.514754959055723,5.0,1.4852450409442768
landshuter_allee,lightgbm,summer_2024,2,0,3.7804704768445347,4.0,0.21952952315546526
landshuter_allee,lightgbm,summer_2024,3,0,3.995838163944524,3.0,0.9958381639445242
landshuter_allee,lightgbm,summer_2024,4,0,4.31107131623564,3.0,1.3110713162356404
landshuter_allee,lightgbm,summer_2024,5,0,5.091164508655853,4.0,1.0911645086558526
landshuter_allee,lightgbm,summer_2024,6,0,5.079839264096208,4.0,1.0798392640962078
landshuter_allee,lightgbm,summer_2024,7,0,5.068321421861904,4.0,1.0683214218619037
landshuter_allee,lightgbm,summer_2024,8,0,5.015558757714787,4.0,1.0155587577147873
landshuter_allee,lightgbm,summer_2024,9,0,5.424007848333891,5.0,0.4240078483338907
landshuter_allee,lightgbm,summer_2024,10,0,6.4522119999606575,6.0,0.45221199996065753
landshuter_allee,lightgbm,summer_2024,11,0,6.403773838039771,6.0,0.40377383803977107
landshuter_allee,lightgbm,summer_2024,12,0,5.619967211757685,4.0,1.619967211757685
landshuter_allee,lightgbm,summer_2024,13,0,6.021313564027458,5.0,1.0213135640274578
landshuter_allee,lightgbm,summer_2024,14,0,5.816510990782696,4.0,1.816510990782696
landshuter_allee,lightgbm,summer_2024,15,0,6.049464439951697,5.0,1.0494644399516968
landshuter_allee,lightgbm,summer_2024,16,0,6.328434317148425,6.0,0.3284343171484254
landshuter_allee,lightgbm,summer_2024,17,0,9.238120370793412,12.0,2.7618796292065877
landshuter_allee,lightgbm,summer_2024,18,0,10.669499659806956,10.0,0.6694996598069558
landshuter_allee,lightgbm,summer_2024,19,0,9.99661326011724,7.0,2.9966132601172397
landshuter_allee,lightgbm,summer_2024,20,0,8.295104132431153,5.0,3.2951041324311525
landshuter_allee,lightgbm,summer_2024,21,0,6.841181612166848,4.0,2.8411816121668476
landshuter_allee,lightgbm,summer_2024,22,0,6.382480984275695,4.0,2.382480984275695
landshuter_allee,lightgbm,summer_2024,23,0,6.1725988796816225,5.0,1.1725988796816225
landshuter_allee,lightgbm,summer_2024,24,1,6.639016656957264,4.0,2.6390166569572644
landshuter_allee,lightgbm,summer_2024,25,1,6.744573654901236,5.0,1.7445736549012363
landshuter_allee,lightgbm,summer_2024,26,1,7.011807723729294,5.0,2.0118077237292944
landshuter_allee,lightgbm,summer_2024,27,1,7.68505230562486,6.0,1.6850523056248603
landshuter_allee,lightgbm,summer_2024,28,1,8.908552847072976,8.0,0.9085528470729756
landshuter_allee,lightgbm,summer_2024,29,1,10.114088390710927,9.0,1.1140883907109274
landshuter_allee,lightgbm,summer_2024,30,1,9.904426196460705,8.0,1.9044261964607045
landshuter_allee,lightgbm,summer_2024,31,1,8.554695007584643,7.0,1.5546950075846429
landshuter_allee,lightgbm,summer_2024,32,1,7.432261439205702,5.0,2.4322614392057016
landshuter_allee,lightgbm,summer_2024,33,1,6.965616381001869,5.0,1.965616381001869
landshuter_allee,lightgbm,summer_2024,34,1,6.8540033169520385,6.0,0.8540033169520385
landshuter_allee,lightgbm,summer_2024,35,1,6.21846463915274,4.0,2.2184646391527396
landshuter_allee,lightgbm,summer_2024,36,1,6.809844179921031,5.0,1.809844179921031
landshuter_allee,lightgbm,summer_2024,37,1,6.995442724657218,6.0,0.9954427246572184
landshuter_allee,lightgbm,summer_2024,38,1,6.568797174841998,5.0,1.5687971748419978
landshuter_allee,lightgbm,summer_2024,39,1,6.580406053106845,5.0,1.5804060531068451
landshuter_allee,lightgbm,summer_2024,40,1,6.588230904188177,5.0,1.588230904188177
landshuter_allee,lightgbm,summer_2024,41,1,7.102766643689795,6.0,1.1027666436897947
landshuter_allee,lightgbm,summer_2024,42,1,6.846368066676814,6.0,0.8463680666768143
landshuter_allee,lightgbm,summer_2024,43,1,6.96745860107684,6.0,0.9674586010768396
landshuter_allee,lightgbm,summer_2024,44,1,7.22966975509062,6.0,1.2296697550906197
landshuter_allee,lightgbm,summer_2024,45,1,8.301277421825604,8.0,0.30127742182560446
landshuter_allee,lightgbm,summer_2024,46,1,7.783632884105064,7.0,0.7836328841050637
landshuter_allee,lightgbm,summer_2024,47,1,6.843503296660851,6.0,0.8435032966608507
landshuter_allee,lightgbm,summer_2024,48,2,6.731139754896781,6.0,0.7311397548967813
landshuter_allee,lightgbm,summer_2024,49,2,6.4637015040328025,5.0,1.4637015040328025
landshuter_allee,lightgbm,summer_2024,50,2,5.942213930107376,5.0,0.9422139301073758
landshuter_allee,lightgbm,summer_2024,51,2,5.266731803387729,4.0,1.2667318033877288
landshuter_allee,lightgbm,summer_2024,52,2,5.456427654259789,5.0,0.45642765425978915
landshuter_allee,lightgbm,summer_2024,53,2,7.038179314479289,7.0,0.03817931447928924
landshuter_allee,lightgbm,summer_2024,54,2,7.112394450300839,6.0,1.1123944503008394
landshuter_allee,lightgbm,summer_2024,55,2,6.128888096603115,5.0,1.1288880966031147
landshuter_allee,lightgbm,summer_2024,56,2,5.165170481492462,3.0,2.1651704814924617
landshuter_allee,lightgbm,summer_2024,57,2,4.085478110220985,3.0,1.0854781102209854
landshuter_allee,lightgbm,summer_2024,58,2,4.630866713067528,4.0,0.6308667130675278
landshuter_allee,lightgbm,summer_2024,59,2,4.206901458409752,3.0,1.2069014584097522
landshuter_allee,lightgbm,summer_2024,60,2,3.8832764047660175,2.0,1.8832764047660175
landshuter_allee,lightgbm,summer_2024,61,2,3.8361190085443586,3.0,0.8361190085443586
landshuter_allee,lightgbm,summer_2024,62,2,4.36406442827257,4.0,0.36406442827257024
landshuter_allee,lightgbm,summer_2024,63,2,4.694603025508341,5.0,0.3053969744916589
landshuter_allee,lightgbm,summer_2024,64,2,4.784608273573822,5.0,0.2153917264261782
landshuter_allee,lightgbm,summer_2024,65,2,4.7522327826796165,4.0,0.7522327826796165
landshuter_allee,lightgbm,summer_2024,66,2,5.165662847876285,5.0,0.16566284787628494
landshuter_allee,lightgbm,summer_2024,67,2,5.400774935704058,5.0,0.4007749357040584
landshuter_allee,lightgbm,summer_2024,68,2,5.739987695128218,5.0,0.7399876951282183
landshuter_allee,lightgbm,summer_2024,69,2,5.323396808933603,5.0,0.32339680893360256
landshuter_allee,lightgbm,summer_2024,70,2,4.261826377807682,3.0,1.2618263778076821
landshuter_allee,lightgbm,summer_2024,71,2,3.1914379467168095,2.0,1.1914379467168095
landshuter_allee,lightgbm,summer_2024,72,3,2.317414100065442,2.0,0.317414100065442
landshuter_allee,lightgbm,summer_2024,73,3,1.8088324737140533,2.0,0.1911675262859467
landshuter_allee,lightgbm,summer_2024,74,3,1.7998812912874513,1.0,0.7998812912874513
landshuter_allee,lightgbm,summer_2024,75,3,1.8889848180427564,2.0,0.11101518195724358
landshuter_allee,lightgbm,summer_2024,76,3,2.210100683697612,2.0,0.21010068369761203
landshuter_allee,lightgbm,summer_2024,77,3,3.325724349579664,4.0,0.674275650420336
landshuter_allee,lightgbm,summer_2024,78,3,3.960163612970235,5.0,1.0398363870297649
landshuter_allee,lightgbm,summer_2024,79,3,4.513001721847739,5.0,0.48699827815226104
landshuter_allee,lightgbm,summer_2024,80,3,4.856687121640785,4.0,0.8566871216407854
landshuter_allee,lightgbm,summer_2024,81,3,4.563086402955009,4.0,0.5630864029550091
landshuter_allee,lightgbm,summer_2024,82,3,4.800903704470249,4.0,0.8009037044702492
landshuter_allee,lightgbm,summer_2024,83,3,4.97096873856208,4.0,0.97096873856208
landshuter_allee,lightgbm,summer_2024,84,3,5.074778316758182,4.0,1.0747783167581817
landshuter_allee,lightgbm,summer_2024,85,3,4.944819822914934,4.0,0.9448198229149343
landshuter_allee,lightgbm,summer_2024,86,3,5.126310672790013,5.0,0.12631067279001318
landshuter_allee,lightgbm,summer_2024,87,3,5.0338926415111205,5.0,0.03389264151112048
landshuter_allee,lightgbm,summer_2024,88,3,4.767734994668372,4.0,0.7677349946683716
landshuter_allee,lightgbm,summer_2024,89,3,5.23970572512602,6.0,0.7602942748739796
landshuter_allee,lightgbm,summer_2024,90,3,5.342179716826197,5.0,0.3421797168261973
landshuter_allee,lightgbm,summer_2024,91,3,5.293632226241434,5.0,0.29363222624143415
landshuter_allee,lightgbm,summer_2024,92,3,5.173486211338212,5.0,0.1734862113382123
landshuter_allee,lightgbm,summer_2024,93,3,4.255998319998394,4.0,0.25599831999839395
landshuter_allee,lightgbm,summer_2024,94,3,4.416427805724712,4.0,0.4164278057247124
landshuter_allee,lightgbm,summer_2024,95,3,4.662613629771071,4.0,0.6626136297710712
landshuter_allee,lightgbm,summer_2024,96,4,4.8086895446900675,3.0,1.8086895446900675
landshuter_allee,lightgbm,summer_2024,97,4,4.802304339155943,3.0,1.8023043391559428
landshuter_allee,lightgbm,summer_2024,98,4,4.740395637499571,3.0,1.7403956374995708
landshuter_allee,lightgbm,summer_2024,99,4,4.974628089342618,3.0,1.9746280893426178
landshuter_allee,lightgbm,summer_2024,100,4,5.036988769026581,3.0,2.036988769026581
landshuter_allee,lightgbm,summer_2024,101,4,5.816357083651167,4.0,1.8163570836511669
landshuter_allee,lightgbm,summer_2024,102,4,6.700580911603055,5.0,1.7005809116030548
landshuter_allee,lightgbm,summer_2024,103,4,7.162909178509105,5.0,2.1629091785091052
landshuter_allee,lightgbm,summer_2024,104,4,6.144560494279593,4.0,2.1445604942795926
landshuter_allee,lightgbm,summer_2024,105,4,5.5354194471409865,3.0,2.5354194471409865
landshuter_allee,lightgbm,summer_2024,106,4,5.768822537336239,4.0,1.7688225373362387
landshuter_allee,lightgbm,summer_2024,107,4,5.94275902116754,5.0,0.9427590211675403
landshuter_allee,lightgbm,summer_2024,108,4,6.39102542795867,5.0,1.3910254279586702
landshuter_allee,lightgbm,summer_2024,109,4,6.959969167640465,6.0,0.9599691676404651
landshuter_allee,lightgbm,summer_2024,110,4,7.1017208165489905,7.0,0.10172081654899046
landshuter_allee,lightgbm,summer_2024,111,4,7.414575807574979,7.0,0.4145758075749786
landshuter_allee,lightgbm,summer_2024,112,4,8.185228375409526,8.0,0.18522837540952608
landshuter_allee,lightgbm,summer_2024,113,4,8.092557920162056,6.0,2.092557920162056
landshuter_allee,lightgbm,summer_2024,114,4,7.810920703525961,6.0,1.8109207035259614
landshuter_allee,lightgbm,summer_2024,115,4,7.717792876388912,6.0,1.7177928763889119
landshuter_allee,lightgbm,summer_2024,116,4,7.884130576334438,6.0,1.8841305763344378
landshuter_allee,lightgbm,summer_2024,117,4,8.528063035824857,7.0,1.5280630358248573
landshuter_allee,lightgbm,summer_2024,118,4,9.231493248826716,9.0,0.23149324882671607
landshuter_allee,lightgbm,summer_2024,119,4,9.36765269190239,8.0,1.3676526919023893
landshuter_allee,lightgbm,summer_2024,120,5,9.882815550566109,10.0,0.11718444943389095
landshuter_allee,lightgbm,summer_2024,121,5,10.024495614568767,11.0,0.9755043854312326
landshuter_allee,lightgbm,summer_2024,122,5,9.278732962014818,9.0,0.2787329620148178
landshuter_allee,lightgbm,summer_2024,123,5,9.088901783184907,9.0,0.08890178318490705
landshuter_allee,lightgbm,summer_2024,124,5,8.691409679026396,8.0,0.6914096790263962
landshuter_allee,lightgbm,summer_2024,125,5,7.812948800465813,9.0,1.1870511995341868
landshuter_allee,lightgbm,summer_2024,126,5,7.434819211042548,8.0,0.565180788957452
landshuter_allee,lightgbm,summer_2024,127,5,6.943858582419729,8.0,1.056141417580271
landshuter_allee,lightgbm,summer_2024,128,5,6.545209179251863,7.0,0.45479082074813704
landshuter_allee,lightgbm,summer_2024,129,5,6.511502227538239,7.0,0.48849777246176096
landshuter_allee,lightgbm,summer_2024,130,5,6.6522083016335385,7.0,0.3477916983664615
landshuter_allee,lightgbm,summer_2024,131,5,7.245374458590708,8.0,0.7546255414092924
landshuter_allee,lightgbm,summer_2024,132,5,7.715043535044615,8.0,0.2849564649553846
landshuter_allee,lightgbm,summer_2024,133,5,8.184984919164688,10.0,1.8150150808353125
landshuter_allee,lightgbm,summer_2024,134,5,7.918427844780068,9.0,1.0815721552199324
landshuter_allee,lightgbm,summer_2024,135,5,9.543045278606959,10.0,0.45695472139304094
landshuter_allee,lightgbm,summer_2024,136,5,12.829457721875766,13.0,0.17054227812423406
landshuter_allee,lightgbm,summer_2024,137,5,11.334896428412664,9.0,2.334896428412664
landshuter_allee,lightgbm,summer_2024,138,5,10.85626449989026,9.0,1.8562644998902602
landshuter_allee,lightgbm,summer_2024,139,5,9.402003639907269,8.0,1.402003639907269
landshuter_allee,lightgbm,summer_2024,140,5,7.779098680865646,7.0,0.7790986808656459
landshuter_allee,lightgbm,summer_2024,141,5,7.12651188820311,6.0,1.12651188820311
landshuter_allee,lightgbm,summer_2024,142,5,6.474582441512158,5.0,1.4745824415121582
landshuter_allee,lightgbm,summer_2024,143,5,5.109107026093176,3.0,2.1091070260931764
landshuter_allee,lightgbm,summer_2024,144,6,3.6893303307175773,2.0,1.6893303307175773
landshuter_allee,lightgbm,summer_2024,145,6,3.2043035243086493,1.0,2.2043035243086493
landshuter_allee,lightgbm,summer_2024,146,6,2.9042498071171177,1.0,1.9042498071171177
landshuter_allee,lightgbm,summer_2024,147,6,3.5042097932504452,2.0,1.5042097932504452
landshuter_allee,lightgbm,summer_2024,148,6,4.2857993326963,3.0,1.2857993326962998
landshuter_allee,lightgbm,summer_2024,149,6,4.759482267778325,3.0,1.759482267778325
landshuter_allee,lightgbm,summer_2024,150,6,4.59599262878339,3.0,1.5959926287833897
landshuter_allee,lightgbm,summer_2024,151,6,4.5588636970256005,2.0,2.5588636970256005
landshuter_allee,lightgbm,summer_2024,152,6,4.8599847578311035,3.0,1.8599847578311035
landshuter_allee,lightgbm,summer_2024,153,6,4.91190634205483,3.0,1.91190634205483
landshuter_allee,lightgbm,summer_2024,154,6,5.306959739870705,4.0,1.3069597398707051
landshuter_allee,lightgbm,summer_2024,155,6,6.061113426640006,4.0,2.0611134266400057
landshuter_allee,lightgbm,summer_2024,156,6,5.560241713517146,4.0,1.5602417135171462
landshuter_allee,lightgbm,summer_2024,157,6,5.1542208482401755,4.0,1.1542208482401755
landshuter_allee,lightgbm,summer_2024,158,6,4.402082342598438,3.0,1.4020823425984377
landshuter_allee,lightgbm,summer_2024,159,6,4.093657478622203,2.0,2.0936574786222026
landshuter_allee,lightgbm,summer_2024,160,6,4.923771532588778,5.0,0.07622846741122213
landshuter_allee,lightgbm,summer_2024,161,6,5.169608635498848,4.0,1.1696086354988484
landshuter_allee,lightgbm,summer_2024,162,6,4.946591654696992,3.0,1.9465916546969924
landshuter_allee,lightgbm,summer_2024,163,6,5.204668228876746,3.0,2.204668228876746
landshuter_allee,lightgbm,summer_2024,164,6,5.390548631731451,3.0,2.390548631731451
landshuter_allee,lightgbm,summer_2024,165,6,5.829779065853137,3.0,2.8297790658531374
landshuter_allee,lightgbm,summer_2024,166,6,5.470716513999414,4.0,1.470716513999414
landshuter_allee,lightgbm,summer_2024,167,6,6.034315611008788,5.0,1.0343156110087879
landshuter_allee,lightgbm,summer_2024,168,7,6.8118444733001695,6.0,0.8118444733001695
landshuter_allee,lightgbm,summer_2024,169,7,6.956254104586069,5.0,1.956254104586069
landshuter_allee,lightgbm,summer_2024,170,7,6.778503377050855,5.0,1.7785033770508551
landshuter_allee,lightgbm,summer_2024,171,7,7.174427402027773,5.0,2.1744274020277734
landshuter_allee,lightgbm,summer_2024,172,7,7.708955262234172,6.0,1.7089552622341717
landshuter_allee,lightgbm,summer_2024,173,7,8.307710820215364,6.0,2.3077108202153642
landshuter_allee,lightgbm,summer_2024,174,7,8.467586371333741,5.0,3.4675863713337414
landshuter_allee,lightgbm,summer_2024,175,7,8.10701154414786,6.0,2.107011544147859
landshuter_allee,lightgbm,summer_2024,176,7,6.64783078771835,4.0,2.64783078771835
landshuter_allee,lightgbm,summer_2024,177,7,5.137951550088062,2.0,3.1379515500880624
landshuter_allee,lightgbm,summer_2024,178,7,3.9846816314998024,2.0,1.9846816314998024
landshuter_allee,lightgbm,summer_2024,179,7,3.497710073456082,2.0,1.4977100734560822
landshuter_allee,lightgbm,summer_2024,180,7,2.960617344306389,3.0,0.03938265569361121
landshuter_allee,lightgbm,summer_2024,181,7,3.2304991080122076,3.0,0.23049910801220763
landshuter_allee,lightgbm,summer_2024,182,7,3.173959460260226,3.0,0.1739594602602259
landshuter_allee,lightgbm,summer_2024,183,7,3.646732936845807,5.0,1.3532670631541932
landshuter_allee,lightgbm,summer_2024,184,7,4.764201154218422,6.0,1.235798845781578
landshuter_allee,lightgbm,summer_2024,185,7,5.359759091951724,5.0,0.35975909195172395
landshuter_allee,lightgbm,summer_2024,186,7,6.22870606149714,5.0,1.2287060614971397
landshuter_allee,lightgbm,summer_2024,187,7,6.772899639383055,5.0,1.7728996393830547
landshuter_allee,lightgbm,summer_2024,188,7,7.810014460040415,9.0,1.1899855399595847
landshuter_allee,lightgbm,summer_2024,189,7,8.951170888461068,11.0,2.0488291115389323
landshuter_allee,lightgbm,summer_2024,190,7,9.601105891098804,10.0,0.3988941089011959
landshuter_allee,lightgbm,summer_2024,191,7,10.559101627495542,11.0,0.4408983725044582
landshuter_allee,lightgbm,summer_2024,192,8,11.345071697926189,13.0,1.6549283020738113
landshuter_allee,lightgbm,summer_2024,193,8,12.866756646658366,15.0,2.1332433533416335
landshuter_allee,lightgbm,summer_2024,194,8,14.00994552728195,15.0,0.9900544727180502
landshuter_allee,lightgbm,summer_2024,195,8,13.849565004757228,13.0,0.8495650047572276
landshuter_allee,lightgbm,summer_2024,196,8,13.787491283656848,13.0,0.7874912836568484
landshuter_allee,lightgbm,summer_2024,197,8,12.885503101482367,12.0,0.8855031014823673
landshuter_allee,lightgbm,summer_2024,198,8,10.81689802602685,11.0,0.18310197397314987
landshuter_allee,lightgbm,summer_2024,199,8,7.885249635247428,7.0,0.885249635247428
landshuter_allee,lightgbm,summer_2024,200,8,6.528469767943154,7.0,0.4715302320568462
landshuter_allee,lightgbm,summer_2024,201,8,7.029120656685033,8.0,0.9708793433149667
landshuter_allee,lightgbm,summer_2024,202,8,7.339202757483678,9.0,1.6607972425163222
landshuter_allee,lightgbm,summer_2024,203,8,7.817674234350237,7.0,0.8176742343502372
landshuter_allee,lightgbm,summer_2024,204,8,7.909509840440111,7.0,0.9095098404401112
landshuter_allee,lightgbm,summer_2024,205,8,7.727041645319166,8.0,0.27295835468083407
landshuter_allee,lightgbm,summer_2024,206,8,8.007974933195317,8.0,0.00797493319531739
landshuter_allee,lightgbm,summer_2024,207,8,8.919994119417142,11.0,2.080005880582858
landshuter_allee,lightgbm,summer_2024,208,8,10.397475927489902,13.0,2.602524072510098
landshuter_allee,lightgbm,summer_2024,209,8,11.50272653987855,13.0,1.4972734601214501
landshuter_allee,lightgbm,summer_2024,210,8,13.446892529629476,15.0,1.5531074703705237
landshuter_allee,lightgbm,summer_2024,211,8,14.783499288643736,16.0,1.2165007113562645
landshuter_allee,lightgbm,summer_2024,212,8,14.569924897510022,15.0,0.4300751024899778
landshuter_allee,lightgbm,summer_2024,213,8,15.390290521025205,16.0,0.6097094789747945
landshuter_allee,lightgbm,summer_2024,214,8,18.411000237623345,21.0,2.5889997623766554
landshuter_allee,lightgbm,summer_2024,215,8,20.483832101637343,18.0,2.4838321016373435
landshuter_allee,lightgbm,summer_2024,216,9,19.23782755916118,16.0,3.237827559161179
landshuter_allee,lightgbm,summer_2024,217,9,15.89901262261393,15.0,0.8990126226139292
landshuter_allee,lightgbm,summer_2024,218,9,14.979271352388203,16.0,1.0207286476117972
landshuter_allee,lightgbm,summer_2024,219,9,16.253574741801785,19.0,2.746425258198215
landshuter_allee,lightgbm,summer_2024,220,9,15.988788491676187,17.0,1.0112115083238127
landshuter_allee,lightgbm,summer_2024,221,9,15.015081369524522,15.0,0.015081369524521548
landshuter_allee,lightgbm,summer_2024,222,9,13.17083488909508,12.0,1.1708348890950795
landshuter_allee,lightgbm,summer_2024,223,9,10.876550120079097,10.0,0.8765501200790968
landshuter_allee,lightgbm,summer_2024,224,9,10.005997384336698,10.0,0.005997384336698275
landshuter_allee,lightgbm,summer_2024,225,9,10.438676285554617,11.0,0.5613237144453826
landshuter_allee,lightgbm,summer_2024,226,9,9.809926016570065,11.0,1.1900739834299348
landshuter_allee,lightgbm,summer_2024,227,9,9.01694314589847,8.0,1.0169431458984697
landshuter_allee,lightgbm,summer_2024,228,9,8.487463257274538,8.0,0.48746325727453765
landshuter_allee,lightgbm,summer_2024,229,9,8.077697396308448,9.0,0.922302603691552
landshuter_allee,lightgbm,summer_2024,230,9,8.488426807549422,9.0,0.5115731924505784
landshuter_allee,lightgbm,summer_2024,231,9,8.972175563413986,10.0,1.0278244365860143
landshuter_allee,lightgbm,summer_2024,232,9,10.872375575210784,12.0,1.1276244247892162
landshuter_allee,lightgbm,summer_2024,233,9,11.071174362307644,10.0,1.0711743623076444
landshuter_allee,lightgbm,summer_2024,234,9,10.093419608343218,8.0,2.0934196083432184
landshuter_allee,lightgbm,summer_2024,235,9,9.529632955219734,9.0,0.5296329552197339
landshuter_allee,lightgbm,summer_2024,236,9,9.787955969385278,11.0,1.212044030614722
landshuter_allee,lightgbm,summer_2024,237,9,10.361866321663165,10.0,0.36186632166316457
landshuter_allee,lightgbm,summer_2024,238,9,9.438132941097505,8.0,1.4381329410975052
landshuter_allee,lightgbm,summer_2024,239,9,8.390909298808609,8.0,0.3909092988086087
landshuter_allee,lightgbm,summer_2024,240,10,7.62177477982075,7.0,0.6217747798207496
landshuter_allee,lightgbm,summer_2024,241,10,7.810564567535506,5.0,2.810564567535506
landshuter_allee,lightgbm,summer_2024,242,10,7.731127062889499,5.0,2.731127062889499
landshuter_allee,lightgbm,summer_2024,243,10,7.388969892125656,5.0,2.3889698921256564
landshuter_allee,lightgbm,summer_2024,244,10,8.389589840307346,7.0,1.3895898403073463
landshuter_allee,lightgbm,summer_2024,245,10,9.595561615172949,7.0,2.595561615172949
landshuter_allee,lightgbm,summer_2024,246,10,10.915790647295882,9.0,1.915790647295882
landshuter_allee,lightgbm,summer_2024,247,10,11.17424397463975,13.0,1.8257560253602492
landshuter_allee,lightgbm,summer_2024,248,10,13.716059560948574,15.0,1.2839404390514257
landshuter_allee,lightgbm,summer_2024,249,10,14.972044730782939,13.0,1.9720447307829385
landshuter_allee,lightgbm,summer_2024,250,10,14.155410897210647,11.0,3.155410897210647
landshuter_allee,lightgbm,summer_2024,251,10,13.602532284011321,13.0,0.6025322840113212
landshuter_allee,lightgbm,summer_2024,252,10,13.204152449680008,11.0,2.2041524496800076
landshuter_allee,lightgbm,summer_2024,253,10,11.369871821124557,9.0,2.3698718211245566
landshuter_allee,lightgbm,summer_2024,254,10,10.511034366917297,8.0,2.511034366917297
landshuter_allee,lightgbm,summer_2024,255,10,8.86434524642508,8.0,0.8643452464250796
landshuter_allee,lightgbm,summer_2024,256,10,8.071017207355958,7.0,1.0710172073559576
landshuter_allee,lightgbm,summer_2024,257,10,7.957530574421095,7.0,0.9575305744210949
landshuter_allee,lightgbm,summer_2024,258,10,7.8640254707530595,8.0,0.13597452924694053
landshuter_allee,lightgbm,summer_2024,259,10,7.919722519112568,8.0,0.0802774808874318
landshuter_allee,lightgbm,summer_2024,260,10,8.54000097986712,10.0,1.45999902013288
landshuter_allee,lightgbm,summer_2024,261,10,8.911374692321468,12.0,3.088625307678532
landshuter_allee,lightgbm,summer_2024,262,10,9.678523868356871,14.0,4.321476131643129
landshuter_allee,lightgbm,summer_2024,263,10,8.487065304218342,9.0,0.5129346957816576
landshuter_allee,lightgbm,summer_2024,264,11,7.62139417711265,9.0,1.3786058228873497
landshuter_allee,lightgbm,summer_2024,265,11,7.912168943364788,10.0,2.0878310566352116
landshuter_allee,lightgbm,summer_2024,266,11,9.296956988216042,11.0,1.703043011783958
landshuter_allee,lightgbm,summer_2024,267,11,10.633459811319485,9.0,1.6334598113194847
landshuter_allee,lightgbm,summer_2024,268,11,10.247244751329852,10.0,0.2472447513298519
landshuter_allee,lightgbm,summer_2024,269,11,9.125218317639865,11.0,1.874781682360135
landshuter_allee,lightgbm,summer_2024,270,11,7.596541849657373,7.0,0.5965418496573731
landshuter_allee,lightgbm,summer_2024,271,11,7.275975444303187,8.0,0.724024555696813
landshuter_allee,lightgbm,summer_2024,272,11,7.898086814580783,9.0,1.1019131854192166
landshuter_allee,lightgbm,summer_2024,273,11,7.782890036759378,8.0,0.21710996324062215
landshuter_allee,lightgbm,summer_2024,274,11,7.81030832856068,9.0,1.18969167143932
landshuter_allee,lightgbm,summer_2024,275,11,7.0427153965145175,6.0,1.0427153965145175
landshuter_allee,lightgbm,summer_2024,276,11,5.950026031351483,4.0,1.9500260313514826
landshuter_allee,lightgbm,summer_2024,277,11,5.431802288521552,4.0,1.4318022885215518
landshuter_allee,lightgbm,summer_2024,278,11,5.797732330838675,4.0,1.7977323308386746
landshuter_allee,lightgbm,summer_2024,279,11,5.440369288358883,4.0,1.440369288358883
landshuter_allee,lightgbm,summer_2024,280,11,5.3647877282727086,3.0,2.3647877282727086
landshuter_allee,lightgbm,summer_2024,281,11,5.8237938149829,4.0,1.8237938149829
landshuter_allee,lightgbm,summer_2024,282,11,5.6796751427480086,4.0,1.6796751427480086
landshuter_allee,lightgbm,summer_2024,283,11,5.443528206902855,4.0,1.4435282069028554
landshuter_allee,lightgbm,summer_2024,284,11,5.632149467975939,5.0,0.632149467975939
landshuter_allee,lightgbm,summer_2024,285,11,4.9650886765307405,4.0,0.9650886765307405
landshuter_allee,lightgbm,summer_2024,286,11,3.9084463495647217,3.0,0.9084463495647217
landshuter_allee,lightgbm,summer_2024,287,11,3.4795227962581063,3.0,0.47952279625810634
landshuter_allee,lightgbm,summer_2024,288,12,2.8764245575598637,3.0,0.1235754424401363
landshuter_allee,lightgbm,summer_2024,289,12,2.9072563731802985,2.0,0.9072563731802985
landshuter_allee,lightgbm,summer_2024,290,12,2.8915769859063962,2.0,0.8915769859063962
landshuter_allee,lightgbm,summer_2024,291,12,2.9301854989409954,2.0,0.9301854989409954
landshuter_allee,lightgbm,summer_2024,292,12,3.019716253330112,2.0,1.0197162533301118
landshuter_allee,lightgbm,summer_2024,293,12,3.236044281439552,2.0,1.2360442814395518
landshuter_allee,lightgbm,summer_2024,294,12,3.2473309269487522,2.0,1.2473309269487522
landshuter_allee,lightgbm,summer_2024,295,12,2.8289455498510128,2.0,0.8289455498510128
landshuter_allee,lightgbm,summer_2024,296,12,3.425721159944351,3.0,0.4257211599443509
landshuter_allee,lightgbm,summer_2024,297,12,3.3960584892819266,4.0,0.6039415107180734
landshuter_allee,lightgbm,summer_2024,298,12,3.5225885573091125,5.0,1.4774114426908875
landshuter_allee,lightgbm,summer_2024,299,12,4.467936785553501,5.0,0.5320632144464987
landshuter_allee,lightgbm,summer_2024,300,12,4.96254844426655,5.0,0.03745155573345027
landshuter_allee,lightgbm,summer_2024,301,12,5.232475337514964,5.0,0.2324753375149644
landshuter_allee,lightgbm,summer_2024,302,12,5.815923605082312,6.0,0.184076394917688
landshuter_allee,lightgbm,summer_2024,303,12,6.195633391164799,5.0,1.1956333911647992
landshuter_allee,lightgbm,summer_2024,304,12,6.687622749239561,5.0,1.6876227492395612
landshuter_allee,lightgbm,summer_2024,305,12,6.862768831912705,6.0,0.8627688319127049
landshuter_allee,lightgbm,summer_2024,306,12,7.662927950200238,7.0,0.6629279502002383
landshuter_allee,lightgbm,summer_2024,307,12,8.493675604243057,8.0,0.493675604243057
landshuter_allee,lightgbm,summer_2024,308,12,7.561936448914649,6.0,1.5619364489146488
landshuter_allee,lightgbm,summer_2024,309,12,7.2801228484057185,6.0,1.2801228484057185
landshuter_allee,lightgbm,summer_2024,310,12,6.804083445765769,6.0,0.8040834457657686
landshuter_allee,lightgbm,summer_2024,311,12,7.497142001833311,9.0,1.5028579981666894
landshuter_allee,lightgbm,summer_2024,312,13,7.706074148290289,9.0,1.2939258517097114
landshuter_allee,lightgbm,summer_2024,313,13,7.909052649213204,6.0,1.909052649213204
landshuter_allee,lightgbm,summer_2024,314,13,7.832493284602968,6.0,1.8324932846029682
landshuter_allee,lightgbm,summer_2024,315,13,7.732560475741742,6.0,1.7325604757417423
landshuter_allee,lightgbm,summer_2024,316,13,7.933226641880028,6.0,1.9332266418800277
landshuter_allee,lightgbm,summer_2024,317,13,8.009839882703703,7.0,1.0098398827037034
landshuter_allee,lightgbm,summer_2024,318,13,7.909180762474402,6.0,1.909180762474402
landshuter_allee,lightgbm,summer_2024,319,13,7.358109627675107,6.0,1.3581096276751072
landshuter_allee,lightgbm,summer_2024,320,13,6.969124996040825,5.0,1.9691249960408248
landshuter_allee,lightgbm,summer_2024,321,13,5.6739068174401135,5.0,0.6739068174401135
landshuter_allee,lightgbm,summer_2024,322,13,5.698199682559941,5.0,0.6981996825599408
landshuter_allee,lightgbm,summer_2024,323,13,5.459915235967688,5.0,0.4599152359676877
landshuter_allee,lightgbm,summer_2024,324,13,6.151040815772937,6.0,0.15104081577293726
landshuter_allee,lightgbm,summer_2024,325,13,6.7093796893675055,6.0,0.7093796893675055
landshuter_allee,lightgbm,summer_2024,326,13,6.242636274843849,6.0,0.2426362748438491
landshuter_allee,lightgbm,summer_2024,327,13,6.093202834360672,6.0,0.0932028343606719
landshuter_allee,lightgbm,summer_2024,328,13,5.953274908017351,5.0,0.9532749080173506
landshuter_allee,lightgbm,summer_2024,329,13,5.845382913683769,6.0,0.1546170863162306
landshuter_allee,lightgbm,summer_2024,330,13,6.104232359461434,6.0,0.10423235946143361
landshuter_allee,lightgbm,summer_2024,331,13,7.340718649446067,8.0,0.6592813505539334
landshuter_allee,lightgbm,summer_2024,332,13,7.816460261385847,8.0,0.18353973861415263
landshuter_allee,lightgbm,summer_2024,333,13,7.446449753200524,7.0,0.4464497532005236
landshuter_allee,lightgbm,summer_2024,334,13,7.093424632424773,7.0,0.09342463242477272
landshuter_allee,lightgbm,summer_2024,335,13,7.254450935688083,8.0,0.7455490643119171
landshuter_allee,lightgbm,summer_2024,336,14,7.314767909121361,7.0,0.3147679091213611
landshuter_allee,lightgbm,summer_2024,337,14,7.0705529890835335,6.0,1.0705529890835335
landshuter_allee,lightgbm,summer_2024,338,14,6.9381571557546335,7.0,0.06184284424536646
landshuter_allee,lightgbm,summer_2024,339,14,6.947160501679948,6.0,0.9471605016799476
landshuter_allee,lightgbm,summer_2024,340,14,7.63294678000222,7.0,0.6329467800022197
landshuter_allee,lightgbm,summer_2024,341,14,8.940269625423362,9.0,0.05973037457663821
landshuter_allee,lightgbm,summer_2024,342,14,8.44660966940442,8.0,0.4466096694044204
landshuter_allee,lightgbm,summer_2024,343,14,7.1053690216558065,7.0,0.10536902165580653
landshuter_allee,lightgbm,summer_2024,344,14,7.3261861604490806,6.0,1.3261861604490806
landshuter_allee,lightgbm,summer_2024,345,14,7.019290461266387,6.0,1.0192904612663867
landshuter_allee,lightgbm,summer_2024,346,14,7.205838676694879,6.0,1.2058386766948788
landshuter_allee,lightgbm,summer_2024,347,14,7.818053987210543,7.0,0.8180539872105426
landshuter_allee,lightgbm,summer_2024,348,14,7.786243387105724,8.0,0.21375661289427583
landshuter_allee,lightgbm,summer_2024,349,14,8.202482026011445,8.0,0.20248202601144527
landshuter_allee,lightgbm,summer_2024,350,14,8.389931928534113,9.0,0.6100680714658875
landshuter_allee,lightgbm,summer_2024,351,14,8.354767724183766,9.0,0.6452322758162339
landshuter_allee,lightgbm,summer_2024,352,14,8.698959888053878,9.0,0.3010401119461221
landshuter_allee,lightgbm,summer_2024,353,14,8.83735451225703,11.0,2.162645487742971
landshuter_allee,lightgbm,summer_2024,354,14,10.10733753308337,11.0,0.8926624669166294
landshuter_allee,lightgbm,summer_2024,355,14,10.744274899665418,11.0,0.2557251003345815
landshuter_allee,lightgbm,summer_2024,356,14,11.462605409504043,11.0,0.46260540950404305
landshuter_allee,lightgbm,summer_2024,357,14,12.358239111271624,11.0,1.3582391112716241
landshuter_allee,lightgbm,summer_2024,358,14,12.933848471779118,12.0,0.9338484717791182
landshuter_allee,lightgbm,summer_2024,359,14,11.02551171017508,11.0,0.02551171017507947
landshuter_allee,lightgbm,summer_2024,360,15,8.656939533784113,9.0,0.3430604662158867
landshuter_allee,lightgbm,summer_2024,361,15,6.785292353461598,7.0,0.21470764653840213
landshuter_allee,lightgbm,summer_2024,362,15,6.184111482796811,7.0,0.8158885172031889
landshuter_allee,lightgbm,summer_2024,363,15,6.392799068245695,8.0,1.6072009317543046
landshuter_allee,lightgbm,summer_2024,364,15,7.560801765174697,8.0,0.4391982348253034
landshuter_allee,lightgbm,summer_2024,365,15,7.914795627186329,9.0,1.0852043728136707
landshuter_allee,lightgbm,summer_2024,366,15,8.049138661605802,11.0,2.9508613383941977
landshuter_allee,lightgbm,summer_2024,367,15,8.226762349719303,9.0,0.7732376502806968
landshuter_allee,lightgbm,summer_2024,368,15,7.95113171178447,7.0,0.9511317117844698
landshuter_allee,lightgbm,summer_2024,369,15,7.73557262508035,9.0,1.2644273749196504
landshuter_allee,lightgbm,summer_2024,370,15,7.878534391271982,10.0,2.121465608728018
landshuter_allee,lightgbm,summer_2024,371,15,7.482536956944286,7.0,0.4825369569442861
landshuter_allee,lightgbm,summer_2024,372,15,7.4986745339545555,6.0,1.4986745339545555
landshuter_allee,lightgbm,summer_2024,373,15,7.315169024523732,6.0,1.3151690245237324
landshuter_allee,lightgbm,summer_2024,374,15,7.217249809647145,6.0,1.2172498096471447
landshuter_allee,lightgbm,summer_2024,375,15,7.142701420215156,6.0,1.1427014202151557
landshuter_allee,lightgbm,summer_2024,376,15,6.786741464874756,6.0,0.7867414648747557
landshuter_allee,lightgbm,summer_2024,377,15,7.505652800995771,8.0,0.4943471990042294
landshuter_allee,lightgbm,summer_2024,378,15,7.758142401527919,8.0,0.24185759847208121
landshuter_allee,lightgbm,summer_2024,379,15,7.73439507750617,8.0,0.2656049224938304
landshuter_allee,lightgbm,summer_2024,380,15,8.079297950105863,8.0,0.07929795010586282
landshuter_allee,lightgbm,summer_2024,381,15,8.991064179687891,10.0,1.008935820312109
landshuter_allee,lightgbm,summer_2024,382,15,8.485541746333126,6.0,2.4855417463331264
landshuter_allee,lightgbm,summer_2024,383,15,6.932744842990455,6.0,0.9327448429904548
landshuter_allee,lightgbm,summer_2024,384,16,6.271574460140457,7.0,0.7284255398595434
landshuter_allee,lightgbm,summer_2024,385,16,6.16658959745787,6.0,0.16658959745786994
landshuter_allee,lightgbm,summer_2024,386,16,6.46554590976804,5.0,1.4655459097680401
landshuter_allee,lightgbm,summer_2024,387,16,6.010497335920401,4.0,2.010497335920401
landshuter_allee,lightgbm,summer_2024,388,16,5.415330349590458,4.0,1.415330349590458
landshuter_allee,lightgbm,summer_2024,389,16,5.590253698251428,3.0,2.590253698251428
landshuter_allee,lightgbm,summer_2024,390,16,5.337400605277681,3.0,2.337400605277681
landshuter_allee,lightgbm,summer_2024,391,16,5.541420926922421,4.0,1.541420926922421
landshuter_allee,lightgbm,summer_2024,392,16,5.856247688117987,4.0,1.8562476881179872
landshuter_allee,lightgbm,summer_2024,393,16,6.028373647456581,4.0,2.028373647456581
landshuter_allee,lightgbm,summer_2024,394,16,5.722383659085073,5.0,0.7223836590850734
landshuter_allee,lightgbm,summer_2024,395,16,5.958703038022072,4.0,1.9587030380220716
landshuter_allee,lightgbm,summer_2024,396,16,5.958014957613773,4.0,1.9580149576137726
landshuter_allee,lightgbm,summer_2024,397,16,6.143194913847883,5.0,1.143194913847883
landshuter_allee,lightgbm,summer_2024,398,16,6.875760698838845,5.0,1.875760698838845
landshuter_allee,lightgbm,summer_2024,399,16,7.112480551120596,6.0,1.112480551120596
landshuter_allee,lightgbm,summer_2024,400,16,7.301330233496418,6.0,1.3013302334964179
landshuter_allee,lightgbm,summer_2024,401,16,7.467411176873782,6.0,1.4674111768737816
landshuter_allee,lightgbm,summer_2024,402,16,7.7062868127616495,6.0,1.7062868127616495
landshuter_allee,lightgbm,summer_2024,403,16,7.9915552242424095,7.0,0.9915552242424095
landshuter_allee,lightgbm,summer_2024,404,16,8.323830845844991,7.0,1.3238308458449914
landshuter_allee,lightgbm,summer_2024,405,16,8.5223952541725,8.0,0.5223952541724994
landshuter_allee,lightgbm,summer_2024,406,16,8.71036548716177,8.0,0.71036548716177
landshuter_allee,lightgbm,summer_2024,407,16,7.803737057570846,7.0,0.8037370575708458
landshuter_allee,lightgbm,summer_2024,408,17,8.818436567794445,9.0,0.18156343220555549
landshuter_allee,lightgbm,summer_2024,409,17,9.895660387738934,10.0,0.10433961226106625
landshuter_allee,lightgbm,summer_2024,410,17,10.995552174782107,10.0,0.995552174782107
landshuter_allee,lightgbm,summer_2024,411,17,11.621447058827409,9.0,2.6214470588274086
landshuter_allee,lightgbm,summer_2024,412,17,12.277449061933101,9.0,3.277449061933101
landshuter_allee,lightgbm,summer_2024,413,17,13.105228809658865,10.0,3.1052288096588647
landshuter_allee,lightgbm,summer_2024,414,17,11.304583048819206,9.0,2.3045830488192056
landshuter_allee,lightgbm,summer_2024,415,17,9.827889153316733,7.0,2.8278891533167325
landshuter_allee,lightgbm,summer_2024,416,17,8.14486058163784,6.0,2.1448605816378397
landshuter_allee,lightgbm,summer_2024,417,17,7.642691102105178,6.0,1.6426911021051778
landshuter_allee,lightgbm,summer_2024,418,17,8.0299220132511,8.0,0.029922013251100665
landshuter_allee,lightgbm,summer_2024,419,17,8.299620392515513,9.0,0.7003796074844875
landshuter_allee,lightgbm,summer_2024,420,17,8.124185901364505,8.0,0.12418590136450547
landshuter_allee,lightgbm,summer_2024,421,17,7.833181316850354,8.0,0.16681868314964632
landshuter_allee,lightgbm,summer_2024,422,17,7.92414304422038,8.0,0.07585695577961982
landshuter_allee,lightgbm,summer_2024,423,17,8.526493720610429,9.0,0.47350627938957146
landshuter_allee,lightgbm,summer_2024,424,17,8.879761300529776,10.0,1.1202386994702245
landshuter_allee,lightgbm,summer_2024,425,17,9.080110210038507,8.0,1.080110210038507
landshuter_allee,lightgbm,summer_2024,426,17,8.975993527426384,8.0,0.9759935274263842
landshuter_allee,lightgbm,summer_2024,427,17,9.424348746085087,9.0,0.4243487460850872
landshuter_allee,lightgbm,summer_2024,428,17,10.319291529979994,9.0,1.3192915299799939
landshuter_allee,lightgbm,summer_2024,429,17,11.985593357950142,12.0,0.014406642049857865
landshuter_allee,lightgbm,summer_2024,430,17,13.593893766744248,15.0,1.406106233255752
landshuter_allee,lightgbm,summer_2024,431,17,14.816301669648531,15.0,0.18369833035146854
landshuter_allee,lightgbm,summer_2024,432,18,15.956294252820376,15.0,0.956294252820376
landshuter_allee,lightgbm,summer_2024,433,18,16.311201745705983,15.0,1.3112017457059828
landshuter_allee,lightgbm,summer_2024,434,18,16.18913538257948,15.0,1.1891353825794795
landshuter_allee,lightgbm,summer_2024,435,18,16.84723656499849,15.0,1.8472365649984894
landshuter_allee,lightgbm,summer_2024,436,18,17.34820254912729,15.0,2.34820254912729
landshuter_allee,lightgbm,summer_2024,437,18,18.049923356303438,17.0,1.049923356303438
landshuter_allee,lightgbm,summer_2024,438,18,18.67191287584866,18.0,0.6719128758486583
landshuter_allee,lightgbm,summer_2024,439,18,16.37366848541915,15.0,1.3736684854191488
landshuter_allee,lightgbm,summer_2024,440,18,13.726438497176567,12.0,1.7264384971765665
landshuter_allee,lightgbm,summer_2024,441,18,13.16402926986695,12.0,1.1640292698669494
landshuter_allee,lightgbm,summer_2024,442,18,12.483327503632388,11.0,1.4833275036323883
landshuter_allee,lightgbm,summer_2024,443,18,13.230284187743054,12.0,1.2302841877430541
landshuter_allee,lightgbm,summer_2024,444,18,13.511645937188424,12.0,1.5116459371884243
landshuter_allee,lightgbm,summer_2024,445,18,13.30799169917454,12.0,1.30799169917454
landshuter_allee,lightgbm,summer_2024,446,18,12.826711976085162,11.0,1.8267119760851624
landshuter_allee,lightgbm,summer_2024,447,18,11.811041821488818,10.0,1.8110418214888178
landshuter_allee,lightgbm,summer_2024,448,18,11.712295248981855,11.0,0.7122952489818548
landshuter_allee,lightgbm,summer_2024,449,18,12.345736357180263,11.0,1.3457363571802627
landshuter_allee,lightgbm,summer_2024,450,18,13.43927268666494,13.0,0.4392726866649408
landshuter_allee,lightgbm,summer_2024,451,18,14.234650847748746,14.0,0.23465084774874612
landshuter_allee,lightgbm,summer_2024,452,18,16.189563767617447,16.0,0.18956376761744664
landshuter_allee,lightgbm,summer_2024,453,18,17.621558596819362,17.0,0.6215585968193622
landshuter_allee,lightgbm,summer_2024,454,18,16.133160577678215,16.0,0.13316057767821476
landshuter_allee,lightgbm,summer_2024,455,18,12.446980840572456,11.0,1.446980840572456
landshuter_allee,lightgbm,summer_2024,456,19,11.222063532892763,12.0,0.7779364671072369
landshuter_allee,lightgbm,summer_2024,457,19,11.532377992469225,12.0,0.46762200753077465
landshuter_allee,lightgbm,summer_2024,458,19,11.720177128717959,12.0,0.2798228712820414
landshuter_allee,lightgbm,summer_2024,459,19,11.556024227071305,12.0,0.4439757729286953
landshuter_allee,lightgbm,summer_2024,460,19,11.8545505974611,12.0,0.14544940253889926
landshuter_allee,lightgbm,summer_2024,461,19,12.064827862373665,13.0,0.9351721376263349
landshuter_allee,lightgbm,summer_2024,462,19,12.140758113301908,13.0,0.8592418866980918
landshuter_allee,lightgbm,summer_2024,463,19,11.617912611902838,13.0,1.3820873880971618
landshuter_allee,lightgbm,summer_2024,464,19,10.961716830403558,11.0,0.038283169596441624
landshuter_allee,lightgbm,summer_2024,465,19,10.658195812995187,12.0,1.3418041870048132
landshuter_allee,lightgbm,summer_2024,466,19,10.2405671942273,11.0,0.7594328057727004
landshuter_allee,lightgbm,summer_2024,467,19,10.2063668762557,11.0,0.7936331237443
landshuter_allee,lightgbm,summer_2024,468,19,10.528902360791706,11.0,0.47109763920829373
landshuter_allee,lightgbm,summer_2024,469,19,10.233555099827125,11.0,0.7664449001728748
landshuter_allee,lightgbm,summer_2024,470,19,12.207538173430247,14.0,1.7924618265697525
landshuter_allee,lightgbm,summer_2024,471,19,12.279816339946779,15.0,2.7201836600532214
landshuter_allee,lightgbm,summer_2024,472,19,12.28885734928064,13.0,0.7111426507193599
landshuter_allee,lightgbm,summer_2024,473,19,12.932956000955663,15.0,2.067043999044337
landshuter_allee,lightgbm,summer_2024,474,19,13.1028135682824,15.0,1.8971864317176
landshuter_allee,lightgbm,summer_2024,475,19,13.55006638900004,15.0,1.4499336109999597
landshuter_allee,lightgbm,summer_2024,476,19,13.717401019973268,13.0,0.7174010199732681
landshuter_allee,lightgbm,summer_2024,477,19,12.893547057261028,13.0,0.10645294273897221
landshuter_allee,lightgbm,summer_2024,478,19,12.967181890660505,14.0,1.0328181093394946
landshuter_allee,lightgbm,summer_2024,479,19,12.944511734198766,13.0,0.055488265801233894
landshuter_allee,lightgbm,summer_2024,480,20,13.215656908047364,14.0,0.7843430919526355
landshuter_allee,lightgbm,summer_2024,481,20,13.487029079585055,15.0,1.5129709204149453
landshuter_allee,lightgbm,summer_2024,482,20,14.562956299182513,16.0,1.4370437008174868
landshuter_allee,lightgbm,summer_2024,483,20,14.886915608315388,15.0,0.11308439168461248
landshuter_allee,lightgbm,summer_2024,484,20,15.029819279366356,15.0,0.029819279366355644
landshuter_allee,lightgbm,summer_2024,485,20,14.36790079948593,14.0,0.36790079948593046
landshuter_allee,lightgbm,summer_2024,486,20,12.985534053360148,14.0,1.0144659466398522
landshuter_allee,lightgbm,summer_2024,487,20,10.560035040412064,13.0,2.439964959587936
landshuter_allee,lightgbm,summer_2024,488,20,9.553142813053938,12.0,2.446857186946062
landshuter_allee,lightgbm,summer_2024,489,20,10.134310949438822,13.0,2.865689050561178
landshuter_allee,lightgbm,summer_2024,490,20,11.374032385310214,14.0,2.6259676146897863
landshuter_allee,lightgbm,summer_2024,491,20,12.498175582560952,13.0,0.5018244174390478
landshuter_allee,lightgbm,summer_2024,492,20,13.192026177606866,14.0,0.8079738223931336
landshuter_allee,lightgbm,summer_2024,493,20,12.735593411426413,12.0,0.7355934114264127
landshuter_allee,lightgbm,summer_2024,494,20,12.70138420617868,13.0,0.29861579382131964
landshuter_allee,lightgbm,summer_2024,495,20,12.431401258661754,12.0,0.4314012586617544
landshuter_allee,lightgbm,summer_2024,496,20,12.968119141415446,12.0,0.9681191414154462
landshuter_allee,lightgbm,summer_2024,497,20,11.805459408380765,11.0,0.8054594083807647
landshuter_allee,lightgbm,summer_2024,498,20,8.88625150583169,6.0,2.886251505831691
landshuter_allee,lightgbm,summer_2024,499,20,8.182312568781672,8.0,0.182312568781672
landshuter_allee,lightgbm,summer_2024,500,20,7.912678251929357,8.0,0.08732174807064297
landshuter_allee,lightgbm,summer_2024,501,20,6.807341071817814,6.0,0.807341071817814
landshuter_allee,lightgbm,summer_2024,502,20,5.695980988182878,6.0,0.30401901181712176
landshuter_allee,lightgbm,summer_2024,503,20,5.107543522261906,7.0,1.8924564777380937
landshuter_allee,lightgbm,summer_2024,504,21,4.449492892980168,4.0,0.44949289298016826
landshuter_allee,lightgbm,summer_2024,505,21,3.7397218124916347,2.0,1.7397218124916347
landshuter_allee,lightgbm,summer_2024,506,21,2.9948545557567154,2.0,0.9948545557567154
landshuter_allee,lightgbm,summer_2024,507,21,2.455044481618805,2.0,0.45504448161880484
landshuter_allee,lightgbm,summer_2024,508,21,2.255458288438979,2.0,0.2554582884389789
landshuter_allee,lightgbm,summer_2024,509,21,2.9841376955590455,4.0,1.0158623044409545
landshuter_allee,lightgbm,summer_2024,510,21,3.628348948848129,5.0,1.3716510511518711
landshuter_allee,lightgbm,summer_2024,511,21,4.26208019476413,6.0,1.7379198052358698
landshuter_allee,lightgbm,summer_2024,512,21,5.504384854770427,7.0,1.4956151452295732
landshuter_allee,lightgbm,summer_2024,513,21,6.347533306527722,7.0,0.6524666934722783
landshuter_allee,lightgbm,summer_2024,514,21,6.99122790469994,7.0,0.008772095300059846
landshuter_allee,lightgbm,summer_2024,515,21,7.494127941456646,8.0,0.5058720585433543
landshuter_allee,lightgbm,summer_2024,516,21,7.601833266867967,7.0,0.6018332668679669
landshuter_allee,lightgbm,summer_2024,517,21,8.818463445162642,10.0,1.1815365548373578
landshuter_allee,lightgbm,summer_2024,518,21,8.269077693218774,9.0,0.7309223067812258
landshuter_allee,lightgbm,summer_2024,519,21,7.981159262615761,10.0,2.018840737384239
landshuter_allee,lightgbm,summer_2024,520,21,8.764872691076514,12.0,3.235127308923486
landshuter_allee,lightgbm,summer_2024,521,21,9.301199360937698,11.0,1.698800639062302
landshuter_allee,lightgbm,summer_2024,522,21,9.662323232406564,10.0,0.337676767593436
landshuter_allee,lightgbm,summer_2024,523,21,8.988447249389415,8.0,0.9884472493894148
landshuter_allee,lightgbm,summer_2024,524,21,7.558749906429729,7.0,0.5587499064297292
landshuter_allee,lightgbm,summer_2024,525,21,5.989891767563581,6.0,0.010108232436419229
landshuter_allee,lightgbm,summer_2024,526,21,5.2773438777076125,7.0,1.7226561222923875
landshuter_allee,lightgbm,summer_2024,527,21,6.001972331229162,6.0,0.001972331229161739
landshuter_allee,lightgbm,summer_2024,528,22,6.053178587714203,6.0,0.053178587714202585
landshuter_allee,lightgbm,summer_2024,529,22,5.223472248115854,5.0,0.2234722481158542
landshuter_allee,lightgbm,summer_2024,530,22,4.460504493248296,5.0,0.5394955067517042
landshuter_allee,lightgbm,summer_2024,531,22,4.7963205590254185,6.0,1.2036794409745815
landshuter_allee,lightgbm,summer_2024,532,22,5.231123991146842,5.0,0.23112399114684212
landshuter_allee,lightgbm,summer_2024,533,22,5.491470174595101,6.0,0.5085298254048993
landshuter_allee,lightgbm,summer_2024,534,22,6.4493554057717395,7.0,0.5506445942282605
landshuter_allee,lightgbm,summer_2024,535,22,7.333737918829813,8.0,0.6662620811701867
landshuter_allee,lightgbm,summer_2024,536,22,7.004192654693099,6.0,1.0041926546930986
landshuter_allee,lightgbm,summer_2024,537,22,6.2275541192418595,5.0,1.2275541192418595
landshuter_allee,lightgbm,summer_2024,538,22,6.540684250403275,5.0,1.5406842504032747
landshuter_allee,lightgbm,summer_2024,539,22,6.996608906193505,6.0,0.9966089061935053
landshuter_allee,lightgbm,summer_2024,540,22,6.953578640347563,6.0,0.9535786403475628
landshuter_allee,lightgbm,summer_2024,541,22,7.068002024125244,6.0,1.068002024125244
landshuter_allee,lightgbm,summer_2024,542,22,7.277905356953885,7.0,0.27790535695388474
landshuter_allee,lightgbm,summer_2024,543,22,7.346112436516742,7.0,0.3461124365167416
landshuter_allee,lightgbm,summer_2024,544,22,7.2540514663950875,7.0,0.25405146639508747
landshuter_allee,lightgbm,summer_2024,545,22,7.614321132018387,7.0,0.6143211320183868
landshuter_allee,lightgbm,summer_2024,546,22,7.630749227232816,7.0,0.6307492272328163
landshuter_allee,lightgbm,summer_2024,547,22,7.697903750960248,7.0,0.6979037509602479
landshuter_allee,lightgbm,summer_2024,548,22,6.344503431314755,5.0,1.344503431314755
landshuter_allee,lightgbm,summer_2024,549,22,6.137579704444492,5.0,1.1375797044444917
landshuter_allee,lightgbm,summer_2024,550,22,5.809149876329297,6.0,0.1908501236707032
landshuter_allee,lightgbm,summer_2024,551,22,5.2760066868205335,7.0,1.7239933131794665
landshuter_allee,lightgbm,summer_2024,552,23,5.927713768771857,6.0,0.07228623122814337
landshuter_allee,lightgbm,summer_2024,553,23,5.268389852934359,3.0,2.2683898529343587
landshuter_allee,lightgbm,summer_2024,554,23,5.514367974156615,4.0,1.514367974156615
landshuter_allee,lightgbm,summer_2024,555,23,5.640652340234495,4.0,1.640652340234495
landshuter_allee,lightgbm,summer_2024,556,23,6.400605394633143,5.0,1.4006053946331427
landshuter_allee,lightgbm,summer_2024,557,23,7.5021098335708425,6.0,1.5021098335708425
landshuter_allee,lightgbm,summer_2024,558,23,8.112487078386412,6.0,2.112487078386412
landshuter_allee,lightgbm,summer_2024,559,23,7.421246504381325,5.0,2.421246504381325
landshuter_allee,lightgbm,summer_2024,560,23,6.818907451406598,5.0,1.8189074514065977
landshuter_allee,lightgbm,summer_2024,561,23,7.031577335312087,5.0,2.031577335312087
landshuter_allee,lightgbm,summer_2024,562,23,6.8398749208654746,6.0,0.8398749208654746
landshuter_allee,lightgbm,summer_2024,563,23,6.34506117380489,5.0,1.3450611738048899
landshuter_allee,lightgbm,summer_2024,564,23,6.255711499852475,5.0,1.2557114998524748
landshuter_allee,lightgbm,summer_2024,565,23,6.174592481658913,5.0,1.1745924816589133
landshuter_allee,lightgbm,summer_2024,566,23,6.109983670691645,5.0,1.109983670691645
landshuter_allee,lightgbm,summer_2024,567,23,6.2004699105899315,5.0,1.2004699105899315
landshuter_allee,lightgbm,summer_2024,568,23,6.376061306175854,6.0,0.3760613061758544
landshuter_allee,lightgbm,summer_2024,569,23,6.799913188372263,6.0,0.7999131883722628
landshuter_allee,lightgbm,summer_2024,570,23,6.962504658673324,6.0,0.9625046586733239
landshuter_allee,lightgbm,summer_2024,571,23,7.323172641826208,6.0,1.3231726418262078
landshuter_allee,lightgbm,summer_2024,572,23,7.8254002992729506,7.0,0.8254002992729506
landshuter_allee,lightgbm,summer_2024,573,23,7.8325005339646125,7.0,0.8325005339646125
landshuter_allee,lightgbm,summer_2024,574,23,7.5899071771268,7.0,0.5899071771267996
landshuter_allee,lightgbm,summer_2024,575,23,7.318697326962614,7.0,0.31869732696261366
landshuter_allee,lightgbm,summer_2024,576,24,7.457097273672375,7.0,0.4570972736723746
landshuter_allee,lightgbm,summer_2024,577,24,8.04430808049631,7.0,1.0443080804963092
landshuter_allee,lightgbm,summer_2024,578,24,7.783411463231191,7.0,0.7834114632311913
landshuter_allee,lightgbm,summer_2024,579,24,7.8782075773474824,7.0,0.8782075773474824
landshuter_allee,lightgbm,summer_2024,580,24,8.392164532270044,8.0,0.3921645322700442
landshuter_allee,lightgbm,summer_2024,581,24,8.587970036788736,8.0,0.5879700367887359
landshuter_allee,lightgbm,summer_2024,582,24,8.420699500933948,9.0,0.5793004990660524
landshuter_allee,lightgbm,summer_2024,583,24,7.4581352129995535,8.0,0.5418647870004465
landshuter_allee,lightgbm,summer_2024,584,24,6.82247542145203,6.0,0.8224754214520296
landshuter_allee,lightgbm,summer_2024,585,24,6.63512355128748,6.0,0.6351235512874798
landshuter_allee,lightgbm,summer_2024,586,24,7.176919403712839,6.0,1.176919403712839
landshuter_allee,lightgbm,summer_2024,587,24,7.043757686917203,5.0,2.0437576869172034
landshuter_allee,lightgbm,summer_2024,588,24,6.807251829866262,5.0,1.8072518298662619
landshuter_allee,lightgbm,summer_2024,589,24,6.66741534624338,5.0,1.6674153462433798
landshuter_allee,lightgbm,summer_2024,590,24,6.319448354602458,5.0,1.319448354602458
landshuter_allee,lightgbm,summer_2024,591,24,6.492826676668207,5.0,1.4928266766682068
landshuter_allee,lightgbm,summer_2024,592,24,6.201496900575598,4.0,2.2014969005755978
landshuter_allee,lightgbm,summer_2024,593,24,6.693573552126429,5.0,1.6935735521264288
landshuter_allee,lightgbm,summer_2024,594,24,7.000664131294459,5.0,2.0006641312944593
landshuter_allee,lightgbm,summer_2024,595,24,7.461944124730633,5.0,2.461944124730633
landshuter_allee,lightgbm,summer_2024,596,24,8.146438736581954,6.0,2.1464387365819544
landshuter_allee,lightgbm,summer_2024,597,24,8.074910232364616,6.0,2.0749102323646156
landshuter_allee,lightgbm,summer_2024,598,24,8.701504139452885,7.0,1.7015041394528847
landshuter_allee,lightgbm,summer_2024,599,24,7.940417943784323,7.0,0.9404179437843228
landshuter_allee,lightgbm,summer_2024,600,25,8.840404551346788,8.0,0.8404045513467882
landshuter_allee,lightgbm,summer_2024,601,25,10.260844435563286,9.0,1.2608444355632855
landshuter_allee,lightgbm,summer_2024,602,25,11.196958988144695,11.0,0.19695898814469537
landshuter_allee,lightgbm,summer_2024,603,25,12.582945274049862,11.0,1.5829452740498624
landshuter_allee,lightgbm,summer_2024,604,25,12.67674148954415,10.0,2.676741489544151
landshuter_allee,lightgbm,summer_2024,605,25,12.25910766592482,10.0,2.2591076659248195
landshuter_allee,lightgbm,summer_2024,606,25,12.591343072143836,11.0,1.591343072143836
landshuter_allee,lightgbm,summer_2024,607,25,10.69363892976445,9.0,1.6936389297644503
landshuter_allee,lightgbm,summer_2024,608,25,9.653298268058084,8.0,1.6532982680580837
landshuter_allee,lightgbm,summer_2024,609,25,9.544995292733502,9.0,0.5449952927335016
landshuter_allee,lightgbm,summer_2024,610,25,9.962013587771471,11.0,1.0379864122285287
landshuter_allee,lightgbm,summer_2024,611,25,9.728320434795256,9.0,0.7283204347952559
landshuter_allee,lightgbm,summer_2024,612,25,9.596391858775558,9.0,0.5963918587755579
landshuter_allee,lightgbm,summer_2024,613,25,9.737784336075565,9.0,0.7377843360755652
landshuter_allee,lightgbm,summer_2024,614,25,10.044271198106367,10.0,0.04427119810636704
landshuter_allee,lightgbm,summer_2024,615,25,10.163433892876053,10.0,0.16343389287605348
landshuter_allee,lightgbm,summer_2024,616,25,10.431341862415055,10.0,0.4313418624150547
landshuter_allee,lightgbm,summer_2024,617,25,10.544961904535539,10.0,0.5449619045355387
landshuter_allee,lightgbm,summer_2024,618,25,11.096806218360971,11.0,0.09680621836097103
landshuter_allee,lightgbm,summer_2024,619,25,11.839356772184578,11.0,0.839356772184578
landshuter_allee,lightgbm,summer_2024,620,25,13.174799717663308,11.0,2.1747997176633085
landshuter_allee,lightgbm,summer_2024,621,25,14.396892011991563,12.0,2.3968920119915627
landshuter_allee,lightgbm,summer_2024,622,25,14.99771607354574,11.0,3.9977160735457407
landshuter_allee,lightgbm,summer_2024,623,25,14.152124216232876,10.0,4.152124216232876
landshuter_allee,lightgbm,summer_2024,624,26,14.641410268813157,11.0,3.641410268813157
landshuter_allee,lightgbm,summer_2024,625,26,15.904601737198867,12.0,3.904601737198867
landshuter_allee,lightgbm,summer_2024,626,26,16.40934310459694,14.0,2.409343104596939
landshuter_allee,lightgbm,summer_2024,627,26,16.549006940773385,15.0,1.5490069407733849
landshuter_allee,lightgbm,summer_2024,628,26,16.869222870507457,14.0,2.869222870507457
landshuter_allee,lightgbm,summer_2024,629,26,16.533828995682274,14.0,2.533828995682274
landshuter_allee,lightgbm,summer_2024,630,26,15.813844890409545,13.0,2.8138448904095448
landshuter_allee,lightgbm,summer_2024,631,26,13.368490959886778,12.0,1.3684909598867776
landshuter_allee,lightgbm,summer_2024,632,26,12.329597615818159,11.0,1.3295976158181588
landshuter_allee,lightgbm,summer_2024,633,26,11.80609594610394,10.0,1.8060959461039392
landshuter_allee,lightgbm,summer_2024,634,26,11.73848129815819,10.0,1.7384812981581899
landshuter_allee,lightgbm,summer_2024,635,26,11.543028000037229,10.0,1.5430280000372285
landshuter_allee,lightgbm,summer_2024,636,26,11.362470059330974,9.0,2.362470059330974
landshuter_allee,lightgbm,summer_2024,637,26,11.346341855328445,9.0,2.346341855328445
landshuter_allee,lightgbm,summer_2024,638,26,11.574104643626464,10.0,1.5741046436264643
landshuter_allee,lightgbm,summer_2024,639,26,12.055519932857575,10.0,2.0555199328575746
landshuter_allee,lightgbm,summer_2024,640,26,12.269559789347094,11.0,1.2695597893470936
landshuter_allee,lightgbm,summer_2024,641,26,12.7469363756332,11.0,1.7469363756332008
landshuter_allee,lightgbm,summer_2024,642,26,13.487903121169174,12.0,1.4879031211691736
landshuter_allee,lightgbm,summer_2024,643,26,14.465450702118739,13.0,1.4654507021187388
landshuter_allee,lightgbm,summer_2024,644,26,13.207239045907095,10.0,3.2072390459070945
landshuter_allee,lightgbm,summer_2024,645,26,12.051595285625202,10.0,2.0515952856252024
landshuter_allee,lightgbm,summer_2024,646,26,11.987156335502089,11.0,0.9871563355020889
landshuter_allee,lightgbm,summer_2024,647,26,11.941911379431467,12.0,0.058088620568533145
landshuter_allee,lightgbm,summer_2024,648,27,11.260638962878508,11.0,0.26063896287850774
landshuter_allee,lightgbm,summer_2024,649,27,11.267212069131357,12.0,0.7327879308686427
landshuter_allee,lightgbm,summer_2024,650,27,11.677883477317936,14.0,2.322116522682064
landshuter_allee,lightgbm,summer_2024,651,27,11.849523414361931,13.0,1.150476585638069
landshuter_allee,lightgbm,summer_2024,652,27,12.5330457245709,13.0,0.4669542754290994
landshuter_allee,lightgbm,summer_2024,653,27,12.748006665520366,14.0,1.251993334479634
landshuter_allee,lightgbm,summer_2024,654,27,7.863026660235698,6.0,1.8630266602356977
landshuter_allee,lightgbm,summer_2024,655,27,4.812404718008332,3.0,1.8124047180083318
landshuter_allee,lightgbm,summer_2024,656,27,3.899998186495081,3.0,0.8999981864950808
landshuter_allee,lightgbm,summer_2024,657,27,3.812721002428767,6.0,2.187278997571233
landshuter_allee,lightgbm,summer_2024,658,27,4.1323684274544625,6.0,1.8676315725455375
landshuter_allee,lightgbm,summer_2024,659,27,4.606577276360356,8.0,3.3934227236396444
landshuter_allee,lightgbm,summer_2024,660,27,4.842141412078499,6.0,1.1578585879215009
landshuter_allee,lightgbm,summer_2024,661,27,4.771905367496188,4.0,0.7719053674961884
landshuter_allee,lightgbm,summer_2024,662,27,4.666111248831169,3.0,1.666111248831169
landshuter_allee,lightgbm,summer_2024,663,27,4.521584724185062,3.0,1.521584724185062
landshuter_allee,lightgbm,summer_2024,664,27,4.929113533822115,4.0,0.9291135338221146
landshuter_allee,lightgbm,summer_2024,665,27,4.863127250029901,4.0,0.8631272500299012
landshuter_allee,lightgbm,summer_2024,666,27,5.163282404574591,5.0,0.1632824045745913
landshuter_allee,lightgbm,summer_2024,667,27,5.304750682262536,5.0,0.30475068226253565
landshuter_allee,lightgbm,summer_2024,668,27,6.260222294860043,5.0,1.2602222948600428
landshuter_allee,lightgbm,summer_2024,669,27,6.966134609058257,6.0,0.9661346090582574
landshuter_allee,lightgbm,summer_2024,670,27,7.4261722508099774,7.0,0.42617225080997745
landshuter_allee,lightgbm,summer_2024,671,27,7.782212884100968,8.0,0.2177871158990321
landshuter_allee,lightgbm,summer_2024,672,28,9.009657539698914,10.0,0.9903424603010862
landshuter_allee,lightgbm,summer_2024,673,28,9.16492083224732,10.0,0.8350791677526797
landshuter_allee,lightgbm,summer_2024,674,28,9.489773419366939,11.0,1.510226580633061
landshuter_allee,lightgbm,summer_2024,675,28,9.62087489255135,11.0,1.3791251074486492
landshuter_allee,lightgbm,summer_2024,676,28,9.999268583695118,11.0,1.0007314163048822
landshuter_allee,lightgbm,summer_2024,677,28,10.474722304955959,11.0,0.525277695044041
landshuter_allee,lightgbm,summer_2024,678,28,10.495624074101993,12.0,1.5043759258980067
landshuter_allee,lightgbm,summer_2024,679,28,7.337392510613172,7.0,0.33739251061317166
landshuter_allee,lightgbm,summer_2024,680,28,5.952399364083828,5.0,0.9523993640838277
landshuter_allee,lightgbm,summer_2024,681,28,5.777494367622781,6.0,0.222505632377219
landshuter_allee,lightgbm,summer_2024,682,28,6.291964696921602,6.0,0.2919646969216023
landshuter_allee,lightgbm,summer_2024,683,28,6.751659592855465,7.0,0.24834040714453476
landshuter_allee,lightgbm,summer_2024,684,28,6.835504936944332,7.0,0.16449506305566786
landshuter_allee,lightgbm,summer_2024,685,28,6.902447932957642,7.0,0.09755206704235775
landshuter_allee,lightgbm,summer_2024,686,28,6.6819627620138995,6.0,0.6819627620138995
landshuter_allee,lightgbm,summer_2024,687,28,6.479954971066139,6.0,0.4799549710661388
landshuter_allee,lightgbm,summer_2024,688,28,6.276097349485939,5.0,1.276097349485939
landshuter_allee,lightgbm,summer_2024,689,28,6.294200676925467,5.0,1.2942006769254668
landshuter_allee,lightgbm,summer_2024,690,28,6.574281310703324,5.0,1.5742813107033244
landshuter_allee,lightgbm,summer_2024,691,28,6.968204887799507,6.0,0.9682048877995069
landshuter_allee,lightgbm,summer_2024,692,28,7.682308539749289,7.0,0.6823085397492887
landshuter_allee,lightgbm,summer_2024,693,28,9.53507063764467,8.0,1.5350706376446706
landshuter_allee,lightgbm,summer_2024,694,28,9.982340267447324,8.0,1.9823402674473236
landshuter_allee,lightgbm,summer_2024,695,28,9.89733852048717,8.0,1.8973385204871693
landshuter_allee,lightgbm,summer_2024,696,29,10.160981823474827,9.0,1.1609818234748275
landshuter_allee,lightgbm,summer_2024,697,29,9.807912238019474,10.0,0.19208776198052568
landshuter_allee,lightgbm,summer_2024,698,29,9.7514657997563,10.0,0.2485342002437001
landshuter_allee,lightgbm,summer_2024,699,29,9.708838305794345,10.0,0.2911616942056554
landshuter_allee,lightgbm,summer_2024,700,29,11.664468791850952,12.0,0.3355312081490478
landshuter_allee,lightgbm,summer_2024,701,29,17.235036317292792,14.0,3.235036317292792
landshuter_allee,lightgbm,summer_2024,702,29,17.6814091582227,13.0,4.681409158222699
landshuter_allee,lightgbm,summer_2024,703,29,14.1879107236507,10.0,4.187910723650701
landshuter_allee,lightgbm,summer_2024,704,29,10.809329466560436,8.0,2.8093294665604365
landshuter_allee,lightgbm,summer_2024,705,29,10.22405807145784,9.0,1.22405807145784
landshuter_allee,lightgbm,summer_2024,706,29,10.039878236855406,9.0,1.0398782368554063
landshuter_allee,lightgbm,summer_2024,707,29,9.49757117642001,9.0,0.4975711764200099
landshuter_allee,lightgbm,summer_2024,708,29,9.46301295384101,9.0,0.4630129538410106
landshuter_allee,lightgbm,summer_2024,709,29,9.187854510463579,8.0,1.1878545104635787
landshuter_allee,lightgbm,summer_2024,710,29,9.427825134531748,9.0,0.42782513453174786
landshuter_allee,lightgbm,summer_2024,711,29,9.462875697975514,9.0,0.4628756979755142
landshuter_allee,lightgbm,summer_2024,712,29,9.574730804722833,9.0,0.574730804722833
landshuter_allee,lightgbm,summer_2024,713,29,9.551374137291319,9.0,0.5513741372913188
landshuter_allee,lightgbm,summer_2024,714,29,10.138977698552736,9.0,1.1389776985527362
landshuter_allee,lightgbm,summer_2024,715,29,11.251017552921775,10.0,1.251017552921775
landshuter_allee,lightgbm,summer_2024,716,29,13.703703170423566,11.0,2.703703170423566
landshuter_allee,lightgbm,summer_2024,717,29,15.72987298474857,13.0,2.729872984748569
landshuter_allee,lightgbm,summer_2024,718,29,17.919447696665998,15.0,2.9194476966659977
landshuter_allee,lightgbm,summer_2024,719,29,19.088950426363816,17.0,2.088950426363816
landshuter_allee,lightgbm,summer_2024,720,30,19.114050492565735,16.0,3.1140504925657346
landshuter_allee,lightgbm,summer_2024,721,30,17.358228316736497,13.0,4.358228316736497
landshuter_allee,lightgbm,summer_2024,722,30,16.55664993019135,13.0,3.5566499301913517
landshuter_allee,lightgbm,summer_2024,723,30,16.89118109416006,13.0,3.8911810941600606
landshuter_allee,lightgbm,summer_2024,724,30,24.327209894665454,15.0,9.327209894665454
landshuter_allee,lightgbm,summer_2024,725,30,27.13117959149051,15.0,12.131179591490511
landshuter_allee,lightgbm,summer_2024,726,30,23.9061649734732,15.0,8.9061649734732
landshuter_allee,lightgbm,summer_2024,727,30,25.372847539108097,15.0,10.372847539108097
landshuter_allee,lightgbm,summer_2024,728,30,25.045637072913365,12.0,13.045637072913365
landshuter_allee,lightgbm,summer_2024,729,30,21.94919909303302,11.0,10.94919909303302
landshuter_allee,lightgbm,summer_2024,730,30,20.971271877237175,12.0,8.971271877237175
landshuter_allee,lightgbm,summer_2024,731,30,20.294039133891648,12.0,8.294039133891648
landshuter_allee,lightgbm,summer_2024,732,30,20.020825592474402,11.0,9.020825592474402
landshuter_allee,lightgbm,summer_2024,733,30,18.680509640341725,11.0,7.680509640341725
landshuter_allee,lightgbm,summer_2024,734,30,18.41022876889895,11.0,7.41022876889895
landshuter_allee,lightgbm,summer_2024,735,30,18.571840174888404,11.0,7.571840174888404
landshuter_allee,lightgbm,summer_2024,736,30,18.456742053791885,11.0,7.456742053791885
landshuter_allee,lightgbm,summer_2024,737,30,18.239407481459647,11.0,7.239407481459647
landshuter_allee,lightgbm,summer_2024,738,30,18.202763499637626,13.0,5.202763499637626
landshuter_allee,lightgbm,summer_2024,739,30,19.473461258161116,14.0,5.473461258161116
landshuter_allee,lightgbm,summer_2024,740,30,12.169065345583693,8.0,4.169065345583693
landshuter_allee,lightgbm,summer_2024,741,30,7.414212735212795,5.0,2.4142127352127947
landshuter_allee,lightgbm,summer_2024,742,30,6.065293303313807,5.0,1.0652933033138066
landshuter_allee,lightgbm,summer_2024,743,30,4.8652990033120815,4.0,0.8652990033120815
landshuter_allee,lightgbm,summer_2024,744,31,4.968754338268813,4.0,0.9687543382688126
landshuter_allee,lightgbm,summer_2024,745,31,5.129838880475179,4.0,1.1298388804751793
landshuter_allee,lightgbm,summer_2024,746,31,5.549291312601515,4.0,1.5492913126015146
landshuter_allee,lightgbm,summer_2024,747,31,5.916363985488865,4.0,1.9163639854888652
landshuter_allee,lightgbm,summer_2024,748,31,6.537619666654907,5.0,1.5376196666549067
landshuter_allee,lightgbm,summer_2024,749,31,7.731226681648403,7.0,0.731226681648403
landshuter_allee,lightgbm,summer_2024,750,31,8.885135016575838,7.0,1.8851350165758376
landshuter_allee,lightgbm,summer_2024,751,31,9.589597960435354,7.0,2.589597960435354
landshuter_allee,lightgbm,summer_2024,752,31,10.514340279032577,7.0,3.5143402790325773
landshuter_allee,lightgbm,summer_2024,753,31,10.867220526783886,7.0,3.8672205267838855
landshuter_allee,lightgbm,summer_2024,754,31,11.476600377622992,8.0,3.476600377622992
landshuter_allee,lightgbm,summer_2024,755,31,12.39956776301619,8.0,4.39956776301619
landshuter_allee,lightgbm,summer_2024,756,31,13.347000877119495,10.0,3.347000877119495
landshuter_allee,lightgbm,summer_2024,757,31,12.91353413384256,9.0,3.9135341338425604
landshuter_allee,lightgbm,summer_2024,758,31,10.92404673192823,7.0,3.9240467319282306
landshuter_allee,lightgbm,summer_2024,759,31,10.355524952277358,7.0,3.3555249522773583
landshuter_allee,lightgbm,summer_2024,760,31,9.925386558953475,8.0,1.925386558953475
landshuter_allee,lightgbm,summer_2024,761,31,10.546422509767945,9.0,1.546422509767945
landshuter_allee,lightgbm,summer_2024,762,31,10.936957758869063,10.0,0.9369577588690632
landshuter_allee,lightgbm,summer_2024,763,31,11.807138715357414,11.0,0.8071387153574143
landshuter_allee,lightgbm,summer_2024,764,31,12.351153095142749,10.0,2.351153095142749
landshuter_allee,lightgbm,summer_2024,765,31,12.816294991253594,10.0,2.816294991253594
landshuter_allee,lightgbm,summer_2024,766,31,12.49368901338889,10.0,2.49368901338889
landshuter_allee,lightgbm,summer_2024,767,31,11.491818589245641,7.0,4.491818589245641
landshuter_allee,lightgbm,summer_2024,768,32,10.496775252040743,7.0,3.4967752520407434
landshuter_allee,lightgbm,summer_2024,769,32,9.838467502470765,9.0,0.8384675024707651
landshuter_allee,lightgbm,summer_2024,770,32,19.85936609622404,27.0,7.14063390377596
landshuter_allee,lightgbm,summer_2024,771,32,16.29269260744669,11.0,5.292692607446689
landshuter_allee,lightgbm,summer_2024,772,32,15.024568192913842,12.0,3.0245681929138417
landshuter_allee,lightgbm,summer_2024,773,32,15.175683147976622,13.0,2.1756831479766223
landshuter_allee,lightgbm,summer_2024,774,32,15.505363896206784,15.0,0.5053638962067843
landshuter_allee,lightgbm,summer_2024,775,32,14.92691552027719,11.0,3.9269155202771895
landshuter_allee,lightgbm,summer_2024,776,32,12.546919794233064,8.0,4.546919794233064
landshuter_allee,lightgbm,summer_2024,777,32,10.707874203545217,8.0,2.7078742035452166
landshuter_allee,lightgbm,summer_2024,778,32,9.80701488345417,8.0,1.8070148834541708
landshuter_allee,lightgbm,summer_2024,779,32,8.907400899587437,7.0,1.9074008995874365
landshuter_allee,lightgbm,summer_2024,780,32,8.632286598360873,7.0,1.6322865983608725
landshuter_allee,lightgbm,summer_2024,781,32,8.596548018868546,8.0,0.5965480188685461
landshuter_allee,lightgbm,summer_2024,782,32,8.998042079878658,8.0,0.9980420798786582
landshuter_allee,lightgbm,summer_2024,783,32,9.210683350946544,7.0,2.2106833509465442
landshuter_allee,lightgbm,summer_2024,784,32,9.193270607753986,7.0,2.193270607753986
landshuter_allee,lightgbm,summer_2024,785,32,9.831347062969503,8.0,1.8313470629695026
landshuter_allee,lightgbm,summer_2024,786,32,9.85552751206407,8.0,1.8555275120640697
landshuter_allee,lightgbm,summer_2024,787,32,8.547787167448208,7.0,1.5477871674482078
landshuter_allee,lightgbm,summer_2024,788,32,6.851966376654653,5.0,1.8519663766546532
landshuter_allee,lightgbm,summer_2024,789,32,6.75121589944239,5.0,1.75121589944239
landshuter_allee,lightgbm,summer_2024,790,32,6.989312218421212,6.0,0.9893122184212118
landshuter_allee,lightgbm,summer_2024,791,32,7.36552257011101,7.0,0.3655225701110103
landshuter_allee,lightgbm,summer_2024,792,33,7.444795774091962,7.0,0.44479577409196214
landshuter_allee,lightgbm,summer_2024,793,33,8.037136135151776,8.0,0.03713613515177627
landshuter_allee,lightgbm,summer_2024,794,33,8.018173362273817,8.0,0.018173362273817162
landshuter_allee,lightgbm,summer_2024,795,33,7.157741238440755,5.0,2.157741238440755
landshuter_allee,lightgbm,summer_2024,796,33,6.223019806601785,5.0,1.2230198066017852
landshuter_allee,lightgbm,summer_2024,797,33,6.350440455715624,5.0,1.3504404557156242
landshuter_allee,lightgbm,summer_2024,798,33,6.395765328471879,5.0,1.395765328471879
landshuter_allee,lightgbm,summer_2024,799,33,5.846770075698319,6.0,0.15322992430168103
landshuter_allee,lightgbm,summer_2024,800,33,5.689330814783263,6.0,0.3106691852167369
landshuter_allee,lightgbm,summer_2024,801,33,6.5888907784560695,8.0,1.4111092215439305
landshuter_allee,lightgbm,summer_2024,802,33,7.545394330615802,8.0,0.4546056693841978
landshuter_allee,lightgbm,summer_2024,803,33,8.421824983387781,7.0,1.421824983387781
landshuter_allee,lightgbm,summer_2024,804,33,8.638265961178305,7.0,1.6382659611783055
landshuter_allee,lightgbm,summer_2024,805,33,7.930569590760736,7.0,0.9305695907607356
landshuter_allee,lightgbm,summer_2024,806,33,7.433867433230223,7.0,0.4338674332302226
landshuter_allee,lightgbm,summer_2024,807,33,8.02016899392641,8.0,0.020168993926409584
landshuter_allee,lightgbm,summer_2024,808,33,8.362546689051092,9.0,0.6374533109489082
landshuter_allee,lightgbm,summer_2024,809,33,8.025777163689977,8.0,0.025777163689976845
landshuter_allee,lightgbm,summer_2024,810,33,9.189466290561754,10.0,0.8105337094382463
landshuter_allee,lightgbm,summer_2024,811,33,11.617553551959912,13.0,1.3824464480400884
landshuter_allee,lightgbm,summer_2024,812,33,13.082356554430408,13.0,0.08235655443040812
landshuter_allee,lightgbm,summer_2024,813,33,13.000547379402043,13.0,0.000547379402043191
landshuter_allee,lightgbm,summer_2024,814,33,12.557918575578196,12.0,0.5579185755781957
landshuter_allee,lightgbm,summer_2024,815,33,12.636502368568728,12.0,0.6365023685687277
landshuter_allee,lightgbm,summer_2024,816,34,13.406924593663517,12.0,1.4069245936635166
landshuter_allee,lightgbm,summer_2024,817,34,13.477618350524017,12.0,1.4776183505240166
landshuter_allee,lightgbm,summer_2024,818,34,8.802510328439046,4.0,4.8025103284390465
landshuter_allee,lightgbm,summer_2024,819,34,6.643299722945159,5.0,1.6432997229451587
landshuter_allee,lightgbm,summer_2024,820,34,7.38966474552343,7.0,0.38966474552343033
landshuter_allee,lightgbm,summer_2024,821,34,7.434450509624402,8.0,0.5655494903755978
landshuter_allee,lightgbm,summer_2024,822,34,7.407373715474766,7.0,0.4073737154747663
landshuter_allee,lightgbm,summer_2024,823,34,7.667606528740146,7.0,0.667606528740146
landshuter_allee,lightgbm,summer_2024,824,34,7.498962081318943,7.0,0.49896208131894326
landshuter_allee,lightgbm,summer_2024,825,34,7.536641918122833,7.0,0.5366419181228332
landshuter_allee,lightgbm,summer_2024,826,34,7.93404994875483,8.0,0.06595005124516984
landshuter_allee,lightgbm,summer_2024,827,34,8.374416772927038,8.0,0.374416772927038
landshuter_allee,lightgbm,summer_2024,828,34,8.598523884897466,9.0,0.40147611510253434
landshuter_allee,lightgbm,summer_2024,829,34,8.419331866789094,9.0,0.5806681332109065
landshuter_allee,lightgbm,summer_2024,830,34,8.016283944638607,8.0,0.01628394463860694
landshuter_allee,lightgbm,summer_2024,831,34,7.874353090445549,8.0,0.12564690955445101
landshuter_allee,lightgbm,summer_2024,832,34,8.034191566795398,8.0,0.03419156679539803
landshuter_allee,lightgbm,summer_2024,833,34,8.211375440219447,9.0,0.788624559780553
landshuter_allee,lightgbm,summer_2024,834,34,8.237583488949497,9.0,0.7624165110505032
landshuter_allee,lightgbm,summer_2024,835,34,8.238152549227149,9.0,0.7618474507728514
landshuter_allee,lightgbm,summer_2024,836,34,8.186878694111611,9.0,0.813121305888389
landshuter_allee,lightgbm,summer_2024,837,34,8.385317728561649,10.0,1.614682271438351
landshuter_allee,lightgbm,summer_2024,838,34,7.905359663579683,9.0,1.0946403364203174
landshuter_allee,lightgbm,summer_2024,839,34,7.805301278747659,9.0,1.1946987212523412
landshuter_allee,lightgbm,summer_2024,840,35,7.318505036703837,6.0,1.3185050367038373
landshuter_allee,lightgbm,summer_2024,841,35,7.445006790339878,6.0,1.4450067903398782
landshuter_allee,lightgbm,summer_2024,842,35,7.478964094790065,6.0,1.478964094790065
landshuter_allee,lightgbm,summer_2024,843,35,7.787700452984273,6.0,1.7877004529842733
landshuter_allee,lightgbm,summer_2024,844,35,7.893619600261311,6.0,1.893619600261311
landshuter_allee,lightgbm,summer_2024,845,35,8.019238617906266,6.0,2.0192386179062662
landshuter_allee,lightgbm,summer_2024,846,35,8.277396426159472,6.0,2.2773964261594717
landshuter_allee,lightgbm,summer_2024,847,35,6.744458167469211,4.0,2.744458167469211
landshuter_allee,lightgbm,summer_2024,848,35,5.718164449530257,3.0,2.7181644495302573
landshuter_allee,lightgbm,summer_2024,849,35,5.4969870641415435,3.0,2.4969870641415435
landshuter_allee,lightgbm,summer_2024,850,35,5.340557582612237,3.0,2.340557582612237
landshuter_allee,lightgbm,summer_2024,851,35,6.017471889720193,4.0,2.017471889720193
landshuter_allee,lightgbm,summer_2024,852,35,6.294644329406676,5.0,1.294644329406676
landshuter_allee,lightgbm,summer_2024,853,35,6.606540399866448,5.0,1.6065403998664483
landshuter_allee,lightgbm,summer_2024,854,35,6.7992100851556145,5.0,1.7992100851556145
landshuter_allee,lightgbm,summer_2024,855,35,7.004517060289346,6.0,1.0045170602893458
landshuter_allee,lightgbm,summer_2024,856,35,7.1703175362499145,6.0,1.1703175362499145
landshuter_allee,lightgbm,summer_2024,857,35,7.596420186079258,6.0,1.596420186079258
landshuter_allee,lightgbm,summer_2024,858,35,7.66815576775619,6.0,1.6681557677561898
landshuter_allee,lightgbm,summer_2024,859,35,7.873721879563458,6.0,1.8737218795634583
landshuter_allee,lightgbm,summer_2024,860,35,10.580125383944598,9.0,1.5801253839445977
landshuter_allee,lightgbm,summer_2024,861,35,12.226078388950466,10.0,2.226078388950466
landshuter_allee,lightgbm,summer_2024,862,35,12.184924205333939,10.0,2.184924205333939
landshuter_allee,lightgbm,summer_2024,863,35,11.900539413980136,8.0,3.9005394139801357
landshuter_allee,lightgbm,summer_2024,864,36,11.683965639484938,9.0,2.6839656394849385
landshuter_allee,lightgbm,summer_2024,865,36,11.840708036155199,10.0,1.840708036155199
landshuter_allee,lightgbm,summer_2024,866,36,11.998706738754796,11.0,0.9987067387547963
landshuter_allee,lightgbm,summer_2024,867,36,11.86560707784203,11.0,0.8656070778420304
landshuter_allee,lightgbm,summer_2024,868,36,11.850184112185204,11.0,0.8501841121852038
landshuter_allee,lightgbm,summer_2024,869,36,12.716728288769517,12.0,0.7167282887695166
landshuter_allee,lightgbm,summer_2024,870,36,13.205052596258128,13.0,0.20505259625812755
landshuter_allee,lightgbm,summer_2024,871,36,12.02119310497672,12.0,0.021193104976719113
landshuter_allee,lightgbm,summer_2024,872,36,10.560444943659196,9.0,1.5604449436591956
landshuter_allee,lightgbm,summer_2024,873,36,8.808658921202593,8.0,0.8086589212025928
landshuter_allee,lightgbm,summer_2024,874,36,8.494057841320727,8.0,0.4940578413207266
landshuter_allee,lightgbm,summer_2024,875,36,8.229973171341443,9.0,0.7700268286585565
landshuter_allee,lightgbm,summer_2024,876,36,8.675581298676853,9.0,0.32441870132314676
landshuter_allee,lightgbm,summer_2024,877,36,8.419276399029483,8.0,0.4192763990294832
landshuter_allee,lightgbm,summer_2024,878,36,7.847181760709717,8.0,0.1528182392902826
landshuter_allee,lightgbm,summer_2024,879,36,7.546957264231292,7.0,0.5469572642312919
landshuter_allee,lightgbm,summer_2024,880,36,7.431254743351196,7.0,0.43125474335119574
landshuter_allee,lightgbm,summer_2024,881,36,7.4438368333115745,6.0,1.4438368333115745
landshuter_allee,lightgbm,summer_2024,882,36,7.527133523756793,6.0,1.5271335237567927
landshuter_allee,lightgbm,summer_2024,883,36,8.233527622420706,7.0,1.2335276224207057
landshuter_allee,lightgbm,summer_2024,884,36,9.633312897483357,9.0,0.6333128974833571
landshuter_allee,lightgbm,summer_2024,885,36,10.07885506318948,10.0,0.07885506318947932
landshuter_allee,lightgbm,summer_2024,886,36,10.099574530911397,10.0,0.09957453091139712
landshuter_allee,lightgbm,summer_2024,887,36,8.997969499396557,9.0,0.0020305006034426754
landshuter_allee,lightgbm,summer_2024,888,37,9.171624122400376,10.0,0.8283758775996244
landshuter_allee,lightgbm,summer_2024,889,37,9.748570992107398,10.0,0.25142900789260203
landshuter_allee,lightgbm,summer_2024,890,37,10.1303710275667,10.0,0.13037102756669938
landshuter_allee,lightgbm,summer_2024,891,37,10.785354676628211,11.0,0.21464532337178888
landshuter_allee,lightgbm,summer_2024,892,37,11.96544515155066,12.0,0.034554848449339204
landshuter_allee,lightgbm,summer_2024,893,37,13.425392600889257,12.0,1.425392600889257
landshuter_allee,lightgbm,summer_2024,894,37,13.897012727731475,13.0,0.8970127277314752
landshuter_allee,lightgbm,summer_2024,895,37,13.130697443825762,12.0,1.1306974438257615
landshuter_allee,lightgbm,summer_2024,896,37,12.435442382542279,11.0,1.4354423825422788
landshuter_allee,lightgbm,summer_2024,897,37,12.427006137022106,10.0,2.427006137022106
landshuter_allee,lightgbm,summer_2024,898,37,12.467356469843962,10.0,2.4673564698439616
landshuter_allee,lightgbm,summer_2024,899,37,11.995256073455614,10.0,1.9952560734556144
landshuter_allee,lightgbm,summer_2024,900,37,11.480252077298601,12.0,0.5197479227013986
landshuter_allee,lightgbm,summer_2024,901,37,10.304271865533636,10.0,0.30427186553363583
landshuter_allee,lightgbm,summer_2024,902,37,7.6423689242713655,7.0,0.6423689242713655
landshuter_allee,lightgbm,summer_2024,903,37,6.8988089510509365,6.0,0.8988089510509365
landshuter_allee,lightgbm,summer_2024,904,37,6.147448534307246,5.0,1.1474485343072462
landshuter_allee,lightgbm,summer_2024,905,37,6.634376568977095,5.0,1.6343765689770953
landshuter_allee,lightgbm,summer_2024,906,37,6.399660821306509,5.0,1.399660821306509
landshuter_allee,lightgbm,summer_2024,907,37,7.1621181214941965,6.0,1.1621181214941965
landshuter_allee,lightgbm,summer_2024,908,37,7.440568505439891,7.0,0.4405685054398907
landshuter_allee,lightgbm,summer_2024,909,37,7.7352525434966735,8.0,0.26474745650332654
landshuter_allee,lightgbm,summer_2024,910,37,6.487767949828284,6.0,0.4877679498282843
landshuter_allee,lightgbm,summer_2024,911,37,5.5499436622078395,5.0,0.5499436622078395
landshuter_allee,lightgbm,summer_2024,912,38,5.884248447513549,5.0,0.8842484475135493
landshuter_allee,lightgbm,summer_2024,913,38,6.288016490885989,5.0,1.2880164908859886
landshuter_allee,lightgbm,summer_2024,914,38,6.421549409570465,5.0,1.4215494095704653
landshuter_allee,lightgbm,summer_2024,915,38,6.1479415592940265,5.0,1.1479415592940265
landshuter_allee,lightgbm,summer_2024,916,38,6.416539194679503,6.0,0.41653919467950296
landshuter_allee,lightgbm,summer_2024,917,38,7.5945978540246095,7.0,0.5945978540246095
landshuter_allee,lightgbm,summer_2024,918,38,8.24681761676341,7.0,1.2468176167634102
landshuter_allee,lightgbm,summer_2024,919,38,7.289158701050141,5.0,2.289158701050141
landshuter_allee,lightgbm,summer_2024,920,38,8.818330388771175,9.0,0.1816696112288252
landshuter_allee,lightgbm,summer_2024,921,38,8.91074541002595,9.0,0.08925458997405045
landshuter_allee,lightgbm,summer_2024,922,38,9.116021518906736,8.0,1.1160215189067362
landshuter_allee,lightgbm,summer_2024,923,38,9.767491202383484,8.0,1.767491202383484
landshuter_allee,lightgbm,summer_2024,924,38,10.024596112740749,8.0,2.024596112740749
landshuter_allee,lightgbm,summer_2024,925,38,9.483299916901693,7.0,2.483299916901693
landshuter_allee,lightgbm,summer_2024,926,38,9.66246630660172,8.0,1.6624663066017202
landshuter_allee,lightgbm,summer_2024,927,38,9.07176245257381,8.0,1.0717624525738092
landshuter_allee,lightgbm,summer_2024,928,38,7.743836555199421,6.0,1.7438365551994206
landshuter_allee,lightgbm,summer_2024,929,38,7.804722967057979,7.0,0.8047229670579794
landshuter_allee,lightgbm,summer_2024,930,38,8.427857327739034,10.0,1.5721426722609664
landshuter_allee,lightgbm,summer_2024,931,38,9.51130330651748,11.0,1.4886966934825203
landshuter_allee,lightgbm,summer_2024,932,38,11.04764588966527,11.0,0.0476458896652705
landshuter_allee,lightgbm,summer_2024,933,38,10.604001828677207,9.0,1.604001828677207
landshuter_allee,lightgbm,summer_2024,934,38,11.09175135939452,9.0,2.09175135939452
landshuter_allee,lightgbm,summer_2024,935,38,10.281254529595413,9.0,1.2812545295954134
landshuter_allee,lightgbm,summer_2024,936,39,10.522635477449944,8.5,2.0226354774499438
landshuter_allee,lightgbm,summer_2024,937,39,10.371906967866034,8.0,2.3719069678660336
landshuter_allee,lightgbm,summer_2024,938,39,10.772255481269292,7.0,3.7722554812692923
landshuter_allee,lightgbm,summer_2024,939,39,10.920402341452302,8.0,2.920402341452302
landshuter_allee,lightgbm,summer_2024,940,39,11.523198888561993,8.0,3.5231988885619927
landshuter_allee,lightgbm,summer_2024,941,39,12.541539114266648,9.0,3.541539114266648
landshuter_allee,lightgbm,summer_2024,942,39,12.35045262758935,9.0,3.35045262758935
landshuter_allee,lightgbm,summer_2024,943,39,11.188857092189563,8.0,3.188857092189563
landshuter_allee,lightgbm,summer_2024,944,39,8.264128981776686,6.0,2.264128981776686
landshuter_allee,lightgbm,summer_2024,945,39,7.453385559656483,7.0,0.45338555965648286
landshuter_allee,lightgbm,summer_2024,946,39,7.652179039568207,6.0,1.6521790395682068
landshuter_allee,lightgbm,summer_2024,947,39,7.759272483455221,6.0,1.759272483455221
landshuter_allee,lightgbm,summer_2024,948,39,8.02209271538944,7.0,1.0220927153894408
landshuter_allee,lightgbm,summer_2024,949,39,7.497699816578236,6.0,1.497699816578236
landshuter_allee,lightgbm,summer_2024,950,39,7.593571609647927,5.0,2.5935716096479267
landshuter_allee,lightgbm,summer_2024,951,39,7.729473087479825,5.0,2.7294730874798248
landshuter_allee,lightgbm,summer_2024,952,39,7.573450570109855,5.0,2.5734505701098547
landshuter_allee,lightgbm,summer_2024,953,39,7.613062189902214,6.0,1.6130621899022142
landshuter_allee,lightgbm,summer_2024,954,39,7.898874265217984,6.0,1.8988742652179837
landshuter_allee,lightgbm,summer_2024,955,39,9.138011770889841,7.0,2.1380117708898414
landshuter_allee,lightgbm,summer_2024,956,39,11.243195854712177,11.0,0.24319585471217664
landshuter_allee,lightgbm,summer_2024,957,39,11.938271648833277,12.0,0.06172835116672282
landshuter_allee,lightgbm,summer_2024,958,39,10.759024174020581,9.0,1.7590241740205812
landshuter_allee,lightgbm,summer_2024,959,39,10.01221139080182,8.0,2.01221139080182
landshuter_allee,lightgbm,summer_2024,960,40,8.799811441137914,7.0,1.7998114411379138
landshuter_allee,lightgbm,summer_2024,961,40,8.6551346668458,8.0,0.6551346668458002
landshuter_allee,lightgbm,summer_2024,962,40,7.381955393258698,7.0,0.3819553932586981
landshuter_allee,lightgbm,summer_2024,963,40,7.057560440445398,7.0,0.05756044044539799
landshuter_allee,lightgbm,summer_2024,964,40,7.035947221241372,7.0,0.03594722124137206
landshuter_allee,lightgbm,summer_2024,965,40,7.1661392131380826,7.0,0.16613921313808255
landshuter_allee,lightgbm,summer_2024,966,40,7.802004489634436,7.0,0.8020044896344363
landshuter_allee,lightgbm,summer_2024,967,40,7.782567799494218,7.0,0.7825677994942177
landshuter_allee,lightgbm,summer_2024,968,40,7.429037764943873,6.0,1.4290377649438728
landshuter_allee,lightgbm,summer_2024,969,40,7.270913219690978,5.0,2.2709132196909776
landshuter_allee,lightgbm,summer_2024,970,40,7.599077392756276,6.0,1.5990773927562758
landshuter_allee,lightgbm,summer_2024,971,40,8.305455537119308,7.0,1.3054555371193075
landshuter_allee,lightgbm,summer_2024,972,40,8.295384104255016,7.0,1.2953841042550156
landshuter_allee,lightgbm,summer_2024,973,40,8.52288296274847,7.0,1.5228829627484703
landshuter_allee,lightgbm,summer_2024,974,40,8.490370462659135,8.0,0.49037046265913453
landshuter_allee,lightgbm,summer_2024,975,40,8.271035926775644,8.0,0.27103592677564414
landshuter_allee,lightgbm,summer_2024,976,40,8.00311943933706,7.0,1.0031194393370608
landshuter_allee,lightgbm,summer_2024,977,40,8.30991062215403,8.0,0.30991062215403
landshuter_allee,lightgbm,summer_2024,978,40,8.584147341751883,8.0,0.5841473417518834
landshuter_allee,lightgbm,summer_2024,979,40,9.663247445119195,9.0,0.663247445119195
landshuter_allee,lightgbm,summer_2024,980,40,12.587675472931569,12.0,0.5876754729315685
landshuter_allee,lightgbm,summer_2024,981,40,14.836532153007552,14.0,0.8365321530075516
landshuter_allee,lightgbm,summer_2024,982,40,16.1350665446575,15.0,1.1350665446575015
landshuter_allee,lightgbm,summer_2024,983,40,16.510531325638993,15.0,1.5105313256389934
landshuter_allee,lightgbm,summer_2024,984,41,18.275277359434988,18.0,0.27527735943498755
landshuter_allee,lightgbm,summer_2024,985,41,18.427196212684926,19.0,0.572803787315074
landshuter_allee,lightgbm,summer_2024,986,41,16.72201110906458,17.0,0.27798889093541845
landshuter_allee,lightgbm,summer_2024,987,41,16.721878953435464,15.0,1.7218789534354642
landshuter_allee,lightgbm,summer_2024,988,41,16.70924084015531,15.0,1.70924084015531
landshuter_allee,lightgbm,summer_2024,989,41,16.16767793988163,13.0,3.1676779398816315
landshuter_allee,lightgbm,summer_2024,990,41,15.227132785493726,13.0,2.227132785493726
landshuter_allee,lightgbm,summer_2024,991,41,13.317430818546228,13.0,0.317430818546228
landshuter_allee,lightgbm,summer_2024,992,41,11.64195494862062,11.0,0.6419549486206204
landshuter_allee,lightgbm,summer_2024,993,41,10.62006314139154,9.0,1.6200631413915403
landshuter_allee,lightgbm,summer_2024,994,41,9.674424610981319,9.0,0.674424610981319
landshuter_allee,lightgbm,summer_2024,995,41,9.510635627752643,9.0,0.5106356277526434
landshuter_allee,lightgbm,summer_2024,996,41,9.483176591910107,9.0,0.483176591910107
landshuter_allee,lightgbm,summer_2024,997,41,9.266174781679577,8.0,1.2661747816795774
landshuter_allee,lightgbm,summer_2024,998,41,8.797439596219695,8.0,0.7974395962196947
landshuter_allee,lightgbm,summer_2024,999,41,8.090314035825868,7.0,1.0903140358258678
landshuter_allee,lightgbm,summer_2024,1000,41,7.544180787501932,6.0,1.544180787501932
landshuter_allee,lightgbm,summer_2024,1001,41,7.60534496473281,6.0,1.6053449647328097
landshuter_allee,lightgbm,summer_2024,1002,41,7.876526795765852,7.0,0.8765267957658516
landshuter_allee,lightgbm,summer_2024,1003,41,8.94311795916481,7.0,1.9431179591648107
landshuter_allee,lightgbm,summer_2024,1004,41,10.638374155953295,9.0,1.6383741559532954
landshuter_allee,lightgbm,summer_2024,1005,41,10.734234484164977,11.0,0.2657655158350227
landshuter_allee,lightgbm,summer_2024,1006,41,10.388125918840343,10.0,0.388125918840343
landshuter_allee,lightgbm,summer_2024,1007,41,9.579806059696029,9.0,0.579806059696029
landshuter_allee,lightgbm,summer_2024,1008,42,9.396048455888248,8.0,1.3960484558882484
landshuter_allee,lightgbm,summer_2024,1009,42,9.809972722113894,8.0,1.8099727221138942
landshuter_allee,lightgbm,summer_2024,1010,42,10.23535550717723,8.0,2.23535550717723
landshuter_allee,lightgbm,summer_2024,1011,42,10.493136116401557,9.0,1.4931361164015566
landshuter_allee,lightgbm,summer_2024,1012,42,10.991816283401183,10.0,0.9918162834011834
landshuter_allee,lightgbm,summer_2024,1013,42,11.923222228312433,10.0,1.923222228312433
landshuter_allee,lightgbm,summer_2024,1014,42,12.01736150413718,9.0,3.0173615041371793
landshuter_allee,lightgbm,summer_2024,1015,42,11.597845060667131,9.0,2.5978450606671313
landshuter_allee,lightgbm,summer_2024,1016,42,11.241584309679316,9.0,2.2415843096793164
landshuter_allee,lightgbm,summer_2024,1017,42,11.826432466580357,10.0,1.826432466580357
landshuter_allee,lightgbm,summer_2024,1018,42,12.420221196960021,11.0,1.4202211969600214
landshuter_allee,lightgbm,summer_2024,1019,42,13.830928298340249,13.0,0.8309282983402486
landshuter_allee,lightgbm,summer_2024,1020,42,14.23541323791514,14.0,0.23541323791513946
landshuter_allee,lightgbm,summer_2024,1021,42,14.013363049323253,13.0,1.013363049323253
landshuter_allee,lightgbm,summer_2024,1022,42,13.169889616379653,11.0,2.1698896163796526
landshuter_allee,lightgbm,summer_2024,1023,42,12.287554253279769,11.0,1.2875542532797688
landshuter_allee,lightgbm,summer_2024,1024,42,12.159829915525744,10.0,2.1598299155257443
landshuter_allee,lightgbm,summer_2024,1025,42,12.371301157959204,10.0,2.371301157959204
landshuter_allee,lightgbm,summer_2024,1026,42,12.908103266649835,10.0,2.908103266649835
landshuter_allee,lightgbm,summer_2024,1027,42,12.575011637767645,12.0,0.5750116377676449
landshuter_allee,lightgbm,summer_2024,1028,42,13.011054790465627,14.0,0.9889452095343731
landshuter_allee,lightgbm,summer_2024,1029,42,12.996705411250296,13.0,0.003294588749703564
landshuter_allee,lightgbm,summer_2024,1030,42,12.660968282925277,14.0,1.3390317170747235
landshuter_allee,lightgbm,summer_2024,1031,42,13.143700291530104,17.0,3.856299708469896
landshuter_allee,lightgbm,summer_2024,1032,43,14.193855569958323,19.0,4.806144430041677
landshuter_allee,lightgbm,summer_2024,1033,43,13.594015600684177,15.0,1.4059843993158232
landshuter_allee,lightgbm,summer_2024,1034,43,12.977551794487368,13.0,0.022448205512631603
landshuter_allee,lightgbm,summer_2024,1035,43,11.987104985805594,13.0,1.012895014194406
landshuter_allee,lightgbm,summer_2024,1036,43,11.684398770087567,13.0,1.3156012299124331
landshuter_allee,lightgbm,summer_2024,1037,43,11.859718864208503,13.0,1.140281135791497
landshuter_allee,lightgbm,summer_2024,1038,43,11.528504408604384,13.0,1.471495591395616
landshuter_allee,lightgbm,summer_2024,1039,43,10.685014596486868,11.0,0.3149854035131323
landshuter_allee,lightgbm,summer_2024,1040,43,9.401615301153965,7.0,2.4016153011539654
landshuter_allee,lightgbm,summer_2024,1041,43,8.7383060281775,7.0,1.7383060281774991
landshuter_allee,lightgbm,summer_2024,1042,43,8.352001730208952,9.0,0.6479982697910476
landshuter_allee,lightgbm,summer_2024,1043,43,8.398633184212569,9.0,0.601366815787431
landshuter_allee,lightgbm,summer_2024,1044,43,8.279788175690072,10.0,1.7202118243099278
landshuter_allee,lightgbm,summer_2024,1045,43,8.349388445660665,10.0,1.650611554339335
landshuter_allee,lightgbm,summer_2024,1046,43,8.335594526278488,10.0,1.6644054737215122
landshuter_allee,lightgbm,summer_2024,1047,43,8.140895311253118,9.0,0.8591046887468821
landshuter_allee,lightgbm,summer_2024,1048,43,8.178912974367904,9.0,0.8210870256320959
landshuter_allee,lightgbm,summer_2024,1049,43,7.677847864243144,7.0,0.6778478642431436
landshuter_allee,lightgbm,summer_2024,1050,43,6.470906929335148,7.0,0.5290930706648522
landshuter_allee,lightgbm,summer_2024,1051,43,5.515330171284005,6.0,0.48466982871599473
landshuter_allee,lightgbm,summer_2024,1052,43,5.963066585846375,5.0,0.9630665858463754
landshuter_allee,lightgbm,summer_2024,1053,43,5.056808498870506,4.0,1.056808498870506
landshuter_allee,lightgbm,summer_2024,1054,43,4.6566295321760185,4.0,0.6566295321760185
landshuter_allee,lightgbm,summer_2024,1055,43,4.589413833767595,4.0,0.5894138337675949
landshuter_allee,lightgbm,autumn_2024,0,0,5.4028850517375435,5.0,0.4028850517375435
landshuter_allee,lightgbm,autumn_2024,1,0,5.108559891105958,4.0,1.1085598911059584
landshuter_allee,lightgbm,autumn_2024,2,0,4.4609595438381255,3.0,1.4609595438381255
landshuter_allee,lightgbm,autumn_2024,3,0,4.843256358017319,4.0,0.8432563580173191
landshuter_allee,lightgbm,autumn_2024,4,0,5.217256972686333,4.0,1.2172569726863331
landshuter_allee,lightgbm,autumn_2024,5,0,6.193766878753279,5.0,1.1937668787532791
landshuter_allee,lightgbm,autumn_2024,6,0,7.671243570787037,6.0,1.6712435707870368
landshuter_allee,lightgbm,autumn_2024,7,0,8.469530873932483,6.0,2.4695308739324826
landshuter_allee,lightgbm,autumn_2024,8,0,7.946988529289839,6.0,1.9469885292898388
landshuter_allee,lightgbm,autumn_2024,9,0,7.9485364040304605,7.0,0.9485364040304605
landshuter_allee,lightgbm,autumn_2024,10,0,8.192790891972756,7.0,1.1927908919727557
landshuter_allee,lightgbm,autumn_2024,11,0,8.570548070776024,6.0,2.5705480707760238
landshuter_allee,lightgbm,autumn_2024,12,0,8.46363289866496,5.0,3.46363289866496
landshuter_allee,lightgbm,autumn_2024,13,0,7.682938698057173,4.0,3.682938698057173
landshuter_allee,lightgbm,autumn_2024,14,0,7.054624127958734,3.0,4.054624127958734
landshuter_allee,lightgbm,autumn_2024,15,0,6.506664056595929,3.0,3.5066640565959286
landshuter_allee,lightgbm,autumn_2024,16,0,6.152775374305242,3.0,3.152775374305242
landshuter_allee,lightgbm,autumn_2024,17,0,6.462938204369234,3.0,3.462938204369234
landshuter_allee,lightgbm,autumn_2024,18,0,6.496751892195064,3.0,3.496751892195064
landshuter_allee,lightgbm,autumn_2024,19,0,6.34705498816353,3.0,3.3470549881635296
landshuter_allee,lightgbm,autumn_2024,20,0,6.191471658135789,3.0,3.1914716581357894
landshuter_allee,lightgbm,autumn_2024,21,0,6.25684054636248,3.0,3.25684054636248
landshuter_allee,lightgbm,autumn_2024,22,0,6.464123759123318,4.0,2.464123759123318
landshuter_allee,lightgbm,autumn_2024,23,0,6.417629304663471,4.0,2.417629304663471
landshuter_allee,lightgbm,autumn_2024,24,1,6.885011599982047,3.0,3.8850115999820467
landshuter_allee,lightgbm,autumn_2024,25,1,7.923870989496441,4.0,3.923870989496441
landshuter_allee,lightgbm,autumn_2024,26,1,8.78722038557415,5.0,3.78722038557415
landshuter_allee,lightgbm,autumn_2024,27,1,9.05183818448342,5.0,4.051838184483421
landshuter_allee,lightgbm,autumn_2024,28,1,8.979599459710895,5.0,3.9795994597108955
landshuter_allee,lightgbm,autumn_2024,29,1,8.40579947848525,4.0,4.40579947848525
landshuter_allee,lightgbm,autumn_2024,30,1,7.229065699218982,4.0,3.2290656992189817
landshuter_allee,lightgbm,autumn_2024,31,1,5.676564848520614,3.0,2.6765648485206137
landshuter_allee,lightgbm,autumn_2024,32,1,5.082714012979498,4.0,1.0827140129794977
landshuter_allee,lightgbm,autumn_2024,33,1,3.8425760997448233,3.0,0.8425760997448233
landshuter_allee,lightgbm,autumn_2024,34,1,3.306702696062562,2.0,1.3067026960625618
landshuter_allee,lightgbm,autumn_2024,35,1,2.5104072954764787,2.0,0.5104072954764787
landshuter_allee,lightgbm,autumn_2024,36,1,2.5185171674423508,2.0,0.5185171674423508
landshuter_allee,lightgbm,autumn_2024,37,1,2.6304667724151884,2.0,0.6304667724151884
landshuter_allee,lightgbm,autumn_2024,38,1,2.8501328065570037,2.0,0.8501328065570037
landshuter_allee,lightgbm,autumn_2024,39,1,2.9769356041363606,2.0,0.9769356041363606
landshuter_allee,lightgbm,autumn_2024,40,1,3.412410316579875,3.0,0.41241031657987515
landshuter_allee,lightgbm,autumn_2024,41,1,3.664217486036884,3.0,0.6642174860368839
landshuter_allee,lightgbm,autumn_2024,42,1,5.2871029451633715,4.0,1.2871029451633715
landshuter_allee,lightgbm,autumn_2024,43,1,8.481124647301899,6.0,2.4811246473018986
landshuter_allee,lightgbm,autumn_2024,44,1,9.349585812404655,6.0,3.349585812404655
landshuter_allee,lightgbm,autumn_2024,45,1,9.327232286023266,6.0,3.327232286023266
landshuter_allee,lightgbm,autumn_2024,46,1,10.36186564343495,7.0,3.3618656434349496
landshuter_allee,lightgbm,autumn_2024,47,1,9.614364125527812,7.0,2.6143641255278123
landshuter_allee,lightgbm,autumn_2024,48,2,9.950171005343284,9.0,0.9501710053432841
landshuter_allee,lightgbm,autumn_2024,49,2,9.120434102259926,8.0,1.1204341022599262
landshuter_allee,lightgbm,autumn_2024,50,2,7.983259203604609,7.0,0.9832592036046091
landshuter_allee,lightgbm,autumn_2024,51,2,6.433853911072816,6.0,0.43385391107281635
landshuter_allee,lightgbm,autumn_2024,52,2,6.843804227920293,7.0,0.15619577207970714
landshuter_allee,lightgbm,autumn_2024,53,2,7.98326580429693,10.0,2.01673419570307
landshuter_allee,lightgbm,autumn_2024,54,2,8.57126672573889,10.0,1.4287332742611092
landshuter_allee,lightgbm,autumn_2024,55,2,10.543241602230513,15.0,4.456758397769487
landshuter_allee,lightgbm,autumn_2024,56,2,12.093880365432815,16.0,3.906119634567185
landshuter_allee,lightgbm,autumn_2024,57,2,11.390522123570458,12.0,0.6094778764295423
landshuter_allee,lightgbm,autumn_2024,58,2,10.384738124364223,9.0,1.3847381243642225
landshuter_allee,lightgbm,autumn_2024,59,2,8.704666200529909,10.0,1.2953337994700913
landshuter_allee,lightgbm,autumn_2024,60,2,6.800831428126833,8.0,1.1991685718731668
landshuter_allee,lightgbm,autumn_2024,61,2,6.281085889738557,7.0,0.7189141102614434
landshuter_allee,lightgbm,autumn_2024,62,2,6.1364386681842,7.0,0.8635613318158004
landshuter_allee,lightgbm,autumn_2024,63,2,6.220897052286868,7.0,0.7791029477131319
landshuter_allee,lightgbm,autumn_2024,64,2,6.255932741347717,7.0,0.744067258652283
landshuter_allee,lightgbm,autumn_2024,65,2,7.080208466490009,9.0,1.9197915335099909
landshuter_allee,lightgbm,autumn_2024,66,2,6.9935976825709565,8.0,1.0064023174290435
landshuter_allee,lightgbm,autumn_2024,67,2,6.434480536861468,7.0,0.5655194631385321
landshuter_allee,lightgbm,autumn_2024,68,2,6.874487083563944,8.0,1.1255129164360564
landshuter_allee,lightgbm,autumn_2024,69,2,6.5318194884887735,6.0,0.5318194884887735
landshuter_allee,lightgbm,autumn_2024,70,2,6.238681033276252,6.0,0.23868103327625168
landshuter_allee,lightgbm,autumn_2024,71,2,6.4672864420869836,6.0,0.46728644208698356
landshuter_allee,lightgbm,autumn_2024,72,3,6.486155019332632,7.0,0.5138449806673684
landshuter_allee,lightgbm,autumn_2024,73,3,6.724116068343931,8.0,1.275883931656069
landshuter_allee,lightgbm,autumn_2024,74,3,6.456294156294077,8.0,1.543705843705923
landshuter_allee,lightgbm,autumn_2024,75,3,5.957961319876644,6.0,0.042038680123355654
landshuter_allee,lightgbm,autumn_2024,76,3,5.300183030592214,5.0,0.30018303059221374
landshuter_allee,lightgbm,autumn_2024,77,3,6.065278734446436,6.0,0.06527873444643628
landshuter_allee,lightgbm,autumn_2024,78,3,6.082517056739296,6.0,0.0825170567392961
landshuter_allee,lightgbm,autumn_2024,79,3,5.949275592653892,6.0,0.050724407346107725
landshuter_allee,lightgbm,autumn_2024,80,3,6.1927159486896,7.0,0.8072840513103996
landshuter_allee,lightgbm,autumn_2024,81,3,6.699561346533884,7.0,0.30043865346611565
landshuter_allee,lightgbm,autumn_2024,82,3,5.986703862051273,6.0,0.013296137948726638
landshuter_allee,lightgbm,autumn_2024,83,3,5.284414601491693,6.0,0.7155853985083072
landshuter_allee,lightgbm,autumn_2024,84,3,4.963393147043625,5.0,0.03660685295637478
landshuter_allee,lightgbm,autumn_2024,85,3,4.178154808551302,4.0,0.1781548085513016
landshuter_allee,lightgbm,autumn_2024,86,3,3.2501163209670674,4.0,0.7498836790329326
landshuter_allee,lightgbm,autumn_2024,87,3,2.7154219670718183,4.0,1.2845780329281817
landshuter_allee,lightgbm,autumn_2024,88,3,2.8710831337926055,4.0,1.1289168662073945
landshuter_allee,lightgbm,autumn_2024,89,3,3.741464508114906,5.0,1.2585354918850942
landshuter_allee,lightgbm,autumn_2024,90,3,5.1028030495308805,7.0,1.8971969504691195
landshuter_allee,lightgbm,autumn_2024,91,3,5.738973013231527,6.0,0.26102698676847336
landshuter_allee,lightgbm,autumn_2024,92,3,5.985233288808446,6.0,0.014766711191554371
landshuter_allee,lightgbm,autumn_2024,93,3,5.874933870039731,6.0,0.12506612996026867
landshuter_allee,lightgbm,autumn_2024,94,3,5.904204752920705,6.0,0.09579524707929465
landshuter_allee,lightgbm,autumn_2024,95,3,6.592616754407812,7.0,0.40738324559218775
landshuter_allee,lightgbm,autumn_2024,96,4,7.609345725837831,6.0,1.609345725837831
landshuter_allee,lightgbm,autumn_2024,97,4,8.933080837617036,7.0,1.9330808376170356
landshuter_allee,lightgbm,autumn_2024,98,4,9.402553038456748,7.0,2.402553038456748
landshuter_allee,lightgbm,autumn_2024,99,4,8.893853542172241,6.0,2.8938535421722413
landshuter_allee,lightgbm,autumn_2024,100,4,9.497353485845442,7.0,2.4973534858454425
landshuter_allee,lightgbm,autumn_2024,101,4,9.482164182496433,6.0,3.482164182496433
landshuter_allee,lightgbm,autumn_2024,102,4,8.762487225418983,7.0,1.7624872254189832
landshuter_allee,lightgbm,autumn_2024,103,4,9.100739184846539,7.0,2.100739184846539
landshuter_allee,lightgbm,autumn_2024,104,4,9.194947819815368,6.0,3.1949478198153685
landshuter_allee,lightgbm,autumn_2024,105,4,7.774169113035171,5.0,2.774169113035171
landshuter_allee,lightgbm,autumn_2024,106,4,5.923712888996864,4.0,1.9237128889968638
landshuter_allee,lightgbm,autumn_2024,107,4,5.165213010808937,4.0,1.1652130108089374
landshuter_allee,lightgbm,autumn_2024,108,4,4.48301050751433,4.0,0.4830105075143303
landshuter_allee,lightgbm,autumn_2024,109,4,4.963975610537501,6.0,1.036024389462499
landshuter_allee,lightgbm,autumn_2024,110,4,5.117305293917988,7.0,1.8826947060820123
landshuter_allee,lightgbm,autumn_2024,111,4,5.11711152351797,6.0,0.8828884764820302
landshuter_allee,lightgbm,autumn_2024,112,4,5.8851065259032245,7.0,1.1148934740967755
landshuter_allee,lightgbm,autumn_2024,113,4,6.210884929434151,7.0,0.789115070565849
landshuter_allee,lightgbm,autumn_2024,114,4,7.701727853113574,8.0,0.29827214688642556
landshuter_allee,lightgbm,autumn_2024,115,4,6.63610459784576,5.0,1.63610459784576
landshuter_allee,lightgbm,autumn_2024,116,4,6.34054142749745,6.0,0.34054142749744987
landshuter_allee,lightgbm,autumn_2024,117,4,6.686127226552305,6.0,0.6861272265523048
landshuter_allee,lightgbm,autumn_2024,118,4,7.7172708135739665,8.0,0.2827291864260335
landshuter_allee,lightgbm,autumn_2024,119,4,8.616681745384849,10.0,1.3833182546151512
landshuter_allee,lightgbm,autumn_2024,120,5,9.885545356907063,11.0,1.1144546430929374
landshuter_allee,lightgbm,autumn_2024,121,5,10.831327241724548,11.0,0.16867275827545214
landshuter_allee,lightgbm,autumn_2024,122,5,10.542678947422134,10.0,0.5426789474221341
landshuter_allee,lightgbm,autumn_2024,123,5,7.775907516612377,6.0,1.775907516612377
landshuter_allee,lightgbm,autumn_2024,124,5,6.286536921155147,6.0,0.28653692115514673
landshuter_allee,lightgbm,autumn_2024,125,5,5.376204859069356,5.0,0.37620485906935563
landshuter_allee,lightgbm,autumn_2024,126,5,5.379009868568516,5.0,0.3790098685685157
landshuter_allee,lightgbm,autumn_2024,127,5,5.519853929229852,5.0,0.5198539292298516
landshuter_allee,lightgbm,autumn_2024,128,5,5.278131481097815,4.0,1.278131481097815
landshuter_allee,lightgbm,autumn_2024,129,5,4.900934768667419,4.0,0.900934768667419
landshuter_allee,lightgbm,autumn_2024,130,5,3.8946993825535707,3.0,0.8946993825535707
landshuter_allee,lightgbm,autumn_2024,131,5,2.979929233666541,3.0,0.020070766333458945
landshuter_allee,lightgbm,autumn_2024,132,5,2.4863234267880947,2.0,0.4863234267880947
landshuter_allee,lightgbm,autumn_2024,133,5,1.920087977236831,2.0,0.07991202276316911
landshuter_allee,lightgbm,autumn_2024,134,5,1.8310808778823997,3.0,1.1689191221176003
landshuter_allee,lightgbm,autumn_2024,135,5,2.1022694783804696,2.0,0.10226947838046963
landshuter_allee,lightgbm,autumn_2024,136,5,2.3157757615640437,3.0,0.6842242384359563
landshuter_allee,lightgbm,autumn_2024,137,5,3.2109374067454697,4.0,0.7890625932545303
landshuter_allee,lightgbm,autumn_2024,138,5,3.847839338978262,4.0,0.1521606610217381
landshuter_allee,lightgbm,autumn_2024,139,5,5.511629658804862,7.0,1.4883703411951377
landshuter_allee,lightgbm,autumn_2024,140,5,7.025886192688343,8.0,0.9741138073116566
landshuter_allee,lightgbm,autumn_2024,141,5,7.10521211285967,8.0,0.8947878871403301
landshuter_allee,lightgbm,autumn_2024,142,5,5.9562690382992125,5.0,0.9562690382992125
landshuter_allee,lightgbm,autumn_2024,143,5,4.8462988553424555,4.0,0.8462988553424555
landshuter_allee,lightgbm,autumn_2024,144,6,4.748480848907045,6.0,1.251519151092955
landshuter_allee,lightgbm,autumn_2024,145,6,5.015139513699373,7.0,1.9848604863006267
landshuter_allee,lightgbm,autumn_2024,146,6,4.877838035653976,7.0,2.1221619643460237
landshuter_allee,lightgbm,autumn_2024,147,6,4.573113947128005,6.0,1.4268860528719953
landshuter_allee,lightgbm,autumn_2024,148,6,4.929186369683349,6.0,1.0708136303166507
landshuter_allee,lightgbm,autumn_2024,149,6,5.268293180815457,6.0,0.7317068191845433
landshuter_allee,lightgbm,autumn_2024,150,6,5.771413896994456,6.0,0.2285861030055436
landshuter_allee,lightgbm,autumn_2024,151,6,5.395029951227299,6.0,0.6049700487727012
landshuter_allee,lightgbm,autumn_2024,152,6,5.329550846738078,6.0,0.6704491532619219
landshuter_allee,lightgbm,autumn_2024,153,6,4.812801995657507,6.0,1.187198004342493
landshuter_allee,lightgbm,autumn_2024,154,6,4.4211580014507685,4.0,0.42115800145076854
landshuter_allee,lightgbm,autumn_2024,155,6,3.9787222859648232,3.0,0.9787222859648232
landshuter_allee,lightgbm,autumn_2024,156,6,3.8240039925274125,4.0,0.17599600747258748
landshuter_allee,lightgbm,autumn_2024,157,6,4.105956931743912,3.0,1.1059569317439122
landshuter_allee,lightgbm,autumn_2024,158,6,3.7753482591676852,3.0,0.7753482591676852
landshuter_allee,lightgbm,autumn_2024,159,6,4.201340568353986,3.0,1.2013405683539862
landshuter_allee,lightgbm,autumn_2024,160,6,4.863608170736956,3.0,1.8636081707369563
landshuter_allee,lightgbm,autumn_2024,161,6,5.885915466333996,5.0,0.8859154663339961
landshuter_allee,lightgbm,autumn_2024,162,6,8.782975703305022,7.0,1.7829757033050218
landshuter_allee,lightgbm,autumn_2024,163,6,9.862471080003562,7.0,2.862471080003562
landshuter_allee,lightgbm,autumn_2024,164,6,11.026703988199609,8.0,3.0267039881996087
landshuter_allee,lightgbm,autumn_2024,165,6,11.714671326821893,8.0,3.714671326821893
landshuter_allee,lightgbm,autumn_2024,166,6,12.681039446223458,8.0,4.681039446223458
landshuter_allee,lightgbm,autumn_2024,167,6,12.023096157733066,7.0,5.023096157733066
landshuter_allee,lightgbm,autumn_2024,168,7,11.455400112183847,7.0,4.455400112183847
landshuter_allee,lightgbm,autumn_2024,169,7,11.632682716106384,8.0,3.632682716106384
landshuter_allee,lightgbm,autumn_2024,170,7,11.049690158820882,8.0,3.049690158820882
landshuter_allee,lightgbm,autumn_2024,171,7,9.996525407493824,8.0,1.9965254074938237
landshuter_allee,lightgbm,autumn_2024,172,7,8.69091345118882,7.0,1.6909134511888197
landshuter_allee,lightgbm,autumn_2024,173,7,7.975833223887391,7.0,0.975833223887391
landshuter_allee,lightgbm,autumn_2024,174,7,8.448127399327719,8.0,0.44812739932771883
landshuter_allee,lightgbm,autumn_2024,175,7,9.640277297300655,9.0,0.6402772973006545
landshuter_allee,lightgbm,autumn_2024,176,7,10.32115035454836,8.0,2.32115035454836
landshuter_allee,lightgbm,autumn_2024,177,7,11.029291559700493,9.0,2.029291559700493
landshuter_allee,lightgbm,autumn_2024,178,7,9.953783214306755,8.0,1.953783214306755
landshuter_allee,lightgbm,autumn_2024,179,7,9.31620264430856,8.0,1.3162026443085608
landshuter_allee,lightgbm,autumn_2024,180,7,9.756179376874885,8.0,1.7561793768748846
landshuter_allee,lightgbm,autumn_2024,181,7,8.710257811759838,7.0,1.7102578117598384
landshuter_allee,lightgbm,autumn_2024,182,7,7.6802319170479265,7.0,0.6802319170479265
landshuter_allee,lightgbm,autumn_2024,183,7,8.369978371097,8.0,0.36997837109699994
landshuter_allee,lightgbm,autumn_2024,184,7,8.683549819197264,7.0,1.683549819197264
landshuter_allee,lightgbm,autumn_2024,185,7,7.110021318640441,5.0,2.110021318640441
landshuter_allee,lightgbm,autumn_2024,186,7,8.020074766329335,8.0,0.020074766329335247
landshuter_allee,lightgbm,autumn_2024,187,7,6.63289457027402,5.0,1.6328945702740203
landshuter_allee,lightgbm,autumn_2024,188,7,5.7968419262257695,4.0,1.7968419262257695
landshuter_allee,lightgbm,autumn_2024,189,7,4.744593803749302,4.0,0.7445938037493018
landshuter_allee,lightgbm,autumn_2024,190,7,3.761811028217809,3.0,0.7618110282178092
landshuter_allee,lightgbm,autumn_2024,191,7,2.930005382034537,2.0,0.9300053820345369
landshuter_allee,lightgbm,autumn_2024,192,8,2.4409909047617906,2.0,0.4409909047617906
landshuter_allee,lightgbm,autumn_2024,193,8,1.9658676995511908,2.0,0.034132300448809216
landshuter_allee,lightgbm,autumn_2024,194,8,1.7388560087883016,1.0,0.7388560087883016
landshuter_allee,lightgbm,autumn_2024,195,8,1.6521022501885685,1.0,0.6521022501885685
landshuter_allee,lightgbm,autumn_2024,196,8,1.7652538233021413,1.0,0.7652538233021413
landshuter_allee,lightgbm,autumn_2024,197,8,2.608605740790468,2.0,0.6086057407904679
landshuter_allee,lightgbm,autumn_2024,198,8,3.3217683622961003,2.0,1.3217683622961003
landshuter_allee,lightgbm,autumn_2024,199,8,3.066800925161547,2.0,1.0668009251615471
landshuter_allee,lightgbm,autumn_2024,200,8,2.9319954882978996,2.0,0.9319954882978996
landshuter_allee,lightgbm,autumn_2024,201,8,1.9268593337019657,2.0,0.07314066629803428
landshuter_allee,lightgbm,autumn_2024,202,8,1.655318314322485,1.0,0.655318314322485
landshuter_allee,lightgbm,autumn_2024,203,8,1.809575309334489,2.0,0.19042469066551093
landshuter_allee,lightgbm,autumn_2024,204,8,1.8145112655671953,2.0,0.18548873443280467
landshuter_allee,lightgbm,autumn_2024,205,8,1.6433180644762033,2.0,0.3566819355237967
landshuter_allee,lightgbm,autumn_2024,206,8,1.9303746172081624,2.0,0.06962538279183761
landshuter_allee,lightgbm,autumn_2024,207,8,1.9408417823709339,2.0,0.059158217629066145
landshuter_allee,lightgbm,autumn_2024,208,8,1.9303672764925133,2.0,0.06963272350748673
landshuter_allee,lightgbm,autumn_2024,209,8,2.8309930604792406,3.0,0.1690069395207594
landshuter_allee,lightgbm,autumn_2024,210,8,3.725936636827017,3.0,0.7259366368270168
landshuter_allee,lightgbm,autumn_2024,211,8,4.5715622423545765,4.0,0.5715622423545765
landshuter_allee,lightgbm,autumn_2024,212,8,5.096379054356282,4.0,1.096379054356282
landshuter_allee,lightgbm,autumn_2024,213,8,4.244205600787003,4.0,0.24420560078700326
landshuter_allee,lightgbm,autumn_2024,214,8,4.206501292018512,4.0,0.20650129201851186
landshuter_allee,lightgbm,autumn_2024,215,8,4.147347043771574,4.0,0.14734704377157382
landshuter_allee,lightgbm,autumn_2024,216,9,3.9064855938003435,5.0,1.0935144061996565
landshuter_allee,lightgbm,autumn_2024,217,9,4.016806604803558,6.0,1.9831933951964418
landshuter_allee,lightgbm,autumn_2024,218,9,4.086021224991685,5.0,0.9139787750083146
landshuter_allee,lightgbm,autumn_2024,219,9,3.5812019207500096,4.0,0.41879807924999035
landshuter_allee,lightgbm,autumn_2024,220,9,3.98940898235932,4.0,0.010591017640679823
landshuter_allee,lightgbm,autumn_2024,221,9,3.62367474270166,4.0,0.37632525729834
landshuter_allee,lightgbm,autumn_2024,222,9,3.5276172101159644,3.0,0.5276172101159644
landshuter_allee,lightgbm,autumn_2024,223,9,3.3892329293726604,3.0,0.3892329293726604
landshuter_allee,lightgbm,autumn_2024,224,9,3.28416904230004,4.0,0.7158309576999602
landshuter_allee,lightgbm,autumn_2024,225,9,3.108150475098728,4.0,0.8918495249012719
landshuter_allee,lightgbm,autumn_2024,226,9,3.2742083649576377,4.0,0.7257916350423623
landshuter_allee,lightgbm,autumn_2024,227,9,3.0564376288360955,4.0,0.9435623711639045
landshuter_allee,lightgbm,autumn_2024,228,9,3.16855899904061,3.0,0.16855899904060978
landshuter_allee,lightgbm,autumn_2024,229,9,3.1135925102377575,3.0,0.11359251023775752
landshuter_allee,lightgbm,autumn_2024,230,9,3.310135351604246,3.0,0.310135351604246
landshuter_allee,lightgbm,autumn_2024,231,9,3.919625915321962,4.0,0.08037408467803786
landshuter_allee,lightgbm,autumn_2024,232,9,4.68113151070735,5.0,0.3188684892926501
landshuter_allee,lightgbm,autumn_2024,233,9,6.193164326735882,6.0,0.19316432673588224
landshuter_allee,lightgbm,autumn_2024,234,9,6.471167029134602,6.0,0.47116702913460173
landshuter_allee,lightgbm,autumn_2024,235,9,5.21684242258203,3.0,2.2168424225820296
landshuter_allee,lightgbm,autumn_2024,236,9,4.039376664596241,3.0,1.039376664596241
landshuter_allee,lightgbm,autumn_2024,237,9,3.632140287412818,4.0,0.36785971258718186
landshuter_allee,lightgbm,autumn_2024,238,9,3.6823992003313246,3.0,0.6823992003313246
landshuter_allee,lightgbm,autumn_2024,239,9,3.0758445103829675,2.0,1.0758445103829675
landshuter_allee,lightgbm,autumn_2024,240,10,2.6851676437834278,2.0,0.6851676437834278
landshuter_allee,lightgbm,autumn_2024,241,10,2.795002401879092,1.0,1.795002401879092
landshuter_allee,lightgbm,autumn_2024,242,10,2.6541843113368992,1.0,1.6541843113368992
landshuter_allee,lightgbm,autumn_2024,243,10,2.6768201960334874,0.9,1.7768201960334875
landshuter_allee,lightgbm,autumn_2024,244,10,2.8747685971873307,1.0,1.8747685971873307
landshuter_allee,lightgbm,autumn_2024,245,10,3.561870918716451,1.0,2.561870918716451
landshuter_allee,lightgbm,autumn_2024,246,10,4.355312858200795,2.0,2.3553128582007954
landshuter_allee,lightgbm,autumn_2024,247,10,4.782064908512521,2.0,2.7820649085125213
landshuter_allee,lightgbm,autumn_2024,248,10,4.402328934205465,2.0,2.402328934205465
landshuter_allee,lightgbm,autumn_2024,249,10,4.627488211849228,2.0,2.6274882118492284
landshuter_allee,lightgbm,autumn_2024,250,10,4.552996490823199,2.0,2.5529964908231992
landshuter_allee,lightgbm,autumn_2024,251,10,4.277263179088271,2.0,2.277263179088271
landshuter_allee,lightgbm,autumn_2024,252,10,4.444883192577969,2.0,2.4448831925779686
landshuter_allee,lightgbm,autumn_2024,253,10,4.046086301872041,2.0,2.046086301872041
landshuter_allee,lightgbm,autumn_2024,254,10,4.067498348340072,2.0,2.067498348340072
landshuter_allee,lightgbm,autumn_2024,255,10,4.239042105287908,3.0,1.2390421052879077
landshuter_allee,lightgbm,autumn_2024,256,10,4.778631997227772,2.0,2.778631997227772
landshuter_allee,lightgbm,autumn_2024,257,10,5.293405008194361,3.0,2.2934050081943607
landshuter_allee,lightgbm,autumn_2024,258,10,6.495105308553571,4.0,2.495105308553571
landshuter_allee,lightgbm,autumn_2024,259,10,7.94676324169595,5.0,2.94676324169595
landshuter_allee,lightgbm,autumn_2024,260,10,8.911239742148437,6.0,2.911239742148437
landshuter_allee,lightgbm,autumn_2024,261,10,9.797852861772627,7.0,2.7978528617726273
landshuter_allee,lightgbm,autumn_2024,262,10,10.119641510890974,7.0,3.1196415108909736
landshuter_allee,lightgbm,autumn_2024,263,10,9.046262848425691,6.0,3.046262848425691
landshuter_allee,lightgbm,autumn_2024,264,11,7.448813120290949,5.0,2.448813120290949
landshuter_allee,lightgbm,autumn_2024,265,11,7.2581690778910986,4.0,3.2581690778910986
landshuter_allee,lightgbm,autumn_2024,266,11,7.926918818854462,5.0,2.926918818854462
landshuter_allee,lightgbm,autumn_2024,267,11,7.81772097893886,4.0,3.81772097893886
landshuter_allee,lightgbm,autumn_2024,268,11,7.779945491768276,4.0,3.7799454917682764
landshuter_allee,lightgbm,autumn_2024,269,11,7.590738696334611,4.0,3.5907386963346113
landshuter_allee,lightgbm,autumn_2024,270,11,7.590050485878057,5.0,2.5900504858780566
landshuter_allee,lightgbm,autumn_2024,271,11,7.194102591162642,4.0,3.1941025911626424
landshuter_allee,lightgbm,autumn_2024,272,11,5.82679249622078,3.0,2.82679249622078
landshuter_allee,lightgbm,autumn_2024,273,11,4.5637955285377725,2.0,2.5637955285377725
landshuter_allee,lightgbm,autumn_2024,274,11,4.221171158189871,2.0,2.221171158189871
landshuter_allee,lightgbm,autumn_2024,275,11,3.873452354443686,2.0,1.8734523544436859
landshuter_allee,lightgbm,autumn_2024,276,11,3.2423848878930426,2.0,1.2423848878930426
landshuter_allee,lightgbm,autumn_2024,277,11,2.6373867182622113,3.0,0.36261328173778873
landshuter_allee,lightgbm,autumn_2024,278,11,3.2561146237762784,3.0,0.25611462377627836
landshuter_allee,lightgbm,autumn_2024,279,11,3.577675224095793,4.0,0.4223247759042068
landshuter_allee,lightgbm,autumn_2024,280,11,5.29745704000811,5.0,0.29745704000811024
landshuter_allee,lightgbm,autumn_2024,281,11,8.727854868637147,10.0,1.2721451313628531
landshuter_allee,lightgbm,autumn_2024,282,11,11.503876852037003,12.0,0.4961231479629973
landshuter_allee,lightgbm,autumn_2024,283,11,12.763862009860482,12.0,0.7638620098604818
landshuter_allee,lightgbm,autumn_2024,284,11,10.340777851223217,8.0,2.3407778512232174
landshuter_allee,lightgbm,autumn_2024,285,11,7.056220615347258,6.0,1.0562206153472582
landshuter_allee,lightgbm,autumn_2024,286,11,5.391265854226526,5.0,0.3912658542265257
landshuter_allee,lightgbm,autumn_2024,287,11,5.334384861258267,6.0,0.6656151387417326
landshuter_allee,lightgbm,autumn_2024,288,12,5.3162249416231795,5.0,0.3162249416231795
landshuter_allee,lightgbm,autumn_2024,289,12,4.8315614961652935,3.0,1.8315614961652935
landshuter_allee,lightgbm,autumn_2024,290,12,3.8446574196367265,2.0,1.8446574196367265
landshuter_allee,lightgbm,autumn_2024,291,12,2.966920296954753,2.0,0.9669202969547528
landshuter_allee,lightgbm,autumn_2024,292,12,2.4964936750205573,2.0,0.4964936750205573
landshuter_allee,lightgbm,autumn_2024,293,12,1.8574861281059134,2.0,0.1425138718940866
landshuter_allee,lightgbm,autumn_2024,294,12,1.7713320165300306,2.0,0.22866798346996942
landshuter_allee,lightgbm,autumn_2024,295,12,1.7204301516450689,2.0,0.27956984835493115
landshuter_allee,lightgbm,autumn_2024,296,12,1.974247716875184,2.0,0.025752283124816033
landshuter_allee,lightgbm,autumn_2024,297,12,2.615647864772437,3.0,0.3843521352275632
landshuter_allee,lightgbm,autumn_2024,298,12,3.464092154822495,4.0,0.5359078451775048
landshuter_allee,lightgbm,autumn_2024,299,12,3.749675806841175,5.0,1.250324193158825
landshuter_allee,lightgbm,autumn_2024,300,12,4.457467564609327,5.0,0.5425324353906733
landshuter_allee,lightgbm,autumn_2024,301,12,4.971557993649228,4.0,0.9715579936492276
landshuter_allee,lightgbm,autumn_2024,302,12,4.604362528433033,3.0,1.6043625284330334
landshuter_allee,lightgbm,autumn_2024,303,12,4.414525880230703,3.0,1.4145258802307028
landshuter_allee,lightgbm,autumn_2024,304,12,4.739680997845441,3.0,1.7396809978454408
landshuter_allee,lightgbm,autumn_2024,305,12,5.217220211853994,3.0,2.217220211853994
landshuter_allee,lightgbm,autumn_2024,306,12,5.54798600221658,4.0,1.5479860022165797
landshuter_allee,lightgbm,autumn_2024,307,12,6.940726781036189,5.0,1.9407267810361892
landshuter_allee,lightgbm,autumn_2024,308,12,7.091431927010192,4.0,3.091431927010192
landshuter_allee,lightgbm,autumn_2024,309,12,7.090431485083984,4.0,3.0904314850839842
landshuter_allee,lightgbm,autumn_2024,310,12,6.788645061241218,4.0,2.788645061241218
landshuter_allee,lightgbm,autumn_2024,311,12,6.401048182577082,3.0,3.4010481825770817
landshuter_allee,lightgbm,autumn_2024,312,13,5.990896508611288,3.0,2.9908965086112884
landshuter_allee,lightgbm,autumn_2024,313,13,4.9487325684116135,3.0,1.9487325684116135
landshuter_allee,lightgbm,autumn_2024,314,13,4.368220402218854,3.0,1.3682204022188538
landshuter_allee,lightgbm,autumn_2024,315,13,4.4529990334037715,4.0,0.45299903340377146
landshuter_allee,lightgbm,autumn_2024,316,13,4.307585033862946,5.0,0.6924149661370542
landshuter_allee,lightgbm,autumn_2024,317,13,5.31844992349768,6.0,0.6815500765023197
landshuter_allee,lightgbm,autumn_2024,318,13,7.069178093146398,7.0,0.06917809314639811
landshuter_allee,lightgbm,autumn_2024,319,13,7.236618152993216,9.0,1.7633818470067837
landshuter_allee,lightgbm,autumn_2024,320,13,7.362463766092508,8.0,0.6375362339074924
landshuter_allee,lightgbm,autumn_2024,321,13,6.85614785487314,7.0,0.14385214512685973
landshuter_allee,lightgbm,autumn_2024,322,13,5.9739993398144575,6.0,0.02600066018554248
landshuter_allee,lightgbm,autumn_2024,323,13,6.27449388884537,6.0,0.2744938888453703
landshuter_allee,lightgbm,autumn_2024,324,13,7.496711511613271,8.0,0.5032884883867288
landshuter_allee,lightgbm,autumn_2024,325,13,7.792184484845573,7.0,0.7921844848455732
landshuter_allee,lightgbm,autumn_2024,326,13,10.39369974278911,9.0,1.39369974278911
landshuter_allee,lightgbm,autumn_2024,327,13,13.424600958509576,11.0,2.4246009585095756
landshuter_allee,lightgbm,autumn_2024,328,13,15.577789152632254,13.0,2.5777891526322545
landshuter_allee,lightgbm,autumn_2024,329,13,15.930400804608515,13.0,2.9304008046085155
landshuter_allee,lightgbm,autumn_2024,330,13,15.918787389469722,14.0,1.9187873894697223
landshuter_allee,lightgbm,autumn_2024,331,13,14.35036950595917,13.0,1.3503695059591703
landshuter_allee,lightgbm,autumn_2024,332,13,8.463258292877141,8.0,0.46325829287714093
landshuter_allee,lightgbm,autumn_2024,333,13,4.857691124010802,6.0,1.1423088759891984
landshuter_allee,lightgbm,autumn_2024,334,13,6.674263992131191,8.0,1.3257360078688087
landshuter_allee,lightgbm,autumn_2024,335,13,9.199247571364761,10.0,0.8007524286352385
landshuter_allee,lightgbm,autumn_2024,336,14,10.803316067281807,9.0,1.8033160672818074
landshuter_allee,lightgbm,autumn_2024,337,14,10.858912980989443,8.0,2.8589129809894427
landshuter_allee,lightgbm,autumn_2024,338,14,11.51963293543862,8.0,3.5196329354386204
landshuter_allee,lightgbm,autumn_2024,339,14,11.601806968728642,8.0,3.601806968728642
landshuter_allee,lightgbm,autumn_2024,340,14,11.772739413169896,8.0,3.772739413169896
landshuter_allee,lightgbm,autumn_2024,341,14,13.298996047578198,10.0,3.298996047578198
landshuter_allee,lightgbm,autumn_2024,342,14,16.81002196570171,14.0,2.8100219657017114
landshuter_allee,lightgbm,autumn_2024,343,14,18.965993554953307,15.0,3.9659935549533074
landshuter_allee,lightgbm,autumn_2024,344,14,20.117300200423145,17.0,3.117300200423145
landshuter_allee,lightgbm,autumn_2024,345,14,20.283199453875373,17.0,3.2831994538753726
landshuter_allee,lightgbm,autumn_2024,346,14,17.96876899618138,14.0,3.9687689961813817
landshuter_allee,lightgbm,autumn_2024,347,14,14.767651676274442,11.0,3.7676516762744416
landshuter_allee,lightgbm,autumn_2024,348,14,11.13610921863262,8.0,3.1361092186326207
landshuter_allee,lightgbm,autumn_2024,349,14,9.212564943378238,8.0,1.2125649433782382
landshuter_allee,lightgbm,autumn_2024,350,14,8.972058378019321,7.0,1.9720583780193213
landshuter_allee,lightgbm,autumn_2024,351,14,8.636966782177932,8.0,0.6369667821779323
landshuter_allee,lightgbm,autumn_2024,352,14,8.47798889883649,9.0,0.5220111011635105
landshuter_allee,lightgbm,autumn_2024,353,14,9.214958886078945,10.0,0.7850411139210554
landshuter_allee,lightgbm,autumn_2024,354,14,9.5892260877653,9.0,0.5892260877653008
landshuter_allee,lightgbm,autumn_2024,355,14,9.717978636833157,8.0,1.7179786368331573
landshuter_allee,lightgbm,autumn_2024,356,14,9.786740666014905,8.0,1.7867406660149054
landshuter_allee,lightgbm,autumn_2024,357,14,9.378316752704292,7.0,2.3783167527042917
landshuter_allee,lightgbm,autumn_2024,358,14,8.880825644719064,7.0,1.8808256447190637
landshuter_allee,lightgbm,autumn_2024,359,14,8.71422009201548,8.0,0.7142200920154806
landshuter_allee,lightgbm,autumn_2024,360,15,8.120366704729479,8.0,0.12036670472947897
landshuter_allee,lightgbm,autumn_2024,361,15,7.64266576893619,7.0,0.6426657689361903
landshuter_allee,lightgbm,autumn_2024,362,15,7.259859275730316,6.0,1.2598592757303164
landshuter_allee,lightgbm,autumn_2024,363,15,6.637214818090683,5.0,1.6372148180906834
landshuter_allee,lightgbm,autumn_2024,364,15,6.787728052730649,5.0,1.7877280527306487
landshuter_allee,lightgbm,autumn_2024,365,15,6.79763395951524,6.0,0.79763395951524
landshuter_allee,lightgbm,autumn_2024,366,15,6.822276592010995,6.0,0.8222765920109953
landshuter_allee,lightgbm,autumn_2024,367,15,6.589743769868376,6.0,0.5897437698683756
landshuter_allee,lightgbm,autumn_2024,368,15,6.547809822969296,5.0,1.5478098229692963
landshuter_allee,lightgbm,autumn_2024,369,15,5.981459115309521,5.0,0.9814591153095211
landshuter_allee,lightgbm,autumn_2024,370,15,5.627834629233203,4.0,1.6278346292332033
landshuter_allee,lightgbm,autumn_2024,371,15,5.94745266172959,5.0,0.9474526617295904
landshuter_allee,lightgbm,autumn_2024,372,15,5.527281143790527,5.0,0.5272811437905274
landshuter_allee,lightgbm,autumn_2024,373,15,5.816202082368066,5.0,0.8162020823680658
landshuter_allee,lightgbm,autumn_2024,374,15,5.475910118359806,5.0,0.47591011835980623
landshuter_allee,lightgbm,autumn_2024,375,15,5.94647315510218,5.0,0.9464731551021801
landshuter_allee,lightgbm,autumn_2024,376,15,6.027034270070056,5.0,1.0270342700700557
landshuter_allee,lightgbm,autumn_2024,377,15,6.544479452319615,6.0,0.5444794523196146
landshuter_allee,lightgbm,autumn_2024,378,15,7.63888043933405,7.0,0.6388804393340504
landshuter_allee,lightgbm,autumn_2024,379,15,8.414467367852842,8.0,0.41446736785284166
landshuter_allee,lightgbm,autumn_2024,380,15,8.516395864967905,8.0,0.5163958649679046
landshuter_allee,lightgbm,autumn_2024,381,15,8.341656395929048,8.0,0.3416563959290482
landshuter_allee,lightgbm,autumn_2024,382,15,8.440433693544117,8.0,0.4404336935441169
landshuter_allee,lightgbm,autumn_2024,383,15,8.453794180738974,8.0,0.45379418073897426
landshuter_allee,lightgbm,autumn_2024,384,16,9.23963361398481,8.0,1.2396336139848092
landshuter_allee,lightgbm,autumn_2024,385,16,10.48382548121243,8.0,2.4838254812124294
landshuter_allee,lightgbm,autumn_2024,386,16,10.707385805441112,8.0,2.7073858054411115
landshuter_allee,lightgbm,autumn_2024,387,16,11.39062550054277,8.0,3.39062550054277
landshuter_allee,lightgbm,autumn_2024,388,16,12.071236948170483,8.0,4.071236948170483
landshuter_allee,lightgbm,autumn_2024,389,16,12.387456494258009,8.0,4.387456494258009
landshuter_allee,lightgbm,autumn_2024,390,16,14.206762859526126,10.0,4.206762859526126
landshuter_allee,lightgbm,autumn_2024,391,16,15.649498854216871,11.0,4.649498854216871
landshuter_allee,lightgbm,autumn_2024,392,16,16.374419986872997,12.0,4.374419986872997
landshuter_allee,lightgbm,autumn_2024,393,16,15.972645547731284,13.0,2.9726455477312843
landshuter_allee,lightgbm,autumn_2024,394,16,15.142800435050926,12.0,3.142800435050926
landshuter_allee,lightgbm,autumn_2024,395,16,13.681699652310469,11.0,2.681699652310469
landshuter_allee,lightgbm,autumn_2024,396,16,11.742110122400831,9.0,2.742110122400831
landshuter_allee,lightgbm,autumn_2024,397,16,8.934454178614716,7.0,1.9344541786147165
landshuter_allee,lightgbm,autumn_2024,398,16,8.57121556305088,7.0,1.5712155630508793
landshuter_allee,lightgbm,autumn_2024,399,16,8.648645666281148,8.0,0.6486456662811477
landshuter_allee,lightgbm,autumn_2024,400,16,9.112794635884866,8.0,1.1127946358848657
landshuter_allee,lightgbm,autumn_2024,401,16,11.308814037367561,9.0,2.3088140373675614
landshuter_allee,lightgbm,autumn_2024,402,16,13.022899992838875,10.0,3.022899992838875
landshuter_allee,lightgbm,autumn_2024,403,16,14.149488466898664,11.0,3.1494884668986636
landshuter_allee,lightgbm,autumn_2024,404,16,14.395805675355916,11.0,3.3958056753559163
landshuter_allee,lightgbm,autumn_2024,405,16,14.721844361412701,11.0,3.7218443614127015
landshuter_allee,lightgbm,autumn_2024,406,16,14.667156410515824,11.0,3.6671564105158243
landshuter_allee,lightgbm,autumn_2024,407,16,14.165610480433054,10.0,4.165610480433054
landshuter_allee,lightgbm,autumn_2024,408,17,14.038151556580068,10.0,4.038151556580068
landshuter_allee,lightgbm,autumn_2024,409,17,14.833535823908521,11.0,3.8335358239085213
landshuter_allee,lightgbm,autumn_2024,410,17,15.603958678356602,12.0,3.6039586783566016
landshuter_allee,lightgbm,autumn_2024,411,17,16.48378191380856,12.0,4.48378191380856
landshuter_allee,lightgbm,autumn_2024,412,17,16.40122059094203,12.0,4.401220590942032
landshuter_allee,lightgbm,autumn_2024,413,17,16.435464230664667,12.0,4.435464230664667
landshuter_allee,lightgbm,autumn_2024,414,17,17.15281250743306,11.0,6.152812507433062
landshuter_allee,lightgbm,autumn_2024,415,17,16.796496910831603,11.0,5.796496910831603
landshuter_allee,lightgbm,autumn_2024,416,17,17.411538382158593,12.0,5.411538382158593
landshuter_allee,lightgbm,autumn_2024,417,17,17.87779691145686,13.0,4.8777969114568585
landshuter_allee,lightgbm,autumn_2024,418,17,17.690258306595666,15.0,2.6902583065956662
landshuter_allee,lightgbm,autumn_2024,419,17,18.32201489310321,16.0,2.3220148931032085
landshuter_allee,lightgbm,autumn_2024,420,17,19.543500919645602,17.0,2.543500919645602
landshuter_allee,lightgbm,autumn_2024,421,17,19.558629280371647,16.0,3.5586292803716475
landshuter_allee,lightgbm,autumn_2024,422,17,17.997201964239682,13.0,4.997201964239682
landshuter_allee,lightgbm,autumn_2024,423,17,17.153643775758194,14.0,3.1536437757581943
landshuter_allee,lightgbm,autumn_2024,424,17,18.85487407071445,18.0,0.8548740707144518
landshuter_allee,lightgbm,autumn_2024,425,17,22.539124306450933,22.0,0.5391243064509332
landshuter_allee,lightgbm,autumn_2024,426,17,24.56014880372554,22.0,2.5601488037255393
landshuter_allee,lightgbm,autumn_2024,427,17,24.186451088163547,21.0,3.1864510881635475
landshuter_allee,lightgbm,autumn_2024,428,17,22.573752517302818,21.0,1.5737525173028182
landshuter_allee,lightgbm,autumn_2024,429,17,22.186646762762873,22.0,0.18664676276287295
landshuter_allee,lightgbm,autumn_2024,430,17,18.850889527738598,17.0,1.8508895277385982
landshuter_allee,lightgbm,autumn_2024,431,17,15.848080021259008,16.0,0.15191997874099172
landshuter_allee,lightgbm,autumn_2024,432,18,11.918808336319204,12.0,0.08119166368079611
landshuter_allee,lightgbm,autumn_2024,433,18,9.749107740689741,8.0,1.749107740689741
landshuter_allee,lightgbm,autumn_2024,434,18,7.815689971323019,6.0,1.8156899713230192
landshuter_allee,lightgbm,autumn_2024,435,18,6.90841246081847,6.0,0.9084124608184698
landshuter_allee,lightgbm,autumn_2024,436,18,6.518462998775883,5.0,1.5184629987758829
landshuter_allee,lightgbm,autumn_2024,437,18,6.259957232815215,5.0,1.259957232815215
landshuter_allee,lightgbm,autumn_2024,438,18,6.439108559076314,5.0,1.4391085590763142
landshuter_allee,lightgbm,autumn_2024,439,18,6.755697493926759,5.0,1.7556974939267587
landshuter_allee,lightgbm,autumn_2024,440,18,6.8130397273330106,5.0,1.8130397273330106
landshuter_allee,lightgbm,autumn_2024,441,18,5.9362929199673,5.0,0.9362929199672996
landshuter_allee,lightgbm,autumn_2024,442,18,5.665364351885474,6.0,0.33463564811452606
landshuter_allee,lightgbm,autumn_2024,443,18,5.8166964779781685,7.0,1.1833035220218315
landshuter_allee,lightgbm,autumn_2024,444,18,5.846586179448297,7.0,1.1534138205517026
landshuter_allee,lightgbm,autumn_2024,445,18,5.844526073812817,6.0,0.1554739261871827
landshuter_allee,lightgbm,autumn_2024,446,18,6.3596875146633085,8.0,1.6403124853366915
landshuter_allee,lightgbm,autumn_2024,447,18,8.396817683554033,12.0,3.6031823164459666
landshuter_allee,lightgbm,autumn_2024,448,18,11.014331581164793,14.0,2.985668418835207
landshuter_allee,lightgbm,autumn_2024,449,18,13.01319356752248,14.0,0.9868064324775201
landshuter_allee,lightgbm,autumn_2024,450,18,15.268773051032058,15.0,0.26877305103205806
landshuter_allee,lightgbm,autumn_2024,451,18,17.887667643111275,15.0,2.887667643111275
landshuter_allee,lightgbm,autumn_2024,452,18,18.11062143590789,15.0,3.110621435907891
landshuter_allee,lightgbm,autumn_2024,453,18,18.103873728024773,15.0,3.103873728024773
landshuter_allee,lightgbm,autumn_2024,454,18,19.253662344591945,17.0,2.2536623445919446
landshuter_allee,lightgbm,autumn_2024,455,18,19.537068433269454,16.0,3.5370684332694537
landshuter_allee,lightgbm,autumn_2024,456,19,19.858950253317186,18.0,1.858950253317186
landshuter_allee,lightgbm,autumn_2024,457,19,20.549365917987355,20.0,0.5493659179873553
landshuter_allee,lightgbm,autumn_2024,458,19,20.74737218851365,19.0,1.7473721885136513
landshuter_allee,lightgbm,autumn_2024,459,19,21.103161418402717,20.0,1.103161418402717
landshuter_allee,lightgbm,autumn_2024,460,19,21.94420303712255,21.0,0.9442030371225485
landshuter_allee,lightgbm,autumn_2024,461,19,22.776668055901755,22.0,0.7766680559017551
landshuter_allee,lightgbm,autumn_2024,462,19,21.287220151892786,19.0,2.287220151892786
landshuter_allee,lightgbm,autumn_2024,463,19,20.300782828361598,18.0,2.300782828361598
landshuter_allee,lightgbm,autumn_2024,464,19,19.181233931233688,16.0,3.181233931233688
landshuter_allee,lightgbm,autumn_2024,465,19,15.533246795736465,12.0,3.5332467957364653
landshuter_allee,lightgbm,autumn_2024,466,19,12.566818041086298,10.0,2.5668180410862984
landshuter_allee,lightgbm,autumn_2024,467,19,10.073228483792665,8.0,2.073228483792665
landshuter_allee,lightgbm,autumn_2024,468,19,8.740890231617108,8.0,0.740890231617108
landshuter_allee,lightgbm,autumn_2024,469,19,7.073722557162406,7.0,0.07372255716240605
landshuter_allee,lightgbm,autumn_2024,470,19,7.565469160673182,8.0,0.43453083932681835
landshuter_allee,lightgbm,autumn_2024,471,19,7.868526194011544,8.0,0.13147380598845615
landshuter_allee,lightgbm,autumn_2024,472,19,8.176343290637222,8.0,0.17634329063722198
landshuter_allee,lightgbm,autumn_2024,473,19,9.17295495568374,9.0,0.17295495568374086
landshuter_allee,lightgbm,autumn_2024,474,19,10.173755471346462,9.0,1.1737554713464622
landshuter_allee,lightgbm,autumn_2024,475,19,9.905946528362971,8.0,1.9059465283629713
landshuter_allee,lightgbm,autumn_2024,476,19,10.683772907226631,12.0,1.316227092773369
landshuter_allee,lightgbm,autumn_2024,477,19,11.05409471484597,11.0,0.05409471484597006
landshuter_allee,lightgbm,autumn_2024,478,19,11.248384012228797,12.0,0.7516159877712028
landshuter_allee,lightgbm,autumn_2024,479,19,12.514579461464475,12.0,0.514579461464475
landshuter_allee,lightgbm,autumn_2024,480,20,12.369895138327802,11.0,1.3698951383278022
landshuter_allee,lightgbm,autumn_2024,481,20,11.352645793969584,9.0,2.352645793969584
landshuter_allee,lightgbm,autumn_2024,482,20,8.69934676251747,6.0,2.69934676251747
landshuter_allee,lightgbm,autumn_2024,483,20,5.983705050554934,4.0,1.983705050554934
landshuter_allee,lightgbm,autumn_2024,484,20,4.905654725712561,4.0,0.9056547257125613
landshuter_allee,lightgbm,autumn_2024,485,20,4.489930011863909,4.0,0.48993001186390917
landshuter_allee,lightgbm,autumn_2024,486,20,5.076821978702224,4.0,1.076821978702224
landshuter_allee,lightgbm,autumn_2024,487,20,5.376745705351703,4.0,1.376745705351703
landshuter_allee,lightgbm,autumn_2024,488,20,5.922893905767502,5.0,0.9228939057675021
landshuter_allee,lightgbm,autumn_2024,489,20,5.82654445233195,6.0,0.17345554766805016
landshuter_allee,lightgbm,autumn_2024,490,20,5.895484656646543,8.0,2.104515343353457
landshuter_allee,lightgbm,autumn_2024,491,20,6.563715248986006,8.0,1.4362847510139938
landshuter_allee,lightgbm,autumn_2024,492,20,7.467669799383435,9.0,1.532330200616565
landshuter_allee,lightgbm,autumn_2024,493,20,8.95803276707496,11.0,2.0419672329250407
landshuter_allee,lightgbm,autumn_2024,494,20,10.144198031817423,12.0,1.8558019681825773
landshuter_allee,lightgbm,autumn_2024,495,20,12.336709352177856,13.0,0.6632906478221443
landshuter_allee,lightgbm,autumn_2024,496,20,14.680034386806541,13.0,1.6800343868065415
landshuter_allee,lightgbm,autumn_2024,497,20,19.32601107749125,16.0,3.3260110774912484
landshuter_allee,lightgbm,autumn_2024,498,20,22.491741244568157,18.0,4.491741244568157
landshuter_allee,lightgbm,autumn_2024,499,20,25.627573872572924,21.0,4.627573872572924
landshuter_allee,lightgbm,autumn_2024,500,20,27.626227674480152,22.0,5.626227674480152
landshuter_allee,lightgbm,autumn_2024,501,20,25.744235882437966,20.0,5.744235882437966
landshuter_allee,lightgbm,autumn_2024,502,20,23.116468588430607,19.0,4.116468588430607
landshuter_allee,lightgbm,autumn_2024,503,20,17.935604578812736,16.0,1.935604578812736
landshuter_allee,lightgbm,autumn_2024,504,21,12.849308814541226,12.0,0.8493088145412262
landshuter_allee,lightgbm,autumn_2024,505,21,8.11200167664838,9.0,0.8879983233516207
landshuter_allee,lightgbm,autumn_2024,506,21,6.070999692564172,6.0,0.07099969256417182
landshuter_allee,lightgbm,autumn_2024,507,21,5.318168106662772,6.0,0.681831893337228
landshuter_allee,lightgbm,autumn_2024,508,21,5.671982587729473,5.0,0.671982587729473
landshuter_allee,lightgbm,autumn_2024,509,21,5.8252864372351025,5.0,0.8252864372351025
landshuter_allee,lightgbm,autumn_2024,510,21,5.451902176567882,5.0,0.4519021765678817
landshuter_allee,lightgbm,autumn_2024,511,21,5.679892162801574,6.0,0.3201078371984263
landshuter_allee,lightgbm,autumn_2024,512,21,6.112045676342642,6.0,0.11204567634264162
landshuter_allee,lightgbm,autumn_2024,513,21,6.544747494171504,7.0,0.4552525058284962
landshuter_allee,lightgbm,autumn_2024,514,21,6.452913050155015,7.0,0.5470869498449851
landshuter_allee,lightgbm,autumn_2024,515,21,6.3894455558143886,6.0,0.38944555581438856
landshuter_allee,lightgbm,autumn_2024,516,21,6.819634739546959,7.0,0.18036526045304058
landshuter_allee,lightgbm,autumn_2024,517,21,6.708407152079887,8.0,1.2915928479201133
landshuter_allee,lightgbm,autumn_2024,518,21,6.6183247076217855,7.0,0.3816752923782145
landshuter_allee,lightgbm,autumn_2024,519,21,7.020125422296597,7.0,0.020125422296596973
landshuter_allee,lightgbm,autumn_2024,520,21,7.525342177996875,8.0,0.4746578220031248
landshuter_allee,lightgbm,autumn_2024,521,21,9.446402201436298,10.0,0.5535977985637022
landshuter_allee,lightgbm,autumn_2024,522,21,9.548852578664416,9.0,0.5488525786644161
landshuter_allee,lightgbm,autumn_2024,523,21,9.863902090324974,9.0,0.8639020903249737
landshuter_allee,lightgbm,autumn_2024,524,21,10.84181812180899,11.0,0.15818187819101048
landshuter_allee,lightgbm,autumn_2024,525,21,10.998122133255558,11.0,0.0018778667444419028
landshuter_allee,lightgbm,autumn_2024,526,21,11.085425025960891,11.0,0.08542502596089108
landshuter_allee,lightgbm,autumn_2024,527,21,11.066729074799584,11.0,0.0667290747995839
landshuter_allee,lightgbm,autumn_2024,528,22,10.996253961684555,11.0,0.003746038315444622
landshuter_allee,lightgbm,autumn_2024,529,22,11.020826026943446,12.0,0.9791739730565538
landshuter_allee,lightgbm,autumn_2024,530,22,11.361449674874287,12.0,0.6385503251257134
landshuter_allee,lightgbm,autumn_2024,531,22,12.383941268520235,13.0,0.6160587314797645
landshuter_allee,lightgbm,autumn_2024,532,22,11.915605935634861,12.0,0.08439406436513863
landshuter_allee,lightgbm,autumn_2024,533,22,11.037623455449607,10.0,1.0376234554496069
landshuter_allee,lightgbm,autumn_2024,534,22,10.450294835404362,10.0,0.4502948354043621
landshuter_allee,lightgbm,autumn_2024,535,22,8.709322441913748,7.0,1.7093224419137485
landshuter_allee,lightgbm,autumn_2024,536,22,7.378715519702977,7.0,0.37871551970297723
landshuter_allee,lightgbm,autumn_2024,537,22,7.591823092064302,7.0,0.5918230920643017
landshuter_allee,lightgbm,autumn_2024,538,22,8.208869211488217,7.0,1.2088692114882171
landshuter_allee,lightgbm,autumn_2024,539,22,8.35996551783158,7.0,1.3599655178315793
landshuter_allee,lightgbm,autumn_2024,540,22,8.81849919247466,8.0,0.8184991924746594
landshuter_allee,lightgbm,autumn_2024,541,22,9.26798847770025,9.0,0.2679884777002499
landshuter_allee,lightgbm,autumn_2024,542,22,9.810652975101329,8.0,1.8106529751013287
landshuter_allee,lightgbm,autumn_2024,543,22,8.440455258322205,5.0,3.4404552583222046
landshuter_allee,lightgbm,autumn_2024,544,22,7.211724652748733,5.0,2.2117246527487326
landshuter_allee,lightgbm,autumn_2024,545,22,6.9104472686688965,5.0,1.9104472686688965
landshuter_allee,lightgbm,autumn_2024,546,22,6.346813668692062,5.0,1.3468136686920618
landshuter_allee,lightgbm,autumn_2024,547,22,7.1119670544350715,6.0,1.1119670544350715
landshuter_allee,lightgbm,autumn_2024,548,22,7.412120131708894,7.0,0.4121201317088943
landshuter_allee,lightgbm,autumn_2024,549,22,6.08375122687456,5.0,1.0837512268745604
landshuter_allee,lightgbm,autumn_2024,550,22,5.370341147016412,4.0,1.3703411470164122
landshuter_allee,lightgbm,autumn_2024,551,22,4.94871212074116,4.0,0.9487121207411597
landshuter_allee,lightgbm,autumn_2024,552,23,5.104429307257274,4.0,1.1044293072572744
landshuter_allee,lightgbm,autumn_2024,553,23,5.3455156974168,4.0,1.3455156974167997
landshuter_allee,lightgbm,autumn_2024,554,23,5.887564066351874,4.0,1.8875640663518736
landshuter_allee,lightgbm,autumn_2024,555,23,6.805110497512181,5.0,1.8051104975121808
landshuter_allee,lightgbm,autumn_2024,556,23,8.21271481300896,7.0,1.2127148130089598
landshuter_allee,lightgbm,autumn_2024,557,23,8.716349575290973,6.0,2.716349575290973
landshuter_allee,lightgbm,autumn_2024,558,23,7.205582306030301,4.0,3.2055823060303013
landshuter_allee,lightgbm,autumn_2024,559,23,6.550490368802435,4.0,2.5504903688024347
landshuter_allee,lightgbm,autumn_2024,560,23,5.371704647826076,3.0,2.3717046478260757
landshuter_allee,lightgbm,autumn_2024,561,23,5.1047107318809894,4.0,1.1047107318809894
landshuter_allee,lightgbm,autumn_2024,562,23,4.0471917545460245,2.0,2.0471917545460245
landshuter_allee,lightgbm,autumn_2024,563,23,3.8113074109894103,3.0,0.8113074109894103
landshuter_allee,lightgbm,autumn_2024,564,23,4.009663490246965,3.0,1.0096634902469646
landshuter_allee,lightgbm,autumn_2024,565,23,3.830192188253826,3.0,0.8301921882538261
landshuter_allee,lightgbm,autumn_2024,566,23,4.3303924267198655,5.0,0.6696075732801345
landshuter_allee,lightgbm,autumn_2024,567,23,5.328423249422754,5.0,0.32842324942275436
landshuter_allee,lightgbm,autumn_2024,568,23,6.065506197705543,6.0,0.06550619770554267
landshuter_allee,lightgbm,autumn_2024,569,23,6.093421023755745,6.0,0.09342102375574513
landshuter_allee,lightgbm,autumn_2024,570,23,6.5271228448548495,6.0,0.5271228448548495
landshuter_allee,lightgbm,autumn_2024,571,23,7.100105291359955,6.0,1.100105291359955
landshuter_allee,lightgbm,autumn_2024,572,23,8.036384070924445,8.0,0.036384070924444956
landshuter_allee,lightgbm,autumn_2024,573,23,9.078117555138492,10.0,0.9218824448615077
landshuter_allee,lightgbm,autumn_2024,574,23,8.761934579721595,8.0,0.7619345797215953
landshuter_allee,lightgbm,autumn_2024,575,23,8.45937240204897,7.0,1.4593724020489702
landshuter_allee,lightgbm,autumn_2024,576,24,8.854240099257739,8.0,0.8542400992577388
landshuter_allee,lightgbm,autumn_2024,577,24,9.394077951611438,9.0,0.3940779516114379
landshuter_allee,lightgbm,autumn_2024,578,24,9.5009057281698,8.0,1.5009057281697995
landshuter_allee,lightgbm,autumn_2024,579,24,8.329906173550693,6.0,2.329906173550693
landshuter_allee,lightgbm,autumn_2024,580,24,7.314617478637832,6.0,1.3146174786378317
landshuter_allee,lightgbm,autumn_2024,581,24,8.116086189040349,7.0,1.1160861890403488
landshuter_allee,lightgbm,autumn_2024,582,24,8.318557909714123,7.0,1.318557909714123
landshuter_allee,lightgbm,autumn_2024,583,24,7.888895265279559,7.0,0.888895265279559
landshuter_allee,lightgbm,autumn_2024,584,24,6.978183116794026,6.0,0.9781831167940256
landshuter_allee,lightgbm,autumn_2024,585,24,6.120081512658844,5.0,1.1200815126588441
landshuter_allee,lightgbm,autumn_2024,586,24,6.647354249476113,6.0,0.6473542494761126
landshuter_allee,lightgbm,autumn_2024,587,24,7.033940123570997,6.0,1.0339401235709973
landshuter_allee,lightgbm,autumn_2024,588,24,7.594662084974088,8.0,0.4053379150259122
landshuter_allee,lightgbm,autumn_2024,589,24,7.457548522825886,8.0,0.5424514771741142
landshuter_allee,lightgbm,autumn_2024,590,24,7.7519682194512844,8.0,0.24803178054871555
landshuter_allee,lightgbm,autumn_2024,591,24,7.567160501254541,6.0,1.5671605012545413
landshuter_allee,lightgbm,autumn_2024,592,24,7.966841363755171,7.0,0.9668413637551714
landshuter_allee,lightgbm,autumn_2024,593,24,8.3070688031346,8.0,0.30706880313459983
landshuter_allee,lightgbm,autumn_2024,594,24,8.372713738555234,7.0,1.372713738555234
landshuter_allee,lightgbm,autumn_2024,595,24,8.632005562659169,7.0,1.6320055626591685
landshuter_allee,lightgbm,autumn_2024,596,24,10.004701963319743,11.0,0.9952980366802571
landshuter_allee,lightgbm,autumn_2024,597,24,12.422510157155424,14.0,1.5774898428445763
landshuter_allee,lightgbm,autumn_2024,598,24,17.587989784706973,17.0,0.5879897847069735
landshuter_allee,lightgbm,autumn_2024,599,24,19.512898170489237,17.0,2.512898170489237
landshuter_allee,lightgbm,autumn_2024,600,25,19.840687093635328,18.0,1.840687093635328
landshuter_allee,lightgbm,autumn_2024,601,25,17.86228284817368,16.0,1.862282848173681
landshuter_allee,lightgbm,autumn_2024,602,25,14.126356489524518,13.0,1.1263564895245182
landshuter_allee,lightgbm,autumn_2024,603,25,11.284411690467728,11.0,0.28441169046772785
landshuter_allee,lightgbm,autumn_2024,604,25,10.473499868631437,10.0,0.47349986863143734
landshuter_allee,lightgbm,autumn_2024,605,25,8.905781425180113,9.0,0.09421857481988738
landshuter_allee,lightgbm,autumn_2024,606,25,6.916453095124811,7.0,0.08354690487518912
landshuter_allee,lightgbm,autumn_2024,607,25,5.673014357527991,5.0,0.6730143575279914
landshuter_allee,lightgbm,autumn_2024,608,25,4.63645450479135,4.0,0.6364545047913497
landshuter_allee,lightgbm,autumn_2024,609,25,4.704082531471577,5.0,0.2959174685284234
landshuter_allee,lightgbm,autumn_2024,610,25,4.820939430067432,5.0,0.17906056993256758
landshuter_allee,lightgbm,autumn_2024,611,25,5.098023149989728,6.0,0.9019768500102723
landshuter_allee,lightgbm,autumn_2024,612,25,5.903495606376466,7.0,1.0965043936235341
landshuter_allee,lightgbm,autumn_2024,613,25,7.317124936379447,10.0,2.6828750636205534
landshuter_allee,lightgbm,autumn_2024,614,25,9.244864924467821,12.0,2.755135075532179
landshuter_allee,lightgbm,autumn_2024,615,25,12.441493471006863,15.0,2.558506528993137
landshuter_allee,lightgbm,autumn_2024,616,25,14.779961212302691,16.0,1.220038787697309
landshuter_allee,lightgbm,autumn_2024,617,25,15.239670356262454,14.0,1.2396703562624545
landshuter_allee,lightgbm,autumn_2024,618,25,15.07770572980671,14.0,1.0777057298067092
landshuter_allee,lightgbm,autumn_2024,619,25,13.857174096471166,12.0,1.8571740964711658
landshuter_allee,lightgbm,autumn_2024,620,25,13.731338331397662,12.0,1.7313383313976622
landshuter_allee,lightgbm,autumn_2024,621,25,13.686759677647634,13.0,0.6867596776476343
landshuter_allee,lightgbm,autumn_2024,622,25,13.054947077203545,13.0,0.05494707720354519
landshuter_allee,lightgbm,autumn_2024,623,25,12.853134303811231,12.0,0.8531343038112311
landshuter_allee,lightgbm,autumn_2024,624,26,13.43205189026254,11.0,2.4320518902625405
landshuter_allee,lightgbm,autumn_2024,625,26,13.936247073190605,11.0,2.9362470731906054
landshuter_allee,lightgbm,autumn_2024,626,26,13.470670355751196,10.0,3.4706703557511958
landshuter_allee,lightgbm,autumn_2024,627,26,12.912789418168012,10.0,2.9127894181680123
landshuter_allee,lightgbm,autumn_2024,628,26,11.458793144295942,9.0,2.4587931442959423
landshuter_allee,lightgbm,autumn_2024,629,26,10.091583146759076,8.0,2.091583146759076
landshuter_allee,lightgbm,autumn_2024,630,26,9.286831793396765,9.0,0.28683179339676457
landshuter_allee,lightgbm,autumn_2024,631,26,9.056789704187644,9.0,0.05678970418764351
landshuter_allee,lightgbm,autumn_2024,632,26,6.78853601075731,6.0,0.7885360107573103
landshuter_allee,lightgbm,autumn_2024,633,26,4.6123544810131865,4.0,0.6123544810131865
landshuter_allee,lightgbm,autumn_2024,634,26,4.157607191525548,4.0,0.15760719152554792
landshuter_allee,lightgbm,autumn_2024,635,26,4.382809417693918,4.0,0.38280941769391763
landshuter_allee,lightgbm,autumn_2024,636,26,5.598906203115509,6.0,0.4010937968844912
landshuter_allee,lightgbm,autumn_2024,637,26,7.1281102167779125,9.0,1.8718897832220875
landshuter_allee,lightgbm,autumn_2024,638,26,7.684003496393448,10.0,2.315996503606552
landshuter_allee,lightgbm,autumn_2024,639,26,8.729241504003259,12.0,3.2707584959967413
landshuter_allee,lightgbm,autumn_2024,640,26,9.506328827938548,12.0,2.493671172061452
landshuter_allee,lightgbm,autumn_2024,641,26,11.815817821333278,13.0,1.1841821786667222
landshuter_allee,lightgbm,autumn_2024,642,26,12.840054837340087,14.0,1.1599451626599127
landshuter_allee,lightgbm,autumn_2024,643,26,13.494735986571946,13.0,0.4947359865719463
landshuter_allee,lightgbm,autumn_2024,644,26,13.633208755307214,12.0,1.6332087553072139
landshuter_allee,lightgbm,autumn_2024,645,26,13.002179114388735,13.0,0.0021791143887348596
landshuter_allee,lightgbm,autumn_2024,646,26,12.137025780479226,11.0,1.1370257804792256
landshuter_allee,lightgbm,autumn_2024,647,26,10.065591771801744,8.0,2.065591771801744
landshuter_allee,lightgbm,autumn_2024,648,27,9.761630437749597,7.0,2.761630437749597
landshuter_allee,lightgbm,autumn_2024,649,27,9.541289455423867,7.0,2.5412894554238665
landshuter_allee,lightgbm,autumn_2024,650,27,9.975370352700631,8.0,1.9753703527006312
landshuter_allee,lightgbm,autumn_2024,651,27,10.18612897075452,9.0,1.1861289707545204
landshuter_allee,lightgbm,autumn_2024,652,27,9.473894435508273,7.0,2.4738944355082726
landshuter_allee,lightgbm,autumn_2024,653,27,8.077770871996465,6.0,2.0777708719964654
landshuter_allee,lightgbm,autumn_2024,654,27,6.583054964435605,6.0,0.5830549644356049
landshuter_allee,lightgbm,autumn_2024,655,27,6.135779839843887,7.0,0.8642201601561128
landshuter_allee,lightgbm,autumn_2024,656,27,6.804983649951533,7.0,0.1950163500484674
landshuter_allee,lightgbm,autumn_2024,657,27,7.493650129690936,8.0,0.5063498703090641
landshuter_allee,lightgbm,autumn_2024,658,27,7.927616565403729,7.0,0.9276165654037287
landshuter_allee,lightgbm,autumn_2024,659,27,8.209578099123396,8.0,0.2095780991233962
landshuter_allee,lightgbm,autumn_2024,660,27,9.124672079384679,9.0,0.12467207938467872
landshuter_allee,lightgbm,autumn_2024,661,27,11.017544585283021,10.5,0.5175445852830212
landshuter_allee,lightgbm,autumn_2024,662,27,11.34155977145791,12.0,0.6584402285420907
landshuter_allee,lightgbm,autumn_2024,663,27,13.025863417190186,12.0,1.0258634171901857
landshuter_allee,lightgbm,autumn_2024,664,27,13.679462827633168,11.0,2.6794628276331682
landshuter_allee,lightgbm,autumn_2024,665,27,14.99890808344502,9.0,5.99890808344502
landshuter_allee,lightgbm,autumn_2024,666,27,15.122875684031579,11.0,4.122875684031579
landshuter_allee,lightgbm,autumn_2024,667,27,14.082166047351803,11.0,3.0821660473518033
landshuter_allee,lightgbm,autumn_2024,668,27,12.162894937956082,8.0,4.162894937956082
landshuter_allee,lightgbm,autumn_2024,669,27,10.831128784499233,8.0,2.831128784499233
landshuter_allee,lightgbm,autumn_2024,670,27,9.567492892796313,7.0,2.567492892796313
landshuter_allee,lightgbm,autumn_2024,671,27,8.968226365698344,8.0,0.9682263656983441
landshuter_allee,lightgbm,autumn_2024,672,28,7.722981638159563,6.0,1.7229816381595633
landshuter_allee,lightgbm,autumn_2024,673,28,7.110676817573849,5.0,2.1106768175738493
landshuter_allee,lightgbm,autumn_2024,674,28,6.166363625796008,5.0,1.1663636257960084
landshuter_allee,lightgbm,autumn_2024,675,28,5.6051863618944795,6.0,0.3948136381055205
landshuter_allee,lightgbm,autumn_2024,676,28,5.006703691814327,5.0,0.006703691814326618
landshuter_allee,lightgbm,autumn_2024,677,28,4.604137695081316,4.0,0.6041376950813158
landshuter_allee,lightgbm,autumn_2024,678,28,5.043478544409044,4.0,1.0434785444090444
landshuter_allee,lightgbm,autumn_2024,679,28,5.35857580595577,6.0,0.6414241940442302
landshuter_allee,lightgbm,autumn_2024,680,28,6.734936416094987,7.0,0.26506358390501283
landshuter_allee,lightgbm,autumn_2024,681,28,7.197332950096224,5.0,2.197332950096224
landshuter_allee,lightgbm,autumn_2024,682,28,9.243628255780697,10.0,0.7563717442193028
landshuter_allee,lightgbm,autumn_2024,683,28,12.605291492380578,16.0,3.3947085076194217
landshuter_allee,lightgbm,autumn_2024,684,28,14.231501701000871,15.0,0.7684982989991287
landshuter_allee,lightgbm,autumn_2024,685,28,13.771253850292211,13.0,0.7712538502922115
landshuter_allee,lightgbm,autumn_2024,686,28,14.419978117229764,15.0,0.5800218827702359
landshuter_allee,lightgbm,autumn_2024,687,28,17.04289451342424,17.0,0.042894513424240444
landshuter_allee,lightgbm,autumn_2024,688,28,20.657082145054748,18.0,2.6570821450547477
landshuter_allee,lightgbm,autumn_2024,689,28,24.42968847923994,20.0,4.429688479239939
landshuter_allee,lightgbm,autumn_2024,690,28,26.516587832314745,24.0,2.5165878323147446
landshuter_allee,lightgbm,autumn_2024,691,28,30.34166576847402,27.0,3.3416657684740194
landshuter_allee,lightgbm,autumn_2024,692,28,25.84706350121443,23.0,2.8470635012144285
landshuter_allee,lightgbm,autumn_2024,693,28,18.000653798649665,17.0,1.0006537986496653
landshuter_allee,lightgbm,autumn_2024,694,28,12.682629342415659,13.0,0.31737065758434113
landshuter_allee,lightgbm,autumn_2024,695,28,10.453778387520986,12.0,1.5462216124790142
landshuter_allee,lightgbm,autumn_2024,696,29,9.703393670062708,12.0,2.2966063299372923
landshuter_allee,lightgbm,autumn_2024,697,29,8.384050900798426,9.0,0.6159490992015737
landshuter_allee,lightgbm,autumn_2024,698,29,8.303461728679784,10.0,1.6965382713202164
landshuter_allee,lightgbm,autumn_2024,699,29,9.09919520155865,11.0,1.9008047984413494
landshuter_allee,lightgbm,autumn_2024,700,29,10.13810913201897,11.0,0.86189086798103
landshuter_allee,lightgbm,autumn_2024,701,29,9.766770875818963,10.0,0.2332291241810367
landshuter_allee,lightgbm,autumn_2024,702,29,10.081357749229518,14.0,3.918642250770482
landshuter_allee,lightgbm,autumn_2024,703,29,11.003526605328181,16.0,4.996473394671819
landshuter_allee,lightgbm,autumn_2024,704,29,12.089275565923367,16.0,3.9107244340766325
landshuter_allee,lightgbm,autumn_2024,705,29,13.912081980078302,15.0,1.0879180199216982
landshuter_allee,lightgbm,autumn_2024,706,29,18.40971114365515,17.0,1.4097111436551515
landshuter_allee,lightgbm,autumn_2024,707,29,20.78236214204905,18.0,2.782362142049049
landshuter_allee,lightgbm,autumn_2024,708,29,21.64488865695579,19.0,2.6448886569557892
landshuter_allee,lightgbm,autumn_2024,709,29,20.698792430541758,17.0,3.698792430541758
landshuter_allee,lightgbm,autumn_2024,710,29,17.886570657393026,14.0,3.886570657393026
landshuter_allee,lightgbm,autumn_2024,711,29,15.03124170097131,13.0,2.031241700971311
landshuter_allee,lightgbm,autumn_2024,712,29,16.65990225112032,15.0,1.6599022511203216
landshuter_allee,lightgbm,autumn_2024,713,29,19.48755899796795,19.0,0.48755899796795177
landshuter_allee,lightgbm,autumn_2024,714,29,20.84577334619663,19.0,1.84577334619663
landshuter_allee,lightgbm,autumn_2024,715,29,21.04887716341966,19.0,2.048877163419661
landshuter_allee,lightgbm,autumn_2024,716,29,20.903493093469294,18.0,2.9034930934692937
landshuter_allee,lightgbm,autumn_2024,717,29,21.421091657256145,20.0,1.4210916572561452
landshuter_allee,lightgbm,autumn_2024,718,29,19.59150300741621,17.0,2.591503007416211
landshuter_allee,lightgbm,autumn_2024,719,29,16.84410639674724,15.0,1.8441063967472395
landshuter_allee,lightgbm,autumn_2024,720,30,17.044511152465983,17.0,0.04451115246598292
landshuter_allee,lightgbm,autumn_2024,721,30,18.941413864841618,23.0,4.058586135158382
landshuter_allee,lightgbm,autumn_2024,722,30,20.183261864858085,23.0,2.8167381351419145
landshuter_allee,lightgbm,autumn_2024,723,30,18.571005689803904,18.0,0.5710056898039042
landshuter_allee,lightgbm,autumn_2024,724,30,15.545702344902237,14.0,1.545702344902237
landshuter_allee,lightgbm,autumn_2024,725,30,11.084304764842399,11.0,0.08430476484239868
landshuter_allee,lightgbm,autumn_2024,726,30,9.469994973071659,10.0,0.5300050269283414
landshuter_allee,lightgbm,autumn_2024,727,30,9.703420408923401,10.0,0.2965795910765987
landshuter_allee,lightgbm,autumn_2024,728,30,11.03256839174523,14.0,2.9674316082547705
landshuter_allee,lightgbm,autumn_2024,729,30,10.690086514402408,11.0,0.30991348559759224
landshuter_allee,lightgbm,autumn_2024,730,30,10.689722717361995,10.75,0.06027728263800469
landshuter_allee,lightgbm,autumn_2024,731,30,9.968521764586795,10.5,0.5314782354132053
landshuter_allee,lightgbm,autumn_2024,732,30,9.73935497211774,10.25,0.5106450278822603
landshuter_allee,lightgbm,autumn_2024,733,30,9.46244197893531,10.0,0.5375580210646902
landshuter_allee,lightgbm,autumn_2024,734,30,9.644989001454906,11.0,1.3550109985450938
landshuter_allee,lightgbm,autumn_2024,735,30,9.564539203377723,11.0,1.4354607966222765
landshuter_allee,lightgbm,autumn_2024,736,30,10.442738422725043,11.0,0.5572615772749572
landshuter_allee,lightgbm,autumn_2024,737,30,10.804797722177545,11.0,0.19520227782245492
landshuter_allee,lightgbm,autumn_2024,738,30,11.796642058893044,13.0,1.2033579411069564
landshuter_allee,lightgbm,autumn_2024,739,30,13.46993084222186,14.0,0.53006915777814
landshuter_allee,lightgbm,autumn_2024,740,30,13.883121169108696,15.0,1.116878830891304
landshuter_allee,lightgbm,autumn_2024,741,30,14.00029478825898,15.0,0.9997052117410199
landshuter_allee,lightgbm,autumn_2024,742,30,13.583788244496006,16.0,2.416211755503994
landshuter_allee,lightgbm,autumn_2024,743,30,13.251613228818233,16.0,2.7483867711817673
landshuter_allee,lightgbm,autumn_2024,744,31,13.605836173479101,16.0,2.3941638265208987
landshuter_allee,lightgbm,autumn_2024,745,31,13.780070760463996,16.0,2.219929239536004
landshuter_allee,lightgbm,autumn_2024,746,31,12.650091126530144,13.0,0.34990887346985566
landshuter_allee,lightgbm,autumn_2024,747,31,10.517421374966071,10.0,0.5174213749660712
landshuter_allee,lightgbm,autumn_2024,748,31,9.050679626549067,11.0,1.9493203734509326
landshuter_allee,lightgbm,autumn_2024,749,31,9.419783062911064,12.0,2.5802169370889363
landshuter_allee,lightgbm,autumn_2024,750,31,9.557144500017397,11.0,1.4428554999826027
landshuter_allee,lightgbm,autumn_2024,751,31,8.948833408494911,9.0,0.05116659150508873
landshuter_allee,lightgbm,autumn_2024,752,31,8.294198765912453,8.0,0.2941987659124532
landshuter_allee,lightgbm,autumn_2024,753,31,7.726621679461558,8.0,0.27337832053844213
landshuter_allee,lightgbm,autumn_2024,754,31,7.053057398122756,7.0,0.053057398122756005
landshuter_allee,lightgbm,autumn_2024,755,31,5.5130410980072595,5.0,0.5130410980072595
landshuter_allee,lightgbm,autumn_2024,756,31,4.391001436486697,3.0,1.3910014364866967
landshuter_allee,lightgbm,autumn_2024,757,31,4.246882246224363,4.0,0.24688224622436294
landshuter_allee,lightgbm,autumn_2024,758,31,4.097412066530623,3.0,1.097412066530623
landshuter_allee,lightgbm,autumn_2024,759,31,4.072049589752541,4.0,0.07204958975254083
landshuter_allee,lightgbm,autumn_2024,760,31,5.172501796419186,5.0,0.17250179641918617
landshuter_allee,lightgbm,autumn_2024,761,31,10.334813650184751,20.0,9.665186349815249
landshuter_allee,lightgbm,autumn_2024,762,31,12.158495742806656,12.0,0.15849574280665557
landshuter_allee,lightgbm,autumn_2024,763,31,14.360777193179112,16.0,1.6392228068208876
landshuter_allee,lightgbm,autumn_2024,764,31,19.346805007833428,17.0,2.346805007833428
landshuter_allee,lightgbm,autumn_2024,765,31,20.751131525965928,22.0,1.2488684740340723
landshuter_allee,lightgbm,autumn_2024,766,31,18.53114772801919,17.0,1.5311477280191887
landshuter_allee,lightgbm,autumn_2024,767,31,12.310728293434602,10.0,2.310728293434602
landshuter_allee,lightgbm,autumn_2024,768,32,10.812862423047841,8.0,2.812862423047841
landshuter_allee,lightgbm,autumn_2024,769,32,10.76421517922603,7.0,3.7642151792260297
landshuter_allee,lightgbm,autumn_2024,770,32,12.411017006113214,11.0,1.4110170061132141
landshuter_allee,lightgbm,autumn_2024,771,32,13.614645363687904,11.0,2.614645363687904
landshuter_allee,lightgbm,autumn_2024,772,32,14.280341867632595,12.0,2.280341867632595
landshuter_allee,lightgbm,autumn_2024,773,32,14.71562638399224,11.0,3.715626383992239
landshuter_allee,lightgbm,autumn_2024,774,32,14.835424442069883,10.0,4.835424442069883
landshuter_allee,lightgbm,autumn_2024,775,32,17.67585176353081,16.0,1.6758517635308117
landshuter_allee,lightgbm,autumn_2024,776,32,17.825385865152594,14.0,3.825385865152594
landshuter_allee,lightgbm,autumn_2024,777,32,16.301371623479376,11.0,5.301371623479376
landshuter_allee,lightgbm,autumn_2024,778,32,12.391223999966412,9.0,3.391223999966412
landshuter_allee,lightgbm,autumn_2024,779,32,9.767744648948963,6.0,3.7677446489489625
landshuter_allee,lightgbm,autumn_2024,780,32,8.420898538098898,6.0,2.420898538098898
landshuter_allee,lightgbm,autumn_2024,781,32,8.880224269246707,10.0,1.1197757307532932
landshuter_allee,lightgbm,autumn_2024,782,32,9.375574315785514,9.0,0.3755743157855136
landshuter_allee,lightgbm,autumn_2024,783,32,9.685404420371563,9.0,0.6854044203715635
landshuter_allee,lightgbm,autumn_2024,784,32,9.666247731618695,9.0,0.6662477316186948
landshuter_allee,lightgbm,autumn_2024,785,32,9.813508632393592,8.0,1.8135086323935923
landshuter_allee,lightgbm,autumn_2024,786,32,9.48359220451683,8.0,1.48359220451683
landshuter_allee,lightgbm,autumn_2024,787,32,9.864333394474864,8.0,1.8643333944748637
landshuter_allee,lightgbm,autumn_2024,788,32,11.485589649497735,11.0,0.48558964949773475
landshuter_allee,lightgbm,autumn_2024,789,32,10.700569507401136,9.0,1.700569507401136
landshuter_allee,lightgbm,autumn_2024,790,32,10.522369055535117,9.0,1.5223690555351173
landshuter_allee,lightgbm,autumn_2024,791,32,10.126160514708602,9.0,1.1261605147086016
landshuter_allee,lightgbm,autumn_2024,792,33,10.64787134399572,10.0,0.6478713439957193
landshuter_allee,lightgbm,autumn_2024,793,33,10.93188702936949,11.0,0.06811297063051036
landshuter_allee,lightgbm,autumn_2024,794,33,11.837935043015278,12.0,0.16206495698472168
landshuter_allee,lightgbm,autumn_2024,795,33,13.133712713331011,12.0,1.1337127133310112
landshuter_allee,lightgbm,autumn_2024,796,33,13.551654176171658,12.0,1.5516541761716578
landshuter_allee,lightgbm,autumn_2024,797,33,13.139490359391694,11.0,2.1394903593916936
landshuter_allee,lightgbm,autumn_2024,798,33,12.376145532000548,10.0,2.376145532000548
landshuter_allee,lightgbm,autumn_2024,799,33,12.207404276123869,10.0,2.207404276123869
landshuter_allee,lightgbm,autumn_2024,800,33,11.34611941689141,10.0,1.3461194168914101
landshuter_allee,lightgbm,autumn_2024,801,33,12.209358166853905,11.0,1.2093581668539048
landshuter_allee,lightgbm,autumn_2024,802,33,12.23185955272679,11.0,1.2318595527267906
landshuter_allee,lightgbm,autumn_2024,803,33,12.255772033593294,11.0,1.2557720335932938
landshuter_allee,lightgbm,autumn_2024,804,33,12.427838957193652,10.0,2.427838957193652
landshuter_allee,lightgbm,autumn_2024,805,33,11.884995053698047,10.0,1.8849950536980469
landshuter_allee,lightgbm,autumn_2024,806,33,10.806408123835212,9.0,1.8064081238352117
landshuter_allee,lightgbm,autumn_2024,807,33,10.012624419765467,8.0,2.0126244197654675
landshuter_allee,lightgbm,autumn_2024,808,33,9.378376454055395,7.0,2.3783764540553953
landshuter_allee,lightgbm,autumn_2024,809,33,9.324622929246079,7.0,2.324622929246079
landshuter_allee,lightgbm,autumn_2024,810,33,9.521743905108176,8.0,1.5217439051081758
landshuter_allee,lightgbm,autumn_2024,811,33,9.717640683190252,8.0,1.7176406831902522
landshuter_allee,lightgbm,autumn_2024,812,33,10.314568794107563,9.0,1.3145687941075632
landshuter_allee,lightgbm,autumn_2024,813,33,10.1232090325031,10.0,0.12320903250309989
landshuter_allee,lightgbm,autumn_2024,814,33,9.826981831136694,10.0,0.17301816886330634
landshuter_allee,lightgbm,autumn_2024,815,33,10.111571802838208,11.0,0.888428197161792
landshuter_allee,lightgbm,autumn_2024,816,34,11.108761245783954,10.0,1.1087612457839544
landshuter_allee,lightgbm,autumn_2024,817,34,11.639756691103319,10.0,1.6397566911033188
landshuter_allee,lightgbm,autumn_2024,818,34,12.694698835652144,10.0,2.6946988356521437
landshuter_allee,lightgbm,autumn_2024,819,34,13.642429065548752,10.0,3.642429065548752
landshuter_allee,lightgbm,autumn_2024,820,34,14.5272460795403,11.0,3.5272460795402996
landshuter_allee,lightgbm,autumn_2024,821,34,14.391994926526525,11.0,3.3919949265265252
landshuter_allee,lightgbm,autumn_2024,822,34,12.887837812285783,10.0,2.887837812285783
landshuter_allee,lightgbm,autumn_2024,823,34,12.460829949419509,11.0,1.4608299494195087
landshuter_allee,lightgbm,autumn_2024,824,34,13.284560979092774,12.0,1.284560979092774
landshuter_allee,lightgbm,autumn_2024,825,34,13.224695618072102,11.0,2.2246956180721025
landshuter_allee,lightgbm,autumn_2024,826,34,12.710218853070675,11.0,1.7102188530706748
landshuter_allee,lightgbm,autumn_2024,827,34,11.45448364678962,10.0,1.4544836467896207
landshuter_allee,lightgbm,autumn_2024,828,34,10.08905345964128,8.0,2.0890534596412795
landshuter_allee,lightgbm,autumn_2024,829,34,8.659889010358778,7.0,1.6598890103587784
landshuter_allee,lightgbm,autumn_2024,830,34,7.550491697174506,7.0,0.5504916971745057
landshuter_allee,lightgbm,autumn_2024,831,34,8.76974909626457,9.0,0.23025090373542945
landshuter_allee,lightgbm,autumn_2024,832,34,10.98011024261577,10.0,0.9801102426157708
landshuter_allee,lightgbm,autumn_2024,833,34,12.432369077386246,10.0,2.4323690773862463
landshuter_allee,lightgbm,autumn_2024,834,34,13.821361737996584,12.0,1.8213617379965843
landshuter_allee,lightgbm,autumn_2024,835,34,14.065262104173735,13.0,1.0652621041737351
landshuter_allee,lightgbm,autumn_2024,836,34,14.547374465240432,13.0,1.5473744652404324
landshuter_allee,lightgbm,autumn_2024,837,34,14.70293940865519,13.0,1.7029394086551903
landshuter_allee,lightgbm,autumn_2024,838,34,13.824237866097295,11.0,2.8242378660972953
landshuter_allee,lightgbm,autumn_2024,839,34,13.5721992754585,12.0,1.5721992754585
landshuter_allee,lightgbm,autumn_2024,840,35,13.885756372004794,12.0,1.8857563720047938
landshuter_allee,lightgbm,autumn_2024,841,35,14.151227681205214,12.0,2.1512276812052136
landshuter_allee,lightgbm,autumn_2024,842,35,14.046455545681159,12.0,2.046455545681159
landshuter_allee,lightgbm,autumn_2024,843,35,13.562627974979184,13.0,0.5626279749791845
landshuter_allee,lightgbm,autumn_2024,844,35,12.517569719570778,11.0,1.517569719570778
landshuter_allee,lightgbm,autumn_2024,845,35,11.163569888127276,9.0,2.1635698881272756
landshuter_allee,lightgbm,autumn_2024,846,35,9.020667742543628,7.0,2.020667742543628
landshuter_allee,lightgbm,autumn_2024,847,35,8.496176526336427,8.0,0.49617652633642706
landshuter_allee,lightgbm,autumn_2024,848,35,8.216001889433992,9.0,0.7839981105660083
landshuter_allee,lightgbm,autumn_2024,849,35,7.704297428646377,8.0,0.29570257135362343
landshuter_allee,lightgbm,autumn_2024,850,35,7.766396432073883,8.0,0.23360356792611725
landshuter_allee,lightgbm,autumn_2024,851,35,8.355935545141202,8.0,0.35593554514120207
landshuter_allee,lightgbm,autumn_2024,852,35,8.600047132743104,8.0,0.6000471327431036
landshuter_allee,lightgbm,autumn_2024,853,35,9.31955071127866,10.0,0.6804492887213396
landshuter_allee,lightgbm,autumn_2024,854,35,10.605180287810342,11.0,0.3948197121896584
landshuter_allee,lightgbm,autumn_2024,855,35,10.706094637778484,10.0,0.7060946377784845
landshuter_allee,lightgbm,autumn_2024,856,35,10.850533017616533,7.0,3.8505330176165327
landshuter_allee,lightgbm,autumn_2024,857,35,11.33283262198123,8.0,3.3328326219812308
landshuter_allee,lightgbm,autumn_2024,858,35,12.108621616757812,8.0,4.108621616757812
landshuter_allee,lightgbm,autumn_2024,859,35,13.33531214794646,10.0,3.3353121479464605
landshuter_allee,lightgbm,autumn_2024,860,35,15.253245760778485,13.0,2.2532457607784853
landshuter_allee,lightgbm,autumn_2024,861,35,15.655876459991477,14.0,1.655876459991477
landshuter_allee,lightgbm,autumn_2024,862,35,13.999584007690572,14.0,0.00041599230942779286
landshuter_allee,lightgbm,autumn_2024,863,35,12.30607098704632,13.0,0.6939290129536797
landshuter_allee,lightgbm,autumn_2024,864,36,10.962095161306149,10.0,0.9620951613061486
landshuter_allee,lightgbm,autumn_2024,865,36,8.49532257100893,8.0,0.4953225710089306
landshuter_allee,lightgbm,autumn_2024,866,36,7.206497788578877,8.0,0.7935022114211234
landshuter_allee,lightgbm,autumn_2024,867,36,7.5264034575086045,9.0,1.4735965424913955
landshuter_allee,lightgbm,autumn_2024,868,36,7.6242813391679025,7.0,0.6242813391679025
landshuter_allee,lightgbm,autumn_2024,869,36,8.388806282587558,9.0,0.6111937174124424
landshuter_allee,lightgbm,autumn_2024,870,36,8.875048413740013,11.0,2.1249515862599875
landshuter_allee,lightgbm,autumn_2024,871,36,8.336329845172445,8.0,0.336329845172445
landshuter_allee,lightgbm,autumn_2024,872,36,9.35509479952321,11.0,1.6449052004767903
landshuter_allee,lightgbm,autumn_2024,873,36,11.478290730152278,12.0,0.5217092698477224
landshuter_allee,lightgbm,autumn_2024,874,36,13.206651082746472,11.0,2.206651082746472
landshuter_allee,lightgbm,autumn_2024,875,36,16.451777011568,14.0,2.4517770115680015
landshuter_allee,lightgbm,autumn_2024,876,36,17.036151003242757,12.0,5.036151003242757
landshuter_allee,lightgbm,autumn_2024,877,36,18.21237029638313,14.0,4.212370296383131
landshuter_allee,lightgbm,autumn_2024,878,36,18.82827252005478,14.0,4.828272520054782
landshuter_allee,lightgbm,autumn_2024,879,36,18.559560622164675,14.0,4.559560622164675
landshuter_allee,lightgbm,autumn_2024,880,36,18.74156752227023,14.0,4.7415675222702305
landshuter_allee,lightgbm,autumn_2024,881,36,17.26042377598284,13.0,4.26042377598284
landshuter_allee,lightgbm,autumn_2024,882,36,17.610907626289627,15.0,2.6109076262896274
landshuter_allee,lightgbm,autumn_2024,883,36,18.33039487018402,15.0,3.330394870184019
landshuter_allee,lightgbm,autumn_2024,884,36,17.35789027966353,12.0,5.357890279663529
landshuter_allee,lightgbm,autumn_2024,885,36,16.81260286949092,12.0,4.81260286949092
landshuter_allee,lightgbm,autumn_2024,886,36,16.212034680898245,13.0,3.2120346808982454
landshuter_allee,lightgbm,autumn_2024,887,36,13.993512072731447,11.0,2.9935120727314466
landshuter_allee,lightgbm,autumn_2024,888,37,12.325440245061012,10.0,2.325440245061012
landshuter_allee,lightgbm,autumn_2024,889,37,12.353532804620887,11.0,1.3535328046208868
landshuter_allee,lightgbm,autumn_2024,890,37,11.19443540287735,8.0,3.1944354028773496
landshuter_allee,lightgbm,autumn_2024,891,37,10.071092852695456,8.0,2.0710928526954557
landshuter_allee,lightgbm,autumn_2024,892,37,9.029928343854312,8.0,1.029928343854312
landshuter_allee,lightgbm,autumn_2024,893,37,8.390921779359216,7.0,1.390921779359216
landshuter_allee,lightgbm,autumn_2024,894,37,7.76578672679104,6.0,1.76578672679104
landshuter_allee,lightgbm,autumn_2024,895,37,8.063568513011429,6.0,2.063568513011429
landshuter_allee,lightgbm,autumn_2024,896,37,7.655887544241248,6.0,1.6558875442412484
landshuter_allee,lightgbm,autumn_2024,897,37,7.551629596392613,6.0,1.5516295963926128
landshuter_allee,lightgbm,autumn_2024,898,37,7.478245104336689,6.0,1.4782451043366889
landshuter_allee,lightgbm,autumn_2024,899,37,7.882415707732106,7.0,0.8824157077321058
landshuter_allee,lightgbm,autumn_2024,900,37,9.070817848216423,8.0,1.0708178482164232
landshuter_allee,lightgbm,autumn_2024,901,37,9.633632985269386,9.0,0.6336329852693865
landshuter_allee,lightgbm,autumn_2024,902,37,9.837289631362651,8.0,1.8372896313626512
landshuter_allee,lightgbm,autumn_2024,903,37,9.376875135806376,8.0,1.376875135806376
landshuter_allee,lightgbm,autumn_2024,904,37,9.342290798998372,7.0,2.3422907989983717
landshuter_allee,lightgbm,autumn_2024,905,37,9.205018911809736,7.0,2.205018911809736
landshuter_allee,lightgbm,autumn_2024,906,37,9.041794880551626,7.0,2.0417948805516257
landshuter_allee,lightgbm,autumn_2024,907,37,8.719107794667185,8.0,0.7191077946671847
landshuter_allee,lightgbm,autumn_2024,908,37,7.944983537684317,8.0,0.0550164623156828
landshuter_allee,lightgbm,autumn_2024,909,37,7.4725067964255265,6.0,1.4725067964255265
landshuter_allee,lightgbm,autumn_2024,910,37,7.352536142446429,6.0,1.3525361424464286
landshuter_allee,lightgbm,autumn_2024,911,37,6.660304506609542,5.0,1.6603045066095419
landshuter_allee,lightgbm,autumn_2024,912,38,6.383317210454282,6.0,0.38331721045428235
landshuter_allee,lightgbm,autumn_2024,913,38,6.093868444650267,7.0,0.9061315553497327
landshuter_allee,lightgbm,autumn_2024,914,38,6.261679352813719,7.0,0.7383206471862813
landshuter_allee,lightgbm,autumn_2024,915,38,5.966286196102426,5.0,0.966286196102426
landshuter_allee,lightgbm,autumn_2024,916,38,5.853913548733595,6.0,0.14608645126640507
landshuter_allee,lightgbm,autumn_2024,917,38,5.8031660366628355,5.0,0.8031660366628355
landshuter_allee,lightgbm,autumn_2024,918,38,5.8427463270859645,6.0,0.15725367291403547
landshuter_allee,lightgbm,autumn_2024,919,38,5.913788297170469,6.0,0.08621170282953106
landshuter_allee,lightgbm,autumn_2024,920,38,5.9032955897925445,6.0,0.09670441020745546
landshuter_allee,lightgbm,autumn_2024,921,38,5.723485296658281,6.0,0.2765147033417188
landshuter_allee,lightgbm,autumn_2024,922,38,5.474864177207692,5.0,0.47486417720769225
landshuter_allee,lightgbm,autumn_2024,923,38,5.143723348671819,3.0,2.143723348671819
landshuter_allee,lightgbm,autumn_2024,924,38,4.732203559909845,3.0,1.7322035599098449
landshuter_allee,lightgbm,autumn_2024,925,38,5.4408591606584515,4.0,1.4408591606584515
landshuter_allee,lightgbm,autumn_2024,926,38,5.725541622846974,5.0,0.7255416228469738
landshuter_allee,lightgbm,autumn_2024,927,38,5.835706563082822,5.0,0.8357065630828222
landshuter_allee,lightgbm,autumn_2024,928,38,5.7944232804503,4.0,1.7944232804503004
landshuter_allee,lightgbm,autumn_2024,929,38,6.009043920313023,4.0,2.0090439203130233
landshuter_allee,lightgbm,autumn_2024,930,38,5.90112728956412,4.0,1.90112728956412
landshuter_allee,lightgbm,autumn_2024,931,38,6.66865768172946,7.0,0.33134231827053995
landshuter_allee,lightgbm,autumn_2024,932,38,7.890069821841179,9.0,1.1099301781588213
landshuter_allee,lightgbm,autumn_2024,933,38,8.319216271916511,9.0,0.6807837280834885
landshuter_allee,lightgbm,autumn_2024,934,38,8.64938540195082,9.0,0.35061459804918016
landshuter_allee,lightgbm,autumn_2024,935,38,8.422712791694774,8.0,0.4227127916947744
landshuter_allee,lightgbm,autumn_2024,936,39,8.634427775175954,9.0,0.36557222482404583
landshuter_allee,lightgbm,autumn_2024,937,39,9.309664875174546,10.0,0.6903351248254541
landshuter_allee,lightgbm,autumn_2024,938,39,9.463405284321068,9.0,0.46340528432106787
landshuter_allee,lightgbm,autumn_2024,939,39,9.073104075518415,8.0,1.0731040755184154
landshuter_allee,lightgbm,autumn_2024,940,39,8.271468376320794,7.0,1.2714683763207937
landshuter_allee,lightgbm,autumn_2024,941,39,8.353837245975551,7.0,1.3538372459755514
landshuter_allee,lightgbm,autumn_2024,942,39,8.016355722739121,7.0,1.016355722739121
landshuter_allee,lightgbm,autumn_2024,943,39,7.671289174494759,7.0,0.6712891744947589
landshuter_allee,lightgbm,autumn_2024,944,39,8.122552445177305,7.0,1.1225524451773055
landshuter_allee,lightgbm,autumn_2024,945,39,8.054945818363391,5.0,3.0549458183633913
landshuter_allee,lightgbm,autumn_2024,946,39,7.86166451210565,6.0,1.8616645121056496
landshuter_allee,lightgbm,autumn_2024,947,39,9.051255347684052,6.0,3.0512553476840516
landshuter_allee,lightgbm,autumn_2024,948,39,9.584582059183305,7.0,2.5845820591833046
landshuter_allee,lightgbm,autumn_2024,949,39,11.31435660683662,11.0,0.31435660683662014
landshuter_allee,lightgbm,autumn_2024,950,39,13.661380832987406,13.0,0.6613808329874065
landshuter_allee,lightgbm,autumn_2024,951,39,15.673032706384317,15.0,0.6730327063843173
landshuter_allee,lightgbm,autumn_2024,952,39,16.654896394925093,15.0,1.6548963949250926
landshuter_allee,lightgbm,autumn_2024,953,39,16.228688666708013,15.0,1.2286886667080132
landshuter_allee,lightgbm,autumn_2024,954,39,16.14452923297477,15.0,1.1445292329747687
landshuter_allee,lightgbm,autumn_2024,955,39,16.484660959015372,15.0,1.4846609590153719
landshuter_allee,lightgbm,autumn_2024,956,39,16.583304155863946,16.0,0.5833041558639458
landshuter_allee,lightgbm,autumn_2024,957,39,16.973783930401986,16.0,0.9737839304019857
landshuter_allee,lightgbm,autumn_2024,958,39,17.450535249963707,17.0,0.450535249963707
landshuter_allee,lightgbm,autumn_2024,959,39,17.807519974749514,16.0,1.807519974749514
landshuter_allee,lightgbm,autumn_2024,960,40,17.52852362746453,18.0,0.47147637253547003
landshuter_allee,lightgbm,autumn_2024,961,40,17.344352588612836,18.0,0.6556474113871644
landshuter_allee,lightgbm,autumn_2024,962,40,12.374234574593814,11.0,1.3742345745938138
landshuter_allee,lightgbm,autumn_2024,963,40,7.249155395532509,7.0,0.24915539553250898
landshuter_allee,lightgbm,autumn_2024,964,40,6.667513254298257,6.0,0.6675132542982567
landshuter_allee,lightgbm,autumn_2024,965,40,6.222371777237561,6.0,0.2223717772375613
landshuter_allee,lightgbm,autumn_2024,966,40,6.0439049664264415,5.0,1.0439049664264415
landshuter_allee,lightgbm,autumn_2024,967,40,5.705023920524277,6.0,0.294976079475723
landshuter_allee,lightgbm,autumn_2024,968,40,5.948320554228297,5.0,0.9483205542282969
landshuter_allee,lightgbm,autumn_2024,969,40,6.398758940750078,6.0,0.3987589407500778
landshuter_allee,lightgbm,autumn_2024,970,40,7.242791572213873,7.0,0.24279157221387315
landshuter_allee,lightgbm,autumn_2024,971,40,8.394967445902456,7.0,1.3949674459024557
landshuter_allee,lightgbm,autumn_2024,972,40,7.6715937398241625,5.0,2.6715937398241625
landshuter_allee,lightgbm,autumn_2024,973,40,8.00144627578025,6.0,2.00144627578025
landshuter_allee,lightgbm,autumn_2024,974,40,8.145603065778172,6.0,2.1456030657781717
landshuter_allee,lightgbm,autumn_2024,975,40,8.88551097598748,8.0,0.8855109759874793
landshuter_allee,lightgbm,autumn_2024,976,40,9.454278524115422,8.0,1.4542785241154217
landshuter_allee,lightgbm,autumn_2024,977,40,9.897561574296617,7.0,2.897561574296617
landshuter_allee,lightgbm,autumn_2024,978,40,10.806169764907798,9.0,1.8061697649077981
landshuter_allee,lightgbm,autumn_2024,979,40,11.779270644700672,11.0,0.7792706447006719
landshuter_allee,lightgbm,autumn_2024,980,40,13.091035457096645,12.0,1.0910354570966447
landshuter_allee,lightgbm,autumn_2024,981,40,13.77135134095415,12.0,1.7713513409541495
landshuter_allee,lightgbm,autumn_2024,982,40,13.966607851176136,14.0,0.03339214882386443
landshuter_allee,lightgbm,autumn_2024,983,40,14.63344475078904,15.0,0.3665552492109594
landshuter_allee,lightgbm,autumn_2024,984,41,16.036629825235547,15.0,1.036629825235547
landshuter_allee,lightgbm,autumn_2024,985,41,17.681631836617967,17.0,0.6816318366179672
landshuter_allee,lightgbm,autumn_2024,986,41,18.695697044673885,17.0,1.695697044673885
landshuter_allee,lightgbm,autumn_2024,987,41,19.098528851482964,16.0,3.098528851482964
landshuter_allee,lightgbm,autumn_2024,988,41,19.314130626762548,17.0,2.314130626762548
landshuter_allee,lightgbm,autumn_2024,989,41,20.375531294746928,18.0,2.375531294746928
landshuter_allee,lightgbm,autumn_2024,990,41,21.521982466328037,18.0,3.521982466328037
landshuter_allee,lightgbm,autumn_2024,991,41,21.17991024758698,17.0,4.179910247586982
landshuter_allee,lightgbm,autumn_2024,992,41,19.098810536803345,14.0,5.098810536803345
landshuter_allee,lightgbm,autumn_2024,993,41,18.15991177776375,14.5,3.6599117777637495
landshuter_allee,lightgbm,autumn_2024,994,41,18.312756719674073,15.0,3.3127567196740735
landshuter_allee,lightgbm,autumn_2024,995,41,19.738198457244145,16.0,3.7381984572441453
landshuter_allee,lightgbm,autumn_2024,996,41,21.041204725522018,19.0,2.041204725522018
landshuter_allee,lightgbm,autumn_2024,997,41,19.8312810370598,20.0,0.1687189629402006
landshuter_allee,lightgbm,autumn_2024,998,41,18.965602549218136,19.0,0.034397450781863625
landshuter_allee,lightgbm,autumn_2024,999,41,19.260549401667543,19.0,0.2605494016675429
landshuter_allee,lightgbm,autumn_2024,1000,41,20.435220305927498,19.0,1.4352203059274977
landshuter_allee,lightgbm,autumn_2024,1001,41,23.384474286158415,23.0,0.38447428615841517
landshuter_allee,lightgbm,autumn_2024,1002,41,23.262911181750624,21.0,2.2629111817506242
landshuter_allee,lightgbm,autumn_2024,1003,41,22.277965827527755,18.0,4.277965827527755
landshuter_allee,lightgbm,autumn_2024,1004,41,21.03327992316357,16.0,5.033279923163569
landshuter_allee,lightgbm,autumn_2024,1005,41,20.144918793747575,18.0,2.144918793747575
landshuter_allee,lightgbm,autumn_2024,1006,41,20.045093628194476,18.0,2.0450936281944756
landshuter_allee,lightgbm,autumn_2024,1007,41,19.558246475430295,18.0,1.5582464754302947
landshuter_allee,lightgbm,autumn_2024,1008,42,19.576749864434177,18.0,1.576749864434177
landshuter_allee,lightgbm,autumn_2024,1009,42,20.661228362869757,21.0,0.33877163713024316
landshuter_allee,lightgbm,autumn_2024,1010,42,23.184940800468468,25.0,1.8150591995315324
landshuter_allee,lightgbm,autumn_2024,1011,42,23.746552187630847,27.0,3.253447812369153
landshuter_allee,lightgbm,autumn_2024,1012,42,23.576910190671757,25.0,1.4230898093282427
landshuter_allee,lightgbm,autumn_2024,1013,42,23.69694396466971,24.0,0.3030560353302896
landshuter_allee,lightgbm,autumn_2024,1014,42,27.55846114060372,32.0,4.441538859396282
landshuter_allee,lightgbm,autumn_2024,1015,42,33.89105540396396,39.0,5.108944596036039
landshuter_allee,lightgbm,autumn_2024,1016,42,35.91249690759067,38.0,2.087503092409328
landshuter_allee,lightgbm,autumn_2024,1017,42,33.73304523957814,31.0,2.7330452395781393
landshuter_allee,lightgbm,autumn_2024,1018,42,29.531921768928044,26.0,3.5319217689280435
landshuter_allee,lightgbm,autumn_2024,1019,42,26.74031449955538,25.0,1.7403144995553816
landshuter_allee,lightgbm,autumn_2024,1020,42,20.724830300242676,19.0,1.724830300242676
landshuter_allee,lightgbm,autumn_2024,1021,42,15.793335176396681,14.0,1.7933351763966812
landshuter_allee,lightgbm,autumn_2024,1022,42,14.838156050056742,14.0,0.8381560500567424
landshuter_allee,lightgbm,autumn_2024,1023,42,15.652634133594624,17.0,1.3473658664053758
landshuter_allee,lightgbm,autumn_2024,1024,42,15.773942476325127,16.0,0.2260575236748732
landshuter_allee,lightgbm,autumn_2024,1025,42,14.793588860928645,14.0,0.7935888609286454
landshuter_allee,lightgbm,autumn_2024,1026,42,15.005698230822514,14.0,1.0056982308225138
landshuter_allee,lightgbm,autumn_2024,1027,42,16.10594617123171,15.0,1.105946171231711
landshuter_allee,lightgbm,autumn_2024,1028,42,17.37732400410861,17.0,0.37732400410860834
landshuter_allee,lightgbm,autumn_2024,1029,42,18.712656189318594,18.0,0.7126561893185936
landshuter_allee,lightgbm,autumn_2024,1030,42,19.15987359951304,19.0,0.15987359951304114
landshuter_allee,lightgbm,autumn_2024,1031,42,18.655801815343555,19.0,0.34419818465644525
landshuter_allee,lightgbm,autumn_2024,1032,43,18.575077042129706,19.0,0.42492295787029377
landshuter_allee,lightgbm,autumn_2024,1033,43,19.028609338657432,21.0,1.9713906613425678
landshuter_allee,lightgbm,autumn_2024,1034,43,19.072694464506533,22.0,2.927305535493467
landshuter_allee,lightgbm,autumn_2024,1035,43,20.069757367663446,24.0,3.9302426323365545
landshuter_allee,lightgbm,autumn_2024,1036,43,20.356659804539092,23.0,2.643340195460908
landshuter_allee,lightgbm,autumn_2024,1037,43,20.84327174451683,21.0,0.15672825548316993
landshuter_allee,lightgbm,autumn_2024,1038,43,19.9849310742333,19.0,0.9849310742333017
landshuter_allee,lightgbm,autumn_2024,1039,43,19.535296403422475,22.0,2.4647035965775252
landshuter_allee,lightgbm,autumn_2024,1040,43,19.616161530406746,21.0,1.383838469593254
landshuter_allee,lightgbm,autumn_2024,1041,43,19.58252615569037,21.0,1.4174738443096295
landshuter_allee,lightgbm,autumn_2024,1042,43,19.869838559290994,21.0,1.1301614407090064
landshuter_allee,lightgbm,autumn_2024,1043,43,20.31928650911226,21.0,0.6807134908877401
landshuter_allee,lightgbm,autumn_2024,1044,43,21.68104300535917,21.0,0.6810430053591716
landshuter_allee,lightgbm,autumn_2024,1045,43,21.23445461756267,21.0,0.23445461756266894
landshuter_allee,lightgbm,autumn_2024,1046,43,19.770327704308592,19.0,0.7703277043085919
landshuter_allee,lightgbm,autumn_2024,1047,43,18.031671384505554,16.0,2.031671384505554
landshuter_allee,lightgbm,autumn_2024,1048,43,17.831896068986918,17.0,0.8318960689869179
landshuter_allee,lightgbm,autumn_2024,1049,43,17.670876011604168,18.0,0.3291239883958319
landshuter_allee,lightgbm,autumn_2024,1050,43,18.833463102460875,19.0,0.1665368975391246
landshuter_allee,lightgbm,autumn_2024,1051,43,18.87340001325086,19.0,0.12659998674914164
landshuter_allee,lightgbm,autumn_2024,1052,43,18.079040458091967,17.0,1.079040458091967
landshuter_allee,lightgbm,autumn_2024,1053,43,17.237248783573975,16.0,1.2372487835739747
landshuter_allee,lightgbm,autumn_2024,1054,43,15.70488574206414,14.0,1.7048857420641408
landshuter_allee,lightgbm,autumn_2024,1055,43,13.400942740216314,13.0,0.4009427402163137
