station,model,window,hour_index,day_index,pred,actual,abs_error
landshuter_allee,dlinear,spring_2024,0,0,17.34602595851696,17.0,0.34602595851696094
landshuter_allee,dlinear,spring_2024,1,0,15.044699585910868,17.0,1.9553004140891321
landshuter_allee,dlinear,spring_2024,2,0,14.248594738199102,16.0,1.7514052618008975
landshuter_allee,dlinear,spring_2024,3,0,13.953584529917606,16.0,2.046415470082394
landshuter_allee,dlinear,spring_2024,4,0,13.97972212525001,16.0,2.02027787474999
landshuter_allee,dlinear,spring_2024,5,0,13.84625649679155,15.0,1.1537435032084495
landshuter_allee,dlinear,spring_2024,6,0,13.796683465982,14.0,0.20331653401800054
landshuter_allee,dlinear,spring_2024,7,0,13.243807777362962,12.0,1.2438077773629619
landshuter_allee,dlinear,spring_2024,8,0,12.347291334822156,11.0,1.347291334822156
landshuter_allee,dlinear,spring_2024,9,0,10.522557707825701,9.0,1.522557707825701
landshuter_allee,dlinear,spring_2024,10,0,9.09668679443599,7.0,2.096686794435991
landshuter_allee,dlinear,spring_2024,11,0,8.436594536212908,8.0,0.4365945362129082
landshuter_allee,dlinear,spring_2024,12,0,8.276460798936833,9.0,0.7235392010631667
landshuter_allee,dlinear,spring_2024,13,0,8.395499303418987,9.0,0.6045006965810131
landshuter_allee,dlinear,spring_2024,14,0,7.564798675353227,8.0,0.43520132464677275
landshuter_allee,dlinear,spring_2024,15,0,6.558662298037868,7.0,0.44133770196213185
landshuter_allee,dlinear,spring_2024,16,0,5.658508809160778,5.0,0.6585088091607778
landshuter_allee,dlinear,spring_2024,17,0,4.661556468371162,5.0,0.33844353162883767
landshuter_allee,dlinear,spring_2024,18,0,5.900849792354542,6.0,0.09915020764545801
landshuter_allee,dlinear,spring_2024,19,0,7.803899588444429,9.0,1.1961004115555713
landshuter_allee,dlinear,spring_2024,20,0,8.987761763224297,7.0,1.987761763224297
landshuter_allee,dlinear,spring_2024,21,0,8.657913317999682,6.0,2.6579133179996823
landshuter_allee,dlinear,spring_2024,22,0,7.527020124459937,5.0,2.527020124459937
landshuter_allee,dlinear,spring_2024,23,0,5.940320054522964,4.0,1.9403200545229637
landshuter_allee,dlinear,spring_2024,24,1,5.697401127925147,4.0,1.697401127925147
landshuter_allee,dlinear,spring_2024,25,1,5.026395321138561,3.0,2.026395321138561
landshuter_allee,dlinear,spring_2024,26,1,3.8963790125989872,2.0,1.8963790125989872
landshuter_allee,dlinear,spring_2024,27,1,3.280071811453071,2.0,1.280071811453071
landshuter_allee,dlinear,spring_2024,28,1,3.1083980711573167,2.0,1.1083980711573167
landshuter_allee,dlinear,spring_2024,29,1,3.303328384639853,2.0,1.303328384639853
landshuter_allee,dlinear,spring_2024,30,1,3.5266095042035195,2.0,1.5266095042035195
landshuter_allee,dlinear,spring_2024,31,1,3.2958959990812504,2.0,1.2958959990812504
landshuter_allee,dlinear,spring_2024,32,1,3.7964747968734547,2.0,1.7964747968734547
landshuter_allee,dlinear,spring_2024,33,1,4.64312701055493,3.0,1.64312701055493
landshuter_allee,dlinear,spring_2024,34,1,5.3274106718857,3.0,2.3274106718857004
landshuter_allee,dlinear,spring_2024,35,1,5.420540637352993,1.0,4.420540637352993
landshuter_allee,dlinear,spring_2024,36,1,5.605146867036911,2.0,3.605146867036911
landshuter_allee,dlinear,spring_2024,37,1,5.81133890407298,2.0,3.81133890407298
landshuter_allee,dlinear,spring_2024,38,1,6.498534829471042,4.0,2.4985348294710423
landshuter_allee,dlinear,spring_2024,39,1,7.472718267547936,4.0,3.472718267547936
landshuter_allee,dlinear,spring_2024,40,1,6.959315696537644,4.0,2.9593156965376437
landshuter_allee,dlinear,spring_2024,41,1,6.559527091795382,4.0,2.559527091795382
landshuter_allee,dlinear,spring_2024,42,1,6.197482217860423,3.0,3.197482217860423
landshuter_allee,dlinear,spring_2024,43,1,5.5866479945326155,3.0,2.5866479945326155
landshuter_allee,dlinear,spring_2024,44,1,4.540859360867947,3.0,1.5408593608679473
landshuter_allee,dlinear,spring_2024,45,1,3.6431223161753494,2.0,1.6431223161753494
landshuter_allee,dlinear,spring_2024,46,1,2.9737807416513986,3.0,0.026219258348601393
landshuter_allee,dlinear,spring_2024,47,1,1.4671069996099955,0.5,0.9671069996099955
landshuter_allee,dlinear,spring_2024,48,2,0.757369035603384,0.4,0.35736903560338396
landshuter_allee,dlinear,spring_2024,49,2,0.5497589175343114,0.3,0.2497589175343114
landshuter_allee,dlinear,spring_2024,50,2,0.6709795617978673,0.4,0.2709795617978673
landshuter_allee,dlinear,spring_2024,51,2,0.4581876815839294,0.3,0.15818768158392943
landshuter_allee,dlinear,spring_2024,52,2,0.36055499486597586,0.3,0.060554994865975875
landshuter_allee,dlinear,spring_2024,53,2,0.3546457533567722,0.3,0.054645753356772186
landshuter_allee,dlinear,spring_2024,54,2,0.4502004218386877,0.3,0.1502004218386877
landshuter_allee,dlinear,spring_2024,55,2,0.40378878633057447,0.3,0.10378878633057448
landshuter_allee,dlinear,spring_2024,56,2,0.37590563032428337,0.4,0.024094369675716654
landshuter_allee,dlinear,spring_2024,57,2,1.113491956013127,0.5,0.6134919560131269
landshuter_allee,dlinear,spring_2024,58,2,1.1063149028434052,0.4,0.7063149028434051
landshuter_allee,dlinear,spring_2024,59,2,1.0768100752755476,0.4,0.6768100752755476
landshuter_allee,dlinear,spring_2024,60,2,1.1404449317403622,0.3,0.8404449317403622
landshuter_allee,dlinear,spring_2024,61,2,1.244321628925773,0.3,0.944321628925773
landshuter_allee,dlinear,spring_2024,62,2,1.893629647037036,1.0,0.893629647037036
landshuter_allee,dlinear,spring_2024,63,2,2.0249590069596173,1.0,1.0249590069596173
landshuter_allee,dlinear,spring_2024,64,2,2.413545881075869,1.0,1.4135458810758692
landshuter_allee,dlinear,spring_2024,65,2,3.2710345253493687,1.0,2.2710345253493687
landshuter_allee,dlinear,spring_2024,66,2,3.674495705183206,1.0,2.674495705183206
landshuter_allee,dlinear,spring_2024,67,2,3.383936605185091,0.9,2.4839366051850913
landshuter_allee,dlinear,spring_2024,68,2,2.8047407763602026,1.0,1.8047407763602026
landshuter_allee,dlinear,spring_2024,69,2,1.9498330875065926,0.8,1.1498330875065925
landshuter_allee,dlinear,spring_2024,70,2,1.2698457888367796,0.6,0.6698457888367796
landshuter_allee,dlinear,spring_2024,71,2,0.8736982781580682,0.4,0.4736982781580682
landshuter_allee,dlinear,spring_2024,72,3,0.5732125863179163,0.3,0.2732125863179163
landshuter_allee,dlinear,spring_2024,73,3,0.758490429149008,0.5,0.258490429149008
landshuter_allee,dlinear,spring_2024,74,3,0.8445899233558238,0.5,0.34458992335582384
landshuter_allee,dlinear,spring_2024,75,3,0.9048030061686316,0.3,0.6048030061686316
landshuter_allee,dlinear,spring_2024,76,3,1.279846275027539,0.7,0.579846275027539
landshuter_allee,dlinear,spring_2024,77,3,1.942786103646617,1.0,0.942786103646617
landshuter_allee,dlinear,spring_2024,78,3,2.649671240899633,1.0,1.6496712408996328
landshuter_allee,dlinear,spring_2024,79,3,3.6635600995668938,2.0,1.6635600995668938
landshuter_allee,dlinear,spring_2024,80,3,4.625637203434849,2.0,2.6256372034348487
landshuter_allee,dlinear,spring_2024,81,3,5.296492668061168,2.0,3.296492668061168
landshuter_allee,dlinear,spring_2024,82,3,5.9025694367774975,2.0,3.9025694367774975
landshuter_allee,dlinear,spring_2024,83,3,5.902323941905976,2.0,3.9023239419059763
landshuter_allee,dlinear,spring_2024,84,3,5.857941686380524,3.0,2.8579416863805243
landshuter_allee,dlinear,spring_2024,85,3,5.277104501959382,3.0,2.277104501959382
landshuter_allee,dlinear,spring_2024,86,3,4.539417924243464,3.0,1.5394179242434642
landshuter_allee,dlinear,spring_2024,87,3,4.403754142089247,3.0,1.4037541420892472
landshuter_allee,dlinear,spring_2024,88,3,4.628602781548778,4.0,0.6286027815487776
landshuter_allee,dlinear,spring_2024,89,3,4.916348590473735,3.0,1.916348590473735
landshuter_allee,dlinear,spring_2024,90,3,5.583767295257048,5.0,0.5837672952570481
landshuter_allee,dlinear,spring_2024,91,3,6.493222749084875,7.0,0.5067772509151247
landshuter_allee,dlinear,spring_2024,92,3,7.086890627097344,9.0,1.9131093729026558
landshuter_allee,dlinear,spring_2024,93,3,6.733123457807576,9.0,2.266876542192424
landshuter_allee,dlinear,spring_2024,94,3,6.1077868100672355,9.0,2.8922131899327645
landshuter_allee,dlinear,spring_2024,95,3,5.853959484182797,9.0,3.1460405158172033
landshuter_allee,dlinear,spring_2024,96,4,5.598865689185682,9.0,3.401134310814318
landshuter_allee,dlinear,spring_2024,97,4,5.955018494495212,10.0,4.044981505504788
landshuter_allee,dlinear,spring_2024,98,4,6.409270853294823,10.0,3.5907291467051774
landshuter_allee,dlinear,spring_2024,99,4,6.599164499786547,10.0,3.4008355002134527
landshuter_allee,dlinear,spring_2024,100,4,6.411702049161409,8.0,1.5882979508385908
landshuter_allee,dlinear,spring_2024,101,4,6.376629414068321,8.0,1.6233705859316787
landshuter_allee,dlinear,spring_2024,102,4,6.980161708982918,7.0,0.019838291017081566
landshuter_allee,dlinear,spring_2024,103,4,6.885188764580958,8.0,1.114811235419042
landshuter_allee,dlinear,spring_2024,104,4,8.012670924298932,9.0,0.9873290757010675
landshuter_allee,dlinear,spring_2024,105,4,8.237680657583908,7.0,1.2376806575839083
landshuter_allee,dlinear,spring_2024,106,4,7.761621080206441,6.0,1.7616210802064414
landshuter_allee,dlinear,spring_2024,107,4,7.213793486705041,5.0,2.2137934867050406
landshuter_allee,dlinear,spring_2024,108,4,6.839420704279738,5.0,1.8394207042797381
landshuter_allee,dlinear,spring_2024,109,4,6.944186091016928,6.0,0.9441860910169284
landshuter_allee,dlinear,spring_2024,110,4,7.8809665397146835,6.0,1.8809665397146835
landshuter_allee,dlinear,spring_2024,111,4,8.490690048271194,7.0,1.490690048271194
landshuter_allee,dlinear,spring_2024,112,4,8.538814295362263,7.0,1.538814295362263
landshuter_allee,dlinear,spring_2024,113,4,8.254483925640251,6.0,2.254483925640251
landshuter_allee,dlinear,spring_2024,114,4,8.963179784670096,8.0,0.9631797846700962
landshuter_allee,dlinear,spring_2024,115,4,10.51344540954419,11.0,0.4865545904558104
landshuter_allee,dlinear,spring_2024,116,4,12.427710499631836,13.0,0.5722895003681643
landshuter_allee,dlinear,spring_2024,117,4,14.375971640572212,13.0,1.375971640572212
landshuter_allee,dlinear,spring_2024,118,4,14.352493541799994,11.0,3.352493541799994
landshuter_allee,dlinear,spring_2024,119,4,12.100447385181418,6.0,6.100447385181418
landshuter_allee,dlinear,spring_2024,120,5,10.673281795313835,6.0,4.6732817953138355
landshuter_allee,dlinear,spring_2024,121,5,9.874986936974517,7.0,2.8749869369745173
landshuter_allee,dlinear,spring_2024,122,5,8.661067283184973,6.0,2.6610672831849733
landshuter_allee,dlinear,spring_2024,123,5,7.2732552182408785,5.0,2.2732552182408785
landshuter_allee,dlinear,spring_2024,124,5,6.020325019949961,3.0,3.0203250199499614
landshuter_allee,dlinear,spring_2024,125,5,6.823435297211749,5.0,1.8234352972117494
landshuter_allee,dlinear,spring_2024,126,5,8.211475098273336,7.0,1.2114750982733362
landshuter_allee,dlinear,spring_2024,127,5,9.484224520356156,9.0,0.4842245203561557
landshuter_allee,dlinear,spring_2024,128,5,9.933562969880766,8.0,1.9335629698807661
landshuter_allee,dlinear,spring_2024,129,5,10.848597583139913,9.0,1.848597583139913
landshuter_allee,dlinear,spring_2024,130,5,7.879036893406997,4.0,3.8790368934069974
landshuter_allee,dlinear,spring_2024,131,5,5.281136819450657,3.0,2.2811368194506567
landshuter_allee,dlinear,spring_2024,132,5,3.5106226939083185,3.0,0.5106226939083185
landshuter_allee,dlinear,spring_2024,133,5,2.785786873116461,3.0,0.21421312688353922
landshuter_allee,dlinear,spring_2024,134,5,3.197085927768809,3.0,0.19708592776880884
landshuter_allee,dlinear,spring_2024,135,5,9.075559850053143,9.0,0.0755598500531427
landshuter_allee,dlinear,spring_2024,136,5,15.240791303873369,17.0,1.759208696126631
landshuter_allee,dlinear,spring_2024,137,5,20.06240564901632,20.0,0.06240564901631984
landshuter_allee,dlinear,spring_2024,138,5,17.030294044725665,8.0,9.030294044725665
landshuter_allee,dlinear,spring_2024,139,5,11.356638849725138,5.0,6.3566388497251385
landshuter_allee,dlinear,spring_2024,140,5,6.674938036313279,2.0,4.674938036313279
landshuter_allee,dlinear,spring_2024,141,5,3.2872176828021455,1.0,2.2872176828021455
landshuter_allee,dlinear,spring_2024,142,5,1.718519546520005,4.0,2.281480453479995
landshuter_allee,dlinear,spring_2024,143,5,0.4436554344652728,2.0,1.5563445655347272
landshuter_allee,dlinear,spring_2024,144,6,-0.38077855820556916,0.8,1.1807785582055692
landshuter_allee,dlinear,spring_2024,145,6,-0.6847533145544631,0.4,1.084753314554463
landshuter_allee,dlinear,spring_2024,146,6,-0.615936545534638,0.3,0.915936545534638
landshuter_allee,dlinear,spring_2024,147,6,-0.7734850608508008,0.3,1.0734850608508009
landshuter_allee,dlinear,spring_2024,148,6,-0.6651829616719236,0.3,0.9651829616719236
landshuter_allee,dlinear,spring_2024,149,6,0.0892251785179794,1.0,0.9107748214820206
landshuter_allee,dlinear,spring_2024,150,6,0.9678010418478751,0.8,0.16780104184787503
landshuter_allee,dlinear,spring_2024,151,6,0.17559246441101495,0.6,0.42440753558898503
landshuter_allee,dlinear,spring_2024,152,6,-0.657300699126552,0.8,1.457300699126552
landshuter_allee,dlinear,spring_2024,153,6,-0.9004022162143253,1.0,1.9004022162143253
landshuter_allee,dlinear,spring_2024,154,6,0.0283564638841165,2.0,1.9716435361158835
landshuter_allee,dlinear,spring_2024,155,6,2.0601484838917896,3.0,0.9398515161082104
landshuter_allee,dlinear,spring_2024,156,6,3.406701349755087,3.0,0.4067013497550871
landshuter_allee,dlinear,spring_2024,157,6,2.886933477013524,2.0,0.8869334770135242
landshuter_allee,dlinear,spring_2024,158,6,2.114983579496486,1.0,1.114983579496486
landshuter_allee,dlinear,spring_2024,159,6,2.1983958920935165,2.0,0.1983958920935165
landshuter_allee,dlinear,spring_2024,160,6,2.437733432097515,2.0,0.4377334320975148
landshuter_allee,dlinear,spring_2024,161,6,3.164994106931559,4.0,0.8350058930684412
landshuter_allee,dlinear,spring_2024,162,6,3.456728942731125,3.0,0.4567289427311252
landshuter_allee,dlinear,spring_2024,163,6,3.997034475192433,5.0,1.0029655248075668
landshuter_allee,dlinear,spring_2024,164,6,3.9028149499300735,5.0,1.0971850500699265
landshuter_allee,dlinear,spring_2024,165,6,3.5817217146847153,4.0,0.41827828531528466
landshuter_allee,dlinear,spring_2024,166,6,3.303129848966655,5.0,1.696870151033345
landshuter_allee,dlinear,spring_2024,167,6,2.598590355872897,3.0,0.4014096441271029
landshuter_allee,dlinear,spring_2024,168,7,1.9221606905905202,2.0,0.0778393094094798
landshuter_allee,dlinear,spring_2024,169,7,1.0365911640273686,0.5,0.5365911640273686
landshuter_allee,dlinear,spring_2024,170,7,0.0998208497902553,0.3,0.2001791502097447
landshuter_allee,dlinear,spring_2024,171,7,-0.7129495956485608,0.3,1.0129495956485608
landshuter_allee,dlinear,spring_2024,172,7,-0.8904580078439306,0.3,1.1904580078439306
landshuter_allee,dlinear,spring_2024,173,7,-0.7039101536325618,0.3,1.0039101536325619
landshuter_allee,dlinear,spring_2024,174,7,-0.22978335830531949,0.3,0.5297833583053195
landshuter_allee,dlinear,spring_2024,175,7,0.18772276610886385,0.5,0.31227723389113615
landshuter_allee,dlinear,spring_2024,176,7,0.058733535572437656,0.9,0.8412664644275624
landshuter_allee,dlinear,spring_2024,177,7,-0.04540127275835104,1.0,1.045401272758351
landshuter_allee,dlinear,spring_2024,178,7,0.0013111889533230503,1.0,0.998688811046677
landshuter_allee,dlinear,spring_2024,179,7,0.5521603918897582,2.0,1.4478396081102418
landshuter_allee,dlinear,spring_2024,180,7,0.9475284875993859,2.0,1.052471512400614
landshuter_allee,dlinear,spring_2024,181,7,0.968101985929068,2.0,1.031898014070932
landshuter_allee,dlinear,spring_2024,182,7,0.42461347911655567,2.0,1.5753865208834443
landshuter_allee,dlinear,spring_2024,183,7,0.2550647042671561,2.0,1.744935295732844
landshuter_allee,dlinear,spring_2024,184,7,0.6261723230066969,2.0,1.373827676993303
landshuter_allee,dlinear,spring_2024,185,7,7.4245747729968095,9.0,1.5754252270031905
landshuter_allee,dlinear,spring_2024,186,7,21.046656911680017,30.0,8.953343088319983
landshuter_allee,dlinear,spring_2024,187,7,31.06967583975784,40.0,8.930324160242161
landshuter_allee,dlinear,spring_2024,188,7,36.817919488415214,42.0,5.182080511584786
landshuter_allee,dlinear,spring_2024,189,7,40.88559791759557,42.0,1.1144020824044318
landshuter_allee,dlinear,spring_2024,190,7,43.49380893275064,42.0,1.493808932750639
landshuter_allee,dlinear,spring_2024,191,7,44.515252187396456,42.0,2.515252187396456
landshuter_allee,dlinear,spring_2024,192,8,45.163193751313685,42.0,3.1631937513136847
landshuter_allee,dlinear,spring_2024,193,8,45.58354732626613,42.0,3.583547326266128
landshuter_allee,dlinear,spring_2024,194,8,45.59196510403379,42.0,3.5919651040337897
landshuter_allee,dlinear,spring_2024,195,8,45.58703298954519,42.0,3.587032989545193
landshuter_allee,dlinear,spring_2024,196,8,45.508693601947044,33.0,12.508693601947044
landshuter_allee,dlinear,spring_2024,197,8,45.50279733096839,28.0,17.50279733096839
landshuter_allee,dlinear,spring_2024,198,8,45.25389165400487,27.0,18.253891654004867
landshuter_allee,dlinear,spring_2024,199,8,44.81059962666248,27.0,17.81059962666248
landshuter_allee,dlinear,spring_2024,200,8,43.78619685370313,23.0,20.78619685370313
landshuter_allee,dlinear,spring_2024,201,8,42.033633496145804,20.0,22.033633496145804
landshuter_allee,dlinear,spring_2024,202,8,41.00752090029832,20.0,21.007520900298317
landshuter_allee,dlinear,spring_2024,203,8,40.543312370015066,18.0,22.543312370015066
landshuter_allee,dlinear,spring_2024,204,8,40.39749035359214,17.0,23.39749035359214
landshuter_allee,dlinear,spring_2024,205,8,40.56658026153007,20.0,20.56658026153007
landshuter_allee,dlinear,spring_2024,206,8,41.53018876322489,22.0,19.530188763224892
landshuter_allee,dlinear,spring_2024,207,8,42.4902525358237,24.0,18.4902525358237
landshuter_allee,dlinear,spring_2024,208,8,43.156949291184716,21.0,22.156949291184716
landshuter_allee,dlinear,spring_2024,209,8,44.186301740787854,24.0,20.186301740787854
landshuter_allee,dlinear,spring_2024,210,8,45.081056040427555,30.0,15.081056040427555
landshuter_allee,dlinear,spring_2024,211,8,45.614719622140086,32.0,13.614719622140086
landshuter_allee,dlinear,spring_2024,212,8,45.32057678548489,31.0,14.320576785484889
landshuter_allee,dlinear,spring_2024,213,8,44.00313035675167,24.0,20.00313035675167
landshuter_allee,dlinear,spring_2024,214,8,38.4347865241286,14.0,24.434786524128597
landshuter_allee,dlinear,spring_2024,215,8,33.08895352275718,14.0,19.08895352275718
landshuter_allee,dlinear,spring_2024,216,9,36.14922104378958,35.0,1.1492210437895807
landshuter_allee,dlinear,spring_2024,217,9,39.713430430056086,29.0,10.713430430056086
landshuter_allee,dlinear,spring_2024,218,9,40.48041924222238,28.0,12.480419242222382
landshuter_allee,dlinear,spring_2024,219,9,36.02200890304808,14.0,22.022008903048082
landshuter_allee,dlinear,spring_2024,220,9,32.26022475283481,14.0,18.26022475283481
landshuter_allee,dlinear,spring_2024,221,9,29.768561866275466,13.0,16.768561866275466
landshuter_allee,dlinear,spring_2024,222,9,28.98525471885494,14.0,14.98525471885494
landshuter_allee,dlinear,spring_2024,223,9,28.753319558216436,15.0,13.753319558216436
landshuter_allee,dlinear,spring_2024,224,9,29.309909998454,16.0,13.309909998454
landshuter_allee,dlinear,spring_2024,225,9,30.588141829448077,16.0,14.588141829448077
landshuter_allee,dlinear,spring_2024,226,9,30.276585085078963,15.0,15.276585085078963
landshuter_allee,dlinear,spring_2024,227,9,28.77450234001435,14.0,14.774502340014351
landshuter_allee,dlinear,spring_2024,228,9,26.659199210831098,13.0,13.659199210831098
landshuter_allee,dlinear,spring_2024,229,9,23.084821633743886,10.0,13.084821633743886
landshuter_allee,dlinear,spring_2024,230,9,20.216743302434615,10.0,10.216743302434615
landshuter_allee,dlinear,spring_2024,231,9,15.260174797689782,7.0,8.260174797689782
landshuter_allee,dlinear,spring_2024,232,9,9.109435301020751,3.0,6.109435301020751
landshuter_allee,dlinear,spring_2024,233,9,5.86278712113237,4.0,1.8627871211323699
landshuter_allee,dlinear,spring_2024,234,9,4.319602201020764,4.0,0.3196022010207642
landshuter_allee,dlinear,spring_2024,235,9,3.6207961214414555,4.0,0.37920387855854454
landshuter_allee,dlinear,spring_2024,236,9,3.129480749436773,4.0,0.8705192505632269
landshuter_allee,dlinear,spring_2024,237,9,2.931670423181062,4.0,1.0683295768189378
landshuter_allee,dlinear,spring_2024,238,9,3.001555436953735,4.0,0.9984445630462648
landshuter_allee,dlinear,spring_2024,239,9,2.430429306221334,3.0,0.5695706937786662
landshuter_allee,dlinear,spring_2024,240,10,2.5992741393339944,2.0,0.5992741393339944
landshuter_allee,dlinear,spring_2024,241,10,2.2611929693135377,0.9,1.3611929693135378
landshuter_allee,dlinear,spring_2024,242,10,2.184321794350163,0.8,1.3843217943501631
landshuter_allee,dlinear,spring_2024,243,10,2.015639939834494,0.8,1.215639939834494
landshuter_allee,dlinear,spring_2024,244,10,2.3717612197084352,1.0,1.3717612197084352
landshuter_allee,dlinear,spring_2024,245,10,2.7492475481795604,1.0,1.7492475481795604
landshuter_allee,dlinear,spring_2024,246,10,3.055450112246941,0.9,2.155450112246941
landshuter_allee,dlinear,spring_2024,247,10,3.1274567258195907,1.0,2.1274567258195907
landshuter_allee,dlinear,spring_2024,248,10,3.8693342845144585,0.9,2.9693342845144586
landshuter_allee,dlinear,spring_2024,249,10,2.959855581577559,0.3,2.6598555815775593
landshuter_allee,dlinear,spring_2024,250,10,1.5850126084763505,0.3,1.2850126084763505
landshuter_allee,dlinear,spring_2024,251,10,0.7055630777539625,0.3,0.40556307775396255
landshuter_allee,dlinear,spring_2024,252,10,0.10906661392187678,0.5,0.3909333860781232
landshuter_allee,dlinear,spring_2024,253,10,-0.2743401721441363,0.3,0.5743401721441364
landshuter_allee,dlinear,spring_2024,254,10,-0.5122230815657849,0.4,0.9122230815657849
landshuter_allee,dlinear,spring_2024,255,10,-0.6183205701676138,0.6,1.2183205701676139
landshuter_allee,dlinear,spring_2024,256,10,-0.41960653278872284,0.7,1.1196065327887228
landshuter_allee,dlinear,spring_2024,257,10,0.29311758781024744,0.9,0.6068824121897526
landshuter_allee,dlinear,spring_2024,258,10,0.9947052318771501,1.0,0.005294768122849902
landshuter_allee,dlinear,spring_2024,259,10,1.5162020283665485,2.0,0.4837979716334515
landshuter_allee,dlinear,spring_2024,260,10,1.235407950145322,2.0,0.7645920498546781
landshuter_allee,dlinear,spring_2024,261,10,0.611728246178008,1.0,0.38827175382199197
landshuter_allee,dlinear,spring_2024,262,10,-0.16689703202686434,0.6,0.7668970320268643
landshuter_allee,dlinear,spring_2024,263,10,-0.5427275568430865,0.5,1.0427275568430865
landshuter_allee,dlinear,spring_2024,264,11,-0.7697311724222677,0.7,1.4697311724222677
landshuter_allee,dlinear,spring_2024,265,11,-1.1485393334043348,0.8,1.9485393334043348
landshuter_allee,dlinear,spring_2024,266,11,-1.477735980120108,0.8,2.277735980120108
landshuter_allee,dlinear,spring_2024,267,11,-1.5187027197000496,0.9,2.4187027197000495
landshuter_allee,dlinear,spring_2024,268,11,-1.0368950528414476,1.0,2.0368950528414476
landshuter_allee,dlinear,spring_2024,269,11,-0.09290727342294858,2.0,2.0929072734229486
landshuter_allee,dlinear,spring_2024,270,11,1.1494653273450086,2.0,0.8505346726549914
landshuter_allee,dlinear,spring_2024,271,11,2.151206137460389,2.0,0.15120613746038902
landshuter_allee,dlinear,spring_2024,272,11,2.0803095950102337,1.0,1.0803095950102337
landshuter_allee,dlinear,spring_2024,273,11,2.2797454574769773,2.0,0.2797454574769773
landshuter_allee,dlinear,spring_2024,274,11,3.4772653701414518,3.0,0.47726537014145176
landshuter_allee,dlinear,spring_2024,275,11,3.8295714710404916,2.0,1.8295714710404916
landshuter_allee,dlinear,spring_2024,276,11,3.707998867989894,2.0,1.707998867989894
landshuter_allee,dlinear,spring_2024,277,11,3.612951837919388,2.0,1.612951837919388
landshuter_allee,dlinear,spring_2024,278,11,3.1298234089741546,2.0,1.1298234089741546
landshuter_allee,dlinear,spring_2024,279,11,2.758886433809761,3.0,0.24111356619023905
landshuter_allee,dlinear,spring_2024,280,11,2.3980928007639157,3.0,0.6019071992360843
landshuter_allee,dlinear,spring_2024,281,11,2.612687283713077,3.0,0.3873127162869232
landshuter_allee,dlinear,spring_2024,282,11,3.9281981638347894,5.0,1.0718018361652106
landshuter_allee,dlinear,spring_2024,283,11,5.334880558739124,6.0,0.6651194412608756
landshuter_allee,dlinear,spring_2024,284,11,5.635592800923058,6.0,0.3644071990769424
landshuter_allee,dlinear,spring_2024,285,11,4.594555766555589,4.0,0.5945557665555894
landshuter_allee,dlinear,spring_2024,286,11,3.719008098520982,5.0,1.2809919014790179
landshuter_allee,dlinear,spring_2024,287,11,3.0590959814435434,4.0,0.9409040185564566
landshuter_allee,dlinear,spring_2024,288,12,2.63139016861901,4.0,1.36860983138099
landshuter_allee,dlinear,spring_2024,289,12,2.3761766295963787,4.0,1.6238233704036213
landshuter_allee,dlinear,spring_2024,290,12,2.5146279273717633,4.0,1.4853720726282367
landshuter_allee,dlinear,spring_2024,291,12,2.7170160909787886,3.0,0.2829839090212114
landshuter_allee,dlinear,spring_2024,292,12,3.0100089005242183,3.0,0.010008900524218323
landshuter_allee,dlinear,spring_2024,293,12,3.4822303521328273,3.0,0.4822303521328273
landshuter_allee,dlinear,spring_2024,294,12,4.2683264099070675,4.0,0.26832640990706746
landshuter_allee,dlinear,spring_2024,295,12,5.056554788170709,5.0,0.05655478817070936
landshuter_allee,dlinear,spring_2024,296,12,5.914217961454961,5.0,0.9142179614549608
landshuter_allee,dlinear,spring_2024,297,12,7.364221848704341,6.0,1.3642218487043412
landshuter_allee,dlinear,spring_2024,298,12,7.772182977384261,6.0,1.7721829773842606
landshuter_allee,dlinear,spring_2024,299,12,7.780235594336755,5.0,2.780235594336755
landshuter_allee,dlinear,spring_2024,300,12,7.538118268549722,4.0,3.538118268549722
landshuter_allee,dlinear,spring_2024,301,12,7.422593279772266,5.0,2.422593279772266
landshuter_allee,dlinear,spring_2024,302,12,7.679935364919758,5.0,2.679935364919758
landshuter_allee,dlinear,spring_2024,303,12,7.265347392887315,4.0,3.265347392887315
landshuter_allee,dlinear,spring_2024,304,12,7.88682624352038,6.0,1.88682624352038
landshuter_allee,dlinear,spring_2024,305,12,9.819707090964434,8.0,1.8197070909644335
landshuter_allee,dlinear,spring_2024,306,12,9.448723030912408,7.0,2.448723030912408
landshuter_allee,dlinear,spring_2024,307,12,7.644087617395537,5.0,2.644087617395537
landshuter_allee,dlinear,spring_2024,308,12,5.526473021489934,4.0,1.5264730214899336
landshuter_allee,dlinear,spring_2024,309,12,3.6005624618640475,3.0,0.6005624618640475
landshuter_allee,dlinear,spring_2024,310,12,2.5072092547704585,3.0,0.49279074522954147
landshuter_allee,dlinear,spring_2024,311,12,1.4143810187905181,2.0,0.5856189812094819
landshuter_allee,dlinear,spring_2024,312,13,0.8831824187755983,2.0,1.1168175812244017
landshuter_allee,dlinear,spring_2024,313,13,0.7803783435609768,2.0,1.2196216564390232
landshuter_allee,dlinear,spring_2024,314,13,0.6993517217872811,2.0,1.300648278212719
landshuter_allee,dlinear,spring_2024,315,13,0.7646243369881907,2.0,1.2353756630118093
landshuter_allee,dlinear,spring_2024,316,13,1.152072950711589,3.0,1.847927049288411
landshuter_allee,dlinear,spring_2024,317,13,1.8115711139289998,3.0,1.1884288860710002
landshuter_allee,dlinear,spring_2024,318,13,2.7988704587504247,3.0,0.20112954124957527
landshuter_allee,dlinear,spring_2024,319,13,3.1355097048157665,3.0,0.13550970481576652
landshuter_allee,dlinear,spring_2024,320,13,3.144416780272747,2.0,1.144416780272747
landshuter_allee,dlinear,spring_2024,321,13,3.029152856830323,2.0,1.029152856830323
landshuter_allee,dlinear,spring_2024,322,13,3.2639447573456644,3.0,0.26394475734566436
landshuter_allee,dlinear,spring_2024,323,13,3.719505937488198,5.0,1.280494062511802
landshuter_allee,dlinear,spring_2024,324,13,4.5786320530824325,6.0,1.4213679469175675
landshuter_allee,dlinear,spring_2024,325,13,5.330978094077371,7.0,1.6690219059226292
landshuter_allee,dlinear,spring_2024,326,13,6.1523897506903245,7.0,0.8476102493096755
landshuter_allee,dlinear,spring_2024,327,13,6.573856740694666,7.0,0.42614325930533425
landshuter_allee,dlinear,spring_2024,328,13,6.130379801896744,4.0,2.130379801896744
landshuter_allee,dlinear,spring_2024,329,13,6.053971373471405,4.0,2.0539713734714047
landshuter_allee,dlinear,spring_2024,330,13,5.685435482101182,4.0,1.685435482101182
landshuter_allee,dlinear,spring_2024,331,13,6.11070000888762,3.0,3.11070000888762
landshuter_allee,dlinear,spring_2024,332,13,6.813427216664884,4.0,2.813427216664884
landshuter_allee,dlinear,spring_2024,333,13,7.561186611513562,5.0,2.5611866115135618
landshuter_allee,dlinear,spring_2024,334,13,6.96746429681841,4.0,2.9674642968184104
landshuter_allee,dlinear,spring_2024,335,13,5.6289652656433145,3.0,2.6289652656433145
landshuter_allee,dlinear,spring_2024,336,14,4.397067858444875,2.0,2.397067858444875
landshuter_allee,dlinear,spring_2024,337,14,3.8826842011122755,2.0,1.8826842011122755
landshuter_allee,dlinear,spring_2024,338,14,3.6461015059488524,2.0,1.6461015059488524
landshuter_allee,dlinear,spring_2024,339,14,3.424312289426104,2.0,1.424312289426104
landshuter_allee,dlinear,spring_2024,340,14,3.779618982784087,3.0,0.7796189827840871
landshuter_allee,dlinear,spring_2024,341,14,4.074107838321502,3.0,1.0741078383215017
landshuter_allee,dlinear,spring_2024,342,14,4.360742619218354,3.0,1.360742619218354
landshuter_allee,dlinear,spring_2024,343,14,4.706678881978187,4.0,0.7066788819781866
landshuter_allee,dlinear,spring_2024,344,14,4.362528652244026,4.0,0.3625286522440261
landshuter_allee,dlinear,spring_2024,345,14,3.860058412545177,3.0,0.8600584125451771
landshuter_allee,dlinear,spring_2024,346,14,3.5682224128355307,4.0,0.43177758716446935
landshuter_allee,dlinear,spring_2024,347,14,3.508509692609893,4.0,0.4914903073901069
landshuter_allee,dlinear,spring_2024,348,14,3.6594538373771077,5.0,1.3405461626228923
landshuter_allee,dlinear,spring_2024,349,14,3.39136208461972,4.0,0.6086379153802799
landshuter_allee,dlinear,spring_2024,350,14,3.0634653915889642,5.0,1.9365346084110358
landshuter_allee,dlinear,spring_2024,351,14,3.2674783222241714,5.0,1.7325216777758286
landshuter_allee,dlinear,spring_2024,352,14,4.735474504704712,7.0,2.2645254952952882
landshuter_allee,dlinear,spring_2024,353,14,6.496996735303944,8.0,1.5030032646960558
landshuter_allee,dlinear,spring_2024,354,14,8.286613116800295,10.0,1.7133868831997052
landshuter_allee,dlinear,spring_2024,355,14,9.691372204334067,12.0,2.3086277956659327
landshuter_allee,dlinear,spring_2024,356,14,9.675100858986006,11.0,1.3248991410139936
landshuter_allee,dlinear,spring_2024,357,14,9.270263424280548,9.0,0.2702634242805484
landshuter_allee,dlinear,spring_2024,358,14,7.852488215617088,8.0,0.14751178438291213
landshuter_allee,dlinear,spring_2024,359,14,6.556252342367558,8.0,1.443747657632442
landshuter_allee,dlinear,spring_2024,360,15,5.987915223667172,7.0,1.012084776332828
landshuter_allee,dlinear,spring_2024,361,15,5.310596040768921,7.0,1.689403959231079
landshuter_allee,dlinear,spring_2024,362,15,4.720430837090616,8.0,3.279569162909384
landshuter_allee,dlinear,spring_2024,363,15,5.11613517825508,7.0,1.88386482174492
landshuter_allee,dlinear,spring_2024,364,15,6.1512812177755904,8.0,1.8487187822244096
landshuter_allee,dlinear,spring_2024,365,15,7.32169327416092,10.0,2.6783067258390796
landshuter_allee,dlinear,spring_2024,366,15,6.8217421349596385,7.0,0.17825786504036145
landshuter_allee,dlinear,spring_2024,367,15,6.052085577903678,8.0,1.9479144220963223
landshuter_allee,dlinear,spring_2024,368,15,5.536505040206968,8.0,2.4634949597930316
landshuter_allee,dlinear,spring_2024,369,15,5.1660183217680515,7.0,1.8339816782319485
landshuter_allee,dlinear,spring_2024,370,15,4.884114404045486,7.0,2.1158855959545138
landshuter_allee,dlinear,spring_2024,371,15,4.882145471682774,8.0,3.117854528317226
landshuter_allee,dlinear,spring_2024,372,15,4.846935068779179,7.0,2.153064931220821
landshuter_allee,dlinear,spring_2024,373,15,4.558914975248776,7.0,2.4410850247512244
landshuter_allee,dlinear,spring_2024,374,15,4.500887923664901,7.0,2.4991120763350994
landshuter_allee,dlinear,spring_2024,375,15,4.424932208399023,7.0,2.5750677916009774
landshuter_allee,dlinear,spring_2024,376,15,4.634443501324855,7.0,2.3655564986751454
landshuter_allee,dlinear,spring_2024,377,15,6.414178202030417,10.0,3.585821797969583
landshuter_allee,dlinear,spring_2024,378,15,11.58967696221769,18.0,6.410323037782311
landshuter_allee,dlinear,spring_2024,379,15,18.34801635463963,26.0,7.651983645360371
landshuter_allee,dlinear,spring_2024,380,15,23.442323638019076,24.0,0.5576763619809242
landshuter_allee,dlinear,spring_2024,381,15,21.967620642710987,12.0,9.967620642710987
landshuter_allee,dlinear,spring_2024,382,15,19.914925352932297,12.0,7.914925352932297
landshuter_allee,dlinear,spring_2024,383,15,17.128581707311827,10.0,7.128581707311827
landshuter_allee,dlinear,spring_2024,384,16,13.14733980233708,10.0,3.147339802337081
landshuter_allee,dlinear,spring_2024,385,16,9.879466473562516,8.0,1.8794664735625162
landshuter_allee,dlinear,spring_2024,386,16,8.093871801437867,8.0,0.09387180143786722
landshuter_allee,dlinear,spring_2024,387,16,6.148485870399319,6.0,0.14848587039931882
landshuter_allee,dlinear,spring_2024,388,16,4.878116045674142,6.0,1.1218839543258579
landshuter_allee,dlinear,spring_2024,389,16,3.7914471867764736,5.0,1.2085528132235264
landshuter_allee,dlinear,spring_2024,390,16,3.41214197604199,5.0,1.58785802395801
landshuter_allee,dlinear,spring_2024,391,16,3.5180743378715276,5.0,1.4819256621284724
landshuter_allee,dlinear,spring_2024,392,16,4.194963566142027,5.0,0.805036433857973
landshuter_allee,dlinear,spring_2024,393,16,3.89914558025877,5.0,1.1008544197412302
landshuter_allee,dlinear,spring_2024,394,16,4.471724028626698,6.0,1.5282759713733016
landshuter_allee,dlinear,spring_2024,395,16,7.605911170769179,10.0,2.394088829230821
landshuter_allee,dlinear,spring_2024,396,16,10.870458433594342,12.0,1.129541566405658
landshuter_allee,dlinear,spring_2024,397,16,13.579195983884384,13.0,0.5791959838843841
landshuter_allee,dlinear,spring_2024,398,16,15.313240073765026,13.0,2.3132400737650265
landshuter_allee,dlinear,spring_2024,399,16,16.520079055582617,13.0,3.5200790555826167
landshuter_allee,dlinear,spring_2024,400,16,17.413156396148178,14.0,3.413156396148178
landshuter_allee,dlinear,spring_2024,401,16,18.385632079626937,14.0,4.385632079626937
landshuter_allee,dlinear,spring_2024,402,16,19.309370900459726,15.0,4.309370900459726
landshuter_allee,dlinear,spring_2024,403,16,21.149380511983452,17.0,4.149380511983452
landshuter_allee,dlinear,spring_2024,404,16,19.6032424531144,12.0,7.603242453114401
landshuter_allee,dlinear,spring_2024,405,16,16.982047700855265,12.0,4.982047700855265
landshuter_allee,dlinear,spring_2024,406,16,14.629887515336714,11.0,3.629887515336714
landshuter_allee,dlinear,spring_2024,407,16,11.674716321220389,9.0,2.674716321220389
landshuter_allee,dlinear,spring_2024,408,17,10.764564287969273,11.0,0.23543571203072666
landshuter_allee,dlinear,spring_2024,409,17,10.72059878132949,11.0,0.27940121867050927
landshuter_allee,dlinear,spring_2024,410,17,10.301763598286808,11.0,0.6982364017131921
landshuter_allee,dlinear,spring_2024,411,17,10.668382096937282,11.0,0.33161790306271755
landshuter_allee,dlinear,spring_2024,412,17,13.151402961944722,14.0,0.8485970380552779
landshuter_allee,dlinear,spring_2024,413,17,15.696248813415172,15.0,0.6962488134151723
landshuter_allee,dlinear,spring_2024,414,17,17.925828063678235,17.0,0.9258280636782352
landshuter_allee,dlinear,spring_2024,415,17,19.947379266121466,19.0,0.947379266121466
landshuter_allee,dlinear,spring_2024,416,17,23.754945202925974,24.0,0.245054797074026
landshuter_allee,dlinear,spring_2024,417,17,25.535026553396484,21.0,4.535026553396484
landshuter_allee,dlinear,spring_2024,418,17,25.65299662341179,19.0,6.652996623411791
landshuter_allee,dlinear,spring_2024,419,17,28.199494163466003,24.0,4.199494163466003
landshuter_allee,dlinear,spring_2024,420,17,30.945238204132863,25.0,5.945238204132863
landshuter_allee,dlinear,spring_2024,421,17,33.40402954934386,28.0,5.404029549343861
landshuter_allee,dlinear,spring_2024,422,17,35.00985004328177,29.0,6.009850043281773
landshuter_allee,dlinear,spring_2024,423,17,36.281733468331225,31.0,5.281733468331225
landshuter_allee,dlinear,spring_2024,424,17,37.31302296017439,32.0,5.3130229601743935
landshuter_allee,dlinear,spring_2024,425,17,37.74863725576569,33.0,4.7486372557656935
landshuter_allee,dlinear,spring_2024,426,17,38.19782487838593,34.0,4.19782487838593
landshuter_allee,dlinear,spring_2024,427,17,38.134861295977124,33.0,5.1348612959771245
landshuter_allee,dlinear,spring_2024,428,17,37.215235245339535,31.0,6.215235245339535
landshuter_allee,dlinear,spring_2024,429,17,36.11945998623386,31.0,5.1194599862338634
landshuter_allee,dlinear,spring_2024,430,17,32.84635907859668,27.0,5.846359078596677
landshuter_allee,dlinear,spring_2024,431,17,27.348674238376574,19.0,8.348674238376574
landshuter_allee,dlinear,spring_2024,432,18,22.372658617220658,18.0,4.372658617220658
landshuter_allee,dlinear,spring_2024,433,18,18.92205545852206,16.0,2.9220554585220597
landshuter_allee,dlinear,spring_2024,434,18,17.27041058503028,16.0,1.2704105850302803
landshuter_allee,dlinear,spring_2024,435,18,17.40539581160703,18.0,0.5946041883929709
landshuter_allee,dlinear,spring_2024,436,18,18.198942340857933,18.0,0.19894234085793272
landshuter_allee,dlinear,spring_2024,437,18,19.157092686117913,19.0,0.15709268611791316
landshuter_allee,dlinear,spring_2024,438,18,19.720558143257072,19.0,0.7205581432570725
landshuter_allee,dlinear,spring_2024,439,18,21.266490120419846,20.0,1.2664901204198458
landshuter_allee,dlinear,spring_2024,440,18,22.051425781041967,21.0,1.0514257810419672
landshuter_allee,dlinear,spring_2024,441,18,21.928373252564306,20.0,1.928373252564306
landshuter_allee,dlinear,spring_2024,442,18,22.185643569414793,22.0,0.18564356941479332
landshuter_allee,dlinear,spring_2024,443,18,21.94441458418646,20.0,1.944414584186461
landshuter_allee,dlinear,spring_2024,444,18,22.393250891508885,22.0,0.3932508915088846
landshuter_allee,dlinear,spring_2024,445,18,20.465706787107532,17.0,3.465706787107532
landshuter_allee,dlinear,spring_2024,446,18,14.866944936200321,8.0,6.866944936200321
landshuter_allee,dlinear,spring_2024,447,18,10.613061867651385,7.0,3.6130618676513855
landshuter_allee,dlinear,spring_2024,448,18,7.930786641664932,6.0,1.9307866416649322
landshuter_allee,dlinear,spring_2024,449,18,6.176069174020118,6.0,0.17606917402011835
landshuter_allee,dlinear,spring_2024,450,18,4.867835448329835,4.0,0.867835448329835
landshuter_allee,dlinear,spring_2024,451,18,3.874942441940486,3.0,0.8749424419404859
landshuter_allee,dlinear,spring_2024,452,18,2.957254027448621,2.0,0.957254027448621
landshuter_allee,dlinear,spring_2024,453,18,2.3432627177482157,3.0,0.6567372822517843
landshuter_allee,dlinear,spring_2024,454,18,1.6231627194548421,3.0,1.3768372805451579
landshuter_allee,dlinear,spring_2024,455,18,0.7144252749296642,2.0,1.2855747250703358
landshuter_allee,dlinear,spring_2024,456,19,-0.022669730987809444,1.0,1.0226697309878094
landshuter_allee,dlinear,spring_2024,457,19,-0.24109480543637662,0.8,1.0410948054363767
landshuter_allee,dlinear,spring_2024,458,19,-0.30969942689863883,1.0,1.3096994268986388
landshuter_allee,dlinear,spring_2024,459,19,0.026088050901711846,1.0,0.9739119490982882
landshuter_allee,dlinear,spring_2024,460,19,0.739397709840945,2.0,1.260602290159055
landshuter_allee,dlinear,spring_2024,461,19,1.7845899724509517,4.0,2.2154100275490483
landshuter_allee,dlinear,spring_2024,462,19,3.051018393906102,4.0,0.948981606093898
landshuter_allee,dlinear,spring_2024,463,19,4.380893843552874,6.0,1.6191061564471259
landshuter_allee,dlinear,spring_2024,464,19,5.512550631357632,6.0,0.487449368642368
landshuter_allee,dlinear,spring_2024,465,19,6.321845387456736,6.0,0.32184538745673574
landshuter_allee,dlinear,spring_2024,466,19,7.1827301959483245,8.0,0.8172698040516755
landshuter_allee,dlinear,spring_2024,467,19,7.061590477877385,6.0,1.0615904778773846
landshuter_allee,dlinear,spring_2024,468,19,6.508315890018324,5.0,1.5083158900183236
landshuter_allee,dlinear,spring_2024,469,19,6.109614268094394,6.0,0.10961426809439434
landshuter_allee,dlinear,spring_2024,470,19,5.821642416765041,6.0,0.1783575832349591
landshuter_allee,dlinear,spring_2024,471,19,5.91675100493757,7.0,1.08324899506243
landshuter_allee,dlinear,spring_2024,472,19,5.951887983098223,7.0,1.0481120169017766
landshuter_allee,dlinear,spring_2024,473,19,6.16550728149364,8.0,1.8344927185063602
landshuter_allee,dlinear,spring_2024,474,19,6.73892210103482,8.0,1.2610778989651799
landshuter_allee,dlinear,spring_2024,475,19,7.811438944996464,9.0,1.188561055003536
landshuter_allee,dlinear,spring_2024,476,19,9.095289647258696,10.0,0.9047103527413043
landshuter_allee,dlinear,spring_2024,477,19,9.278280176541024,10.0,0.7217198234589759
landshuter_allee,dlinear,spring_2024,478,19,9.59938859279944,10.0,0.4006114072005609
landshuter_allee,dlinear,spring_2024,479,19,10.157422248224472,12.0,1.8425777517755275
landshuter_allee,dlinear,spring_2024,480,20,11.313659883052608,13.0,1.6863401169473917
landshuter_allee,dlinear,spring_2024,481,20,10.98770042132234,12.0,1.0122995786776592
landshuter_allee,dlinear,spring_2024,482,20,10.615388751529387,12.0,1.3846112484706126
landshuter_allee,dlinear,spring_2024,483,20,11.456749249728448,14.0,2.543250750271552
landshuter_allee,dlinear,spring_2024,484,20,12.048218505060964,16.0,3.951781494939036
landshuter_allee,dlinear,spring_2024,485,20,12.710257467760579,15.0,2.289742532239421
landshuter_allee,dlinear,spring_2024,486,20,13.378633343751035,17.0,3.6213666562489646
landshuter_allee,dlinear,spring_2024,487,20,14.055442431409007,18.0,3.9445575685909926
landshuter_allee,dlinear,spring_2024,488,20,12.619621363131966,11.0,1.6196213631319658
landshuter_allee,dlinear,spring_2024,489,20,11.10516617061545,10.0,1.1051661706154494
landshuter_allee,dlinear,spring_2024,490,20,10.068979927249504,11.0,0.9310200727504956
landshuter_allee,dlinear,spring_2024,491,20,9.39634908241634,11.0,1.6036509175836606
landshuter_allee,dlinear,spring_2024,492,20,9.620677375581563,12.0,2.379322624418437
landshuter_allee,dlinear,spring_2024,493,20,9.871783775723936,11.0,1.1282162242760645
landshuter_allee,dlinear,spring_2024,494,20,10.067201355683864,11.0,0.9327986443161365
landshuter_allee,dlinear,spring_2024,495,20,10.705775131164362,13.0,2.294224868835638
landshuter_allee,dlinear,spring_2024,496,20,11.801352634271451,15.0,3.198647365728549
landshuter_allee,dlinear,spring_2024,497,20,12.56379862131857,14.0,1.4362013786814298
landshuter_allee,dlinear,spring_2024,498,20,13.280043475026595,12.0,1.280043475026595
landshuter_allee,dlinear,spring_2024,499,20,14.259925734185021,14.0,0.2599257341850212
landshuter_allee,dlinear,spring_2024,500,20,15.784163638522287,14.0,1.784163638522287
landshuter_allee,dlinear,spring_2024,501,20,17.34211560993284,16.0,1.34211560993284
landshuter_allee,dlinear,spring_2024,502,20,17.426541101173598,14.0,3.426541101173598
landshuter_allee,dlinear,spring_2024,503,20,16.195943624943574,12.0,4.195943624943574
landshuter_allee,dlinear,spring_2024,504,21,14.478692765582888,10.0,4.478692765582888
landshuter_allee,dlinear,spring_2024,505,21,13.669334905585586,10.0,3.669334905585586
landshuter_allee,dlinear,spring_2024,506,21,13.272982094262343,10.0,3.2729820942623427
landshuter_allee,dlinear,spring_2024,507,21,12.539742889363941,10.0,2.539742889363941
landshuter_allee,dlinear,spring_2024,508,21,12.34340885693513,10.0,2.3434088569351292
landshuter_allee,dlinear,spring_2024,509,21,12.320939174144051,10.0,2.3209391741440513
landshuter_allee,dlinear,spring_2024,510,21,12.844809359011673,12.0,0.8448093590116734
landshuter_allee,dlinear,spring_2024,511,21,13.859993298565465,15.0,1.140006701434535
landshuter_allee,dlinear,spring_2024,512,21,14.220190352752565,15.0,0.7798096472474345
landshuter_allee,dlinear,spring_2024,513,21,13.83181731059718,13.0,0.8318173105971791
landshuter_allee,dlinear,spring_2024,514,21,14.029771585580605,15.0,0.9702284144193953
landshuter_allee,dlinear,spring_2024,515,21,14.611447077403401,16.0,1.388552922596599
landshuter_allee,dlinear,spring_2024,516,21,14.713526224515228,15.0,0.2864737754847724
landshuter_allee,dlinear,spring_2024,517,21,15.162100793010456,16.0,0.8378992069895439
landshuter_allee,dlinear,spring_2024,518,21,15.804509366240595,18.0,2.1954906337594053
landshuter_allee,dlinear,spring_2024,519,21,15.802541740350282,16.0,0.19745825964971786
landshuter_allee,dlinear,spring_2024,520,21,16.609218443520053,18.0,1.390781556479947
landshuter_allee,dlinear,spring_2024,521,21,17.246883617217968,17.0,0.2468836172179678
landshuter_allee,dlinear,spring_2024,522,21,18.271909123120125,17.0,1.2719091231201247
landshuter_allee,dlinear,spring_2024,523,21,19.58344229906842,18.0,1.5834422990684196
landshuter_allee,dlinear,spring_2024,524,21,21.461782147992764,22.0,0.5382178520072358
landshuter_allee,dlinear,spring_2024,525,21,23.766603484261367,25.0,1.233396515738633
landshuter_allee,dlinear,spring_2024,526,21,24.211239885428952,25.0,0.7887601145710477
landshuter_allee,dlinear,spring_2024,527,21,22.528106332716476,19.0,3.528106332716476
landshuter_allee,dlinear,spring_2024,528,22,19.49959905702027,14.0,5.499599057020269
landshuter_allee,dlinear,spring_2024,529,22,16.75979999287685,11.0,5.75979999287685
landshuter_allee,dlinear,spring_2024,530,22,14.491721224753347,9.0,5.491721224753347
landshuter_allee,dlinear,spring_2024,531,22,13.158865806638268,8.0,5.158865806638268
landshuter_allee,dlinear,spring_2024,532,22,13.01393068563338,9.0,4.01393068563338
landshuter_allee,dlinear,spring_2024,533,22,13.193754144820199,10.0,3.1937541448201987
landshuter_allee,dlinear,spring_2024,534,22,12.635808736976713,10.0,2.6358087369767134
landshuter_allee,dlinear,spring_2024,535,22,11.279384556304157,9.0,2.279384556304157
landshuter_allee,dlinear,spring_2024,536,22,10.033194451049354,9.0,1.0331944510493543
landshuter_allee,dlinear,spring_2024,537,22,9.898761846640031,10.0,0.10123815335996866
landshuter_allee,dlinear,spring_2024,538,22,11.080680433698149,13.0,1.9193195663018514
landshuter_allee,dlinear,spring_2024,539,22,11.120847775975372,11.0,0.12084777597537233
landshuter_allee,dlinear,spring_2024,540,22,10.26989472016124,9.0,1.2698947201612398
landshuter_allee,dlinear,spring_2024,541,22,9.572970060978026,8.0,1.572970060978026
landshuter_allee,dlinear,spring_2024,542,22,8.744232747216664,7.0,1.7442327472166639
landshuter_allee,dlinear,spring_2024,543,22,8.589085820608508,9.0,0.4109141793914919
landshuter_allee,dlinear,spring_2024,544,22,9.427438497631753,10.0,0.5725615023682469
landshuter_allee,dlinear,spring_2024,545,22,10.87381589106608,11.0,0.12618410893391996
landshuter_allee,dlinear,spring_2024,546,22,13.091003758915102,13.0,0.09100375891510204
landshuter_allee,dlinear,spring_2024,547,22,17.39806448152284,23.0,5.601935518477159
landshuter_allee,dlinear,spring_2024,548,22,23.053816310865184,32.0,8.946183689134816
landshuter_allee,dlinear,spring_2024,549,22,24.481463761162107,25.0,0.5185362388378927
landshuter_allee,dlinear,spring_2024,550,22,22.950819447851856,24.0,1.0491805521481439
landshuter_allee,dlinear,spring_2024,551,22,17.45769777103065,15.0,2.4576977710306487
landshuter_allee,dlinear,spring_2024,552,23,12.456705209497589,10.0,2.4567052094975885
landshuter_allee,dlinear,spring_2024,553,23,9.281279396845484,8.0,1.281279396845484
landshuter_allee,dlinear,spring_2024,554,23,7.630568959710016,8.0,0.3694310402899843
landshuter_allee,dlinear,spring_2024,555,23,7.376410837858337,7.0,0.3764108378583373
landshuter_allee,dlinear,spring_2024,556,23,6.919775868405875,5.0,1.9197758684058748
landshuter_allee,dlinear,spring_2024,557,23,6.596174110252101,5.0,1.5961741102521012
landshuter_allee,dlinear,spring_2024,558,23,5.466761105148842,5.0,0.4667611051488416
landshuter_allee,dlinear,spring_2024,559,23,4.734421393262543,5.0,0.26557860673745726
landshuter_allee,dlinear,spring_2024,560,23,4.50381370487065,5.0,0.4961862951293501
landshuter_allee,dlinear,spring_2024,561,23,4.527125122120597,5.0,0.47287487787940297
landshuter_allee,dlinear,spring_2024,562,23,5.322814794050505,9.0,3.6771852059494954
landshuter_allee,dlinear,spring_2024,563,23,6.098754918977089,9.0,2.9012450810229113
landshuter_allee,dlinear,spring_2024,564,23,6.754301081396912,10.0,3.245698918603088
landshuter_allee,dlinear,spring_2024,565,23,7.381356024896634,10.0,2.6186439751033657
landshuter_allee,dlinear,spring_2024,566,23,7.804895983862526,10.0,2.195104016137474
landshuter_allee,dlinear,spring_2024,567,23,8.362014328629371,11.0,2.637985671370629
landshuter_allee,dlinear,spring_2024,568,23,8.961379145747287,12.0,3.038620854252713
landshuter_allee,dlinear,spring_2024,569,23,10.429236029112662,14.0,3.570763970887338
landshuter_allee,dlinear,spring_2024,570,23,12.492306982957546,17.0,4.507693017042454
landshuter_allee,dlinear,spring_2024,571,23,13.84961122750566,16.0,2.15038877249434
landshuter_allee,dlinear,spring_2024,572,23,13.885215264281952,15.0,1.1147847357180485
landshuter_allee,dlinear,spring_2024,573,23,15.001048455574361,19.0,3.9989515444256387
landshuter_allee,dlinear,spring_2024,574,23,15.77751385359647,20.0,4.222486146403529
landshuter_allee,dlinear,spring_2024,575,23,15.207271517894565,18.0,2.792728482105435
landshuter_allee,dlinear,spring_2024,576,24,13.706931843474312,15.0,1.2930681565256883
landshuter_allee,dlinear,spring_2024,577,24,11.343143610562002,11.0,0.34314361056200227
landshuter_allee,dlinear,spring_2024,578,24,9.129342482256847,10.0,0.8706575177431528
landshuter_allee,dlinear,spring_2024,579,24,7.183289037243176,8.0,0.8167109627568241
landshuter_allee,dlinear,spring_2024,580,24,6.1686411567769595,9.0,2.8313588432230405
landshuter_allee,dlinear,spring_2024,581,24,7.111558404019934,11.0,3.8884415959800656
landshuter_allee,dlinear,spring_2024,582,24,9.336262051743374,13.0,3.6637379482566264
landshuter_allee,dlinear,spring_2024,583,24,11.989891242015311,15.0,3.010108757984689
landshuter_allee,dlinear,spring_2024,584,24,12.414712799466079,12.0,0.41471279946607886
landshuter_allee,dlinear,spring_2024,585,24,13.057316413060146,12.0,1.0573164130601462
landshuter_allee,dlinear,spring_2024,586,24,15.256383795310164,15.0,0.256383795310164
landshuter_allee,dlinear,spring_2024,587,24,15.864341586605095,12.0,3.8643415866050947
landshuter_allee,dlinear,spring_2024,588,24,14.578174587099308,10.0,4.5781745870993085
landshuter_allee,dlinear,spring_2024,589,24,13.113401383815411,10.0,3.113401383815411
landshuter_allee,dlinear,spring_2024,590,24,11.255356295591904,8.0,3.2553562955919038
landshuter_allee,dlinear,spring_2024,591,24,9.419975238863707,6.0,3.4199752388637066
landshuter_allee,dlinear,spring_2024,592,24,8.52401642318744,7.0,1.5240164231874402
landshuter_allee,dlinear,spring_2024,593,24,7.950995399025498,8.0,0.04900460097450221
landshuter_allee,dlinear,spring_2024,594,24,7.985143965204496,8.0,0.014856034795504236
landshuter_allee,dlinear,spring_2024,595,24,7.657499341765064,7.0,0.6574993417650639
landshuter_allee,dlinear,spring_2024,596,24,6.76898828248855,5.0,1.7689882824885501
landshuter_allee,dlinear,spring_2024,597,24,5.379904400525938,5.0,0.37990440052593843
landshuter_allee,dlinear,spring_2024,598,24,4.332132265908951,5.0,0.6678677340910486
landshuter_allee,dlinear,spring_2024,599,24,4.090134634585956,3.0,1.0901346345859562
landshuter_allee,dlinear,spring_2024,600,25,2.4689916125972218,0.8,1.6689916125972217
landshuter_allee,dlinear,spring_2024,601,25,1.1724200431370901,0.6,0.5724200431370902
landshuter_allee,dlinear,spring_2024,602,25,0.5580530466903268,0.7,0.1419469533096731
landshuter_allee,dlinear,spring_2024,603,25,0.7578219273424396,1.0,0.24217807265756042
landshuter_allee,dlinear,spring_2024,604,25,1.5703408721165382,2.0,0.42965912788346183
landshuter_allee,dlinear,spring_2024,605,25,2.4394369519768153,4.0,1.5605630480231847
landshuter_allee,dlinear,spring_2024,606,25,3.076383662984501,4.0,0.9236163370154991
landshuter_allee,dlinear,spring_2024,607,25,2.7966300531414254,3.0,0.20336994685857457
landshuter_allee,dlinear,spring_2024,608,25,2.5399497654583083,3.0,0.4600502345416917
landshuter_allee,dlinear,spring_2024,609,25,2.7468901619025345,4.0,1.2531098380974655
landshuter_allee,dlinear,spring_2024,610,25,2.995019987635358,3.0,0.004980012364641961
landshuter_allee,dlinear,spring_2024,611,25,3.367225968610284,4.0,0.6327740313897161
landshuter_allee,dlinear,spring_2024,612,25,3.7021808655119677,4.0,0.2978191344880323
landshuter_allee,dlinear,spring_2024,613,25,3.803307844576306,5.0,1.196692155423694
landshuter_allee,dlinear,spring_2024,614,25,4.261695168699004,6.0,1.7383048313009963
landshuter_allee,dlinear,spring_2024,615,25,4.635315454064204,6.0,1.3646845459357957
landshuter_allee,dlinear,spring_2024,616,25,4.734306785473171,6.0,1.265693214526829
landshuter_allee,dlinear,spring_2024,617,25,4.723095672476494,6.0,1.2769043275235061
landshuter_allee,dlinear,spring_2024,618,25,4.733423338998822,6.0,1.266576661001178
landshuter_allee,dlinear,spring_2024,619,25,4.377271363112519,5.0,0.6227286368874809
landshuter_allee,dlinear,spring_2024,620,25,4.0412014828993374,5.0,0.9587985171006626
landshuter_allee,dlinear,spring_2024,621,25,3.284625334640854,4.0,0.7153746653591462
landshuter_allee,dlinear,spring_2024,622,25,2.294907249483029,4.0,1.7050927505169708
landshuter_allee,dlinear,spring_2024,623,25,1.300640756315,3.0,1.699359243685
landshuter_allee,dlinear,spring_2024,624,26,0.417110933408662,3.0,2.582889066591338
landshuter_allee,dlinear,spring_2024,625,26,-0.25104892451164496,3.0,3.251048924511645
landshuter_allee,dlinear,spring_2024,626,26,-0.3152168298513147,2.0,2.3152168298513147
landshuter_allee,dlinear,spring_2024,627,26,1.1154649937556127,2.0,0.8845350062443873
landshuter_allee,dlinear,spring_2024,628,26,2.3233378224665557,3.0,0.6766621775334443
landshuter_allee,dlinear,spring_2024,629,26,3.8711615741144323,5.0,1.1288384258855677
landshuter_allee,dlinear,spring_2024,630,26,4.962141554999488,7.0,2.037858445000512
landshuter_allee,dlinear,spring_2024,631,26,5.101347048085544,6.0,0.8986529519144559
landshuter_allee,dlinear,spring_2024,632,26,4.75079417295183,4.0,0.7507941729518297
landshuter_allee,dlinear,spring_2024,633,26,4.97241285824037,5.0,0.027587141759630285
landshuter_allee,dlinear,spring_2024,634,26,5.569907668693062,6.0,0.4300923313069376
landshuter_allee,dlinear,spring_2024,635,26,6.567166638992103,7.0,0.43283336100789693
landshuter_allee,dlinear,spring_2024,636,26,7.045241544165858,7.0,0.045241544165858016
landshuter_allee,dlinear,spring_2024,637,26,7.925480748837829,7.0,0.9254807488378294
landshuter_allee,dlinear,spring_2024,638,26,7.4834115308790246,6.0,1.4834115308790246
landshuter_allee,dlinear,spring_2024,639,26,7.016736705223657,7.0,0.01673670522365711
landshuter_allee,dlinear,spring_2024,640,26,6.434389418662169,5.0,1.4343894186621693
landshuter_allee,dlinear,spring_2024,641,26,6.3665231432017695,6.0,0.3665231432017695
landshuter_allee,dlinear,spring_2024,642,26,6.666359929231768,7.0,0.3336400707682321
landshuter_allee,dlinear,spring_2024,643,26,6.115361961070568,7.0,0.8846380389294319
landshuter_allee,dlinear,spring_2024,644,26,5.070978699728469,5.0,0.07097869972846915
landshuter_allee,dlinear,spring_2024,645,26,4.382376074226711,4.0,0.3823760742267108
landshuter_allee,dlinear,spring_2024,646,26,3.8470570894608214,5.0,1.1529429105391786
landshuter_allee,dlinear,spring_2024,647,26,3.905399430710551,4.0,0.09460056928944915
landshuter_allee,dlinear,spring_2024,648,27,3.7196748526271,5.0,1.2803251473729
landshuter_allee,dlinear,spring_2024,649,27,3.612900801909089,5.0,1.3870991980909109
landshuter_allee,dlinear,spring_2024,650,27,3.8559221244597794,4.0,0.14407787554022056
landshuter_allee,dlinear,spring_2024,651,27,4.443187809528146,5.0,0.5568121904718542
landshuter_allee,dlinear,spring_2024,652,27,5.913074546068625,7.0,1.086925453931375
landshuter_allee,dlinear,spring_2024,653,27,7.4039837412157254,8.0,0.5960162587842746
landshuter_allee,dlinear,spring_2024,654,27,8.09658684355384,8.0,0.0965868435538404
landshuter_allee,dlinear,spring_2024,655,27,7.72487320446078,5.0,2.7248732044607804
landshuter_allee,dlinear,spring_2024,656,27,7.884014130405044,7.0,0.8840141304050437
landshuter_allee,dlinear,spring_2024,657,27,8.04337889181878,8.0,0.04337889181877941
landshuter_allee,dlinear,spring_2024,658,27,7.690146651538239,7.0,0.6901466515382388
landshuter_allee,dlinear,spring_2024,659,27,7.231986768488142,6.0,1.2319867684881416
landshuter_allee,dlinear,spring_2024,660,27,6.782145293040207,5.0,1.782145293040207
landshuter_allee,dlinear,spring_2024,661,27,6.722799184410658,6.0,0.7227991844106576
landshuter_allee,dlinear,spring_2024,662,27,6.302349538771885,4.0,2.3023495387718853
landshuter_allee,dlinear,spring_2024,663,27,6.050741411449952,4.0,2.050741411449952
landshuter_allee,dlinear,spring_2024,664,27,6.364338567974757,3.0,3.364338567974757
landshuter_allee,dlinear,spring_2024,665,27,6.648837780629208,5.0,1.6488377806292078
landshuter_allee,dlinear,spring_2024,666,27,6.603265735181369,6.0,0.6032657351813686
landshuter_allee,dlinear,spring_2024,667,27,6.739981617685444,6.0,0.7399816176854443
landshuter_allee,dlinear,spring_2024,668,27,6.586200319461169,6.0,0.5862003194611694
landshuter_allee,dlinear,spring_2024,669,27,5.7766885652424875,6.0,0.22331143475751247
landshuter_allee,dlinear,spring_2024,670,27,4.860291385062941,5.0,0.13970861493705922
landshuter_allee,dlinear,spring_2024,671,27,3.787339443472374,4.0,0.21266055652762583
landshuter_allee,dlinear,spring_2024,672,28,3.1019843969205834,4.0,0.8980156030794166
landshuter_allee,dlinear,spring_2024,673,28,2.7214758443531912,3.0,0.27852415564680877
landshuter_allee,dlinear,spring_2024,674,28,3.109861976553426,3.0,0.10986197655342611
landshuter_allee,dlinear,spring_2024,675,28,4.090704379196396,4.0,0.09070437919639573
landshuter_allee,dlinear,spring_2024,676,28,5.289476648596157,5.0,0.28947664859615685
landshuter_allee,dlinear,spring_2024,677,28,6.9302413722684655,9.0,2.0697586277315345
landshuter_allee,dlinear,spring_2024,678,28,8.34997719706633,11.0,2.6500228029336697
landshuter_allee,dlinear,spring_2024,679,28,8.481946675374775,8.0,0.4819466753747754
landshuter_allee,dlinear,spring_2024,680,28,8.396869922572069,8.0,0.3968699225720691
landshuter_allee,dlinear,spring_2024,681,28,7.828428532877515,8.0,0.17157146712248483
landshuter_allee,dlinear,spring_2024,682,28,7.347529984617222,6.0,1.3475299846172222
landshuter_allee,dlinear,spring_2024,683,28,6.251927112396286,5.0,1.2519271123962863
landshuter_allee,dlinear,spring_2024,684,28,4.699578429894305,4.0,0.6995784298943049
landshuter_allee,dlinear,spring_2024,685,28,3.8429842536430163,3.0,0.8429842536430163
landshuter_allee,dlinear,spring_2024,686,28,3.1464164545962965,2.0,1.1464164545962965
landshuter_allee,dlinear,spring_2024,687,28,2.5546867071506223,2.0,0.5546867071506223
landshuter_allee,dlinear,spring_2024,688,28,2.2186435470016828,2.0,0.21864354700168276
landshuter_allee,dlinear,spring_2024,689,28,1.898542686269741,2.0,0.10145731373025901
landshuter_allee,dlinear,spring_2024,690,28,1.916505871118133,2.0,0.08349412888186691
landshuter_allee,dlinear,spring_2024,691,28,2.0070834386002776,2.0,0.007083438600277603
landshuter_allee,dlinear,spring_2024,692,28,1.6434586835810316,2.0,0.35654131641896836
landshuter_allee,dlinear,spring_2024,693,28,1.2515817995987577,2.0,0.7484182004012423
landshuter_allee,dlinear,spring_2024,694,28,0.8889237834884867,2.0,1.1110762165115133
landshuter_allee,dlinear,spring_2024,695,28,0.7418206680071475,2.0,1.2581793319928525
landshuter_allee,dlinear,spring_2024,696,29,0.6574795265467546,2.0,1.3425204734532454
landshuter_allee,dlinear,spring_2024,697,29,0.7103818435431317,1.0,0.2896181564568683
landshuter_allee,dlinear,spring_2024,698,29,0.7563710916391528,1.0,0.24362890836084716
landshuter_allee,dlinear,spring_2024,699,29,1.2394403304867287,1.0,0.23944033048672875
landshuter_allee,dlinear,spring_2024,700,29,1.6969524528584299,2.0,0.3030475471415701
landshuter_allee,dlinear,spring_2024,701,29,2.422175318556502,2.0,0.4221753185565018
landshuter_allee,dlinear,spring_2024,702,29,3.23854790728027,2.0,1.23854790728027
landshuter_allee,dlinear,spring_2024,703,29,3.6635642633542007,2.0,1.6635642633542007
landshuter_allee,dlinear,spring_2024,704,29,3.6414344644669296,3.0,0.6414344644669296
landshuter_allee,dlinear,spring_2024,705,29,3.907179779653947,4.0,0.09282022034605308
landshuter_allee,dlinear,spring_2024,706,29,4.19508687677627,3.0,1.1950868767762701
landshuter_allee,dlinear,spring_2024,707,29,4.344341033448817,2.0,2.344341033448817
landshuter_allee,dlinear,spring_2024,708,29,4.054275700034365,2.0,2.054275700034365
landshuter_allee,dlinear,spring_2024,709,29,4.700911862619959,3.0,1.700911862619959
landshuter_allee,dlinear,spring_2024,710,29,4.773569310966173,2.0,2.773569310966173
landshuter_allee,dlinear,spring_2024,711,29,5.160970674510769,2.0,3.160970674510769
landshuter_allee,dlinear,spring_2024,712,29,5.291617597091831,2.0,3.2916175970918307
landshuter_allee,dlinear,spring_2024,713,29,5.5052962877817855,3.0,2.5052962877817855
landshuter_allee,dlinear,spring_2024,714,29,6.491649399052322,4.0,2.4916493990523216
landshuter_allee,dlinear,spring_2024,715,29,7.3171570785567,7.0,0.3171570785566997
landshuter_allee,dlinear,spring_2024,716,29,6.644404730656448,4.0,2.644404730656448
landshuter_allee,dlinear,spring_2024,717,29,5.355343607589557,3.0,2.355343607589557
landshuter_allee,dlinear,spring_2024,718,29,4.264485655664089,3.0,1.2644856556640889
landshuter_allee,dlinear,spring_2024,719,29,3.7211900788649173,3.0,0.7211900788649173
landshuter_allee,dlinear,spring_2024,720,30,3.943580087353421,4.0,0.056419912646579196
landshuter_allee,dlinear,spring_2024,721,30,4.703463201570087,5.0,0.296536798429913
landshuter_allee,dlinear,spring_2024,722,30,4.981194703911522,5.0,0.018805296088477697
landshuter_allee,dlinear,spring_2024,723,30,5.120536244351413,5.0,0.1205362443514133
landshuter_allee,dlinear,spring_2024,724,30,5.133254621270231,5.0,0.1332546212702308
landshuter_allee,dlinear,spring_2024,725,30,5.139515872523152,4.0,1.1395158725231518
landshuter_allee,dlinear,spring_2024,726,30,4.913852491780292,4.0,0.9138524917802924
landshuter_allee,dlinear,spring_2024,727,30,4.4502702858314525,4.0,0.45027028583145245
landshuter_allee,dlinear,spring_2024,728,30,4.012818268477885,2.0,2.0128182684778846
landshuter_allee,dlinear,spring_2024,729,30,3.3537855750018215,2.0,1.3537855750018215
landshuter_allee,dlinear,spring_2024,730,30,3.9511439433844986,3.0,0.9511439433844986
landshuter_allee,dlinear,spring_2024,731,30,4.659873818080897,5.0,0.3401261819191026
landshuter_allee,dlinear,spring_2024,732,30,4.6206044524087835,3.0,1.6206044524087835
landshuter_allee,dlinear,spring_2024,733,30,4.662525463558919,3.0,1.6625254635589188
landshuter_allee,dlinear,spring_2024,734,30,4.837764055171163,3.0,1.8377640551711627
landshuter_allee,dlinear,spring_2024,735,30,4.910240607500348,3.0,1.9102406075003477
landshuter_allee,dlinear,spring_2024,736,30,5.239673706755476,4.0,1.2396737067554762
landshuter_allee,dlinear,spring_2024,737,30,5.6219466198418,5.0,0.6219466198418004
landshuter_allee,dlinear,spring_2024,738,30,6.12081312605452,6.0,0.12081312605451977
landshuter_allee,dlinear,spring_2024,739,30,7.773688829778219,13.0,5.226311170221781
landshuter_allee,dlinear,spring_2024,740,30,7.2478198112043195,5.0,2.2478198112043195
landshuter_allee,dlinear,spring_2024,741,30,6.041194094002549,4.0,2.041194094002549
landshuter_allee,dlinear,spring_2024,742,30,4.776989663111092,2.0,2.7769896631110917
landshuter_allee,dlinear,spring_2024,743,30,3.912573306789011,2.0,1.9125733067890112
landshuter_allee,dlinear,spring_2024,744,31,3.6777115529858824,1.0,2.6777115529858824
landshuter_allee,dlinear,spring_2024,745,31,3.583057975090559,1.0,2.583057975090559
landshuter_allee,dlinear,spring_2024,746,31,4.30872934168466,3.0,1.3087293416846597
landshuter_allee,dlinear,spring_2024,747,31,5.967059086355623,6.0,0.03294091364437701
landshuter_allee,dlinear,spring_2024,748,31,7.0364256306392905,6.0,1.0364256306392905
landshuter_allee,dlinear,spring_2024,749,31,8.112974538995426,6.0,2.1129745389954255
landshuter_allee,dlinear,spring_2024,750,31,8.913432916148235,7.0,1.9134329161482349
landshuter_allee,dlinear,spring_2024,751,31,9.189316148180534,7.0,2.1893161481805343
landshuter_allee,dlinear,spring_2024,752,31,9.228970172013007,7.0,2.228970172013007
landshuter_allee,dlinear,spring_2024,753,31,8.799903998181039,6.0,2.7999039981810387
landshuter_allee,dlinear,spring_2024,754,31,8.46589897359823,5.0,3.4658989735982306
landshuter_allee,dlinear,spring_2024,755,31,8.588420766276705,6.0,2.5884207662767054
landshuter_allee,dlinear,spring_2024,756,31,9.370288466350104,7.0,2.370288466350104
landshuter_allee,dlinear,spring_2024,757,31,9.56208754485937,7.0,2.56208754485937
landshuter_allee,dlinear,spring_2024,758,31,9.117124714184714,5.0,4.117124714184714
landshuter_allee,dlinear,spring_2024,759,31,8.427861766064844,4.0,4.427861766064844
landshuter_allee,dlinear,spring_2024,760,31,8.02168152627987,3.0,5.02168152627987
landshuter_allee,dlinear,spring_2024,761,31,7.267146196110936,4.0,3.267146196110936
landshuter_allee,dlinear,spring_2024,762,31,6.6494280441279185,4.0,2.6494280441279185
landshuter_allee,dlinear,spring_2024,763,31,6.2460781454275525,4.0,2.2460781454275525
landshuter_allee,dlinear,spring_2024,764,31,6.004482117380158,4.0,2.0044821173801584
landshuter_allee,dlinear,spring_2024,765,31,5.472138594050413,4.0,1.4721385940504126
landshuter_allee,dlinear,spring_2024,766,31,5.296152575476508,4.0,1.2961525754765084
landshuter_allee,dlinear,spring_2024,767,31,5.392040477205162,5.0,0.3920404772051622
landshuter_allee,dlinear,spring_2024,768,32,5.686967769574919,6.0,0.31303223042508144
landshuter_allee,dlinear,spring_2024,769,32,6.205621633246487,8.0,1.794378366753513
landshuter_allee,dlinear,spring_2024,770,32,7.285407091022666,9.0,1.714592908977334
landshuter_allee,dlinear,spring_2024,771,32,8.20906256763704,10.0,1.7909374323629592
landshuter_allee,dlinear,spring_2024,772,32,9.139751752722162,11.0,1.8602482472778377
landshuter_allee,dlinear,spring_2024,773,32,9.835471155565513,11.0,1.1645288444344875
landshuter_allee,dlinear,spring_2024,774,32,10.342287752196167,11.0,0.6577122478038326
landshuter_allee,dlinear,spring_2024,775,32,10.554956680576085,10.0,0.554956680576085
landshuter_allee,dlinear,spring_2024,776,32,10.047387742844132,9.0,1.0473877428441316
landshuter_allee,dlinear,spring_2024,777,32,9.998373637440038,9.0,0.9983736374400376
landshuter_allee,dlinear,spring_2024,778,32,9.834995422641619,8.0,1.8349954226416187
landshuter_allee,dlinear,spring_2024,779,32,9.913510808011004,9.0,0.9135108080110044
landshuter_allee,dlinear,spring_2024,780,32,10.005680707811276,8.0,2.005680707811276
landshuter_allee,dlinear,spring_2024,781,32,10.386993794432932,9.0,1.3869937944329322
landshuter_allee,dlinear,spring_2024,782,32,11.693165050938982,13.0,1.3068349490610185
landshuter_allee,dlinear,spring_2024,783,32,12.91577972328891,14.0,1.0842202767110898
landshuter_allee,dlinear,spring_2024,784,32,13.254186809799656,14.0,0.7458131902003444
landshuter_allee,dlinear,spring_2024,785,32,14.030418340017329,15.0,0.969581659982671
landshuter_allee,dlinear,spring_2024,786,32,14.247518786162502,14.0,0.24751878616250167
landshuter_allee,dlinear,spring_2024,787,32,14.273436729705443,14.0,0.27343672970544297
landshuter_allee,dlinear,spring_2024,788,32,14.698045129318924,17.0,2.301954870681076
landshuter_allee,dlinear,spring_2024,789,32,15.727086550239068,21.0,5.272913449760932
landshuter_allee,dlinear,spring_2024,790,32,16.490150841417105,21.0,4.509849158582895
landshuter_allee,dlinear,spring_2024,791,32,16.436236727123386,20.0,3.5637632728766135
landshuter_allee,dlinear,spring_2024,792,33,15.905120587100077,18.0,2.094879412899923
landshuter_allee,dlinear,spring_2024,793,33,15.363678734352739,17.0,1.6363212656472612
landshuter_allee,dlinear,spring_2024,794,33,14.643043445101812,15.0,0.3569565548981881
landshuter_allee,dlinear,spring_2024,795,33,14.244687008567587,15.0,0.7553129914324135
landshuter_allee,dlinear,spring_2024,796,33,14.226127691843057,15.0,0.7738723081569425
landshuter_allee,dlinear,spring_2024,797,33,14.456924822101309,15.0,0.5430751778986913
landshuter_allee,dlinear,spring_2024,798,33,14.4843782276134,14.0,0.48437822761339966
landshuter_allee,dlinear,spring_2024,799,33,14.102436826280341,13.0,1.102436826280341
landshuter_allee,dlinear,spring_2024,800,33,13.157010757998844,11.0,2.157010757998844
landshuter_allee,dlinear,spring_2024,801,33,11.590040995004085,9.0,2.5900409950040846
landshuter_allee,dlinear,spring_2024,802,33,10.023868631031277,7.0,3.0238686310312772
landshuter_allee,dlinear,spring_2024,803,33,8.427527395846937,7.0,1.427527395846937
landshuter_allee,dlinear,spring_2024,804,33,7.39670441611189,5.0,2.3967044161118896
landshuter_allee,dlinear,spring_2024,805,33,6.86077622492685,5.0,1.86077622492685
landshuter_allee,dlinear,spring_2024,806,33,7.390089835861613,6.0,1.3900898358616134
landshuter_allee,dlinear,spring_2024,807,33,7.932752740067995,7.0,0.9327527400679951
landshuter_allee,dlinear,spring_2024,808,33,8.118450441586162,7.0,1.1184504415861625
landshuter_allee,dlinear,spring_2024,809,33,9.173038050964186,10.0,0.8269619490358142
landshuter_allee,dlinear,spring_2024,810,33,8.20102071806514,7.0,1.2010207180651395
landshuter_allee,dlinear,spring_2024,811,33,6.238882187598819,3.0,3.2388821875988194
landshuter_allee,dlinear,spring_2024,812,33,5.587109219142779,5.0,0.5871092191427794
landshuter_allee,dlinear,spring_2024,813,33,5.152345315383862,6.0,0.8476546846161384
landshuter_allee,dlinear,spring_2024,814,33,4.005006644742829,3.0,1.0050066447428287
landshuter_allee,dlinear,spring_2024,815,33,2.707091384868378,2.0,0.7070913848683782
landshuter_allee,dlinear,spring_2024,816,34,1.9021596028904524,1.0,0.9021596028904524
landshuter_allee,dlinear,spring_2024,817,34,1.7061172262980966,1.0,0.7061172262980966
landshuter_allee,dlinear,spring_2024,818,34,1.87848220580874,2.0,0.12151779419125996
landshuter_allee,dlinear,spring_2024,819,34,2.5823318527236676,2.0,0.5823318527236676
landshuter_allee,dlinear,spring_2024,820,34,3.622251740161799,3.0,0.6222517401617988
landshuter_allee,dlinear,spring_2024,821,34,5.299816298809736,5.0,0.2998162988097359
landshuter_allee,dlinear,spring_2024,822,34,6.309111280796727,4.0,2.309111280796727
landshuter_allee,dlinear,spring_2024,823,34,6.857825951167657,4.0,2.8578259511676567
landshuter_allee,dlinear,spring_2024,824,34,7.341151215923881,5.0,2.3411512159238814
landshuter_allee,dlinear,spring_2024,825,34,7.460080143208894,5.0,2.460080143208894
landshuter_allee,dlinear,spring_2024,826,34,7.398581964633583,5.0,2.398581964633583
landshuter_allee,dlinear,spring_2024,827,34,7.4174715981747275,5.0,2.4174715981747275
landshuter_allee,dlinear,spring_2024,828,34,7.17972152534464,4.0,3.1797215253446396
landshuter_allee,dlinear,spring_2024,829,34,7.066876319823155,4.0,3.0668763198231552
landshuter_allee,dlinear,spring_2024,830,34,6.703753136857108,4.0,2.7037531368571077
landshuter_allee,dlinear,spring_2024,831,34,6.485496375542523,4.0,2.485496375542523
landshuter_allee,dlinear,spring_2024,832,34,7.212488053379019,6.0,1.212488053379019
landshuter_allee,dlinear,spring_2024,833,34,8.041883691488216,8.0,0.04188369148821636
landshuter_allee,dlinear,spring_2024,834,34,8.6355461956761,7.0,1.6355461956761008
landshuter_allee,dlinear,spring_2024,835,34,9.175210523806562,8.0,1.1752105238065624
landshuter_allee,dlinear,spring_2024,836,34,9.85179890418113,8.0,1.8517989041811305
landshuter_allee,dlinear,spring_2024,837,34,9.145889503592805,7.0,2.145889503592805
landshuter_allee,dlinear,spring_2024,838,34,8.532143929061862,8.0,0.5321439290618617
landshuter_allee,dlinear,spring_2024,839,34,8.135356461536551,8.0,0.135356461536551
landshuter_allee,dlinear,spring_2024,840,35,7.8004805412321065,5.0,2.8004805412321065
landshuter_allee,dlinear,spring_2024,841,35,7.53483418974097,5.0,2.5348341897409696
landshuter_allee,dlinear,spring_2024,842,35,7.362612199164196,5.0,2.3626121991641957
landshuter_allee,dlinear,spring_2024,843,35,7.177328317748872,3.0,4.177328317748872
landshuter_allee,dlinear,spring_2024,844,35,6.673932177936391,3.0,3.6739321779363907
landshuter_allee,dlinear,spring_2024,845,35,6.775445612274382,4.0,2.775445612274382
landshuter_allee,dlinear,spring_2024,846,35,8.20635306678266,6.0,2.2063530667826594
landshuter_allee,dlinear,spring_2024,847,35,8.200333464915659,5.0,3.2003334649156585
landshuter_allee,dlinear,spring_2024,848,35,6.893357206500554,3.0,3.8933572065005544
landshuter_allee,dlinear,spring_2024,849,35,5.227576768777004,3.0,2.227576768777004
landshuter_allee,dlinear,spring_2024,850,35,3.9558909310557446,2.0,1.9558909310557446
landshuter_allee,dlinear,spring_2024,851,35,3.6764332366516213,2.0,1.6764332366516213
landshuter_allee,dlinear,spring_2024,852,35,4.416118936290668,4.0,0.4161189362906681
landshuter_allee,dlinear,spring_2024,853,35,5.194252669033653,4.0,1.194252669033653
landshuter_allee,dlinear,spring_2024,854,35,5.653910772433134,4.0,1.6539107724331341
landshuter_allee,dlinear,spring_2024,855,35,5.802646829414431,4.0,1.8026468294144307
landshuter_allee,dlinear,spring_2024,856,35,7.163047017909635,6.0,1.1630470179096353
landshuter_allee,dlinear,spring_2024,857,35,6.925000687305414,4.0,2.925000687305414
landshuter_allee,dlinear,spring_2024,858,35,7.3618301141442615,6.0,1.3618301141442615
landshuter_allee,dlinear,spring_2024,859,35,9.368135569629073,10.0,0.6318644303709267
landshuter_allee,dlinear,spring_2024,860,35,10.469365501534384,9.0,1.4693655015343836
landshuter_allee,dlinear,spring_2024,861,35,12.203998685385129,12.0,0.20399868538512855
landshuter_allee,dlinear,spring_2024,862,35,15.135451689627473,17.0,1.8645483103725269
landshuter_allee,dlinear,spring_2024,863,35,15.603850812965558,14.0,1.6038508129655575
landshuter_allee,dlinear,spring_2024,864,36,13.448516259549946,9.0,4.448516259549946
landshuter_allee,dlinear,spring_2024,865,36,11.241496801221217,8.0,3.241496801221217
landshuter_allee,dlinear,spring_2024,866,36,9.457019732341035,8.0,1.4570197323410348
landshuter_allee,dlinear,spring_2024,867,36,8.717243606489504,8.0,0.7172436064895038
landshuter_allee,dlinear,spring_2024,868,36,9.107816382123946,9.0,0.1078163821239464
landshuter_allee,dlinear,spring_2024,869,36,9.325683293881196,8.0,1.3256832938811964
landshuter_allee,dlinear,spring_2024,870,36,8.969032879691117,8.0,0.9690328796911167
landshuter_allee,dlinear,spring_2024,871,36,7.365048096716002,6.0,1.3650480967160021
landshuter_allee,dlinear,spring_2024,872,36,6.288636832504784,5.0,1.2886368325047837
landshuter_allee,dlinear,spring_2024,873,36,5.118978971131982,4.0,1.1189789711319822
landshuter_allee,dlinear,spring_2024,874,36,4.7012120647634825,4.0,0.7012120647634825
landshuter_allee,dlinear,spring_2024,875,36,4.1146737118761525,4.0,0.1146737118761525
landshuter_allee,dlinear,spring_2024,876,36,4.139477644069853,4.0,0.13947764406985286
landshuter_allee,dlinear,spring_2024,877,36,3.2965183231010045,4.0,0.7034816768989955
landshuter_allee,dlinear,spring_2024,878,36,3.5740185868628807,5.0,1.4259814131371193
landshuter_allee,dlinear,spring_2024,879,36,3.4781615397730588,4.0,0.5218384602269412
landshuter_allee,dlinear,spring_2024,880,36,3.784264477819341,5.0,1.2157355221806592
landshuter_allee,dlinear,spring_2024,881,36,4.0501860513330685,5.0,0.9498139486669315
landshuter_allee,dlinear,spring_2024,882,36,4.379714579667578,5.0,0.6202854203324222
landshuter_allee,dlinear,spring_2024,883,36,5.601005861968562,7.0,1.398994138031438
landshuter_allee,dlinear,spring_2024,884,36,6.17509050015053,7.0,0.8249094998494702
landshuter_allee,dlinear,spring_2024,885,36,6.373123324376682,6.0,0.3731233243766816
landshuter_allee,dlinear,spring_2024,886,36,5.649794502030796,5.0,0.6497945020307956
landshuter_allee,dlinear,spring_2024,887,36,4.587661115149092,5.0,0.4123388848509082
landshuter_allee,dlinear,spring_2024,888,37,4.0129097441444594,4.0,0.012909744144459445
landshuter_allee,dlinear,spring_2024,889,37,3.7359031517812418,3.0,0.7359031517812418
landshuter_allee,dlinear,spring_2024,890,37,3.407885810130103,4.0,0.5921141898698972
landshuter_allee,dlinear,spring_2024,891,37,3.039004234029985,2.0,1.039004234029985
landshuter_allee,dlinear,spring_2024,892,37,3.1066799051851177,2.0,1.1066799051851177
landshuter_allee,dlinear,spring_2024,893,37,3.7111943766228235,3.0,0.7111943766228235
landshuter_allee,dlinear,spring_2024,894,37,4.286467283905578,4.0,0.2864672839055782
landshuter_allee,dlinear,spring_2024,895,37,4.065223083495049,4.0,0.06522308349504868
landshuter_allee,dlinear,spring_2024,896,37,4.392979946704913,4.0,0.3929799467049131
landshuter_allee,dlinear,spring_2024,897,37,4.279483764551745,4.0,0.2794837645517454
landshuter_allee,dlinear,spring_2024,898,37,4.249925228107488,5.0,0.7500747718925123
landshuter_allee,dlinear,spring_2024,899,37,4.387477356073767,6.0,1.6125226439262326
landshuter_allee,dlinear,spring_2024,900,37,4.6369829570140615,6.0,1.3630170429859385
landshuter_allee,dlinear,spring_2024,901,37,5.233458652965576,8.0,2.7665413470344236
landshuter_allee,dlinear,spring_2024,902,37,5.5159557840216635,8.0,2.4840442159783365
landshuter_allee,dlinear,spring_2024,903,37,5.831754068906949,8.0,2.1682459310930513
landshuter_allee,dlinear,spring_2024,904,37,6.6399483364718,8.0,1.3600516635281998
landshuter_allee,dlinear,spring_2024,905,37,8.533645571425811,9.0,0.4663544285741885
landshuter_allee,dlinear,spring_2024,906,37,10.040464728641634,9.0,1.0404647286416342
landshuter_allee,dlinear,spring_2024,907,37,11.500483204417518,10.0,1.5004832044175185
landshuter_allee,dlinear,spring_2024,908,37,12.12869719839948,11.0,1.1286971983994807
landshuter_allee,dlinear,spring_2024,909,37,12.131685798184398,11.0,1.1316857981843977
landshuter_allee,dlinear,spring_2024,910,37,11.415025514548228,10.0,1.415025514548228
landshuter_allee,dlinear,spring_2024,911,37,9.693300655705475,6.0,3.6933006557054746
landshuter_allee,dlinear,spring_2024,912,38,8.28178303781374,5.0,3.2817830378137405
landshuter_allee,dlinear,spring_2024,913,38,6.810782693856158,4.0,2.810782693856158
landshuter_allee,dlinear,spring_2024,914,38,6.136326786410779,4.0,2.1363267864107787
landshuter_allee,dlinear,spring_2024,915,38,8.458498555031529,5.0,3.458498555031529
landshuter_allee,dlinear,spring_2024,916,38,9.585344770758347,5.0,4.585344770758347
landshuter_allee,dlinear,spring_2024,917,38,11.094301830680362,7.0,4.094301830680362
landshuter_allee,dlinear,spring_2024,918,38,11.941452843623477,7.0,4.941452843623477
landshuter_allee,dlinear,spring_2024,919,38,11.706402083347875,6.0,5.706402083347875
landshuter_allee,dlinear,spring_2024,920,38,10.32218986444645,4.0,6.32218986444645
landshuter_allee,dlinear,spring_2024,921,38,9.102477870324087,5.0,4.102477870324087
landshuter_allee,dlinear,spring_2024,922,38,7.381372209876705,4.0,3.381372209876705
landshuter_allee,dlinear,spring_2024,923,38,6.481883528406327,6.0,0.4818835284063274
landshuter_allee,dlinear,spring_2024,924,38,7.05499581864882,8.0,0.9450041813511803
landshuter_allee,dlinear,spring_2024,925,38,8.15452922792057,10.0,1.8454707720794303
landshuter_allee,dlinear,spring_2024,926,38,8.85416050135073,9.0,0.14583949864926993
landshuter_allee,dlinear,spring_2024,927,38,9.13123274088276,10.0,0.8687672591172397
landshuter_allee,dlinear,spring_2024,928,38,9.14856369407145,9.0,0.14856369407145031
landshuter_allee,dlinear,spring_2024,929,38,9.584945688958419,7.0,2.5849456889584186
landshuter_allee,dlinear,spring_2024,930,38,10.047888545993372,8.0,2.047888545993372
landshuter_allee,dlinear,spring_2024,931,38,10.952152098000475,9.0,1.9521520980004752
landshuter_allee,dlinear,spring_2024,932,38,12.998193696610858,10.0,2.9981936966108584
landshuter_allee,dlinear,spring_2024,933,38,13.538524282867538,9.0,4.538524282867538
landshuter_allee,dlinear,spring_2024,934,38,14.73300468771712,12.0,2.73300468771712
landshuter_allee,dlinear,spring_2024,935,38,15.309606291331658,12.0,3.309606291331658
landshuter_allee,dlinear,spring_2024,936,39,15.437040007472,12.0,3.4370400074719996
landshuter_allee,dlinear,spring_2024,937,39,15.977900953591652,11.0,4.977900953591652
landshuter_allee,dlinear,spring_2024,938,39,15.370480289617689,10.0,5.370480289617689
landshuter_allee,dlinear,spring_2024,939,39,15.293133915007678,11.0,4.293133915007678
landshuter_allee,dlinear,spring_2024,940,39,16.778669444960762,14.0,2.7786694449607623
landshuter_allee,dlinear,spring_2024,941,39,19.208240797788662,17.0,2.208240797788662
landshuter_allee,dlinear,spring_2024,942,39,20.777969499390302,16.0,4.777969499390302
landshuter_allee,dlinear,spring_2024,943,39,18.955205422212984,12.0,6.955205422212984
landshuter_allee,dlinear,spring_2024,944,39,18.857290221947892,13.0,5.857290221947892
landshuter_allee,dlinear,spring_2024,945,39,16.392132729208434,9.0,7.392132729208434
landshuter_allee,dlinear,spring_2024,946,39,13.08611584346886,9.0,4.0861158434688605
landshuter_allee,dlinear,spring_2024,947,39,12.38845243258862,10.0,2.38845243258862
landshuter_allee,dlinear,spring_2024,948,39,13.078550921861297,12.0,1.0785509218612965
landshuter_allee,dlinear,spring_2024,949,39,14.830390278986307,13.0,1.8303902789863074
landshuter_allee,dlinear,spring_2024,950,39,16.01551948841657,14.0,2.015519488416569
landshuter_allee,dlinear,spring_2024,951,39,17.051084667755458,14.0,3.0510846677554575
landshuter_allee,dlinear,spring_2024,952,39,19.51969071094553,16.0,3.519690710945529
landshuter_allee,dlinear,spring_2024,953,39,22.3654187949572,18.0,4.3654187949572005
landshuter_allee,dlinear,spring_2024,954,39,24.974081222413048,20.0,4.974081222413048
landshuter_allee,dlinear,spring_2024,955,39,26.569416629723307,21.0,5.569416629723307
landshuter_allee,dlinear,spring_2024,956,39,25.956279335695232,19.0,6.956279335695232
landshuter_allee,dlinear,spring_2024,957,39,25.534544532813634,19.0,6.534544532813634
landshuter_allee,dlinear,spring_2024,958,39,23.91958054912532,18.0,5.919580549125321
landshuter_allee,dlinear,spring_2024,959,39,21.545848219367144,15.0,6.545848219367144
landshuter_allee,dlinear,spring_2024,960,40,21.277172254469715,15.0,6.277172254469715
landshuter_allee,dlinear,spring_2024,961,40,21.707181306643093,15.0,6.707181306643093
landshuter_allee,dlinear,spring_2024,962,40,20.93304928827049,13.0,7.933049288270489
landshuter_allee,dlinear,spring_2024,963,40,20.20808111676426,13.0,7.208081116764259
landshuter_allee,dlinear,spring_2024,964,40,19.713836252277012,14.0,5.713836252277012
landshuter_allee,dlinear,spring_2024,965,40,19.411727136597392,14.0,5.411727136597392
landshuter_allee,dlinear,spring_2024,966,40,17.693721658265197,12.0,5.693721658265197
landshuter_allee,dlinear,spring_2024,967,40,15.004215655064051,10.0,5.004215655064051
landshuter_allee,dlinear,spring_2024,968,40,12.979481218921388,10.0,2.9794812189213875
landshuter_allee,dlinear,spring_2024,969,40,11.393275514448515,9.0,2.393275514448515
landshuter_allee,dlinear,spring_2024,970,40,10.018212332148027,8.0,2.0182123321480265
landshuter_allee,dlinear,spring_2024,971,40,9.952717936447442,9.0,0.9527179364474421
landshuter_allee,dlinear,spring_2024,972,40,10.693404668606549,10.0,0.6934046686065489
landshuter_allee,dlinear,spring_2024,973,40,11.467950262648188,10.0,1.4679502626481877
landshuter_allee,dlinear,spring_2024,974,40,11.794586577759869,10.0,1.794586577759869
landshuter_allee,dlinear,spring_2024,975,40,11.514197791236713,10.0,1.5141977912367128
landshuter_allee,dlinear,spring_2024,976,40,11.205052583797752,10.0,1.2050525837977517
landshuter_allee,dlinear,spring_2024,977,40,10.888792138823582,10.0,0.8887921388235824
landshuter_allee,dlinear,spring_2024,978,40,10.728153810421933,10.0,0.728153810421933
landshuter_allee,dlinear,spring_2024,979,40,10.997773960444885,11.0,0.0022260395551150225
landshuter_allee,dlinear,spring_2024,980,40,9.864871612457055,9.0,0.8648716124570548
landshuter_allee,dlinear,spring_2024,981,40,8.325668735625605,9.0,0.6743312643743948
landshuter_allee,dlinear,spring_2024,982,40,7.152216746187658,8.0,0.8477832538123424
landshuter_allee,dlinear,spring_2024,983,40,5.999237672399378,7.0,1.0007623276006221
landshuter_allee,dlinear,spring_2024,984,41,5.27631800821093,6.0,0.7236819917890696
landshuter_allee,dlinear,spring_2024,985,41,5.367878980650717,6.0,0.6321210193492828
landshuter_allee,dlinear,spring_2024,986,41,5.553052930507185,7.0,1.4469470694928148
landshuter_allee,dlinear,spring_2024,987,41,5.781291143461706,6.0,0.21870885653829397
landshuter_allee,dlinear,spring_2024,988,41,6.393174422084945,7.0,0.6068255779150551
landshuter_allee,dlinear,spring_2024,989,41,7.237760177239976,7.0,0.23776017723997622
landshuter_allee,dlinear,spring_2024,990,41,7.880018940044973,7.0,0.8800189400449732
landshuter_allee,dlinear,spring_2024,991,41,8.107261141272078,7.0,1.1072611412720779
landshuter_allee,dlinear,spring_2024,992,41,6.895411494408589,5.0,1.895411494408589
landshuter_allee,dlinear,spring_2024,993,41,5.806226630441751,5.0,0.8062266304417509
landshuter_allee,dlinear,spring_2024,994,41,5.257917737097008,4.0,1.2579177370970083
landshuter_allee,dlinear,spring_2024,995,41,5.341843206305752,5.0,0.34184320630575193
landshuter_allee,dlinear,spring_2024,996,41,5.725576566425321,4.0,1.725576566425321
landshuter_allee,dlinear,spring_2024,997,41,9.133988043654952,7.0,2.133988043654952
landshuter_allee,dlinear,spring_2024,998,41,9.826920793335844,8.0,1.8269207933358445
landshuter_allee,dlinear,spring_2024,999,41,10.19553801360885,7.0,3.19553801360885
landshuter_allee,dlinear,spring_2024,1000,41,10.170640473559136,10.0,0.17064047355913559
landshuter_allee,dlinear,spring_2024,1001,41,9.631083557235081,7.0,2.6310835572350815
landshuter_allee,dlinear,spring_2024,1002,41,9.226688838433544,8.0,1.2266888384335441
landshuter_allee,dlinear,spring_2024,1003,41,7.984464213263591,6.0,1.9844642132635908
landshuter_allee,dlinear,spring_2024,1004,41,6.224455467792187,4.0,2.224455467792187
landshuter_allee,dlinear,spring_2024,1005,41,4.54464786113361,4.0,0.5446478611336101
landshuter_allee,dlinear,spring_2024,1006,41,2.948823006719951,3.0,0.05117699328004921
landshuter_allee,dlinear,spring_2024,1007,41,1.716531659128687,3.0,1.283468340871313
landshuter_allee,dlinear,spring_2024,1008,42,1.100410578665135,2.0,0.899589421334865
landshuter_allee,dlinear,spring_2024,1009,42,0.6872086484136477,1.0,0.3127913515863523
landshuter_allee,dlinear,spring_2024,1010,42,0.5489741646739934,1.0,0.4510258353260066
landshuter_allee,dlinear,spring_2024,1011,42,0.5270211512921974,1.0,0.4729788487078026
landshuter_allee,dlinear,spring_2024,1012,42,1.2957367277173804,2.0,0.7042632722826196
landshuter_allee,dlinear,spring_2024,1013,42,2.1410921710105733,3.0,0.8589078289894267
landshuter_allee,dlinear,spring_2024,1014,42,2.7871254403451724,3.0,0.2128745596548276
landshuter_allee,dlinear,spring_2024,1015,42,3.2983063175199714,3.0,0.2983063175199714
landshuter_allee,dlinear,spring_2024,1016,42,3.5165898830734235,3.0,0.5165898830734235
landshuter_allee,dlinear,spring_2024,1017,42,3.7758597956731013,4.0,0.22414020432689874
landshuter_allee,dlinear,spring_2024,1018,42,4.514401215316256,5.0,0.4855987846837442
landshuter_allee,dlinear,spring_2024,1019,42,5.893976669215916,6.0,0.1060233307840841
landshuter_allee,dlinear,spring_2024,1020,42,7.303762391414303,7.0,0.3037623914143026
landshuter_allee,dlinear,spring_2024,1021,42,7.732131196322394,7.0,0.7321311963223938
landshuter_allee,dlinear,spring_2024,1022,42,8.536911243287394,8.0,0.5369112432873937
landshuter_allee,dlinear,spring_2024,1023,42,9.42412585794141,9.0,0.42412585794141044
landshuter_allee,dlinear,spring_2024,1024,42,10.109016555325471,11.0,0.8909834446745286
landshuter_allee,dlinear,spring_2024,1025,42,12.137248779716234,14.0,1.8627512202837657
landshuter_allee,dlinear,spring_2024,1026,42,12.17926522320436,13.0,0.8207347767956392
landshuter_allee,dlinear,spring_2024,1027,42,11.350905749812389,11.0,0.3509057498123891
landshuter_allee,dlinear,spring_2024,1028,42,11.023426545180588,14.0,2.9765734548194125
landshuter_allee,dlinear,spring_2024,1029,42,11.21330032600222,10.0,1.2133003260022193
landshuter_allee,dlinear,spring_2024,1030,42,9.711877282697198,8.0,1.7118772826971984
landshuter_allee,dlinear,spring_2024,1031,42,8.34710628386016,9.0,0.6528937161398396
landshuter_allee,dlinear,spring_2024,1032,43,7.436633570099515,8.0,0.5633664299004852
landshuter_allee,dlinear,spring_2024,1033,43,7.227151015720786,7.0,0.22715101572078567
landshuter_allee,dlinear,spring_2024,1034,43,7.011748529081211,6.0,1.0117485290812107
landshuter_allee,dlinear,spring_2024,1035,43,6.861734829277304,6.0,0.8617348292773039
landshuter_allee,dlinear,spring_2024,1036,43,6.989422694347201,5.0,1.9894226943472013
landshuter_allee,dlinear,spring_2024,1037,43,7.347899087439355,5.0,2.3478990874393553
landshuter_allee,dlinear,spring_2024,1038,43,6.906484860302029,5.0,1.9064848603020286
landshuter_allee,dlinear,spring_2024,1039,43,6.231970070102065,4.0,2.231970070102065
landshuter_allee,dlinear,spring_2024,1040,43,5.943088439963339,4.0,1.943088439963339
landshuter_allee,dlinear,spring_2024,1041,43,5.399880157109507,5.0,0.3998801571095072
landshuter_allee,dlinear,spring_2024,1042,43,5.330526476243654,6.0,0.6694735237563458
landshuter_allee,dlinear,spring_2024,1043,43,5.393999976526998,7.0,1.606000023473002
landshuter_allee,dlinear,spring_2024,1044,43,5.458220927141745,6.0,0.5417790728582554
landshuter_allee,dlinear,spring_2024,1045,43,5.470819506142104,6.0,0.5291804938578961
landshuter_allee,dlinear,spring_2024,1046,43,4.970297982086382,4.0,0.9702979820863824
landshuter_allee,dlinear,spring_2024,1047,43,4.918461526177247,3.0,1.9184615261772473
landshuter_allee,dlinear,spring_2024,1048,43,5.4054452766668035,3.0,2.4054452766668035
landshuter_allee,dlinear,spring_2024,1049,43,5.6711017905744585,3.0,2.6711017905744585
landshuter_allee,dlinear,spring_2024,1050,43,6.599906065328355,4.0,2.599906065328355
landshuter_allee,dlinear,spring_2024,1051,43,8.004646489674073,6.0,2.004646489674073
landshuter_allee,dlinear,spring_2024,1052,43,10.216389654486573,8.0,2.216389654486573
landshuter_allee,dlinear,spring_2024,1053,43,11.635208857966784,9.0,2.6352088579667843
landshuter_allee,dlinear,spring_2024,1054,43,12.040875215482139,10.0,2.0408752154821386
landshuter_allee,dlinear,spring_2024,1055,43,12.501665451587927,10.0,2.501665451587927
landshuter_allee,dlinear,summer_2024,0,0,4.166234819395162,6.0,1.8337651806048383
landshuter_allee,dlinear,summer_2024,1,0,4.476542026055649,5.0,0.5234579739443506
landshuter_allee,dlinear,summer_2024,2,0,4.201250617937153,4.0,0.20125061793715293
landshuter_allee,dlinear,summer_2024,3,0,3.979209446358028,3.0,0.9792094463580279
landshuter_allee,dlinear,summer_2024,4,0,4.227004071148448,3.0,1.227004071148448
landshuter_allee,dlinear,summer_2024,5,0,4.281058642024388,4.0,0.28105864202438813
landshuter_allee,dlinear,summer_2024,6,0,4.585163459187446,4.0,0.585163459187446
landshuter_allee,dlinear,summer_2024,7,0,4.850552248958666,4.0,0.8505522489586657
landshuter_allee,dlinear,summer_2024,8,0,5.191802855742774,4.0,1.1918028557427736
landshuter_allee,dlinear,summer_2024,9,0,6.027287604146283,5.0,1.0272876041462826
landshuter_allee,dlinear,summer_2024,10,0,7.297758507217362,6.0,1.2977585072173623
landshuter_allee,dlinear,summer_2024,11,0,7.230702195218309,6.0,1.230702195218309
landshuter_allee,dlinear,summer_2024,12,0,6.403837448877688,4.0,2.403837448877688
landshuter_allee,dlinear,summer_2024,13,0,6.202303301418885,5.0,1.202303301418885
landshuter_allee,dlinear,summer_2024,14,0,5.741889662084411,4.0,1.7418896620844109
landshuter_allee,dlinear,summer_2024,15,0,5.540079468478218,5.0,0.5400794684782184
landshuter_allee,dlinear,summer_2024,16,0,5.757118232420665,6.0,0.24288176757933488
landshuter_allee,dlinear,summer_2024,17,0,9.493719042614542,12.0,2.5062809573854583
landshuter_allee,dlinear,summer_2024,18,0,10.535698071891952,10.0,0.535698071891952
landshuter_allee,dlinear,summer_2024,19,0,9.616420783895348,7.0,2.6164207838953484
landshuter_allee,dlinear,summer_2024,20,0,8.630690842488297,5.0,3.6306908424882973
landshuter_allee,dlinear,summer_2024,21,0,7.596240574179436,4.0,3.5962405741794363
landshuter_allee,dlinear,summer_2024,22,0,7.011347287176733,4.0,3.011347287176733
landshuter_allee,dlinear,summer_2024,23,0,6.412675484893821,5.0,1.4126754848938212
landshuter_allee,dlinear,summer_2024,24,1,5.7710206098223304,4.0,1.7710206098223304
landshuter_allee,dlinear,summer_2024,25,1,5.58988360841886,5.0,0.5898836084188597
landshuter_allee,dlinear,summer_2024,26,1,5.609582074349873,5.0,0.6095820743498734
landshuter_allee,dlinear,summer_2024,27,1,6.3366340541838575,6.0,0.3366340541838575
landshuter_allee,dlinear,summer_2024,28,1,7.177632750243742,8.0,0.8223672497562582
landshuter_allee,dlinear,summer_2024,29,1,8.15657435973129,9.0,0.8434256402687108
landshuter_allee,dlinear,summer_2024,30,1,8.240248706649007,8.0,0.2402487066490071
landshuter_allee,dlinear,summer_2024,31,1,7.952517893965182,7.0,0.9525178939651822
landshuter_allee,dlinear,summer_2024,32,1,7.757879509289058,5.0,2.757879509289058
landshuter_allee,dlinear,summer_2024,33,1,7.504945710725376,5.0,2.5049457107253756
landshuter_allee,dlinear,summer_2024,34,1,7.228775967571362,6.0,1.2287759675713623
landshuter_allee,dlinear,summer_2024,35,1,6.497638083663024,4.0,2.4976380836630243
landshuter_allee,dlinear,summer_2024,36,1,6.374927998175637,5.0,1.3749279981756368
landshuter_allee,dlinear,summer_2024,37,1,6.691033119580445,6.0,0.6910331195804451
landshuter_allee,dlinear,summer_2024,38,1,6.295051080665342,5.0,1.295051080665342
landshuter_allee,dlinear,summer_2024,39,1,6.104935715062714,5.0,1.1049357150627142
landshuter_allee,dlinear,summer_2024,40,1,6.239718906536619,5.0,1.239718906536619
landshuter_allee,dlinear,summer_2024,41,1,6.706243775080343,6.0,0.7062437750803428
landshuter_allee,dlinear,summer_2024,42,1,6.917116081968225,6.0,0.9171160819682251
landshuter_allee,dlinear,summer_2024,43,1,6.914250309468475,6.0,0.9142503094684749
landshuter_allee,dlinear,summer_2024,44,1,7.469174381474327,6.0,1.4691743814743274
landshuter_allee,dlinear,summer_2024,45,1,8.29647361046408,8.0,0.29647361046407994
landshuter_allee,dlinear,summer_2024,46,1,8.082691872945492,7.0,1.0826918729454924
landshuter_allee,dlinear,summer_2024,47,1,7.188501280360313,6.0,1.1885012803603132
landshuter_allee,dlinear,summer_2024,48,2,6.698295760569787,6.0,0.6982957605697866
landshuter_allee,dlinear,summer_2024,49,2,6.134854844067402,5.0,1.1348548440674016
landshuter_allee,dlinear,summer_2024,50,2,5.571811560568429,5.0,0.5718115605684293
landshuter_allee,dlinear,summer_2024,51,2,4.896864627894111,4.0,0.8968646278941108
landshuter_allee,dlinear,summer_2024,52,2,4.821800138288125,5.0,0.1781998617118754
landshuter_allee,dlinear,summer_2024,53,2,5.572544675788901,7.0,1.427455324211099
landshuter_allee,dlinear,summer_2024,54,2,5.767087351310637,6.0,0.23291264868936334
landshuter_allee,dlinear,summer_2024,55,2,5.4774427625656665,5.0,0.47744276256566653
landshuter_allee,dlinear,summer_2024,56,2,4.7661782782225615,3.0,1.7661782782225615
landshuter_allee,dlinear,summer_2024,57,2,4.085708996281998,3.0,1.0857089962819977
landshuter_allee,dlinear,summer_2024,58,2,4.835673898947876,4.0,0.835673898947876
landshuter_allee,dlinear,summer_2024,59,2,4.5533688129254095,3.0,1.5533688129254095
landshuter_allee,dlinear,summer_2024,60,2,3.9169148432250647,2.0,1.9169148432250647
landshuter_allee,dlinear,summer_2024,61,2,3.9570923437157197,3.0,0.9570923437157197
landshuter_allee,dlinear,summer_2024,62,2,4.676262686672642,4.0,0.6762626866726418
landshuter_allee,dlinear,summer_2024,63,2,4.852077570903818,5.0,0.14792242909618203
landshuter_allee,dlinear,summer_2024,64,2,4.945038986262784,5.0,0.05496101373721629
landshuter_allee,dlinear,summer_2024,65,2,5.264904743762682,4.0,1.2649047437626821
landshuter_allee,dlinear,summer_2024,66,2,5.750798610739817,5.0,0.7507986107398166
landshuter_allee,dlinear,summer_2024,67,2,5.793938616990304,5.0,0.793938616990304
landshuter_allee,dlinear,summer_2024,68,2,5.959507383582983,5.0,0.9595073835829826
landshuter_allee,dlinear,summer_2024,69,2,5.6327047784980255,5.0,0.6327047784980255
landshuter_allee,dlinear,summer_2024,70,2,4.301852256521849,3.0,1.3018522565218493
landshuter_allee,dlinear,summer_2024,71,2,2.7617945695864528,2.0,0.7617945695864528
landshuter_allee,dlinear,summer_2024,72,3,1.83465175721321,2.0,0.16534824278679006
landshuter_allee,dlinear,summer_2024,73,3,1.4955115910198078,2.0,0.5044884089801922
landshuter_allee,dlinear,summer_2024,74,3,1.288493564453956,1.0,0.2884935644539559
landshuter_allee,dlinear,summer_2024,75,3,1.5248018444229245,2.0,0.47519815557707545
landshuter_allee,dlinear,summer_2024,76,3,2.1888408719096666,2.0,0.18884087190966659
landshuter_allee,dlinear,summer_2024,77,3,3.0671683939433065,4.0,0.9328316060566935
landshuter_allee,dlinear,summer_2024,78,3,3.814235268541654,5.0,1.1857647314583462
landshuter_allee,dlinear,summer_2024,79,3,4.529145172238322,5.0,0.470854827761678
landshuter_allee,dlinear,summer_2024,80,3,4.625145557959466,4.0,0.625145557959466
landshuter_allee,dlinear,summer_2024,81,3,4.694744551004154,4.0,0.6947445510041543
landshuter_allee,dlinear,summer_2024,82,3,4.8279327168371715,4.0,0.8279327168371715
landshuter_allee,dlinear,summer_2024,83,3,4.877091680330178,4.0,0.877091680330178
landshuter_allee,dlinear,summer_2024,84,3,4.777847075817453,4.0,0.7778470758174532
landshuter_allee,dlinear,summer_2024,85,3,4.7184658124949515,4.0,0.7184658124949515
landshuter_allee,dlinear,summer_2024,86,3,4.976559589601395,5.0,0.023440410398604783
landshuter_allee,dlinear,summer_2024,87,3,4.939623117134153,5.0,0.06037688286584686
landshuter_allee,dlinear,summer_2024,88,3,4.576170593626505,4.0,0.5761705936265047
landshuter_allee,dlinear,summer_2024,89,3,4.966005727507287,6.0,1.0339942724927127
landshuter_allee,dlinear,summer_2024,90,3,5.450817494063706,5.0,0.4508174940637062
landshuter_allee,dlinear,summer_2024,91,3,5.611658246283254,5.0,0.6116582462832536
landshuter_allee,dlinear,summer_2024,92,3,5.2469544320264925,5.0,0.24695443202649248
landshuter_allee,dlinear,summer_2024,93,3,4.373137736497476,4.0,0.37313773649747617
landshuter_allee,dlinear,summer_2024,94,3,4.323430101856479,4.0,0.3234301018564789
landshuter_allee,dlinear,summer_2024,95,3,4.3003109222626685,4.0,0.30031092226266853
landshuter_allee,dlinear,summer_2024,96,4,4.115718869978338,3.0,1.1157188699783376
landshuter_allee,dlinear,summer_2024,97,4,3.904583857360432,3.0,0.9045838573604321
landshuter_allee,dlinear,summer_2024,98,4,3.870798567407637,3.0,0.8707985674076371
landshuter_allee,dlinear,summer_2024,99,4,4.097931315141164,3.0,1.0979313151411638
landshuter_allee,dlinear,summer_2024,100,4,4.523809158989197,3.0,1.5238091589891969
landshuter_allee,dlinear,summer_2024,101,4,5.013509730400102,4.0,1.0135097304001022
landshuter_allee,dlinear,summer_2024,102,4,5.733429404671317,5.0,0.733429404671317
landshuter_allee,dlinear,summer_2024,103,4,6.127860796122215,5.0,1.1278607961222153
landshuter_allee,dlinear,summer_2024,104,4,5.655972754840815,4.0,1.655972754840815
landshuter_allee,dlinear,summer_2024,105,4,4.882376642039574,3.0,1.8823766420395742
landshuter_allee,dlinear,summer_2024,106,4,4.912420641927273,4.0,0.9124206419272731
landshuter_allee,dlinear,summer_2024,107,4,4.683731608846401,5.0,0.3162683911535993
landshuter_allee,dlinear,summer_2024,108,4,4.910471379422718,5.0,0.08952862057728161
landshuter_allee,dlinear,summer_2024,109,4,5.427915578611963,6.0,0.5720844213880367
landshuter_allee,dlinear,summer_2024,110,4,5.8418752293090535,7.0,1.1581247706909465
landshuter_allee,dlinear,summer_2024,111,4,6.283375568875966,7.0,0.7166244311240337
landshuter_allee,dlinear,summer_2024,112,4,6.94184734938767,8.0,1.05815265061233
landshuter_allee,dlinear,summer_2024,113,4,6.943475603051484,6.0,0.9434756030514837
landshuter_allee,dlinear,summer_2024,114,4,7.012147529635134,6.0,1.0121475296351337
landshuter_allee,dlinear,summer_2024,115,4,6.677215835232856,6.0,0.6772158352328557
landshuter_allee,dlinear,summer_2024,116,4,6.712503882775245,6.0,0.7125038827752448
landshuter_allee,dlinear,summer_2024,117,4,7.718575008862272,7.0,0.7185750088622722
landshuter_allee,dlinear,summer_2024,118,4,8.6882346738433,9.0,0.3117653261566993
landshuter_allee,dlinear,summer_2024,119,4,8.556366388616993,8.0,0.5563663886169934
landshuter_allee,dlinear,summer_2024,120,5,9.081471768885365,10.0,0.9185282311146352
landshuter_allee,dlinear,summer_2024,121,5,9.283591115546072,11.0,1.7164088844539283
landshuter_allee,dlinear,summer_2024,122,5,8.970147253659366,9.0,0.02985274634063373
landshuter_allee,dlinear,summer_2024,123,5,8.361287080566612,9.0,0.638712919433388
landshuter_allee,dlinear,summer_2024,124,5,7.835626532780414,8.0,0.164373467219586
landshuter_allee,dlinear,summer_2024,125,5,7.745854577955064,9.0,1.2541454220449362
landshuter_allee,dlinear,summer_2024,126,5,7.236018002388346,8.0,0.763981997611654
landshuter_allee,dlinear,summer_2024,127,5,6.803337623695236,8.0,1.1966623763047641
landshuter_allee,dlinear,summer_2024,128,5,6.250991228465388,7.0,0.7490087715346121
landshuter_allee,dlinear,summer_2024,129,5,6.137248829965464,7.0,0.862751170034536
landshuter_allee,dlinear,summer_2024,130,5,6.047188019401296,7.0,0.9528119805987041
landshuter_allee,dlinear,summer_2024,131,5,6.11820114227724,8.0,1.8817988577227602
landshuter_allee,dlinear,summer_2024,132,5,6.55887845379647,8.0,1.4411215462035303
landshuter_allee,dlinear,summer_2024,133,5,7.275292663221251,10.0,2.7247073367787493
landshuter_allee,dlinear,summer_2024,134,5,7.909753597964058,9.0,1.090246402035942
landshuter_allee,dlinear,summer_2024,135,5,10.82607381596731,10.0,0.8260738159673107
landshuter_allee,dlinear,summer_2024,136,5,13.824307831231753,13.0,0.8243078312317529
landshuter_allee,dlinear,summer_2024,137,5,13.232409453020178,9.0,4.232409453020178
landshuter_allee,dlinear,summer_2024,138,5,11.700699419962405,9.0,2.7006994199624046
landshuter_allee,dlinear,summer_2024,139,5,10.039759916244485,8.0,2.039759916244485
landshuter_allee,dlinear,summer_2024,140,5,8.334635472873734,7.0,1.3346354728737335
landshuter_allee,dlinear,summer_2024,141,5,7.548899571000729,6.0,1.548899571000729
landshuter_allee,dlinear,summer_2024,142,5,6.870070359338282,5.0,1.870070359338282
landshuter_allee,dlinear,summer_2024,143,5,5.5771807124412955,3.0,2.5771807124412955
landshuter_allee,dlinear,summer_2024,144,6,4.089376852981691,2.0,2.089376852981691
landshuter_allee,dlinear,summer_2024,145,6,3.2339396657528603,1.0,2.2339396657528603
landshuter_allee,dlinear,summer_2024,146,6,3.0928343387484047,1.0,2.0928343387484047
landshuter_allee,dlinear,summer_2024,147,6,4.144328600293041,2.0,2.144328600293041
landshuter_allee,dlinear,summer_2024,148,6,4.782404091432171,3.0,1.7824040914321708
landshuter_allee,dlinear,summer_2024,149,6,4.843917630873003,3.0,1.843917630873003
landshuter_allee,dlinear,summer_2024,150,6,4.79642659991435,3.0,1.7964265999143496
landshuter_allee,dlinear,summer_2024,151,6,4.588728581125818,2.0,2.5887285811258183
landshuter_allee,dlinear,summer_2024,152,6,4.815957892611414,3.0,1.8159578926114142
landshuter_allee,dlinear,summer_2024,153,6,5.583322992304928,3.0,2.583322992304928
landshuter_allee,dlinear,summer_2024,154,6,6.418131151413621,4.0,2.418131151413621
landshuter_allee,dlinear,summer_2024,155,6,6.997092550406962,4.0,2.997092550406962
landshuter_allee,dlinear,summer_2024,156,6,6.964766655223574,4.0,2.964766655223574
landshuter_allee,dlinear,summer_2024,157,6,6.393207396361419,4.0,2.3932073963614187
landshuter_allee,dlinear,summer_2024,158,6,5.814982831867393,3.0,2.8149828318673933
landshuter_allee,dlinear,summer_2024,159,6,5.407156185068476,2.0,3.4071561850684757
landshuter_allee,dlinear,summer_2024,160,6,6.266629411644038,5.0,1.266629411644038
landshuter_allee,dlinear,summer_2024,161,6,6.432594837414215,4.0,2.4325948374142152
landshuter_allee,dlinear,summer_2024,162,6,5.976665594672874,3.0,2.976665594672874
landshuter_allee,dlinear,summer_2024,163,6,5.773172434270728,3.0,2.7731724342707276
landshuter_allee,dlinear,summer_2024,164,6,5.545595318532316,3.0,2.5455953185323157
landshuter_allee,dlinear,summer_2024,165,6,5.3378740948923475,3.0,2.3378740948923475
landshuter_allee,dlinear,summer_2024,166,6,5.265445244676656,4.0,1.2654452446766564
landshuter_allee,dlinear,summer_2024,167,6,5.674412557038707,5.0,0.674412557038707
landshuter_allee,dlinear,summer_2024,168,7,6.223316678533723,6.0,0.22331667853372306
landshuter_allee,dlinear,summer_2024,169,7,6.256197804058118,5.0,1.256197804058118
landshuter_allee,dlinear,summer_2024,170,7,6.161168853918641,5.0,1.1611688539186407
landshuter_allee,dlinear,summer_2024,171,7,6.588724482910946,5.0,1.588724482910946
landshuter_allee,dlinear,summer_2024,172,7,6.890263731447595,6.0,0.890263731447595
landshuter_allee,dlinear,summer_2024,173,7,7.4574090825015364,6.0,1.4574090825015364
landshuter_allee,dlinear,summer_2024,174,7,7.9217820260564835,5.0,2.9217820260564835
landshuter_allee,dlinear,summer_2024,175,7,7.844237198076483,6.0,1.844237198076483
landshuter_allee,dlinear,summer_2024,176,7,6.844866557799773,4.0,2.844866557799773
landshuter_allee,dlinear,summer_2024,177,7,5.4671999298790634,2.0,3.4671999298790634
landshuter_allee,dlinear,summer_2024,178,7,4.640951344903106,2.0,2.6409513449031063
landshuter_allee,dlinear,summer_2024,179,7,4.386933586503179,2.0,2.3869335865031793
landshuter_allee,dlinear,summer_2024,180,7,4.086486840011279,3.0,1.086486840011279
landshuter_allee,dlinear,summer_2024,181,7,4.101709487640152,3.0,1.1017094876401519
landshuter_allee,dlinear,summer_2024,182,7,4.357679883537625,3.0,1.3576798835376254
landshuter_allee,dlinear,summer_2024,183,7,4.8442183733161945,5.0,0.15578162668380546
landshuter_allee,dlinear,summer_2024,184,7,5.618298667316311,6.0,0.3817013326836891
landshuter_allee,dlinear,summer_2024,185,7,5.711007545929762,5.0,0.7110075459297622
landshuter_allee,dlinear,summer_2024,186,7,5.7893928298233135,5.0,0.7893928298233135
landshuter_allee,dlinear,summer_2024,187,7,6.138971674697159,5.0,1.1389716746971592
landshuter_allee,dlinear,summer_2024,188,7,7.14840247530947,9.0,1.85159752469053
landshuter_allee,dlinear,summer_2024,189,7,8.341196750082277,11.0,2.6588032499177228
landshuter_allee,dlinear,summer_2024,190,7,8.873279647291064,10.0,1.1267203527089364
landshuter_allee,dlinear,summer_2024,191,7,9.521575545696077,11.0,1.4784244543039229
landshuter_allee,dlinear,summer_2024,192,8,10.228530142688212,13.0,2.7714698573117875
landshuter_allee,dlinear,summer_2024,193,8,10.609893029454422,15.0,4.3901069705455775
landshuter_allee,dlinear,summer_2024,194,8,11.076824208435415,15.0,3.923175791564585
landshuter_allee,dlinear,summer_2024,195,8,11.091709815915294,13.0,1.9082901840847057
landshuter_allee,dlinear,summer_2024,196,8,11.200589832332527,13.0,1.7994101676674727
landshuter_allee,dlinear,summer_2024,197,8,10.67362914408507,12.0,1.3263708559149308
landshuter_allee,dlinear,summer_2024,198,8,9.433092889078022,11.0,1.5669071109219779
landshuter_allee,dlinear,summer_2024,199,8,7.746750188772157,7.0,0.7467501887721566
landshuter_allee,dlinear,summer_2024,200,8,6.4625924071979135,7.0,0.5374075928020865
landshuter_allee,dlinear,summer_2024,201,8,6.576884201796699,8.0,1.423115798203301
landshuter_allee,dlinear,summer_2024,202,8,7.184782320039586,9.0,1.8152176799604138
landshuter_allee,dlinear,summer_2024,203,8,7.243153559626984,7.0,0.24315355962698426
landshuter_allee,dlinear,summer_2024,204,8,6.9920542959776455,7.0,0.007945704022354505
landshuter_allee,dlinear,summer_2024,205,8,6.897052377817392,8.0,1.102947622182608
landshuter_allee,dlinear,summer_2024,206,8,7.129745045065836,8.0,0.8702549549341638
landshuter_allee,dlinear,summer_2024,207,8,8.198887965341557,11.0,2.801112034658443
landshuter_allee,dlinear,summer_2024,208,8,9.552549201102266,13.0,3.4474507988977336
landshuter_allee,dlinear,summer_2024,209,8,10.858548161909276,13.0,2.141451838090724
landshuter_allee,dlinear,summer_2024,210,8,12.501933993182774,15.0,2.4980660068172256
landshuter_allee,dlinear,summer_2024,211,8,13.58429733849257,16.0,2.4157026615074297
landshuter_allee,dlinear,summer_2024,212,8,13.80606034045072,15.0,1.1939396595492795
landshuter_allee,dlinear,summer_2024,213,8,14.226069512952867,16.0,1.7739304870471333
landshuter_allee,dlinear,summer_2024,214,8,16.40647851084178,21.0,4.593521489158221
landshuter_allee,dlinear,summer_2024,215,8,18.099803573657915,18.0,0.09980357365791548
landshuter_allee,dlinear,summer_2024,216,9,17.95711579282355,16.0,1.9571157928235507
landshuter_allee,dlinear,summer_2024,217,9,16.721654555997098,15.0,1.7216545559970982
landshuter_allee,dlinear,summer_2024,218,9,15.596434738582715,16.0,0.40356526141728466
landshuter_allee,dlinear,summer_2024,219,9,15.411336005466973,19.0,3.588663994533027
landshuter_allee,dlinear,summer_2024,220,9,14.977492646893555,17.0,2.0225073531064446
landshuter_allee,dlinear,summer_2024,221,9,13.84154699005397,15.0,1.1584530099460295
landshuter_allee,dlinear,summer_2024,222,9,12.092918891251237,12.0,0.09291889125123731
landshuter_allee,dlinear,summer_2024,223,9,10.492027299587962,10.0,0.49202729958796176
landshuter_allee,dlinear,summer_2024,224,9,10.008840227821935,10.0,0.008840227821934832
landshuter_allee,dlinear,summer_2024,225,9,10.686653047652674,11.0,0.31334695234732557
landshuter_allee,dlinear,summer_2024,226,9,10.440498977967039,11.0,0.5595010220329613
landshuter_allee,dlinear,summer_2024,227,9,9.64801547566519,8.0,1.64801547566519
landshuter_allee,dlinear,summer_2024,228,9,9.13336154009704,8.0,1.1333615400970398
landshuter_allee,dlinear,summer_2024,229,9,9.459896592685798,9.0,0.45989659268579786
landshuter_allee,dlinear,summer_2024,230,9,10.418102691299048,9.0,1.4181026912990475
landshuter_allee,dlinear,summer_2024,231,9,11.450708692580376,10.0,1.4507086925803758
landshuter_allee,dlinear,summer_2024,232,9,12.295979173839143,12.0,0.2959791738391431
landshuter_allee,dlinear,summer_2024,233,9,11.715697524676868,10.0,1.7156975246768678
landshuter_allee,dlinear,summer_2024,234,9,10.416316156859152,8.0,2.4163161568591516
landshuter_allee,dlinear,summer_2024,235,9,9.80361840604822,9.0,0.8036184060482192
landshuter_allee,dlinear,summer_2024,236,9,9.830603872603165,11.0,1.1693961273968352
landshuter_allee,dlinear,summer_2024,237,9,10.401835682264114,10.0,0.4018356822641138
landshuter_allee,dlinear,summer_2024,238,9,9.914908888622755,8.0,1.9149088886227545
landshuter_allee,dlinear,summer_2024,239,9,8.693356554047988,8.0,0.6933565540479876
landshuter_allee,dlinear,summer_2024,240,10,7.584870732670055,7.0,0.5848707326700548
landshuter_allee,dlinear,summer_2024,241,10,7.338100756312069,5.0,2.338100756312069
landshuter_allee,dlinear,summer_2024,242,10,7.267094505133951,5.0,2.267094505133951
landshuter_allee,dlinear,summer_2024,243,10,6.97126809834656,5.0,1.9712680983465596
landshuter_allee,dlinear,summer_2024,244,10,7.539561569741546,7.0,0.5395615697415463
landshuter_allee,dlinear,summer_2024,245,10,8.521775731999877,7.0,1.5217757319998775
landshuter_allee,dlinear,summer_2024,246,10,9.26709481470791,9.0,0.2670948147079102
landshuter_allee,dlinear,summer_2024,247,10,9.850280426605606,13.0,3.1497195733943943
landshuter_allee,dlinear,summer_2024,248,10,11.84315269654235,15.0,3.156847303457649
landshuter_allee,dlinear,summer_2024,249,10,13.54686901431598,13.0,0.5468690143159805
landshuter_allee,dlinear,summer_2024,250,10,13.369944511672166,11.0,2.3699445116721662
landshuter_allee,dlinear,summer_2024,251,10,13.391317487281071,13.0,0.3913174872810714
landshuter_allee,dlinear,summer_2024,252,10,13.03330592415102,11.0,2.033305924151019
landshuter_allee,dlinear,summer_2024,253,10,11.812620314975,9.0,2.8126203149749998
landshuter_allee,dlinear,summer_2024,254,10,10.401466502674436,8.0,2.4014665026744364
landshuter_allee,dlinear,summer_2024,255,10,9.40357176502285,8.0,1.4035717650228499
landshuter_allee,dlinear,summer_2024,256,10,8.837113046895146,7.0,1.837113046895146
landshuter_allee,dlinear,summer_2024,257,10,8.330883061940321,7.0,1.3308830619403214
landshuter_allee,dlinear,summer_2024,258,10,8.00826694716412,8.0,0.008266947164120353
landshuter_allee,dlinear,summer_2024,259,10,7.820910653186894,8.0,0.17908934681310562
landshuter_allee,dlinear,summer_2024,260,10,8.027868364822352,10.0,1.9721316351776483
landshuter_allee,dlinear,summer_2024,261,10,8.551086369696252,12.0,3.448913630303748
landshuter_allee,dlinear,summer_2024,262,10,9.046873447394173,14.0,4.953126552605827
landshuter_allee,dlinear,summer_2024,263,10,8.265248067673834,9.0,0.7347519323261658
landshuter_allee,dlinear,summer_2024,264,11,7.83150746201836,9.0,1.1684925379816402
landshuter_allee,dlinear,summer_2024,265,11,7.889525358702424,10.0,2.110474641297576
landshuter_allee,dlinear,summer_2024,266,11,8.846535075199137,11.0,2.153464924800863
landshuter_allee,dlinear,summer_2024,267,11,10.05967406884629,9.0,1.0596740688462898
landshuter_allee,dlinear,summer_2024,268,11,10.677034692037013,10.0,0.6770346920370134
landshuter_allee,dlinear,summer_2024,269,11,9.92663580850775,11.0,1.0733641914922494
landshuter_allee,dlinear,summer_2024,270,11,8.2618614433655,7.0,1.2618614433655004
landshuter_allee,dlinear,summer_2024,271,11,7.637271170016865,8.0,0.36272882998313527
landshuter_allee,dlinear,summer_2024,272,11,8.19694302383067,9.0,0.80305697616933
landshuter_allee,dlinear,summer_2024,273,11,8.326033468092529,8.0,0.326033468092529
landshuter_allee,dlinear,summer_2024,274,11,8.31822068398885,9.0,0.6817793160111503
landshuter_allee,dlinear,summer_2024,275,11,7.581229322985761,6.0,1.5812293229857612
landshuter_allee,dlinear,summer_2024,276,11,6.2907827270929,4.0,2.2907827270928998
landshuter_allee,dlinear,summer_2024,277,11,5.491751890696854,4.0,1.4917518906968539
landshuter_allee,dlinear,summer_2024,278,11,5.4060935017347225,4.0,1.4060935017347225
landshuter_allee,dlinear,summer_2024,279,11,4.902117613663891,4.0,0.9021176136638909
landshuter_allee,dlinear,summer_2024,280,11,4.582589627661446,3.0,1.582589627661446
landshuter_allee,dlinear,summer_2024,281,11,4.764629151839165,4.0,0.7646291518391646
landshuter_allee,dlinear,summer_2024,282,11,5.05160106639471,4.0,1.05160106639471
landshuter_allee,dlinear,summer_2024,283,11,5.769085901572215,4.0,1.7690859015722147
landshuter_allee,dlinear,summer_2024,284,11,6.320310547760171,5.0,1.3203105477601706
landshuter_allee,dlinear,summer_2024,285,11,5.7343577305057245,4.0,1.7343577305057245
landshuter_allee,dlinear,summer_2024,286,11,4.557350587052288,3.0,1.5573505870522881
landshuter_allee,dlinear,summer_2024,287,11,3.7046180766277823,3.0,0.7046180766277823
landshuter_allee,dlinear,summer_2024,288,12,3.063455098102455,3.0,0.06345509810245487
landshuter_allee,dlinear,summer_2024,289,12,2.9852969221377723,2.0,0.9852969221377723
landshuter_allee,dlinear,summer_2024,290,12,3.0875824446936617,2.0,1.0875824446936617
landshuter_allee,dlinear,summer_2024,291,12,3.0416507933406276,2.0,1.0416507933406276
landshuter_allee,dlinear,summer_2024,292,12,3.184839257654246,2.0,1.1848392576542461
landshuter_allee,dlinear,summer_2024,293,12,3.60780915514447,2.0,1.6078091551444702
landshuter_allee,dlinear,summer_2024,294,12,3.6100349310517146,2.0,1.6100349310517146
landshuter_allee,dlinear,summer_2024,295,12,3.441236570190486,2.0,1.441236570190486
landshuter_allee,dlinear,summer_2024,296,12,4.109879378995933,3.0,1.1098793789959327
landshuter_allee,dlinear,summer_2024,297,12,4.5887604960671435,4.0,0.5887604960671435
landshuter_allee,dlinear,summer_2024,298,12,5.013498239047807,5.0,0.01349823904780667
landshuter_allee,dlinear,summer_2024,299,12,5.624349738722453,5.0,0.6243497387224526
landshuter_allee,dlinear,summer_2024,300,12,5.836855505919857,5.0,0.836855505919857
landshuter_allee,dlinear,summer_2024,301,12,6.109525892005097,5.0,1.109525892005097
landshuter_allee,dlinear,summer_2024,302,12,7.525923683989175,6.0,1.5259236839891752
landshuter_allee,dlinear,summer_2024,303,12,7.384852102691981,5.0,2.3848521026919807
landshuter_allee,dlinear,summer_2024,304,12,7.026079832836059,5.0,2.026079832836059
landshuter_allee,dlinear,summer_2024,305,12,6.791102467080318,6.0,0.791102467080318
landshuter_allee,dlinear,summer_2024,306,12,7.0955453966175925,7.0,0.09554539661759254
landshuter_allee,dlinear,summer_2024,307,12,7.442035842294738,8.0,0.5579641577052623
landshuter_allee,dlinear,summer_2024,308,12,7.091437503801036,6.0,1.0914375038010364
landshuter_allee,dlinear,summer_2024,309,12,6.6888971093324034,6.0,0.6888971093324034
landshuter_allee,dlinear,summer_2024,310,12,6.187984341978513,6.0,0.18798434197851321
landshuter_allee,dlinear,summer_2024,311,12,6.483578893921612,9.0,2.516421106078388
landshuter_allee,dlinear,summer_2024,312,13,6.460925085514083,9.0,2.5390749144859166
landshuter_allee,dlinear,summer_2024,313,13,6.624571597047077,6.0,0.6245715970470771
landshuter_allee,dlinear,summer_2024,314,13,6.871692484051736,6.0,0.8716924840517359
landshuter_allee,dlinear,summer_2024,315,13,7.2046970492193285,6.0,1.2046970492193285
landshuter_allee,dlinear,summer_2024,316,13,7.570349880668443,6.0,1.5703498806684433
landshuter_allee,dlinear,summer_2024,317,13,7.623182337068251,7.0,0.6231823370682514
landshuter_allee,dlinear,summer_2024,318,13,7.646503294593267,6.0,1.6465032945932672
landshuter_allee,dlinear,summer_2024,319,13,7.59596789130872,6.0,1.59596789130872
landshuter_allee,dlinear,summer_2024,320,13,7.161011303630067,5.0,2.161011303630067
landshuter_allee,dlinear,summer_2024,321,13,6.249743533133287,5.0,1.2497435331332873
landshuter_allee,dlinear,summer_2024,322,13,6.06132094968766,5.0,1.0613209496876603
landshuter_allee,dlinear,summer_2024,323,13,5.2164478747736895,5.0,0.21644787477368954
landshuter_allee,dlinear,summer_2024,324,13,4.998708656005596,6.0,1.0012913439944038
landshuter_allee,dlinear,summer_2024,325,13,5.211862166665162,6.0,0.7881378333348383
landshuter_allee,dlinear,summer_2024,326,13,5.193432319692898,6.0,0.8065676803071016
landshuter_allee,dlinear,summer_2024,327,13,5.119663357669192,6.0,0.8803366423308079
landshuter_allee,dlinear,summer_2024,328,13,4.531035664596013,5.0,0.46896433540398696
landshuter_allee,dlinear,summer_2024,329,13,4.329392020217754,6.0,1.670607979782246
landshuter_allee,dlinear,summer_2024,330,13,4.750517171460557,6.0,1.2494828285394428
landshuter_allee,dlinear,summer_2024,331,13,5.750958411721453,8.0,2.249041588278547
landshuter_allee,dlinear,summer_2024,332,13,6.550061496753454,8.0,1.4499385032465462
landshuter_allee,dlinear,summer_2024,333,13,6.592860907459233,7.0,0.40713909254076697
landshuter_allee,dlinear,summer_2024,334,13,6.184002025995352,7.0,0.8159979740046479
landshuter_allee,dlinear,summer_2024,335,13,6.5055465574538465,8.0,1.4944534425461535
landshuter_allee,dlinear,summer_2024,336,14,6.643969191333183,7.0,0.3560308086668167
landshuter_allee,dlinear,summer_2024,337,14,6.588506561335645,6.0,0.5885065613356453
landshuter_allee,dlinear,summer_2024,338,14,7.094732895952918,7.0,0.09473289595291767
landshuter_allee,dlinear,summer_2024,339,14,7.353520479707067,6.0,1.3535204797070666
landshuter_allee,dlinear,summer_2024,340,14,7.763475673778456,7.0,0.7634756737784558
landshuter_allee,dlinear,summer_2024,341,14,8.269687732437964,9.0,0.7303122675620362
landshuter_allee,dlinear,summer_2024,342,14,7.86141456880707,8.0,0.1385854311929302
landshuter_allee,dlinear,summer_2024,343,14,7.361186670629397,7.0,0.36118667062939736
landshuter_allee,dlinear,summer_2024,344,14,7.451276124163233,6.0,1.4512761241632326
landshuter_allee,dlinear,summer_2024,345,14,7.123542657034131,6.0,1.1235426570341307
landshuter_allee,dlinear,summer_2024,346,14,7.071250241501311,6.0,1.0712502415013114
landshuter_allee,dlinear,summer_2024,347,14,7.228256670285358,7.0,0.2282566702853579
landshuter_allee,dlinear,summer_2024,348,14,7.400055933574276,8.0,0.5999440664257243
landshuter_allee,dlinear,summer_2024,349,14,8.018166626446497,8.0,0.018166626446497247
landshuter_allee,dlinear,summer_2024,350,14,8.637759352626226,9.0,0.36224064737377404
landshuter_allee,dlinear,summer_2024,351,14,9.089588953657184,9.0,0.08958895365718433
landshuter_allee,dlinear,summer_2024,352,14,9.835693140068898,9.0,0.8356931400688978
landshuter_allee,dlinear,summer_2024,353,14,10.51889902816994,11.0,0.4811009718300596
landshuter_allee,dlinear,summer_2024,354,14,10.97847387202597,11.0,0.021526127974029308
landshuter_allee,dlinear,summer_2024,355,14,11.626483903011081,11.0,0.6264839030110814
landshuter_allee,dlinear,summer_2024,356,14,12.10462183630916,11.0,1.1046218363091604
landshuter_allee,dlinear,summer_2024,357,14,12.397126846337517,11.0,1.3971268463375175
landshuter_allee,dlinear,summer_2024,358,14,12.18965051827602,12.0,0.18965051827601975
landshuter_allee,dlinear,summer_2024,359,14,12.066557243570035,11.0,1.0665572435700348
landshuter_allee,dlinear,summer_2024,360,15,10.262511358858868,9.0,1.262511358858868
landshuter_allee,dlinear,summer_2024,361,15,8.17994604909793,7.0,1.1799460490979303
landshuter_allee,dlinear,summer_2024,362,15,6.990042262608282,7.0,0.009957737391718346
landshuter_allee,dlinear,summer_2024,363,15,6.906901803723401,8.0,1.0930981962765989
landshuter_allee,dlinear,summer_2024,364,15,7.576357734480962,8.0,0.42364226551903794
landshuter_allee,dlinear,summer_2024,365,15,7.574144774232056,9.0,1.4258552257679442
landshuter_allee,dlinear,summer_2024,366,15,7.53994238184464,11.0,3.4600576181553597
landshuter_allee,dlinear,summer_2024,367,15,7.618891136880892,9.0,1.381108863119108
landshuter_allee,dlinear,summer_2024,368,15,7.636159950155727,7.0,0.6361599501557267
landshuter_allee,dlinear,summer_2024,369,15,7.694803654468811,9.0,1.305196345531189
landshuter_allee,dlinear,summer_2024,370,15,7.729474004700104,10.0,2.270525995299896
landshuter_allee,dlinear,summer_2024,371,15,7.219128467709256,7.0,0.21912846770925576
landshuter_allee,dlinear,summer_2024,372,15,6.934684995757214,6.0,0.9346849957572143
landshuter_allee,dlinear,summer_2024,373,15,6.633289791519457,6.0,0.6332897915194566
landshuter_allee,dlinear,summer_2024,374,15,6.286456612121686,6.0,0.28645661212168605
landshuter_allee,dlinear,summer_2024,375,15,5.825588614314246,6.0,0.17441138568575365
landshuter_allee,dlinear,summer_2024,376,15,5.734266280522854,6.0,0.2657337194771463
landshuter_allee,dlinear,summer_2024,377,15,6.079244752849508,8.0,1.9207552471504918
landshuter_allee,dlinear,summer_2024,378,15,6.612271819880171,8.0,1.3877281801198293
landshuter_allee,dlinear,summer_2024,379,15,7.103805795731683,8.0,0.8961942042683173
landshuter_allee,dlinear,summer_2024,380,15,7.79641476617531,8.0,0.20358523382468974
landshuter_allee,dlinear,summer_2024,381,15,8.459933372278856,10.0,1.5400666277211439
landshuter_allee,dlinear,summer_2024,382,15,7.81458744773563,6.0,1.8145874477356303
landshuter_allee,dlinear,summer_2024,383,15,6.310611993280309,6.0,0.3106119932803093
landshuter_allee,dlinear,summer_2024,384,16,5.255530230476396,7.0,1.7444697695236044
landshuter_allee,dlinear,summer_2024,385,16,4.893892065391876,6.0,1.106107934608124
landshuter_allee,dlinear,summer_2024,386,16,5.047077836641497,5.0,0.04707783664149723
landshuter_allee,dlinear,summer_2024,387,16,4.950119454999421,4.0,0.9501194549994212
landshuter_allee,dlinear,summer_2024,388,16,4.868658248511174,4.0,0.8686582485111742
landshuter_allee,dlinear,summer_2024,389,16,4.920082885516569,3.0,1.9200828855165692
landshuter_allee,dlinear,summer_2024,390,16,4.9761014288074925,3.0,1.9761014288074925
landshuter_allee,dlinear,summer_2024,391,16,5.5456193072172635,4.0,1.5456193072172635
landshuter_allee,dlinear,summer_2024,392,16,6.120218484745809,4.0,2.120218484745809
landshuter_allee,dlinear,summer_2024,393,16,6.565915170561774,4.0,2.565915170561774
landshuter_allee,dlinear,summer_2024,394,16,6.6193773781995136,5.0,1.6193773781995136
landshuter_allee,dlinear,summer_2024,395,16,6.730826819750501,4.0,2.730826819750501
landshuter_allee,dlinear,summer_2024,396,16,6.454610298438974,4.0,2.4546102984389737
landshuter_allee,dlinear,summer_2024,397,16,6.690635319609636,5.0,1.690635319609636
landshuter_allee,dlinear,summer_2024,398,16,7.152538665628522,5.0,2.152538665628522
landshuter_allee,dlinear,summer_2024,399,16,7.424894693713768,6.0,1.4248946937137683
landshuter_allee,dlinear,summer_2024,400,16,7.520831612519295,6.0,1.520831612519295
landshuter_allee,dlinear,summer_2024,401,16,7.533305612124937,6.0,1.5333056121249369
landshuter_allee,dlinear,summer_2024,402,16,7.5337639660178075,6.0,1.5337639660178075
landshuter_allee,dlinear,summer_2024,403,16,7.553854250846062,7.0,0.5538542508460624
landshuter_allee,dlinear,summer_2024,404,16,7.786061809416293,7.0,0.7860618094162932
landshuter_allee,dlinear,summer_2024,405,16,8.1185748273046,8.0,0.11857482730460056
landshuter_allee,dlinear,summer_2024,406,16,8.17929036256097,8.0,0.17929036256096964
landshuter_allee,dlinear,summer_2024,407,16,7.637464513049263,7.0,0.6374645130492631
landshuter_allee,dlinear,summer_2024,408,17,7.792624655874762,9.0,1.2073753441252384
landshuter_allee,dlinear,summer_2024,409,17,8.57401796373155,10.0,1.4259820362684508
landshuter_allee,dlinear,summer_2024,410,17,9.402693672982588,10.0,0.5973063270174119
landshuter_allee,dlinear,summer_2024,411,17,9.916110426282758,9.0,0.9161104262827582
landshuter_allee,dlinear,summer_2024,412,17,10.145893408290346,9.0,1.1458934082903465
landshuter_allee,dlinear,summer_2024,413,17,10.422656198181642,10.0,0.4226561981816417
landshuter_allee,dlinear,summer_2024,414,17,9.677660012963099,9.0,0.6776600129630985
landshuter_allee,dlinear,summer_2024,415,17,8.652209370543485,7.0,1.6522093705434848
landshuter_allee,dlinear,summer_2024,416,17,7.663811389517118,6.0,1.663811389517118
landshuter_allee,dlinear,summer_2024,417,17,7.500883891793821,6.0,1.500883891793821
landshuter_allee,dlinear,summer_2024,418,17,7.99804119298476,8.0,0.0019588070152396497
landshuter_allee,dlinear,summer_2024,419,17,8.584125990959462,9.0,0.41587400904053773
landshuter_allee,dlinear,summer_2024,420,17,8.483083746993527,8.0,0.4830837469935272
landshuter_allee,dlinear,summer_2024,421,17,8.272620742760138,8.0,0.2726207427601377
landshuter_allee,dlinear,summer_2024,422,17,8.284637949479585,8.0,0.28463794947958476
landshuter_allee,dlinear,summer_2024,423,17,8.807490921099816,9.0,0.19250907890018354
landshuter_allee,dlinear,summer_2024,424,17,9.240805273029597,10.0,0.7591947269704029
landshuter_allee,dlinear,summer_2024,425,17,9.157328105495921,8.0,1.157328105495921
landshuter_allee,dlinear,summer_2024,426,17,9.1474115805376,8.0,1.1474115805376002
landshuter_allee,dlinear,summer_2024,427,17,9.857838408672027,9.0,0.857838408672027
landshuter_allee,dlinear,summer_2024,428,17,10.57855814275082,9.0,1.5785581427508202
landshuter_allee,dlinear,summer_2024,429,17,11.692011734894036,12.0,0.3079882651059638
landshuter_allee,dlinear,summer_2024,430,17,12.756861144378341,15.0,2.243138855621659
landshuter_allee,dlinear,summer_2024,431,17,13.421540249789418,15.0,1.5784597502105822
landshuter_allee,dlinear,summer_2024,432,18,14.024333335820451,15.0,0.9756666641795491
landshuter_allee,dlinear,summer_2024,433,18,14.450434591812222,15.0,0.5495654081877781
landshuter_allee,dlinear,summer_2024,434,18,14.396459907466486,15.0,0.6035400925335139
landshuter_allee,dlinear,summer_2024,435,18,14.717576142058574,15.0,0.282423857941426
landshuter_allee,dlinear,summer_2024,436,18,14.868351765530205,15.0,0.1316482344697949
landshuter_allee,dlinear,summer_2024,437,18,15.036456738070086,17.0,1.9635432619299138
landshuter_allee,dlinear,summer_2024,438,18,15.649619267988363,18.0,2.3503807320116366
landshuter_allee,dlinear,summer_2024,439,18,14.96684321651366,15.0,0.03315678348634066
landshuter_allee,dlinear,summer_2024,440,18,14.242355917329872,12.0,2.2423559173298724
landshuter_allee,dlinear,summer_2024,441,18,13.754273076682784,12.0,1.754273076682784
landshuter_allee,dlinear,summer_2024,442,18,13.283743977990135,11.0,2.2837439779901345
landshuter_allee,dlinear,summer_2024,443,18,13.0979412680821,12.0,1.0979412680820992
landshuter_allee,dlinear,summer_2024,444,18,13.572423334152116,12.0,1.5724233341521163
landshuter_allee,dlinear,summer_2024,445,18,13.575893308373288,12.0,1.5758933083732884
landshuter_allee,dlinear,summer_2024,446,18,13.18326079607369,11.0,2.1832607960736894
landshuter_allee,dlinear,summer_2024,447,18,12.578598432042686,10.0,2.5785984320426856
landshuter_allee,dlinear,summer_2024,448,18,12.634914213405093,11.0,1.634914213405093
landshuter_allee,dlinear,summer_2024,449,18,13.259324349190555,11.0,2.259324349190555
landshuter_allee,dlinear,summer_2024,450,18,13.615631922358007,13.0,0.6156319223580073
landshuter_allee,dlinear,summer_2024,451,18,14.374821619636691,14.0,0.37482161963669114
landshuter_allee,dlinear,summer_2024,452,18,16.38026804635973,16.0,0.3802680463597312
landshuter_allee,dlinear,summer_2024,453,18,17.54148076200522,17.0,0.5414807620052215
landshuter_allee,dlinear,summer_2024,454,18,16.31321271035507,16.0,0.3132127103550708
landshuter_allee,dlinear,summer_2024,455,18,13.636972980049332,11.0,2.6369729800493324
landshuter_allee,dlinear,summer_2024,456,19,11.767395323244969,12.0,0.23260467675503094
landshuter_allee,dlinear,summer_2024,457,19,11.161187769526673,12.0,0.8388122304733265
landshuter_allee,dlinear,summer_2024,458,19,11.19908714181825,12.0,0.80091285818175
landshuter_allee,dlinear,summer_2024,459,19,11.262206973925837,12.0,0.7377930260741632
landshuter_allee,dlinear,summer_2024,460,19,11.160715035196645,12.0,0.8392849648033547
landshuter_allee,dlinear,summer_2024,461,19,11.530748581148195,13.0,1.4692514188518047
landshuter_allee,dlinear,summer_2024,462,19,11.748846218266515,13.0,1.2511537817334855
landshuter_allee,dlinear,summer_2024,463,19,11.428755148812101,13.0,1.571244851187899
landshuter_allee,dlinear,summer_2024,464,19,10.947401958134144,11.0,0.05259804186585626
landshuter_allee,dlinear,summer_2024,465,19,10.847173929266678,12.0,1.1528260707333224
landshuter_allee,dlinear,summer_2024,466,19,10.859402269482384,11.0,0.14059773051761582
landshuter_allee,dlinear,summer_2024,467,19,11.110886304530252,11.0,0.11088630453025239
landshuter_allee,dlinear,summer_2024,468,19,11.405042111978844,11.0,0.4050421119788439
landshuter_allee,dlinear,summer_2024,469,19,11.48118611833598,11.0,0.48118611833598024
landshuter_allee,dlinear,summer_2024,470,19,13.87004707103851,14.0,0.12995292896149024
landshuter_allee,dlinear,summer_2024,471,19,13.860304038798697,15.0,1.1396959612013031
landshuter_allee,dlinear,summer_2024,472,19,13.24016043206678,13.0,0.24016043206678006
landshuter_allee,dlinear,summer_2024,473,19,12.872628485389582,15.0,2.1273715146104184
landshuter_allee,dlinear,summer_2024,474,19,12.512021696485762,15.0,2.4879783035142378
landshuter_allee,dlinear,summer_2024,475,19,13.163606789439429,15.0,1.836393210560571
landshuter_allee,dlinear,summer_2024,476,19,13.080384974017422,13.0,0.08038497401742184
landshuter_allee,dlinear,summer_2024,477,19,12.81190137899169,13.0,0.18809862100830976
landshuter_allee,dlinear,summer_2024,478,19,13.04719917727921,14.0,0.9528008227207891
landshuter_allee,dlinear,summer_2024,479,19,13.31718907198595,13.0,0.3171890719859505
landshuter_allee,dlinear,summer_2024,480,20,13.166291252804175,14.0,0.8337087471958249
landshuter_allee,dlinear,summer_2024,481,20,13.608496771413419,15.0,1.391503228586581
landshuter_allee,dlinear,summer_2024,482,20,14.19426543991935,16.0,1.8057345600806496
landshuter_allee,dlinear,summer_2024,483,20,14.622748367342153,15.0,0.3772516326578472
landshuter_allee,dlinear,summer_2024,484,20,14.55322829792852,15.0,0.4467717020714801
landshuter_allee,dlinear,summer_2024,485,20,13.857424311585266,14.0,0.142575688414734
landshuter_allee,dlinear,summer_2024,486,20,12.277819310633184,14.0,1.722180689366816
landshuter_allee,dlinear,summer_2024,487,20,10.541280531418524,13.0,2.458719468581476
landshuter_allee,dlinear,summer_2024,488,20,10.068079292852518,12.0,1.9319207071474818
landshuter_allee,dlinear,summer_2024,489,20,11.009954681952916,13.0,1.990045318047084
landshuter_allee,dlinear,summer_2024,490,20,12.224631362386182,14.0,1.775368637613818
landshuter_allee,dlinear,summer_2024,491,20,12.667633022838018,13.0,0.33236697716198194
landshuter_allee,dlinear,summer_2024,492,20,13.015766370623654,14.0,0.9842336293763463
landshuter_allee,dlinear,summer_2024,493,20,13.095829982847981,12.0,1.095829982847981
landshuter_allee,dlinear,summer_2024,494,20,13.277097953004132,13.0,0.277097953004132
landshuter_allee,dlinear,summer_2024,495,20,13.004907698591792,12.0,1.0049076985917917
landshuter_allee,dlinear,summer_2024,496,20,13.10637166292875,12.0,1.1063716629287494
landshuter_allee,dlinear,summer_2024,497,20,12.513192149384736,11.0,1.5131921493847358
landshuter_allee,dlinear,summer_2024,498,20,9.806589904368236,6.0,3.806589904368236
landshuter_allee,dlinear,summer_2024,499,20,9.013563220007013,8.0,1.013563220007013
landshuter_allee,dlinear,summer_2024,500,20,8.481293198700683,8.0,0.48129319870068343
landshuter_allee,dlinear,summer_2024,501,20,7.347489300022355,6.0,1.347489300022355
landshuter_allee,dlinear,summer_2024,502,20,6.224152444893688,6.0,0.22415244489368824
landshuter_allee,dlinear,summer_2024,503,20,5.1360983181718085,7.0,1.8639016818281915
landshuter_allee,dlinear,summer_2024,504,21,4.304266005409984,4.0,0.3042660054099837
landshuter_allee,dlinear,summer_2024,505,21,3.238673678865031,2.0,1.2386736788650312
landshuter_allee,dlinear,summer_2024,506,21,2.4544339527945143,2.0,0.45443395279451426
landshuter_allee,dlinear,summer_2024,507,21,2.3878315224259987,2.0,0.3878315224259987
landshuter_allee,dlinear,summer_2024,508,21,2.799772083385664,2.0,0.7997720833856641
landshuter_allee,dlinear,summer_2024,509,21,3.3671482364700718,4.0,0.6328517635299282
landshuter_allee,dlinear,summer_2024,510,21,3.9345282240346493,5.0,1.0654717759653507
landshuter_allee,dlinear,summer_2024,511,21,4.428450596367388,6.0,1.5715494036326119
landshuter_allee,dlinear,summer_2024,512,21,5.645710917209498,7.0,1.354289082790502
landshuter_allee,dlinear,summer_2024,513,21,6.749744560439892,7.0,0.25025543956010843
landshuter_allee,dlinear,summer_2024,514,21,7.766991064201842,7.0,0.766991064201842
landshuter_allee,dlinear,summer_2024,515,21,8.342534774933736,8.0,0.3425347749337355
landshuter_allee,dlinear,summer_2024,516,21,8.149450234172635,7.0,1.149450234172635
landshuter_allee,dlinear,summer_2024,517,21,9.570229096390483,10.0,0.4297709036095174
landshuter_allee,dlinear,summer_2024,518,21,9.348535372386944,9.0,0.34853537238694443
landshuter_allee,dlinear,summer_2024,519,21,9.20467464281809,10.0,0.7953253571819108
landshuter_allee,dlinear,summer_2024,520,21,9.480958487608747,12.0,2.5190415123912526
landshuter_allee,dlinear,summer_2024,521,21,9.500192193334872,11.0,1.4998078066651281
landshuter_allee,dlinear,summer_2024,522,21,9.817640462092461,10.0,0.1823595379075389
landshuter_allee,dlinear,summer_2024,523,21,9.229546355871308,8.0,1.2295463558713084
landshuter_allee,dlinear,summer_2024,524,21,8.199940751419703,7.0,1.1999407514197031
landshuter_allee,dlinear,summer_2024,525,21,6.522050630438043,6.0,0.5220506304380432
landshuter_allee,dlinear,summer_2024,526,21,5.693491166500344,7.0,1.306508833499656
landshuter_allee,dlinear,summer_2024,527,21,5.718022341926075,6.0,0.2819776580739246
landshuter_allee,dlinear,summer_2024,528,22,5.6275540340658265,6.0,0.37244596593417345
landshuter_allee,dlinear,summer_2024,529,22,4.76837203200889,5.0,0.23162796799110996
landshuter_allee,dlinear,summer_2024,530,22,4.433399479558169,5.0,0.5666005204418312
landshuter_allee,dlinear,summer_2024,531,22,4.825716557186532,6.0,1.1742834428134676
landshuter_allee,dlinear,summer_2024,532,22,5.516780247437792,5.0,0.5167802474377918
landshuter_allee,dlinear,summer_2024,533,22,5.882382095671502,6.0,0.11761790432849839
landshuter_allee,dlinear,summer_2024,534,22,6.334798091068376,7.0,0.6652019089316239
landshuter_allee,dlinear,summer_2024,535,22,6.905897452640178,8.0,1.0941025473598218
landshuter_allee,dlinear,summer_2024,536,22,6.665349105080158,6.0,0.6653491050801579
landshuter_allee,dlinear,summer_2024,537,22,6.154186987258902,5.0,1.1541869872589023
landshuter_allee,dlinear,summer_2024,538,22,6.0541918121947855,5.0,1.0541918121947855
landshuter_allee,dlinear,summer_2024,539,22,6.509430822194132,6.0,0.5094308221941324
landshuter_allee,dlinear,summer_2024,540,22,6.513716094318712,6.0,0.5137160943187116
landshuter_allee,dlinear,summer_2024,541,22,6.613150210719919,6.0,0.6131502107199189
landshuter_allee,dlinear,summer_2024,542,22,6.868574362383756,7.0,0.13142563761624437
landshuter_allee,dlinear,summer_2024,543,22,6.915996674948682,7.0,0.08400332505131836
landshuter_allee,dlinear,summer_2024,544,22,6.586978712762298,7.0,0.4130212872377017
landshuter_allee,dlinear,summer_2024,545,22,6.356915582273789,7.0,0.6430844177262109
landshuter_allee,dlinear,summer_2024,546,22,6.366916929214662,7.0,0.6330830707853377
landshuter_allee,dlinear,summer_2024,547,22,6.793080185173902,7.0,0.20691981482609823
landshuter_allee,dlinear,summer_2024,548,22,6.9502502418523715,5.0,1.9502502418523715
landshuter_allee,dlinear,summer_2024,549,22,6.831919936085536,5.0,1.8319199360855363
landshuter_allee,dlinear,summer_2024,550,22,6.369638753135664,6.0,0.3696387531356642
landshuter_allee,dlinear,summer_2024,551,22,5.678783663966721,7.0,1.3212163360332791
landshuter_allee,dlinear,summer_2024,552,23,5.287458473925973,6.0,0.7125415260740269
landshuter_allee,dlinear,summer_2024,553,23,4.76339522946288,3.0,1.7633952294628799
landshuter_allee,dlinear,summer_2024,554,23,4.624006626701022,4.0,0.6240066267010222
landshuter_allee,dlinear,summer_2024,555,23,4.778436659942557,4.0,0.7784366599425567
landshuter_allee,dlinear,summer_2024,556,23,5.250329491519822,5.0,0.250329491519822
landshuter_allee,dlinear,summer_2024,557,23,5.940202850921738,6.0,0.05979714907826228
landshuter_allee,dlinear,summer_2024,558,23,6.430227205073939,6.0,0.43022720507393863
landshuter_allee,dlinear,summer_2024,559,23,6.344952341496149,5.0,1.3449523414961488
landshuter_allee,dlinear,summer_2024,560,23,6.349968216567156,5.0,1.3499682165671558
landshuter_allee,dlinear,summer_2024,561,23,6.825257456782586,5.0,1.8252574567825857
landshuter_allee,dlinear,summer_2024,562,23,6.8805290345527546,6.0,0.8805290345527546
landshuter_allee,dlinear,summer_2024,563,23,6.4094019517480865,5.0,1.4094019517480865
landshuter_allee,dlinear,summer_2024,564,23,6.1454284638068195,5.0,1.1454284638068195
landshuter_allee,dlinear,summer_2024,565,23,5.766409561938466,5.0,0.7664095619384659
landshuter_allee,dlinear,summer_2024,566,23,5.4855677481685285,5.0,0.48556774816852855
landshuter_allee,dlinear,summer_2024,567,23,5.7779591250805655,5.0,0.7779591250805655
landshuter_allee,dlinear,summer_2024,568,23,6.162004154303665,6.0,0.16200415430366544
landshuter_allee,dlinear,summer_2024,569,23,6.798069321281618,6.0,0.7980693212816181
landshuter_allee,dlinear,summer_2024,570,23,7.12327231134048,6.0,1.1232723113404797
landshuter_allee,dlinear,summer_2024,571,23,7.5843383389459,6.0,1.5843383389458996
landshuter_allee,dlinear,summer_2024,572,23,8.14279157032783,7.0,1.1427915703278302
landshuter_allee,dlinear,summer_2024,573,23,8.334985077697537,7.0,1.334985077697537
landshuter_allee,dlinear,summer_2024,574,23,8.111878160130129,7.0,1.1118781601301286
landshuter_allee,dlinear,summer_2024,575,23,7.631201367903504,7.0,0.631201367903504
landshuter_allee,dlinear,summer_2024,576,24,7.310572504216674,7.0,0.31057250421667426
landshuter_allee,dlinear,summer_2024,577,24,7.306796226903476,7.0,0.30679622690347585
landshuter_allee,dlinear,summer_2024,578,24,7.261386976215029,7.0,0.2613869762150287
landshuter_allee,dlinear,summer_2024,579,24,7.586823335236757,7.0,0.5868233352367573
landshuter_allee,dlinear,summer_2024,580,24,8.183327165811107,8.0,0.1833271658111073
landshuter_allee,dlinear,summer_2024,581,24,8.30263073371404,8.0,0.3026307337140395
landshuter_allee,dlinear,summer_2024,582,24,8.511425172071355,9.0,0.4885748279286446
landshuter_allee,dlinear,summer_2024,583,24,8.13921036274856,8.0,0.13921036274856036
landshuter_allee,dlinear,summer_2024,584,24,7.40713082434685,6.0,1.4071308243468499
landshuter_allee,dlinear,summer_2024,585,24,7.1717753949961445,6.0,1.1717753949961445
landshuter_allee,dlinear,summer_2024,586,24,7.2272767763499735,6.0,1.2272767763499735
landshuter_allee,dlinear,summer_2024,587,24,6.710096790124988,5.0,1.7100967901249877
landshuter_allee,dlinear,summer_2024,588,24,6.685708680758862,5.0,1.6857086807588617
landshuter_allee,dlinear,summer_2024,589,24,6.605131438557402,5.0,1.605131438557402
landshuter_allee,dlinear,summer_2024,590,24,6.242050508157096,5.0,1.2420505081570958
landshuter_allee,dlinear,summer_2024,591,24,6.1759943050513195,5.0,1.1759943050513195
landshuter_allee,dlinear,summer_2024,592,24,6.105686460836624,4.0,2.1056864608366244
landshuter_allee,dlinear,summer_2024,593,24,7.105039717334529,5.0,2.105039717334529
landshuter_allee,dlinear,summer_2024,594,24,8.039417043109834,5.0,3.039417043109834
landshuter_allee,dlinear,summer_2024,595,24,9.127625281744796,5.0,4.1276252817447965
landshuter_allee,dlinear,summer_2024,596,24,9.210064071832447,6.0,3.2100640718324467
landshuter_allee,dlinear,summer_2024,597,24,9.002750357962464,6.0,3.002750357962464
landshuter_allee,dlinear,summer_2024,598,24,9.059581250544072,7.0,2.0595812505440723
landshuter_allee,dlinear,summer_2024,599,24,8.698427950343373,7.0,1.6984279503433726
landshuter_allee,dlinear,summer_2024,600,25,8.801607163059948,8.0,0.8016071630599484
landshuter_allee,dlinear,summer_2024,601,25,9.860293785930436,9.0,0.8602937859304358
landshuter_allee,dlinear,summer_2024,602,25,11.153684287872483,11.0,0.15368428787248334
landshuter_allee,dlinear,summer_2024,603,25,12.011697797194937,11.0,1.0116977971949375
landshuter_allee,dlinear,summer_2024,604,25,12.038966982704654,10.0,2.038966982704654
landshuter_allee,dlinear,summer_2024,605,25,11.346312794900808,10.0,1.3463127949008076
landshuter_allee,dlinear,summer_2024,606,25,11.034225644952983,11.0,0.03422564495298275
landshuter_allee,dlinear,summer_2024,607,25,10.089246601594382,9.0,1.0892466015943825
landshuter_allee,dlinear,summer_2024,608,25,9.365425424791503,8.0,1.3654254247915034
landshuter_allee,dlinear,summer_2024,609,25,9.36823452825465,9.0,0.36823452825465
landshuter_allee,dlinear,summer_2024,610,25,9.876289184286257,11.0,1.1237108157137428
landshuter_allee,dlinear,summer_2024,611,25,9.978659195332753,9.0,0.978659195332753
landshuter_allee,dlinear,summer_2024,612,25,9.847097134398174,9.0,0.8470971343981741
landshuter_allee,dlinear,summer_2024,613,25,10.218442440908927,9.0,1.2184424409089267
landshuter_allee,dlinear,summer_2024,614,25,10.613078809268954,10.0,0.6130788092689539
landshuter_allee,dlinear,summer_2024,615,25,11.050974305721128,10.0,1.0509743057211285
landshuter_allee,dlinear,summer_2024,616,25,11.34490022050783,10.0,1.3449002205078298
landshuter_allee,dlinear,summer_2024,617,25,11.746830842433727,10.0,1.7468308424337273
landshuter_allee,dlinear,summer_2024,618,25,12.119279035464626,11.0,1.1192790354646256
landshuter_allee,dlinear,summer_2024,619,25,12.645911840588285,11.0,1.645911840588285
landshuter_allee,dlinear,summer_2024,620,25,13.495159270920501,11.0,2.4951592709205013
landshuter_allee,dlinear,summer_2024,621,25,14.397866802958509,12.0,2.397866802958509
landshuter_allee,dlinear,summer_2024,622,25,14.51385947493861,11.0,3.5138594749386094
landshuter_allee,dlinear,summer_2024,623,25,13.650602508558357,10.0,3.6506025085583573
landshuter_allee,dlinear,summer_2024,624,26,13.702181531385552,11.0,2.702181531385552
landshuter_allee,dlinear,summer_2024,625,26,14.59930066848727,12.0,2.5993006684872704
landshuter_allee,dlinear,summer_2024,626,26,15.111848435103951,14.0,1.1118484351039513
landshuter_allee,dlinear,summer_2024,627,26,15.53652764566551,15.0,0.5365276456655099
landshuter_allee,dlinear,summer_2024,628,26,15.64140690314677,14.0,1.6414069031467697
landshuter_allee,dlinear,summer_2024,629,26,15.353418392090784,14.0,1.3534183920907843
landshuter_allee,dlinear,summer_2024,630,26,14.514701900377334,13.0,1.514701900377334
landshuter_allee,dlinear,summer_2024,631,26,13.050409702931017,12.0,1.0504097029310167
landshuter_allee,dlinear,summer_2024,632,26,11.833052127185788,11.0,0.8330521271857876
landshuter_allee,dlinear,summer_2024,633,26,11.13098795689949,10.0,1.1309879568994905
landshuter_allee,dlinear,summer_2024,634,26,10.98780383605084,10.0,0.9878038360508405
landshuter_allee,dlinear,summer_2024,635,26,10.857198506789802,10.0,0.8571985067898016
landshuter_allee,dlinear,summer_2024,636,26,10.700124151616428,9.0,1.7001241516164285
landshuter_allee,dlinear,summer_2024,637,26,10.552556262647721,9.0,1.5525562626477214
landshuter_allee,dlinear,summer_2024,638,26,10.676589147426505,10.0,0.6765891474265047
landshuter_allee,dlinear,summer_2024,639,26,11.338542008231785,10.0,1.3385420082317854
landshuter_allee,dlinear,summer_2024,640,26,11.988584296252068,11.0,0.9885842962520677
landshuter_allee,dlinear,summer_2024,641,26,11.931277090083775,11.0,0.9312770900837748
landshuter_allee,dlinear,summer_2024,642,26,12.465415734209024,12.0,0.4654157342090244
landshuter_allee,dlinear,summer_2024,643,26,13.76451825865787,13.0,0.7645182586578692
landshuter_allee,dlinear,summer_2024,644,26,13.177613861284321,10.0,3.177613861284321
landshuter_allee,dlinear,summer_2024,645,26,12.371090004159853,10.0,2.3710900041598535
landshuter_allee,dlinear,summer_2024,646,26,12.414919909667038,11.0,1.414919909667038
landshuter_allee,dlinear,summer_2024,647,26,12.106814689314003,12.0,0.10681468931400318
landshuter_allee,dlinear,summer_2024,648,27,11.304910394689609,11.0,0.30491039468960857
landshuter_allee,dlinear,summer_2024,649,27,10.720188600270582,12.0,1.279811399729418
landshuter_allee,dlinear,summer_2024,650,27,10.958463573555719,14.0,3.0415364264442815
landshuter_allee,dlinear,summer_2024,651,27,11.468763142602752,13.0,1.5312368573972481
landshuter_allee,dlinear,summer_2024,652,27,11.69738837581035,13.0,1.30261162418965
landshuter_allee,dlinear,summer_2024,653,27,11.611460725315963,14.0,2.388539274684037
landshuter_allee,dlinear,summer_2024,654,27,9.338283286436042,6.0,3.3382832864360417
landshuter_allee,dlinear,summer_2024,655,27,6.990325502921905,3.0,3.9903255029219054
landshuter_allee,dlinear,summer_2024,656,27,5.426250238000062,3.0,2.426250238000062
landshuter_allee,dlinear,summer_2024,657,27,5.008522367283635,6.0,0.9914776327163652
landshuter_allee,dlinear,summer_2024,658,27,5.525404401166683,6.0,0.47459559883331703
landshuter_allee,dlinear,summer_2024,659,27,6.473765017940633,8.0,1.5262349820593668
landshuter_allee,dlinear,summer_2024,660,27,6.455062411512526,6.0,0.45506241151252613
landshuter_allee,dlinear,summer_2024,661,27,5.505396012417957,4.0,1.5053960124179566
landshuter_allee,dlinear,summer_2024,662,27,5.022071529009738,3.0,2.0220715290097377
landshuter_allee,dlinear,summer_2024,663,27,4.517328816376514,3.0,1.517328816376514
landshuter_allee,dlinear,summer_2024,664,27,4.6198550300699575,4.0,0.6198550300699575
landshuter_allee,dlinear,summer_2024,665,27,4.72016505339503,4.0,0.7201650533950303
landshuter_allee,dlinear,summer_2024,666,27,4.88768236930856,5.0,0.1123176306914404
landshuter_allee,dlinear,summer_2024,667,27,5.449115182703088,5.0,0.44911518270308814
landshuter_allee,dlinear,summer_2024,668,27,6.035899888968056,5.0,1.0358998889680562
landshuter_allee,dlinear,summer_2024,669,27,6.64704834282501,6.0,0.64704834282501
landshuter_allee,dlinear,summer_2024,670,27,7.121916057780762,7.0,0.12191605778076209
landshuter_allee,dlinear,summer_2024,671,27,7.515146521406298,8.0,0.48485347859370176
landshuter_allee,dlinear,summer_2024,672,28,8.096940743918271,10.0,1.903059256081729
landshuter_allee,dlinear,summer_2024,673,28,8.44130837625101,10.0,1.5586916237489898
landshuter_allee,dlinear,summer_2024,674,28,8.637679682345356,11.0,2.3623203176546443
landshuter_allee,dlinear,summer_2024,675,28,8.982404025830558,11.0,2.017595974169442
landshuter_allee,dlinear,summer_2024,676,28,9.184472862692031,11.0,1.8155271373079689
landshuter_allee,dlinear,summer_2024,677,28,9.197899235107396,11.0,1.8021007648926037
landshuter_allee,dlinear,summer_2024,678,28,9.589873604626433,12.0,2.4101263953735668
landshuter_allee,dlinear,summer_2024,679,28,8.34623478333806,7.0,1.3462347833380601
landshuter_allee,dlinear,summer_2024,680,28,7.050003209760344,5.0,2.0500032097603436
landshuter_allee,dlinear,summer_2024,681,28,6.591798431346485,6.0,0.5917984313464846
landshuter_allee,dlinear,summer_2024,682,28,6.623343977869051,6.0,0.6233439778690508
landshuter_allee,dlinear,summer_2024,683,28,6.949816337191482,7.0,0.05018366280851794
landshuter_allee,dlinear,summer_2024,684,28,7.162665220893295,7.0,0.16266522089329527
landshuter_allee,dlinear,summer_2024,685,28,7.295196286023133,7.0,0.29519628602313297
landshuter_allee,dlinear,summer_2024,686,28,7.007807793874842,6.0,1.007807793874842
landshuter_allee,dlinear,summer_2024,687,28,6.934831858417816,6.0,0.9348318584178159
landshuter_allee,dlinear,summer_2024,688,28,6.774790986791081,5.0,1.7747909867910812
landshuter_allee,dlinear,summer_2024,689,28,6.835839021318617,5.0,1.835839021318617
landshuter_allee,dlinear,summer_2024,690,28,7.316796322577531,5.0,2.316796322577531
landshuter_allee,dlinear,summer_2024,691,28,7.873449140739929,6.0,1.873449140739929
landshuter_allee,dlinear,summer_2024,692,28,8.899593911829658,7.0,1.8995939118296583
landshuter_allee,dlinear,summer_2024,693,28,10.23526299992821,8.0,2.23526299992821
landshuter_allee,dlinear,summer_2024,694,28,10.735278142674535,8.0,2.7352781426745345
landshuter_allee,dlinear,summer_2024,695,28,10.46387101093358,8.0,2.4638710109335804
landshuter_allee,dlinear,summer_2024,696,29,10.290078069091283,9.0,1.2900780690912832
landshuter_allee,dlinear,summer_2024,697,29,10.200994312882441,10.0,0.2009943128824414
landshuter_allee,dlinear,summer_2024,698,29,10.380528075164191,10.0,0.3805280751641913
landshuter_allee,dlinear,summer_2024,699,29,10.42793708197389,10.0,0.4279370819738908
landshuter_allee,dlinear,summer_2024,700,29,11.576219769260629,12.0,0.42378023073937143
landshuter_allee,dlinear,summer_2024,701,29,14.781857375392198,14.0,0.7818573753921978
landshuter_allee,dlinear,summer_2024,702,29,15.222441428965759,13.0,2.222441428965759
landshuter_allee,dlinear,summer_2024,703,29,13.585450621233681,10.0,3.585450621233681
landshuter_allee,dlinear,summer_2024,704,29,11.887994241452901,8.0,3.887994241452901
landshuter_allee,dlinear,summer_2024,705,29,10.986583368232552,9.0,1.9865833682325515
landshuter_allee,dlinear,summer_2024,706,29,10.49829540078315,9.0,1.4982954007831495
landshuter_allee,dlinear,summer_2024,707,29,10.069615324939802,9.0,1.069615324939802
landshuter_allee,dlinear,summer_2024,708,29,9.811327545788412,9.0,0.8113275457884122
landshuter_allee,dlinear,summer_2024,709,29,9.544462323631429,8.0,1.5444623236314285
landshuter_allee,dlinear,summer_2024,710,29,9.904932536798,9.0,0.9049325367980003
landshuter_allee,dlinear,summer_2024,711,29,10.416969167174987,9.0,1.4169691671749867
landshuter_allee,dlinear,summer_2024,712,29,10.930640797919281,9.0,1.9306407979192812
landshuter_allee,dlinear,summer_2024,713,29,11.280039673362001,9.0,2.280039673362001
landshuter_allee,dlinear,summer_2024,714,29,11.56812685380633,9.0,2.56812685380633
landshuter_allee,dlinear,summer_2024,715,29,12.655266663412274,10.0,2.6552666634122737
landshuter_allee,dlinear,summer_2024,716,29,14.113552385794844,11.0,3.1135523857948435
landshuter_allee,dlinear,summer_2024,717,29,15.574567805497367,13.0,2.5745678054973666
landshuter_allee,dlinear,summer_2024,718,29,17.30540606696824,15.0,2.3054060669682386
landshuter_allee,dlinear,summer_2024,719,29,18.142622780626684,17.0,1.1426227806266844
landshuter_allee,dlinear,summer_2024,720,30,18.010981669680874,16.0,2.0109816696808736
landshuter_allee,dlinear,summer_2024,721,30,17.015003156140153,13.0,4.015003156140153
landshuter_allee,dlinear,summer_2024,722,30,16.06838654503091,13.0,3.0683865450309113
landshuter_allee,dlinear,summer_2024,723,30,16.104454364453723,13.0,3.104454364453723
landshuter_allee,dlinear,summer_2024,724,30,19.281476652549014,15.0,4.2814766525490136
landshuter_allee,dlinear,summer_2024,725,30,20.964497595311492,15.0,5.964497595311492
landshuter_allee,dlinear,summer_2024,726,30,20.729614978785044,15.0,5.729614978785044
landshuter_allee,dlinear,summer_2024,727,30,21.88065510347718,15.0,6.8806551034771815
landshuter_allee,dlinear,summer_2024,728,30,21.595202787399195,12.0,9.595202787399195
landshuter_allee,dlinear,summer_2024,729,30,20.04495742988086,11.0,9.04495742988086
landshuter_allee,dlinear,summer_2024,730,30,19.657501207956685,12.0,7.657501207956685
landshuter_allee,dlinear,summer_2024,731,30,19.116827909153884,12.0,7.1168279091538835
landshuter_allee,dlinear,summer_2024,732,30,18.301399808852658,11.0,7.301399808852658
landshuter_allee,dlinear,summer_2024,733,30,17.819216056431777,11.0,6.819216056431777
landshuter_allee,dlinear,summer_2024,734,30,17.78012718734001,11.0,6.78012718734001
landshuter_allee,dlinear,summer_2024,735,30,18.138111797583445,11.0,7.138111797583445
landshuter_allee,dlinear,summer_2024,736,30,18.30781007736751,11.0,7.30781007736751
landshuter_allee,dlinear,summer_2024,737,30,18.143659034513632,11.0,7.143659034513632
landshuter_allee,dlinear,summer_2024,738,30,17.92405307479827,13.0,4.92405307479827
landshuter_allee,dlinear,summer_2024,739,30,18.06800862322931,14.0,4.068008623229311
landshuter_allee,dlinear,summer_2024,740,30,15.35546616016853,8.0,7.355466160168531
landshuter_allee,dlinear,summer_2024,741,30,10.076020725269185,5.0,5.076020725269185
landshuter_allee,dlinear,summer_2024,742,30,7.228295894188419,5.0,2.2282958941884186
landshuter_allee,dlinear,summer_2024,743,30,5.255866929399357,4.0,1.2558669293993567
landshuter_allee,dlinear,summer_2024,744,31,4.193625103619148,4.0,0.19362510361914786
landshuter_allee,dlinear,summer_2024,745,31,4.29900564226935,4.0,0.2990056422693499
landshuter_allee,dlinear,summer_2024,746,31,5.0386672027301,4.0,1.0386672027300996
landshuter_allee,dlinear,summer_2024,747,31,5.500119716927137,4.0,1.500119716927137
landshuter_allee,dlinear,summer_2024,748,31,6.261692253798361,5.0,1.261692253798361
landshuter_allee,dlinear,summer_2024,749,31,7.157881442192167,7.0,0.15788144219216704
landshuter_allee,dlinear,summer_2024,750,31,8.282298334376588,7.0,1.2822983343765877
landshuter_allee,dlinear,summer_2024,751,31,8.944374829364783,7.0,1.944374829364783
landshuter_allee,dlinear,summer_2024,752,31,9.608025275628766,7.0,2.6080252756287656
landshuter_allee,dlinear,summer_2024,753,31,10.656547217539442,7.0,3.6565472175394422
landshuter_allee,dlinear,summer_2024,754,31,11.831258363688914,8.0,3.8312583636889137
landshuter_allee,dlinear,summer_2024,755,31,12.26590371890423,8.0,4.26590371890423
landshuter_allee,dlinear,summer_2024,756,31,12.878036579442227,10.0,2.8780365794422273
landshuter_allee,dlinear,summer_2024,757,31,12.271762220036855,9.0,3.2717622200368552
landshuter_allee,dlinear,summer_2024,758,31,10.692491629207531,7.0,3.692491629207531
landshuter_allee,dlinear,summer_2024,759,31,10.042055688270075,7.0,3.042055688270075
landshuter_allee,dlinear,summer_2024,760,31,9.879999717662479,8.0,1.8799997176624785
landshuter_allee,dlinear,summer_2024,761,31,10.655687773220006,9.0,1.6556877732200057
landshuter_allee,dlinear,summer_2024,762,31,11.381692190747295,10.0,1.3816921907472945
landshuter_allee,dlinear,summer_2024,763,31,11.869842422811887,11.0,0.8698424228118871
landshuter_allee,dlinear,summer_2024,764,31,11.679872729716813,10.0,1.6798727297168128
landshuter_allee,dlinear,summer_2024,765,31,11.691353303744815,10.0,1.6913533037448154
landshuter_allee,dlinear,summer_2024,766,31,11.539295868712834,10.0,1.5392958687128342
landshuter_allee,dlinear,summer_2024,767,31,10.655034727400045,7.0,3.6550347274000448
landshuter_allee,dlinear,summer_2024,768,32,9.350335281590565,7.0,2.3503352815905654
landshuter_allee,dlinear,summer_2024,769,32,9.028632583733541,9.0,0.028632583733541495
landshuter_allee,dlinear,summer_2024,770,32,13.697956155545109,27.0,13.302043844454891
landshuter_allee,dlinear,summer_2024,771,32,14.206743133958266,11.0,3.206743133958266
landshuter_allee,dlinear,summer_2024,772,32,14.161051087628028,12.0,2.161051087628028
landshuter_allee,dlinear,summer_2024,773,32,14.146163423478965,13.0,1.1461634234789653
landshuter_allee,dlinear,summer_2024,774,32,14.393033620278054,15.0,0.6069663797219462
landshuter_allee,dlinear,summer_2024,775,32,14.02245324315449,11.0,3.022453243154491
landshuter_allee,dlinear,summer_2024,776,32,12.57380021397368,8.0,4.57380021397368
landshuter_allee,dlinear,summer_2024,777,32,12.13425543752684,8.0,4.134255437526839
landshuter_allee,dlinear,summer_2024,778,32,11.297674007972681,8.0,3.297674007972681
landshuter_allee,dlinear,summer_2024,779,32,10.406033509826914,7.0,3.406033509826914
landshuter_allee,dlinear,summer_2024,780,32,9.75503552613183,7.0,2.755035526131829
landshuter_allee,dlinear,summer_2024,781,32,9.762231326644887,8.0,1.762231326644887
landshuter_allee,dlinear,summer_2024,782,32,10.085929106024631,8.0,2.085929106024631
landshuter_allee,dlinear,summer_2024,783,32,9.928124693877914,7.0,2.9281246938779137
landshuter_allee,dlinear,summer_2024,784,32,9.6940906742875,7.0,2.6940906742874997
landshuter_allee,dlinear,summer_2024,785,32,9.690819217591933,8.0,1.6908192175919332
landshuter_allee,dlinear,summer_2024,786,32,9.385712242350632,8.0,1.3857122423506318
landshuter_allee,dlinear,summer_2024,787,32,8.688387948750266,7.0,1.6883879487502664
landshuter_allee,dlinear,summer_2024,788,32,7.26863235760929,5.0,2.26863235760929
landshuter_allee,dlinear,summer_2024,789,32,6.640856403135455,5.0,1.640856403135455
landshuter_allee,dlinear,summer_2024,790,32,6.818991348422541,6.0,0.8189913484225411
landshuter_allee,dlinear,summer_2024,791,32,6.8698973991017445,7.0,0.13010260089825554
landshuter_allee,dlinear,summer_2024,792,33,6.73698315335763,7.0,0.2630168466423699
landshuter_allee,dlinear,summer_2024,793,33,7.479070487583563,8.0,0.520929512416437
landshuter_allee,dlinear,summer_2024,794,33,8.526485811475181,8.0,0.5264858114751814
landshuter_allee,dlinear,summer_2024,795,33,7.819163106518003,5.0,2.819163106518003
landshuter_allee,dlinear,summer_2024,796,33,7.247154184985968,5.0,2.247154184985968
landshuter_allee,dlinear,summer_2024,797,33,7.238880865078672,5.0,2.238880865078672
landshuter_allee,dlinear,summer_2024,798,33,7.131761621785728,5.0,2.131761621785728
landshuter_allee,dlinear,summer_2024,799,33,6.489735737769334,6.0,0.4897357377693341
landshuter_allee,dlinear,summer_2024,800,33,6.185672022247845,6.0,0.18567202224784474
landshuter_allee,dlinear,summer_2024,801,33,7.00893027667209,8.0,0.99106972332791
landshuter_allee,dlinear,summer_2024,802,33,7.993336777197524,8.0,0.006663222802475666
landshuter_allee,dlinear,summer_2024,803,33,8.559813735181375,7.0,1.5598137351813754
landshuter_allee,dlinear,summer_2024,804,33,8.582512711709203,7.0,1.582512711709203
landshuter_allee,dlinear,summer_2024,805,33,8.32371961050342,7.0,1.3237196105034208
landshuter_allee,dlinear,summer_2024,806,33,7.871862739437927,7.0,0.871862739437927
landshuter_allee,dlinear,summer_2024,807,33,9.43662624484989,8.0,1.43662624484989
landshuter_allee,dlinear,summer_2024,808,33,9.896666941767146,9.0,0.8966669417671458
landshuter_allee,dlinear,summer_2024,809,33,9.400743875218375,8.0,1.4007438752183745
landshuter_allee,dlinear,summer_2024,810,33,10.130462839223409,10.0,0.13046283922340862
landshuter_allee,dlinear,summer_2024,811,33,11.42502318121786,13.0,1.5749768187821402
landshuter_allee,dlinear,summer_2024,812,33,12.402065838208266,13.0,0.5979341617917342
landshuter_allee,dlinear,summer_2024,813,33,12.706485405075124,13.0,0.29351459492487564
landshuter_allee,dlinear,summer_2024,814,33,12.705337999697806,12.0,0.7053379996978055
landshuter_allee,dlinear,summer_2024,815,33,12.556360210001731,12.0,0.5563602100017313
landshuter_allee,dlinear,summer_2024,816,34,12.934120207667139,12.0,0.9341202076671387
landshuter_allee,dlinear,summer_2024,817,34,12.678384521688947,12.0,0.6783845216889475
landshuter_allee,dlinear,summer_2024,818,34,10.269896731349924,4.0,6.269896731349924
landshuter_allee,dlinear,summer_2024,819,34,8.589552225140677,5.0,3.589552225140677
landshuter_allee,dlinear,summer_2024,820,34,8.456880979022563,7.0,1.4568809790225625
landshuter_allee,dlinear,summer_2024,821,34,8.405667176118707,8.0,0.4056671761187065
landshuter_allee,dlinear,summer_2024,822,34,8.201021277707996,7.0,1.201021277707996
landshuter_allee,dlinear,summer_2024,823,34,8.387868484576067,7.0,1.3878684845760674
landshuter_allee,dlinear,summer_2024,824,34,8.496918461058089,7.0,1.4969184610580886
landshuter_allee,dlinear,summer_2024,825,34,8.609457023038784,7.0,1.6094570230387841
landshuter_allee,dlinear,summer_2024,826,34,8.882548962074743,8.0,0.8825489620747433
landshuter_allee,dlinear,summer_2024,827,34,8.979746989003484,8.0,0.979746989003484
landshuter_allee,dlinear,summer_2024,828,34,9.320789856504243,9.0,0.3207898565042431
landshuter_allee,dlinear,summer_2024,829,34,9.518755489940375,9.0,0.518755489940375
landshuter_allee,dlinear,summer_2024,830,34,9.571132603781926,8.0,1.5711326037819262
landshuter_allee,dlinear,summer_2024,831,34,9.709966046459023,8.0,1.709966046459023
landshuter_allee,dlinear,summer_2024,832,34,9.864848924498894,8.0,1.8648489244988937
landshuter_allee,dlinear,summer_2024,833,34,10.041879407231407,9.0,1.0418794072314075
landshuter_allee,dlinear,summer_2024,834,34,9.992600492673704,9.0,0.992600492673704
landshuter_allee,dlinear,summer_2024,835,34,9.81435574496756,9.0,0.8143557449675605
landshuter_allee,dlinear,summer_2024,836,34,9.617867623641123,9.0,0.6178676236411231
landshuter_allee,dlinear,summer_2024,837,34,9.35445631224769,10.0,0.6455436877523102
landshuter_allee,dlinear,summer_2024,838,34,8.840784528484019,9.0,0.15921547151598148
landshuter_allee,dlinear,summer_2024,839,34,8.49213406671296,9.0,0.5078659332870394
landshuter_allee,dlinear,summer_2024,840,35,7.864254582215087,6.0,1.8642545822150867
landshuter_allee,dlinear,summer_2024,841,35,7.599923199140203,6.0,1.5999231991402034
landshuter_allee,dlinear,summer_2024,842,35,7.570099000928647,6.0,1.5700990009286473
landshuter_allee,dlinear,summer_2024,843,35,7.660866107825174,6.0,1.660866107825174
landshuter_allee,dlinear,summer_2024,844,35,7.517155174564812,6.0,1.5171551745648122
landshuter_allee,dlinear,summer_2024,845,35,7.555875473375362,6.0,1.5558754733753624
landshuter_allee,dlinear,summer_2024,846,35,7.700255723213818,6.0,1.700255723213818
landshuter_allee,dlinear,summer_2024,847,35,6.890580210783957,4.0,2.8905802107839573
landshuter_allee,dlinear,summer_2024,848,35,6.238666686999941,3.0,3.2386666869999408
landshuter_allee,dlinear,summer_2024,849,35,5.9120663160384765,3.0,2.9120663160384765
landshuter_allee,dlinear,summer_2024,850,35,6.06868599380929,3.0,3.0686859938092903
landshuter_allee,dlinear,summer_2024,851,35,6.613074011651105,4.0,2.613074011651105
landshuter_allee,dlinear,summer_2024,852,35,7.04064234413001,5.0,2.04064234413001
landshuter_allee,dlinear,summer_2024,853,35,7.421797176941946,5.0,2.421797176941946
landshuter_allee,dlinear,summer_2024,854,35,7.566977451095794,5.0,2.566977451095794
landshuter_allee,dlinear,summer_2024,855,35,7.817651353525082,6.0,1.8176513535250818
landshuter_allee,dlinear,summer_2024,856,35,7.929457246455901,6.0,1.9294572464559012
landshuter_allee,dlinear,summer_2024,857,35,8.043704122126792,6.0,2.043704122126792
landshuter_allee,dlinear,summer_2024,858,35,8.186749552186534,6.0,2.1867495521865337
landshuter_allee,dlinear,summer_2024,859,35,8.393387872055447,6.0,2.393387872055447
landshuter_allee,dlinear,summer_2024,860,35,10.317221680419342,9.0,1.3172216804193422
landshuter_allee,dlinear,summer_2024,861,35,11.69739451707199,10.0,1.6973945170719897
landshuter_allee,dlinear,summer_2024,862,35,11.733219483106419,10.0,1.733219483106419
landshuter_allee,dlinear,summer_2024,863,35,11.512352857551258,8.0,3.5123528575512584
landshuter_allee,dlinear,summer_2024,864,36,10.679877647572102,9.0,1.679877647572102
landshuter_allee,dlinear,summer_2024,865,36,10.372996867118484,10.0,0.37299686711848423
landshuter_allee,dlinear,summer_2024,866,36,10.414914596795484,11.0,0.5850854032045163
landshuter_allee,dlinear,summer_2024,867,36,10.355193994672206,11.0,0.6448060053277942
landshuter_allee,dlinear,summer_2024,868,36,10.103350542360534,11.0,0.8966494576394659
landshuter_allee,dlinear,summer_2024,869,36,10.460587808421124,12.0,1.5394121915788759
landshuter_allee,dlinear,summer_2024,870,36,10.86574785698673,13.0,2.1342521430132706
landshuter_allee,dlinear,summer_2024,871,36,10.515471429032079,12.0,1.484528570967921
landshuter_allee,dlinear,summer_2024,872,36,9.589416081704424,9.0,0.5894160817044245
landshuter_allee,dlinear,summer_2024,873,36,8.794050095567338,8.0,0.7940500955673375
landshuter_allee,dlinear,summer_2024,874,36,8.577719477038254,8.0,0.5777194770382543
landshuter_allee,dlinear,summer_2024,875,36,8.934891290136019,9.0,0.06510870986398132
landshuter_allee,dlinear,summer_2024,876,36,9.499542337963543,9.0,0.4995423379635433
landshuter_allee,dlinear,summer_2024,877,36,9.759226013554642,8.0,1.7592260135546418
landshuter_allee,dlinear,summer_2024,878,36,9.704616891635526,8.0,1.704616891635526
landshuter_allee,dlinear,summer_2024,879,36,9.137471560897746,7.0,2.1374715608977457
landshuter_allee,dlinear,summer_2024,880,36,8.656027378470814,7.0,1.6560273784708137
landshuter_allee,dlinear,summer_2024,881,36,8.61218052441057,6.0,2.6121805244105705
landshuter_allee,dlinear,summer_2024,882,36,8.49992867606798,6.0,2.499928676067981
landshuter_allee,dlinear,summer_2024,883,36,9.10399390492337,7.0,2.103993904923369
landshuter_allee,dlinear,summer_2024,884,36,9.856542046321623,9.0,0.8565420463216231
landshuter_allee,dlinear,summer_2024,885,36,9.709950577496762,10.0,0.2900494225032375
landshuter_allee,dlinear,summer_2024,886,36,9.88175870610998,10.0,0.11824129389001925
landshuter_allee,dlinear,summer_2024,887,36,8.932630432951806,9.0,0.06736956704819441
landshuter_allee,dlinear,summer_2024,888,37,9.036011091339738,10.0,0.9639889086602622
landshuter_allee,dlinear,summer_2024,889,37,9.399662823099057,10.0,0.6003371769009433
landshuter_allee,dlinear,summer_2024,890,37,9.83322618337923,10.0,0.16677381662077018
landshuter_allee,dlinear,summer_2024,891,37,10.761123189973855,11.0,0.23887681002614514
landshuter_allee,dlinear,summer_2024,892,37,11.270009012404124,12.0,0.7299909875958761
landshuter_allee,dlinear,summer_2024,893,37,11.99666017763802,12.0,0.0033398223619798273
landshuter_allee,dlinear,summer_2024,894,37,12.326766231313808,13.0,0.6732337686861918
landshuter_allee,dlinear,summer_2024,895,37,12.107509801415551,12.0,0.10750980141555111
landshuter_allee,dlinear,summer_2024,896,37,12.28887740774615,11.0,1.2888774077461491
landshuter_allee,dlinear,summer_2024,897,37,12.507454393829759,10.0,2.507454393829759
landshuter_allee,dlinear,summer_2024,898,37,12.821009765580403,10.0,2.8210097655804027
landshuter_allee,dlinear,summer_2024,899,37,12.503778655470118,10.0,2.503778655470118
landshuter_allee,dlinear,summer_2024,900,37,13.526648365915669,12.0,1.526648365915669
landshuter_allee,dlinear,summer_2024,901,37,12.145320049513128,10.0,2.1453200495131277
landshuter_allee,dlinear,summer_2024,902,37,9.55664222548082,7.0,2.55664222548082
landshuter_allee,dlinear,summer_2024,903,37,8.199800461802422,6.0,2.199800461802422
landshuter_allee,dlinear,summer_2024,904,37,6.681126301718667,5.0,1.6811263017186668
landshuter_allee,dlinear,summer_2024,905,37,5.9910084626445155,5.0,0.9910084626445155
landshuter_allee,dlinear,summer_2024,906,37,5.373516773617849,5.0,0.3735167736178493
landshuter_allee,dlinear,summer_2024,907,37,5.751465704978386,6.0,0.24853429502161362
landshuter_allee,dlinear,summer_2024,908,37,6.615729606163444,7.0,0.38427039383655615
landshuter_allee,dlinear,summer_2024,909,37,6.90817813992461,8.0,1.09182186007539
landshuter_allee,dlinear,summer_2024,910,37,6.14071488464154,6.0,0.14071488464153958
landshuter_allee,dlinear,summer_2024,911,37,5.274425858303111,5.0,0.27442585830311117
landshuter_allee,dlinear,summer_2024,912,38,5.322658810391934,5.0,0.32265881039193367
landshuter_allee,dlinear,summer_2024,913,38,5.7402316275352945,5.0,0.7402316275352945
landshuter_allee,dlinear,summer_2024,914,38,5.910266831210014,5.0,0.9102668312100137
landshuter_allee,dlinear,summer_2024,915,38,5.8523265544838114,5.0,0.8523265544838114
landshuter_allee,dlinear,summer_2024,916,38,6.244120665872359,6.0,0.2441206658723587
landshuter_allee,dlinear,summer_2024,917,38,7.311677616875089,7.0,0.3116776168750892
landshuter_allee,dlinear,summer_2024,918,38,8.01797117051497,7.0,1.0179711705149703
landshuter_allee,dlinear,summer_2024,919,38,7.573260425537242,5.0,2.573260425537242
landshuter_allee,dlinear,summer_2024,920,38,8.458917101639232,9.0,0.5410828983607683
landshuter_allee,dlinear,summer_2024,921,38,8.871475784585762,9.0,0.12852421541423809
landshuter_allee,dlinear,summer_2024,922,38,9.607478413554066,8.0,1.607478413554066
landshuter_allee,dlinear,summer_2024,923,38,10.474933227339717,8.0,2.474933227339717
landshuter_allee,dlinear,summer_2024,924,38,10.935738751563663,8.0,2.9357387515636635
landshuter_allee,dlinear,summer_2024,925,38,10.7756889291925,7.0,3.7756889291924995
landshuter_allee,dlinear,summer_2024,926,38,10.865503869151198,8.0,2.8655038691511976
landshuter_allee,dlinear,summer_2024,927,38,10.377763544980882,8.0,2.3777635449808816
landshuter_allee,dlinear,summer_2024,928,38,9.02929686469968,6.0,3.0292968646996794
landshuter_allee,dlinear,summer_2024,929,38,8.541776194529087,7.0,1.5417761945290867
landshuter_allee,dlinear,summer_2024,930,38,8.775882498705432,10.0,1.2241175012945682
landshuter_allee,dlinear,summer_2024,931,38,9.853696059175068,11.0,1.1463039408249323
landshuter_allee,dlinear,summer_2024,932,38,10.94894534034168,11.0,0.05105465965831968
landshuter_allee,dlinear,summer_2024,933,38,10.975173432877321,9.0,1.9751734328773214
landshuter_allee,dlinear,summer_2024,934,38,11.01145777528546,9.0,2.0114577752854608
landshuter_allee,dlinear,summer_2024,935,38,10.42609163430166,9.0,1.4260916343016596
landshuter_allee,dlinear,summer_2024,936,39,9.938184054658713,8.5,1.4381840546587128
landshuter_allee,dlinear,summer_2024,937,39,9.984533681058686,8.0,1.9845336810586858
landshuter_allee,dlinear,summer_2024,938,39,10.113367234219332,7.0,3.113367234219332
landshuter_allee,dlinear,summer_2024,939,39,9.589298452892251,8.0,1.5892984528922511
landshuter_allee,dlinear,summer_2024,940,39,9.359118045946374,8.0,1.3591180459463743
landshuter_allee,dlinear,summer_2024,941,39,9.38764738596,9.0,0.38764738595999937
landshuter_allee,dlinear,summer_2024,942,39,9.318534882667489,9.0,0.31853488266748897
landshuter_allee,dlinear,summer_2024,943,39,9.183052472887722,8.0,1.1830524728877219
landshuter_allee,dlinear,summer_2024,944,39,7.92291706695573,6.0,1.9229170669557298
landshuter_allee,dlinear,summer_2024,945,39,7.784796555236143,7.0,0.7847965552361433
landshuter_allee,dlinear,summer_2024,946,39,8.070176658402238,6.0,2.0701766584022376
landshuter_allee,dlinear,summer_2024,947,39,8.267931093757168,6.0,2.267931093757168
landshuter_allee,dlinear,summer_2024,948,39,8.5072807273008,7.0,1.5072807273008006
landshuter_allee,dlinear,summer_2024,949,39,7.825766266131672,6.0,1.825766266131672
landshuter_allee,dlinear,summer_2024,950,39,7.280701750186758,5.0,2.2807017501867577
landshuter_allee,dlinear,summer_2024,951,39,6.805632294927301,5.0,1.8056322949273014
landshuter_allee,dlinear,summer_2024,952,39,6.343573842475026,5.0,1.3435738424750259
landshuter_allee,dlinear,summer_2024,953,39,6.485270093268417,6.0,0.48527009326841686
landshuter_allee,dlinear,summer_2024,954,39,6.790130370899617,6.0,0.7901303708996172
landshuter_allee,dlinear,summer_2024,955,39,8.400045352344115,7.0,1.4000453523441152
landshuter_allee,dlinear,summer_2024,956,39,10.38275672998101,11.0,0.6172432700189905
landshuter_allee,dlinear,summer_2024,957,39,11.224189777320733,12.0,0.7758102226792669
landshuter_allee,dlinear,summer_2024,958,39,10.242728665907958,9.0,1.2427286659079577
landshuter_allee,dlinear,summer_2024,959,39,9.451369917014604,8.0,1.4513699170146044
landshuter_allee,dlinear,summer_2024,960,40,8.574501169225403,7.0,1.5745011692254032
landshuter_allee,dlinear,summer_2024,961,40,8.096351116045039,8.0,0.09635111604503876
landshuter_allee,dlinear,summer_2024,962,40,7.487419161461443,7.0,0.4874191614614434
landshuter_allee,dlinear,summer_2024,963,40,7.119765936640009,7.0,0.11976593664000923
landshuter_allee,dlinear,summer_2024,964,40,7.330004138296439,7.0,0.33000413829643893
landshuter_allee,dlinear,summer_2024,965,40,7.426566104811582,7.0,0.42656610481158186
landshuter_allee,dlinear,summer_2024,966,40,7.782017634116441,7.0,0.7820176341164409
landshuter_allee,dlinear,summer_2024,967,40,7.7359498803154665,7.0,0.7359498803154665
landshuter_allee,dlinear,summer_2024,968,40,7.686569005239193,6.0,1.6865690052391926
landshuter_allee,dlinear,summer_2024,969,40,7.4415956356362365,5.0,2.4415956356362365
landshuter_allee,dlinear,summer_2024,970,40,7.692063915057702,6.0,1.6920639150577017
landshuter_allee,dlinear,summer_2024,971,40,8.507525692431798,7.0,1.5075256924317983
landshuter_allee,dlinear,summer_2024,972,40,8.766418285032573,7.0,1.7664182850325734
landshuter_allee,dlinear,summer_2024,973,40,8.7738765754648,7.0,1.7738765754648007
landshuter_allee,dlinear,summer_2024,974,40,8.823682646233653,8.0,0.8236826462336531
landshuter_allee,dlinear,summer_2024,975,40,8.513330828541552,8.0,0.5133308285415517
landshuter_allee,dlinear,summer_2024,976,40,8.572980407342854,7.0,1.572980407342854
landshuter_allee,dlinear,summer_2024,977,40,8.761490313192457,8.0,0.7614903131924571
landshuter_allee,dlinear,summer_2024,978,40,9.292132792080693,8.0,1.292132792080693
landshuter_allee,dlinear,summer_2024,979,40,10.485479008232488,9.0,1.4854790082324882
landshuter_allee,dlinear,summer_2024,980,40,11.939639068896113,12.0,0.06036093110388663
landshuter_allee,dlinear,summer_2024,981,40,13.143272480042382,14.0,0.8567275199576176
landshuter_allee,dlinear,summer_2024,982,40,14.078661881196652,15.0,0.921338118803348
landshuter_allee,dlinear,summer_2024,983,40,14.603708489810522,15.0,0.39629151018947795
landshuter_allee,dlinear,summer_2024,984,41,15.395519511407153,18.0,2.6044804885928468
landshuter_allee,dlinear,summer_2024,985,41,15.659625530040323,19.0,3.340374469959677
landshuter_allee,dlinear,summer_2024,986,41,15.279135230919326,17.0,1.7208647690806735
landshuter_allee,dlinear,summer_2024,987,41,15.604752050424242,15.0,0.6047520504242421
landshuter_allee,dlinear,summer_2024,988,41,15.43836047869306,15.0,0.4383604786930597
landshuter_allee,dlinear,summer_2024,989,41,14.916979745140443,13.0,1.9169797451404431
landshuter_allee,dlinear,summer_2024,990,41,14.192114650768476,13.0,1.1921146507684757
landshuter_allee,dlinear,summer_2024,991,41,12.73056745439529,13.0,0.26943254560470997
landshuter_allee,dlinear,summer_2024,992,41,11.166566745842484,11.0,0.1665667458424842
landshuter_allee,dlinear,summer_2024,993,41,10.440777040070774,9.0,1.440777040070774
landshuter_allee,dlinear,summer_2024,994,41,10.058969581726245,9.0,1.0589695817262452
landshuter_allee,dlinear,summer_2024,995,41,10.037527877850719,9.0,1.037527877850719
landshuter_allee,dlinear,summer_2024,996,41,9.943871083521294,9.0,0.9438710835212945
landshuter_allee,dlinear,summer_2024,997,41,9.709648828531533,8.0,1.7096488285315328
landshuter_allee,dlinear,summer_2024,998,41,9.04265167872463,8.0,1.0426516787246296
landshuter_allee,dlinear,summer_2024,999,41,8.274995407076087,7.0,1.2749954070760872
landshuter_allee,dlinear,summer_2024,1000,41,7.585532859383417,6.0,1.5855328593834166
landshuter_allee,dlinear,summer_2024,1001,41,7.330620599375689,6.0,1.3306205993756892
landshuter_allee,dlinear,summer_2024,1002,41,7.4822587373866325,7.0,0.4822587373866325
landshuter_allee,dlinear,summer_2024,1003,41,8.655467752653912,7.0,1.6554677526539123
landshuter_allee,dlinear,summer_2024,1004,41,10.45479965582156,9.0,1.4547996558215601
landshuter_allee,dlinear,summer_2024,1005,41,11.207007931275168,11.0,0.20700793127516803
landshuter_allee,dlinear,summer_2024,1006,41,10.812114230782235,10.0,0.8121142307822353
landshuter_allee,dlinear,summer_2024,1007,41,10.216639983047898,9.0,1.216639983047898
landshuter_allee,dlinear,summer_2024,1008,42,10.042697485305194,8.0,2.042697485305194
landshuter_allee,dlinear,summer_2024,1009,42,10.14352551134782,8.0,2.1435255113478195
landshuter_allee,dlinear,summer_2024,1010,42,10.762014343542955,8.0,2.7620143435429547
landshuter_allee,dlinear,summer_2024,1011,42,11.17610441335078,9.0,2.17610441335078
landshuter_allee,dlinear,summer_2024,1012,42,11.626261046805825,10.0,1.6262610468058245
landshuter_allee,dlinear,summer_2024,1013,42,11.94026046435081,10.0,1.9402604643508106
landshuter_allee,dlinear,summer_2024,1014,42,11.695388855375251,9.0,2.695388855375251
landshuter_allee,dlinear,summer_2024,1015,42,11.473791417142573,9.0,2.4737914171425732
landshuter_allee,dlinear,summer_2024,1016,42,11.147864000240041,9.0,2.147864000240041
landshuter_allee,dlinear,summer_2024,1017,42,11.445886416265775,10.0,1.4458864162657754
landshuter_allee,dlinear,summer_2024,1018,42,12.158963568022394,11.0,1.1589635680223935
landshuter_allee,dlinear,summer_2024,1019,42,13.152047562806867,13.0,0.15204756280686738
landshuter_allee,dlinear,summer_2024,1020,42,14.13334067448976,14.0,0.1333406744897605
landshuter_allee,dlinear,summer_2024,1021,42,14.392226083498254,13.0,1.3922260834982545
landshuter_allee,dlinear,summer_2024,1022,42,13.973889047812605,11.0,2.973889047812605
landshuter_allee,dlinear,summer_2024,1023,42,13.140418139173075,11.0,2.140418139173075
landshuter_allee,dlinear,summer_2024,1024,42,12.377550031974133,10.0,2.377550031974133
landshuter_allee,dlinear,summer_2024,1025,42,12.307123196110494,10.0,2.307123196110494
landshuter_allee,dlinear,summer_2024,1026,42,12.07193741295469,10.0,2.0719374129546893
landshuter_allee,dlinear,summer_2024,1027,42,11.71118883964915,12.0,0.28881116035084986
landshuter_allee,dlinear,summer_2024,1028,42,11.898147418725392,14.0,2.101852581274608
landshuter_allee,dlinear,summer_2024,1029,42,12.11538191811237,13.0,0.8846180818876306
landshuter_allee,dlinear,summer_2024,1030,42,11.842081637670072,14.0,2.1579183623299283
landshuter_allee,dlinear,summer_2024,1031,42,12.109514084054258,17.0,4.890485915945742
landshuter_allee,dlinear,summer_2024,1032,43,13.241979058180258,19.0,5.758020941819742
landshuter_allee,dlinear,summer_2024,1033,43,13.104857725567612,15.0,1.8951422744323878
landshuter_allee,dlinear,summer_2024,1034,43,12.271180562550024,13.0,0.7288194374499763
landshuter_allee,dlinear,summer_2024,1035,43,11.532739314123516,13.0,1.467260685876484
landshuter_allee,dlinear,summer_2024,1036,43,10.955711601630918,13.0,2.0442883983690816
landshuter_allee,dlinear,summer_2024,1037,43,10.553463672187664,13.0,2.4465363278123355
landshuter_allee,dlinear,summer_2024,1038,43,10.083798218875753,13.0,2.916201781124247
landshuter_allee,dlinear,summer_2024,1039,43,9.379254493306735,11.0,1.6207455066932646
landshuter_allee,dlinear,summer_2024,1040,43,8.835548840257804,7.0,1.835548840257804
landshuter_allee,dlinear,summer_2024,1041,43,8.57915123813738,7.0,1.5791512381373796
landshuter_allee,dlinear,summer_2024,1042,43,9.038986205939484,9.0,0.038986205939483654
landshuter_allee,dlinear,summer_2024,1043,43,8.982648406395592,9.0,0.017351593604407967
landshuter_allee,dlinear,summer_2024,1044,43,8.852752286331631,10.0,1.147247713668369
landshuter_allee,dlinear,summer_2024,1045,43,8.944837994009095,10.0,1.0551620059909048
landshuter_allee,dlinear,summer_2024,1046,43,8.994417424956922,10.0,1.0055825750430785
landshuter_allee,dlinear,summer_2024,1047,43,8.78252019094191,9.0,0.21747980905809072
landshuter_allee,dlinear,summer_2024,1048,43,8.862103205681708,9.0,0.1378967943182925
landshuter_allee,dlinear,summer_2024,1049,43,9.331395299297572,7.0,2.331395299297572
landshuter_allee,dlinear,summer_2024,1050,43,7.199640169352478,7.0,0.1996401693524783
landshuter_allee,dlinear,summer_2024,1051,43,5.615089038300357,6.0,0.3849109616996431
landshuter_allee,dlinear,summer_2024,1052,43,5.24501995471092,5.0,0.2450199547109202
landshuter_allee,dlinear,summer_2024,1053,43,4.237431068892291,4.0,0.23743106889229093
landshuter_allee,dlinear,summer_2024,1054,43,3.8469537545165284,4.0,0.15304624548347157
landshuter_allee,dlinear,summer_2024,1055,43,4.0837924561690855,4.0,0.08379245616908548
landshuter_allee,dlinear,autumn_2024,0,0,5.089083211376847,5.0,0.08908321137684716
landshuter_allee,dlinear,autumn_2024,1,0,4.350950717493632,4.0,0.3509507174936317
landshuter_allee,dlinear,autumn_2024,2,0,3.4719053135624742,3.0,0.4719053135624742
landshuter_allee,dlinear,autumn_2024,3,0,3.5738056795684647,4.0,0.42619432043153527
landshuter_allee,dlinear,autumn_2024,4,0,3.977925094262358,4.0,0.022074905737642148
landshuter_allee,dlinear,autumn_2024,5,0,4.9760577685323515,5.0,0.02394223146764851
landshuter_allee,dlinear,autumn_2024,6,0,6.534511496198382,6.0,0.5345114961983821
landshuter_allee,dlinear,autumn_2024,7,0,7.315139646247761,6.0,1.3151396462477614
landshuter_allee,dlinear,autumn_2024,8,0,7.249173833757891,6.0,1.249173833757891
landshuter_allee,dlinear,autumn_2024,9,0,7.227780421201805,7.0,0.22778042120180508
landshuter_allee,dlinear,autumn_2024,10,0,7.48686505783401,7.0,0.48686505783401035
landshuter_allee,dlinear,autumn_2024,11,0,7.947883909869248,6.0,1.9478839098692484
landshuter_allee,dlinear,autumn_2024,12,0,8.347729246143393,5.0,3.347729246143393
landshuter_allee,dlinear,autumn_2024,13,0,8.345846551022795,4.0,4.345846551022795
landshuter_allee,dlinear,autumn_2024,14,0,7.396759830989332,3.0,4.396759830989332
landshuter_allee,dlinear,autumn_2024,15,0,6.637798204330621,3.0,3.637798204330621
landshuter_allee,dlinear,autumn_2024,16,0,6.297504063751351,3.0,3.297504063751351
landshuter_allee,dlinear,autumn_2024,17,0,6.165927600929054,3.0,3.165927600929054
landshuter_allee,dlinear,autumn_2024,18,0,6.355659871670099,3.0,3.355659871670099
landshuter_allee,dlinear,autumn_2024,19,0,6.421792738936294,3.0,3.4217927389362943
landshuter_allee,dlinear,autumn_2024,20,0,6.267280064703972,3.0,3.2672800647039724
landshuter_allee,dlinear,autumn_2024,21,0,6.367323064267994,3.0,3.3673230642679943
landshuter_allee,dlinear,autumn_2024,22,0,6.190919090857106,4.0,2.190919090857106
landshuter_allee,dlinear,autumn_2024,23,0,6.02908914561416,4.0,2.0290891456141598
landshuter_allee,dlinear,autumn_2024,24,1,5.917301037898449,3.0,2.917301037898449
landshuter_allee,dlinear,autumn_2024,25,1,6.306049419642848,4.0,2.3060494196428483
landshuter_allee,dlinear,autumn_2024,26,1,7.10460338516174,5.0,2.10460338516174
landshuter_allee,dlinear,autumn_2024,27,1,7.629679017866778,5.0,2.6296790178667777
landshuter_allee,dlinear,autumn_2024,28,1,7.6128952420242015,5.0,2.6128952420242015
landshuter_allee,dlinear,autumn_2024,29,1,7.182886089547675,4.0,3.182886089547675
landshuter_allee,dlinear,autumn_2024,30,1,6.5761827181998305,4.0,2.5761827181998305
landshuter_allee,dlinear,autumn_2024,31,1,5.415610066224307,3.0,2.415610066224307
landshuter_allee,dlinear,autumn_2024,32,1,5.195169165236207,4.0,1.1951691652362069
landshuter_allee,dlinear,autumn_2024,33,1,4.119719044212912,3.0,1.1197190442129124
landshuter_allee,dlinear,autumn_2024,34,1,3.3876138422160325,2.0,1.3876138422160325
landshuter_allee,dlinear,autumn_2024,35,1,2.910849521411652,2.0,0.9108495214116519
landshuter_allee,dlinear,autumn_2024,36,1,3.0385435088852164,2.0,1.0385435088852164
landshuter_allee,dlinear,autumn_2024,37,1,3.5590970945601765,2.0,1.5590970945601765
landshuter_allee,dlinear,autumn_2024,38,1,3.532164334598016,2.0,1.5321643345980158
landshuter_allee,dlinear,autumn_2024,39,1,3.5196931116748846,2.0,1.5196931116748846
landshuter_allee,dlinear,autumn_2024,40,1,4.1380139336753485,3.0,1.1380139336753485
landshuter_allee,dlinear,autumn_2024,41,1,4.7542089513820684,3.0,1.7542089513820684
landshuter_allee,dlinear,autumn_2024,42,1,5.785018748467177,4.0,1.7850187484671771
landshuter_allee,dlinear,autumn_2024,43,1,7.9041000286976715,6.0,1.9041000286976715
landshuter_allee,dlinear,autumn_2024,44,1,9.117058472546034,6.0,3.1170584725460344
landshuter_allee,dlinear,autumn_2024,45,1,9.40670916273741,6.0,3.4067091627374104
landshuter_allee,dlinear,autumn_2024,46,1,9.816468821516672,7.0,2.816468821516672
landshuter_allee,dlinear,autumn_2024,47,1,9.467617371308709,7.0,2.467617371308709
landshuter_allee,dlinear,autumn_2024,48,2,9.057438961391373,9.0,0.057438961391373056
landshuter_allee,dlinear,autumn_2024,49,2,8.217901243124315,8.0,0.2179012431243148
landshuter_allee,dlinear,autumn_2024,50,2,7.231615112264953,7.0,0.23161511226495257
landshuter_allee,dlinear,autumn_2024,51,2,6.418438737119423,6.0,0.41843873711942337
landshuter_allee,dlinear,autumn_2024,52,2,6.2696844013177095,7.0,0.7303155986822905
landshuter_allee,dlinear,autumn_2024,53,2,6.586191994646771,10.0,3.4138080053532294
landshuter_allee,dlinear,autumn_2024,54,2,7.182456212819032,10.0,2.817543787180968
landshuter_allee,dlinear,autumn_2024,55,2,8.379311342767936,15.0,6.620688657232064
landshuter_allee,dlinear,autumn_2024,56,2,10.113602370514084,16.0,5.886397629485916
landshuter_allee,dlinear,autumn_2024,57,2,10.56317517442357,12.0,1.43682482557643
landshuter_allee,dlinear,autumn_2024,58,2,10.650881508118262,9.0,1.6508815081182622
landshuter_allee,dlinear,autumn_2024,59,2,10.43584378665572,10.0,0.4358437866557203
landshuter_allee,dlinear,autumn_2024,60,2,9.703847454994271,8.0,1.7038474549942713
landshuter_allee,dlinear,autumn_2024,61,2,8.937567498041224,7.0,1.9375674980412239
landshuter_allee,dlinear,autumn_2024,62,2,8.482903432455254,7.0,1.4829034324552541
landshuter_allee,dlinear,autumn_2024,63,2,8.038928849085051,7.0,1.0389288490850515
landshuter_allee,dlinear,autumn_2024,64,2,7.993674171636931,7.0,0.9936741716369308
landshuter_allee,dlinear,autumn_2024,65,2,8.59998585653204,9.0,0.4000141434679598
landshuter_allee,dlinear,autumn_2024,66,2,8.617394955403148,8.0,0.6173949554031477
landshuter_allee,dlinear,autumn_2024,67,2,7.929357578427852,7.0,0.9293575784278518
landshuter_allee,dlinear,autumn_2024,68,2,7.769780419141257,8.0,0.23021958085874328
landshuter_allee,dlinear,autumn_2024,69,2,7.315961684725759,6.0,1.3159616847257594
landshuter_allee,dlinear,autumn_2024,70,2,7.007698746259418,6.0,1.0076987462594182
landshuter_allee,dlinear,autumn_2024,71,2,6.696422793762586,6.0,0.6964227937625864
landshuter_allee,dlinear,autumn_2024,72,3,6.738763133279248,7.0,0.2612368667207523
landshuter_allee,dlinear,autumn_2024,73,3,6.922218625948094,8.0,1.0777813740519058
landshuter_allee,dlinear,autumn_2024,74,3,6.669617635518177,8.0,1.3303823644818227
landshuter_allee,dlinear,autumn_2024,75,3,6.301381793523636,6.0,0.30138179352363625
landshuter_allee,dlinear,autumn_2024,76,3,6.069005719207485,5.0,1.0690057192074853
landshuter_allee,dlinear,autumn_2024,77,3,6.251840806243573,6.0,0.25184080624357286
landshuter_allee,dlinear,autumn_2024,78,3,6.687329140592233,6.0,0.687329140592233
landshuter_allee,dlinear,autumn_2024,79,3,7.053333993052076,6.0,1.0533339930520764
landshuter_allee,dlinear,autumn_2024,80,3,7.64069831675379,7.0,0.6406983167537899
landshuter_allee,dlinear,autumn_2024,81,3,7.940629698229982,7.0,0.9406296982299818
landshuter_allee,dlinear,autumn_2024,82,3,7.53853077769087,6.0,1.5385307776908697
landshuter_allee,dlinear,autumn_2024,83,3,7.479008620787237,6.0,1.479008620787237
landshuter_allee,dlinear,autumn_2024,84,3,7.019560587851853,5.0,2.0195605878518528
landshuter_allee,dlinear,autumn_2024,85,3,6.4559201122279095,4.0,2.4559201122279095
landshuter_allee,dlinear,autumn_2024,86,3,5.688618435070472,4.0,1.688618435070472
landshuter_allee,dlinear,autumn_2024,87,3,5.374186071532931,4.0,1.3741860715329306
landshuter_allee,dlinear,autumn_2024,88,3,5.4049103154778875,4.0,1.4049103154778875
landshuter_allee,dlinear,autumn_2024,89,3,5.864186527728088,5.0,0.864186527728088
landshuter_allee,dlinear,autumn_2024,90,3,6.802269506814761,7.0,0.19773049318523928
landshuter_allee,dlinear,autumn_2024,91,3,7.215841103040855,6.0,1.2158411030408551
landshuter_allee,dlinear,autumn_2024,92,3,7.274072353080934,6.0,1.2740723530809337
landshuter_allee,dlinear,autumn_2024,93,3,7.161245866148108,6.0,1.161245866148108
landshuter_allee,dlinear,autumn_2024,94,3,6.884897107104243,6.0,0.8848971071042433
landshuter_allee,dlinear,autumn_2024,95,3,7.254282018893104,7.0,0.25428201889310387
landshuter_allee,dlinear,autumn_2024,96,4,7.55791064545803,6.0,1.5579106454580298
landshuter_allee,dlinear,autumn_2024,97,4,8.163547802739522,7.0,1.1635478027395223
landshuter_allee,dlinear,autumn_2024,98,4,8.606308044479508,7.0,1.6063080444795084
landshuter_allee,dlinear,autumn_2024,99,4,8.475356074675497,6.0,2.4753560746754975
landshuter_allee,dlinear,autumn_2024,100,4,9.620072269465695,7.0,2.6200722694656946
landshuter_allee,dlinear,autumn_2024,101,4,9.927398290921419,6.0,3.9273982909214187
landshuter_allee,dlinear,autumn_2024,102,4,9.24568437351647,7.0,2.24568437351647
landshuter_allee,dlinear,autumn_2024,103,4,9.496032886043336,7.0,2.496032886043336
landshuter_allee,dlinear,autumn_2024,104,4,9.676004976318016,6.0,3.6760049763180156
landshuter_allee,dlinear,autumn_2024,105,4,8.581100142750266,5.0,3.581100142750266
landshuter_allee,dlinear,autumn_2024,106,4,7.05543950788028,4.0,3.05543950788028
landshuter_allee,dlinear,autumn_2024,107,4,6.9798277682803,4.0,2.9798277682803
landshuter_allee,dlinear,autumn_2024,108,4,6.607493418878741,4.0,2.6074934188787413
landshuter_allee,dlinear,autumn_2024,109,4,6.636732396464598,6.0,0.6367323964645983
landshuter_allee,dlinear,autumn_2024,110,4,6.7911511888166185,7.0,0.2088488111833815
landshuter_allee,dlinear,autumn_2024,111,4,6.831414179859834,6.0,0.8314141798598342
landshuter_allee,dlinear,autumn_2024,112,4,7.3537358155629695,7.0,0.3537358155629695
landshuter_allee,dlinear,autumn_2024,113,4,7.549274452880674,7.0,0.5492744528806739
landshuter_allee,dlinear,autumn_2024,114,4,8.151202158433165,8.0,0.15120215843316487
landshuter_allee,dlinear,autumn_2024,115,4,7.351253869904236,5.0,2.3512538699042356
landshuter_allee,dlinear,autumn_2024,116,4,6.882304466035012,6.0,0.8823044660350119
landshuter_allee,dlinear,autumn_2024,117,4,6.952516471030457,6.0,0.9525164710304566
landshuter_allee,dlinear,autumn_2024,118,4,7.305360452997325,8.0,0.6946395470026747
landshuter_allee,dlinear,autumn_2024,119,4,7.939439696201581,10.0,2.060560303798419
landshuter_allee,dlinear,autumn_2024,120,5,8.795231460451266,11.0,2.204768539548734
landshuter_allee,dlinear,autumn_2024,121,5,9.199518801314474,11.0,1.8004811986855263
landshuter_allee,dlinear,autumn_2024,122,5,8.7664436742466,10.0,1.2335563257533995
landshuter_allee,dlinear,autumn_2024,123,5,7.3155440356002375,6.0,1.3155440356002375
landshuter_allee,dlinear,autumn_2024,124,5,6.342350018549256,6.0,0.34235001854925606
landshuter_allee,dlinear,autumn_2024,125,5,5.560273970040874,5.0,0.5602739700408739
landshuter_allee,dlinear,autumn_2024,126,5,5.468703058193835,5.0,0.4687030581938352
landshuter_allee,dlinear,autumn_2024,127,5,5.796435764357618,5.0,0.7964357643576179
landshuter_allee,dlinear,autumn_2024,128,5,5.489168642687524,4.0,1.489168642687524
landshuter_allee,dlinear,autumn_2024,129,5,4.956420494459063,4.0,0.9564204944590626
landshuter_allee,dlinear,autumn_2024,130,5,4.286328866303085,3.0,1.2863288663030854
landshuter_allee,dlinear,autumn_2024,131,5,3.1641867065785982,3.0,0.16418670657859824
landshuter_allee,dlinear,autumn_2024,132,5,2.9459052493932165,2.0,0.9459052493932165
landshuter_allee,dlinear,autumn_2024,133,5,2.93866260758929,2.0,0.9386626075892899
landshuter_allee,dlinear,autumn_2024,134,5,2.94796280914749,3.0,0.05203719085251013
landshuter_allee,dlinear,autumn_2024,135,5,3.391014150734444,2.0,1.3910141507344438
landshuter_allee,dlinear,autumn_2024,136,5,4.096432317792482,3.0,1.0964323177924822
landshuter_allee,dlinear,autumn_2024,137,5,5.04998733575817,4.0,1.0499873357581704
landshuter_allee,dlinear,autumn_2024,138,5,5.795597470596686,4.0,1.795597470596686
landshuter_allee,dlinear,autumn_2024,139,5,6.412382387788798,7.0,0.5876176122112016
landshuter_allee,dlinear,autumn_2024,140,5,6.9774678495953815,8.0,1.0225321504046185
landshuter_allee,dlinear,autumn_2024,141,5,7.287402920890729,8.0,0.7125970791092708
landshuter_allee,dlinear,autumn_2024,142,5,6.498792088296448,5.0,1.4987920882964483
landshuter_allee,dlinear,autumn_2024,143,5,5.532782576136837,4.0,1.532782576136837
landshuter_allee,dlinear,autumn_2024,144,6,5.065862881117895,6.0,0.9341371188821048
landshuter_allee,dlinear,autumn_2024,145,6,4.868962023268848,7.0,2.131037976731152
landshuter_allee,dlinear,autumn_2024,146,6,4.572095622449988,7.0,2.4279043775500124
landshuter_allee,dlinear,autumn_2024,147,6,4.322248158908505,6.0,1.6777518410914949
landshuter_allee,dlinear,autumn_2024,148,6,4.283845348268522,6.0,1.716154651731478
landshuter_allee,dlinear,autumn_2024,149,6,4.552841491764192,6.0,1.447158508235808
landshuter_allee,dlinear,autumn_2024,150,6,4.9150327031370145,6.0,1.0849672968629855
landshuter_allee,dlinear,autumn_2024,151,6,4.940829241607724,6.0,1.059170758392276
landshuter_allee,dlinear,autumn_2024,152,6,4.824948656327059,6.0,1.1750513436729406
landshuter_allee,dlinear,autumn_2024,153,6,4.173533682780226,6.0,1.826466317219774
landshuter_allee,dlinear,autumn_2024,154,6,3.9091022979487784,4.0,0.09089770205122161
landshuter_allee,dlinear,autumn_2024,155,6,3.5989872671601266,3.0,0.5989872671601266
landshuter_allee,dlinear,autumn_2024,156,6,3.7135165620264297,4.0,0.28648343797357034
landshuter_allee,dlinear,autumn_2024,157,6,4.154132769017861,3.0,1.1541327690178607
landshuter_allee,dlinear,autumn_2024,158,6,4.0504199244907255,3.0,1.0504199244907255
landshuter_allee,dlinear,autumn_2024,159,6,4.535101523091142,3.0,1.535101523091142
landshuter_allee,dlinear,autumn_2024,160,6,5.184095705315547,3.0,2.1840957053155474
landshuter_allee,dlinear,autumn_2024,161,6,6.613298050735976,5.0,1.6132980507359758
landshuter_allee,dlinear,autumn_2024,162,6,9.009149562946206,7.0,2.009149562946206
landshuter_allee,dlinear,autumn_2024,163,6,9.909660114056159,7.0,2.909660114056159
landshuter_allee,dlinear,autumn_2024,164,6,10.62134539486375,8.0,2.6213453948637504
landshuter_allee,dlinear,autumn_2024,165,6,11.08618630031644,8.0,3.08618630031644
landshuter_allee,dlinear,autumn_2024,166,6,11.026445649036772,8.0,3.0264456490367717
landshuter_allee,dlinear,autumn_2024,167,6,10.426417927231075,7.0,3.426417927231075
landshuter_allee,dlinear,autumn_2024,168,7,9.78549319691362,7.0,2.7854931969136203
landshuter_allee,dlinear,autumn_2024,169,7,9.4011800225907,8.0,1.4011800225906992
landshuter_allee,dlinear,autumn_2024,170,7,8.984685603304404,8.0,0.9846856033044045
landshuter_allee,dlinear,autumn_2024,171,7,8.405076719370296,8.0,0.405076719370296
landshuter_allee,dlinear,autumn_2024,172,7,7.805421430231778,7.0,0.8054214302317781
landshuter_allee,dlinear,autumn_2024,173,7,7.768990993807677,7.0,0.7689909938076767
landshuter_allee,dlinear,autumn_2024,174,7,8.126808459298724,8.0,0.12680845929872397
landshuter_allee,dlinear,autumn_2024,175,7,9.132443319272523,9.0,0.1324433192725234
landshuter_allee,dlinear,autumn_2024,176,7,9.698705769070603,8.0,1.698705769070603
landshuter_allee,dlinear,autumn_2024,177,7,10.84438939370153,9.0,1.8443893937015297
landshuter_allee,dlinear,autumn_2024,178,7,10.53958772616699,8.0,2.5395877261669906
landshuter_allee,dlinear,autumn_2024,179,7,10.253426801280177,8.0,2.2534268012801775
landshuter_allee,dlinear,autumn_2024,180,7,10.186236251517165,8.0,2.1862362515171654
landshuter_allee,dlinear,autumn_2024,181,7,9.699086549693334,7.0,2.699086549693334
landshuter_allee,dlinear,autumn_2024,182,7,9.26328185863148,7.0,2.26328185863148
landshuter_allee,dlinear,autumn_2024,183,7,9.683520274402781,8.0,1.683520274402781
landshuter_allee,dlinear,autumn_2024,184,7,9.977613268687106,7.0,2.977613268687106
landshuter_allee,dlinear,autumn_2024,185,7,9.626064435723382,5.0,4.626064435723382
landshuter_allee,dlinear,autumn_2024,186,7,9.316440836880066,8.0,1.3164408368800657
landshuter_allee,dlinear,autumn_2024,187,7,7.9216036347155585,5.0,2.9216036347155585
landshuter_allee,dlinear,autumn_2024,188,7,6.5769259180804305,4.0,2.5769259180804305
landshuter_allee,dlinear,autumn_2024,189,7,5.215869912960237,4.0,1.2158699129602368
landshuter_allee,dlinear,autumn_2024,190,7,3.909907834614787,3.0,0.9099078346147871
landshuter_allee,dlinear,autumn_2024,191,7,2.718646870784371,2.0,0.718646870784371
landshuter_allee,dlinear,autumn_2024,192,8,1.923841208268465,2.0,0.07615879173153495
landshuter_allee,dlinear,autumn_2024,193,8,1.4581074473212317,2.0,0.5418925526787683
landshuter_allee,dlinear,autumn_2024,194,8,1.0538352595259277,1.0,0.053835259525927714
landshuter_allee,dlinear,autumn_2024,195,8,0.7174356278878835,1.0,0.2825643721121165
landshuter_allee,dlinear,autumn_2024,196,8,1.0972869290717586,1.0,0.09728692907175862
landshuter_allee,dlinear,autumn_2024,197,8,1.948987292922681,2.0,0.051012707077318975
landshuter_allee,dlinear,autumn_2024,198,8,3.019210557962209,2.0,1.019210557962209
landshuter_allee,dlinear,autumn_2024,199,8,3.2848446221935284,2.0,1.2848446221935284
landshuter_allee,dlinear,autumn_2024,200,8,3.144691353111942,2.0,1.1446913531119418
landshuter_allee,dlinear,autumn_2024,201,8,1.954003553306519,2.0,0.04599644669348102
landshuter_allee,dlinear,autumn_2024,202,8,1.294381706055169,1.0,0.294381706055169
landshuter_allee,dlinear,autumn_2024,203,8,1.2299219841479578,2.0,0.7700780158520422
landshuter_allee,dlinear,autumn_2024,204,8,1.3738079681695803,2.0,0.6261920318304197
landshuter_allee,dlinear,autumn_2024,205,8,1.3558446001274747,2.0,0.6441553998725253
landshuter_allee,dlinear,autumn_2024,206,8,1.358102542957007,2.0,0.641897457042993
landshuter_allee,dlinear,autumn_2024,207,8,1.6865284881758034,2.0,0.31347151182419664
landshuter_allee,dlinear,autumn_2024,208,8,2.2716225892898523,2.0,0.2716225892898523
landshuter_allee,dlinear,autumn_2024,209,8,3.6029143212660992,3.0,0.6029143212660992
landshuter_allee,dlinear,autumn_2024,210,8,4.291286035609295,3.0,1.2912860356092946
landshuter_allee,dlinear,autumn_2024,211,8,3.9956119735217515,4.0,0.004388026478248541
landshuter_allee,dlinear,autumn_2024,212,8,3.746549423713286,4.0,0.25345057628671386
landshuter_allee,dlinear,autumn_2024,213,8,3.1371585987896724,4.0,0.8628414012103276
landshuter_allee,dlinear,autumn_2024,214,8,2.617381448629533,4.0,1.382618551370467
landshuter_allee,dlinear,autumn_2024,215,8,2.3391214881151017,4.0,1.6608785118848983
landshuter_allee,dlinear,autumn_2024,216,9,2.3700587711574417,5.0,2.6299412288425583
landshuter_allee,dlinear,autumn_2024,217,9,2.794696281144458,6.0,3.205303718855542
landshuter_allee,dlinear,autumn_2024,218,9,2.8903113457661638,5.0,2.1096886542338362
landshuter_allee,dlinear,autumn_2024,219,9,2.7106512595195564,4.0,1.2893487404804436
landshuter_allee,dlinear,autumn_2024,220,9,2.8188720345758655,4.0,1.1811279654241345
landshuter_allee,dlinear,autumn_2024,221,9,2.3733412415078052,4.0,1.6266587584921948
landshuter_allee,dlinear,autumn_2024,222,9,1.867384953033227,3.0,1.132615046966773
landshuter_allee,dlinear,autumn_2024,223,9,2.0397685236837235,3.0,0.9602314763162765
landshuter_allee,dlinear,autumn_2024,224,9,2.478190317939639,4.0,1.5218096820603608
landshuter_allee,dlinear,autumn_2024,225,9,2.522940278450047,4.0,1.4770597215499528
landshuter_allee,dlinear,autumn_2024,226,9,2.7686969115474787,4.0,1.2313030884525213
landshuter_allee,dlinear,autumn_2024,227,9,2.87526948401896,4.0,1.1247305159810401
landshuter_allee,dlinear,autumn_2024,228,9,2.981558852457216,3.0,0.01844114754278392
landshuter_allee,dlinear,autumn_2024,229,9,3.207908937217383,3.0,0.20790893721738302
landshuter_allee,dlinear,autumn_2024,230,9,3.34605724068443,3.0,0.3460572406844298
landshuter_allee,dlinear,autumn_2024,231,9,4.439545267707773,4.0,0.43954526770777314
landshuter_allee,dlinear,autumn_2024,232,9,5.052527791334905,5.0,0.052527791334904705
landshuter_allee,dlinear,autumn_2024,233,9,5.7939607199158205,6.0,0.2060392800841795
landshuter_allee,dlinear,autumn_2024,234,9,5.751470688558291,6.0,0.2485293114417093
landshuter_allee,dlinear,autumn_2024,235,9,4.451710913866577,3.0,1.4517109138665774
landshuter_allee,dlinear,autumn_2024,236,9,3.614002574934452,3.0,0.6140025749344522
landshuter_allee,dlinear,autumn_2024,237,9,2.927724544971043,4.0,1.072275455028957
landshuter_allee,dlinear,autumn_2024,238,9,2.3680289163242048,3.0,0.6319710836757952
landshuter_allee,dlinear,autumn_2024,239,9,1.6054367359239317,2.0,0.39456326407606834
landshuter_allee,dlinear,autumn_2024,240,10,1.3068967818579162,2.0,0.6931032181420838
landshuter_allee,dlinear,autumn_2024,241,10,1.270879879167063,1.0,0.270879879167063
landshuter_allee,dlinear,autumn_2024,242,10,1.1729457444751707,1.0,0.17294574447517075
landshuter_allee,dlinear,autumn_2024,243,10,1.2387005125180353,0.9,0.33870051251803523
landshuter_allee,dlinear,autumn_2024,244,10,1.5198836363355221,1.0,0.5198836363355221
landshuter_allee,dlinear,autumn_2024,245,10,1.9957070357725684,1.0,0.9957070357725684
landshuter_allee,dlinear,autumn_2024,246,10,2.9459433983755208,2.0,0.9459433983755208
landshuter_allee,dlinear,autumn_2024,247,10,3.4791831580354144,2.0,1.4791831580354144
landshuter_allee,dlinear,autumn_2024,248,10,3.4032979372235186,2.0,1.4032979372235186
landshuter_allee,dlinear,autumn_2024,249,10,3.595824946355516,2.0,1.595824946355516
landshuter_allee,dlinear,autumn_2024,250,10,4.196413354220686,2.0,2.1964133542206863
landshuter_allee,dlinear,autumn_2024,251,10,4.2328020150941725,2.0,2.2328020150941725
landshuter_allee,dlinear,autumn_2024,252,10,4.403060818329606,2.0,2.403060818329606
landshuter_allee,dlinear,autumn_2024,253,10,4.292133678396441,2.0,2.292133678396441
landshuter_allee,dlinear,autumn_2024,254,10,4.61960504395144,2.0,2.61960504395144
landshuter_allee,dlinear,autumn_2024,255,10,5.005281612179232,3.0,2.005281612179232
landshuter_allee,dlinear,autumn_2024,256,10,5.197209763342633,2.0,3.1972097633426326
landshuter_allee,dlinear,autumn_2024,257,10,5.510308911157175,3.0,2.510308911157175
landshuter_allee,dlinear,autumn_2024,258,10,6.098503616351391,4.0,2.0985036163513913
landshuter_allee,dlinear,autumn_2024,259,10,7.7032238861838165,5.0,2.7032238861838165
landshuter_allee,dlinear,autumn_2024,260,10,8.652958218693078,6.0,2.652958218693078
landshuter_allee,dlinear,autumn_2024,261,10,9.200201556843982,7.0,2.2002015568439823
landshuter_allee,dlinear,autumn_2024,262,10,9.112502252198379,7.0,2.1125022521983787
landshuter_allee,dlinear,autumn_2024,263,10,8.095080107525224,6.0,2.0950801075252237
landshuter_allee,dlinear,autumn_2024,264,11,7.024228155772611,5.0,2.0242281557726107
landshuter_allee,dlinear,autumn_2024,265,11,6.564231480373259,4.0,2.564231480373259
landshuter_allee,dlinear,autumn_2024,266,11,7.0643477621631865,5.0,2.0643477621631865
landshuter_allee,dlinear,autumn_2024,267,11,7.104264452480995,4.0,3.1042644524809946
landshuter_allee,dlinear,autumn_2024,268,11,6.934458969066418,4.0,2.9344589690664176
landshuter_allee,dlinear,autumn_2024,269,11,6.899473822232174,4.0,2.8994738222321743
landshuter_allee,dlinear,autumn_2024,270,11,6.851736625803586,5.0,1.8517366258035857
landshuter_allee,dlinear,autumn_2024,271,11,6.444428354454528,4.0,2.444428354454528
landshuter_allee,dlinear,autumn_2024,272,11,5.433035306990445,3.0,2.433035306990445
landshuter_allee,dlinear,autumn_2024,273,11,4.419133845099816,2.0,2.4191338450998163
landshuter_allee,dlinear,autumn_2024,274,11,3.7922885502614996,2.0,1.7922885502614996
landshuter_allee,dlinear,autumn_2024,275,11,3.2917606271791273,2.0,1.2917606271791273
landshuter_allee,dlinear,autumn_2024,276,11,3.1530910870202034,2.0,1.1530910870202034
landshuter_allee,dlinear,autumn_2024,277,11,3.3721276275963947,3.0,0.37212762759639473
landshuter_allee,dlinear,autumn_2024,278,11,4.076248006749715,3.0,1.076248006749715
landshuter_allee,dlinear,autumn_2024,279,11,4.81415057018503,4.0,0.8141505701850296
landshuter_allee,dlinear,autumn_2024,280,11,6.687433865080899,5.0,1.6874338650808989
landshuter_allee,dlinear,autumn_2024,281,11,9.145082617753415,10.0,0.854917382246585
landshuter_allee,dlinear,autumn_2024,282,11,11.242226697897962,12.0,0.7577733021020379
landshuter_allee,dlinear,autumn_2024,283,11,12.270287397675961,12.0,0.2702873976759612
landshuter_allee,dlinear,autumn_2024,284,11,11.040757408908128,8.0,3.040757408908128
landshuter_allee,dlinear,autumn_2024,285,11,8.658734628327473,6.0,2.6587346283274726
landshuter_allee,dlinear,autumn_2024,286,11,6.593222307707308,5.0,1.5932223077073084
landshuter_allee,dlinear,autumn_2024,287,11,5.34821760417452,6.0,0.6517823958254798
landshuter_allee,dlinear,autumn_2024,288,12,4.6876220268951645,5.0,0.3123779731048355
landshuter_allee,dlinear,autumn_2024,289,12,3.8417342409876323,3.0,0.8417342409876323
landshuter_allee,dlinear,autumn_2024,290,12,2.703709819960596,2.0,0.7037098199605958
landshuter_allee,dlinear,autumn_2024,291,12,1.708541904850175,2.0,0.2914580951498249
landshuter_allee,dlinear,autumn_2024,292,12,1.2818558992872267,2.0,0.7181441007127733
landshuter_allee,dlinear,autumn_2024,293,12,0.8361107311615692,2.0,1.1638892688384308
landshuter_allee,dlinear,autumn_2024,294,12,0.6664389340240122,2.0,1.3335610659759878
landshuter_allee,dlinear,autumn_2024,295,12,0.7159451638253858,2.0,1.2840548361746142
landshuter_allee,dlinear,autumn_2024,296,12,0.9942434270580751,2.0,1.0057565729419249
landshuter_allee,dlinear,autumn_2024,297,12,2.5641662330948845,3.0,0.43583376690511555
landshuter_allee,dlinear,autumn_2024,298,12,4.271029641205773,4.0,0.27102964120577333
landshuter_allee,dlinear,autumn_2024,299,12,5.691228646523644,5.0,0.6912286465236441
landshuter_allee,dlinear,autumn_2024,300,12,6.348726311614421,5.0,1.3487263116144206
landshuter_allee,dlinear,autumn_2024,301,12,6.705377622587209,4.0,2.705377622587209
landshuter_allee,dlinear,autumn_2024,302,12,6.068994427421675,3.0,3.068994427421675
landshuter_allee,dlinear,autumn_2024,303,12,5.964849988095921,3.0,2.9648499880959207
landshuter_allee,dlinear,autumn_2024,304,12,5.606647288410908,3.0,2.606647288410908
landshuter_allee,dlinear,autumn_2024,305,12,6.2764288690692736,3.0,3.2764288690692736
landshuter_allee,dlinear,autumn_2024,306,12,6.730190914104962,4.0,2.730190914104962
landshuter_allee,dlinear,autumn_2024,307,12,7.20048637439683,5.0,2.2004863743968297
landshuter_allee,dlinear,autumn_2024,308,12,7.111594581391671,4.0,3.111594581391671
landshuter_allee,dlinear,autumn_2024,309,12,6.894273648895822,4.0,2.8942736488958216
landshuter_allee,dlinear,autumn_2024,310,12,6.622500370752418,4.0,2.6225003707524177
landshuter_allee,dlinear,autumn_2024,311,12,6.099701299821269,3.0,3.0997012998212687
landshuter_allee,dlinear,autumn_2024,312,13,5.475053725961258,3.0,2.475053725961258
landshuter_allee,dlinear,autumn_2024,313,13,4.728890938788531,3.0,1.7288909387885312
landshuter_allee,dlinear,autumn_2024,314,13,4.320223995345242,3.0,1.3202239953452422
landshuter_allee,dlinear,autumn_2024,315,13,4.042551159033938,4.0,0.04255115903393758
landshuter_allee,dlinear,autumn_2024,316,13,3.8390435838725065,5.0,1.1609564161274935
landshuter_allee,dlinear,autumn_2024,317,13,4.533860852924575,6.0,1.4661391470754248
landshuter_allee,dlinear,autumn_2024,318,13,5.612375111985758,7.0,1.3876248880142423
landshuter_allee,dlinear,autumn_2024,319,13,6.247896002391706,9.0,2.7521039976082937
landshuter_allee,dlinear,autumn_2024,320,13,6.6693893681105285,8.0,1.3306106318894715
landshuter_allee,dlinear,autumn_2024,321,13,6.550280957877156,7.0,0.44971904212284386
landshuter_allee,dlinear,autumn_2024,322,13,5.937878986494617,6.0,0.062121013505382905
landshuter_allee,dlinear,autumn_2024,323,13,6.3122443341313,6.0,0.31224433413130015
landshuter_allee,dlinear,autumn_2024,324,13,7.502774152804423,8.0,0.49722584719557705
landshuter_allee,dlinear,autumn_2024,325,13,8.026146450087941,7.0,1.026146450087941
landshuter_allee,dlinear,autumn_2024,326,13,9.909247277535899,9.0,0.9092472775358988
landshuter_allee,dlinear,autumn_2024,327,13,12.305463327673193,11.0,1.305463327673193
landshuter_allee,dlinear,autumn_2024,328,13,13.798335909300299,13.0,0.7983359093002989
landshuter_allee,dlinear,autumn_2024,329,13,14.077266054533116,13.0,1.0772660545331156
landshuter_allee,dlinear,autumn_2024,330,13,14.692790722979321,14.0,0.6927907229793213
landshuter_allee,dlinear,autumn_2024,331,13,14.083555560581253,13.0,1.083555560581253
landshuter_allee,dlinear,autumn_2024,332,13,10.10098693911822,8.0,2.1009869391182203
landshuter_allee,dlinear,autumn_2024,333,13,7.2942893653699175,6.0,1.2942893653699175
landshuter_allee,dlinear,autumn_2024,334,13,7.577880633801511,8.0,0.4221193661984888
landshuter_allee,dlinear,autumn_2024,335,13,8.682085346456615,10.0,1.3179146535433848
landshuter_allee,dlinear,autumn_2024,336,14,9.165635387676705,9.0,0.16563538767670494
landshuter_allee,dlinear,autumn_2024,337,14,8.99901553053758,8.0,0.9990155305375801
landshuter_allee,dlinear,autumn_2024,338,14,9.523628379034202,8.0,1.5236283790342018
landshuter_allee,dlinear,autumn_2024,339,14,9.588540349156094,8.0,1.5885403491560943
landshuter_allee,dlinear,autumn_2024,340,14,9.905132187528583,8.0,1.905132187528583
landshuter_allee,dlinear,autumn_2024,341,14,10.977037621307193,10.0,0.9770376213071934
landshuter_allee,dlinear,autumn_2024,342,14,13.664625470938777,14.0,0.3353745290612231
landshuter_allee,dlinear,autumn_2024,343,14,15.785205881187153,15.0,0.785205881187153
landshuter_allee,dlinear,autumn_2024,344,14,17.635989864065802,17.0,0.6359898640658024
landshuter_allee,dlinear,autumn_2024,345,14,18.28355151582386,17.0,1.2835515158238593
landshuter_allee,dlinear,autumn_2024,346,14,16.846470662554268,14.0,2.8464706625542675
landshuter_allee,dlinear,autumn_2024,347,14,15.174801675443582,11.0,4.174801675443582
landshuter_allee,dlinear,autumn_2024,348,14,13.335796158190545,8.0,5.335796158190545
landshuter_allee,dlinear,autumn_2024,349,14,11.980920737434662,8.0,3.980920737434662
landshuter_allee,dlinear,autumn_2024,350,14,11.206017514223781,7.0,4.206017514223781
landshuter_allee,dlinear,autumn_2024,351,14,10.71333471056145,8.0,2.7133347105614494
landshuter_allee,dlinear,autumn_2024,352,14,10.71983098452442,9.0,1.7198309845244193
landshuter_allee,dlinear,autumn_2024,353,14,11.290591148209991,10.0,1.290591148209991
landshuter_allee,dlinear,autumn_2024,354,14,11.055500231986697,9.0,2.055500231986697
landshuter_allee,dlinear,autumn_2024,355,14,10.668163282802649,8.0,2.6681632828026487
landshuter_allee,dlinear,autumn_2024,356,14,10.044895132969657,8.0,2.044895132969657
landshuter_allee,dlinear,autumn_2024,357,14,9.01660458859839,7.0,2.0166045885983905
landshuter_allee,dlinear,autumn_2024,358,14,8.335353337468902,7.0,1.3353533374689022
landshuter_allee,dlinear,autumn_2024,359,14,7.99792980883111,8.0,0.0020701911688902896
landshuter_allee,dlinear,autumn_2024,360,15,7.799062791166711,8.0,0.20093720883328903
landshuter_allee,dlinear,autumn_2024,361,15,7.200913097894864,7.0,0.20091309789486367
landshuter_allee,dlinear,autumn_2024,362,15,6.468488969972381,6.0,0.4684889699723813
landshuter_allee,dlinear,autumn_2024,363,15,5.8936633871885356,5.0,0.8936633871885356
landshuter_allee,dlinear,autumn_2024,364,15,5.9819324883927605,5.0,0.9819324883927605
landshuter_allee,dlinear,autumn_2024,365,15,6.303865578764645,6.0,0.30386557876464515
landshuter_allee,dlinear,autumn_2024,366,15,6.6383754708751,6.0,0.6383754708750997
landshuter_allee,dlinear,autumn_2024,367,15,6.782094522389629,6.0,0.7820945223896292
landshuter_allee,dlinear,autumn_2024,368,15,6.766301541803818,5.0,1.7663015418038182
landshuter_allee,dlinear,autumn_2024,369,15,6.399469887880421,5.0,1.3994698878804206
landshuter_allee,dlinear,autumn_2024,370,15,6.093639207671965,4.0,2.0936392076719654
landshuter_allee,dlinear,autumn_2024,371,15,5.933822461964781,5.0,0.9338224619647812
landshuter_allee,dlinear,autumn_2024,372,15,5.571545600137921,5.0,0.5715456001379211
landshuter_allee,dlinear,autumn_2024,373,15,5.747652001055936,5.0,0.7476520010559362
landshuter_allee,dlinear,autumn_2024,374,15,5.817738753110111,5.0,0.8177387531101106
landshuter_allee,dlinear,autumn_2024,375,15,6.258907614814748,5.0,1.2589076148147482
landshuter_allee,dlinear,autumn_2024,376,15,6.475046545568186,5.0,1.475046545568186
landshuter_allee,dlinear,autumn_2024,377,15,7.118260936665296,6.0,1.1182609366652958
landshuter_allee,dlinear,autumn_2024,378,15,8.23168167064701,7.0,1.23168167064701
landshuter_allee,dlinear,autumn_2024,379,15,8.774406475989055,8.0,0.7744064759890552
landshuter_allee,dlinear,autumn_2024,380,15,8.799667412914722,8.0,0.7996674129147223
landshuter_allee,dlinear,autumn_2024,381,15,8.848006009589897,8.0,0.8480060095898967
landshuter_allee,dlinear,autumn_2024,382,15,8.891472534016732,8.0,0.8914725340167315
landshuter_allee,dlinear,autumn_2024,383,15,8.944821896692657,8.0,0.9448218966926571
landshuter_allee,dlinear,autumn_2024,384,16,8.795333944502758,8.0,0.7953339445027581
landshuter_allee,dlinear,autumn_2024,385,16,9.092156339405353,8.0,1.0921563394053528
landshuter_allee,dlinear,autumn_2024,386,16,9.408190545469468,8.0,1.408190545469468
landshuter_allee,dlinear,autumn_2024,387,16,9.423093867280734,8.0,1.423093867280734
landshuter_allee,dlinear,autumn_2024,388,16,9.337268875719952,8.0,1.3372688757199516
landshuter_allee,dlinear,autumn_2024,389,16,9.613097425649167,8.0,1.6130974256491672
landshuter_allee,dlinear,autumn_2024,390,16,10.781504803194977,10.0,0.7815048031949772
landshuter_allee,dlinear,autumn_2024,391,16,12.21442318420888,11.0,1.2144231842088793
landshuter_allee,dlinear,autumn_2024,392,16,13.292022291705766,12.0,1.2920222917057664
landshuter_allee,dlinear,autumn_2024,393,16,13.882318608511198,13.0,0.8823186085111985
landshuter_allee,dlinear,autumn_2024,394,16,13.911433100583363,12.0,1.9114331005833627
landshuter_allee,dlinear,autumn_2024,395,16,13.315784578344603,11.0,2.315784578344603
landshuter_allee,dlinear,autumn_2024,396,16,11.988298251001657,9.0,2.988298251001657
landshuter_allee,dlinear,autumn_2024,397,16,10.026912847010863,7.0,3.0269128470108626
landshuter_allee,dlinear,autumn_2024,398,16,9.616045268339313,7.0,2.616045268339313
landshuter_allee,dlinear,autumn_2024,399,16,10.028307029995057,8.0,2.028307029995057
landshuter_allee,dlinear,autumn_2024,400,16,10.737189757302588,8.0,2.7371897573025876
landshuter_allee,dlinear,autumn_2024,401,16,12.224566116661887,9.0,3.2245661166618866
landshuter_allee,dlinear,autumn_2024,402,16,13.24088515224487,10.0,3.2408851522448696
landshuter_allee,dlinear,autumn_2024,403,16,13.76160027198457,11.0,2.7616002719845696
landshuter_allee,dlinear,autumn_2024,404,16,13.78134533359539,11.0,2.7813453335953895
landshuter_allee,dlinear,autumn_2024,405,16,13.27269886435888,11.0,2.2726988643588797
landshuter_allee,dlinear,autumn_2024,406,16,12.639340338042036,11.0,1.639340338042036
landshuter_allee,dlinear,autumn_2024,407,16,11.929312046817095,10.0,1.9293120468170954
landshuter_allee,dlinear,autumn_2024,408,17,11.954689962517765,10.0,1.9546899625177652
landshuter_allee,dlinear,autumn_2024,409,17,12.47503584744386,11.0,1.4750358474438592
landshuter_allee,dlinear,autumn_2024,410,17,13.13720145997771,12.0,1.1372014599777103
landshuter_allee,dlinear,autumn_2024,411,17,13.597980718304068,12.0,1.5979807183040684
landshuter_allee,dlinear,autumn_2024,412,17,13.877225397117153,12.0,1.8772253971171526
landshuter_allee,dlinear,autumn_2024,413,17,14.194953681685414,12.0,2.194953681685414
landshuter_allee,dlinear,autumn_2024,414,17,14.996998880976319,11.0,3.996998880976319
landshuter_allee,dlinear,autumn_2024,415,17,15.189362075466587,11.0,4.189362075466587
landshuter_allee,dlinear,autumn_2024,416,17,15.729343524193,12.0,3.729343524193
landshuter_allee,dlinear,autumn_2024,417,17,16.124823827045258,13.0,3.124823827045258
landshuter_allee,dlinear,autumn_2024,418,17,16.329558644734256,15.0,1.3295586447342558
landshuter_allee,dlinear,autumn_2024,419,17,16.776422082122064,16.0,0.776422082122064
landshuter_allee,dlinear,autumn_2024,420,17,17.760677630699494,17.0,0.7606776306994938
landshuter_allee,dlinear,autumn_2024,421,17,18.466681119780013,16.0,2.466681119780013
landshuter_allee,dlinear,autumn_2024,422,17,18.14524448463009,13.0,5.145244484630091
landshuter_allee,dlinear,autumn_2024,423,17,18.57010017937857,14.0,4.570100179378571
landshuter_allee,dlinear,autumn_2024,424,17,20.74019413105622,18.0,2.740194131056221
landshuter_allee,dlinear,autumn_2024,425,17,23.86313686361843,22.0,1.8631368636184291
landshuter_allee,dlinear,autumn_2024,426,17,25.58691782685337,22.0,3.5869178268533695
landshuter_allee,dlinear,autumn_2024,427,17,25.478963904797578,21.0,4.4789639047975776
landshuter_allee,dlinear,autumn_2024,428,17,24.044004564167246,21.0,3.0440045641672455
landshuter_allee,dlinear,autumn_2024,429,17,22.06438569169542,22.0,0.06438569169542063
landshuter_allee,dlinear,autumn_2024,430,17,18.95708625547528,17.0,1.9570862554752786
landshuter_allee,dlinear,autumn_2024,431,17,16.217812097883602,16.0,0.217812097883602
landshuter_allee,dlinear,autumn_2024,432,18,13.280427973531209,12.0,1.280427973531209
landshuter_allee,dlinear,autumn_2024,433,18,10.899127783861344,8.0,2.899127783861344
landshuter_allee,dlinear,autumn_2024,434,18,8.47136012212801,6.0,2.4713601221280097
landshuter_allee,dlinear,autumn_2024,435,18,7.178201266139496,6.0,1.1782012661394958
landshuter_allee,dlinear,autumn_2024,436,18,6.476109229584204,5.0,1.4761092295842042
landshuter_allee,dlinear,autumn_2024,437,18,6.285886913339313,5.0,1.2858869133393132
landshuter_allee,dlinear,autumn_2024,438,18,6.418094468228702,5.0,1.418094468228702
landshuter_allee,dlinear,autumn_2024,439,18,6.740133937187213,5.0,1.7401339371872133
landshuter_allee,dlinear,autumn_2024,440,18,6.806155657515091,5.0,1.8061556575150908
landshuter_allee,dlinear,autumn_2024,441,18,5.979553943043948,5.0,0.9795539430439479
landshuter_allee,dlinear,autumn_2024,442,18,5.464123337365469,6.0,0.5358766626345313
landshuter_allee,dlinear,autumn_2024,443,18,5.509881367520167,7.0,1.4901186324798328
landshuter_allee,dlinear,autumn_2024,444,18,5.7888461873177555,7.0,1.2111538126822445
landshuter_allee,dlinear,autumn_2024,445,18,6.246958621625786,6.0,0.24695862162578575
landshuter_allee,dlinear,autumn_2024,446,18,7.621491051840863,8.0,0.37850894815913705
landshuter_allee,dlinear,autumn_2024,447,18,10.254991192634435,12.0,1.745008807365565
landshuter_allee,dlinear,autumn_2024,448,18,12.921361416185881,14.0,1.0786385838141186
landshuter_allee,dlinear,autumn_2024,449,18,14.48691755758687,14.0,0.48691755758686917
landshuter_allee,dlinear,autumn_2024,450,18,16.102689192241243,15.0,1.1026891922412432
landshuter_allee,dlinear,autumn_2024,451,18,17.19683725853724,15.0,2.19683725853724
landshuter_allee,dlinear,autumn_2024,452,18,17.525125789399738,15.0,2.5251257893997376
landshuter_allee,dlinear,autumn_2024,453,18,17.72022378355915,15.0,2.720223783559149
landshuter_allee,dlinear,autumn_2024,454,18,18.36046821240157,17.0,1.360468212401571
landshuter_allee,dlinear,autumn_2024,455,18,18.232087005553524,16.0,2.232087005553524
landshuter_allee,dlinear,autumn_2024,456,19,17.9062308367858,18.0,0.09376916321420126
landshuter_allee,dlinear,autumn_2024,457,19,18.09875861826257,20.0,1.9012413817374316
landshuter_allee,dlinear,autumn_2024,458,19,17.93299279392283,19.0,1.0670072060771716
landshuter_allee,dlinear,autumn_2024,459,19,17.994024018346956,20.0,2.0059759816530445
landshuter_allee,dlinear,autumn_2024,460,19,18.608143278348535,21.0,2.3918567216514646
landshuter_allee,dlinear,autumn_2024,461,19,19.14159675518406,22.0,2.858403244815939
landshuter_allee,dlinear,autumn_2024,462,19,18.837122590767137,19.0,0.16287740923286265
landshuter_allee,dlinear,autumn_2024,463,19,18.386941771230795,18.0,0.386941771230795
landshuter_allee,dlinear,autumn_2024,464,19,17.78485472481995,16.0,1.7848547248199509
landshuter_allee,dlinear,autumn_2024,465,19,16.321938584667137,12.0,4.321938584667137
landshuter_allee,dlinear,autumn_2024,466,19,14.600610384018278,10.0,4.600610384018278
landshuter_allee,dlinear,autumn_2024,467,19,12.580089121353824,8.0,4.580089121353824
landshuter_allee,dlinear,autumn_2024,468,19,10.755564851374125,8.0,2.7555648513741247
landshuter_allee,dlinear,autumn_2024,469,19,9.584896104494108,7.0,2.584896104494108
landshuter_allee,dlinear,autumn_2024,470,19,9.604582232345647,8.0,1.6045822323456473
landshuter_allee,dlinear,autumn_2024,471,19,9.58688555256421,8.0,1.58688555256421
landshuter_allee,dlinear,autumn_2024,472,19,9.7093196650019,8.0,1.7093196650018996
landshuter_allee,dlinear,autumn_2024,473,19,10.079044079810641,9.0,1.0790440798106413
landshuter_allee,dlinear,autumn_2024,474,19,10.666533299448151,9.0,1.666533299448151
landshuter_allee,dlinear,autumn_2024,475,19,10.754503361196793,8.0,2.754503361196793
landshuter_allee,dlinear,autumn_2024,476,19,11.254148797956631,12.0,0.7458512020433687
landshuter_allee,dlinear,autumn_2024,477,19,11.134120178261913,11.0,0.13412017826191303
landshuter_allee,dlinear,autumn_2024,478,19,11.029752201769949,12.0,0.9702477982300515
landshuter_allee,dlinear,autumn_2024,479,19,11.13209919121216,12.0,0.8679008087878408
landshuter_allee,dlinear,autumn_2024,480,20,10.792130939390267,11.0,0.20786906060973287
landshuter_allee,dlinear,autumn_2024,481,20,9.613204181867376,9.0,0.6132041818673759
landshuter_allee,dlinear,autumn_2024,482,20,7.947274636601628,6.0,1.9472746366016276
landshuter_allee,dlinear,autumn_2024,483,20,6.602318423007568,4.0,2.602318423007568
landshuter_allee,dlinear,autumn_2024,484,20,5.767484277846552,4.0,1.7674842778465516
landshuter_allee,dlinear,autumn_2024,485,20,5.312797445918288,4.0,1.3127974459182878
landshuter_allee,dlinear,autumn_2024,486,20,5.361159379233371,4.0,1.3611593792333707
landshuter_allee,dlinear,autumn_2024,487,20,5.572550742801781,4.0,1.5725507428017806
landshuter_allee,dlinear,autumn_2024,488,20,5.648371414763313,5.0,0.6483714147633126
landshuter_allee,dlinear,autumn_2024,489,20,5.3644886476005365,6.0,0.6355113523994635
landshuter_allee,dlinear,autumn_2024,490,20,5.714039610880196,8.0,2.285960389119804
landshuter_allee,dlinear,autumn_2024,491,20,6.337101723050532,8.0,1.662898276949468
landshuter_allee,dlinear,autumn_2024,492,20,7.416744336918624,9.0,1.5832556630813759
landshuter_allee,dlinear,autumn_2024,493,20,9.03189959190213,11.0,1.96810040809787
landshuter_allee,dlinear,autumn_2024,494,20,10.400806699207097,12.0,1.5991933007929031
landshuter_allee,dlinear,autumn_2024,495,20,12.702655163000728,13.0,0.2973448369992724
landshuter_allee,dlinear,autumn_2024,496,20,14.739811936051463,13.0,1.7398119360514634
landshuter_allee,dlinear,autumn_2024,497,20,18.053445207296605,16.0,2.0534452072966047
landshuter_allee,dlinear,autumn_2024,498,20,20.874134375611092,18.0,2.874134375611092
landshuter_allee,dlinear,autumn_2024,499,20,22.846428870714874,21.0,1.846428870714874
landshuter_allee,dlinear,autumn_2024,500,20,23.236149265308818,22.0,1.2361492653088177
landshuter_allee,dlinear,autumn_2024,501,20,22.299108496535872,20.0,2.2991084965358723
landshuter_allee,dlinear,autumn_2024,502,20,20.261852098191454,19.0,1.2618520981914543
landshuter_allee,dlinear,autumn_2024,503,20,17.866465496640295,16.0,1.866465496640295
landshuter_allee,dlinear,autumn_2024,504,21,14.25380306823255,12.0,2.25380306823255
landshuter_allee,dlinear,autumn_2024,505,21,10.509067555471148,9.0,1.5090675554711481
landshuter_allee,dlinear,autumn_2024,506,21,8.108243900018318,6.0,2.1082439000183175
landshuter_allee,dlinear,autumn_2024,507,21,6.781404007531908,6.0,0.7814040075319078
landshuter_allee,dlinear,autumn_2024,508,21,6.171931645824336,5.0,1.171931645824336
landshuter_allee,dlinear,autumn_2024,509,21,5.992634010473286,5.0,0.992634010473286
landshuter_allee,dlinear,autumn_2024,510,21,5.591861082011009,5.0,0.5918610820110093
landshuter_allee,dlinear,autumn_2024,511,21,5.409110857673163,6.0,0.5908891423268372
landshuter_allee,dlinear,autumn_2024,512,21,5.534334585446574,6.0,0.4656654145534258
landshuter_allee,dlinear,autumn_2024,513,21,5.615374702175577,7.0,1.3846252978244227
landshuter_allee,dlinear,autumn_2024,514,21,5.695328231906204,7.0,1.3046717680937956
landshuter_allee,dlinear,autumn_2024,515,21,6.048501214217648,6.0,0.04850121421764797
landshuter_allee,dlinear,autumn_2024,516,21,6.297186532968894,7.0,0.7028134670311061
landshuter_allee,dlinear,autumn_2024,517,21,6.696439683928068,8.0,1.3035603160719322
landshuter_allee,dlinear,autumn_2024,518,21,6.924958069430243,7.0,0.07504193056975694
landshuter_allee,dlinear,autumn_2024,519,21,7.76257170681293,7.0,0.7625717068129303
landshuter_allee,dlinear,autumn_2024,520,21,8.558804696179608,8.0,0.5588046961796085
landshuter_allee,dlinear,autumn_2024,521,21,9.893487870415855,10.0,0.10651212958414469
landshuter_allee,dlinear,autumn_2024,522,21,10.433789579795036,9.0,1.433789579795036
landshuter_allee,dlinear,autumn_2024,523,21,10.45827250219609,9.0,1.45827250219609
landshuter_allee,dlinear,autumn_2024,524,21,10.927719713408175,11.0,0.07228028659182506
landshuter_allee,dlinear,autumn_2024,525,21,11.23798620512093,11.0,0.23798620512092938
landshuter_allee,dlinear,autumn_2024,526,21,11.171600423699235,11.0,0.17160042369923545
landshuter_allee,dlinear,autumn_2024,527,21,11.022531605138397,11.0,0.022531605138397026
landshuter_allee,dlinear,autumn_2024,528,22,10.677032821578463,11.0,0.3229671784215373
landshuter_allee,dlinear,autumn_2024,529,22,10.408252845364872,12.0,1.5917471546351276
landshuter_allee,dlinear,autumn_2024,530,22,10.463774589752987,12.0,1.5362254102470132
landshuter_allee,dlinear,autumn_2024,531,22,10.909241223029085,13.0,2.0907587769709153
landshuter_allee,dlinear,autumn_2024,532,22,10.727194669200088,12.0,1.2728053307999119
landshuter_allee,dlinear,autumn_2024,533,22,10.340928019077847,10.0,0.34092801907784676
landshuter_allee,dlinear,autumn_2024,534,22,10.225579180671431,10.0,0.22557918067143135
landshuter_allee,dlinear,autumn_2024,535,22,9.478306548049737,7.0,2.478306548049737
landshuter_allee,dlinear,autumn_2024,536,22,8.994986738449002,7.0,1.9949867384490023
landshuter_allee,dlinear,autumn_2024,537,22,8.785267178171006,7.0,1.785267178171006
landshuter_allee,dlinear,autumn_2024,538,22,9.26063541461222,7.0,2.2606354146122207
landshuter_allee,dlinear,autumn_2024,539,22,9.70118886825907,7.0,2.70118886825907
landshuter_allee,dlinear,autumn_2024,540,22,10.31882797007615,8.0,2.31882797007615
landshuter_allee,dlinear,autumn_2024,541,22,10.783540442678277,9.0,1.7835404426782766
landshuter_allee,dlinear,autumn_2024,542,22,11.005423719879804,8.0,3.005423719879804
landshuter_allee,dlinear,autumn_2024,543,22,10.096608781236027,5.0,5.096608781236027
landshuter_allee,dlinear,autumn_2024,544,22,9.115532085469123,5.0,4.115532085469123
landshuter_allee,dlinear,autumn_2024,545,22,8.075155272249408,5.0,3.0751552722494075
landshuter_allee,dlinear,autumn_2024,546,22,7.515438593463705,5.0,2.5154385934637054
landshuter_allee,dlinear,autumn_2024,547,22,7.429835731528832,6.0,1.429835731528832
landshuter_allee,dlinear,autumn_2024,548,22,7.245363422874544,7.0,0.2453634228745436
landshuter_allee,dlinear,autumn_2024,549,22,6.063243281733763,5.0,1.0632432817337634
landshuter_allee,dlinear,autumn_2024,550,22,4.930199719307199,4.0,0.9301997193071987
landshuter_allee,dlinear,autumn_2024,551,22,4.237163721321661,4.0,0.23716372132166086
landshuter_allee,dlinear,autumn_2024,552,23,4.108317509504908,4.0,0.10831750950490804
landshuter_allee,dlinear,autumn_2024,553,23,4.300563618607387,4.0,0.300563618607387
landshuter_allee,dlinear,autumn_2024,554,23,4.65240418355408,4.0,0.6524041835540801
landshuter_allee,dlinear,autumn_2024,555,23,5.829081625093092,5.0,0.8290816250930924
landshuter_allee,dlinear,autumn_2024,556,23,7.28894271316952,7.0,0.28894271316952036
landshuter_allee,dlinear,autumn_2024,557,23,7.9411946299151985,6.0,1.9411946299151985
landshuter_allee,dlinear,autumn_2024,558,23,7.289649757265976,4.0,3.289649757265976
landshuter_allee,dlinear,autumn_2024,559,23,6.735692454268404,4.0,2.7356924542684036
landshuter_allee,dlinear,autumn_2024,560,23,6.056964823360441,3.0,3.056964823360441
landshuter_allee,dlinear,autumn_2024,561,23,5.229330296088037,4.0,1.2293302960880368
landshuter_allee,dlinear,autumn_2024,562,23,4.1845472686786715,2.0,2.1845472686786715
landshuter_allee,dlinear,autumn_2024,563,23,3.969453194837032,3.0,0.969453194837032
landshuter_allee,dlinear,autumn_2024,564,23,4.093136763334763,3.0,1.0931367633347628
landshuter_allee,dlinear,autumn_2024,565,23,4.058958206794998,3.0,1.0589582067949976
landshuter_allee,dlinear,autumn_2024,566,23,4.348218440223855,5.0,0.6517815597761452
landshuter_allee,dlinear,autumn_2024,567,23,4.880752033972895,5.0,0.11924796602710508
landshuter_allee,dlinear,autumn_2024,568,23,5.359668320815368,6.0,0.6403316791846319
landshuter_allee,dlinear,autumn_2024,569,23,5.508303925273635,6.0,0.4916960747263648
landshuter_allee,dlinear,autumn_2024,570,23,5.630385395654521,6.0,0.3696146043454789
landshuter_allee,dlinear,autumn_2024,571,23,6.213686805896975,6.0,0.21368680589697497
landshuter_allee,dlinear,autumn_2024,572,23,7.09307776157096,8.0,0.9069222384290399
landshuter_allee,dlinear,autumn_2024,573,23,8.01547899275484,10.0,1.98452100724516
landshuter_allee,dlinear,autumn_2024,574,23,8.075917396537676,8.0,0.07591739653767604
landshuter_allee,dlinear,autumn_2024,575,23,7.6058844698695225,7.0,0.6058844698695225
landshuter_allee,dlinear,autumn_2024,576,24,7.88804103712833,8.0,0.11195896287166995
landshuter_allee,dlinear,autumn_2024,577,24,8.111612090603609,9.0,0.8883879093963909
landshuter_allee,dlinear,autumn_2024,578,24,8.100241624916212,8.0,0.10024162491621169
landshuter_allee,dlinear,autumn_2024,579,24,7.588790763629325,6.0,1.5887907636293246
landshuter_allee,dlinear,autumn_2024,580,24,7.45074292870358,6.0,1.4507429287035798
landshuter_allee,dlinear,autumn_2024,581,24,7.809148834758435,7.0,0.8091488347584352
landshuter_allee,dlinear,autumn_2024,582,24,7.924076058673578,7.0,0.9240760586735783
landshuter_allee,dlinear,autumn_2024,583,24,7.6501784884494475,7.0,0.6501784884494475
landshuter_allee,dlinear,autumn_2024,584,24,6.9769531980450825,6.0,0.9769531980450825
landshuter_allee,dlinear,autumn_2024,585,24,6.463746930942851,5.0,1.4637469309428512
landshuter_allee,dlinear,autumn_2024,586,24,6.6310230404382695,6.0,0.6310230404382695
landshuter_allee,dlinear,autumn_2024,587,24,6.981140207915983,6.0,0.981140207915983
landshuter_allee,dlinear,autumn_2024,588,24,7.552166042256941,8.0,0.44783395774305923
landshuter_allee,dlinear,autumn_2024,589,24,7.4869717714516995,8.0,0.5130282285483005
landshuter_allee,dlinear,autumn_2024,590,24,7.8066265462796265,8.0,0.1933734537203735
landshuter_allee,dlinear,autumn_2024,591,24,7.736308772232141,6.0,1.7363087722321406
landshuter_allee,dlinear,autumn_2024,592,24,7.848413019820762,7.0,0.8484130198207618
landshuter_allee,dlinear,autumn_2024,593,24,8.4638061077401,8.0,0.46380610774009945
landshuter_allee,dlinear,autumn_2024,594,24,8.550062231821407,7.0,1.550062231821407
landshuter_allee,dlinear,autumn_2024,595,24,9.111895317918725,7.0,2.1118953179187248
landshuter_allee,dlinear,autumn_2024,596,24,10.359192519788031,11.0,0.6408074802119685
landshuter_allee,dlinear,autumn_2024,597,24,12.150729888157286,14.0,1.8492701118427135
landshuter_allee,dlinear,autumn_2024,598,24,14.604959359222175,17.0,2.3950406407778253
landshuter_allee,dlinear,autumn_2024,599,24,16.21802026132781,17.0,0.7819797386721916
landshuter_allee,dlinear,autumn_2024,600,25,16.590569987777705,18.0,1.4094300122222947
landshuter_allee,dlinear,autumn_2024,601,25,15.57857770536901,16.0,0.42142229463098957
landshuter_allee,dlinear,autumn_2024,602,25,13.880002392269962,13.0,0.8800023922699616
landshuter_allee,dlinear,autumn_2024,603,25,12.423204109031918,11.0,1.4232041090319179
landshuter_allee,dlinear,autumn_2024,604,25,11.042584987686121,10.0,1.042584987686121
landshuter_allee,dlinear,autumn_2024,605,25,9.82799794568108,9.0,0.82799794568108
landshuter_allee,dlinear,autumn_2024,606,25,8.149407450432554,7.0,1.1494074504325535
landshuter_allee,dlinear,autumn_2024,607,25,6.938132418822059,5.0,1.9381324188220592
landshuter_allee,dlinear,autumn_2024,608,25,5.862095692808827,4.0,1.8620956928088273
landshuter_allee,dlinear,autumn_2024,609,25,5.428973513862616,5.0,0.4289735138626156
landshuter_allee,dlinear,autumn_2024,610,25,5.324445581611815,5.0,0.3244455816118146
landshuter_allee,dlinear,autumn_2024,611,25,5.569576200026303,6.0,0.4304237999736973
landshuter_allee,dlinear,autumn_2024,612,25,6.606885537803534,7.0,0.39311446219646573
landshuter_allee,dlinear,autumn_2024,613,25,8.073043571229444,10.0,1.9269564287705556
landshuter_allee,dlinear,autumn_2024,614,25,9.820994424969145,12.0,2.179005575030855
landshuter_allee,dlinear,autumn_2024,615,25,12.203851495330522,15.0,2.7961485046694783
landshuter_allee,dlinear,autumn_2024,616,25,14.165368986730996,16.0,1.8346310132690036
landshuter_allee,dlinear,autumn_2024,617,25,14.886251963229903,14.0,0.8862519632299026
landshuter_allee,dlinear,autumn_2024,618,25,15.160287253852752,14.0,1.1602872538527524
landshuter_allee,dlinear,autumn_2024,619,25,14.144164740493721,12.0,2.1441647404937214
landshuter_allee,dlinear,autumn_2024,620,25,13.41587193067024,12.0,1.4158719306702405
landshuter_allee,dlinear,autumn_2024,621,25,13.411058702377263,13.0,0.4110587023772627
landshuter_allee,dlinear,autumn_2024,622,25,13.383631294307932,13.0,0.3836312943079321
landshuter_allee,dlinear,autumn_2024,623,25,13.007725186729939,12.0,1.0077251867299388
landshuter_allee,dlinear,autumn_2024,624,26,12.700651824328581,11.0,1.700651824328581
landshuter_allee,dlinear,autumn_2024,625,26,12.372332406800629,11.0,1.3723324068006288
landshuter_allee,dlinear,autumn_2024,626,26,11.825518628145547,10.0,1.8255186281455469
landshuter_allee,dlinear,autumn_2024,627,26,11.177822696198147,10.0,1.177822696198147
landshuter_allee,dlinear,autumn_2024,628,26,10.231003952928102,9.0,1.231003952928102
landshuter_allee,dlinear,autumn_2024,629,26,9.088420636794087,8.0,1.088420636794087
landshuter_allee,dlinear,autumn_2024,630,26,8.607909269570213,9.0,0.39209073042978737
landshuter_allee,dlinear,autumn_2024,631,26,8.52780688550014,9.0,0.47219311449985923
landshuter_allee,dlinear,autumn_2024,632,26,7.44316694565761,6.0,1.4431669456576097
landshuter_allee,dlinear,autumn_2024,633,26,5.653060943623462,4.0,1.653060943623462
landshuter_allee,dlinear,autumn_2024,634,26,4.803247688922681,4.0,0.8032476889226814
landshuter_allee,dlinear,autumn_2024,635,26,5.538048444572697,4.0,1.5380484445726967
landshuter_allee,dlinear,autumn_2024,636,26,6.703661665824892,6.0,0.7036616658248924
landshuter_allee,dlinear,autumn_2024,637,26,7.991413554853248,9.0,1.0085864451467517
landshuter_allee,dlinear,autumn_2024,638,26,8.678876428003246,10.0,1.321123571996754
landshuter_allee,dlinear,autumn_2024,639,26,9.612639651210433,12.0,2.387360348789567
landshuter_allee,dlinear,autumn_2024,640,26,10.243137444910184,12.0,1.7568625550898158
landshuter_allee,dlinear,autumn_2024,641,26,11.572265152552852,13.0,1.427734847447148
landshuter_allee,dlinear,autumn_2024,642,26,12.251874532160391,14.0,1.7481254678396088
landshuter_allee,dlinear,autumn_2024,643,26,12.50732439242048,13.0,0.49267560757951934
landshuter_allee,dlinear,autumn_2024,644,26,12.261722807057595,12.0,0.26172280705759476
landshuter_allee,dlinear,autumn_2024,645,26,11.869359637861201,13.0,1.1306403621387986
landshuter_allee,dlinear,autumn_2024,646,26,11.364727288001,11.0,0.3647272880009993
landshuter_allee,dlinear,autumn_2024,647,26,10.336892394499717,8.0,2.336892394499717
landshuter_allee,dlinear,autumn_2024,648,27,9.989971212553618,7.0,2.989971212553618
landshuter_allee,dlinear,autumn_2024,649,27,9.67336997219821,7.0,2.673369972198209
landshuter_allee,dlinear,autumn_2024,650,27,10.006919589729723,8.0,2.0069195897297227
landshuter_allee,dlinear,autumn_2024,651,27,10.20090542955288,9.0,1.2009054295528792
landshuter_allee,dlinear,autumn_2024,652,27,9.042601711111176,7.0,2.0426017111111765
landshuter_allee,dlinear,autumn_2024,653,27,7.6672633679699445,6.0,1.6672633679699445
landshuter_allee,dlinear,autumn_2024,654,27,6.6757404050639035,6.0,0.6757404050639035
landshuter_allee,dlinear,autumn_2024,655,27,6.201191992495898,7.0,0.7988080075041024
landshuter_allee,dlinear,autumn_2024,656,27,6.477065617318834,7.0,0.5229343826811661
landshuter_allee,dlinear,autumn_2024,657,27,7.125499400765082,8.0,0.874500599234918
landshuter_allee,dlinear,autumn_2024,658,27,7.666887207091916,7.0,0.6668872070919161
landshuter_allee,dlinear,autumn_2024,659,27,8.351494883343372,8.0,0.3514948833433724
landshuter_allee,dlinear,autumn_2024,660,27,9.739877831229865,9.0,0.7398778312298653
landshuter_allee,dlinear,autumn_2024,661,27,11.539454777117509,10.5,1.039454777117509
landshuter_allee,dlinear,autumn_2024,662,27,12.811553863217293,12.0,0.8115538632172932
landshuter_allee,dlinear,autumn_2024,663,27,13.810614352484123,12.0,1.810614352484123
landshuter_allee,dlinear,autumn_2024,664,27,14.166451484223309,11.0,3.166451484223309
landshuter_allee,dlinear,autumn_2024,665,27,14.472156669606736,9.0,5.472156669606736
landshuter_allee,dlinear,autumn_2024,666,27,14.433888367270256,11.0,3.4338883672702565
landshuter_allee,dlinear,autumn_2024,667,27,13.486752897651069,11.0,2.486752897651069
landshuter_allee,dlinear,autumn_2024,668,27,11.60363261720616,8.0,3.6036326172061592
landshuter_allee,dlinear,autumn_2024,669,27,9.967120137811385,8.0,1.967120137811385
landshuter_allee,dlinear,autumn_2024,670,27,8.680117766269802,7.0,1.6801177662698024
landshuter_allee,dlinear,autumn_2024,671,27,7.843978551927703,8.0,0.15602144807229656
landshuter_allee,dlinear,autumn_2024,672,28,6.785616410615667,6.0,0.7856164106156669
landshuter_allee,dlinear,autumn_2024,673,28,6.075292757899769,5.0,1.0752927578997689
landshuter_allee,dlinear,autumn_2024,674,28,5.564203389091014,5.0,0.5642033890910136
landshuter_allee,dlinear,autumn_2024,675,28,5.0635078190765865,6.0,0.9364921809234135
landshuter_allee,dlinear,autumn_2024,676,28,4.694597103231924,5.0,0.30540289676807575
landshuter_allee,dlinear,autumn_2024,677,28,4.409171187313717,4.0,0.40917118731371716
landshuter_allee,dlinear,autumn_2024,678,28,4.520897345895146,4.0,0.520897345895146
landshuter_allee,dlinear,autumn_2024,679,28,5.143472969224378,6.0,0.8565270307756219
landshuter_allee,dlinear,autumn_2024,680,28,6.227319242350239,7.0,0.772680757649761
landshuter_allee,dlinear,autumn_2024,681,28,7.399905645466572,5.0,2.399905645466572
landshuter_allee,dlinear,autumn_2024,682,28,9.726076700476334,10.0,0.27392329952366623
landshuter_allee,dlinear,autumn_2024,683,28,12.933058567287047,16.0,3.0669414327129534
landshuter_allee,dlinear,autumn_2024,684,28,14.759648546142348,15.0,0.24035145385765233
landshuter_allee,dlinear,autumn_2024,685,28,15.098381232471569,13.0,2.098381232471569
landshuter_allee,dlinear,autumn_2024,686,28,15.83236746123774,15.0,0.8323674612377392
landshuter_allee,dlinear,autumn_2024,687,28,17.538625961567607,17.0,0.5386259615676074
landshuter_allee,dlinear,autumn_2024,688,28,19.579608754198446,18.0,1.5796087541984463
landshuter_allee,dlinear,autumn_2024,689,28,21.381642389436234,20.0,1.3816423894362337
landshuter_allee,dlinear,autumn_2024,690,28,23.042564015125095,24.0,0.9574359848749054
landshuter_allee,dlinear,autumn_2024,691,28,23.737256144666237,27.0,3.2627438553337633
landshuter_allee,dlinear,autumn_2024,692,28,21.80826892324646,23.0,1.1917310767535412
landshuter_allee,dlinear,autumn_2024,693,28,17.877922505818646,17.0,0.8779225058186455
landshuter_allee,dlinear,autumn_2024,694,28,13.789914160057258,13.0,0.7899141600572577
landshuter_allee,dlinear,autumn_2024,695,28,11.243622491701037,12.0,0.7563775082989626
landshuter_allee,dlinear,autumn_2024,696,29,9.513274440347342,12.0,2.4867255596526583
landshuter_allee,dlinear,autumn_2024,697,29,7.843961281643876,9.0,1.1560387183561236
landshuter_allee,dlinear,autumn_2024,698,29,7.363573703575559,10.0,2.6364262964244407
landshuter_allee,dlinear,autumn_2024,699,29,7.792781657990275,11.0,3.2072183420097247
landshuter_allee,dlinear,autumn_2024,700,29,8.064175821180005,11.0,2.9358241788199955
landshuter_allee,dlinear,autumn_2024,701,29,7.688458710516249,10.0,2.311541289483751
landshuter_allee,dlinear,autumn_2024,702,29,8.09792893914679,14.0,5.90207106085321
landshuter_allee,dlinear,autumn_2024,703,29,9.000436070300132,16.0,6.9995639296998675
landshuter_allee,dlinear,autumn_2024,704,29,10.2810206271638,16.0,5.7189793728362
landshuter_allee,dlinear,autumn_2024,705,29,13.165311458372747,15.0,1.8346885416272531
landshuter_allee,dlinear,autumn_2024,706,29,17.12612134167907,17.0,0.1261213416790703
landshuter_allee,dlinear,autumn_2024,707,29,19.913307120524056,18.0,1.9133071205240562
landshuter_allee,dlinear,autumn_2024,708,29,20.77226406842415,19.0,1.7722640684241497
landshuter_allee,dlinear,autumn_2024,709,29,20.448951924299667,17.0,3.448951924299667
landshuter_allee,dlinear,autumn_2024,710,29,18.846234721740714,14.0,4.846234721740714
landshuter_allee,dlinear,autumn_2024,711,29,16.981502931748004,13.0,3.981502931748004
landshuter_allee,dlinear,autumn_2024,712,29,17.564328641381344,15.0,2.564328641381344
landshuter_allee,dlinear,autumn_2024,713,29,20.033206980185646,19.0,1.0332069801856463
landshuter_allee,dlinear,autumn_2024,714,29,21.712365876070013,19.0,2.712365876070013
landshuter_allee,dlinear,autumn_2024,715,29,21.675396108670437,19.0,2.675396108670437
landshuter_allee,dlinear,autumn_2024,716,29,20.385689863519094,18.0,2.3856898635190937
landshuter_allee,dlinear,autumn_2024,717,29,19.64234959518673,20.0,0.3576504048132705
landshuter_allee,dlinear,autumn_2024,718,29,18.102437498078572,17.0,1.1024374980785723
landshuter_allee,dlinear,autumn_2024,719,29,15.836541313460202,15.0,0.8365413134602022
landshuter_allee,dlinear,autumn_2024,720,30,14.923107556571019,17.0,2.0768924434289815
landshuter_allee,dlinear,autumn_2024,721,30,16.28789847906215,23.0,6.71210152093785
landshuter_allee,dlinear,autumn_2024,722,30,17.142951844850977,23.0,5.857048155149023
landshuter_allee,dlinear,autumn_2024,723,30,15.728533457998829,18.0,2.2714665420011713
landshuter_allee,dlinear,autumn_2024,724,30,13.735777922653448,14.0,0.26422207734655245
landshuter_allee,dlinear,autumn_2024,725,30,11.555434237612438,11.0,0.5554342376124382
landshuter_allee,dlinear,autumn_2024,726,30,10.2799415950151,10.0,0.2799415950150994
landshuter_allee,dlinear,autumn_2024,727,30,10.118735407648435,10.0,0.11873540764843504
landshuter_allee,dlinear,autumn_2024,728,30,11.43472107444238,14.0,2.565278925557619
landshuter_allee,dlinear,autumn_2024,729,30,11.516693206810501,11.0,0.5166932068105012
landshuter_allee,dlinear,autumn_2024,730,30,11.088680438404685,10.75,0.3386804384046851
landshuter_allee,dlinear,autumn_2024,731,30,10.927511502871683,10.5,0.42751150287168294
landshuter_allee,dlinear,autumn_2024,732,30,11.204089098472549,10.25,0.954089098472549
landshuter_allee,dlinear,autumn_2024,733,30,11.075680758716762,10.0,1.0756807587167625
landshuter_allee,dlinear,autumn_2024,734,30,10.935323910742667,11.0,0.06467608925733259
landshuter_allee,dlinear,autumn_2024,735,30,11.10109860937396,11.0,0.10109860937395965
landshuter_allee,dlinear,autumn_2024,736,30,11.91493984124736,11.0,0.9149398412473602
landshuter_allee,dlinear,autumn_2024,737,30,12.566625025263424,11.0,1.5666250252634235
landshuter_allee,dlinear,autumn_2024,738,30,13.491312471329858,13.0,0.49131247132985756
landshuter_allee,dlinear,autumn_2024,739,30,14.56584167305146,14.0,0.5658416730514606
landshuter_allee,dlinear,autumn_2024,740,30,14.464025689639247,15.0,0.5359743103607535
landshuter_allee,dlinear,autumn_2024,741,30,13.854727016454401,15.0,1.145272983545599
landshuter_allee,dlinear,autumn_2024,742,30,13.282053602117724,16.0,2.717946397882276
landshuter_allee,dlinear,autumn_2024,743,30,12.83241794832773,16.0,3.1675820516722695
landshuter_allee,dlinear,autumn_2024,744,31,12.95607177891732,16.0,3.0439282210826804
landshuter_allee,dlinear,autumn_2024,745,31,13.132344508728792,16.0,2.867655491271208
landshuter_allee,dlinear,autumn_2024,746,31,12.059931349013564,13.0,0.9400686509864364
landshuter_allee,dlinear,autumn_2024,747,31,10.202936113168699,10.0,0.20293611316869864
landshuter_allee,dlinear,autumn_2024,748,31,8.748698622411613,11.0,2.251301377588387
landshuter_allee,dlinear,autumn_2024,749,31,8.306508433232816,12.0,3.693491566767184
landshuter_allee,dlinear,autumn_2024,750,31,8.139085529881658,11.0,2.8609144701183418
landshuter_allee,dlinear,autumn_2024,751,31,7.88353982713857,9.0,1.11646017286143
landshuter_allee,dlinear,autumn_2024,752,31,7.558533460912236,8.0,0.4414665390877639
landshuter_allee,dlinear,autumn_2024,753,31,7.380183570798573,8.0,0.6198164292014274
landshuter_allee,dlinear,autumn_2024,754,31,7.006160578016003,7.0,0.00616057801600256
landshuter_allee,dlinear,autumn_2024,755,31,6.160088865293096,5.0,1.1600888652930959
landshuter_allee,dlinear,autumn_2024,756,31,5.222439313484108,3.0,2.2224393134841076
landshuter_allee,dlinear,autumn_2024,757,31,4.514091457932899,4.0,0.5140914579328992
landshuter_allee,dlinear,autumn_2024,758,31,4.092473036287673,3.0,1.0924730362876733
landshuter_allee,dlinear,autumn_2024,759,31,4.562082689415305,4.0,0.5620826894153046
landshuter_allee,dlinear,autumn_2024,760,31,5.875032432457893,5.0,0.8750324324578926
landshuter_allee,dlinear,autumn_2024,761,31,10.026590839300793,20.0,9.973409160699207
landshuter_allee,dlinear,autumn_2024,762,31,11.74797321644943,12.0,0.2520267835505692
landshuter_allee,dlinear,autumn_2024,763,31,13.404139767589704,16.0,2.5958602324102955
landshuter_allee,dlinear,autumn_2024,764,31,15.966463916813797,17.0,1.0335360831862026
landshuter_allee,dlinear,autumn_2024,765,31,17.368521231389394,22.0,4.631478768610606
landshuter_allee,dlinear,autumn_2024,766,31,17.218851588328917,17.0,0.21885158832891705
landshuter_allee,dlinear,autumn_2024,767,31,14.892685513358922,10.0,4.892685513358922
landshuter_allee,dlinear,autumn_2024,768,32,12.588738762528873,8.0,4.588738762528873
landshuter_allee,dlinear,autumn_2024,769,32,10.98881348106899,7.0,3.9888134810689895
landshuter_allee,dlinear,autumn_2024,770,32,10.756419761367948,11.0,0.24358023863205247
landshuter_allee,dlinear,autumn_2024,771,32,10.763337326489555,11.0,0.23666267351044468
landshuter_allee,dlinear,autumn_2024,772,32,11.102842748393163,12.0,0.8971572516068367
landshuter_allee,dlinear,autumn_2024,773,32,11.339307428757536,11.0,0.33930742875753594
landshuter_allee,dlinear,autumn_2024,774,32,12.124139043080733,10.0,2.124139043080733
landshuter_allee,dlinear,autumn_2024,775,32,15.441456614893859,16.0,0.558543385106141
landshuter_allee,dlinear,autumn_2024,776,32,16.720440219595485,14.0,2.720440219595485
landshuter_allee,dlinear,autumn_2024,777,32,16.094092138364466,11.0,5.094092138364466
landshuter_allee,dlinear,autumn_2024,778,32,14.43982285933329,9.0,5.43982285933329
landshuter_allee,dlinear,autumn_2024,779,32,12.4535947296217,6.0,6.453594729621701
landshuter_allee,dlinear,autumn_2024,780,32,11.094684881085467,6.0,5.094684881085467
landshuter_allee,dlinear,autumn_2024,781,32,11.182405357782194,10.0,1.1824053577821942
landshuter_allee,dlinear,autumn_2024,782,32,11.113012549405916,9.0,2.1130125494059158
landshuter_allee,dlinear,autumn_2024,783,32,11.19226844616393,9.0,2.1922684461639292
landshuter_allee,dlinear,autumn_2024,784,32,11.270476476440159,9.0,2.270476476440159
landshuter_allee,dlinear,autumn_2024,785,32,11.137554606394794,8.0,3.1375546063947937
landshuter_allee,dlinear,autumn_2024,786,32,10.491948777433024,8.0,2.4919487774330236
landshuter_allee,dlinear,autumn_2024,787,32,10.857766618452327,8.0,2.8577666184523274
landshuter_allee,dlinear,autumn_2024,788,32,12.040725800290906,11.0,1.0407258002909057
landshuter_allee,dlinear,autumn_2024,789,32,11.223324125200183,9.0,2.2233241252001825
landshuter_allee,dlinear,autumn_2024,790,32,10.486143380563323,9.0,1.4861433805633233
landshuter_allee,dlinear,autumn_2024,791,32,10.751481981197903,9.0,1.7514819811979034
landshuter_allee,dlinear,autumn_2024,792,33,11.213051750934554,10.0,1.2130517509345538
landshuter_allee,dlinear,autumn_2024,793,33,11.450252167504278,11.0,0.4502521675042779
landshuter_allee,dlinear,autumn_2024,794,33,11.87204118604046,12.0,0.12795881395953934
landshuter_allee,dlinear,autumn_2024,795,33,12.472067072267826,12.0,0.4720670722678264
landshuter_allee,dlinear,autumn_2024,796,33,12.482080702502753,12.0,0.4820807025027527
landshuter_allee,dlinear,autumn_2024,797,33,12.03594897248269,11.0,1.0359489724826894
landshuter_allee,dlinear,autumn_2024,798,33,11.789540317715248,10.0,1.7895403177152485
landshuter_allee,dlinear,autumn_2024,799,33,11.522295586840826,10.0,1.5222955868408263
landshuter_allee,dlinear,autumn_2024,800,33,11.207019517636612,10.0,1.2070195176366116
landshuter_allee,dlinear,autumn_2024,801,33,11.428616290903657,11.0,0.4286162909036566
landshuter_allee,dlinear,autumn_2024,802,33,11.711813438888107,11.0,0.7118134388881074
landshuter_allee,dlinear,autumn_2024,803,33,11.961910322179328,11.0,0.9619103221793281
landshuter_allee,dlinear,autumn_2024,804,33,12.031985309033395,10.0,2.031985309033395
landshuter_allee,dlinear,autumn_2024,805,33,11.803498906430047,10.0,1.8034989064300468
landshuter_allee,dlinear,autumn_2024,806,33,11.254169332217094,9.0,2.254169332217094
landshuter_allee,dlinear,autumn_2024,807,33,10.663395561011843,8.0,2.6633955610118427
landshuter_allee,dlinear,autumn_2024,808,33,10.191756198922862,7.0,3.191756198922862
landshuter_allee,dlinear,autumn_2024,809,33,9.843190101626421,7.0,2.843190101626421
landshuter_allee,dlinear,autumn_2024,810,33,10.175743418454912,8.0,2.1757434184549123
landshuter_allee,dlinear,autumn_2024,811,33,10.53237923904174,8.0,2.53237923904174
landshuter_allee,dlinear,autumn_2024,812,33,10.960680097979456,9.0,1.9606800979794556
landshuter_allee,dlinear,autumn_2024,813,33,11.30069938796399,10.0,1.3006993879639897
landshuter_allee,dlinear,autumn_2024,814,33,11.303182501067306,10.0,1.3031825010673064
landshuter_allee,dlinear,autumn_2024,815,33,11.452285360646396,11.0,0.45228536064639613
landshuter_allee,dlinear,autumn_2024,816,34,11.841789049858264,10.0,1.8417890498582636
landshuter_allee,dlinear,autumn_2024,817,34,12.114839812241572,10.0,2.1148398122415717
landshuter_allee,dlinear,autumn_2024,818,34,12.219764223296753,10.0,2.219764223296753
landshuter_allee,dlinear,autumn_2024,819,34,12.29973745991381,10.0,2.2997374599138105
landshuter_allee,dlinear,autumn_2024,820,34,12.510583198715198,11.0,1.5105831987151976
landshuter_allee,dlinear,autumn_2024,821,34,12.35185799591795,11.0,1.3518579959179498
landshuter_allee,dlinear,autumn_2024,822,34,11.718450638491259,10.0,1.7184506384912588
landshuter_allee,dlinear,autumn_2024,823,34,11.778924452538385,11.0,0.7789244525383854
landshuter_allee,dlinear,autumn_2024,824,34,12.189297728744428,12.0,0.18929772874442818
landshuter_allee,dlinear,autumn_2024,825,34,12.067819322780288,11.0,1.067819322780288
landshuter_allee,dlinear,autumn_2024,826,34,12.03708356410982,11.0,1.0370835641098193
landshuter_allee,dlinear,autumn_2024,827,34,11.327579027231241,10.0,1.3275790272312413
landshuter_allee,dlinear,autumn_2024,828,34,10.367117709336771,8.0,2.367117709336771
landshuter_allee,dlinear,autumn_2024,829,34,9.414831275933889,7.0,2.4148312759338886
landshuter_allee,dlinear,autumn_2024,830,34,8.816617424986424,7.0,1.8166174249864238
landshuter_allee,dlinear,autumn_2024,831,34,9.918746641017606,9.0,0.9187466410176057
landshuter_allee,dlinear,autumn_2024,832,34,11.557903955973906,10.0,1.5579039559739059
landshuter_allee,dlinear,autumn_2024,833,34,12.738341984707594,10.0,2.738341984707594
landshuter_allee,dlinear,autumn_2024,834,34,13.230350811703632,12.0,1.230350811703632
landshuter_allee,dlinear,autumn_2024,835,34,12.819672757913999,13.0,0.18032724208600115
landshuter_allee,dlinear,autumn_2024,836,34,12.768117651713442,13.0,0.23188234828655752
landshuter_allee,dlinear,autumn_2024,837,34,12.751392713664249,13.0,0.24860728633575135
landshuter_allee,dlinear,autumn_2024,838,34,12.109967261095044,11.0,1.1099672610950435
landshuter_allee,dlinear,autumn_2024,839,34,11.857350882700958,12.0,0.14264911729904206
landshuter_allee,dlinear,autumn_2024,840,35,11.274544502560426,12.0,0.7254554974395742
landshuter_allee,dlinear,autumn_2024,841,35,11.35531052688253,12.0,0.6446894731174702
landshuter_allee,dlinear,autumn_2024,842,35,11.801152502598372,12.0,0.1988474974016281
landshuter_allee,dlinear,autumn_2024,843,35,11.383667713827865,13.0,1.6163322861721348
landshuter_allee,dlinear,autumn_2024,844,35,10.379387778197696,11.0,0.620612221802304
landshuter_allee,dlinear,autumn_2024,845,35,9.345752523442084,9.0,0.3457525234420835
landshuter_allee,dlinear,autumn_2024,846,35,8.335079136065117,7.0,1.3350791360651169
landshuter_allee,dlinear,autumn_2024,847,35,7.986598313917178,8.0,0.013401686082821662
landshuter_allee,dlinear,autumn_2024,848,35,8.096213127445893,9.0,0.9037868725541074
landshuter_allee,dlinear,autumn_2024,849,35,7.979839992720862,8.0,0.020160007279137915
landshuter_allee,dlinear,autumn_2024,850,35,7.9408346933768925,8.0,0.05916530662310748
landshuter_allee,dlinear,autumn_2024,851,35,8.236052076381123,8.0,0.2360520763811227
landshuter_allee,dlinear,autumn_2024,852,35,8.468851759305267,8.0,0.46885175930526657
landshuter_allee,dlinear,autumn_2024,853,35,9.524853846535123,10.0,0.4751461534648769
landshuter_allee,dlinear,autumn_2024,854,35,10.602678898758723,11.0,0.3973211012412765
landshuter_allee,dlinear,autumn_2024,855,35,11.350960278412455,10.0,1.3509602784124546
landshuter_allee,dlinear,autumn_2024,856,35,11.140900208934028,7.0,4.140900208934028
landshuter_allee,dlinear,autumn_2024,857,35,11.206184431043388,8.0,3.206184431043388
landshuter_allee,dlinear,autumn_2024,858,35,11.38471106797648,8.0,3.3847110679764807
landshuter_allee,dlinear,autumn_2024,859,35,12.345862937476141,10.0,2.3458629374761415
landshuter_allee,dlinear,autumn_2024,860,35,13.109768165907967,13.0,0.10976816590796723
landshuter_allee,dlinear,autumn_2024,861,35,12.716188125369706,14.0,1.2838118746302936
landshuter_allee,dlinear,autumn_2024,862,35,11.373063121970594,14.0,2.6269368780294062
landshuter_allee,dlinear,autumn_2024,863,35,10.182528548350685,13.0,2.8174714516493147
landshuter_allee,dlinear,autumn_2024,864,36,8.732709865750008,10.0,1.2672901342499916
landshuter_allee,dlinear,autumn_2024,865,36,7.379099779190174,8.0,0.6209002208098262
landshuter_allee,dlinear,autumn_2024,866,36,6.768753487387891,8.0,1.2312465126121088
landshuter_allee,dlinear,autumn_2024,867,36,6.762305601673901,9.0,2.2376943983260986
landshuter_allee,dlinear,autumn_2024,868,36,6.809112375682207,7.0,0.19088762431779305
landshuter_allee,dlinear,autumn_2024,869,36,7.082981189196113,9.0,1.9170188108038868
landshuter_allee,dlinear,autumn_2024,870,36,7.694181155949755,11.0,3.305818844050245
landshuter_allee,dlinear,autumn_2024,871,36,7.625685121806036,8.0,0.3743148781939638
landshuter_allee,dlinear,autumn_2024,872,36,8.642878214701982,11.0,2.357121785298018
landshuter_allee,dlinear,autumn_2024,873,36,10.257982995972917,12.0,1.7420170040270833
landshuter_allee,dlinear,autumn_2024,874,36,12.214792232618132,11.0,1.214792232618132
landshuter_allee,dlinear,autumn_2024,875,36,15.260393087821305,14.0,1.2603930878213045
landshuter_allee,dlinear,autumn_2024,876,36,16.553661628556764,12.0,4.553661628556764
landshuter_allee,dlinear,autumn_2024,877,36,17.82157411723452,14.0,3.821574117234519
landshuter_allee,dlinear,autumn_2024,878,36,18.294072318697744,14.0,4.294072318697744
landshuter_allee,dlinear,autumn_2024,879,36,18.279203868469388,14.0,4.279203868469388
landshuter_allee,dlinear,autumn_2024,880,36,17.996523813559502,14.0,3.9965238135595023
landshuter_allee,dlinear,autumn_2024,881,36,16.825222643702617,13.0,3.8252226437026167
landshuter_allee,dlinear,autumn_2024,882,36,16.09826459621941,15.0,1.0982645962194084
landshuter_allee,dlinear,autumn_2024,883,36,15.972528353766807,15.0,0.9725283537668066
landshuter_allee,dlinear,autumn_2024,884,36,15.131524322863655,12.0,3.1315243228636547
landshuter_allee,dlinear,autumn_2024,885,36,14.591089323732175,12.0,2.5910893237321755
landshuter_allee,dlinear,autumn_2024,886,36,14.304169485009709,13.0,1.3041694850097088
landshuter_allee,dlinear,autumn_2024,887,36,13.105667842914444,11.0,2.1056678429144444
landshuter_allee,dlinear,autumn_2024,888,37,11.776665586801593,10.0,1.7766655868015935
landshuter_allee,dlinear,autumn_2024,889,37,11.241276967802008,11.0,0.24127696780200836
landshuter_allee,dlinear,autumn_2024,890,37,10.402159232871174,8.0,2.402159232871174
landshuter_allee,dlinear,autumn_2024,891,37,9.622001018903624,8.0,1.6220010189036245
landshuter_allee,dlinear,autumn_2024,892,37,8.772309262629573,8.0,0.7723092626295731
landshuter_allee,dlinear,autumn_2024,893,37,8.128434797892993,7.0,1.128434797892993
landshuter_allee,dlinear,autumn_2024,894,37,7.886547138910673,6.0,1.8865471389106734
landshuter_allee,dlinear,autumn_2024,895,37,8.231914607441936,6.0,2.2319146074419365
landshuter_allee,dlinear,autumn_2024,896,37,8.222523923964003,6.0,2.222523923964003
landshuter_allee,dlinear,autumn_2024,897,37,8.070886204498919,6.0,2.070886204498919
landshuter_allee,dlinear,autumn_2024,898,37,8.011000195178871,6.0,2.0110001951788714
landshuter_allee,dlinear,autumn_2024,899,37,8.259354930897695,7.0,1.259354930897695
landshuter_allee,dlinear,autumn_2024,900,37,9.182935075642872,8.0,1.182935075642872
landshuter_allee,dlinear,autumn_2024,901,37,9.970207409117968,9.0,0.9702074091179682
landshuter_allee,dlinear,autumn_2024,902,37,10.071845037421637,8.0,2.071845037421637
landshuter_allee,dlinear,autumn_2024,903,37,9.797897629896148,8.0,1.7978976298961484
landshuter_allee,dlinear,autumn_2024,904,37,9.412105994822692,7.0,2.412105994822692
landshuter_allee,dlinear,autumn_2024,905,37,8.959586625616806,7.0,1.9595866256168062
landshuter_allee,dlinear,autumn_2024,906,37,8.565165430778746,7.0,1.5651654307787464
landshuter_allee,dlinear,autumn_2024,907,37,8.359259732739227,8.0,0.3592597327392273
landshuter_allee,dlinear,autumn_2024,908,37,8.243198620626512,8.0,0.24319862062651154
landshuter_allee,dlinear,autumn_2024,909,37,7.526326614124953,6.0,1.5263266141249527
landshuter_allee,dlinear,autumn_2024,910,37,6.9058549142371035,6.0,0.9058549142371035
landshuter_allee,dlinear,autumn_2024,911,37,6.015619195081938,5.0,1.0156191950819382
landshuter_allee,dlinear,autumn_2024,912,38,5.555404611902817,6.0,0.44459538809718335
landshuter_allee,dlinear,autumn_2024,913,38,5.117536080406304,7.0,1.8824639195936959
landshuter_allee,dlinear,autumn_2024,914,38,5.099412990986419,7.0,1.9005870090135808
landshuter_allee,dlinear,autumn_2024,915,38,5.034521166812683,5.0,0.03452116681268258
landshuter_allee,dlinear,autumn_2024,916,38,5.251847133394436,6.0,0.7481528666055643
landshuter_allee,dlinear,autumn_2024,917,38,5.346395315665189,5.0,0.34639531566518933
landshuter_allee,dlinear,autumn_2024,918,38,5.628167279920596,6.0,0.3718327200794036
landshuter_allee,dlinear,autumn_2024,919,38,5.975813599545638,6.0,0.024186400454362378
landshuter_allee,dlinear,autumn_2024,920,38,6.146160805907709,6.0,0.14616080590770864
landshuter_allee,dlinear,autumn_2024,921,38,6.0693500650755166,6.0,0.06935006507551655
landshuter_allee,dlinear,autumn_2024,922,38,5.715326173466023,5.0,0.715326173466023
landshuter_allee,dlinear,autumn_2024,923,38,5.014126016197079,3.0,2.0141260161970793
landshuter_allee,dlinear,autumn_2024,924,38,4.79067321215675,3.0,1.79067321215675
landshuter_allee,dlinear,autumn_2024,925,38,5.181414297642578,4.0,1.1814142976425783
landshuter_allee,dlinear,autumn_2024,926,38,5.643926613702343,5.0,0.6439266137023427
landshuter_allee,dlinear,autumn_2024,927,38,5.8671457405892085,5.0,0.8671457405892085
landshuter_allee,dlinear,autumn_2024,928,38,5.967077664856811,4.0,1.9670776648568111
landshuter_allee,dlinear,autumn_2024,929,38,6.0231855383956265,4.0,2.0231855383956265
landshuter_allee,dlinear,autumn_2024,930,38,5.920915637648574,4.0,1.9209156376485739
landshuter_allee,dlinear,autumn_2024,931,38,6.330199222922287,7.0,0.6698007770777128
landshuter_allee,dlinear,autumn_2024,932,38,7.0104026257106025,9.0,1.9895973742893975
landshuter_allee,dlinear,autumn_2024,933,38,7.501556576773619,9.0,1.498443423226381
landshuter_allee,dlinear,autumn_2024,934,38,8.0072362825589,9.0,0.9927637174411004
landshuter_allee,dlinear,autumn_2024,935,38,8.145384676816077,8.0,0.14538467681607692
landshuter_allee,dlinear,autumn_2024,936,39,8.411715558087838,9.0,0.5882844419121618
landshuter_allee,dlinear,autumn_2024,937,39,9.054221635326815,10.0,0.9457783646731848
landshuter_allee,dlinear,autumn_2024,938,39,9.117365152060191,9.0,0.11736515206019149
landshuter_allee,dlinear,autumn_2024,939,39,8.794588196283815,8.0,0.794588196283815
landshuter_allee,dlinear,autumn_2024,940,39,8.197821999838,7.0,1.1978219998380002
landshuter_allee,dlinear,autumn_2024,941,39,7.9504664368291476,7.0,0.9504664368291476
landshuter_allee,dlinear,autumn_2024,942,39,7.76832364602757,7.0,0.7683236460275698
landshuter_allee,dlinear,autumn_2024,943,39,7.6838705416031,7.0,0.6838705416030999
landshuter_allee,dlinear,autumn_2024,944,39,7.9764603790625905,7.0,0.9764603790625905
landshuter_allee,dlinear,autumn_2024,945,39,7.961545090206824,5.0,2.9615450902068243
landshuter_allee,dlinear,autumn_2024,946,39,7.88217941817531,6.0,1.8821794181753102
landshuter_allee,dlinear,autumn_2024,947,39,8.482959965736615,6.0,2.4829599657366153
landshuter_allee,dlinear,autumn_2024,948,39,9.021924578970857,7.0,2.0219245789708573
landshuter_allee,dlinear,autumn_2024,949,39,10.658646245771617,11.0,0.34135375422838266
landshuter_allee,dlinear,autumn_2024,950,39,12.698801234428705,13.0,0.30119876557129466
landshuter_allee,dlinear,autumn_2024,951,39,14.420472317744892,15.0,0.5795276822551081
landshuter_allee,dlinear,autumn_2024,952,39,15.351020110181587,15.0,0.35102011018158663
landshuter_allee,dlinear,autumn_2024,953,39,15.366486037343108,15.0,0.36648603734310825
landshuter_allee,dlinear,autumn_2024,954,39,15.13047733761248,15.0,0.13047733761247926
landshuter_allee,dlinear,autumn_2024,955,39,14.913071234216764,15.0,0.08692876578323627
landshuter_allee,dlinear,autumn_2024,956,39,14.838558017273687,16.0,1.1614419827263127
landshuter_allee,dlinear,autumn_2024,957,39,14.935782603436417,16.0,1.064217396563583
landshuter_allee,dlinear,autumn_2024,958,39,15.284116533275482,17.0,1.7158834667245184
landshuter_allee,dlinear,autumn_2024,959,39,15.371361769372125,16.0,0.6286382306278746
landshuter_allee,dlinear,autumn_2024,960,40,15.022600561284829,18.0,2.977399438715171
landshuter_allee,dlinear,autumn_2024,961,40,14.667594320634372,18.0,3.3324056793656283
landshuter_allee,dlinear,autumn_2024,962,40,12.288683367564467,11.0,1.2886833675644667
landshuter_allee,dlinear,autumn_2024,963,40,9.450741220865709,7.0,2.4507412208657087
landshuter_allee,dlinear,autumn_2024,964,40,8.021600840121483,6.0,2.021600840121483
landshuter_allee,dlinear,autumn_2024,965,40,7.2850220448790575,6.0,1.2850220448790575
landshuter_allee,dlinear,autumn_2024,966,40,6.827595977092579,5.0,1.827595977092579
landshuter_allee,dlinear,autumn_2024,967,40,6.822449046456767,6.0,0.8224490464567671
landshuter_allee,dlinear,autumn_2024,968,40,6.907826799793666,5.0,1.907826799793666
landshuter_allee,dlinear,autumn_2024,969,40,7.426759918164953,6.0,1.4267599181649526
landshuter_allee,dlinear,autumn_2024,970,40,8.277030763556969,7.0,1.2770307635569687
landshuter_allee,dlinear,autumn_2024,971,40,9.25756843717483,7.0,2.2575684371748306
landshuter_allee,dlinear,autumn_2024,972,40,9.467443894810543,5.0,4.467443894810543
landshuter_allee,dlinear,autumn_2024,973,40,9.682385569078082,6.0,3.6823855690780825
landshuter_allee,dlinear,autumn_2024,974,40,9.825549852019131,6.0,3.8255498520191313
landshuter_allee,dlinear,autumn_2024,975,40,10.470871647837704,8.0,2.470871647837704
landshuter_allee,dlinear,autumn_2024,976,40,10.886918768022813,8.0,2.886918768022813
landshuter_allee,dlinear,autumn_2024,977,40,10.800066094884551,7.0,3.800066094884551
landshuter_allee,dlinear,autumn_2024,978,40,11.187738528985872,9.0,2.1877385289858715
landshuter_allee,dlinear,autumn_2024,979,40,11.856791542604935,11.0,0.8567915426049346
landshuter_allee,dlinear,autumn_2024,980,40,12.843700475718142,12.0,0.8437004757181423
landshuter_allee,dlinear,autumn_2024,981,40,13.855772023052067,12.0,1.855772023052067
landshuter_allee,dlinear,autumn_2024,982,40,14.240082462362814,14.0,0.24008246236281394
landshuter_allee,dlinear,autumn_2024,983,40,14.79282053826823,15.0,0.20717946173176927
landshuter_allee,dlinear,autumn_2024,984,41,15.359268782530831,15.0,0.3592687825308314
landshuter_allee,dlinear,autumn_2024,985,41,16.52010258267068,17.0,0.4798974173293189
landshuter_allee,dlinear,autumn_2024,986,41,16.92438878234563,17.0,0.07561121765436951
landshuter_allee,dlinear,autumn_2024,987,41,16.742520448156178,16.0,0.7425204481561778
landshuter_allee,dlinear,autumn_2024,988,41,16.908201709049983,17.0,0.09179829095001679
landshuter_allee,dlinear,autumn_2024,989,41,17.34558307713571,18.0,0.6544169228642893
landshuter_allee,dlinear,autumn_2024,990,41,17.960309167878613,18.0,0.03969083212138713
landshuter_allee,dlinear,autumn_2024,991,41,18.26025179269053,17.0,1.2602517926905286
landshuter_allee,dlinear,autumn_2024,992,41,17.775496969077853,14.0,3.775496969077853
landshuter_allee,dlinear,autumn_2024,993,41,17.175398715212513,14.5,2.6753987152125127
landshuter_allee,dlinear,autumn_2024,994,41,17.256565282117442,15.0,2.2565652821174425
landshuter_allee,dlinear,autumn_2024,995,41,18.68232339932554,16.0,2.68232339932554
landshuter_allee,dlinear,autumn_2024,996,41,20.525497533818655,19.0,1.5254975338186547
landshuter_allee,dlinear,autumn_2024,997,41,21.461867716407475,20.0,1.4618677164074754
landshuter_allee,dlinear,autumn_2024,998,41,21.571484814513067,19.0,2.5714848145130667
landshuter_allee,dlinear,autumn_2024,999,41,21.371776158535386,19.0,2.3717761585353863
landshuter_allee,dlinear,autumn_2024,1000,41,21.37744726415495,19.0,2.3774472641549487
landshuter_allee,dlinear,autumn_2024,1001,41,22.042500052559692,23.0,0.9574999474403079
landshuter_allee,dlinear,autumn_2024,1002,41,21.692644493582538,21.0,0.692644493582538
landshuter_allee,dlinear,autumn_2024,1003,41,20.49598440828472,18.0,2.49598440828472
landshuter_allee,dlinear,autumn_2024,1004,41,19.492206708828476,16.0,3.4922067088284763
landshuter_allee,dlinear,autumn_2024,1005,41,18.88403657587903,18.0,0.8840365758790298
landshuter_allee,dlinear,autumn_2024,1006,41,19.229829350005716,18.0,1.2298293500057156
landshuter_allee,dlinear,autumn_2024,1007,41,19.459473956002707,18.0,1.4594739560027072
landshuter_allee,dlinear,autumn_2024,1008,42,19.035780974938223,18.0,1.0357809749382234
landshuter_allee,dlinear,autumn_2024,1009,42,18.957028041402303,21.0,2.042971958597697
landshuter_allee,dlinear,autumn_2024,1010,42,19.623458307687407,25.0,5.376541692312593
landshuter_allee,dlinear,autumn_2024,1011,42,19.77030184077892,27.0,7.22969815922108
landshuter_allee,dlinear,autumn_2024,1012,42,19.22325273397415,25.0,5.7767472660258505
landshuter_allee,dlinear,autumn_2024,1013,42,18.98361654704953,24.0,5.016383452950471
landshuter_allee,dlinear,autumn_2024,1014,42,21.57377637655369,32.0,10.426223623446312
landshuter_allee,dlinear,autumn_2024,1015,42,25.270079054765144,39.0,13.729920945234856
landshuter_allee,dlinear,autumn_2024,1016,42,27.790120519923608,38.0,10.209879480076392
landshuter_allee,dlinear,autumn_2024,1017,42,27.71263519095947,31.0,3.287364809040529
landshuter_allee,dlinear,autumn_2024,1018,42,26.083288148379555,26.0,0.08328814837955534
landshuter_allee,dlinear,autumn_2024,1019,42,24.651862909405683,25.0,0.3481370905943173
landshuter_allee,dlinear,autumn_2024,1020,42,22.14630505597086,19.0,3.14630505597086
landshuter_allee,dlinear,autumn_2024,1021,42,19.14108424430203,14.0,5.141084244302029
landshuter_allee,dlinear,autumn_2024,1022,42,17.395818254444443,14.0,3.3958182544444426
landshuter_allee,dlinear,autumn_2024,1023,42,16.683481344623978,17.0,0.3165186553760222
landshuter_allee,dlinear,autumn_2024,1024,42,15.90378236903099,16.0,0.0962176309690097
landshuter_allee,dlinear,autumn_2024,1025,42,14.853672603382794,14.0,0.8536726033827939
landshuter_allee,dlinear,autumn_2024,1026,42,14.519147837647344,14.0,0.5191478376473437
landshuter_allee,dlinear,autumn_2024,1027,42,14.807433186826543,15.0,0.1925668131734568
landshuter_allee,dlinear,autumn_2024,1028,42,15.816156784908,17.0,1.1838432150920006
landshuter_allee,dlinear,autumn_2024,1029,42,16.457239603141577,18.0,1.542760396858423
landshuter_allee,dlinear,autumn_2024,1030,42,16.651554981673346,19.0,2.348445018326654
landshuter_allee,dlinear,autumn_2024,1031,42,16.450294866061853,19.0,2.549705133938147
landshuter_allee,dlinear,autumn_2024,1032,43,16.0906497710345,19.0,2.9093502289655007
landshuter_allee,dlinear,autumn_2024,1033,43,16.343022196881726,21.0,4.656977803118274
landshuter_allee,dlinear,autumn_2024,1034,43,16.688733267336463,22.0,5.311266732663537
landshuter_allee,dlinear,autumn_2024,1035,43,17.2826320188695,24.0,6.717367981130501
landshuter_allee,dlinear,autumn_2024,1036,43,17.80091005868615,23.0,5.199089941313851
landshuter_allee,dlinear,autumn_2024,1037,43,18.028114685136927,21.0,2.971885314863073
landshuter_allee,dlinear,autumn_2024,1038,43,17.92087180056532,19.0,1.079128199434681
landshuter_allee,dlinear,autumn_2024,1039,43,18.86952993123942,22.0,3.13047006876058
landshuter_allee,dlinear,autumn_2024,1040,43,19.40005308896916,21.0,1.599946911030841
landshuter_allee,dlinear,autumn_2024,1041,43,19.666872043303123,21.0,1.3331279566968774
landshuter_allee,dlinear,autumn_2024,1042,43,20.36264987295865,21.0,0.6373501270413513
landshuter_allee,dlinear,autumn_2024,1043,43,21.006246645423207,21.0,0.006246645423207298
landshuter_allee,dlinear,autumn_2024,1044,43,21.291081803336347,21.0,0.2910818033363469
landshuter_allee,dlinear,autumn_2024,1045,43,21.073604245988633,21.0,0.07360424598863347
landshuter_allee,dlinear,autumn_2024,1046,43,20.278262431803757,19.0,1.278262431803757
landshuter_allee,dlinear,autumn_2024,1047,43,19.111188253594865,16.0,3.1111882535948645
landshuter_allee,dlinear,autumn_2024,1048,43,18.388175905430266,17.0,1.3881759054302663
landshuter_allee,dlinear,autumn_2024,1049,43,17.739032863202084,18.0,0.26096713679791606
landshuter_allee,dlinear,autumn_2024,1050,43,17.812281923150014,19.0,1.1877180768499862
landshuter_allee,dlinear,autumn_2024,1051,43,17.629528679358515,19.0,1.3704713206414851
landshuter_allee,dlinear,autumn_2024,1052,43,16.63791347036445,17.0,0.3620865296355511
landshuter_allee,dlinear,autumn_2024,1053,43,15.546612292575288,16.0,0.4533877074247119
landshuter_allee,dlinear,autumn_2024,1054,43,14.10942497240543,14.0,0.1094249724054297
landshuter_allee,dlinear,autumn_2024,1055,43,12.68231268793119,13.0,0.3176873120688093
