station,model,window,hour_index,day_index,pred,actual,abs_error
augsburg_lfu,xgboost,spring_2024,0,0,9.779786109924316,9.0,0.7797861099243164
augsburg_lfu,xgboost,spring_2024,1,0,9.537179946899414,15.0,5.462820053100586
augsburg_lfu,xgboost,spring_2024,2,0,9.911566734313965,18.0,8.088433265686035
augsburg_lfu,xgboost,spring_2024,3,0,10.461883544921875,17.0,6.538116455078125
augsburg_lfu,xgboost,spring_2024,4,0,11.53117561340332,18.0,6.46882438659668
augsburg_lfu,xgboost,spring_2024,5,0,11.987848281860352,17.0,5.012151718139648
augsburg_lfu,xgboost,spring_2024,6,0,11.433323860168457,16.0,4.566676139831543
augsburg_lfu,xgboost,spring_2024,7,0,11.104188919067383,15.0,3.895811080932617
augsburg_lfu,xgboost,spring_2024,8,0,10.594887733459473,12.0,1.4051122665405273
augsburg_lfu,xgboost,spring_2024,9,0,8.806099891662598,9.0,0.19390010833740234
augsburg_lfu,xgboost,spring_2024,10,0,7.328122615814209,8.0,0.671877384185791
augsburg_lfu,xgboost,spring_2024,11,0,5.931511878967285,9.0,3.068488121032715
augsburg_lfu,xgboost,spring_2024,12,0,5.1631855964660645,7.0,1.8368144035339355
augsburg_lfu,xgboost,spring_2024,13,0,4.942862033843994,6.0,1.0571379661560059
augsburg_lfu,xgboost,spring_2024,14,0,4.9727301597595215,5.0,0.027269840240478516
augsburg_lfu,xgboost,spring_2024,15,0,4.71097469329834,4.0,0.7109746932983398
augsburg_lfu,xgboost,spring_2024,16,0,4.367415904998779,4.0,0.3674159049987793
augsburg_lfu,xgboost,spring_2024,17,0,4.3472089767456055,4.0,0.34720897674560547
augsburg_lfu,xgboost,spring_2024,18,0,6.082215785980225,4.0,2.0822157859802246
augsburg_lfu,xgboost,spring_2024,19,0,7.160654067993164,7.0,0.16065406799316406
augsburg_lfu,xgboost,spring_2024,20,0,8.749927520751953,9.0,0.2500724792480469
augsburg_lfu,xgboost,spring_2024,21,0,9.45698356628418,7.0,2.4569835662841797
augsburg_lfu,xgboost,spring_2024,22,0,8.910224914550781,4.0,4.910224914550781
augsburg_lfu,xgboost,spring_2024,23,0,7.586874485015869,5.0,2.586874485015869
augsburg_lfu,xgboost,spring_2024,24,1,6.5901336669921875,6.0,0.5901336669921875
augsburg_lfu,xgboost,spring_2024,25,1,6.2910051345825195,7.0,0.7089948654174805
augsburg_lfu,xgboost,spring_2024,26,1,5.331813812255859,6.0,0.6681861877441406
augsburg_lfu,xgboost,spring_2024,27,1,4.42567253112793,5.0,0.5743274688720703
augsburg_lfu,xgboost,spring_2024,28,1,4.0022807121276855,5.0,0.9977192878723145
augsburg_lfu,xgboost,spring_2024,29,1,3.6185998916625977,5.0,1.3814001083374023
augsburg_lfu,xgboost,spring_2024,30,1,2.899714469909668,5.0,2.100285530090332
augsburg_lfu,xgboost,spring_2024,31,1,1.9319708347320557,5.0,3.0680291652679443
augsburg_lfu,xgboost,spring_2024,32,1,1.4742248058319092,4.0,2.525775194168091
augsburg_lfu,xgboost,spring_2024,33,1,1.078306794166565,4.0,2.921693205833435
augsburg_lfu,xgboost,spring_2024,34,1,0.9992762804031372,3.0,2.000723719596863
augsburg_lfu,xgboost,spring_2024,35,1,0.7682892084121704,2.0,1.2317107915878296
augsburg_lfu,xgboost,spring_2024,36,1,0.7030919194221497,3.0,2.2969080805778503
augsburg_lfu,xgboost,spring_2024,37,1,0.9915040731430054,4.0,3.0084959268569946
augsburg_lfu,xgboost,spring_2024,38,1,1.0045461654663086,3.0,1.9954538345336914
augsburg_lfu,xgboost,spring_2024,39,1,1.40283203125,3.0,1.59716796875
augsburg_lfu,xgboost,spring_2024,40,1,1.0485873222351074,3.0,1.9514126777648926
augsburg_lfu,xgboost,spring_2024,41,1,1.0879499912261963,3.0,1.9120500087738037
augsburg_lfu,xgboost,spring_2024,42,1,0.8001028299331665,2.0,1.1998971700668335
augsburg_lfu,xgboost,spring_2024,43,1,0.7125164866447449,2.0,1.2874835133552551
augsburg_lfu,xgboost,spring_2024,44,1,0.48479825258255005,1.0,0.51520174741745
augsburg_lfu,xgboost,spring_2024,45,1,0.36051252484321594,1.0,0.6394874751567841
augsburg_lfu,xgboost,spring_2024,46,1,0.3273085355758667,1.0,0.6726914644241333
augsburg_lfu,xgboost,spring_2024,47,1,0.36758196353912354,1.0,0.6324180364608765
augsburg_lfu,xgboost,spring_2024,48,2,0.43216127157211304,2.0,1.567838728427887
augsburg_lfu,xgboost,spring_2024,49,2,0.48768362402915955,1.0,0.5123163759708405
augsburg_lfu,xgboost,spring_2024,50,2,0.3434239327907562,1.0,0.6565760672092438
augsburg_lfu,xgboost,spring_2024,51,2,0.4056752622127533,1.0,0.5943247377872467
augsburg_lfu,xgboost,spring_2024,52,2,0.4224826991558075,1.0,0.5775173008441925
augsburg_lfu,xgboost,spring_2024,53,2,0.4250637888908386,1.0,0.5749362111091614
augsburg_lfu,xgboost,spring_2024,54,2,0.4378228783607483,1.0,0.5621771216392517
augsburg_lfu,xgboost,spring_2024,55,2,0.49282658100128174,1.0,0.5071734189987183
augsburg_lfu,xgboost,spring_2024,56,2,0.47184044122695923,1.0,0.5281595587730408
augsburg_lfu,xgboost,spring_2024,57,2,0.3706652820110321,1.0,0.6293347179889679
augsburg_lfu,xgboost,spring_2024,58,2,0.4433673024177551,1.0,0.5566326975822449
augsburg_lfu,xgboost,spring_2024,59,2,0.4896027445793152,1.0,0.5103972554206848
augsburg_lfu,xgboost,spring_2024,60,2,0.5143108367919922,1.0,0.4856891632080078
augsburg_lfu,xgboost,spring_2024,61,2,0.5019845366477966,2.0,1.4980154633522034
augsburg_lfu,xgboost,spring_2024,62,2,0.46651601791381836,2.0,1.5334839820861816
augsburg_lfu,xgboost,spring_2024,63,2,0.506446897983551,2.0,1.493553102016449
augsburg_lfu,xgboost,spring_2024,64,2,0.47695231437683105,2.0,1.523047685623169
augsburg_lfu,xgboost,spring_2024,65,2,0.37486714124679565,2.0,1.6251328587532043
augsburg_lfu,xgboost,spring_2024,66,2,0.337917685508728,2.0,1.662082314491272
augsburg_lfu,xgboost,spring_2024,67,2,0.3390740156173706,2.0,1.6609259843826294
augsburg_lfu,xgboost,spring_2024,68,2,0.25975629687309265,2.0,1.7402437031269073
augsburg_lfu,xgboost,spring_2024,69,2,0.18984510004520416,2.0,1.8101548999547958
augsburg_lfu,xgboost,spring_2024,70,2,0.19481033086776733,2.0,1.8051896691322327
augsburg_lfu,xgboost,spring_2024,71,2,0.13866016268730164,2.0,1.8613398373126984
augsburg_lfu,xgboost,spring_2024,72,3,0.5030840635299683,2.0,1.4969159364700317
augsburg_lfu,xgboost,spring_2024,73,3,0.5083457827568054,3.0,2.4916542172431946
augsburg_lfu,xgboost,spring_2024,74,3,0.4054482877254486,3.0,2.5945517122745514
augsburg_lfu,xgboost,spring_2024,75,3,0.4306512176990509,3.0,2.569348782300949
augsburg_lfu,xgboost,spring_2024,76,3,0.4341575801372528,3.0,2.565842419862747
augsburg_lfu,xgboost,spring_2024,77,3,0.5092638731002808,3.0,2.4907361268997192
augsburg_lfu,xgboost,spring_2024,78,3,0.5077352523803711,3.0,2.492264747619629
augsburg_lfu,xgboost,spring_2024,79,3,0.44558942317962646,3.0,2.5544105768203735
augsburg_lfu,xgboost,spring_2024,80,3,0.42233556509017944,3.0,2.5776644349098206
augsburg_lfu,xgboost,spring_2024,81,3,0.42005911469459534,3.0,2.5799408853054047
augsburg_lfu,xgboost,spring_2024,82,3,0.607161819934845,4.0,3.392838180065155
augsburg_lfu,xgboost,spring_2024,83,3,0.6118318438529968,3.0,2.388168156147003
augsburg_lfu,xgboost,spring_2024,84,3,0.703680694103241,4.0,3.296319305896759
augsburg_lfu,xgboost,spring_2024,85,3,0.7765440344810486,4.0,3.2234559655189514
augsburg_lfu,xgboost,spring_2024,86,3,1.0019217729568481,4.0,2.998078227043152
augsburg_lfu,xgboost,spring_2024,87,3,1.277610182762146,4.0,2.722389817237854
augsburg_lfu,xgboost,spring_2024,88,3,1.8984906673431396,4.0,2.1015093326568604
augsburg_lfu,xgboost,spring_2024,89,3,1.7061498165130615,4.0,2.2938501834869385
augsburg_lfu,xgboost,spring_2024,90,3,2.044889450073242,4.0,1.9551105499267578
augsburg_lfu,xgboost,spring_2024,91,3,2.6796631813049316,4.0,1.3203368186950684
augsburg_lfu,xgboost,spring_2024,92,3,2.8940176963806152,3.0,0.10598230361938477
augsburg_lfu,xgboost,spring_2024,93,3,2.357703924179077,3.0,0.6422960758209229
augsburg_lfu,xgboost,spring_2024,94,3,2.3755435943603516,2.0,0.37554359436035156
augsburg_lfu,xgboost,spring_2024,95,3,2.440934419631958,3.0,0.559065580368042
augsburg_lfu,xgboost,spring_2024,96,4,2.369121551513672,3.0,0.6308784484863281
augsburg_lfu,xgboost,spring_2024,97,4,2.5684547424316406,3.0,0.4315452575683594
augsburg_lfu,xgboost,spring_2024,98,4,2.629638910293579,3.0,0.3703610897064209
augsburg_lfu,xgboost,spring_2024,99,4,2.506788969039917,3.0,0.493211030960083
augsburg_lfu,xgboost,spring_2024,100,4,2.443058729171753,3.0,0.5569412708282471
augsburg_lfu,xgboost,spring_2024,101,4,2.7101986408233643,3.0,0.28980135917663574
augsburg_lfu,xgboost,spring_2024,102,4,3.629664421081543,3.0,0.629664421081543
augsburg_lfu,xgboost,spring_2024,103,4,2.5857880115509033,4.0,1.4142119884490967
augsburg_lfu,xgboost,spring_2024,104,4,2.5151851177215576,4.0,1.4848148822784424
augsburg_lfu,xgboost,spring_2024,105,4,1.84734308719635,5.0,3.15265691280365
augsburg_lfu,xgboost,spring_2024,106,4,1.4038774967193604,5.0,3.5961225032806396
augsburg_lfu,xgboost,spring_2024,107,4,1.6798961162567139,6.0,4.320103883743286
augsburg_lfu,xgboost,spring_2024,108,4,1.6745169162750244,7.0,5.325483083724976
augsburg_lfu,xgboost,spring_2024,109,4,1.7572358846664429,8.0,6.242764115333557
augsburg_lfu,xgboost,spring_2024,110,4,1.7568848133087158,9.0,7.243115186691284
augsburg_lfu,xgboost,spring_2024,111,4,1.8692257404327393,9.0,7.130774259567261
augsburg_lfu,xgboost,spring_2024,112,4,2.0042896270751953,8.0,5.995710372924805
augsburg_lfu,xgboost,spring_2024,113,4,2.425272226333618,10.0,7.574727773666382
augsburg_lfu,xgboost,spring_2024,114,4,3.0517752170562744,7.0,3.9482247829437256
augsburg_lfu,xgboost,spring_2024,115,4,4.163722991943359,8.0,3.8362770080566406
augsburg_lfu,xgboost,spring_2024,116,4,6.1504807472229,8.0,1.8495192527770996
augsburg_lfu,xgboost,spring_2024,117,4,7.88317346572876,10.0,2.1168265342712402
augsburg_lfu,xgboost,spring_2024,118,4,7.845849990844727,13.0,5.154150009155273
augsburg_lfu,xgboost,spring_2024,119,4,7.484294891357422,16.0,8.515705108642578
augsburg_lfu,xgboost,spring_2024,120,5,7.259021759033203,11.0,3.740978240966797
augsburg_lfu,xgboost,spring_2024,121,5,6.791314125061035,12.0,5.208685874938965
augsburg_lfu,xgboost,spring_2024,122,5,5.976816654205322,10.0,4.023183345794678
augsburg_lfu,xgboost,spring_2024,123,5,5.366898059844971,11.0,5.633101940155029
augsburg_lfu,xgboost,spring_2024,124,5,5.160431861877441,10.0,4.839568138122559
augsburg_lfu,xgboost,spring_2024,125,5,5.137711048126221,10.0,4.862288951873779
augsburg_lfu,xgboost,spring_2024,126,5,5.197892189025879,10.0,4.802107810974121
augsburg_lfu,xgboost,spring_2024,127,5,5.180639266967773,9.0,3.8193607330322266
augsburg_lfu,xgboost,spring_2024,128,5,4.572134971618652,7.0,2.4278650283813477
augsburg_lfu,xgboost,spring_2024,129,5,4.3261003494262695,7.0,2.6738996505737305
augsburg_lfu,xgboost,spring_2024,130,5,3.192422866821289,6.0,2.807577133178711
augsburg_lfu,xgboost,spring_2024,131,5,2.8662662506103516,6.0,3.1337337493896484
augsburg_lfu,xgboost,spring_2024,132,5,2.219489097595215,6.0,3.780510902404785
augsburg_lfu,xgboost,spring_2024,133,5,2.6340365409851074,9.0,6.365963459014893
augsburg_lfu,xgboost,spring_2024,134,5,2.591308832168579,9.0,6.408691167831421
augsburg_lfu,xgboost,spring_2024,135,5,4.017187595367432,15.0,10.982812404632568
augsburg_lfu,xgboost,spring_2024,136,5,7.402925491333008,15.0,7.597074508666992
augsburg_lfu,xgboost,spring_2024,137,5,11.025252342224121,14.0,2.974747657775879
augsburg_lfu,xgboost,spring_2024,138,5,10.280963897705078,7.0,3.280963897705078
augsburg_lfu,xgboost,spring_2024,139,5,8.013908386230469,3.0,5.013908386230469
augsburg_lfu,xgboost,spring_2024,140,5,4.7845587730407715,3.0,1.7845587730407715
augsburg_lfu,xgboost,spring_2024,141,5,3.2992749214172363,2.0,1.2992749214172363
augsburg_lfu,xgboost,spring_2024,142,5,2.209085464477539,2.0,0.20908546447753906
augsburg_lfu,xgboost,spring_2024,143,5,1.7355003356933594,2.0,0.2644996643066406
augsburg_lfu,xgboost,spring_2024,144,6,1.3334250450134277,3.0,1.6665749549865723
augsburg_lfu,xgboost,spring_2024,145,6,1.1496144533157349,3.0,1.8503855466842651
augsburg_lfu,xgboost,spring_2024,146,6,1.079182744026184,2.0,0.9208172559738159
augsburg_lfu,xgboost,spring_2024,147,6,1.1989266872406006,2.0,0.8010733127593994
augsburg_lfu,xgboost,spring_2024,148,6,1.1778687238693237,2.0,0.8221312761306763
augsburg_lfu,xgboost,spring_2024,149,6,1.6550928354263306,3.0,1.3449071645736694
augsburg_lfu,xgboost,spring_2024,150,6,1.4816029071807861,2.0,0.5183970928192139
augsburg_lfu,xgboost,spring_2024,151,6,0.732830822467804,1.0,0.26716917753219604
augsburg_lfu,xgboost,spring_2024,152,6,0.5821526646614075,1.0,0.41784733533859253
augsburg_lfu,xgboost,spring_2024,153,6,0.8073409795761108,1.0,0.19265902042388916
augsburg_lfu,xgboost,spring_2024,154,6,1.0576584339141846,2.0,0.9423415660858154
augsburg_lfu,xgboost,spring_2024,155,6,1.6560261249542236,3.0,1.3439738750457764
augsburg_lfu,xgboost,spring_2024,156,6,1.663643717765808,2.0,0.3363562822341919
augsburg_lfu,xgboost,spring_2024,157,6,1.2356171607971191,2.0,0.7643828392028809
augsburg_lfu,xgboost,spring_2024,158,6,1.1690901517868042,2.0,0.8309098482131958
augsburg_lfu,xgboost,spring_2024,159,6,1.1646512746810913,2.0,0.8353487253189087
augsburg_lfu,xgboost,spring_2024,160,6,1.1958457231521606,2.0,0.8041542768478394
augsburg_lfu,xgboost,spring_2024,161,6,1.132844090461731,2.0,0.867155909538269
augsburg_lfu,xgboost,spring_2024,162,6,1.278356909751892,3.0,1.721643090248108
augsburg_lfu,xgboost,spring_2024,163,6,1.451040267944336,3.0,1.548959732055664
augsburg_lfu,xgboost,spring_2024,164,6,1.4358934164047241,4.0,2.564106583595276
augsburg_lfu,xgboost,spring_2024,165,6,1.4517672061920166,5.0,3.5482327938079834
augsburg_lfu,xgboost,spring_2024,166,6,1.4131070375442505,4.0,2.5868929624557495
augsburg_lfu,xgboost,spring_2024,167,6,1.3987685441970825,3.0,1.6012314558029175
augsburg_lfu,xgboost,spring_2024,168,7,1.3325386047363281,3.0,1.6674613952636719
augsburg_lfu,xgboost,spring_2024,169,7,1.1944533586502075,2.0,0.8055466413497925
augsburg_lfu,xgboost,spring_2024,170,7,1.161118984222412,2.0,0.8388810157775879
augsburg_lfu,xgboost,spring_2024,171,7,1.2119019031524658,2.0,0.7880980968475342
augsburg_lfu,xgboost,spring_2024,172,7,1.2159359455108643,2.0,0.7840640544891357
augsburg_lfu,xgboost,spring_2024,173,7,1.301330327987671,2.0,0.6986696720123291
augsburg_lfu,xgboost,spring_2024,174,7,1.1720149517059326,2.0,0.8279850482940674
augsburg_lfu,xgboost,spring_2024,175,7,0.9659647941589355,2.0,1.0340352058410645
augsburg_lfu,xgboost,spring_2024,176,7,0.9640077352523804,2.0,1.0359922647476196
augsburg_lfu,xgboost,spring_2024,177,7,0.7406341433525085,2.0,1.2593658566474915
augsburg_lfu,xgboost,spring_2024,178,7,1.0354691743850708,3.0,1.9645308256149292
augsburg_lfu,xgboost,spring_2024,179,7,1.7198235988616943,4.0,2.2801764011383057
augsburg_lfu,xgboost,spring_2024,180,7,1.688888669013977,5.0,3.311111330986023
augsburg_lfu,xgboost,spring_2024,181,7,1.6019848585128784,6.0,4.398015141487122
augsburg_lfu,xgboost,spring_2024,182,7,1.5115059614181519,6.0,4.488494038581848
augsburg_lfu,xgboost,spring_2024,183,7,1.438562035560608,6.0,4.561437964439392
augsburg_lfu,xgboost,spring_2024,184,7,1.4191505908966064,7.0,5.5808494091033936
augsburg_lfu,xgboost,spring_2024,185,7,2.451113700866699,7.0,4.548886299133301
augsburg_lfu,xgboost,spring_2024,186,7,7.899433135986328,7.0,0.8994331359863281
augsburg_lfu,xgboost,spring_2024,187,7,18.496706008911133,11.0,7.496706008911133
augsburg_lfu,xgboost,spring_2024,188,7,23.52109146118164,17.0,6.521091461181641
augsburg_lfu,xgboost,spring_2024,189,7,32.29022216796875,36.0,3.70977783203125
augsburg_lfu,xgboost,spring_2024,190,7,34.88943099975586,36.0,1.1105690002441406
augsburg_lfu,xgboost,spring_2024,191,7,38.27266311645508,36.0,2.272663116455078
augsburg_lfu,xgboost,spring_2024,192,8,37.90126419067383,36.0,1.9012641906738281
augsburg_lfu,xgboost,spring_2024,193,8,35.19290542602539,36.0,0.8070945739746094
augsburg_lfu,xgboost,spring_2024,194,8,35.63499450683594,36.0,0.3650054931640625
augsburg_lfu,xgboost,spring_2024,195,8,36.556129455566406,36.0,0.5561294555664062
augsburg_lfu,xgboost,spring_2024,196,8,37.73615264892578,36.0,1.7361526489257812
augsburg_lfu,xgboost,spring_2024,197,8,36.86088562011719,36.0,0.8608856201171875
augsburg_lfu,xgboost,spring_2024,198,8,33.39969253540039,36.0,2.6003074645996094
augsburg_lfu,xgboost,spring_2024,199,8,31.224130630493164,36.0,4.775869369506836
augsburg_lfu,xgboost,spring_2024,200,8,30.839391708374023,36.0,5.160608291625977
augsburg_lfu,xgboost,spring_2024,201,8,29.521127700805664,36.0,6.478872299194336
augsburg_lfu,xgboost,spring_2024,202,8,28.521759033203125,36.0,7.478240966796875
augsburg_lfu,xgboost,spring_2024,203,8,28.254436492919922,36.0,7.745563507080078
augsburg_lfu,xgboost,spring_2024,204,8,28.05604362487793,36.0,7.94395637512207
augsburg_lfu,xgboost,spring_2024,205,8,29.420482635498047,36.0,6.579517364501953
augsburg_lfu,xgboost,spring_2024,206,8,30.169696807861328,36.0,5.830303192138672
augsburg_lfu,xgboost,spring_2024,207,8,30.88291358947754,36.0,5.117086410522461
augsburg_lfu,xgboost,spring_2024,208,8,30.868728637695312,36.0,5.1312713623046875
augsburg_lfu,xgboost,spring_2024,209,8,32.03809356689453,36.0,3.9619064331054688
augsburg_lfu,xgboost,spring_2024,210,8,32.54352569580078,36.0,3.4564743041992188
augsburg_lfu,xgboost,spring_2024,211,8,33.4652099609375,36.0,2.5347900390625
augsburg_lfu,xgboost,spring_2024,212,8,36.12278747558594,36.0,0.1227874755859375
augsburg_lfu,xgboost,spring_2024,213,8,38.03122329711914,34.0,4.031223297119141
augsburg_lfu,xgboost,spring_2024,214,8,35.73232650756836,27.0,8.73232650756836
augsburg_lfu,xgboost,spring_2024,215,8,32.662391662597656,24.0,8.662391662597656
augsburg_lfu,xgboost,spring_2024,216,9,32.59723663330078,27.0,5.597236633300781
augsburg_lfu,xgboost,spring_2024,217,9,34.190956115722656,26.0,8.190956115722656
augsburg_lfu,xgboost,spring_2024,218,9,31.28225326538086,21.0,10.28225326538086
augsburg_lfu,xgboost,spring_2024,219,9,27.1721134185791,18.0,9.172113418579102
augsburg_lfu,xgboost,spring_2024,220,9,27.293212890625,15.0,12.293212890625
augsburg_lfu,xgboost,spring_2024,221,9,28.037662506103516,14.0,14.037662506103516
augsburg_lfu,xgboost,spring_2024,222,9,27.505067825317383,15.0,12.505067825317383
augsburg_lfu,xgboost,spring_2024,223,9,26.887958526611328,16.0,10.887958526611328
augsburg_lfu,xgboost,spring_2024,224,9,26.64481544494629,18.0,8.644815444946289
augsburg_lfu,xgboost,spring_2024,225,9,27.0694522857666,25.0,2.0694522857666016
augsburg_lfu,xgboost,spring_2024,226,9,29.557811737060547,23.0,6.557811737060547
augsburg_lfu,xgboost,spring_2024,227,9,28.72433090209961,23.0,5.724330902099609
augsburg_lfu,xgboost,spring_2024,228,9,26.879148483276367,23.0,3.879148483276367
augsburg_lfu,xgboost,spring_2024,229,9,26.465829849243164,21.0,5.465829849243164
augsburg_lfu,xgboost,spring_2024,230,9,25.277795791625977,21.0,4.277795791625977
augsburg_lfu,xgboost,spring_2024,231,9,23.29026222229004,21.0,2.290262222290039
augsburg_lfu,xgboost,spring_2024,232,9,20.512378692626953,18.0,2.512378692626953
augsburg_lfu,xgboost,spring_2024,233,9,17.691701889038086,16.0,1.691701889038086
augsburg_lfu,xgboost,spring_2024,234,9,15.997610092163086,18.0,2.002389907836914
augsburg_lfu,xgboost,spring_2024,235,9,14.711897850036621,19.0,4.288102149963379
augsburg_lfu,xgboost,spring_2024,236,9,13.01508617401123,11.0,2.0150861740112305
augsburg_lfu,xgboost,spring_2024,237,9,9.446314811706543,7.0,2.446314811706543
augsburg_lfu,xgboost,spring_2024,238,9,6.743032455444336,8.0,1.256967544555664
augsburg_lfu,xgboost,spring_2024,239,9,6.525405406951904,6.0,0.5254054069519043
augsburg_lfu,xgboost,spring_2024,240,10,5.9878716468811035,7.0,1.0121283531188965
augsburg_lfu,xgboost,spring_2024,241,10,4.9680023193359375,7.0,2.0319976806640625
augsburg_lfu,xgboost,spring_2024,242,10,4.879486560821533,6.0,1.1205134391784668
augsburg_lfu,xgboost,spring_2024,243,10,5.080010414123535,5.0,0.08001041412353516
augsburg_lfu,xgboost,spring_2024,244,10,5.4493088722229,4.0,1.4493088722229004
augsburg_lfu,xgboost,spring_2024,245,10,5.09568452835083,4.0,1.09568452835083
augsburg_lfu,xgboost,spring_2024,246,10,4.5091233253479,5.0,0.4908766746520996
augsburg_lfu,xgboost,spring_2024,247,10,4.578312873840332,4.0,0.578312873840332
augsburg_lfu,xgboost,spring_2024,248,10,4.047253608703613,4.0,0.04725360870361328
augsburg_lfu,xgboost,spring_2024,249,10,3.5992302894592285,3.0,0.5992302894592285
augsburg_lfu,xgboost,spring_2024,250,10,3.1564323902130127,3.0,0.1564323902130127
augsburg_lfu,xgboost,spring_2024,251,10,2.667886734008789,3.0,0.33211326599121094
augsburg_lfu,xgboost,spring_2024,252,10,3.6271896362304688,3.0,0.6271896362304688
augsburg_lfu,xgboost,spring_2024,253,10,2.7042617797851562,2.0,0.7042617797851562
augsburg_lfu,xgboost,spring_2024,254,10,3.5114073753356934,3.0,0.5114073753356934
augsburg_lfu,xgboost,spring_2024,255,10,2.7508301734924316,3.0,0.24916982650756836
augsburg_lfu,xgboost,spring_2024,256,10,1.8840806484222412,3.0,1.1159193515777588
augsburg_lfu,xgboost,spring_2024,257,10,1.2912172079086304,2.0,0.7087827920913696
augsburg_lfu,xgboost,spring_2024,258,10,1.2004843950271606,2.0,0.7995156049728394
augsburg_lfu,xgboost,spring_2024,259,10,1.055649757385254,2.0,0.9443502426147461
augsburg_lfu,xgboost,spring_2024,260,10,1.1045845746994019,2.0,0.8954154253005981
augsburg_lfu,xgboost,spring_2024,261,10,1.1215509176254272,2.0,0.8784490823745728
augsburg_lfu,xgboost,spring_2024,262,10,1.0550153255462646,2.0,0.9449846744537354
augsburg_lfu,xgboost,spring_2024,263,10,0.9867784380912781,2.0,1.013221561908722
augsburg_lfu,xgboost,spring_2024,264,11,0.9919231534004211,2.0,1.0080768465995789
augsburg_lfu,xgboost,spring_2024,265,11,1.1006841659545898,1.0,0.10068416595458984
augsburg_lfu,xgboost,spring_2024,266,11,1.0777373313903809,1.0,0.07773733139038086
augsburg_lfu,xgboost,spring_2024,267,11,1.2187188863754272,2.0,0.7812811136245728
augsburg_lfu,xgboost,spring_2024,268,11,1.1725177764892578,2.0,0.8274822235107422
augsburg_lfu,xgboost,spring_2024,269,11,1.1850934028625488,2.0,0.8149065971374512
augsburg_lfu,xgboost,spring_2024,270,11,0.9720103144645691,2.0,1.027989685535431
augsburg_lfu,xgboost,spring_2024,271,11,0.9587622284889221,2.0,1.0412377715110779
augsburg_lfu,xgboost,spring_2024,272,11,0.9089264869689941,2.0,1.0910735130310059
augsburg_lfu,xgboost,spring_2024,273,11,1.0106478929519653,2.0,0.9893521070480347
augsburg_lfu,xgboost,spring_2024,274,11,1.323965311050415,2.0,0.676034688949585
augsburg_lfu,xgboost,spring_2024,275,11,1.3938043117523193,2.0,0.6061956882476807
augsburg_lfu,xgboost,spring_2024,276,11,1.4436097145080566,2.0,0.5563902854919434
augsburg_lfu,xgboost,spring_2024,277,11,1.3816159963607788,2.0,0.6183840036392212
augsburg_lfu,xgboost,spring_2024,278,11,1.3566001653671265,2.0,0.6433998346328735
augsburg_lfu,xgboost,spring_2024,279,11,1.2549718618392944,2.0,0.7450281381607056
augsburg_lfu,xgboost,spring_2024,280,11,1.2542250156402588,2.0,0.7457749843597412
augsburg_lfu,xgboost,spring_2024,281,11,1.1681547164916992,2.0,0.8318452835083008
augsburg_lfu,xgboost,spring_2024,282,11,1.5428053140640259,3.0,1.4571946859359741
augsburg_lfu,xgboost,spring_2024,283,11,1.2117141485214233,3.0,1.7882858514785767
augsburg_lfu,xgboost,spring_2024,284,11,1.2348475456237793,3.0,1.7651524543762207
augsburg_lfu,xgboost,spring_2024,285,11,1.2706035375595093,2.0,0.7293964624404907
augsburg_lfu,xgboost,spring_2024,286,11,1.2318835258483887,2.0,0.7681164741516113
augsburg_lfu,xgboost,spring_2024,287,11,1.3298307657241821,2.0,0.6701692342758179
augsburg_lfu,xgboost,spring_2024,288,12,1.5627543926239014,3.0,1.4372456073760986
augsburg_lfu,xgboost,spring_2024,289,12,1.5096461772918701,2.0,0.4903538227081299
augsburg_lfu,xgboost,spring_2024,290,12,1.3309462070465088,2.0,0.6690537929534912
augsburg_lfu,xgboost,spring_2024,291,12,1.3688304424285889,2.0,0.6311695575714111
augsburg_lfu,xgboost,spring_2024,292,12,1.5329418182373047,2.0,0.4670581817626953
augsburg_lfu,xgboost,spring_2024,293,12,2.264967441558838,2.0,0.2649674415588379
augsburg_lfu,xgboost,spring_2024,294,12,2.9507923126220703,3.0,0.04920768737792969
augsburg_lfu,xgboost,spring_2024,295,12,2.7968075275421143,3.0,0.20319247245788574
augsburg_lfu,xgboost,spring_2024,296,12,2.4308488368988037,3.0,0.5691511631011963
augsburg_lfu,xgboost,spring_2024,297,12,2.4774062633514404,3.0,0.5225937366485596
augsburg_lfu,xgboost,spring_2024,298,12,2.3487234115600586,4.0,1.6512765884399414
augsburg_lfu,xgboost,spring_2024,299,12,2.380241870880127,4.0,1.619758129119873
augsburg_lfu,xgboost,spring_2024,300,12,2.3678717613220215,4.0,1.6321282386779785
augsburg_lfu,xgboost,spring_2024,301,12,2.3772404193878174,5.0,2.6227595806121826
augsburg_lfu,xgboost,spring_2024,302,12,2.305314064025879,5.0,2.694685935974121
augsburg_lfu,xgboost,spring_2024,303,12,2.5183820724487305,6.0,3.4816179275512695
augsburg_lfu,xgboost,spring_2024,304,12,2.32635235786438,6.0,3.67364764213562
augsburg_lfu,xgboost,spring_2024,305,12,2.4546637535095215,6.0,3.5453362464904785
augsburg_lfu,xgboost,spring_2024,306,12,2.367692232131958,5.0,2.632307767868042
augsburg_lfu,xgboost,spring_2024,307,12,2.065328359603882,4.0,1.9346716403961182
augsburg_lfu,xgboost,spring_2024,308,12,1.880320429801941,4.0,2.119679570198059
augsburg_lfu,xgboost,spring_2024,309,12,1.1643506288528442,3.0,1.8356493711471558
augsburg_lfu,xgboost,spring_2024,310,12,0.9893722534179688,3.0,2.0106277465820312
augsburg_lfu,xgboost,spring_2024,311,12,0.7098417282104492,3.0,2.290158271789551
augsburg_lfu,xgboost,spring_2024,312,13,0.7410863041877747,3.0,2.2589136958122253
augsburg_lfu,xgboost,spring_2024,313,13,0.7606950998306274,4.0,3.2393049001693726
augsburg_lfu,xgboost,spring_2024,314,13,0.7301461100578308,3.0,2.269853889942169
augsburg_lfu,xgboost,spring_2024,315,13,0.6233899593353271,3.0,2.376610040664673
augsburg_lfu,xgboost,spring_2024,316,13,0.5942588448524475,3.0,2.4057411551475525
augsburg_lfu,xgboost,spring_2024,317,13,0.5866318345069885,3.0,2.4133681654930115
augsburg_lfu,xgboost,spring_2024,318,13,0.5621051788330078,2.0,1.4378948211669922
augsburg_lfu,xgboost,spring_2024,319,13,0.48642608523368835,2.0,1.5135739147663116
augsburg_lfu,xgboost,spring_2024,320,13,0.49714088439941406,3.0,2.502859115600586
augsburg_lfu,xgboost,spring_2024,321,13,0.5529401302337646,3.0,2.4470598697662354
augsburg_lfu,xgboost,spring_2024,322,13,0.738520622253418,3.0,2.261479377746582
augsburg_lfu,xgboost,spring_2024,323,13,0.7978690266609192,3.0,2.202130973339081
augsburg_lfu,xgboost,spring_2024,324,13,1.0018588304519653,3.0,1.9981411695480347
augsburg_lfu,xgboost,spring_2024,325,13,1.4063667058944702,3.0,1.5936332941055298
augsburg_lfu,xgboost,spring_2024,326,13,1.4797807931900024,3.0,1.5202192068099976
augsburg_lfu,xgboost,spring_2024,327,13,1.4248677492141724,3.0,1.5751322507858276
augsburg_lfu,xgboost,spring_2024,328,13,1.3614389896392822,3.0,1.6385610103607178
augsburg_lfu,xgboost,spring_2024,329,13,1.299146294593811,2.0,0.700853705406189
augsburg_lfu,xgboost,spring_2024,330,13,1.4161193370819092,2.0,0.5838806629180908
augsburg_lfu,xgboost,spring_2024,331,13,1.337241768836975,2.0,0.6627582311630249
augsburg_lfu,xgboost,spring_2024,332,13,1.1531682014465332,2.0,0.8468317985534668
augsburg_lfu,xgboost,spring_2024,333,13,1.3679540157318115,2.0,0.6320459842681885
augsburg_lfu,xgboost,spring_2024,334,13,1.304526448249817,2.0,0.6954735517501831
augsburg_lfu,xgboost,spring_2024,335,13,1.2813005447387695,3.0,1.7186994552612305
augsburg_lfu,xgboost,spring_2024,336,14,1.3274189233779907,3.0,1.6725810766220093
augsburg_lfu,xgboost,spring_2024,337,14,1.418735146522522,3.0,1.581264853477478
augsburg_lfu,xgboost,spring_2024,338,14,1.446944236755371,4.0,2.553055763244629
augsburg_lfu,xgboost,spring_2024,339,14,1.298121690750122,4.0,2.701878309249878
augsburg_lfu,xgboost,spring_2024,340,14,1.3478461503982544,4.0,2.6521538496017456
augsburg_lfu,xgboost,spring_2024,341,14,1.627151608467102,4.0,2.372848391532898
augsburg_lfu,xgboost,spring_2024,342,14,1.5095752477645874,4.0,2.4904247522354126
augsburg_lfu,xgboost,spring_2024,343,14,1.683517336845398,4.0,2.316482663154602
augsburg_lfu,xgboost,spring_2024,344,14,1.1311675310134888,3.0,1.8688324689865112
augsburg_lfu,xgboost,spring_2024,345,14,1.1403089761734009,3.0,1.8596910238265991
augsburg_lfu,xgboost,spring_2024,346,14,1.268687129020691,4.0,2.731312870979309
augsburg_lfu,xgboost,spring_2024,347,14,1.44345223903656,4.0,2.55654776096344
augsburg_lfu,xgboost,spring_2024,348,14,1.3986402750015259,4.0,2.601359724998474
augsburg_lfu,xgboost,spring_2024,349,14,1.2559956312179565,4.0,2.7440043687820435
augsburg_lfu,xgboost,spring_2024,350,14,1.322231650352478,4.0,2.677768349647522
augsburg_lfu,xgboost,spring_2024,351,14,1.408177375793457,4.0,2.591822624206543
augsburg_lfu,xgboost,spring_2024,352,14,1.6819276809692383,4.0,2.3180723190307617
augsburg_lfu,xgboost,spring_2024,353,14,1.9819371700286865,5.0,3.0180628299713135
augsburg_lfu,xgboost,spring_2024,354,14,2.0937998294830322,5.0,2.9062001705169678
augsburg_lfu,xgboost,spring_2024,355,14,2.864515542984009,4.0,1.1354844570159912
augsburg_lfu,xgboost,spring_2024,356,14,3.2729527950286865,5.0,1.7270472049713135
augsburg_lfu,xgboost,spring_2024,357,14,3.670832633972168,6.0,2.329167366027832
augsburg_lfu,xgboost,spring_2024,358,14,3.6815059185028076,6.0,2.3184940814971924
augsburg_lfu,xgboost,spring_2024,359,14,3.822277784347534,6.0,2.177722215652466
augsburg_lfu,xgboost,spring_2024,360,15,3.697470188140869,6.0,2.302529811859131
augsburg_lfu,xgboost,spring_2024,361,15,3.7744719982147217,6.0,2.2255280017852783
augsburg_lfu,xgboost,spring_2024,362,15,3.8745877742767334,6.0,2.1254122257232666
augsburg_lfu,xgboost,spring_2024,363,15,3.7718007564544678,5.0,1.2281992435455322
augsburg_lfu,xgboost,spring_2024,364,15,4.08055305480957,5.0,0.9194469451904297
augsburg_lfu,xgboost,spring_2024,365,15,4.177621841430664,6.0,1.822378158569336
augsburg_lfu,xgboost,spring_2024,366,15,4.113915920257568,5.0,0.8860840797424316
augsburg_lfu,xgboost,spring_2024,367,15,3.9449191093444824,4.0,0.05508089065551758
augsburg_lfu,xgboost,spring_2024,368,15,2.981928825378418,4.0,1.018071174621582
augsburg_lfu,xgboost,spring_2024,369,15,2.248577117919922,5.0,2.751422882080078
augsburg_lfu,xgboost,spring_2024,370,15,2.4277117252349854,4.0,1.5722882747650146
augsburg_lfu,xgboost,spring_2024,371,15,2.473886489868164,5.0,2.526113510131836
augsburg_lfu,xgboost,spring_2024,372,15,2.8165671825408936,5.0,2.1834328174591064
augsburg_lfu,xgboost,spring_2024,373,15,2.871044158935547,6.0,3.128955841064453
augsburg_lfu,xgboost,spring_2024,374,15,2.876788377761841,6.0,3.123211622238159
augsburg_lfu,xgboost,spring_2024,375,15,2.8439221382141113,5.0,2.1560778617858887
augsburg_lfu,xgboost,spring_2024,376,15,2.989778995513916,5.0,2.010221004486084
augsburg_lfu,xgboost,spring_2024,377,15,2.9640047550201416,6.0,3.0359952449798584
augsburg_lfu,xgboost,spring_2024,378,15,4.848155498504639,6.0,1.1518445014953613
augsburg_lfu,xgboost,spring_2024,379,15,11.751267433166504,18.0,6.248732566833496
augsburg_lfu,xgboost,spring_2024,380,15,16.72018051147461,24.0,7.279819488525391
augsburg_lfu,xgboost,spring_2024,381,15,21.22084617614746,14.0,7.220846176147461
augsburg_lfu,xgboost,spring_2024,382,15,19.695056915283203,15.0,4.695056915283203
augsburg_lfu,xgboost,spring_2024,383,15,18.10455894470215,13.0,5.104558944702148
augsburg_lfu,xgboost,spring_2024,384,16,16.309844970703125,11.0,5.309844970703125
augsburg_lfu,xgboost,spring_2024,385,16,12.77939224243164,8.0,4.779392242431641
augsburg_lfu,xgboost,spring_2024,386,16,10.13647174835205,7.0,3.136471748352051
augsburg_lfu,xgboost,spring_2024,387,16,8.11181640625,6.0,2.11181640625
augsburg_lfu,xgboost,spring_2024,388,16,7.106383800506592,6.0,1.1063838005065918
augsburg_lfu,xgboost,spring_2024,389,16,6.0269036293029785,5.0,1.0269036293029785
augsburg_lfu,xgboost,spring_2024,390,16,5.1146697998046875,5.0,0.1146697998046875
augsburg_lfu,xgboost,spring_2024,391,16,4.029056549072266,4.0,0.029056549072265625
augsburg_lfu,xgboost,spring_2024,392,16,3.6337294578552246,5.0,1.3662705421447754
augsburg_lfu,xgboost,spring_2024,393,16,2.6028647422790527,5.0,2.3971352577209473
augsburg_lfu,xgboost,spring_2024,394,16,2.291522979736328,6.0,3.708477020263672
augsburg_lfu,xgboost,spring_2024,395,16,3.5357565879821777,10.0,6.464243412017822
augsburg_lfu,xgboost,spring_2024,396,16,4.967095851898193,11.0,6.032904148101807
augsburg_lfu,xgboost,spring_2024,397,16,7.480637073516846,11.0,3.5193629264831543
augsburg_lfu,xgboost,spring_2024,398,16,10.579113960266113,11.0,0.4208860397338867
augsburg_lfu,xgboost,spring_2024,399,16,13.078885078430176,11.0,2.078885078430176
augsburg_lfu,xgboost,spring_2024,400,16,15.850386619567871,11.0,4.850386619567871
augsburg_lfu,xgboost,spring_2024,401,16,18.660442352294922,12.0,6.660442352294922
augsburg_lfu,xgboost,spring_2024,402,16,21.272066116333008,12.0,9.272066116333008
augsburg_lfu,xgboost,spring_2024,403,16,24.68265724182129,20.0,4.682657241821289
augsburg_lfu,xgboost,spring_2024,404,16,24.09697914123535,20.0,4.096979141235352
augsburg_lfu,xgboost,spring_2024,405,16,22.88865089416504,14.0,8.888650894165039
augsburg_lfu,xgboost,spring_2024,406,16,23.44321632385254,10.0,13.443216323852539
augsburg_lfu,xgboost,spring_2024,407,16,20.691146850585938,10.0,10.691146850585938
augsburg_lfu,xgboost,spring_2024,408,17,16.52398109436035,9.0,7.523981094360352
augsburg_lfu,xgboost,spring_2024,409,17,13.84262752532959,9.0,4.84262752532959
augsburg_lfu,xgboost,spring_2024,410,17,12.005784034729004,8.0,4.005784034729004
augsburg_lfu,xgboost,spring_2024,411,17,10.756711959838867,9.0,1.7567119598388672
augsburg_lfu,xgboost,spring_2024,412,17,10.377983093261719,10.0,0.37798309326171875
augsburg_lfu,xgboost,spring_2024,413,17,10.97001838684082,10.0,0.9700183868408203
augsburg_lfu,xgboost,spring_2024,414,17,11.358874320983887,10.0,1.3588743209838867
augsburg_lfu,xgboost,spring_2024,415,17,12.201495170593262,11.0,1.2014951705932617
augsburg_lfu,xgboost,spring_2024,416,17,16.068769454956055,12.0,4.068769454956055
augsburg_lfu,xgboost,spring_2024,417,17,20.72287940979004,13.0,7.722879409790039
augsburg_lfu,xgboost,spring_2024,418,17,22.71773910522461,13.0,9.71773910522461
augsburg_lfu,xgboost,spring_2024,419,17,25.918371200561523,14.0,11.918371200561523
augsburg_lfu,xgboost,spring_2024,420,17,28.47432518005371,17.0,11.474325180053711
augsburg_lfu,xgboost,spring_2024,421,17,28.499967575073242,21.0,7.499967575073242
augsburg_lfu,xgboost,spring_2024,422,17,30.5591983795166,22.0,8.559198379516602
augsburg_lfu,xgboost,spring_2024,423,17,31.56947135925293,23.0,8.56947135925293
augsburg_lfu,xgboost,spring_2024,424,17,31.272857666015625,23.0,8.272857666015625
augsburg_lfu,xgboost,spring_2024,425,17,31.64947509765625,23.0,8.64947509765625
augsburg_lfu,xgboost,spring_2024,426,17,31.054752349853516,21.0,10.054752349853516
augsburg_lfu,xgboost,spring_2024,427,17,31.11370277404785,20.0,11.113702774047852
augsburg_lfu,xgboost,spring_2024,428,17,30.99913215637207,19.0,11.99913215637207
augsburg_lfu,xgboost,spring_2024,429,17,30.277116775512695,19.0,11.277116775512695
augsburg_lfu,xgboost,spring_2024,430,17,28.655611038208008,18.0,10.655611038208008
augsburg_lfu,xgboost,spring_2024,431,17,26.290481567382812,18.0,8.290481567382812
augsburg_lfu,xgboost,spring_2024,432,18,24.234085083007812,18.0,6.2340850830078125
augsburg_lfu,xgboost,spring_2024,433,18,23.804140090942383,18.0,5.804140090942383
augsburg_lfu,xgboost,spring_2024,434,18,24.159521102905273,18.0,6.159521102905273
augsburg_lfu,xgboost,spring_2024,435,18,23.438478469848633,17.0,6.438478469848633
augsburg_lfu,xgboost,spring_2024,436,18,24.500308990478516,16.0,8.500308990478516
augsburg_lfu,xgboost,spring_2024,437,18,25.883790969848633,15.0,10.883790969848633
augsburg_lfu,xgboost,spring_2024,438,18,26.00456428527832,15.0,11.00456428527832
augsburg_lfu,xgboost,spring_2024,439,18,24.195354461669922,11.0,13.195354461669922
augsburg_lfu,xgboost,spring_2024,440,18,24.25600242614746,11.0,13.256002426147461
augsburg_lfu,xgboost,spring_2024,441,18,23.717761993408203,11.0,12.717761993408203
augsburg_lfu,xgboost,spring_2024,442,18,22.389577865600586,11.0,11.389577865600586
augsburg_lfu,xgboost,spring_2024,443,18,19.84476661682129,11.0,8.844766616821289
augsburg_lfu,xgboost,spring_2024,444,18,17.302278518676758,7.0,10.302278518676758
augsburg_lfu,xgboost,spring_2024,445,18,11.06903076171875,5.0,6.06903076171875
augsburg_lfu,xgboost,spring_2024,446,18,5.938239574432373,4.0,1.938239574432373
augsburg_lfu,xgboost,spring_2024,447,18,3.616107702255249,4.0,0.383892297744751
augsburg_lfu,xgboost,spring_2024,448,18,3.3719615936279297,3.0,0.3719615936279297
augsburg_lfu,xgboost,spring_2024,449,18,4.8573317527771,3.0,1.8573317527770996
augsburg_lfu,xgboost,spring_2024,450,18,5.735682487487793,3.0,2.735682487487793
augsburg_lfu,xgboost,spring_2024,451,18,4.953191757202148,2.0,2.9531917572021484
augsburg_lfu,xgboost,spring_2024,452,18,4.695338726043701,2.0,2.695338726043701
augsburg_lfu,xgboost,spring_2024,453,18,4.359072685241699,2.0,2.359072685241699
augsburg_lfu,xgboost,spring_2024,454,18,4.00567102432251,2.0,2.0056710243225098
augsburg_lfu,xgboost,spring_2024,455,18,3.9246604442596436,2.0,1.9246604442596436
augsburg_lfu,xgboost,spring_2024,456,19,3.356196403503418,3.0,0.35619640350341797
augsburg_lfu,xgboost,spring_2024,457,19,3.3882288932800293,3.0,0.3882288932800293
augsburg_lfu,xgboost,spring_2024,458,19,3.4366040229797363,3.0,0.43660402297973633
augsburg_lfu,xgboost,spring_2024,459,19,3.2955410480499268,3.0,0.29554104804992676
augsburg_lfu,xgboost,spring_2024,460,19,3.5590627193450928,3.0,0.5590627193450928
augsburg_lfu,xgboost,spring_2024,461,19,2.9692819118499756,3.0,0.030718088150024414
augsburg_lfu,xgboost,spring_2024,462,19,3.4353506565093994,3.0,0.4353506565093994
augsburg_lfu,xgboost,spring_2024,463,19,2.8535215854644775,3.0,0.14647841453552246
augsburg_lfu,xgboost,spring_2024,464,19,4.090717792510986,3.0,1.0907177925109863
augsburg_lfu,xgboost,spring_2024,465,19,3.9000632762908936,3.0,0.9000632762908936
augsburg_lfu,xgboost,spring_2024,466,19,3.4023404121398926,4.0,0.5976595878601074
augsburg_lfu,xgboost,spring_2024,467,19,3.184520721435547,3.0,0.18452072143554688
augsburg_lfu,xgboost,spring_2024,468,19,3.1723058223724365,3.0,0.17230582237243652
augsburg_lfu,xgboost,spring_2024,469,19,3.298675060272217,4.0,0.7013249397277832
augsburg_lfu,xgboost,spring_2024,470,19,3.1862199306488037,5.0,1.8137800693511963
augsburg_lfu,xgboost,spring_2024,471,19,3.2464306354522705,5.0,1.7535693645477295
augsburg_lfu,xgboost,spring_2024,472,19,3.592252016067505,5.0,1.4077479839324951
augsburg_lfu,xgboost,spring_2024,473,19,3.877415895462036,4.0,0.12258410453796387
augsburg_lfu,xgboost,spring_2024,474,19,3.629377841949463,5.0,1.370622158050537
augsburg_lfu,xgboost,spring_2024,475,19,4.240445613861084,7.0,2.759554386138916
augsburg_lfu,xgboost,spring_2024,476,19,5.368056774139404,14.0,8.631943225860596
augsburg_lfu,xgboost,spring_2024,477,19,6.411918640136719,7.0,0.5880813598632812
augsburg_lfu,xgboost,spring_2024,478,19,6.485676288604736,5.0,1.4856762886047363
augsburg_lfu,xgboost,spring_2024,479,19,6.668152809143066,4.0,2.6681528091430664
augsburg_lfu,xgboost,spring_2024,480,20,6.755313873291016,7.0,0.24468612670898438
augsburg_lfu,xgboost,spring_2024,481,20,7.1247944831848145,6.0,1.1247944831848145
augsburg_lfu,xgboost,spring_2024,482,20,6.9128642082214355,6.0,0.9128642082214355
augsburg_lfu,xgboost,spring_2024,483,20,6.7347798347473145,6.0,0.7347798347473145
augsburg_lfu,xgboost,spring_2024,484,20,6.596020221710205,6.0,0.5960202217102051
augsburg_lfu,xgboost,spring_2024,485,20,6.576395511627197,6.0,0.5763955116271973
augsburg_lfu,xgboost,spring_2024,486,20,7.11591100692749,6.0,1.1159110069274902
augsburg_lfu,xgboost,spring_2024,487,20,7.78327751159668,7.0,0.7832775115966797
augsburg_lfu,xgboost,spring_2024,488,20,7.151573657989502,8.0,0.848426342010498
augsburg_lfu,xgboost,spring_2024,489,20,7.257511138916016,8.0,0.7424888610839844
augsburg_lfu,xgboost,spring_2024,490,20,6.889305114746094,8.0,1.1106948852539062
augsburg_lfu,xgboost,spring_2024,491,20,7.119842052459717,9.0,1.8801579475402832
augsburg_lfu,xgboost,spring_2024,492,20,7.279237270355225,9.0,1.7207627296447754
augsburg_lfu,xgboost,spring_2024,493,20,7.080575942993164,9.0,1.919424057006836
augsburg_lfu,xgboost,spring_2024,494,20,7.214915752410889,9.0,1.7850842475891113
augsburg_lfu,xgboost,spring_2024,495,20,7.162220001220703,9.0,1.8377799987792969
augsburg_lfu,xgboost,spring_2024,496,20,7.395758152008057,10.0,2.6042418479919434
augsburg_lfu,xgboost,spring_2024,497,20,8.1668701171875,9.0,0.8331298828125
augsburg_lfu,xgboost,spring_2024,498,20,9.102840423583984,9.0,0.10284042358398438
augsburg_lfu,xgboost,spring_2024,499,20,10.580879211425781,8.0,2.5808792114257812
augsburg_lfu,xgboost,spring_2024,500,20,13.017173767089844,11.0,2.0171737670898438
augsburg_lfu,xgboost,spring_2024,501,20,14.257122993469238,11.0,3.2571229934692383
augsburg_lfu,xgboost,spring_2024,502,20,13.992457389831543,10.0,3.992457389831543
augsburg_lfu,xgboost,spring_2024,503,20,13.691360473632812,9.0,4.6913604736328125
augsburg_lfu,xgboost,spring_2024,504,21,12.200100898742676,10.0,2.200100898742676
augsburg_lfu,xgboost,spring_2024,505,21,11.549821853637695,14.0,2.4501781463623047
augsburg_lfu,xgboost,spring_2024,506,21,10.575422286987305,13.0,2.4245777130126953
augsburg_lfu,xgboost,spring_2024,507,21,10.655364990234375,14.0,3.344635009765625
augsburg_lfu,xgboost,spring_2024,508,21,10.690849304199219,16.0,5.309150695800781
augsburg_lfu,xgboost,spring_2024,509,21,10.99978256225586,16.0,5.000217437744141
augsburg_lfu,xgboost,spring_2024,510,21,11.490299224853516,16.0,4.509700775146484
augsburg_lfu,xgboost,spring_2024,511,21,11.296562194824219,16.0,4.703437805175781
augsburg_lfu,xgboost,spring_2024,512,21,10.933024406433105,17.0,6.0669755935668945
augsburg_lfu,xgboost,spring_2024,513,21,10.506800651550293,16.0,5.493199348449707
augsburg_lfu,xgboost,spring_2024,514,21,10.474530220031738,15.0,4.525469779968262
augsburg_lfu,xgboost,spring_2024,515,21,10.550713539123535,13.0,2.449286460876465
augsburg_lfu,xgboost,spring_2024,516,21,10.57805061340332,13.0,2.4219493865966797
augsburg_lfu,xgboost,spring_2024,517,21,10.614445686340332,13.0,2.385554313659668
augsburg_lfu,xgboost,spring_2024,518,21,10.938725471496582,10.0,0.938725471496582
augsburg_lfu,xgboost,spring_2024,519,21,10.736868858337402,8.0,2.7368688583374023
augsburg_lfu,xgboost,spring_2024,520,21,10.412717819213867,6.0,4.412717819213867
augsburg_lfu,xgboost,spring_2024,521,21,10.46601390838623,8.0,2.4660139083862305
augsburg_lfu,xgboost,spring_2024,522,21,11.122819900512695,9.0,2.1228199005126953
augsburg_lfu,xgboost,spring_2024,523,21,12.984624862670898,8.0,4.984624862670898
augsburg_lfu,xgboost,spring_2024,524,21,14.566529273986816,9.0,5.566529273986816
augsburg_lfu,xgboost,spring_2024,525,21,15.616806030273438,12.0,3.6168060302734375
augsburg_lfu,xgboost,spring_2024,526,21,17.52305030822754,11.0,6.523050308227539
augsburg_lfu,xgboost,spring_2024,527,21,18.978059768676758,12.0,6.978059768676758
augsburg_lfu,xgboost,spring_2024,528,22,17.824077606201172,14.0,3.824077606201172
augsburg_lfu,xgboost,spring_2024,529,22,16.36115074157715,13.0,3.3611507415771484
augsburg_lfu,xgboost,spring_2024,530,22,15.070976257324219,13.0,2.0709762573242188
augsburg_lfu,xgboost,spring_2024,531,22,14.395251274108887,13.0,1.3952512741088867
augsburg_lfu,xgboost,spring_2024,532,22,13.961396217346191,13.0,0.9613962173461914
augsburg_lfu,xgboost,spring_2024,533,22,13.616532325744629,12.0,1.616532325744629
augsburg_lfu,xgboost,spring_2024,534,22,13.105457305908203,12.0,1.1054573059082031
augsburg_lfu,xgboost,spring_2024,535,22,12.546798706054688,10.0,2.5467987060546875
augsburg_lfu,xgboost,spring_2024,536,22,10.924721717834473,9.0,1.9247217178344727
augsburg_lfu,xgboost,spring_2024,537,22,8.938088417053223,9.0,0.061911582946777344
augsburg_lfu,xgboost,spring_2024,538,22,7.954803466796875,11.0,3.045196533203125
augsburg_lfu,xgboost,spring_2024,539,22,7.783199787139893,10.0,2.2168002128601074
augsburg_lfu,xgboost,spring_2024,540,22,7.353454113006592,9.0,1.6465458869934082
augsburg_lfu,xgboost,spring_2024,541,22,7.3331618309021,7.0,0.3331618309020996
augsburg_lfu,xgboost,spring_2024,542,22,7.091658115386963,7.0,0.09165811538696289
augsburg_lfu,xgboost,spring_2024,543,22,6.868521213531494,6.0,0.8685212135314941
augsburg_lfu,xgboost,spring_2024,544,22,7.201285362243652,6.0,1.2012853622436523
augsburg_lfu,xgboost,spring_2024,545,22,7.478786468505859,6.0,1.4787864685058594
augsburg_lfu,xgboost,spring_2024,546,22,8.3674955368042,7.0,1.3674955368041992
augsburg_lfu,xgboost,spring_2024,547,22,11.905476570129395,10.0,1.9054765701293945
augsburg_lfu,xgboost,spring_2024,548,22,13.676627159118652,15.0,1.3233728408813477
augsburg_lfu,xgboost,spring_2024,549,22,16.38603401184082,12.0,4.38603401184082
augsburg_lfu,xgboost,spring_2024,550,22,17.21129608154297,10.0,7.211296081542969
augsburg_lfu,xgboost,spring_2024,551,22,14.830265998840332,7.0,7.830265998840332
augsburg_lfu,xgboost,spring_2024,552,23,12.928802490234375,8.0,4.928802490234375
augsburg_lfu,xgboost,spring_2024,553,23,11.806893348693848,8.0,3.8068933486938477
augsburg_lfu,xgboost,spring_2024,554,23,9.555153846740723,7.0,2.5551538467407227
augsburg_lfu,xgboost,spring_2024,555,23,9.178507804870605,7.0,2.1785078048706055
augsburg_lfu,xgboost,spring_2024,556,23,8.103124618530273,6.0,2.1031246185302734
augsburg_lfu,xgboost,spring_2024,557,23,7.899874687194824,6.0,1.8998746871948242
augsburg_lfu,xgboost,spring_2024,558,23,7.210360050201416,5.0,2.210360050201416
augsburg_lfu,xgboost,spring_2024,559,23,6.071165084838867,5.0,1.0711650848388672
augsburg_lfu,xgboost,spring_2024,560,23,5.047413349151611,5.0,0.04741334915161133
augsburg_lfu,xgboost,spring_2024,561,23,4.551968097686768,5.0,0.4480319023132324
augsburg_lfu,xgboost,spring_2024,562,23,4.324087619781494,6.0,1.6759123802185059
augsburg_lfu,xgboost,spring_2024,563,23,3.941396474838257,7.0,3.058603525161743
augsburg_lfu,xgboost,spring_2024,564,23,3.6387147903442383,7.0,3.3612852096557617
augsburg_lfu,xgboost,spring_2024,565,23,3.8342912197113037,8.0,4.165708780288696
augsburg_lfu,xgboost,spring_2024,566,23,3.5834600925445557,8.0,4.416539907455444
augsburg_lfu,xgboost,spring_2024,567,23,3.7824060916900635,8.0,4.2175939083099365
augsburg_lfu,xgboost,spring_2024,568,23,3.8447017669677734,8.0,4.155298233032227
augsburg_lfu,xgboost,spring_2024,569,23,3.951221227645874,9.0,5.048778772354126
augsburg_lfu,xgboost,spring_2024,570,23,4.75945520401001,9.0,4.24054479598999
augsburg_lfu,xgboost,spring_2024,571,23,6.494288921356201,10.0,3.505711078643799
augsburg_lfu,xgboost,spring_2024,572,23,9.248738288879395,10.0,0.7512617111206055
augsburg_lfu,xgboost,spring_2024,573,23,10.941610336303711,10.0,0.9416103363037109
augsburg_lfu,xgboost,spring_2024,574,23,12.103379249572754,9.0,3.103379249572754
augsburg_lfu,xgboost,spring_2024,575,23,13.226173400878906,9.0,4.226173400878906
augsburg_lfu,xgboost,spring_2024,576,24,12.947131156921387,9.0,3.9471311569213867
augsburg_lfu,xgboost,spring_2024,577,24,12.685172080993652,8.0,4.685172080993652
augsburg_lfu,xgboost,spring_2024,578,24,10.899689674377441,7.0,3.8996896743774414
augsburg_lfu,xgboost,spring_2024,579,24,9.06603717803955,6.0,3.066037178039551
augsburg_lfu,xgboost,spring_2024,580,24,7.188490390777588,6.0,1.188490390777588
augsburg_lfu,xgboost,spring_2024,581,24,6.420735836029053,6.0,0.42073583602905273
augsburg_lfu,xgboost,spring_2024,582,24,6.777853488922119,6.0,0.7778534889221191
augsburg_lfu,xgboost,spring_2024,583,24,6.890613079071045,7.0,0.10938692092895508
augsburg_lfu,xgboost,spring_2024,584,24,7.323863506317139,7.0,0.32386350631713867
augsburg_lfu,xgboost,spring_2024,585,24,7.377011299133301,7.0,0.3770112991333008
augsburg_lfu,xgboost,spring_2024,586,24,7.446420192718506,7.0,0.44642019271850586
augsburg_lfu,xgboost,spring_2024,587,24,6.855071544647217,4.0,2.855071544647217
augsburg_lfu,xgboost,spring_2024,588,24,6.48518180847168,4.0,2.4851818084716797
augsburg_lfu,xgboost,spring_2024,589,24,6.204579830169678,5.0,1.2045798301696777
augsburg_lfu,xgboost,spring_2024,590,24,5.464977264404297,6.0,0.5350227355957031
augsburg_lfu,xgboost,spring_2024,591,24,4.619882106781006,6.0,1.3801178932189941
augsburg_lfu,xgboost,spring_2024,592,24,4.130606651306152,5.0,0.8693933486938477
augsburg_lfu,xgboost,spring_2024,593,24,3.8536553382873535,5.0,1.1463446617126465
augsburg_lfu,xgboost,spring_2024,594,24,3.351602792739868,4.0,0.6483972072601318
augsburg_lfu,xgboost,spring_2024,595,24,2.9976274967193604,4.0,1.0023725032806396
augsburg_lfu,xgboost,spring_2024,596,24,2.2500908374786377,4.0,1.7499091625213623
augsburg_lfu,xgboost,spring_2024,597,24,2.3216054439544678,3.0,0.6783945560455322
augsburg_lfu,xgboost,spring_2024,598,24,2.2245311737060547,3.0,0.7754688262939453
augsburg_lfu,xgboost,spring_2024,599,24,1.4818565845489502,2.0,0.5181434154510498
augsburg_lfu,xgboost,spring_2024,600,25,1.3283700942993164,2.0,0.6716299057006836
augsburg_lfu,xgboost,spring_2024,601,25,1.1525354385375977,2.0,0.8474645614624023
augsburg_lfu,xgboost,spring_2024,602,25,0.9596283435821533,2.0,1.0403716564178467
augsburg_lfu,xgboost,spring_2024,603,25,0.7292536497116089,2.0,1.2707463502883911
augsburg_lfu,xgboost,spring_2024,604,25,0.6644300222396851,2.0,1.335569977760315
augsburg_lfu,xgboost,spring_2024,605,25,0.6951594352722168,1.0,0.3048405647277832
augsburg_lfu,xgboost,spring_2024,606,25,0.49691230058670044,1.0,0.5030876994132996
augsburg_lfu,xgboost,spring_2024,607,25,0.5188535451889038,1.0,0.4811464548110962
augsburg_lfu,xgboost,spring_2024,608,25,0.5778762102127075,1.0,0.4221237897872925
augsburg_lfu,xgboost,spring_2024,609,25,0.5645827651023865,2.0,1.4354172348976135
augsburg_lfu,xgboost,spring_2024,610,25,0.7554680109024048,2.0,1.2445319890975952
augsburg_lfu,xgboost,spring_2024,611,25,0.9699658751487732,2.0,1.0300341248512268
augsburg_lfu,xgboost,spring_2024,612,25,1.1969236135482788,3.0,1.8030763864517212
augsburg_lfu,xgboost,spring_2024,613,25,1.4392520189285278,2.0,0.5607479810714722
augsburg_lfu,xgboost,spring_2024,614,25,1.5708223581314087,3.0,1.4291776418685913
augsburg_lfu,xgboost,spring_2024,615,25,1.5526585578918457,3.0,1.4473414421081543
augsburg_lfu,xgboost,spring_2024,616,25,1.4873944520950317,3.0,1.5126055479049683
augsburg_lfu,xgboost,spring_2024,617,25,1.4863091707229614,3.0,1.5136908292770386
augsburg_lfu,xgboost,spring_2024,618,25,1.5649490356445312,2.0,0.43505096435546875
augsburg_lfu,xgboost,spring_2024,619,25,1.2511451244354248,2.0,0.7488548755645752
augsburg_lfu,xgboost,spring_2024,620,25,1.1649364233016968,2.0,0.8350635766983032
augsburg_lfu,xgboost,spring_2024,621,25,0.9289608597755432,2.0,1.0710391402244568
augsburg_lfu,xgboost,spring_2024,622,25,0.7435819506645203,2.0,1.2564180493354797
augsburg_lfu,xgboost,spring_2024,623,25,0.6114097833633423,2.0,1.3885902166366577
augsburg_lfu,xgboost,spring_2024,624,26,0.6213431358337402,1.0,0.37865686416625977
augsburg_lfu,xgboost,spring_2024,625,26,0.6313102841377258,1.0,0.36868971586227417
augsburg_lfu,xgboost,spring_2024,626,26,0.5937750339508057,1.0,0.40622496604919434
augsburg_lfu,xgboost,spring_2024,627,26,0.49822381138801575,1.0,0.5017761886119843
augsburg_lfu,xgboost,spring_2024,628,26,0.6132693290710449,1.0,0.3867306709289551
augsburg_lfu,xgboost,spring_2024,629,26,0.6934511661529541,1.0,0.3065488338470459
augsburg_lfu,xgboost,spring_2024,630,26,0.6426184773445129,1.0,0.35738152265548706
augsburg_lfu,xgboost,spring_2024,631,26,0.7093324661254883,1.0,0.2906675338745117
augsburg_lfu,xgboost,spring_2024,632,26,0.631330132484436,1.0,0.36866986751556396
augsburg_lfu,xgboost,spring_2024,633,26,0.7929282784461975,2.0,1.2070717215538025
augsburg_lfu,xgboost,spring_2024,634,26,1.0683894157409668,2.0,0.9316105842590332
augsburg_lfu,xgboost,spring_2024,635,26,1.3892450332641602,2.0,0.6107549667358398
augsburg_lfu,xgboost,spring_2024,636,26,1.553800106048584,2.0,0.446199893951416
augsburg_lfu,xgboost,spring_2024,637,26,1.9667489528656006,2.0,0.033251047134399414
augsburg_lfu,xgboost,spring_2024,638,26,1.3609583377838135,2.0,0.6390416622161865
augsburg_lfu,xgboost,spring_2024,639,26,1.5295542478561401,2.0,0.47044575214385986
augsburg_lfu,xgboost,spring_2024,640,26,1.3892685174942017,2.0,0.6107314825057983
augsburg_lfu,xgboost,spring_2024,641,26,1.3475162982940674,2.0,0.6524837017059326
augsburg_lfu,xgboost,spring_2024,642,26,1.422412395477295,2.0,0.5775876045227051
augsburg_lfu,xgboost,spring_2024,643,26,1.0116528272628784,2.0,0.9883471727371216
augsburg_lfu,xgboost,spring_2024,644,26,1.057127833366394,2.0,0.942872166633606
augsburg_lfu,xgboost,spring_2024,645,26,1.0361440181732178,2.0,0.9638559818267822
augsburg_lfu,xgboost,spring_2024,646,26,1.1115503311157227,2.0,0.8884496688842773
augsburg_lfu,xgboost,spring_2024,647,26,1.2911032438278198,2.0,0.7088967561721802
augsburg_lfu,xgboost,spring_2024,648,27,1.461233377456665,2.0,0.538766622543335
augsburg_lfu,xgboost,spring_2024,649,27,1.4382694959640503,2.0,0.5617305040359497
augsburg_lfu,xgboost,spring_2024,650,27,1.3888589143753052,2.0,0.6111410856246948
augsburg_lfu,xgboost,spring_2024,651,27,1.49740731716156,2.0,0.5025926828384399
augsburg_lfu,xgboost,spring_2024,652,27,1.6607890129089355,2.0,0.33921098709106445
augsburg_lfu,xgboost,spring_2024,653,27,1.8026293516159058,3.0,1.1973706483840942
augsburg_lfu,xgboost,spring_2024,654,27,1.7091127634048462,3.0,1.2908872365951538
augsburg_lfu,xgboost,spring_2024,655,27,1.5896028280258179,3.0,1.4103971719741821
augsburg_lfu,xgboost,spring_2024,656,27,1.4726788997650146,3.0,1.5273211002349854
augsburg_lfu,xgboost,spring_2024,657,27,1.4580689668655396,3.0,1.5419310331344604
augsburg_lfu,xgboost,spring_2024,658,27,1.4122744798660278,3.0,1.5877255201339722
augsburg_lfu,xgboost,spring_2024,659,27,1.5809440612792969,2.0,0.4190559387207031
augsburg_lfu,xgboost,spring_2024,660,27,1.435324788093567,3.0,1.564675211906433
augsburg_lfu,xgboost,spring_2024,661,27,1.3485443592071533,3.0,1.6514556407928467
augsburg_lfu,xgboost,spring_2024,662,27,1.4274730682373047,3.0,1.5725269317626953
augsburg_lfu,xgboost,spring_2024,663,27,1.514466404914856,3.0,1.485533595085144
augsburg_lfu,xgboost,spring_2024,664,27,1.5771832466125488,3.0,1.4228167533874512
augsburg_lfu,xgboost,spring_2024,665,27,1.5121324062347412,3.0,1.4878675937652588
augsburg_lfu,xgboost,spring_2024,666,27,1.4496179819107056,3.0,1.5503820180892944
augsburg_lfu,xgboost,spring_2024,667,27,1.5925750732421875,3.0,1.4074249267578125
augsburg_lfu,xgboost,spring_2024,668,27,1.3356773853302002,2.0,0.6643226146697998
augsburg_lfu,xgboost,spring_2024,669,27,1.3625829219818115,2.0,0.6374170780181885
augsburg_lfu,xgboost,spring_2024,670,27,1.2389336824417114,2.0,0.7610663175582886
augsburg_lfu,xgboost,spring_2024,671,27,1.3035173416137695,2.0,0.6964826583862305
augsburg_lfu,xgboost,spring_2024,672,28,1.635599970817566,2.0,0.3644000291824341
augsburg_lfu,xgboost,spring_2024,673,28,1.5005618333816528,2.0,0.49943816661834717
augsburg_lfu,xgboost,spring_2024,674,28,1.5797570943832397,3.0,1.4202429056167603
augsburg_lfu,xgboost,spring_2024,675,28,1.6626261472702026,4.0,2.3373738527297974
augsburg_lfu,xgboost,spring_2024,676,28,1.6694506406784058,4.0,2.3305493593215942
augsburg_lfu,xgboost,spring_2024,677,28,1.810717225074768,4.0,2.189282774925232
augsburg_lfu,xgboost,spring_2024,678,28,1.7838317155838013,4.0,2.2161682844161987
augsburg_lfu,xgboost,spring_2024,679,28,1.6203914880752563,4.0,2.3796085119247437
augsburg_lfu,xgboost,spring_2024,680,28,1.63215172290802,4.0,2.36784827709198
augsburg_lfu,xgboost,spring_2024,681,28,1.518339991569519,3.0,1.481660008430481
augsburg_lfu,xgboost,spring_2024,682,28,1.6066334247589111,3.0,1.3933665752410889
augsburg_lfu,xgboost,spring_2024,683,28,1.5409297943115234,3.0,1.4590702056884766
augsburg_lfu,xgboost,spring_2024,684,28,1.425683856010437,3.0,1.574316143989563
augsburg_lfu,xgboost,spring_2024,685,28,1.369604468345642,3.0,1.630395531654358
augsburg_lfu,xgboost,spring_2024,686,28,1.2028757333755493,4.0,2.7971242666244507
augsburg_lfu,xgboost,spring_2024,687,28,1.1184223890304565,3.0,1.8815776109695435
augsburg_lfu,xgboost,spring_2024,688,28,1.054358959197998,3.0,1.945641040802002
augsburg_lfu,xgboost,spring_2024,689,28,0.9311575889587402,2.0,1.0688424110412598
augsburg_lfu,xgboost,spring_2024,690,28,0.7234585881233215,2.0,1.2765414118766785
augsburg_lfu,xgboost,spring_2024,691,28,0.47917279601097107,2.0,1.520827203989029
augsburg_lfu,xgboost,spring_2024,692,28,0.26171374320983887,2.0,1.7382862567901611
augsburg_lfu,xgboost,spring_2024,693,28,0.2713906168937683,2.0,1.7286093831062317
augsburg_lfu,xgboost,spring_2024,694,28,0.2620983421802521,1.0,0.7379016578197479
augsburg_lfu,xgboost,spring_2024,695,28,0.21401989459991455,1.0,0.7859801054000854
augsburg_lfu,xgboost,spring_2024,696,29,0.45126116275787354,1.0,0.5487388372421265
augsburg_lfu,xgboost,spring_2024,697,29,0.4833366572856903,1.0,0.5166633427143097
augsburg_lfu,xgboost,spring_2024,698,29,0.5322402119636536,1.0,0.46775978803634644
augsburg_lfu,xgboost,spring_2024,699,29,0.597541332244873,2.0,1.402458667755127
augsburg_lfu,xgboost,spring_2024,700,29,0.6335155367851257,1.0,0.36648446321487427
augsburg_lfu,xgboost,spring_2024,701,29,0.6817682385444641,2.0,1.3182317614555359
augsburg_lfu,xgboost,spring_2024,702,29,0.7264183163642883,1.0,0.27358168363571167
augsburg_lfu,xgboost,spring_2024,703,29,0.9144149422645569,1.0,0.08558505773544312
augsburg_lfu,xgboost,spring_2024,704,29,0.8866292238235474,1.0,0.11337077617645264
augsburg_lfu,xgboost,spring_2024,705,29,0.8877419233322144,1.0,0.11225807666778564
augsburg_lfu,xgboost,spring_2024,706,29,0.9360214471817017,2.0,1.0639785528182983
augsburg_lfu,xgboost,spring_2024,707,29,1.026108980178833,2.0,0.973891019821167
augsburg_lfu,xgboost,spring_2024,708,29,1.29019033908844,2.0,0.7098096609115601
augsburg_lfu,xgboost,spring_2024,709,29,1.379664421081543,3.0,1.620335578918457
augsburg_lfu,xgboost,spring_2024,710,29,1.3331680297851562,2.0,0.6668319702148438
augsburg_lfu,xgboost,spring_2024,711,29,1.2165101766586304,2.0,0.7834898233413696
augsburg_lfu,xgboost,spring_2024,712,29,1.0514633655548096,2.0,0.9485366344451904
augsburg_lfu,xgboost,spring_2024,713,29,1.247877597808838,3.0,1.752122402191162
augsburg_lfu,xgboost,spring_2024,714,29,1.3046456575393677,3.0,1.6953543424606323
augsburg_lfu,xgboost,spring_2024,715,29,1.3218932151794434,3.0,1.6781067848205566
augsburg_lfu,xgboost,spring_2024,716,29,1.567805528640747,3.0,1.432194471359253
augsburg_lfu,xgboost,spring_2024,717,29,1.202689290046692,2.0,0.7973107099533081
augsburg_lfu,xgboost,spring_2024,718,29,1.1005922555923462,2.0,0.8994077444076538
augsburg_lfu,xgboost,spring_2024,719,29,1.0156469345092773,2.0,0.9843530654907227
augsburg_lfu,xgboost,spring_2024,720,30,1.5506337881088257,2.0,0.4493662118911743
augsburg_lfu,xgboost,spring_2024,721,30,1.7666999101638794,2.0,0.2333000898361206
augsburg_lfu,xgboost,spring_2024,722,30,1.6093322038650513,3.0,1.3906677961349487
augsburg_lfu,xgboost,spring_2024,723,30,1.451603651046753,2.0,0.5483963489532471
augsburg_lfu,xgboost,spring_2024,724,30,1.4304901361465454,2.0,0.5695098638534546
augsburg_lfu,xgboost,spring_2024,725,30,1.4394800662994385,2.0,0.5605199337005615
augsburg_lfu,xgboost,spring_2024,726,30,1.2547961473464966,2.0,0.7452038526535034
augsburg_lfu,xgboost,spring_2024,727,30,1.222422480583191,2.0,0.7775775194168091
augsburg_lfu,xgboost,spring_2024,728,30,1.1071629524230957,2.0,0.8928370475769043
augsburg_lfu,xgboost,spring_2024,729,30,1.0775974988937378,2.0,0.9224025011062622
augsburg_lfu,xgboost,spring_2024,730,30,1.204532504081726,1.0,0.20453250408172607
augsburg_lfu,xgboost,spring_2024,731,30,1.2624530792236328,1.0,0.2624530792236328
augsburg_lfu,xgboost,spring_2024,732,30,1.1402031183242798,2.0,0.8597968816757202
augsburg_lfu,xgboost,spring_2024,733,30,1.2134349346160889,2.0,0.7865650653839111
augsburg_lfu,xgboost,spring_2024,734,30,1.054883599281311,2.0,0.945116400718689
augsburg_lfu,xgboost,spring_2024,735,30,0.8863899111747742,2.0,1.1136100888252258
augsburg_lfu,xgboost,spring_2024,736,30,0.9264217615127563,2.0,1.0735782384872437
augsburg_lfu,xgboost,spring_2024,737,30,0.7447162866592407,2.0,1.2552837133407593
augsburg_lfu,xgboost,spring_2024,738,30,0.878325343132019,2.0,1.121674656867981
augsburg_lfu,xgboost,spring_2024,739,30,1.2477068901062012,2.0,0.7522931098937988
augsburg_lfu,xgboost,spring_2024,740,30,1.3126620054244995,2.0,0.6873379945755005
augsburg_lfu,xgboost,spring_2024,741,30,0.9800298810005188,2.0,1.0199701189994812
augsburg_lfu,xgboost,spring_2024,742,30,0.9940986037254333,2.0,1.0059013962745667
augsburg_lfu,xgboost,spring_2024,743,30,1.0768685340881348,2.0,0.9231314659118652
augsburg_lfu,xgboost,spring_2024,744,31,1.5306073427200317,4.0,2.4693926572799683
augsburg_lfu,xgboost,spring_2024,745,31,1.5490094423294067,4.0,2.4509905576705933
augsburg_lfu,xgboost,spring_2024,746,31,1.757363200187683,4.0,2.242636799812317
augsburg_lfu,xgboost,spring_2024,747,31,1.8042203187942505,4.0,2.1957796812057495
augsburg_lfu,xgboost,spring_2024,748,31,1.767918586730957,4.0,2.232081413269043
augsburg_lfu,xgboost,spring_2024,749,31,1.8866157531738281,4.0,2.113384246826172
augsburg_lfu,xgboost,spring_2024,750,31,1.814483642578125,5.0,3.185516357421875
augsburg_lfu,xgboost,spring_2024,751,31,1.7929927110671997,5.0,3.2070072889328003
augsburg_lfu,xgboost,spring_2024,752,31,1.845577597618103,5.0,3.154422402381897
augsburg_lfu,xgboost,spring_2024,753,31,1.5269068479537964,6.0,4.473093152046204
augsburg_lfu,xgboost,spring_2024,754,31,1.753050684928894,6.0,4.246949315071106
augsburg_lfu,xgboost,spring_2024,755,31,1.8283185958862305,6.0,4.1716814041137695
augsburg_lfu,xgboost,spring_2024,756,31,1.9623576402664185,5.0,3.0376423597335815
augsburg_lfu,xgboost,spring_2024,757,31,2.10768985748291,5.0,2.89231014251709
augsburg_lfu,xgboost,spring_2024,758,31,2.6485512256622314,5.0,2.3514487743377686
augsburg_lfu,xgboost,spring_2024,759,31,2.878905773162842,5.0,2.121094226837158
augsburg_lfu,xgboost,spring_2024,760,31,2.982541561126709,5.0,2.017458438873291
augsburg_lfu,xgboost,spring_2024,761,31,2.81380295753479,5.0,2.18619704246521
augsburg_lfu,xgboost,spring_2024,762,31,2.9036495685577393,5.0,2.0963504314422607
augsburg_lfu,xgboost,spring_2024,763,31,2.5818734169006348,5.0,2.4181265830993652
augsburg_lfu,xgboost,spring_2024,764,31,2.400818347930908,5.0,2.599181652069092
augsburg_lfu,xgboost,spring_2024,765,31,2.2154319286346436,5.0,2.7845680713653564
augsburg_lfu,xgboost,spring_2024,766,31,2.3683860301971436,5.0,2.6316139698028564
augsburg_lfu,xgboost,spring_2024,767,31,2.26686692237854,6.0,3.73313307762146
augsburg_lfu,xgboost,spring_2024,768,32,2.641709804534912,7.0,4.358290195465088
augsburg_lfu,xgboost,spring_2024,769,32,2.6863577365875244,8.0,5.313642263412476
augsburg_lfu,xgboost,spring_2024,770,32,2.4253008365631104,8.0,5.57469916343689
augsburg_lfu,xgboost,spring_2024,771,32,2.6039721965789795,8.0,5.3960278034210205
augsburg_lfu,xgboost,spring_2024,772,32,2.816715717315674,8.0,5.183284282684326
augsburg_lfu,xgboost,spring_2024,773,32,2.668612480163574,8.0,5.331387519836426
augsburg_lfu,xgboost,spring_2024,774,32,2.6298727989196777,8.0,5.370127201080322
augsburg_lfu,xgboost,spring_2024,775,32,3.025407075881958,8.0,4.974592924118042
augsburg_lfu,xgboost,spring_2024,776,32,3.4300456047058105,7.0,3.5699543952941895
augsburg_lfu,xgboost,spring_2024,777,32,3.368386745452881,7.0,3.631613254547119
augsburg_lfu,xgboost,spring_2024,778,32,3.4595484733581543,7.0,3.5404515266418457
augsburg_lfu,xgboost,spring_2024,779,32,3.4261679649353027,7.0,3.5738320350646973
augsburg_lfu,xgboost,spring_2024,780,32,3.413090467453003,7.0,3.586909532546997
augsburg_lfu,xgboost,spring_2024,781,32,3.433382749557495,7.0,3.566617250442505
augsburg_lfu,xgboost,spring_2024,782,32,3.5092198848724365,8.0,4.4907801151275635
augsburg_lfu,xgboost,spring_2024,783,32,3.9860739707946777,9.0,5.013926029205322
augsburg_lfu,xgboost,spring_2024,784,32,3.669264793395996,9.0,5.330735206604004
augsburg_lfu,xgboost,spring_2024,785,32,3.6962409019470215,9.0,5.3037590980529785
augsburg_lfu,xgboost,spring_2024,786,32,4.440483093261719,9.0,4.559516906738281
augsburg_lfu,xgboost,spring_2024,787,32,6.6414923667907715,10.0,3.3585076332092285
augsburg_lfu,xgboost,spring_2024,788,32,8.263572692871094,9.0,0.7364273071289062
augsburg_lfu,xgboost,spring_2024,789,32,9.216728210449219,9.0,0.21672821044921875
augsburg_lfu,xgboost,spring_2024,790,32,9.510576248168945,9.0,0.5105762481689453
augsburg_lfu,xgboost,spring_2024,791,32,9.471989631652832,10.0,0.528010368347168
augsburg_lfu,xgboost,spring_2024,792,33,9.030447959899902,9.0,0.030447959899902344
augsburg_lfu,xgboost,spring_2024,793,33,8.754276275634766,9.0,0.24572372436523438
augsburg_lfu,xgboost,spring_2024,794,33,8.795756340026855,9.0,0.20424365997314453
augsburg_lfu,xgboost,spring_2024,795,33,9.021454811096191,10.0,0.9785451889038086
augsburg_lfu,xgboost,spring_2024,796,33,9.069448471069336,10.0,0.9305515289306641
augsburg_lfu,xgboost,spring_2024,797,33,9.193646430969238,10.0,0.8063535690307617
augsburg_lfu,xgboost,spring_2024,798,33,9.077607154846191,10.0,0.9223928451538086
augsburg_lfu,xgboost,spring_2024,799,33,8.617351531982422,9.0,0.3826484680175781
augsburg_lfu,xgboost,spring_2024,800,33,7.8715386390686035,6.0,1.8715386390686035
augsburg_lfu,xgboost,spring_2024,801,33,6.6637091636657715,5.0,1.6637091636657715
augsburg_lfu,xgboost,spring_2024,802,33,5.803454399108887,5.0,0.8034543991088867
augsburg_lfu,xgboost,spring_2024,803,33,4.773536205291748,4.0,0.773536205291748
augsburg_lfu,xgboost,spring_2024,804,33,4.275845527648926,5.0,0.7241544723510742
augsburg_lfu,xgboost,spring_2024,805,33,3.915412425994873,6.0,2.084587574005127
augsburg_lfu,xgboost,spring_2024,806,33,3.429126262664795,7.0,3.570873737335205
augsburg_lfu,xgboost,spring_2024,807,33,3.122396945953369,6.0,2.877603054046631
augsburg_lfu,xgboost,spring_2024,808,33,3.361619710922241,5.0,1.6383802890777588
augsburg_lfu,xgboost,spring_2024,809,33,3.1531848907470703,4.0,0.8468151092529297
augsburg_lfu,xgboost,spring_2024,810,33,3.235006332397461,4.0,0.7649936676025391
augsburg_lfu,xgboost,spring_2024,811,33,2.839447021484375,4.0,1.160552978515625
augsburg_lfu,xgboost,spring_2024,812,33,2.389190196990967,4.0,1.6108098030090332
augsburg_lfu,xgboost,spring_2024,813,33,2.101635456085205,3.0,0.8983645439147949
augsburg_lfu,xgboost,spring_2024,814,33,1.9365754127502441,3.0,1.0634245872497559
augsburg_lfu,xgboost,spring_2024,815,33,1.2569290399551392,2.0,0.7430709600448608
augsburg_lfu,xgboost,spring_2024,816,34,1.238480806350708,3.0,1.761519193649292
augsburg_lfu,xgboost,spring_2024,817,34,1.2766761779785156,3.0,1.7233238220214844
augsburg_lfu,xgboost,spring_2024,818,34,1.2352924346923828,3.0,1.7647075653076172
augsburg_lfu,xgboost,spring_2024,819,34,1.2272133827209473,3.0,1.7727866172790527
augsburg_lfu,xgboost,spring_2024,820,34,1.2405356168746948,4.0,2.759464383125305
augsburg_lfu,xgboost,spring_2024,821,34,1.3456172943115234,4.0,2.6543827056884766
augsburg_lfu,xgboost,spring_2024,822,34,1.1455355882644653,4.0,2.8544644117355347
augsburg_lfu,xgboost,spring_2024,823,34,1.1691757440567017,4.0,2.8308242559432983
augsburg_lfu,xgboost,spring_2024,824,34,1.2775324583053589,4.0,2.722467541694641
augsburg_lfu,xgboost,spring_2024,825,34,1.2602232694625854,4.0,2.7397767305374146
augsburg_lfu,xgboost,spring_2024,826,34,1.2841911315917969,4.0,2.715808868408203
augsburg_lfu,xgboost,spring_2024,827,34,1.5435559749603271,4.0,2.456444025039673
augsburg_lfu,xgboost,spring_2024,828,34,1.3592307567596436,4.0,2.6407692432403564
augsburg_lfu,xgboost,spring_2024,829,34,1.2393213510513306,4.0,2.7606786489486694
augsburg_lfu,xgboost,spring_2024,830,34,1.3383152484893799,4.0,2.66168475151062
augsburg_lfu,xgboost,spring_2024,831,34,1.3484851121902466,4.0,2.6515148878097534
augsburg_lfu,xgboost,spring_2024,832,34,1.4333431720733643,4.0,2.5666568279266357
augsburg_lfu,xgboost,spring_2024,833,34,1.3117026090621948,4.0,2.688297390937805
augsburg_lfu,xgboost,spring_2024,834,34,1.6548638343811035,4.0,2.3451361656188965
augsburg_lfu,xgboost,spring_2024,835,34,1.6409554481506348,7.0,5.359044551849365
augsburg_lfu,xgboost,spring_2024,836,34,2.405128002166748,16.0,13.594871997833252
augsburg_lfu,xgboost,spring_2024,837,34,2.4022276401519775,7.0,4.5977723598480225
augsburg_lfu,xgboost,spring_2024,838,34,2.7243564128875732,6.0,3.2756435871124268
augsburg_lfu,xgboost,spring_2024,839,34,3.45241379737854,8.0,4.54758620262146
augsburg_lfu,xgboost,spring_2024,840,35,4.5041823387146,9.0,4.4958176612854
augsburg_lfu,xgboost,spring_2024,841,35,5.46536922454834,7.0,1.5346307754516602
augsburg_lfu,xgboost,spring_2024,842,35,5.365026950836182,7.0,1.6349730491638184
augsburg_lfu,xgboost,spring_2024,843,35,5.768892288208008,7.0,1.2311077117919922
augsburg_lfu,xgboost,spring_2024,844,35,6.037644386291504,6.0,0.037644386291503906
augsburg_lfu,xgboost,spring_2024,845,35,6.195777416229248,6.0,0.19577741622924805
augsburg_lfu,xgboost,spring_2024,846,35,5.906152725219727,5.0,0.9061527252197266
augsburg_lfu,xgboost,spring_2024,847,35,4.067132949829102,4.0,0.06713294982910156
augsburg_lfu,xgboost,spring_2024,848,35,2.974128007888794,4.0,1.025871992111206
augsburg_lfu,xgboost,spring_2024,849,35,2.020211696624756,4.0,1.9797883033752441
augsburg_lfu,xgboost,spring_2024,850,35,1.924767017364502,4.0,2.075232982635498
augsburg_lfu,xgboost,spring_2024,851,35,1.4212199449539185,5.0,3.5787800550460815
augsburg_lfu,xgboost,spring_2024,852,35,1.5127769708633423,6.0,4.487223029136658
augsburg_lfu,xgboost,spring_2024,853,35,1.4408788681030273,5.0,3.5591211318969727
augsburg_lfu,xgboost,spring_2024,854,35,1.5585615634918213,6.0,4.441438436508179
augsburg_lfu,xgboost,spring_2024,855,35,1.5085930824279785,6.0,4.4914069175720215
augsburg_lfu,xgboost,spring_2024,856,35,1.5488477945327759,7.0,5.451152205467224
augsburg_lfu,xgboost,spring_2024,857,35,1.3919583559036255,7.0,5.6080416440963745
augsburg_lfu,xgboost,spring_2024,858,35,2.5443553924560547,7.0,4.455644607543945
augsburg_lfu,xgboost,spring_2024,859,35,3.8760592937469482,7.0,3.1239407062530518
augsburg_lfu,xgboost,spring_2024,860,35,5.541170120239258,7.0,1.4588298797607422
augsburg_lfu,xgboost,spring_2024,861,35,6.778227806091309,6.0,0.7782278060913086
augsburg_lfu,xgboost,spring_2024,862,35,7.48944616317749,6.0,1.4894461631774902
augsburg_lfu,xgboost,spring_2024,863,35,7.636151313781738,9.0,1.3638486862182617
augsburg_lfu,xgboost,spring_2024,864,36,8.669666290283203,8.0,0.6696662902832031
augsburg_lfu,xgboost,spring_2024,865,36,9.531494140625,6.0,3.531494140625
augsburg_lfu,xgboost,spring_2024,866,36,9.13397216796875,6.0,3.13397216796875
augsburg_lfu,xgboost,spring_2024,867,36,8.651816368103027,7.0,1.6518163681030273
augsburg_lfu,xgboost,spring_2024,868,36,8.7424955368042,8.0,0.7424955368041992
augsburg_lfu,xgboost,spring_2024,869,36,8.668144226074219,7.0,1.6681442260742188
augsburg_lfu,xgboost,spring_2024,870,36,8.033731460571289,8.0,0.03373146057128906
augsburg_lfu,xgboost,spring_2024,871,36,5.915256500244141,7.0,1.0847434997558594
augsburg_lfu,xgboost,spring_2024,872,36,4.326018810272217,5.0,0.6739811897277832
augsburg_lfu,xgboost,spring_2024,873,36,3.260707378387451,5.0,1.7392926216125488
augsburg_lfu,xgboost,spring_2024,874,36,2.7249863147735596,5.0,2.2750136852264404
augsburg_lfu,xgboost,spring_2024,875,36,2.2977476119995117,5.0,2.7022523880004883
augsburg_lfu,xgboost,spring_2024,876,36,2.558297634124756,5.0,2.441702365875244
augsburg_lfu,xgboost,spring_2024,877,36,2.1933932304382324,6.0,3.8066067695617676
augsburg_lfu,xgboost,spring_2024,878,36,2.3819756507873535,6.0,3.6180243492126465
augsburg_lfu,xgboost,spring_2024,879,36,2.40020751953125,5.0,2.59979248046875
augsburg_lfu,xgboost,spring_2024,880,36,2.36501407623291,5.0,2.63498592376709
augsburg_lfu,xgboost,spring_2024,881,36,2.265814781188965,6.0,3.734185218811035
augsburg_lfu,xgboost,spring_2024,882,36,2.4785661697387695,6.0,3.5214338302612305
augsburg_lfu,xgboost,spring_2024,883,36,3.859330415725708,7.0,3.140669584274292
augsburg_lfu,xgboost,spring_2024,884,36,4.363481521606445,7.0,2.6365184783935547
augsburg_lfu,xgboost,spring_2024,885,36,4.641750812530518,5.0,0.3582491874694824
augsburg_lfu,xgboost,spring_2024,886,36,4.932578086853027,4.0,0.9325780868530273
augsburg_lfu,xgboost,spring_2024,887,36,5.1739935874938965,4.0,1.1739935874938965
augsburg_lfu,xgboost,spring_2024,888,37,5.55475378036499,5.0,0.5547537803649902
augsburg_lfu,xgboost,spring_2024,889,37,5.958154678344727,5.0,0.9581546783447266
augsburg_lfu,xgboost,spring_2024,890,37,5.833882808685303,5.0,0.8338828086853027
augsburg_lfu,xgboost,spring_2024,891,37,6.02781343460083,4.0,2.02781343460083
augsburg_lfu,xgboost,spring_2024,892,37,6.451539039611816,4.0,2.4515390396118164
augsburg_lfu,xgboost,spring_2024,893,37,6.4183478355407715,4.0,2.4183478355407715
augsburg_lfu,xgboost,spring_2024,894,37,6.399037837982178,4.0,2.3990378379821777
augsburg_lfu,xgboost,spring_2024,895,37,5.6502861976623535,3.0,2.6502861976623535
augsburg_lfu,xgboost,spring_2024,896,37,4.25364351272583,3.0,1.25364351272583
augsburg_lfu,xgboost,spring_2024,897,37,3.293105363845825,3.0,0.2931053638458252
augsburg_lfu,xgboost,spring_2024,898,37,2.7890617847442627,4.0,1.2109382152557373
augsburg_lfu,xgboost,spring_2024,899,37,2.301018476486206,5.0,2.698981523513794
augsburg_lfu,xgboost,spring_2024,900,37,2.40449595451355,6.0,3.59550404548645
augsburg_lfu,xgboost,spring_2024,901,37,2.5345404148101807,6.0,3.4654595851898193
augsburg_lfu,xgboost,spring_2024,902,37,2.6219635009765625,6.0,3.3780364990234375
augsburg_lfu,xgboost,spring_2024,903,37,2.6447460651397705,7.0,4.3552539348602295
augsburg_lfu,xgboost,spring_2024,904,37,2.8202173709869385,7.0,4.1797826290130615
augsburg_lfu,xgboost,spring_2024,905,37,3.8216707706451416,6.0,2.1783292293548584
augsburg_lfu,xgboost,spring_2024,906,37,4.405338764190674,6.0,1.5946612358093262
augsburg_lfu,xgboost,spring_2024,907,37,5.52634334564209,5.0,0.5263433456420898
augsburg_lfu,xgboost,spring_2024,908,37,5.8559956550598145,4.0,1.8559956550598145
augsburg_lfu,xgboost,spring_2024,909,37,5.387520790100098,3.0,2.3875207901000977
augsburg_lfu,xgboost,spring_2024,910,37,5.0044074058532715,3.0,2.0044074058532715
augsburg_lfu,xgboost,spring_2024,911,37,4.628429889678955,3.0,1.628429889678955
augsburg_lfu,xgboost,spring_2024,912,38,4.325020790100098,2.0,2.3250207901000977
augsburg_lfu,xgboost,spring_2024,913,38,4.330324172973633,2.0,2.330324172973633
augsburg_lfu,xgboost,spring_2024,914,38,4.182634353637695,2.0,2.1826343536376953
augsburg_lfu,xgboost,spring_2024,915,38,4.457996368408203,3.0,1.4579963684082031
augsburg_lfu,xgboost,spring_2024,916,38,4.814386367797852,3.0,1.8143863677978516
augsburg_lfu,xgboost,spring_2024,917,38,5.431971073150635,3.0,2.4319710731506348
augsburg_lfu,xgboost,spring_2024,918,38,6.045422554016113,3.0,3.0454225540161133
augsburg_lfu,xgboost,spring_2024,919,38,6.090642929077148,4.0,2.0906429290771484
augsburg_lfu,xgboost,spring_2024,920,38,5.9400248527526855,4.0,1.9400248527526855
augsburg_lfu,xgboost,spring_2024,921,38,4.660122394561768,3.0,1.6601223945617676
augsburg_lfu,xgboost,spring_2024,922,38,4.03173828125,3.0,1.03173828125
augsburg_lfu,xgboost,spring_2024,923,38,3.80385422706604,4.0,0.19614577293395996
augsburg_lfu,xgboost,spring_2024,924,38,3.712937593460083,5.0,1.287062406539917
augsburg_lfu,xgboost,spring_2024,925,38,3.8989663124084473,6.0,2.1010336875915527
augsburg_lfu,xgboost,spring_2024,926,38,3.7752158641815186,6.0,2.2247841358184814
augsburg_lfu,xgboost,spring_2024,927,38,3.913304090499878,7.0,3.086695909500122
augsburg_lfu,xgboost,spring_2024,928,38,4.017172336578369,7.0,2.982827663421631
augsburg_lfu,xgboost,spring_2024,929,38,4.8234052658081055,7.0,2.1765947341918945
augsburg_lfu,xgboost,spring_2024,930,38,5.904756546020508,8.0,2.095243453979492
augsburg_lfu,xgboost,spring_2024,931,38,7.93910026550293,7.0,0.9391002655029297
augsburg_lfu,xgboost,spring_2024,932,38,9.690679550170898,7.0,2.6906795501708984
augsburg_lfu,xgboost,spring_2024,933,38,10.050726890563965,7.0,3.050726890563965
augsburg_lfu,xgboost,spring_2024,934,38,9.799427032470703,7.0,2.799427032470703
augsburg_lfu,xgboost,spring_2024,935,38,9.363900184631348,7.0,2.3639001846313477
augsburg_lfu,xgboost,spring_2024,936,39,9.382349014282227,9.0,0.38234901428222656
augsburg_lfu,xgboost,spring_2024,937,39,9.2451171875,11.0,1.7548828125
augsburg_lfu,xgboost,spring_2024,938,39,9.390592575073242,10.0,0.6094074249267578
augsburg_lfu,xgboost,spring_2024,939,39,9.834370613098145,9.0,0.8343706130981445
augsburg_lfu,xgboost,spring_2024,940,39,9.54731559753418,9.0,0.5473155975341797
augsburg_lfu,xgboost,spring_2024,941,39,10.767987251281738,10.0,0.7679872512817383
augsburg_lfu,xgboost,spring_2024,942,39,12.961883544921875,11.0,1.961883544921875
augsburg_lfu,xgboost,spring_2024,943,39,12.745465278625488,9.0,3.7454652786254883
augsburg_lfu,xgboost,spring_2024,944,39,11.552803993225098,8.0,3.5528039932250977
augsburg_lfu,xgboost,spring_2024,945,39,8.85506534576416,7.333333333333333,1.5217320124308271
augsburg_lfu,xgboost,spring_2024,946,39,7.956512928009033,7.333333333333333,0.6231795946757002
augsburg_lfu,xgboost,spring_2024,947,39,8.736289024353027,8.666666666666666,0.06962235768636127
augsburg_lfu,xgboost,spring_2024,948,39,10.64953327178955,10.0,0.6495332717895508
augsburg_lfu,xgboost,spring_2024,949,39,11.45828914642334,11.166666666666666,0.29162247975667377
augsburg_lfu,xgboost,spring_2024,950,39,11.646780967712402,11.666666666666666,0.01988569895426373
augsburg_lfu,xgboost,spring_2024,951,39,11.988778114318848,12.833333333333334,0.8445552190144863
augsburg_lfu,xgboost,spring_2024,952,39,12.846207618713379,14.166666666666666,1.3204590479532872
augsburg_lfu,xgboost,spring_2024,953,39,15.631492614746094,16.0,0.36850738525390625
augsburg_lfu,xgboost,spring_2024,954,39,19.040773391723633,17.5,1.5407733917236328
augsburg_lfu,xgboost,spring_2024,955,39,23.757915496826172,17.833333333333332,5.92458216349284
augsburg_lfu,xgboost,spring_2024,956,39,25.86995506286621,14.0,11.869955062866211
augsburg_lfu,xgboost,spring_2024,957,39,23.97675132751465,19.0,4.976751327514648
augsburg_lfu,xgboost,spring_2024,958,39,23.953784942626953,20.0,3.953784942626953
augsburg_lfu,xgboost,spring_2024,959,39,22.914295196533203,17.0,5.914295196533203
augsburg_lfu,xgboost,spring_2024,960,40,23.554141998291016,22.0,1.5541419982910156
augsburg_lfu,xgboost,spring_2024,961,40,25.22452735900879,26.0,0.7754726409912109
augsburg_lfu,xgboost,spring_2024,962,40,23.921796798706055,19.0,4.921796798706055
augsburg_lfu,xgboost,spring_2024,963,40,22.354280471801758,17.0,5.354280471801758
augsburg_lfu,xgboost,spring_2024,964,40,21.300533294677734,15.0,6.300533294677734
augsburg_lfu,xgboost,spring_2024,965,40,22.119808197021484,14.0,8.119808197021484
augsburg_lfu,xgboost,spring_2024,966,40,21.90748405456543,13.0,8.90748405456543
augsburg_lfu,xgboost,spring_2024,967,40,20.796642303466797,13.0,7.796642303466797
augsburg_lfu,xgboost,spring_2024,968,40,18.440521240234375,11.0,7.440521240234375
augsburg_lfu,xgboost,spring_2024,969,40,15.487101554870605,10.0,5.4871015548706055
augsburg_lfu,xgboost,spring_2024,970,40,12.07095718383789,10.0,2.0709571838378906
augsburg_lfu,xgboost,spring_2024,971,40,10.611946105957031,9.0,1.6119461059570312
augsburg_lfu,xgboost,spring_2024,972,40,9.64011287689209,10.0,0.35988712310791016
augsburg_lfu,xgboost,spring_2024,973,40,9.515032768249512,12.0,2.4849672317504883
augsburg_lfu,xgboost,spring_2024,974,40,9.550193786621094,12.0,2.4498062133789062
augsburg_lfu,xgboost,spring_2024,975,40,9.59496784210205,10.0,0.4050321578979492
augsburg_lfu,xgboost,spring_2024,976,40,9.734557151794434,10.0,0.2654428482055664
augsburg_lfu,xgboost,spring_2024,977,40,9.574389457702637,11.0,1.4256105422973633
augsburg_lfu,xgboost,spring_2024,978,40,9.619966506958008,10.0,0.3800334930419922
augsburg_lfu,xgboost,spring_2024,979,40,10.143223762512207,10.0,0.14322376251220703
augsburg_lfu,xgboost,spring_2024,980,40,10.36656379699707,9.0,1.3665637969970703
augsburg_lfu,xgboost,spring_2024,981,40,10.618143081665039,9.0,1.618143081665039
augsburg_lfu,xgboost,spring_2024,982,40,10.205525398254395,7.0,3.2055253982543945
augsburg_lfu,xgboost,spring_2024,983,40,9.554537773132324,6.0,3.554537773132324
augsburg_lfu,xgboost,spring_2024,984,41,9.129012107849121,8.0,1.129012107849121
augsburg_lfu,xgboost,spring_2024,985,41,8.658975601196289,8.0,0.6589756011962891
augsburg_lfu,xgboost,spring_2024,986,41,8.649621963500977,8.0,0.6496219635009766
augsburg_lfu,xgboost,spring_2024,987,41,8.019020080566406,8.0,0.01902008056640625
augsburg_lfu,xgboost,spring_2024,988,41,7.060173988342285,7.0,0.060173988342285156
augsburg_lfu,xgboost,spring_2024,989,41,6.739570140838623,7.0,0.26042985916137695
augsburg_lfu,xgboost,spring_2024,990,41,6.043948650360107,6.0,0.04394865036010742
augsburg_lfu,xgboost,spring_2024,991,41,5.735410213470459,6.0,0.264589786529541
augsburg_lfu,xgboost,spring_2024,992,41,5.231895446777344,6.0,0.7681045532226562
augsburg_lfu,xgboost,spring_2024,993,41,4.732133388519287,6.0,1.267866611480713
augsburg_lfu,xgboost,spring_2024,994,41,4.423635959625244,6.0,1.5763640403747559
augsburg_lfu,xgboost,spring_2024,995,41,4.8170671463012695,7.0,2.1829328536987305
augsburg_lfu,xgboost,spring_2024,996,41,4.943160533905029,8.0,3.0568394660949707
augsburg_lfu,xgboost,spring_2024,997,41,5.676943778991699,8.0,2.323056221008301
augsburg_lfu,xgboost,spring_2024,998,41,5.508697032928467,11.0,5.491302967071533
augsburg_lfu,xgboost,spring_2024,999,41,5.3218278884887695,11.0,5.6781721115112305
augsburg_lfu,xgboost,spring_2024,1000,41,4.908978462219238,6.0,1.0910215377807617
augsburg_lfu,xgboost,spring_2024,1001,41,4.720841407775879,5.0,0.2791585922241211
augsburg_lfu,xgboost,spring_2024,1002,41,4.167298316955566,3.0,1.1672983169555664
augsburg_lfu,xgboost,spring_2024,1003,41,3.5649240016937256,3.0,0.5649240016937256
augsburg_lfu,xgboost,spring_2024,1004,41,2.877014636993408,2.0,0.8770146369934082
augsburg_lfu,xgboost,spring_2024,1005,41,1.927376627922058,0.6,1.327376627922058
augsburg_lfu,xgboost,spring_2024,1006,41,1.2681584358215332,0.5,0.7681584358215332
augsburg_lfu,xgboost,spring_2024,1007,41,1.1443431377410889,0.3,0.8443431377410888
augsburg_lfu,xgboost,spring_2024,1008,42,1.265746831893921,0.4,0.8657468318939209
augsburg_lfu,xgboost,spring_2024,1009,42,1.3376786708831787,0.5,0.8376786708831787
augsburg_lfu,xgboost,spring_2024,1010,42,1.2322999238967896,0.5,0.7322999238967896
augsburg_lfu,xgboost,spring_2024,1011,42,1.2048165798187256,0.5,0.7048165798187256
augsburg_lfu,xgboost,spring_2024,1012,42,1.2393676042556763,0.6,0.6393676042556763
augsburg_lfu,xgboost,spring_2024,1013,42,1.2322447299957275,0.4,0.8322447299957275
augsburg_lfu,xgboost,spring_2024,1014,42,1.1940515041351318,0.3,0.8940515041351318
augsburg_lfu,xgboost,spring_2024,1015,42,1.201020359992981,0.3,0.9010203599929809
augsburg_lfu,xgboost,spring_2024,1016,42,1.2309366464614868,0.3,0.9309366464614868
augsburg_lfu,xgboost,spring_2024,1017,42,1.2658369541168213,0.3,0.9658369541168212
augsburg_lfu,xgboost,spring_2024,1018,42,1.3418128490447998,0.6,0.7418128490447998
augsburg_lfu,xgboost,spring_2024,1019,42,1.39630925655365,1.0,0.3963092565536499
augsburg_lfu,xgboost,spring_2024,1020,42,1.5427520275115967,1.0,0.5427520275115967
augsburg_lfu,xgboost,spring_2024,1021,42,1.5334551334381104,2.0,0.46654486656188965
augsburg_lfu,xgboost,spring_2024,1022,42,1.5957387685775757,3.0,1.4042612314224243
augsburg_lfu,xgboost,spring_2024,1023,42,1.6399122476577759,3.0,1.3600877523422241
augsburg_lfu,xgboost,spring_2024,1024,42,1.622436285018921,3.0,1.377563714981079
augsburg_lfu,xgboost,spring_2024,1025,42,1.8397578001022339,3.0,1.1602421998977661
augsburg_lfu,xgboost,spring_2024,1026,42,1.6775788068771362,4.0,2.3224211931228638
augsburg_lfu,xgboost,spring_2024,1027,42,1.5253331661224365,5.0,3.4746668338775635
augsburg_lfu,xgboost,spring_2024,1028,42,1.7811622619628906,5.0,3.2188377380371094
augsburg_lfu,xgboost,spring_2024,1029,42,2.000898599624634,7.0,4.999101400375366
augsburg_lfu,xgboost,spring_2024,1030,42,2.6167070865631104,7.0,4.38329291343689
augsburg_lfu,xgboost,spring_2024,1031,42,2.5955276489257812,7.0,4.404472351074219
augsburg_lfu,xgboost,spring_2024,1032,43,2.681074380874634,8.0,5.318925619125366
augsburg_lfu,xgboost,spring_2024,1033,43,3.0257680416107178,9.0,5.974231958389282
augsburg_lfu,xgboost,spring_2024,1034,43,3.2853949069976807,8.0,4.714605093002319
augsburg_lfu,xgboost,spring_2024,1035,43,3.4355356693267822,6.0,2.5644643306732178
augsburg_lfu,xgboost,spring_2024,1036,43,3.5401833057403564,5.0,1.4598166942596436
augsburg_lfu,xgboost,spring_2024,1037,43,3.603895664215088,6.0,2.396104335784912
augsburg_lfu,xgboost,spring_2024,1038,43,3.6072351932525635,6.0,2.3927648067474365
augsburg_lfu,xgboost,spring_2024,1039,43,3.5048320293426514,6.0,2.4951679706573486
augsburg_lfu,xgboost,spring_2024,1040,43,3.1599700450897217,4.0,0.8400299549102783
augsburg_lfu,xgboost,spring_2024,1041,43,2.8013949394226074,4.0,1.1986050605773926
augsburg_lfu,xgboost,spring_2024,1042,43,2.5519025325775146,4.0,1.4480974674224854
augsburg_lfu,xgboost,spring_2024,1043,43,2.574982166290283,4.0,1.4250178337097168
augsburg_lfu,xgboost,spring_2024,1044,43,2.641724109649658,4.0,1.3582758903503418
augsburg_lfu,xgboost,spring_2024,1045,43,2.6110193729400635,5.0,2.3889806270599365
augsburg_lfu,xgboost,spring_2024,1046,43,2.5411648750305176,5.0,2.4588351249694824
augsburg_lfu,xgboost,spring_2024,1047,43,2.4596214294433594,5.0,2.5403785705566406
augsburg_lfu,xgboost,spring_2024,1048,43,2.4981701374053955,4.0,1.5018298625946045
augsburg_lfu,xgboost,spring_2024,1049,43,2.551574945449829,5.0,2.448425054550171
augsburg_lfu,xgboost,spring_2024,1050,43,2.7044825553894043,8.0,5.295517444610596
augsburg_lfu,xgboost,spring_2024,1051,43,2.7117631435394287,7.0,4.288236856460571
augsburg_lfu,xgboost,spring_2024,1052,43,3.0909512042999268,9.0,5.909048795700073
augsburg_lfu,xgboost,spring_2024,1053,43,3.589719533920288,8.0,4.410280466079712
augsburg_lfu,xgboost,spring_2024,1054,43,4.197270393371582,8.0,3.802729606628418
augsburg_lfu,xgboost,spring_2024,1055,43,4.412383556365967,8.0,3.587616443634033
augsburg_lfu,xgboost,summer_2024,0,0,2.3252196311950684,2.0,0.32521963119506836
augsburg_lfu,xgboost,summer_2024,1,0,2.4505627155303955,2.0,0.4505627155303955
augsburg_lfu,xgboost,summer_2024,2,0,2.3138694763183594,2.0,0.3138694763183594
augsburg_lfu,xgboost,summer_2024,3,0,2.282393217086792,2.0,0.282393217086792
augsburg_lfu,xgboost,summer_2024,4,0,2.406776189804077,2.0,0.40677618980407715
augsburg_lfu,xgboost,summer_2024,5,0,2.494900703430176,2.0,0.4949007034301758
augsburg_lfu,xgboost,summer_2024,6,0,2.0853488445281982,2.0,0.08534884452819824
augsburg_lfu,xgboost,summer_2024,7,0,2.0434634685516357,2.0,0.04346346855163574
augsburg_lfu,xgboost,summer_2024,8,0,2.0974948406219482,2.0,0.09749484062194824
augsburg_lfu,xgboost,summer_2024,9,0,2.2491724491119385,2.0,0.24917244911193848
augsburg_lfu,xgboost,summer_2024,10,0,2.381324052810669,1.0,1.381324052810669
augsburg_lfu,xgboost,summer_2024,11,0,2.5159809589385986,1.0,1.5159809589385986
augsburg_lfu,xgboost,summer_2024,12,0,2.513139009475708,2.0,0.513139009475708
augsburg_lfu,xgboost,summer_2024,13,0,2.470630645751953,3.0,0.5293693542480469
augsburg_lfu,xgboost,summer_2024,14,0,2.4709603786468506,4.0,1.5290396213531494
augsburg_lfu,xgboost,summer_2024,15,0,2.7807743549346924,6.0,3.2192256450653076
augsburg_lfu,xgboost,summer_2024,16,0,2.7713918685913086,6.0,3.2286081314086914
augsburg_lfu,xgboost,summer_2024,17,0,3.5261380672454834,5.0,1.4738619327545166
augsburg_lfu,xgboost,summer_2024,18,0,3.450923442840576,2.0,1.4509234428405762
augsburg_lfu,xgboost,summer_2024,19,0,2.8485798835754395,2.0,0.8485798835754395
augsburg_lfu,xgboost,summer_2024,20,0,2.4411518573760986,2.0,0.44115185737609863
augsburg_lfu,xgboost,summer_2024,21,0,2.201483964920044,2.0,0.20148396492004395
augsburg_lfu,xgboost,summer_2024,22,0,2.202882766723633,2.0,0.2028827667236328
augsburg_lfu,xgboost,summer_2024,23,0,2.156157970428467,2.0,0.1561579704284668
augsburg_lfu,xgboost,summer_2024,24,1,2.8889317512512207,3.0,0.1110682487487793
augsburg_lfu,xgboost,summer_2024,25,1,2.659633159637451,5.0,2.340366840362549
augsburg_lfu,xgboost,summer_2024,26,1,2.5787549018859863,5.0,2.4212450981140137
augsburg_lfu,xgboost,summer_2024,27,1,2.6025609970092773,6.0,3.3974390029907227
augsburg_lfu,xgboost,summer_2024,28,1,2.6041042804718018,6.0,3.3958957195281982
augsburg_lfu,xgboost,summer_2024,29,1,2.6139087677001953,5.0,2.3860912322998047
augsburg_lfu,xgboost,summer_2024,30,1,2.309267997741699,5.0,2.690732002258301
augsburg_lfu,xgboost,summer_2024,31,1,2.292449474334717,5.0,2.707550525665283
augsburg_lfu,xgboost,summer_2024,32,1,2.339012861251831,5.0,2.660987138748169
augsburg_lfu,xgboost,summer_2024,33,1,2.429807186126709,4.0,1.570192813873291
augsburg_lfu,xgboost,summer_2024,34,1,2.59249210357666,4.0,1.4075078964233398
augsburg_lfu,xgboost,summer_2024,35,1,2.5384631156921387,4.0,1.4615368843078613
augsburg_lfu,xgboost,summer_2024,36,1,2.55509614944458,3.0,0.4449038505554199
augsburg_lfu,xgboost,summer_2024,37,1,2.6406757831573486,4.0,1.3593242168426514
augsburg_lfu,xgboost,summer_2024,38,1,2.4296717643737793,3.0,0.5703282356262207
augsburg_lfu,xgboost,summer_2024,39,1,2.582352876663208,3.0,0.417647123336792
augsburg_lfu,xgboost,summer_2024,40,1,2.5423104763031006,4.0,1.4576895236968994
augsburg_lfu,xgboost,summer_2024,41,1,2.575622320175171,4.0,1.424377679824829
augsburg_lfu,xgboost,summer_2024,42,1,2.510657548904419,5.0,2.489342451095581
augsburg_lfu,xgboost,summer_2024,43,1,2.3982326984405518,5.0,2.6017673015594482
augsburg_lfu,xgboost,summer_2024,44,1,2.7180938720703125,6.0,3.2819061279296875
augsburg_lfu,xgboost,summer_2024,45,1,2.279197931289673,6.0,3.720802068710327
augsburg_lfu,xgboost,summer_2024,46,1,2.258430242538452,4.0,1.7415697574615479
augsburg_lfu,xgboost,summer_2024,47,1,2.2843217849731445,4.0,1.7156782150268555
augsburg_lfu,xgboost,summer_2024,48,2,2.601534843444824,5.0,2.398465156555176
augsburg_lfu,xgboost,summer_2024,49,2,2.5175788402557373,6.0,3.4824211597442627
augsburg_lfu,xgboost,summer_2024,50,2,2.310847043991089,6.0,3.689152956008911
augsburg_lfu,xgboost,summer_2024,51,2,2.2139639854431152,4.0,1.7860360145568848
augsburg_lfu,xgboost,summer_2024,52,2,2.2155709266662598,2.0,0.21557092666625977
augsburg_lfu,xgboost,summer_2024,53,2,2.3510987758636475,2.0,0.35109877586364746
augsburg_lfu,xgboost,summer_2024,54,2,2.2445766925811768,2.0,0.24457669258117676
augsburg_lfu,xgboost,summer_2024,55,2,2.182803153991699,0.9,1.2828031539916993
augsburg_lfu,xgboost,summer_2024,56,2,2.0507476329803467,0.9,1.1507476329803468
augsburg_lfu,xgboost,summer_2024,57,2,1.959557056427002,1.0,0.959557056427002
augsburg_lfu,xgboost,summer_2024,58,2,1.3221431970596313,1.0,0.32214319705963135
augsburg_lfu,xgboost,summer_2024,59,2,1.314456820487976,2.0,0.6855431795120239
augsburg_lfu,xgboost,summer_2024,60,2,1.2532280683517456,1.0,0.2532280683517456
augsburg_lfu,xgboost,summer_2024,61,2,1.277454137802124,2.0,0.722545862197876
augsburg_lfu,xgboost,summer_2024,62,2,1.1695365905761719,2.0,0.8304634094238281
augsburg_lfu,xgboost,summer_2024,63,2,1.004732370376587,2.0,0.9952676296234131
augsburg_lfu,xgboost,summer_2024,64,2,1.1467944383621216,2.0,0.8532055616378784
augsburg_lfu,xgboost,summer_2024,65,2,1.0266284942626953,2.0,0.9733715057373047
augsburg_lfu,xgboost,summer_2024,66,2,1.0144267082214355,2.0,0.9855732917785645
augsburg_lfu,xgboost,summer_2024,67,2,1.0488576889038086,2.0,0.9511423110961914
augsburg_lfu,xgboost,summer_2024,68,2,1.0552242994308472,2.0,0.9447757005691528
augsburg_lfu,xgboost,summer_2024,69,2,1.0244189500808716,1.0,0.024418950080871582
augsburg_lfu,xgboost,summer_2024,70,2,1.0153789520263672,2.0,0.9846210479736328
augsburg_lfu,xgboost,summer_2024,71,2,0.9079030752182007,2.0,1.0920969247817993
augsburg_lfu,xgboost,summer_2024,72,3,0.9057211875915527,1.0,0.09427881240844727
augsburg_lfu,xgboost,summer_2024,73,3,0.9715093374252319,2.0,1.028490662574768
augsburg_lfu,xgboost,summer_2024,74,3,0.8699259161949158,2.0,1.1300740838050842
augsburg_lfu,xgboost,summer_2024,75,3,0.8242835998535156,3.0,2.1757164001464844
augsburg_lfu,xgboost,summer_2024,76,3,0.9123662710189819,3.0,2.087633728981018
augsburg_lfu,xgboost,summer_2024,77,3,0.8999773263931274,3.0,2.1000226736068726
augsburg_lfu,xgboost,summer_2024,78,3,0.729583203792572,4.0,3.270416796207428
augsburg_lfu,xgboost,summer_2024,79,3,0.802287220954895,4.0,3.197712779045105
augsburg_lfu,xgboost,summer_2024,80,3,0.805872917175293,3.0,2.194127082824707
augsburg_lfu,xgboost,summer_2024,81,3,0.9382909536361694,3.0,2.0617090463638306
augsburg_lfu,xgboost,summer_2024,82,3,1.2179011106491089,4.0,2.782098889350891
augsburg_lfu,xgboost,summer_2024,83,3,1.59516179561615,4.0,2.40483820438385
augsburg_lfu,xgboost,summer_2024,84,3,1.5374103784561157,4.0,2.4625896215438843
augsburg_lfu,xgboost,summer_2024,85,3,1.5928164720535278,4.0,2.407183527946472
augsburg_lfu,xgboost,summer_2024,86,3,1.5508744716644287,4.0,2.4491255283355713
augsburg_lfu,xgboost,summer_2024,87,3,1.5917155742645264,5.0,3.4082844257354736
augsburg_lfu,xgboost,summer_2024,88,3,1.436321496963501,4.0,2.563678503036499
augsburg_lfu,xgboost,summer_2024,89,3,1.5282801389694214,4.0,2.4717198610305786
augsburg_lfu,xgboost,summer_2024,90,3,1.2479125261306763,3.0,1.7520874738693237
augsburg_lfu,xgboost,summer_2024,91,3,1.0931122303009033,2.0,0.9068877696990967
augsburg_lfu,xgboost,summer_2024,92,3,1.2234162092208862,2.0,0.7765837907791138
augsburg_lfu,xgboost,summer_2024,93,3,1.1124567985534668,2.0,0.8875432014465332
augsburg_lfu,xgboost,summer_2024,94,3,0.870629072189331,2.0,1.129370927810669
augsburg_lfu,xgboost,summer_2024,95,3,0.927822470664978,3.0,2.072177529335022
augsburg_lfu,xgboost,summer_2024,96,4,1.1951574087142944,4.0,2.8048425912857056
augsburg_lfu,xgboost,summer_2024,97,4,1.3492600917816162,4.0,2.650739908218384
augsburg_lfu,xgboost,summer_2024,98,4,1.2377424240112305,3.0,1.7622575759887695
augsburg_lfu,xgboost,summer_2024,99,4,1.3837504386901855,3.0,1.6162495613098145
augsburg_lfu,xgboost,summer_2024,100,4,1.4427781105041504,3.0,1.5572218894958496
augsburg_lfu,xgboost,summer_2024,101,4,1.4636023044586182,3.0,1.5363976955413818
augsburg_lfu,xgboost,summer_2024,102,4,1.2207974195480347,3.0,1.7792025804519653
augsburg_lfu,xgboost,summer_2024,103,4,1.233181118965149,3.0,1.766818881034851
augsburg_lfu,xgboost,summer_2024,104,4,1.2239270210266113,3.0,1.7760729789733887
augsburg_lfu,xgboost,summer_2024,105,4,1.2645273208618164,3.0,1.7354726791381836
augsburg_lfu,xgboost,summer_2024,106,4,1.3968207836151123,3.0,1.6031792163848877
augsburg_lfu,xgboost,summer_2024,107,4,1.5166712999343872,4.0,2.483328700065613
augsburg_lfu,xgboost,summer_2024,108,4,1.8758149147033691,4.0,2.124185085296631
augsburg_lfu,xgboost,summer_2024,109,4,1.7733217477798462,5.0,3.226678252220154
augsburg_lfu,xgboost,summer_2024,110,4,1.9362385272979736,5.0,3.0637614727020264
augsburg_lfu,xgboost,summer_2024,111,4,1.8912453651428223,5.0,3.1087546348571777
augsburg_lfu,xgboost,summer_2024,112,4,1.833445429801941,6.0,4.166554570198059
augsburg_lfu,xgboost,summer_2024,113,4,1.807845950126648,6.0,4.192154049873352
augsburg_lfu,xgboost,summer_2024,114,4,1.8371914625167847,6.0,4.162808537483215
augsburg_lfu,xgboost,summer_2024,115,4,1.7961188554763794,7.0,5.203881144523621
augsburg_lfu,xgboost,summer_2024,116,4,1.6246144771575928,7.0,5.375385522842407
augsburg_lfu,xgboost,summer_2024,117,4,1.518391728401184,7.0,5.481608271598816
augsburg_lfu,xgboost,summer_2024,118,4,1.355884313583374,7.0,5.644115686416626
augsburg_lfu,xgboost,summer_2024,119,4,1.4084302186965942,5.0,3.5915697813034058
augsburg_lfu,xgboost,summer_2024,120,5,2.0701167583465576,5.0,2.9298832416534424
augsburg_lfu,xgboost,summer_2024,121,5,2.752518653869629,4.0,1.247481346130371
augsburg_lfu,xgboost,summer_2024,122,5,2.6136879920959473,4.0,1.3863120079040527
augsburg_lfu,xgboost,summer_2024,123,5,2.6902575492858887,5.0,2.3097424507141113
augsburg_lfu,xgboost,summer_2024,124,5,2.5925333499908447,4.0,1.4074666500091553
augsburg_lfu,xgboost,summer_2024,125,5,2.7361366748809814,4.0,1.2638633251190186
augsburg_lfu,xgboost,summer_2024,126,5,3.2006571292877197,4.0,0.7993428707122803
augsburg_lfu,xgboost,summer_2024,127,5,3.5552282333374023,4.0,0.44477176666259766
augsburg_lfu,xgboost,summer_2024,128,5,3.5612266063690186,5.0,1.4387733936309814
augsburg_lfu,xgboost,summer_2024,129,5,3.754643440246582,7.0,3.245356559753418
augsburg_lfu,xgboost,summer_2024,130,5,4.048811435699463,8.0,3.951188564300537
augsburg_lfu,xgboost,summer_2024,131,5,5.075473308563232,9.0,3.9245266914367676
augsburg_lfu,xgboost,summer_2024,132,5,6.736557483673096,9.0,2.2634425163269043
augsburg_lfu,xgboost,summer_2024,133,5,8.230985641479492,9.0,0.7690143585205078
augsburg_lfu,xgboost,summer_2024,134,5,8.929685592651367,9.0,0.07031440734863281
augsburg_lfu,xgboost,summer_2024,135,5,7.494944095611572,7.0,0.49494409561157227
augsburg_lfu,xgboost,summer_2024,136,5,7.355774402618408,5.0,2.355774402618408
augsburg_lfu,xgboost,summer_2024,137,5,6.49611759185791,4.0,2.49611759185791
augsburg_lfu,xgboost,summer_2024,138,5,5.911280155181885,3.0,2.9112801551818848
augsburg_lfu,xgboost,summer_2024,139,5,4.524203300476074,4.0,0.5242033004760742
augsburg_lfu,xgboost,summer_2024,140,5,3.923468589782715,5.0,1.0765314102172852
augsburg_lfu,xgboost,summer_2024,141,5,2.8454246520996094,5.0,2.1545753479003906
augsburg_lfu,xgboost,summer_2024,142,5,2.049992322921753,3.0,0.9500076770782471
augsburg_lfu,xgboost,summer_2024,143,5,2.0053679943084717,2.0,0.00536799430847168
augsburg_lfu,xgboost,summer_2024,144,6,2.1679041385650635,1.0,1.1679041385650635
augsburg_lfu,xgboost,summer_2024,145,6,2.139091968536377,2.0,0.13909196853637695
augsburg_lfu,xgboost,summer_2024,146,6,2.0922303199768066,2.0,0.09223031997680664
augsburg_lfu,xgboost,summer_2024,147,6,2.0582005977630615,2.0,0.05820059776306152
augsburg_lfu,xgboost,summer_2024,148,6,2.1276638507843018,1.0,1.1276638507843018
augsburg_lfu,xgboost,summer_2024,149,6,2.2477588653564453,1.0,1.2477588653564453
augsburg_lfu,xgboost,summer_2024,150,6,2.245908737182617,2.0,0.2459087371826172
augsburg_lfu,xgboost,summer_2024,151,6,2.0295608043670654,2.0,0.02956080436706543
augsburg_lfu,xgboost,summer_2024,152,6,2.063876152038574,2.0,0.06387615203857422
augsburg_lfu,xgboost,summer_2024,153,6,2.058041572570801,2.0,0.05804157257080078
augsburg_lfu,xgboost,summer_2024,154,6,2.4313039779663086,3.0,0.5686960220336914
augsburg_lfu,xgboost,summer_2024,155,6,2.3259530067443848,3.0,0.6740469932556152
augsburg_lfu,xgboost,summer_2024,156,6,2.266193389892578,3.0,0.7338066101074219
augsburg_lfu,xgboost,summer_2024,157,6,2.3133013248443604,3.0,0.6866986751556396
augsburg_lfu,xgboost,summer_2024,158,6,2.260371446609497,3.0,0.7396285533905029
augsburg_lfu,xgboost,summer_2024,159,6,2.087663173675537,3.0,0.9123368263244629
augsburg_lfu,xgboost,summer_2024,160,6,2.355071544647217,4.0,1.6449284553527832
augsburg_lfu,xgboost,summer_2024,161,6,2.3438773155212402,5.0,2.6561226844787598
augsburg_lfu,xgboost,summer_2024,162,6,2.5064914226531982,5.0,2.4935085773468018
augsburg_lfu,xgboost,summer_2024,163,6,2.272524356842041,6.0,3.727475643157959
augsburg_lfu,xgboost,summer_2024,164,6,2.4614295959472656,6.0,3.5385704040527344
augsburg_lfu,xgboost,summer_2024,165,6,2.3399875164031982,5.0,2.6600124835968018
augsburg_lfu,xgboost,summer_2024,166,6,2.320561408996582,5.0,2.679438591003418
augsburg_lfu,xgboost,summer_2024,167,6,2.7624218463897705,5.0,2.2375781536102295
augsburg_lfu,xgboost,summer_2024,168,7,2.826512575149536,6.0,3.173487424850464
augsburg_lfu,xgboost,summer_2024,169,7,3.0943470001220703,6.0,2.9056529998779297
augsburg_lfu,xgboost,summer_2024,170,7,3.4063379764556885,5.0,1.5936620235443115
augsburg_lfu,xgboost,summer_2024,171,7,3.28188419342041,7.0,3.71811580657959
augsburg_lfu,xgboost,summer_2024,172,7,3.2990379333496094,7.0,3.7009620666503906
augsburg_lfu,xgboost,summer_2024,173,7,3.434678316116333,5.0,1.565321683883667
augsburg_lfu,xgboost,summer_2024,174,7,3.612321615219116,6.0,2.387678384780884
augsburg_lfu,xgboost,summer_2024,175,7,3.2945239543914795,8.0,4.7054760456085205
augsburg_lfu,xgboost,summer_2024,176,7,2.735351800918579,3.0,0.2646481990814209
augsburg_lfu,xgboost,summer_2024,177,7,2.052112340927124,3.0,0.947887659072876
augsburg_lfu,xgboost,summer_2024,178,7,2.160374641418457,3.0,0.839625358581543
augsburg_lfu,xgboost,summer_2024,179,7,2.2282984256744385,3.0,0.7717015743255615
augsburg_lfu,xgboost,summer_2024,180,7,2.36299729347229,4.0,1.63700270652771
augsburg_lfu,xgboost,summer_2024,181,7,2.470494031906128,4.0,1.529505968093872
augsburg_lfu,xgboost,summer_2024,182,7,2.568547248840332,4.0,1.431452751159668
augsburg_lfu,xgboost,summer_2024,183,7,2.770531177520752,5.0,2.229468822479248
augsburg_lfu,xgboost,summer_2024,184,7,2.7183070182800293,5.0,2.2816929817199707
augsburg_lfu,xgboost,summer_2024,185,7,2.7698121070861816,6.0,3.2301878929138184
augsburg_lfu,xgboost,summer_2024,186,7,2.8579092025756836,7.0,4.142090797424316
augsburg_lfu,xgboost,summer_2024,187,7,2.7104454040527344,7.0,4.289554595947266
augsburg_lfu,xgboost,summer_2024,188,7,2.697532892227173,7.0,4.302467107772827
augsburg_lfu,xgboost,summer_2024,189,7,2.8620591163635254,6.0,3.1379408836364746
augsburg_lfu,xgboost,summer_2024,190,7,2.4837334156036377,5.0,2.5162665843963623
augsburg_lfu,xgboost,summer_2024,191,7,2.3740782737731934,4.0,1.6259217262268066
augsburg_lfu,xgboost,summer_2024,192,8,2.8878798484802246,7.0,4.112120151519775
augsburg_lfu,xgboost,summer_2024,193,8,3.050908088684082,8.0,4.949091911315918
augsburg_lfu,xgboost,summer_2024,194,8,3.8311851024627686,6.0,2.1688148975372314
augsburg_lfu,xgboost,summer_2024,195,8,3.924478054046631,7.0,3.075521945953369
augsburg_lfu,xgboost,summer_2024,196,8,3.9516355991363525,8.0,4.0483644008636475
augsburg_lfu,xgboost,summer_2024,197,8,3.933087110519409,7.0,3.066912889480591
augsburg_lfu,xgboost,summer_2024,198,8,4.188776969909668,5.0,0.811223030090332
augsburg_lfu,xgboost,summer_2024,199,8,3.8386495113372803,4.0,0.16135048866271973
augsburg_lfu,xgboost,summer_2024,200,8,3.133479118347168,5.0,1.866520881652832
augsburg_lfu,xgboost,summer_2024,201,8,3.4093987941741943,7.0,3.5906012058258057
augsburg_lfu,xgboost,summer_2024,202,8,3.6835973262786865,8.0,4.3164026737213135
augsburg_lfu,xgboost,summer_2024,203,8,3.7323110103607178,10.0,6.267688989639282
augsburg_lfu,xgboost,summer_2024,204,8,3.8274736404418945,8.0,4.1725263595581055
augsburg_lfu,xgboost,summer_2024,205,8,3.9994640350341797,6.0,2.0005359649658203
augsburg_lfu,xgboost,summer_2024,206,8,4.102849960327148,6.0,1.8971500396728516
augsburg_lfu,xgboost,summer_2024,207,8,4.910756587982178,7.0,2.0892434120178223
augsburg_lfu,xgboost,summer_2024,208,8,5.748142719268799,8.0,2.251857280731201
augsburg_lfu,xgboost,summer_2024,209,8,6.57673454284668,8.0,1.4232654571533203
augsburg_lfu,xgboost,summer_2024,210,8,8.793472290039062,9.0,0.2065277099609375
augsburg_lfu,xgboost,summer_2024,211,8,11.133017539978027,9.0,2.1330175399780273
augsburg_lfu,xgboost,summer_2024,212,8,12.65744686126709,10.0,2.65744686126709
augsburg_lfu,xgboost,summer_2024,213,8,15.649015426635742,10.0,5.649015426635742
augsburg_lfu,xgboost,summer_2024,214,8,17.469619750976562,13.0,4.4696197509765625
augsburg_lfu,xgboost,summer_2024,215,8,17.768972396850586,14.0,3.768972396850586
augsburg_lfu,xgboost,summer_2024,216,9,15.657532691955566,13.0,2.6575326919555664
augsburg_lfu,xgboost,summer_2024,217,9,14.199423789978027,13.0,1.1994237899780273
augsburg_lfu,xgboost,summer_2024,218,9,11.426959037780762,10.0,1.4269590377807617
augsburg_lfu,xgboost,summer_2024,219,9,9.875041007995605,10.0,0.12495899200439453
augsburg_lfu,xgboost,summer_2024,220,9,9.018802642822266,9.0,0.018802642822265625
augsburg_lfu,xgboost,summer_2024,221,9,8.212732315063477,8.0,0.21273231506347656
augsburg_lfu,xgboost,summer_2024,222,9,7.015133857727051,6.0,1.0151338577270508
augsburg_lfu,xgboost,summer_2024,223,9,6.402277946472168,6.0,0.40227794647216797
augsburg_lfu,xgboost,summer_2024,224,9,6.482415676116943,7.0,0.5175843238830566
augsburg_lfu,xgboost,summer_2024,225,9,6.548839569091797,9.0,2.451160430908203
augsburg_lfu,xgboost,summer_2024,226,9,6.861093044281006,8.0,1.1389069557189941
augsburg_lfu,xgboost,summer_2024,227,9,7.27655553817749,8.0,0.7234444618225098
augsburg_lfu,xgboost,summer_2024,228,9,7.181361198425293,7.0,0.18136119842529297
augsburg_lfu,xgboost,summer_2024,229,9,7.405086994171143,8.0,0.5949130058288574
augsburg_lfu,xgboost,summer_2024,230,9,8.40396785736084,7.0,1.4039678573608398
augsburg_lfu,xgboost,summer_2024,231,9,9.153033256530762,5.0,4.153033256530762
augsburg_lfu,xgboost,summer_2024,232,9,8.19050121307373,4.0,4.1905012130737305
augsburg_lfu,xgboost,summer_2024,233,9,7.003847122192383,6.0,1.0038471221923828
augsburg_lfu,xgboost,summer_2024,234,9,6.5654988288879395,9.0,2.4345011711120605
augsburg_lfu,xgboost,summer_2024,235,9,7.201303482055664,9.0,1.798696517944336
augsburg_lfu,xgboost,summer_2024,236,9,8.83964729309082,8.0,0.8396472930908203
augsburg_lfu,xgboost,summer_2024,237,9,9.425992965698242,6.0,3.425992965698242
augsburg_lfu,xgboost,summer_2024,238,9,8.361534118652344,4.0,4.361534118652344
augsburg_lfu,xgboost,summer_2024,239,9,7.049807548522949,5.0,2.049807548522949
augsburg_lfu,xgboost,summer_2024,240,10,6.551852226257324,7.0,0.4481477737426758
augsburg_lfu,xgboost,summer_2024,241,10,6.771092891693115,8.0,1.2289071083068848
augsburg_lfu,xgboost,summer_2024,242,10,6.727931022644043,7.0,0.27206897735595703
augsburg_lfu,xgboost,summer_2024,243,10,7.036410808563232,6.0,1.0364108085632324
augsburg_lfu,xgboost,summer_2024,244,10,8.177614212036133,7.0,1.1776142120361328
augsburg_lfu,xgboost,summer_2024,245,10,8.744405746459961,8.0,0.7444057464599609
augsburg_lfu,xgboost,summer_2024,246,10,9.668044090270996,9.0,0.6680440902709961
augsburg_lfu,xgboost,summer_2024,247,10,8.616938591003418,8.0,0.616938591003418
augsburg_lfu,xgboost,summer_2024,248,10,8.190032958984375,9.0,0.809967041015625
augsburg_lfu,xgboost,summer_2024,249,10,7.463625907897949,9.0,1.5363740921020508
augsburg_lfu,xgboost,summer_2024,250,10,6.68396520614624,8.0,1.3160347938537598
augsburg_lfu,xgboost,summer_2024,251,10,6.218272686004639,8.0,1.7817273139953613
augsburg_lfu,xgboost,summer_2024,252,10,6.018479824066162,8.0,1.981520175933838
augsburg_lfu,xgboost,summer_2024,253,10,6.4387593269348145,7.0,0.5612406730651855
augsburg_lfu,xgboost,summer_2024,254,10,7.248519420623779,6.0,1.2485194206237793
augsburg_lfu,xgboost,summer_2024,255,10,7.742719650268555,5.0,2.7427196502685547
augsburg_lfu,xgboost,summer_2024,256,10,7.919321060180664,5.0,2.919321060180664
augsburg_lfu,xgboost,summer_2024,257,10,8.111077308654785,5.0,3.111077308654785
augsburg_lfu,xgboost,summer_2024,258,10,7.971385955810547,5.0,2.971385955810547
augsburg_lfu,xgboost,summer_2024,259,10,8.035855293273926,5.0,3.035855293273926
augsburg_lfu,xgboost,summer_2024,260,10,8.909995079040527,3.0,5.909995079040527
augsburg_lfu,xgboost,summer_2024,261,10,10.125832557678223,3.0,7.125832557678223
augsburg_lfu,xgboost,summer_2024,262,10,9.79255199432373,3.0,6.7925519943237305
augsburg_lfu,xgboost,summer_2024,263,10,8.47823429107666,4.0,4.47823429107666
augsburg_lfu,xgboost,summer_2024,264,11,7.614841461181641,7.0,0.6148414611816406
augsburg_lfu,xgboost,summer_2024,265,11,7.070474624633789,9.0,1.929525375366211
augsburg_lfu,xgboost,summer_2024,266,11,7.217576026916504,9.0,1.782423973083496
augsburg_lfu,xgboost,summer_2024,267,11,6.949345588684082,8.0,1.050654411315918
augsburg_lfu,xgboost,summer_2024,268,11,7.805246353149414,7.0,0.8052463531494141
augsburg_lfu,xgboost,summer_2024,269,11,9.32056999206543,8.0,1.3205699920654297
augsburg_lfu,xgboost,summer_2024,270,11,9.136687278747559,8.0,1.1366872787475586
augsburg_lfu,xgboost,summer_2024,271,11,7.904402256011963,8.0,0.09559774398803711
augsburg_lfu,xgboost,summer_2024,272,11,7.629573345184326,8.0,0.37042665481567383
augsburg_lfu,xgboost,summer_2024,273,11,7.186573028564453,7.0,0.18657302856445312
augsburg_lfu,xgboost,summer_2024,274,11,6.786526679992676,6.0,0.7865266799926758
augsburg_lfu,xgboost,summer_2024,275,11,6.447859764099121,6.0,0.4478597640991211
augsburg_lfu,xgboost,summer_2024,276,11,6.152404308319092,7.0,0.8475956916809082
augsburg_lfu,xgboost,summer_2024,277,11,5.638222694396973,7.0,1.3617773056030273
augsburg_lfu,xgboost,summer_2024,278,11,5.3440093994140625,8.0,2.6559906005859375
augsburg_lfu,xgboost,summer_2024,279,11,5.2201738357543945,7.0,1.7798261642456055
augsburg_lfu,xgboost,summer_2024,280,11,5.10294771194458,5.0,0.10294771194458008
augsburg_lfu,xgboost,summer_2024,281,11,5.2421345710754395,3.0,2.2421345710754395
augsburg_lfu,xgboost,summer_2024,282,11,4.9732537269592285,2.0,2.9732537269592285
augsburg_lfu,xgboost,summer_2024,283,11,5.829316139221191,2.0,3.8293161392211914
augsburg_lfu,xgboost,summer_2024,284,11,5.028607368469238,1.0,4.028607368469238
augsburg_lfu,xgboost,summer_2024,285,11,4.296195030212402,1.0,3.2961950302124023
augsburg_lfu,xgboost,summer_2024,286,11,3.4198267459869385,1.0,2.4198267459869385
augsburg_lfu,xgboost,summer_2024,287,11,2.659398317337036,0.9,1.7593983173370362
augsburg_lfu,xgboost,summer_2024,288,12,2.2091715335845947,0.7,1.5091715335845948
augsburg_lfu,xgboost,summer_2024,289,12,2.144446611404419,0.6,1.5444466114044189
augsburg_lfu,xgboost,summer_2024,290,12,2.122382879257202,0.6,1.522382879257202
augsburg_lfu,xgboost,summer_2024,291,12,2.103619337081909,0.6,1.503619337081909
augsburg_lfu,xgboost,summer_2024,292,12,2.0341296195983887,0.7,1.3341296195983887
augsburg_lfu,xgboost,summer_2024,293,12,2.120347499847412,0.7,1.4203474998474122
augsburg_lfu,xgboost,summer_2024,294,12,1.9845565557479858,0.9,1.084556555747986
augsburg_lfu,xgboost,summer_2024,295,12,1.3382240533828735,1.0,0.33822405338287354
augsburg_lfu,xgboost,summer_2024,296,12,1.2131245136260986,2.0,0.7868754863739014
augsburg_lfu,xgboost,summer_2024,297,12,1.3129781484603882,1.0,0.3129781484603882
augsburg_lfu,xgboost,summer_2024,298,12,1.4260841608047485,1.0,0.42608416080474854
augsburg_lfu,xgboost,summer_2024,299,12,1.444659948348999,2.0,0.555340051651001
augsburg_lfu,xgboost,summer_2024,300,12,1.534934401512146,1.0,0.534934401512146
augsburg_lfu,xgboost,summer_2024,301,12,1.5324716567993164,1.0,0.5324716567993164
augsburg_lfu,xgboost,summer_2024,302,12,1.998289942741394,2.0,0.001710057258605957
augsburg_lfu,xgboost,summer_2024,303,12,1.5188120603561401,2.0,0.48118793964385986
augsburg_lfu,xgboost,summer_2024,304,12,1.6213817596435547,2.0,0.3786182403564453
augsburg_lfu,xgboost,summer_2024,305,12,1.616597294807434,2.0,0.3834027051925659
augsburg_lfu,xgboost,summer_2024,306,12,1.6966203451156616,2.0,0.3033796548843384
augsburg_lfu,xgboost,summer_2024,307,12,1.6956167221069336,3.0,1.3043832778930664
augsburg_lfu,xgboost,summer_2024,308,12,1.4787018299102783,3.0,1.5212981700897217
augsburg_lfu,xgboost,summer_2024,309,12,1.4196813106536865,3.0,1.5803186893463135
augsburg_lfu,xgboost,summer_2024,310,12,1.2858139276504517,3.0,1.7141860723495483
augsburg_lfu,xgboost,summer_2024,311,12,1.228297472000122,3.0,1.771702527999878
augsburg_lfu,xgboost,summer_2024,312,13,1.562565803527832,4.0,2.437434196472168
augsburg_lfu,xgboost,summer_2024,313,13,1.8377537727355957,3.0,1.1622462272644043
augsburg_lfu,xgboost,summer_2024,314,13,1.9320638179779053,5.0,3.0679361820220947
augsburg_lfu,xgboost,summer_2024,315,13,1.7891578674316406,5.0,3.2108421325683594
augsburg_lfu,xgboost,summer_2024,316,13,1.6244001388549805,4.0,2.3755998611450195
augsburg_lfu,xgboost,summer_2024,317,13,1.8470938205718994,6.0,4.152906179428101
augsburg_lfu,xgboost,summer_2024,318,13,1.866355061531067,7.0,5.133644938468933
augsburg_lfu,xgboost,summer_2024,319,13,1.469663143157959,5.0,3.530336856842041
augsburg_lfu,xgboost,summer_2024,320,13,1.5350712537765503,4.0,2.4649287462234497
augsburg_lfu,xgboost,summer_2024,321,13,1.5549321174621582,4.0,2.445067882537842
augsburg_lfu,xgboost,summer_2024,322,13,1.686142921447754,4.0,2.313857078552246
augsburg_lfu,xgboost,summer_2024,323,13,1.724844217300415,4.0,2.275155782699585
augsburg_lfu,xgboost,summer_2024,324,13,1.8086756467819214,5.0,3.1913243532180786
augsburg_lfu,xgboost,summer_2024,325,13,1.8253705501556396,5.0,3.1746294498443604
augsburg_lfu,xgboost,summer_2024,326,13,1.7287976741790771,5.0,3.271202325820923
augsburg_lfu,xgboost,summer_2024,327,13,1.5887176990509033,6.0,4.411282300949097
augsburg_lfu,xgboost,summer_2024,328,13,1.545042872428894,5.0,3.454957127571106
augsburg_lfu,xgboost,summer_2024,329,13,1.4598888158798218,5.0,3.5401111841201782
augsburg_lfu,xgboost,summer_2024,330,13,1.5884342193603516,5.0,3.4115657806396484
augsburg_lfu,xgboost,summer_2024,331,13,1.6618648767471313,6.0,4.338135123252869
augsburg_lfu,xgboost,summer_2024,332,13,2.2218210697174072,4.0,1.7781789302825928
augsburg_lfu,xgboost,summer_2024,333,13,2.5240964889526367,3.0,0.4759035110473633
augsburg_lfu,xgboost,summer_2024,334,13,2.566976308822632,3.0,0.43302369117736816
augsburg_lfu,xgboost,summer_2024,335,13,2.37384033203125,3.0,0.62615966796875
augsburg_lfu,xgboost,summer_2024,336,14,2.4800796508789062,4.0,1.5199203491210938
augsburg_lfu,xgboost,summer_2024,337,14,2.615432024002075,5.0,2.384567975997925
augsburg_lfu,xgboost,summer_2024,338,14,2.568115234375,5.0,2.431884765625
augsburg_lfu,xgboost,summer_2024,339,14,2.652111768722534,4.0,1.3478882312774658
augsburg_lfu,xgboost,summer_2024,340,14,2.8239707946777344,5.0,2.1760292053222656
augsburg_lfu,xgboost,summer_2024,341,14,2.901865005493164,5.0,2.098134994506836
augsburg_lfu,xgboost,summer_2024,342,14,2.9011313915252686,4.0,1.0988686084747314
augsburg_lfu,xgboost,summer_2024,343,14,2.3456368446350098,5.0,2.6543631553649902
augsburg_lfu,xgboost,summer_2024,344,14,2.815525770187378,4.0,1.184474229812622
augsburg_lfu,xgboost,summer_2024,345,14,2.702160596847534,5.0,2.297839403152466
augsburg_lfu,xgboost,summer_2024,346,14,3.0742106437683105,6.0,2.9257893562316895
augsburg_lfu,xgboost,summer_2024,347,14,3.6995434761047363,6.0,2.3004565238952637
augsburg_lfu,xgboost,summer_2024,348,14,3.9554927349090576,7.0,3.0445072650909424
augsburg_lfu,xgboost,summer_2024,349,14,4.035877704620361,9.0,4.964122295379639
augsburg_lfu,xgboost,summer_2024,350,14,4.695422172546387,10.0,5.304577827453613
augsburg_lfu,xgboost,summer_2024,351,14,5.456297874450684,10.0,4.543702125549316
augsburg_lfu,xgboost,summer_2024,352,14,6.128426551818848,10.0,3.8715734481811523
augsburg_lfu,xgboost,summer_2024,353,14,7.495669841766357,11.0,3.5043301582336426
augsburg_lfu,xgboost,summer_2024,354,14,8.77161979675293,11.0,2.2283802032470703
augsburg_lfu,xgboost,summer_2024,355,14,9.893426895141602,10.0,0.10657310485839844
augsburg_lfu,xgboost,summer_2024,356,14,10.380644798278809,11.0,0.6193552017211914
augsburg_lfu,xgboost,summer_2024,357,14,10.902801513671875,8.0,2.902801513671875
augsburg_lfu,xgboost,summer_2024,358,14,10.536459922790527,7.0,3.5364599227905273
augsburg_lfu,xgboost,summer_2024,359,14,8.832937240600586,5.0,3.832937240600586
augsburg_lfu,xgboost,summer_2024,360,15,6.482654094696045,6.0,0.4826540946960449
augsburg_lfu,xgboost,summer_2024,361,15,5.121585369110107,7.0,1.8784146308898926
augsburg_lfu,xgboost,summer_2024,362,15,4.418577194213867,7.0,2.581422805786133
augsburg_lfu,xgboost,summer_2024,363,15,4.334780693054199,8.0,3.665219306945801
augsburg_lfu,xgboost,summer_2024,364,15,4.853231906890869,8.0,3.146768093109131
augsburg_lfu,xgboost,summer_2024,365,15,4.872476100921631,7.0,2.127523899078369
augsburg_lfu,xgboost,summer_2024,366,15,4.613238334655762,6.0,1.3867616653442383
augsburg_lfu,xgboost,summer_2024,367,15,4.206702709197998,5.0,0.793297290802002
augsburg_lfu,xgboost,summer_2024,368,15,3.9162843227386475,6.0,2.0837156772613525
augsburg_lfu,xgboost,summer_2024,369,15,3.3755345344543457,6.0,2.6244654655456543
augsburg_lfu,xgboost,summer_2024,370,15,3.0983669757843018,5.0,1.9016330242156982
augsburg_lfu,xgboost,summer_2024,371,15,3.261615514755249,6.0,2.738384485244751
augsburg_lfu,xgboost,summer_2024,372,15,3.221224784851074,6.0,2.778775215148926
augsburg_lfu,xgboost,summer_2024,373,15,3.2361435890197754,4.0,0.7638564109802246
augsburg_lfu,xgboost,summer_2024,374,15,3.551978588104248,4.0,0.44802141189575195
augsburg_lfu,xgboost,summer_2024,375,15,3.7195162773132324,5.0,1.2804837226867676
augsburg_lfu,xgboost,summer_2024,376,15,3.8072731494903564,5.0,1.1927268505096436
augsburg_lfu,xgboost,summer_2024,377,15,3.568223714828491,4.0,0.4317762851715088
augsburg_lfu,xgboost,summer_2024,378,15,3.9096364974975586,4.0,0.0903635025024414
augsburg_lfu,xgboost,summer_2024,379,15,3.853571891784668,4.0,0.14642810821533203
augsburg_lfu,xgboost,summer_2024,380,15,4.023382663726807,3.0,1.0233826637268066
augsburg_lfu,xgboost,summer_2024,381,15,4.322275638580322,2.0,2.3222756385803223
augsburg_lfu,xgboost,summer_2024,382,15,5.163585186004639,2.0,3.1635851860046387
augsburg_lfu,xgboost,summer_2024,383,15,4.891167163848877,1.0,3.891167163848877
augsburg_lfu,xgboost,summer_2024,384,16,4.907054901123047,1.0,3.907054901123047
augsburg_lfu,xgboost,summer_2024,385,16,5.005368232727051,2.0,3.005368232727051
augsburg_lfu,xgboost,summer_2024,386,16,4.987975597381592,2.0,2.987975597381592
augsburg_lfu,xgboost,summer_2024,387,16,4.826517105102539,2.0,2.826517105102539
augsburg_lfu,xgboost,summer_2024,388,16,4.8014607429504395,2.0,2.8014607429504395
augsburg_lfu,xgboost,summer_2024,389,16,4.9636359214782715,2.0,2.9636359214782715
augsburg_lfu,xgboost,summer_2024,390,16,5.012598991394043,2.0,3.012598991394043
augsburg_lfu,xgboost,summer_2024,391,16,5.110439777374268,3.0,2.1104397773742676
augsburg_lfu,xgboost,summer_2024,392,16,4.811717510223389,3.0,1.8117175102233887
augsburg_lfu,xgboost,summer_2024,393,16,4.700787544250488,3.0,1.7007875442504883
augsburg_lfu,xgboost,summer_2024,394,16,4.570042133331299,2.0,2.570042133331299
augsburg_lfu,xgboost,summer_2024,395,16,4.467312812805176,3.0,1.4673128128051758
augsburg_lfu,xgboost,summer_2024,396,16,4.724191188812256,4.0,0.7241911888122559
augsburg_lfu,xgboost,summer_2024,397,16,4.846020698547363,6.0,1.1539793014526367
augsburg_lfu,xgboost,summer_2024,398,16,5.060831546783447,6.0,0.9391684532165527
augsburg_lfu,xgboost,summer_2024,399,16,5.221227645874023,6.0,0.7787723541259766
augsburg_lfu,xgboost,summer_2024,400,16,5.2679548263549805,5.0,0.26795482635498047
augsburg_lfu,xgboost,summer_2024,401,16,5.381372451782227,5.0,0.38137245178222656
augsburg_lfu,xgboost,summer_2024,402,16,5.234973907470703,5.0,0.23497390747070312
augsburg_lfu,xgboost,summer_2024,403,16,5.187860488891602,6.0,0.8121395111083984
augsburg_lfu,xgboost,summer_2024,404,16,5.861598968505859,6.0,0.13840103149414062
augsburg_lfu,xgboost,summer_2024,405,16,5.871499061584473,6.0,0.12850093841552734
augsburg_lfu,xgboost,summer_2024,406,16,6.009882926940918,5.0,1.009882926940918
augsburg_lfu,xgboost,summer_2024,407,16,5.914333343505859,4.0,1.9143333435058594
augsburg_lfu,xgboost,summer_2024,408,17,5.895274639129639,6.0,0.10472536087036133
augsburg_lfu,xgboost,summer_2024,409,17,5.96103572845459,6.0,0.038964271545410156
augsburg_lfu,xgboost,summer_2024,410,17,5.795719623565674,5.0,0.7957196235656738
augsburg_lfu,xgboost,summer_2024,411,17,5.855288505554199,5.0,0.8552885055541992
augsburg_lfu,xgboost,summer_2024,412,17,5.781532287597656,5.0,0.7815322875976562
augsburg_lfu,xgboost,summer_2024,413,17,6.15476131439209,6.0,0.15476131439208984
augsburg_lfu,xgboost,summer_2024,414,17,8.153753280639648,4.0,4.153753280639648
augsburg_lfu,xgboost,summer_2024,415,17,7.753528118133545,4.0,3.753528118133545
augsburg_lfu,xgboost,summer_2024,416,17,6.589141845703125,6.0,0.589141845703125
augsburg_lfu,xgboost,summer_2024,417,17,6.3521552085876465,8.0,1.6478447914123535
augsburg_lfu,xgboost,summer_2024,418,17,6.618320941925049,8.0,1.3816790580749512
augsburg_lfu,xgboost,summer_2024,419,17,6.97163200378418,8.0,1.0283679962158203
augsburg_lfu,xgboost,summer_2024,420,17,7.215588569641113,8.0,0.7844114303588867
augsburg_lfu,xgboost,summer_2024,421,17,7.43010139465332,9.0,1.5698986053466797
augsburg_lfu,xgboost,summer_2024,422,17,7.722301959991455,9.0,1.277698040008545
augsburg_lfu,xgboost,summer_2024,423,17,7.906251907348633,10.0,2.093748092651367
augsburg_lfu,xgboost,summer_2024,424,17,8.449409484863281,10.0,1.5505905151367188
augsburg_lfu,xgboost,summer_2024,425,17,8.78978157043457,10.0,1.2102184295654297
augsburg_lfu,xgboost,summer_2024,426,17,9.130378723144531,9.0,0.13037872314453125
augsburg_lfu,xgboost,summer_2024,427,17,9.505725860595703,9.0,0.5057258605957031
augsburg_lfu,xgboost,summer_2024,428,17,10.703539848327637,8.0,2.7035398483276367
augsburg_lfu,xgboost,summer_2024,429,17,11.184453964233398,7.0,4.184453964233398
augsburg_lfu,xgboost,summer_2024,430,17,10.938577651977539,6.0,4.938577651977539
augsburg_lfu,xgboost,summer_2024,431,17,10.229347229003906,7.0,3.2293472290039062
augsburg_lfu,xgboost,summer_2024,432,18,10.624296188354492,9.0,1.6242961883544922
augsburg_lfu,xgboost,summer_2024,433,18,11.104909896850586,10.0,1.104909896850586
augsburg_lfu,xgboost,summer_2024,434,18,11.06789493560791,8.0,3.06789493560791
augsburg_lfu,xgboost,summer_2024,435,18,11.251646995544434,7.0,4.251646995544434
augsburg_lfu,xgboost,summer_2024,436,18,10.853070259094238,8.0,2.8530702590942383
augsburg_lfu,xgboost,summer_2024,437,18,10.963459014892578,9.0,1.9634590148925781
augsburg_lfu,xgboost,summer_2024,438,18,11.459439277648926,8.0,3.459439277648926
augsburg_lfu,xgboost,summer_2024,439,18,10.40041732788086,6.0,4.400417327880859
augsburg_lfu,xgboost,summer_2024,440,18,10.076436996459961,7.0,3.076436996459961
augsburg_lfu,xgboost,summer_2024,441,18,9.769769668579102,9.0,0.7697696685791016
augsburg_lfu,xgboost,summer_2024,442,18,9.555214881896973,10.0,0.44478511810302734
augsburg_lfu,xgboost,summer_2024,443,18,9.625641822814941,11.0,1.3743581771850586
augsburg_lfu,xgboost,summer_2024,444,18,9.85642147064209,11.0,1.1435785293579102
augsburg_lfu,xgboost,summer_2024,445,18,9.984953880310059,11.0,1.0150461196899414
augsburg_lfu,xgboost,summer_2024,446,18,9.904434204101562,11.0,1.0955657958984375
augsburg_lfu,xgboost,summer_2024,447,18,9.866024017333984,10.0,0.13397598266601562
augsburg_lfu,xgboost,summer_2024,448,18,9.76663875579834,10.0,0.23336124420166016
augsburg_lfu,xgboost,summer_2024,449,18,10.256837844848633,11.0,0.7431621551513672
augsburg_lfu,xgboost,summer_2024,450,18,11.166868209838867,10.0,1.1668682098388672
augsburg_lfu,xgboost,summer_2024,451,18,11.381856918334961,10.0,1.381856918334961
augsburg_lfu,xgboost,summer_2024,452,18,11.49410629272461,24.0,12.50589370727539
augsburg_lfu,xgboost,summer_2024,453,18,11.949481010437012,17.0,5.050518989562988
augsburg_lfu,xgboost,summer_2024,454,18,11.17163372039795,7.0,4.171633720397949
augsburg_lfu,xgboost,summer_2024,455,18,10.365179061889648,5.0,5.365179061889648
augsburg_lfu,xgboost,summer_2024,456,19,9.633252143859863,6.0,3.6332521438598633
augsburg_lfu,xgboost,summer_2024,457,19,9.2169189453125,8.0,1.2169189453125
augsburg_lfu,xgboost,summer_2024,458,19,9.346795082092285,10.0,0.6532049179077148
augsburg_lfu,xgboost,summer_2024,459,19,9.045562744140625,9.0,0.045562744140625
augsburg_lfu,xgboost,summer_2024,460,19,9.300833702087402,8.0,1.3008337020874023
augsburg_lfu,xgboost,summer_2024,461,19,9.261019706726074,10.0,0.7389802932739258
augsburg_lfu,xgboost,summer_2024,462,19,9.272313117980957,10.0,0.727686882019043
augsburg_lfu,xgboost,summer_2024,463,19,9.036223411560059,9.0,0.036223411560058594
augsburg_lfu,xgboost,summer_2024,464,19,8.403342247009277,10.0,1.5966577529907227
augsburg_lfu,xgboost,summer_2024,465,19,7.919710636138916,12.0,4.080289363861084
augsburg_lfu,xgboost,summer_2024,466,19,8.203754425048828,13.0,4.796245574951172
augsburg_lfu,xgboost,summer_2024,467,19,8.854455947875977,12.0,3.1455440521240234
augsburg_lfu,xgboost,summer_2024,468,19,10.290854454040527,11.0,0.7091455459594727
augsburg_lfu,xgboost,summer_2024,469,19,12.84204387664795,10.0,2.842043876647949
augsburg_lfu,xgboost,summer_2024,470,19,13.821578979492188,11.0,2.8215789794921875
augsburg_lfu,xgboost,summer_2024,471,19,12.992304801940918,8.0,4.992304801940918
augsburg_lfu,xgboost,summer_2024,472,19,12.615534782409668,5.0,7.615534782409668
augsburg_lfu,xgboost,summer_2024,473,19,12.691259384155273,5.0,7.691259384155273
augsburg_lfu,xgboost,summer_2024,474,19,13.009950637817383,5.0,8.009950637817383
augsburg_lfu,xgboost,summer_2024,475,19,12.88880729675293,9.0,3.8888072967529297
augsburg_lfu,xgboost,summer_2024,476,19,12.870277404785156,9.0,3.8702774047851562
augsburg_lfu,xgboost,summer_2024,477,19,12.551799774169922,8.0,4.551799774169922
augsburg_lfu,xgboost,summer_2024,478,19,12.268535614013672,9.0,3.268535614013672
augsburg_lfu,xgboost,summer_2024,479,19,12.180639266967773,10.0,2.1806392669677734
augsburg_lfu,xgboost,summer_2024,480,20,11.978236198425293,11.0,0.978236198425293
augsburg_lfu,xgboost,summer_2024,481,20,11.402496337890625,13.0,1.597503662109375
augsburg_lfu,xgboost,summer_2024,482,20,11.314397811889648,12.0,0.6856021881103516
augsburg_lfu,xgboost,summer_2024,483,20,11.500015258789062,11.0,0.5000152587890625
augsburg_lfu,xgboost,summer_2024,484,20,11.561638832092285,12.0,0.43836116790771484
augsburg_lfu,xgboost,summer_2024,485,20,11.517045021057129,12.0,0.4829549789428711
augsburg_lfu,xgboost,summer_2024,486,20,10.83258056640625,10.0,0.83258056640625
augsburg_lfu,xgboost,summer_2024,487,20,9.576411247253418,8.0,1.576411247253418
augsburg_lfu,xgboost,summer_2024,488,20,8.885653495788574,10.0,1.1143465042114258
augsburg_lfu,xgboost,summer_2024,489,20,9.053670883178711,12.0,2.946329116821289
augsburg_lfu,xgboost,summer_2024,490,20,9.97825813293457,14.0,4.02174186706543
augsburg_lfu,xgboost,summer_2024,491,20,10.513684272766113,14.0,3.4863157272338867
augsburg_lfu,xgboost,summer_2024,492,20,11.394184112548828,12.0,0.6058158874511719
augsburg_lfu,xgboost,summer_2024,493,20,11.72848892211914,11.0,0.7284889221191406
augsburg_lfu,xgboost,summer_2024,494,20,11.562676429748535,10.0,1.5626764297485352
augsburg_lfu,xgboost,summer_2024,495,20,11.687481880187988,11.0,0.6874818801879883
augsburg_lfu,xgboost,summer_2024,496,20,11.698596954345703,11.0,0.6985969543457031
augsburg_lfu,xgboost,summer_2024,497,20,11.392294883728027,10.0,1.3922948837280273
augsburg_lfu,xgboost,summer_2024,498,20,11.179756164550781,6.0,5.179756164550781
augsburg_lfu,xgboost,summer_2024,499,20,10.013213157653809,5.0,5.013213157653809
augsburg_lfu,xgboost,summer_2024,500,20,8.949461936950684,4.0,4.949461936950684
augsburg_lfu,xgboost,summer_2024,501,20,7.547942161560059,4.0,3.5479421615600586
augsburg_lfu,xgboost,summer_2024,502,20,5.695122241973877,5.0,0.695122241973877
augsburg_lfu,xgboost,summer_2024,503,20,4.340597629547119,3.0,1.3405976295471191
augsburg_lfu,xgboost,summer_2024,504,21,4.006612300872803,3.0,1.0066123008728027
augsburg_lfu,xgboost,summer_2024,505,21,3.398254632949829,4.0,0.6017453670501709
augsburg_lfu,xgboost,summer_2024,506,21,2.6390199661254883,3.0,0.3609800338745117
augsburg_lfu,xgboost,summer_2024,507,21,2.3091859817504883,3.0,0.6908140182495117
augsburg_lfu,xgboost,summer_2024,508,21,2.2839999198913574,3.0,0.7160000801086426
augsburg_lfu,xgboost,summer_2024,509,21,2.327953577041626,3.0,0.672046422958374
augsburg_lfu,xgboost,summer_2024,510,21,2.3187928199768066,4.0,1.6812071800231934
augsburg_lfu,xgboost,summer_2024,511,21,2.2940220832824707,4.0,1.7059779167175293
augsburg_lfu,xgboost,summer_2024,512,21,2.5440471172332764,5.0,2.4559528827667236
augsburg_lfu,xgboost,summer_2024,513,21,2.564650535583496,6.0,3.435349464416504
augsburg_lfu,xgboost,summer_2024,514,21,2.7163829803466797,7.0,4.28361701965332
augsburg_lfu,xgboost,summer_2024,515,21,3.100820541381836,7.0,3.899179458618164
augsburg_lfu,xgboost,summer_2024,516,21,4.252496242523193,7.0,2.7475037574768066
augsburg_lfu,xgboost,summer_2024,517,21,5.164198398590088,4.0,1.164198398590088
augsburg_lfu,xgboost,summer_2024,518,21,5.725094795227051,3.0,2.725094795227051
augsburg_lfu,xgboost,summer_2024,519,21,5.993720531463623,5.0,0.993720531463623
augsburg_lfu,xgboost,summer_2024,520,21,6.2262444496154785,6.0,0.22624444961547852
augsburg_lfu,xgboost,summer_2024,521,21,6.625322341918945,5.0,1.6253223419189453
augsburg_lfu,xgboost,summer_2024,522,21,7.326188087463379,4.0,3.326188087463379
augsburg_lfu,xgboost,summer_2024,523,21,7.08981466293335,3.0,4.08981466293335
augsburg_lfu,xgboost,summer_2024,524,21,7.358994007110596,2.0,5.358994007110596
augsburg_lfu,xgboost,summer_2024,525,21,6.337274551391602,3.0,3.3372745513916016
augsburg_lfu,xgboost,summer_2024,526,21,5.614357948303223,4.0,1.6143579483032227
augsburg_lfu,xgboost,summer_2024,527,21,4.651804447174072,4.0,0.6518044471740723
augsburg_lfu,xgboost,summer_2024,528,22,4.445951461791992,3.0,1.4459514617919922
augsburg_lfu,xgboost,summer_2024,529,22,4.318854331970215,2.0,2.318854331970215
augsburg_lfu,xgboost,summer_2024,530,22,3.561220169067383,2.0,1.5612201690673828
augsburg_lfu,xgboost,summer_2024,531,22,3.3503174781799316,2.0,1.3503174781799316
augsburg_lfu,xgboost,summer_2024,532,22,3.1805944442749023,2.0,1.1805944442749023
augsburg_lfu,xgboost,summer_2024,533,22,3.6330926418304443,2.0,1.6330926418304443
augsburg_lfu,xgboost,summer_2024,534,22,3.4376118183135986,3.0,0.43761181831359863
augsburg_lfu,xgboost,summer_2024,535,22,3.10568904876709,4.0,0.8943109512329102
augsburg_lfu,xgboost,summer_2024,536,22,2.828335762023926,3.0,0.17166423797607422
augsburg_lfu,xgboost,summer_2024,537,22,2.307624340057373,2.0,0.30762434005737305
augsburg_lfu,xgboost,summer_2024,538,22,2.549375057220459,2.0,0.549375057220459
augsburg_lfu,xgboost,summer_2024,539,22,2.5907862186431885,2.0,0.5907862186431885
augsburg_lfu,xgboost,summer_2024,540,22,2.6485462188720703,2.0,0.6485462188720703
augsburg_lfu,xgboost,summer_2024,541,22,2.9412057399749756,3.0,0.058794260025024414
augsburg_lfu,xgboost,summer_2024,542,22,2.925363540649414,3.0,0.07463645935058594
augsburg_lfu,xgboost,summer_2024,543,22,2.7977919578552246,4.0,1.2022080421447754
augsburg_lfu,xgboost,summer_2024,544,22,2.7444984912872314,5.0,2.2555015087127686
augsburg_lfu,xgboost,summer_2024,545,22,2.6449718475341797,5.0,2.3550281524658203
augsburg_lfu,xgboost,summer_2024,546,22,2.816819906234741,5.0,2.183180093765259
augsburg_lfu,xgboost,summer_2024,547,22,3.075221538543701,5.0,1.9247784614562988
augsburg_lfu,xgboost,summer_2024,548,22,2.954010486602783,3.0,0.0459895133972168
augsburg_lfu,xgboost,summer_2024,549,22,2.6954145431518555,2.0,0.6954145431518555
augsburg_lfu,xgboost,summer_2024,550,22,2.4669222831726074,2.0,0.4669222831726074
augsburg_lfu,xgboost,summer_2024,551,22,2.277604103088379,3.0,0.7223958969116211
augsburg_lfu,xgboost,summer_2024,552,23,2.6406543254852295,4.0,1.3593456745147705
augsburg_lfu,xgboost,summer_2024,553,23,2.417245388031006,3.0,0.5827546119689941
augsburg_lfu,xgboost,summer_2024,554,23,2.385964870452881,2.0,0.38596487045288086
augsburg_lfu,xgboost,summer_2024,555,23,2.455862045288086,2.0,0.45586204528808594
augsburg_lfu,xgboost,summer_2024,556,23,2.549603223800659,3.0,0.4503967761993408
augsburg_lfu,xgboost,summer_2024,557,23,2.702263832092285,3.0,0.29773616790771484
augsburg_lfu,xgboost,summer_2024,558,23,2.4486474990844727,2.0,0.44864749908447266
augsburg_lfu,xgboost,summer_2024,559,23,2.267453908920288,2.0,0.2674539089202881
augsburg_lfu,xgboost,summer_2024,560,23,2.282843589782715,2.0,0.28284358978271484
augsburg_lfu,xgboost,summer_2024,561,23,2.3643481731414795,3.0,0.6356518268585205
augsburg_lfu,xgboost,summer_2024,562,23,2.431990385055542,3.0,0.568009614944458
augsburg_lfu,xgboost,summer_2024,563,23,2.4582135677337646,3.0,0.5417864322662354
augsburg_lfu,xgboost,summer_2024,564,23,2.480134963989258,3.0,0.5198650360107422
augsburg_lfu,xgboost,summer_2024,565,23,2.6537325382232666,3.0,0.3462674617767334
augsburg_lfu,xgboost,summer_2024,566,23,2.652590274810791,3.0,0.347409725189209
augsburg_lfu,xgboost,summer_2024,567,23,2.5251991748809814,3.0,0.47480082511901855
augsburg_lfu,xgboost,summer_2024,568,23,2.507004737854004,3.0,0.4929952621459961
augsburg_lfu,xgboost,summer_2024,569,23,2.6775712966918945,4.0,1.3224287033081055
augsburg_lfu,xgboost,summer_2024,570,23,2.7177507877349854,4.0,1.2822492122650146
augsburg_lfu,xgboost,summer_2024,571,23,2.4490628242492676,5.0,2.5509371757507324
augsburg_lfu,xgboost,summer_2024,572,23,2.7221899032592773,5.0,2.2778100967407227
augsburg_lfu,xgboost,summer_2024,573,23,2.5361897945404053,4.0,1.4638102054595947
augsburg_lfu,xgboost,summer_2024,574,23,2.6247308254241943,4.0,1.3752691745758057
augsburg_lfu,xgboost,summer_2024,575,23,2.5378472805023193,4.0,1.4621527194976807
augsburg_lfu,xgboost,summer_2024,576,24,4.259093284606934,3.0,1.2590932846069336
augsburg_lfu,xgboost,summer_2024,577,24,4.6332292556762695,3.0,1.6332292556762695
augsburg_lfu,xgboost,summer_2024,578,24,4.838769435882568,3.0,1.8387694358825684
augsburg_lfu,xgboost,summer_2024,579,24,4.891118049621582,4.0,0.891118049621582
augsburg_lfu,xgboost,summer_2024,580,24,5.142614841461182,4.0,1.1426148414611816
augsburg_lfu,xgboost,summer_2024,581,24,5.427593231201172,5.0,0.4275932312011719
augsburg_lfu,xgboost,summer_2024,582,24,5.739795207977295,4.0,1.739795207977295
augsburg_lfu,xgboost,summer_2024,583,24,5.153104305267334,4.0,1.153104305267334
augsburg_lfu,xgboost,summer_2024,584,24,4.378727912902832,3.0,1.378727912902832
augsburg_lfu,xgboost,summer_2024,585,24,4.124370574951172,3.0,1.1243705749511719
augsburg_lfu,xgboost,summer_2024,586,24,4.143491744995117,4.0,0.1434917449951172
augsburg_lfu,xgboost,summer_2024,587,24,4.171716690063477,5.0,0.8282833099365234
augsburg_lfu,xgboost,summer_2024,588,24,4.692233085632324,6.0,1.3077669143676758
augsburg_lfu,xgboost,summer_2024,589,24,5.214713096618652,6.0,0.7852869033813477
augsburg_lfu,xgboost,summer_2024,590,24,5.354649066925049,7.0,1.6453509330749512
augsburg_lfu,xgboost,summer_2024,591,24,5.3917155265808105,7.0,1.6082844734191895
augsburg_lfu,xgboost,summer_2024,592,24,5.384441375732422,7.0,1.6155586242675781
augsburg_lfu,xgboost,summer_2024,593,24,5.514172077178955,7.0,1.485827922821045
augsburg_lfu,xgboost,summer_2024,594,24,6.388706684112549,7.0,0.6112933158874512
augsburg_lfu,xgboost,summer_2024,595,24,8.115643501281738,6.0,2.1156435012817383
augsburg_lfu,xgboost,summer_2024,596,24,8.95189380645752,7.0,1.9518938064575195
augsburg_lfu,xgboost,summer_2024,597,24,8.586835861206055,6.0,2.5868358612060547
augsburg_lfu,xgboost,summer_2024,598,24,8.282319068908691,6.0,2.2823190689086914
augsburg_lfu,xgboost,summer_2024,599,24,7.366654872894287,6.0,1.366654872894287
augsburg_lfu,xgboost,summer_2024,600,25,7.092747688293457,5.0,2.092747688293457
augsburg_lfu,xgboost,summer_2024,601,25,7.147501468658447,5.0,2.1475014686584473
augsburg_lfu,xgboost,summer_2024,602,25,7.2888970375061035,6.0,1.2888970375061035
augsburg_lfu,xgboost,summer_2024,603,25,7.368443489074707,6.0,1.368443489074707
augsburg_lfu,xgboost,summer_2024,604,25,7.632662296295166,6.0,1.632662296295166
augsburg_lfu,xgboost,summer_2024,605,25,7.53141450881958,6.0,1.53141450881958
augsburg_lfu,xgboost,summer_2024,606,25,7.090716361999512,6.0,1.0907163619995117
augsburg_lfu,xgboost,summer_2024,607,25,6.546964168548584,4.0,2.546964168548584
augsburg_lfu,xgboost,summer_2024,608,25,6.296140193939209,5.0,1.296140193939209
augsburg_lfu,xgboost,summer_2024,609,25,5.927984237670898,8.0,2.0720157623291016
augsburg_lfu,xgboost,summer_2024,610,25,5.790401458740234,9.0,3.2095985412597656
augsburg_lfu,xgboost,summer_2024,611,25,5.973587989807129,9.0,3.026412010192871
augsburg_lfu,xgboost,summer_2024,612,25,6.179438591003418,9.0,2.820561408996582
augsburg_lfu,xgboost,summer_2024,613,25,6.729531764984131,9.0,2.270468235015869
augsburg_lfu,xgboost,summer_2024,614,25,7.494258403778076,10.0,2.505741596221924
augsburg_lfu,xgboost,summer_2024,615,25,8.163525581359863,10.0,1.8364744186401367
augsburg_lfu,xgboost,summer_2024,616,25,8.696861267089844,11.0,2.3031387329101562
augsburg_lfu,xgboost,summer_2024,617,25,9.589186668395996,10.0,0.4108133316040039
augsburg_lfu,xgboost,summer_2024,618,25,10.070886611938477,10.0,0.07088661193847656
augsburg_lfu,xgboost,summer_2024,619,25,10.624409675598145,10.0,0.6244096755981445
augsburg_lfu,xgboost,summer_2024,620,25,11.687517166137695,10.0,1.6875171661376953
augsburg_lfu,xgboost,summer_2024,621,25,11.62771987915039,10.0,1.6277198791503906
augsburg_lfu,xgboost,summer_2024,622,25,11.474358558654785,9.0,2.474358558654785
augsburg_lfu,xgboost,summer_2024,623,25,10.893108367919922,7.0,3.893108367919922
augsburg_lfu,xgboost,summer_2024,624,26,10.512589454650879,7.0,3.512589454650879
augsburg_lfu,xgboost,summer_2024,625,26,11.078041076660156,9.0,2.0780410766601562
augsburg_lfu,xgboost,summer_2024,626,26,11.617217063903809,10.0,1.6172170639038086
augsburg_lfu,xgboost,summer_2024,627,26,11.420315742492676,9.0,2.420315742492676
augsburg_lfu,xgboost,summer_2024,628,26,11.797309875488281,10.0,1.7973098754882812
augsburg_lfu,xgboost,summer_2024,629,26,12.151970863342285,11.0,1.1519708633422852
augsburg_lfu,xgboost,summer_2024,630,26,12.695833206176758,10.0,2.695833206176758
augsburg_lfu,xgboost,summer_2024,631,26,11.346474647521973,9.0,2.3464746475219727
augsburg_lfu,xgboost,summer_2024,632,26,9.18056869506836,9.0,0.18056869506835938
augsburg_lfu,xgboost,summer_2024,633,26,7.684993743896484,11.0,3.3150062561035156
augsburg_lfu,xgboost,summer_2024,634,26,7.223662376403809,13.0,5.776337623596191
augsburg_lfu,xgboost,summer_2024,635,26,7.505194664001465,12.0,4.494805335998535
augsburg_lfu,xgboost,summer_2024,636,26,8.09998893737793,11.0,2.9000110626220703
augsburg_lfu,xgboost,summer_2024,637,26,8.686172485351562,11.0,2.3138275146484375
augsburg_lfu,xgboost,summer_2024,638,26,9.97747802734375,11.0,1.02252197265625
augsburg_lfu,xgboost,summer_2024,639,26,10.070335388183594,11.0,0.9296646118164062
augsburg_lfu,xgboost,summer_2024,640,26,10.934258460998535,12.0,1.0657415390014648
augsburg_lfu,xgboost,summer_2024,641,26,11.675015449523926,12.0,0.3249845504760742
augsburg_lfu,xgboost,summer_2024,642,26,12.306333541870117,12.0,0.3063335418701172
augsburg_lfu,xgboost,summer_2024,643,26,13.123927116394043,9.0,4.123927116394043
augsburg_lfu,xgboost,summer_2024,644,26,11.829142570495605,7.0,4.8291425704956055
augsburg_lfu,xgboost,summer_2024,645,26,10.055418968200684,7.0,3.0554189682006836
augsburg_lfu,xgboost,summer_2024,646,26,9.49614429473877,7.0,2.4961442947387695
augsburg_lfu,xgboost,summer_2024,647,26,9.151689529418945,9.0,0.1516895294189453
augsburg_lfu,xgboost,summer_2024,648,27,9.143345832824707,12.0,2.856654167175293
augsburg_lfu,xgboost,summer_2024,649,27,9.615926742553711,13.0,3.384073257446289
augsburg_lfu,xgboost,summer_2024,650,27,10.019709587097168,13.0,2.980290412902832
augsburg_lfu,xgboost,summer_2024,651,27,10.310432434082031,13.0,2.6895675659179688
augsburg_lfu,xgboost,summer_2024,652,27,10.259597778320312,11.0,0.7404022216796875
augsburg_lfu,xgboost,summer_2024,653,27,9.82273006439209,5.0,4.82273006439209
augsburg_lfu,xgboost,summer_2024,654,27,7.106387138366699,3.0,4.106387138366699
augsburg_lfu,xgboost,summer_2024,655,27,4.598195552825928,4.0,0.5981955528259277
augsburg_lfu,xgboost,summer_2024,656,27,3.637779951095581,3.0,0.637779951095581
augsburg_lfu,xgboost,summer_2024,657,27,2.86592960357666,3.0,0.13407039642333984
augsburg_lfu,xgboost,summer_2024,658,27,2.241359233856201,3.0,0.7586407661437988
augsburg_lfu,xgboost,summer_2024,659,27,2.348068952560425,2.0,0.3480689525604248
augsburg_lfu,xgboost,summer_2024,660,27,2.4589314460754395,3.0,0.5410685539245605
augsburg_lfu,xgboost,summer_2024,661,27,2.479343891143799,4.0,1.5206561088562012
augsburg_lfu,xgboost,summer_2024,662,27,2.4877145290374756,4.0,1.5122854709625244
augsburg_lfu,xgboost,summer_2024,663,27,2.4020819664001465,4.0,1.5979180335998535
augsburg_lfu,xgboost,summer_2024,664,27,2.4737234115600586,4.0,1.5262765884399414
augsburg_lfu,xgboost,summer_2024,665,27,2.7419819831848145,4.0,1.2580180168151855
augsburg_lfu,xgboost,summer_2024,666,27,2.900550365447998,5.0,2.099449634552002
augsburg_lfu,xgboost,summer_2024,667,27,3.0640172958374023,5.0,1.9359827041625977
augsburg_lfu,xgboost,summer_2024,668,27,3.6980316638946533,5.0,1.3019683361053467
augsburg_lfu,xgboost,summer_2024,669,27,3.655870199203491,5.0,1.3441298007965088
augsburg_lfu,xgboost,summer_2024,670,27,3.6156790256500244,4.0,0.3843209743499756
augsburg_lfu,xgboost,summer_2024,671,27,3.738668441772461,4.0,0.26133155822753906
augsburg_lfu,xgboost,summer_2024,672,28,3.485206365585327,4.0,0.5147936344146729
augsburg_lfu,xgboost,summer_2024,673,28,3.584200143814087,6.0,2.415799856185913
augsburg_lfu,xgboost,summer_2024,674,28,3.5167102813720703,6.0,2.4832897186279297
augsburg_lfu,xgboost,summer_2024,675,28,3.4241576194763184,5.0,1.5758423805236816
augsburg_lfu,xgboost,summer_2024,676,28,3.2046525478363037,5.0,1.7953474521636963
augsburg_lfu,xgboost,summer_2024,677,28,3.4115190505981445,5.0,1.5884809494018555
augsburg_lfu,xgboost,summer_2024,678,28,3.957047462463379,6.0,2.042952537536621
augsburg_lfu,xgboost,summer_2024,679,28,3.21883225440979,6.0,2.78116774559021
augsburg_lfu,xgboost,summer_2024,680,28,3.1563422679901123,6.0,2.8436577320098877
augsburg_lfu,xgboost,summer_2024,681,28,3.4902520179748535,5.0,1.5097479820251465
augsburg_lfu,xgboost,summer_2024,682,28,3.6314120292663574,6.0,2.3685879707336426
augsburg_lfu,xgboost,summer_2024,683,28,3.8802332878112793,7.0,3.1197667121887207
augsburg_lfu,xgboost,summer_2024,684,28,3.9920339584350586,7.0,3.0079660415649414
augsburg_lfu,xgboost,summer_2024,685,28,3.9130141735076904,8.0,4.08698582649231
augsburg_lfu,xgboost,summer_2024,686,28,4.009210586547852,9.0,4.990789413452148
augsburg_lfu,xgboost,summer_2024,687,28,4.714942932128906,9.0,4.285057067871094
augsburg_lfu,xgboost,summer_2024,688,28,5.208014011383057,10.0,4.791985988616943
augsburg_lfu,xgboost,summer_2024,689,28,5.811440944671631,10.0,4.188559055328369
augsburg_lfu,xgboost,summer_2024,690,28,6.245818138122559,11.0,4.754181861877441
augsburg_lfu,xgboost,summer_2024,691,28,6.9356279373168945,10.0,3.0643720626831055
augsburg_lfu,xgboost,summer_2024,692,28,8.114448547363281,10.0,1.8855514526367188
augsburg_lfu,xgboost,summer_2024,693,28,8.921072959899902,9.0,0.07892704010009766
augsburg_lfu,xgboost,summer_2024,694,28,8.614302635192871,8.0,0.6143026351928711
augsburg_lfu,xgboost,summer_2024,695,28,8.338653564453125,8.0,0.338653564453125
augsburg_lfu,xgboost,summer_2024,696,29,7.787412166595459,8.0,0.21258783340454102
augsburg_lfu,xgboost,summer_2024,697,29,7.0108256340026855,8.0,0.9891743659973145
augsburg_lfu,xgboost,summer_2024,698,29,6.883563995361328,8.0,1.1164360046386719
augsburg_lfu,xgboost,summer_2024,699,29,6.940541744232178,7.0,0.059458255767822266
augsburg_lfu,xgboost,summer_2024,700,29,7.264145851135254,7.0,0.2641458511352539
augsburg_lfu,xgboost,summer_2024,701,29,7.685757160186768,8.0,0.3142428398132324
augsburg_lfu,xgboost,summer_2024,702,29,8.061151504516602,8.0,0.06115150451660156
augsburg_lfu,xgboost,summer_2024,703,29,7.160834789276123,7.0,0.16083478927612305
augsburg_lfu,xgboost,summer_2024,704,29,6.378556251525879,6.0,0.3785562515258789
augsburg_lfu,xgboost,summer_2024,705,29,6.439935684204102,6.0,0.43993568420410156
augsburg_lfu,xgboost,summer_2024,706,29,6.835569381713867,7.0,0.1644306182861328
augsburg_lfu,xgboost,summer_2024,707,29,7.475012302398682,8.0,0.5249876976013184
augsburg_lfu,xgboost,summer_2024,708,29,8.198781967163086,11.0,2.801218032836914
augsburg_lfu,xgboost,summer_2024,709,29,8.681549072265625,11.0,2.318450927734375
augsburg_lfu,xgboost,summer_2024,710,29,10.110943794250488,12.0,1.8890562057495117
augsburg_lfu,xgboost,summer_2024,711,29,10.86890697479248,13.0,2.1310930252075195
augsburg_lfu,xgboost,summer_2024,712,29,11.34406852722168,14.0,2.6559314727783203
augsburg_lfu,xgboost,summer_2024,713,29,11.39945125579834,15.0,3.60054874420166
augsburg_lfu,xgboost,summer_2024,714,29,11.286433219909668,15.0,3.713566780090332
augsburg_lfu,xgboost,summer_2024,715,29,11.6818265914917,16.0,4.318173408508301
augsburg_lfu,xgboost,summer_2024,716,29,11.687256813049316,16.0,4.312743186950684
augsburg_lfu,xgboost,summer_2024,717,29,10.656630516052246,14.0,3.343369483947754
augsburg_lfu,xgboost,summer_2024,718,29,10.449007987976074,13.0,2.550992012023926
augsburg_lfu,xgboost,summer_2024,719,29,10.838552474975586,11.0,0.16144752502441406
augsburg_lfu,xgboost,summer_2024,720,30,10.705246925354004,12.0,1.294753074645996
augsburg_lfu,xgboost,summer_2024,721,30,10.496105194091797,17.0,6.503894805908203
augsburg_lfu,xgboost,summer_2024,722,30,10.714783668518066,19.0,8.285216331481934
augsburg_lfu,xgboost,summer_2024,723,30,10.465086936950684,15.0,4.534913063049316
augsburg_lfu,xgboost,summer_2024,724,30,10.72829532623291,13.0,2.27170467376709
augsburg_lfu,xgboost,summer_2024,725,30,11.488411903381348,13.0,1.5115880966186523
augsburg_lfu,xgboost,summer_2024,726,30,11.206974983215332,13.0,1.793025016784668
augsburg_lfu,xgboost,summer_2024,727,30,10.108927726745605,13.0,2.8910722732543945
augsburg_lfu,xgboost,summer_2024,728,30,9.020364761352539,16.0,6.979635238647461
augsburg_lfu,xgboost,summer_2024,729,30,8.759190559387207,16.0,7.240809440612793
augsburg_lfu,xgboost,summer_2024,730,30,9.725957870483398,15.0,5.274042129516602
augsburg_lfu,xgboost,summer_2024,731,30,10.261350631713867,16.0,5.738649368286133
augsburg_lfu,xgboost,summer_2024,732,30,11.798972129821777,17.0,5.201027870178223
augsburg_lfu,xgboost,summer_2024,733,30,12.162693977355957,18.0,5.837306022644043
augsburg_lfu,xgboost,summer_2024,734,30,12.797045707702637,19.0,6.202954292297363
augsburg_lfu,xgboost,summer_2024,735,30,12.14603328704834,18.0,5.85396671295166
augsburg_lfu,xgboost,summer_2024,736,30,12.400976181030273,22.0,9.599023818969727
augsburg_lfu,xgboost,summer_2024,737,30,13.51334285736084,18.0,4.48665714263916
augsburg_lfu,xgboost,summer_2024,738,30,13.179064750671387,14.0,0.8209352493286133
augsburg_lfu,xgboost,summer_2024,739,30,12.834245681762695,12.0,0.8342456817626953
augsburg_lfu,xgboost,summer_2024,740,30,10.689445495605469,7.0,3.6894454956054688
augsburg_lfu,xgboost,summer_2024,741,30,7.397547245025635,7.0,0.39754724502563477
augsburg_lfu,xgboost,summer_2024,742,30,4.992434978485107,6.0,1.0075650215148926
augsburg_lfu,xgboost,summer_2024,743,30,3.8111324310302734,6.0,2.1888675689697266
augsburg_lfu,xgboost,summer_2024,744,31,3.027230978012085,4.0,0.972769021987915
augsburg_lfu,xgboost,summer_2024,745,31,3.030062437057495,3.0,0.030062437057495117
augsburg_lfu,xgboost,summer_2024,746,31,3.1931731700897217,4.0,0.8068268299102783
augsburg_lfu,xgboost,summer_2024,747,31,3.230311632156372,4.0,0.7696883678436279
augsburg_lfu,xgboost,summer_2024,748,31,3.258277416229248,4.0,0.741722583770752
augsburg_lfu,xgboost,summer_2024,749,31,3.4551303386688232,4.0,0.5448696613311768
augsburg_lfu,xgboost,summer_2024,750,31,3.3235950469970703,4.0,0.6764049530029297
augsburg_lfu,xgboost,summer_2024,751,31,3.191558599472046,5.0,1.808441400527954
augsburg_lfu,xgboost,summer_2024,752,31,3.4702982902526855,6.0,2.5297017097473145
augsburg_lfu,xgboost,summer_2024,753,31,3.933480978012085,8.0,4.066519021987915
augsburg_lfu,xgboost,summer_2024,754,31,4.728574752807617,8.0,3.271425247192383
augsburg_lfu,xgboost,summer_2024,755,31,5.728540420532227,8.0,2.2714595794677734
augsburg_lfu,xgboost,summer_2024,756,31,6.804536819458008,9.0,2.195463180541992
augsburg_lfu,xgboost,summer_2024,757,31,7.863421440124512,7.0,0.8634214401245117
augsburg_lfu,xgboost,summer_2024,758,31,8.720890045166016,7.0,1.7208900451660156
augsburg_lfu,xgboost,summer_2024,759,31,9.363838195800781,7.0,2.3638381958007812
augsburg_lfu,xgboost,summer_2024,760,31,9.501011848449707,8.0,1.501011848449707
augsburg_lfu,xgboost,summer_2024,761,31,9.695775032043457,8.0,1.695775032043457
augsburg_lfu,xgboost,summer_2024,762,31,9.418091773986816,7.0,2.4180917739868164
augsburg_lfu,xgboost,summer_2024,763,31,9.058748245239258,8.0,1.0587482452392578
augsburg_lfu,xgboost,summer_2024,764,31,8.80678653717041,8.0,0.8067865371704102
augsburg_lfu,xgboost,summer_2024,765,31,8.40766716003418,8.0,0.4076671600341797
augsburg_lfu,xgboost,summer_2024,766,31,7.515501499176025,6.0,1.5155014991760254
augsburg_lfu,xgboost,summer_2024,767,31,6.414858818054199,6.0,0.4148588180541992
augsburg_lfu,xgboost,summer_2024,768,32,6.941859722137451,6.0,0.9418597221374512
augsburg_lfu,xgboost,summer_2024,769,32,7.207738399505615,8.0,0.7922616004943848
augsburg_lfu,xgboost,summer_2024,770,32,7.494793891906738,11.0,3.5052061080932617
augsburg_lfu,xgboost,summer_2024,771,32,7.693061351776123,11.0,3.306938648223877
augsburg_lfu,xgboost,summer_2024,772,32,7.543562889099121,10.0,2.456437110900879
augsburg_lfu,xgboost,summer_2024,773,32,7.467445373535156,9.771428571428572,2.303983197893416
augsburg_lfu,xgboost,summer_2024,774,32,7.310163974761963,9.542857142857144,2.2326931680951816
augsburg_lfu,xgboost,summer_2024,775,32,6.535825729370117,9.314285714285717,2.7784599849155995
augsburg_lfu,xgboost,summer_2024,776,32,6.037507057189941,9.085714285714284,3.0482072285243422
augsburg_lfu,xgboost,summer_2024,777,32,5.538328647613525,8.857142857142858,3.3188142095293323
augsburg_lfu,xgboost,summer_2024,778,32,5.762113094329834,8.628571428571428,2.866458334241594
augsburg_lfu,xgboost,summer_2024,779,32,19.446592330932617,7.0,12.446592330932617
augsburg_lfu,xgboost,summer_2024,780,32,11.666004180908203,8.0,3.666004180908203
augsburg_lfu,xgboost,summer_2024,781,32,10.257203102111816,7.0,3.2572031021118164
augsburg_lfu,xgboost,summer_2024,782,32,10.34653377532959,5.0,5.34653377532959
augsburg_lfu,xgboost,summer_2024,783,32,10.574170112609863,5.0,5.574170112609863
augsburg_lfu,xgboost,summer_2024,784,32,10.801501274108887,4.0,6.801501274108887
augsburg_lfu,xgboost,summer_2024,785,32,11.024262428283691,3.0,8.024262428283691
augsburg_lfu,xgboost,summer_2024,786,32,11.456226348876953,2.0,9.456226348876953
augsburg_lfu,xgboost,summer_2024,787,32,11.391210556030273,2.0,9.391210556030273
augsburg_lfu,xgboost,summer_2024,788,32,10.616331100463867,3.0,7.616331100463867
augsburg_lfu,xgboost,summer_2024,789,32,10.555148124694824,4.0,6.555148124694824
augsburg_lfu,xgboost,summer_2024,790,32,10.298404693603516,3.0,7.298404693603516
augsburg_lfu,xgboost,summer_2024,791,32,9.686243057250977,2.0,7.686243057250977
augsburg_lfu,xgboost,summer_2024,792,33,8.75651741027832,2.0,6.75651741027832
augsburg_lfu,xgboost,summer_2024,793,33,8.513836860656738,3.0,5.513836860656738
augsburg_lfu,xgboost,summer_2024,794,33,8.691706657409668,3.0,5.691706657409668
augsburg_lfu,xgboost,summer_2024,795,33,8.01030445098877,1.0,7.0103044509887695
augsburg_lfu,xgboost,summer_2024,796,33,6.750229835510254,2.0,4.750229835510254
augsburg_lfu,xgboost,summer_2024,797,33,5.154536247253418,4.0,1.154536247253418
augsburg_lfu,xgboost,summer_2024,798,33,4.792351722717285,5.0,0.20764827728271484
augsburg_lfu,xgboost,summer_2024,799,33,4.9132609367370605,6.0,1.0867390632629395
augsburg_lfu,xgboost,summer_2024,800,33,5.251688480377197,5.0,0.25168848037719727
augsburg_lfu,xgboost,summer_2024,801,33,5.46651554107666,4.0,1.4665155410766602
augsburg_lfu,xgboost,summer_2024,802,33,5.898423671722412,4.0,1.898423671722412
augsburg_lfu,xgboost,summer_2024,803,33,6.138424396514893,4.0,2.1384243965148926
augsburg_lfu,xgboost,summer_2024,804,33,6.3004350662231445,5.0,1.3004350662231445
augsburg_lfu,xgboost,summer_2024,805,33,6.304620265960693,5.0,1.3046202659606934
augsburg_lfu,xgboost,summer_2024,806,33,6.563154697418213,5.0,1.563154697418213
augsburg_lfu,xgboost,summer_2024,807,33,6.851248741149902,5.0,1.8512487411499023
augsburg_lfu,xgboost,summer_2024,808,33,7.248723983764648,5.0,2.2487239837646484
augsburg_lfu,xgboost,summer_2024,809,33,7.395185470581055,5.0,2.3951854705810547
augsburg_lfu,xgboost,summer_2024,810,33,7.611366271972656,4.0,3.6113662719726562
augsburg_lfu,xgboost,summer_2024,811,33,7.52799129486084,4.0,3.52799129486084
augsburg_lfu,xgboost,summer_2024,812,33,8.347447395324707,3.0,5.347447395324707
augsburg_lfu,xgboost,summer_2024,813,33,9.054136276245117,4.0,5.054136276245117
augsburg_lfu,xgboost,summer_2024,814,33,9.56383228302002,5.0,4.5638322830200195
augsburg_lfu,xgboost,summer_2024,815,33,9.708202362060547,4.0,5.708202362060547
augsburg_lfu,xgboost,summer_2024,816,34,9.793631553649902,3.0,6.793631553649902
augsburg_lfu,xgboost,summer_2024,817,34,9.227743148803711,5.0,4.227743148803711
augsburg_lfu,xgboost,summer_2024,818,34,9.692953109741211,5.0,4.692953109741211
augsburg_lfu,xgboost,summer_2024,819,34,8.923896789550781,3.0,5.923896789550781
augsburg_lfu,xgboost,summer_2024,820,34,8.027637481689453,2.0,6.027637481689453
augsburg_lfu,xgboost,summer_2024,821,34,7.479261875152588,3.0,4.479261875152588
augsburg_lfu,xgboost,summer_2024,822,34,7.388094425201416,8.0,0.611905574798584
augsburg_lfu,xgboost,summer_2024,823,34,7.6147589683532715,12.0,4.3852410316467285
augsburg_lfu,xgboost,summer_2024,824,34,7.980250835418701,14.0,6.019749164581299
augsburg_lfu,xgboost,summer_2024,825,34,8.581676483154297,15.0,6.418323516845703
augsburg_lfu,xgboost,summer_2024,826,34,9.60621452331543,16.0,6.39378547668457
augsburg_lfu,xgboost,summer_2024,827,34,10.077746391296387,14.0,3.9222536087036133
augsburg_lfu,xgboost,summer_2024,828,34,10.695788383483887,13.0,2.3042116165161133
augsburg_lfu,xgboost,summer_2024,829,34,11.0447359085083,12.0,0.9552640914916992
augsburg_lfu,xgboost,summer_2024,830,34,11.309784889221191,11.0,0.3097848892211914
augsburg_lfu,xgboost,summer_2024,831,34,10.9242525100708,7.0,3.924252510070801
augsburg_lfu,xgboost,summer_2024,832,34,10.032020568847656,6.0,4.032020568847656
augsburg_lfu,xgboost,summer_2024,833,34,9.427250862121582,4.0,5.427250862121582
augsburg_lfu,xgboost,summer_2024,834,34,8.68549633026123,3.0,5.6854963302612305
augsburg_lfu,xgboost,summer_2024,835,34,8.835325241088867,4.0,4.835325241088867
augsburg_lfu,xgboost,summer_2024,836,34,9.1503267288208,3.0,6.150326728820801
augsburg_lfu,xgboost,summer_2024,837,34,9.220927238464355,4.0,5.2209272384643555
augsburg_lfu,xgboost,summer_2024,838,34,9.304320335388184,5.0,4.304320335388184
augsburg_lfu,xgboost,summer_2024,839,34,9.553357124328613,5.0,4.553357124328613
augsburg_lfu,xgboost,summer_2024,840,35,9.812390327453613,7.0,2.8123903274536133
augsburg_lfu,xgboost,summer_2024,841,35,9.980733871459961,8.0,1.980733871459961
augsburg_lfu,xgboost,summer_2024,842,35,9.295635223388672,6.0,3.295635223388672
augsburg_lfu,xgboost,summer_2024,843,35,8.538347244262695,5.0,3.5383472442626953
augsburg_lfu,xgboost,summer_2024,844,35,8.475045204162598,8.0,0.47504520416259766
augsburg_lfu,xgboost,summer_2024,845,35,8.01180362701416,11.0,2.98819637298584
augsburg_lfu,xgboost,summer_2024,846,35,8.257256507873535,13.0,4.742743492126465
augsburg_lfu,xgboost,summer_2024,847,35,8.628443717956543,12.0,3.371556282043457
augsburg_lfu,xgboost,summer_2024,848,35,9.733119010925293,12.0,2.266880989074707
augsburg_lfu,xgboost,summer_2024,849,35,8.892251968383789,8.0,0.8922519683837891
augsburg_lfu,xgboost,summer_2024,850,35,7.818275451660156,7.0,0.8182754516601562
augsburg_lfu,xgboost,summer_2024,851,35,6.50776481628418,9.0,2.4922351837158203
augsburg_lfu,xgboost,summer_2024,852,35,6.354970455169678,10.0,3.6450295448303223
augsburg_lfu,xgboost,summer_2024,853,35,6.595492839813232,9.0,2.4045071601867676
augsburg_lfu,xgboost,summer_2024,854,35,6.567446708679199,7.0,0.4325532913208008
augsburg_lfu,xgboost,summer_2024,855,35,6.100207805633545,5.0,1.100207805633545
augsburg_lfu,xgboost,summer_2024,856,35,5.704996585845947,3.0,2.7049965858459473
augsburg_lfu,xgboost,summer_2024,857,35,5.86318826675415,2.0,3.8631882667541504
augsburg_lfu,xgboost,summer_2024,858,35,5.157194137573242,3.0,2.157194137573242
augsburg_lfu,xgboost,summer_2024,859,35,4.5973615646362305,5.0,0.40263843536376953
augsburg_lfu,xgboost,summer_2024,860,35,4.599327087402344,6.0,1.4006729125976562
augsburg_lfu,xgboost,summer_2024,861,35,4.667124271392822,6.0,1.3328757286071777
augsburg_lfu,xgboost,summer_2024,862,35,4.5181498527526855,6.0,1.4818501472473145
augsburg_lfu,xgboost,summer_2024,863,35,4.426507949829102,8.0,3.5734920501708984
augsburg_lfu,xgboost,summer_2024,864,36,4.59057092666626,8.0,3.4094290733337402
augsburg_lfu,xgboost,summer_2024,865,36,4.732100486755371,5.0,0.2678995132446289
augsburg_lfu,xgboost,summer_2024,866,36,4.536803245544434,5.0,0.4631967544555664
augsburg_lfu,xgboost,summer_2024,867,36,4.250156402587891,4.0,0.2501564025878906
augsburg_lfu,xgboost,summer_2024,868,36,4.169643878936768,3.0,1.1696438789367676
augsburg_lfu,xgboost,summer_2024,869,36,4.422359466552734,5.0,0.5776405334472656
augsburg_lfu,xgboost,summer_2024,870,36,5.008441925048828,9.0,3.991558074951172
augsburg_lfu,xgboost,summer_2024,871,36,5.677196025848389,11.0,5.322803974151611
augsburg_lfu,xgboost,summer_2024,872,36,6.304243087768555,11.0,4.695756912231445
augsburg_lfu,xgboost,summer_2024,873,36,6.728238582611084,11.0,4.271761417388916
augsburg_lfu,xgboost,summer_2024,874,36,7.262432098388672,11.0,3.737567901611328
augsburg_lfu,xgboost,summer_2024,875,36,7.13974666595459,7.0,0.13974666595458984
augsburg_lfu,xgboost,summer_2024,876,36,6.954989910125732,7.0,0.04501008987426758
augsburg_lfu,xgboost,summer_2024,877,36,6.938414096832275,6.0,0.9384140968322754
augsburg_lfu,xgboost,summer_2024,878,36,6.879013538360596,5.0,1.8790135383605957
augsburg_lfu,xgboost,summer_2024,879,36,6.964721202850342,4.0,2.964721202850342
augsburg_lfu,xgboost,summer_2024,880,36,7.612216472625732,3.0,4.612216472625732
augsburg_lfu,xgboost,summer_2024,881,36,7.76194953918457,2.0,5.76194953918457
augsburg_lfu,xgboost,summer_2024,882,36,7.4919586181640625,2.0,5.4919586181640625
augsburg_lfu,xgboost,summer_2024,883,36,7.426287651062012,2.0,5.426287651062012
augsburg_lfu,xgboost,summer_2024,884,36,7.430511951446533,2.0,5.430511951446533
augsburg_lfu,xgboost,summer_2024,885,36,7.43398380279541,5.0,2.43398380279541
augsburg_lfu,xgboost,summer_2024,886,36,7.387176990509033,5.0,2.387176990509033
augsburg_lfu,xgboost,summer_2024,887,36,6.943460941314697,3.0,3.9434609413146973
augsburg_lfu,xgboost,summer_2024,888,37,6.6322479248046875,4.0,2.6322479248046875
augsburg_lfu,xgboost,summer_2024,889,37,6.649534702301025,5.0,1.6495347023010254
augsburg_lfu,xgboost,summer_2024,890,37,7.180089473724365,4.0,3.1800894737243652
augsburg_lfu,xgboost,summer_2024,891,37,7.397284984588623,2.0,5.397284984588623
augsburg_lfu,xgboost,summer_2024,892,37,6.561760425567627,2.0,4.561760425567627
augsburg_lfu,xgboost,summer_2024,893,37,6.204634666442871,4.0,2.204634666442871
augsburg_lfu,xgboost,summer_2024,894,37,6.082211971282959,7.0,0.917788028717041
augsburg_lfu,xgboost,summer_2024,895,37,6.042191505432129,9.0,2.957808494567871
augsburg_lfu,xgboost,summer_2024,896,37,6.483181476593018,9.0,2.5168185234069824
augsburg_lfu,xgboost,summer_2024,897,37,7.103216648101807,9.0,1.8967833518981934
augsburg_lfu,xgboost,summer_2024,898,37,7.475785255432129,9.0,1.524214744567871
augsburg_lfu,xgboost,summer_2024,899,37,7.578263759613037,8.0,0.4217362403869629
augsburg_lfu,xgboost,summer_2024,900,37,7.1511149406433105,8.0,0.8488850593566895
augsburg_lfu,xgboost,summer_2024,901,37,7.130815029144287,8.0,0.8691849708557129
augsburg_lfu,xgboost,summer_2024,902,37,7.132980823516846,7.0,0.1329808235168457
augsburg_lfu,xgboost,summer_2024,903,37,8.258913040161133,5.0,3.258913040161133
augsburg_lfu,xgboost,summer_2024,904,37,10.546467781066895,4.0,6.5464677810668945
augsburg_lfu,xgboost,summer_2024,905,37,10.352922439575195,2.0,8.352922439575195
augsburg_lfu,xgboost,summer_2024,906,37,9.860776901245117,3.0,6.860776901245117
augsburg_lfu,xgboost,summer_2024,907,37,9.113773345947266,5.0,4.113773345947266
augsburg_lfu,xgboost,summer_2024,908,37,8.697192192077637,6.0,2.6971921920776367
augsburg_lfu,xgboost,summer_2024,909,37,8.937731742858887,6.0,2.9377317428588867
augsburg_lfu,xgboost,summer_2024,910,37,8.583776473999023,8.0,0.5837764739990234
augsburg_lfu,xgboost,summer_2024,911,37,8.577037811279297,8.0,0.5770378112792969
augsburg_lfu,xgboost,summer_2024,912,38,8.704805374145508,6.0,2.704805374145508
augsburg_lfu,xgboost,summer_2024,913,38,8.889920234680176,5.0,3.889920234680176
augsburg_lfu,xgboost,summer_2024,914,38,8.810548782348633,7.0,1.8105487823486328
augsburg_lfu,xgboost,summer_2024,915,38,7.910876274108887,7.0,0.9108762741088867
augsburg_lfu,xgboost,summer_2024,916,38,7.078651428222656,6.0,1.0786514282226562
augsburg_lfu,xgboost,summer_2024,917,38,6.235361576080322,7.0,0.7646384239196777
augsburg_lfu,xgboost,summer_2024,918,38,6.080554485321045,9.0,2.919445514678955
augsburg_lfu,xgboost,summer_2024,919,38,6.039200782775879,10.0,3.960799217224121
augsburg_lfu,xgboost,summer_2024,920,38,6.680728435516357,9.0,2.3192715644836426
augsburg_lfu,xgboost,summer_2024,921,38,7.4344482421875,8.0,0.5655517578125
augsburg_lfu,xgboost,summer_2024,922,38,7.7372283935546875,7.0,0.7372283935546875
augsburg_lfu,xgboost,summer_2024,923,38,7.760763168334961,7.0,0.7607631683349609
augsburg_lfu,xgboost,summer_2024,924,38,7.941840171813965,7.0,0.9418401718139648
augsburg_lfu,xgboost,summer_2024,925,38,8.509208679199219,7.0,1.5092086791992188
augsburg_lfu,xgboost,summer_2024,926,38,9.422386169433594,8.0,1.4223861694335938
augsburg_lfu,xgboost,summer_2024,927,38,10.02518367767334,7.0,3.02518367767334
augsburg_lfu,xgboost,summer_2024,928,38,10.992844581604004,5.0,5.992844581604004
augsburg_lfu,xgboost,summer_2024,929,38,11.022106170654297,4.0,7.022106170654297
augsburg_lfu,xgboost,summer_2024,930,38,11.77708625793457,3.0,8.77708625793457
augsburg_lfu,xgboost,summer_2024,931,38,12.001931190490723,5.0,7.001931190490723
augsburg_lfu,xgboost,summer_2024,932,38,13.433534622192383,7.0,6.433534622192383
augsburg_lfu,xgboost,summer_2024,933,38,13.63985538482666,7.0,6.63985538482666
augsburg_lfu,xgboost,summer_2024,934,38,12.989441871643066,6.0,6.989441871643066
augsburg_lfu,xgboost,summer_2024,935,38,12.850236892700195,7.0,5.850236892700195
augsburg_lfu,xgboost,summer_2024,936,39,12.93967342376709,9.0,3.93967342376709
augsburg_lfu,xgboost,summer_2024,937,39,12.71855354309082,10.0,2.7185535430908203
augsburg_lfu,xgboost,summer_2024,938,39,12.333773612976074,8.0,4.333773612976074
augsburg_lfu,xgboost,summer_2024,939,39,10.509238243103027,5.0,5.509238243103027
augsburg_lfu,xgboost,summer_2024,940,39,8.303853034973145,4.0,4.3038530349731445
augsburg_lfu,xgboost,summer_2024,941,39,6.80949068069458,6.0,0.8094906806945801
augsburg_lfu,xgboost,summer_2024,942,39,6.813208103179932,9.0,2.1867918968200684
augsburg_lfu,xgboost,summer_2024,943,39,7.163759708404541,12.0,4.836240291595459
augsburg_lfu,xgboost,summer_2024,944,39,7.663463592529297,12.0,4.336536407470703
augsburg_lfu,xgboost,summer_2024,945,39,8.348217010498047,11.0,2.651782989501953
augsburg_lfu,xgboost,summer_2024,946,39,8.762523651123047,9.0,0.23747634887695312
augsburg_lfu,xgboost,summer_2024,947,39,9.177301406860352,8.0,1.1773014068603516
augsburg_lfu,xgboost,summer_2024,948,39,9.091455459594727,8.0,1.0914554595947266
augsburg_lfu,xgboost,summer_2024,949,39,8.979711532592773,8.0,0.9797115325927734
augsburg_lfu,xgboost,summer_2024,950,39,8.936880111694336,8.0,0.9368801116943359
augsburg_lfu,xgboost,summer_2024,951,39,9.710977554321289,6.0,3.710977554321289
augsburg_lfu,xgboost,summer_2024,952,39,10.770711898803711,4.0,6.770711898803711
augsburg_lfu,xgboost,summer_2024,953,39,11.069021224975586,3.0,8.069021224975586
augsburg_lfu,xgboost,summer_2024,954,39,10.872003555297852,3.0,7.872003555297852
augsburg_lfu,xgboost,summer_2024,955,39,10.129256248474121,5.0,5.129256248474121
augsburg_lfu,xgboost,summer_2024,956,39,9.549180030822754,9.0,0.5491800308227539
augsburg_lfu,xgboost,summer_2024,957,39,9.634946823120117,10.0,0.3650531768798828
augsburg_lfu,xgboost,summer_2024,958,39,9.287212371826172,10.0,0.7127876281738281
augsburg_lfu,xgboost,summer_2024,959,39,9.197832107543945,9.0,0.1978321075439453
augsburg_lfu,xgboost,summer_2024,960,40,8.890976905822754,8.0,0.8909769058227539
augsburg_lfu,xgboost,summer_2024,961,40,9.171185493469238,7.0,2.1711854934692383
augsburg_lfu,xgboost,summer_2024,962,40,8.832551002502441,6.0,2.8325510025024414
augsburg_lfu,xgboost,summer_2024,963,40,8.487197875976562,7.0,1.4871978759765625
augsburg_lfu,xgboost,summer_2024,964,40,7.4658002853393555,8.0,0.5341997146606445
augsburg_lfu,xgboost,summer_2024,965,40,6.9468512535095215,7.0,0.053148746490478516
augsburg_lfu,xgboost,summer_2024,966,40,7.8139872550964355,6.0,1.8139872550964355
augsburg_lfu,xgboost,summer_2024,967,40,8.728374481201172,7.0,1.7283744812011719
augsburg_lfu,xgboost,summer_2024,968,40,10.527667999267578,10.0,0.5276679992675781
augsburg_lfu,xgboost,summer_2024,969,40,11.740300178527832,13.0,1.259699821472168
augsburg_lfu,xgboost,summer_2024,970,40,11.820959091186523,13.0,1.1790409088134766
augsburg_lfu,xgboost,summer_2024,971,40,11.818861961364746,12.0,0.1811380386352539
augsburg_lfu,xgboost,summer_2024,972,40,11.624371528625488,11.0,0.6243715286254883
augsburg_lfu,xgboost,summer_2024,973,40,11.38718032836914,11.0,0.3871803283691406
augsburg_lfu,xgboost,summer_2024,974,40,11.245257377624512,10.0,1.2452573776245117
augsburg_lfu,xgboost,summer_2024,975,40,11.308164596557617,8.0,3.308164596557617
augsburg_lfu,xgboost,summer_2024,976,40,11.496506690979004,6.0,5.496506690979004
augsburg_lfu,xgboost,summer_2024,977,40,10.672080993652344,6.0,4.672080993652344
augsburg_lfu,xgboost,summer_2024,978,40,10.361143112182617,7.0,3.361143112182617
augsburg_lfu,xgboost,summer_2024,979,40,10.266081809997559,11.0,0.7339181900024414
augsburg_lfu,xgboost,summer_2024,980,40,10.83853816986084,12.0,1.1614618301391602
augsburg_lfu,xgboost,summer_2024,981,40,10.528231620788574,12.0,1.4717683792114258
augsburg_lfu,xgboost,summer_2024,982,40,9.97040843963623,11.0,1.0295915603637695
augsburg_lfu,xgboost,summer_2024,983,40,9.253355026245117,9.0,0.2533550262451172
augsburg_lfu,xgboost,summer_2024,984,41,9.08317756652832,5.0,4.08317756652832
augsburg_lfu,xgboost,summer_2024,985,41,9.08188533782959,3.0,6.08188533782959
augsburg_lfu,xgboost,summer_2024,986,41,8.46693229675293,3.0,5.46693229675293
augsburg_lfu,xgboost,summer_2024,987,41,7.316384792327881,5.0,2.316384792327881
augsburg_lfu,xgboost,summer_2024,988,41,6.627523422241211,7.0,0.37247657775878906
augsburg_lfu,xgboost,summer_2024,989,41,6.986464977264404,6.0,0.9864649772644043
augsburg_lfu,xgboost,summer_2024,990,41,8.081689834594727,6.0,2.0816898345947266
augsburg_lfu,xgboost,summer_2024,991,41,9.147332191467285,5.0,4.147332191467285
augsburg_lfu,xgboost,summer_2024,992,41,9.898547172546387,5.0,4.898547172546387
augsburg_lfu,xgboost,summer_2024,993,41,10.151039123535156,7.0,3.1510391235351562
augsburg_lfu,xgboost,summer_2024,994,41,10.70519733428955,9.0,1.7051973342895508
augsburg_lfu,xgboost,summer_2024,995,41,11.329279899597168,9.0,2.329279899597168
augsburg_lfu,xgboost,summer_2024,996,41,11.745078086853027,8.0,3.7450780868530273
augsburg_lfu,xgboost,summer_2024,997,41,8.819060325622559,8.0,0.8190603256225586
augsburg_lfu,xgboost,summer_2024,998,41,7.669826030731201,8.0,0.33017396926879883
augsburg_lfu,xgboost,summer_2024,999,41,6.467380046844482,6.0,0.4673800468444824
augsburg_lfu,xgboost,summer_2024,1000,41,6.220202922821045,5.0,1.220202922821045
augsburg_lfu,xgboost,summer_2024,1001,41,5.528815746307373,3.0,2.528815746307373
augsburg_lfu,xgboost,summer_2024,1002,41,4.886903762817383,2.0,2.886903762817383
augsburg_lfu,xgboost,summer_2024,1003,41,4.399023056030273,2.0,2.3990230560302734
augsburg_lfu,xgboost,autumn_2024,0,0,5.949295520782471,5.0,0.9492955207824707
augsburg_lfu,xgboost,autumn_2024,1,0,5.3086371421813965,5.0,0.3086371421813965
augsburg_lfu,xgboost,autumn_2024,2,0,4.528051376342773,6.0,1.4719486236572266
augsburg_lfu,xgboost,autumn_2024,3,0,4.009783744812012,7.0,2.9902162551879883
augsburg_lfu,xgboost,autumn_2024,4,0,3.6984243392944336,6.0,2.3015756607055664
augsburg_lfu,xgboost,autumn_2024,5,0,3.2191033363342285,6.0,2.7808966636657715
augsburg_lfu,xgboost,autumn_2024,6,0,3.142498254776001,6.0,2.857501745223999
augsburg_lfu,xgboost,autumn_2024,7,0,3.1393399238586426,3.0,0.13933992385864258
augsburg_lfu,xgboost,autumn_2024,8,0,2.772629737854004,2.0,0.7726297378540039
augsburg_lfu,xgboost,autumn_2024,9,0,2.472480535507202,2.0,0.47248053550720215
augsburg_lfu,xgboost,autumn_2024,10,0,2.579826831817627,2.0,0.579826831817627
augsburg_lfu,xgboost,autumn_2024,11,0,2.658548355102539,2.0,0.6585483551025391
augsburg_lfu,xgboost,autumn_2024,12,0,2.7599399089813232,2.0,0.7599399089813232
augsburg_lfu,xgboost,autumn_2024,13,0,2.6504106521606445,2.0,0.6504106521606445
augsburg_lfu,xgboost,autumn_2024,14,0,2.41497802734375,2.0,0.41497802734375
augsburg_lfu,xgboost,autumn_2024,15,0,2.3487801551818848,2.0,0.34878015518188477
augsburg_lfu,xgboost,autumn_2024,16,0,2.2977614402770996,2.0,0.2977614402770996
augsburg_lfu,xgboost,autumn_2024,17,0,2.180556535720825,4.0,1.8194434642791748
augsburg_lfu,xgboost,autumn_2024,18,0,2.335948944091797,7.0,4.664051055908203
augsburg_lfu,xgboost,autumn_2024,19,0,2.5751993656158447,7.0,4.424800634384155
augsburg_lfu,xgboost,autumn_2024,20,0,2.4853804111480713,7.0,4.514619588851929
augsburg_lfu,xgboost,autumn_2024,21,0,2.404978036880493,7.0,4.595021963119507
augsburg_lfu,xgboost,autumn_2024,22,0,2.2030370235443115,6.0,3.7969629764556885
augsburg_lfu,xgboost,autumn_2024,23,0,2.230518102645874,5.0,2.769481897354126
augsburg_lfu,xgboost,autumn_2024,24,1,2.374429941177368,5.0,2.625570058822632
augsburg_lfu,xgboost,autumn_2024,25,1,2.6059763431549072,7.0,4.394023656845093
augsburg_lfu,xgboost,autumn_2024,26,1,2.4954466819763184,7.0,4.504553318023682
augsburg_lfu,xgboost,autumn_2024,27,1,2.308459997177124,7.0,4.691540002822876
augsburg_lfu,xgboost,autumn_2024,28,1,2.6150002479553223,7.0,4.384999752044678
augsburg_lfu,xgboost,autumn_2024,29,1,2.5400571823120117,7.0,4.459942817687988
augsburg_lfu,xgboost,autumn_2024,30,1,2.2866415977478027,6.0,3.7133584022521973
augsburg_lfu,xgboost,autumn_2024,31,1,1.9788914918899536,5.0,3.0211085081100464
augsburg_lfu,xgboost,autumn_2024,32,1,1.2942980527877808,4.0,2.7057019472122192
augsburg_lfu,xgboost,autumn_2024,33,1,1.2848011255264282,3.0,1.7151988744735718
augsburg_lfu,xgboost,autumn_2024,34,1,1.2344943284988403,4.0,2.7655056715011597
augsburg_lfu,xgboost,autumn_2024,35,1,1.354635238647461,3.0,1.645364761352539
augsburg_lfu,xgboost,autumn_2024,36,1,1.2378368377685547,2.0,0.7621631622314453
augsburg_lfu,xgboost,autumn_2024,37,1,1.2371212244033813,2.0,0.7628787755966187
augsburg_lfu,xgboost,autumn_2024,38,1,1.2993212938308716,3.0,1.7006787061691284
augsburg_lfu,xgboost,autumn_2024,39,1,1.1971373558044434,3.0,1.8028626441955566
augsburg_lfu,xgboost,autumn_2024,40,1,1.1876469850540161,2.0,0.8123530149459839
augsburg_lfu,xgboost,autumn_2024,41,1,1.2939989566802979,4.0,2.706001043319702
augsburg_lfu,xgboost,autumn_2024,42,1,2.5193488597869873,5.0,2.4806511402130127
augsburg_lfu,xgboost,autumn_2024,43,1,3.844581365585327,4.0,0.15541863441467285
augsburg_lfu,xgboost,autumn_2024,44,1,4.854430675506592,4.0,0.8544306755065918
augsburg_lfu,xgboost,autumn_2024,45,1,4.995280742645264,4.0,0.9952807426452637
augsburg_lfu,xgboost,autumn_2024,46,1,5.037777423858643,4.0,1.0377774238586426
augsburg_lfu,xgboost,autumn_2024,47,1,5.491415023803711,5.0,0.49141502380371094
augsburg_lfu,xgboost,autumn_2024,48,2,5.553648471832275,4.0,1.5536484718322754
augsburg_lfu,xgboost,autumn_2024,49,2,5.7328572273254395,4.0,1.7328572273254395
augsburg_lfu,xgboost,autumn_2024,50,2,5.4685163497924805,4.0,1.4685163497924805
augsburg_lfu,xgboost,autumn_2024,51,2,5.064877986907959,4.0,1.064877986907959
augsburg_lfu,xgboost,autumn_2024,52,2,4.7646965980529785,4.0,0.7646965980529785
augsburg_lfu,xgboost,autumn_2024,53,2,4.479265213012695,4.0,0.4792652130126953
augsburg_lfu,xgboost,autumn_2024,54,2,4.575113296508789,4.0,0.5751132965087891
augsburg_lfu,xgboost,autumn_2024,55,2,4.679247856140137,4.0,0.6792478561401367
augsburg_lfu,xgboost,autumn_2024,56,2,4.861495018005371,5.0,0.1385049819946289
augsburg_lfu,xgboost,autumn_2024,57,2,5.013492584228516,7.0,1.9865074157714844
augsburg_lfu,xgboost,autumn_2024,58,2,5.0698699951171875,8.0,2.9301300048828125
augsburg_lfu,xgboost,autumn_2024,59,2,5.316654205322266,9.0,3.6833457946777344
augsburg_lfu,xgboost,autumn_2024,60,2,4.966305732727051,8.0,3.033694267272949
augsburg_lfu,xgboost,autumn_2024,61,2,4.706058979034424,7.0,2.293941020965576
augsburg_lfu,xgboost,autumn_2024,62,2,4.453332901000977,7.0,2.5466670989990234
augsburg_lfu,xgboost,autumn_2024,63,2,4.217833518981934,7.0,2.7821664810180664
augsburg_lfu,xgboost,autumn_2024,64,2,3.9140360355377197,6.0,2.0859639644622803
augsburg_lfu,xgboost,autumn_2024,65,2,3.490842342376709,6.0,2.509157657623291
augsburg_lfu,xgboost,autumn_2024,66,2,3.222524642944336,5.0,1.777475357055664
augsburg_lfu,xgboost,autumn_2024,67,2,3.226667881011963,5.0,1.773332118988037
augsburg_lfu,xgboost,autumn_2024,68,2,3.4461705684661865,5.0,1.5538294315338135
augsburg_lfu,xgboost,autumn_2024,69,2,3.221771001815796,4.0,0.7782289981842041
augsburg_lfu,xgboost,autumn_2024,70,2,3.157649040222168,4.0,0.842350959777832
augsburg_lfu,xgboost,autumn_2024,71,2,3.317753791809082,4.0,0.682246208190918
augsburg_lfu,xgboost,autumn_2024,72,3,3.440495491027832,4.0,0.559504508972168
augsburg_lfu,xgboost,autumn_2024,73,3,3.5138463973999023,4.0,0.48615360260009766
augsburg_lfu,xgboost,autumn_2024,74,3,3.5128231048583984,4.0,0.48717689514160156
augsburg_lfu,xgboost,autumn_2024,75,3,3.277968645095825,4.0,0.7220313549041748
augsburg_lfu,xgboost,autumn_2024,76,3,3.124187707901001,4.0,0.875812292098999
augsburg_lfu,xgboost,autumn_2024,77,3,3.1449897289276123,4.0,0.8550102710723877
augsburg_lfu,xgboost,autumn_2024,78,3,3.126458168029785,4.0,0.8735418319702148
augsburg_lfu,xgboost,autumn_2024,79,3,3.089818239212036,3.0,0.08981823921203613
augsburg_lfu,xgboost,autumn_2024,80,3,3.2133426666259766,4.0,0.7866573333740234
augsburg_lfu,xgboost,autumn_2024,81,3,3.2866482734680176,4.0,0.7133517265319824
augsburg_lfu,xgboost,autumn_2024,82,3,3.273545742034912,3.0,0.2735457420349121
augsburg_lfu,xgboost,autumn_2024,83,3,3.1882941722869873,4.0,0.8117058277130127
augsburg_lfu,xgboost,autumn_2024,84,3,3.2500157356262207,4.0,0.7499842643737793
augsburg_lfu,xgboost,autumn_2024,85,3,3.08151912689209,4.0,0.9184808731079102
augsburg_lfu,xgboost,autumn_2024,86,3,2.931000232696533,4.0,1.0689997673034668
augsburg_lfu,xgboost,autumn_2024,87,3,2.129356861114502,4.0,1.870643138885498
augsburg_lfu,xgboost,autumn_2024,88,3,2.1508028507232666,4.0,1.8491971492767334
augsburg_lfu,xgboost,autumn_2024,89,3,2.5664703845977783,4.0,1.4335296154022217
augsburg_lfu,xgboost,autumn_2024,90,3,2.7609751224517822,4.0,1.2390248775482178
augsburg_lfu,xgboost,autumn_2024,91,3,2.598989248275757,4.0,1.4010107517242432
augsburg_lfu,xgboost,autumn_2024,92,3,2.5036580562591553,4.0,1.4963419437408447
augsburg_lfu,xgboost,autumn_2024,93,3,2.321061134338379,3.0,0.6789388656616211
augsburg_lfu,xgboost,autumn_2024,94,3,2.314847469329834,3.0,0.685152530670166
augsburg_lfu,xgboost,autumn_2024,95,3,2.465055227279663,4.0,1.534944772720337
augsburg_lfu,xgboost,autumn_2024,96,4,2.637615442276001,4.0,1.362384557723999
augsburg_lfu,xgboost,autumn_2024,97,4,2.720827341079712,5.0,2.279172658920288
augsburg_lfu,xgboost,autumn_2024,98,4,2.679964780807495,5.0,2.320035219192505
augsburg_lfu,xgboost,autumn_2024,99,4,2.487342357635498,5.0,2.512657642364502
augsburg_lfu,xgboost,autumn_2024,100,4,2.7834737300872803,4.0,1.2165262699127197
augsburg_lfu,xgboost,autumn_2024,101,4,2.828247308731079,4.0,1.171752691268921
augsburg_lfu,xgboost,autumn_2024,102,4,2.6137187480926514,4.0,1.3862812519073486
augsburg_lfu,xgboost,autumn_2024,103,4,2.7221858501434326,4.0,1.2778141498565674
augsburg_lfu,xgboost,autumn_2024,104,4,2.878483533859253,4.0,1.121516466140747
augsburg_lfu,xgboost,autumn_2024,105,4,2.5726318359375,4.0,1.4273681640625
augsburg_lfu,xgboost,autumn_2024,106,4,2.377056121826172,4.0,1.6229438781738281
augsburg_lfu,xgboost,autumn_2024,107,4,2.616868019104004,4.0,1.383131980895996
augsburg_lfu,xgboost,autumn_2024,108,4,2.406503438949585,4.0,1.593496561050415
augsburg_lfu,xgboost,autumn_2024,109,4,2.4181864261627197,4.0,1.5818135738372803
augsburg_lfu,xgboost,autumn_2024,110,4,2.4226009845733643,4.0,1.5773990154266357
augsburg_lfu,xgboost,autumn_2024,111,4,2.40736722946167,4.0,1.59263277053833
augsburg_lfu,xgboost,autumn_2024,112,4,2.8538942337036133,5.0,2.1461057662963867
augsburg_lfu,xgboost,autumn_2024,113,4,2.7500267028808594,4.0,1.2499732971191406
augsburg_lfu,xgboost,autumn_2024,114,4,2.9785141944885254,4.0,1.0214858055114746
augsburg_lfu,xgboost,autumn_2024,115,4,2.541289806365967,4.0,1.4587101936340332
augsburg_lfu,xgboost,autumn_2024,116,4,2.6027283668518066,4.0,1.3972716331481934
augsburg_lfu,xgboost,autumn_2024,117,4,2.451146125793457,4.0,1.548853874206543
augsburg_lfu,xgboost,autumn_2024,118,4,2.57639479637146,4.0,1.42360520362854
augsburg_lfu,xgboost,autumn_2024,119,4,2.688810110092163,4.0,1.311189889907837
augsburg_lfu,xgboost,autumn_2024,120,5,2.890429735183716,4.0,1.1095702648162842
augsburg_lfu,xgboost,autumn_2024,121,5,2.8289973735809326,4.0,1.1710026264190674
augsburg_lfu,xgboost,autumn_2024,122,5,2.846842050552368,4.0,1.1531579494476318
augsburg_lfu,xgboost,autumn_2024,123,5,2.589092969894409,4.0,1.4109070301055908
augsburg_lfu,xgboost,autumn_2024,124,5,2.402454137802124,5.0,2.597545862197876
augsburg_lfu,xgboost,autumn_2024,125,5,2.2275094985961914,5.0,2.7724905014038086
augsburg_lfu,xgboost,autumn_2024,126,5,2.476872682571411,5.0,2.523127317428589
augsburg_lfu,xgboost,autumn_2024,127,5,2.3517916202545166,5.0,2.6482083797454834
augsburg_lfu,xgboost,autumn_2024,128,5,2.39947772026062,5.0,2.60052227973938
augsburg_lfu,xgboost,autumn_2024,129,5,2.183058023452759,4.0,1.8169419765472412
augsburg_lfu,xgboost,autumn_2024,130,5,2.2363080978393555,4.0,1.7636919021606445
augsburg_lfu,xgboost,autumn_2024,131,5,2.134366989135742,2.0,0.1343669891357422
augsburg_lfu,xgboost,autumn_2024,132,5,2.1958277225494385,0.9,1.2958277225494386
augsburg_lfu,xgboost,autumn_2024,133,5,2.2560579776763916,0.8,1.4560579776763916
augsburg_lfu,xgboost,autumn_2024,134,5,2.28843355178833,1.0,1.28843355178833
augsburg_lfu,xgboost,autumn_2024,135,5,2.223008871078491,3.0,0.7769911289215088
augsburg_lfu,xgboost,autumn_2024,136,5,2.2474796772003174,6.0,3.7525203227996826
augsburg_lfu,xgboost,autumn_2024,137,5,3.381635904312134,10.0,6.618364095687866
augsburg_lfu,xgboost,autumn_2024,138,5,3.9073612689971924,11.0,7.092638731002808
augsburg_lfu,xgboost,autumn_2024,139,5,4.264888763427734,9.0,4.735111236572266
augsburg_lfu,xgboost,autumn_2024,140,5,4.975198268890381,8.0,3.024801731109619
augsburg_lfu,xgboost,autumn_2024,141,5,5.125811576843262,8.0,2.8741884231567383
augsburg_lfu,xgboost,autumn_2024,142,5,5.495464324951172,7.0,1.5045356750488281
augsburg_lfu,xgboost,autumn_2024,143,5,4.904810905456543,7.0,2.095189094543457
augsburg_lfu,xgboost,autumn_2024,144,6,4.583705902099609,7.0,2.4162940979003906
augsburg_lfu,xgboost,autumn_2024,145,6,4.142123222351074,9.0,4.857876777648926
augsburg_lfu,xgboost,autumn_2024,146,6,3.7326035499572754,8.0,4.267396450042725
augsburg_lfu,xgboost,autumn_2024,147,6,2.9254255294799805,8.0,5.0745744705200195
augsburg_lfu,xgboost,autumn_2024,148,6,2.189690351486206,7.0,4.810309648513794
augsburg_lfu,xgboost,autumn_2024,149,6,2.379169464111328,7.0,4.620830535888672
augsburg_lfu,xgboost,autumn_2024,150,6,2.6015660762786865,6.0,3.3984339237213135
augsburg_lfu,xgboost,autumn_2024,151,6,2.818028688430786,6.0,3.181971311569214
augsburg_lfu,xgboost,autumn_2024,152,6,2.1717865467071533,3.0,0.8282134532928467
augsburg_lfu,xgboost,autumn_2024,153,6,1.999930739402771,1.0,0.999930739402771
augsburg_lfu,xgboost,autumn_2024,154,6,1.6854846477508545,0.8,0.8854846477508544
augsburg_lfu,xgboost,autumn_2024,155,6,1.770837426185608,0.8,0.9708374261856079
augsburg_lfu,xgboost,autumn_2024,156,6,1.6580321788787842,4.0,2.341967821121216
augsburg_lfu,xgboost,autumn_2024,157,6,1.8325642347335815,7.0,5.1674357652664185
augsburg_lfu,xgboost,autumn_2024,158,6,1.9561316967010498,7.0,5.04386830329895
augsburg_lfu,xgboost,autumn_2024,159,6,1.8500314950942993,8.0,6.149968504905701
augsburg_lfu,xgboost,autumn_2024,160,6,1.7234686613082886,7.0,5.276531338691711
augsburg_lfu,xgboost,autumn_2024,161,6,3.7323379516601562,2.0,1.7323379516601562
augsburg_lfu,xgboost,autumn_2024,162,6,6.615303039550781,2.0,4.615303039550781
augsburg_lfu,xgboost,autumn_2024,163,6,7.9805192947387695,3.0,4.9805192947387695
augsburg_lfu,xgboost,autumn_2024,164,6,8.603354454040527,6.0,2.6033544540405273
augsburg_lfu,xgboost,autumn_2024,165,6,9.033926010131836,11.0,1.966073989868164
augsburg_lfu,xgboost,autumn_2024,166,6,8.309969902038574,10.0,1.6900300979614258
augsburg_lfu,xgboost,autumn_2024,167,6,7.291486740112305,9.0,1.7085132598876953
augsburg_lfu,xgboost,autumn_2024,168,7,6.865540981292725,6.0,0.8655409812927246
augsburg_lfu,xgboost,autumn_2024,169,7,6.734228134155273,7.0,0.26577186584472656
augsburg_lfu,xgboost,autumn_2024,170,7,6.574028015136719,8.0,1.4259719848632812
augsburg_lfu,xgboost,autumn_2024,171,7,6.338888645172119,8.0,1.6611113548278809
augsburg_lfu,xgboost,autumn_2024,172,7,6.049272537231445,8.0,1.9507274627685547
augsburg_lfu,xgboost,autumn_2024,173,7,5.661561489105225,7.0,1.3384385108947754
augsburg_lfu,xgboost,autumn_2024,174,7,5.596311092376709,7.0,1.403688907623291
augsburg_lfu,xgboost,autumn_2024,175,7,5.710822105407715,6.0,0.28917789459228516
augsburg_lfu,xgboost,autumn_2024,176,7,6.236159801483154,4.0,2.2361598014831543
augsburg_lfu,xgboost,autumn_2024,177,7,6.000576019287109,2.0,4.000576019287109
augsburg_lfu,xgboost,autumn_2024,178,7,6.184301853179932,2.0,4.184301853179932
augsburg_lfu,xgboost,autumn_2024,179,7,5.555036544799805,4.0,1.5550365447998047
augsburg_lfu,xgboost,autumn_2024,180,7,5.3019490242004395,4.0,1.3019490242004395
augsburg_lfu,xgboost,autumn_2024,181,7,5.053336143493652,3.0,2.0533361434936523
augsburg_lfu,xgboost,autumn_2024,182,7,4.9221906661987305,3.0,1.9221906661987305
augsburg_lfu,xgboost,autumn_2024,183,7,4.755492687225342,2.0,2.755492687225342
augsburg_lfu,xgboost,autumn_2024,184,7,4.2109832763671875,7.0,2.7890167236328125
augsburg_lfu,xgboost,autumn_2024,185,7,3.4908103942871094,13.0,9.50918960571289
augsburg_lfu,xgboost,autumn_2024,186,7,2.8398191928863525,10.0,7.1601808071136475
augsburg_lfu,xgboost,autumn_2024,187,7,2.3443548679351807,8.0,5.655645132064819
augsburg_lfu,xgboost,autumn_2024,188,7,2.1653313636779785,5.0,2.8346686363220215
augsburg_lfu,xgboost,autumn_2024,189,7,1.8078668117523193,6.0,4.192133188247681
augsburg_lfu,xgboost,autumn_2024,190,7,1.0977346897125244,5.0,3.9022653102874756
augsburg_lfu,xgboost,autumn_2024,191,7,1.018290638923645,4.0,2.981709361076355
augsburg_lfu,xgboost,autumn_2024,192,8,1.2484972476959229,4.0,2.751502752304077
augsburg_lfu,xgboost,autumn_2024,193,8,1.2408995628356934,5.0,3.7591004371643066
augsburg_lfu,xgboost,autumn_2024,194,8,1.1163625717163086,5.0,3.8836374282836914
augsburg_lfu,xgboost,autumn_2024,195,8,1.1196010112762451,4.0,2.880398988723755
augsburg_lfu,xgboost,autumn_2024,196,8,1.1929854154586792,3.0,1.8070145845413208
augsburg_lfu,xgboost,autumn_2024,197,8,1.5609567165374756,3.0,1.4390432834625244
augsburg_lfu,xgboost,autumn_2024,198,8,1.7860612869262695,3.0,1.2139387130737305
augsburg_lfu,xgboost,autumn_2024,199,8,1.550014853477478,3.0,1.449985146522522
augsburg_lfu,xgboost,autumn_2024,200,8,1.2215057611465454,4.0,2.7784942388534546
augsburg_lfu,xgboost,autumn_2024,201,8,1.0149205923080444,1.0,0.014920592308044434
augsburg_lfu,xgboost,autumn_2024,202,8,1.882214903831482,1.0,0.8822149038314819
augsburg_lfu,xgboost,autumn_2024,203,8,1.6857717037200928,2.0,0.3142282962799072
augsburg_lfu,xgboost,autumn_2024,204,8,1.7387510538101196,2.0,0.26124894618988037
augsburg_lfu,xgboost,autumn_2024,205,8,1.8355644941329956,2.0,0.1644355058670044
augsburg_lfu,xgboost,autumn_2024,206,8,1.8547391891479492,2.0,0.14526081085205078
augsburg_lfu,xgboost,autumn_2024,207,8,1.6644208431243896,2.0,0.33557915687561035
augsburg_lfu,xgboost,autumn_2024,208,8,1.609913945198059,3.0,1.390086054801941
augsburg_lfu,xgboost,autumn_2024,209,8,1.5297772884368896,4.0,2.4702227115631104
augsburg_lfu,xgboost,autumn_2024,210,8,1.397251844406128,4.0,2.602748155593872
augsburg_lfu,xgboost,autumn_2024,211,8,1.2619092464447021,4.0,2.738090753555298
augsburg_lfu,xgboost,autumn_2024,212,8,1.036957025527954,4.0,2.963042974472046
augsburg_lfu,xgboost,autumn_2024,213,8,0.7890617251396179,4.0,3.210938274860382
augsburg_lfu,xgboost,autumn_2024,214,8,0.7188535928726196,3.0,2.2811464071273804
augsburg_lfu,xgboost,autumn_2024,215,8,0.7701642513275146,4.0,3.2298357486724854
augsburg_lfu,xgboost,autumn_2024,216,9,0.9028106927871704,3.0,2.0971893072128296
augsburg_lfu,xgboost,autumn_2024,217,9,0.977043092250824,4.0,3.022956907749176
augsburg_lfu,xgboost,autumn_2024,218,9,0.7775340676307678,2.0,1.2224659323692322
augsburg_lfu,xgboost,autumn_2024,219,9,0.6817503571510315,2.0,1.3182496428489685
augsburg_lfu,xgboost,autumn_2024,220,9,0.5739749073982239,2.0,1.4260250926017761
augsburg_lfu,xgboost,autumn_2024,221,9,0.6293037533760071,1.0,0.3706962466239929
augsburg_lfu,xgboost,autumn_2024,222,9,0.6008827686309814,0.4,0.20088276863098142
augsburg_lfu,xgboost,autumn_2024,223,9,0.6001697778701782,0.3,0.30016977787017823
augsburg_lfu,xgboost,autumn_2024,224,9,0.5684223175048828,0.3,0.2684223175048828
augsburg_lfu,xgboost,autumn_2024,225,9,0.5784956216812134,0.3,0.2784956216812134
augsburg_lfu,xgboost,autumn_2024,226,9,0.6419516205787659,0.4,0.24195162057876585
augsburg_lfu,xgboost,autumn_2024,227,9,0.6636088490486145,0.3,0.3636088490486145
augsburg_lfu,xgboost,autumn_2024,228,9,0.7475333213806152,0.3,0.44753332138061525
augsburg_lfu,xgboost,autumn_2024,229,9,0.8213651776313782,0.6,0.2213651776313782
augsburg_lfu,xgboost,autumn_2024,230,9,0.8980082273483276,0.5,0.39800822734832764
augsburg_lfu,xgboost,autumn_2024,231,9,0.6614913940429688,0.5,0.16149139404296875
augsburg_lfu,xgboost,autumn_2024,232,9,0.5957670211791992,0.8,0.20423297882080083
augsburg_lfu,xgboost,autumn_2024,233,9,0.718500018119812,2.0,1.281499981880188
augsburg_lfu,xgboost,autumn_2024,234,9,0.6824275255203247,3.0,2.3175724744796753
augsburg_lfu,xgboost,autumn_2024,235,9,0.35781824588775635,0.7,0.3421817541122436
augsburg_lfu,xgboost,autumn_2024,236,9,0.37832778692245483,1.0,0.6216722130775452
augsburg_lfu,xgboost,autumn_2024,237,9,0.15903699398040771,1.0,0.8409630060195923
augsburg_lfu,xgboost,autumn_2024,238,9,0.2859038710594177,1.0,0.7140961289405823
augsburg_lfu,xgboost,autumn_2024,239,9,0.3710167109966278,1.0,0.6289832890033722
augsburg_lfu,xgboost,autumn_2024,240,10,0.5437889695167542,0.7,0.1562110304832458
augsburg_lfu,xgboost,autumn_2024,241,10,0.6074275970458984,0.9,0.2925724029541016
augsburg_lfu,xgboost,autumn_2024,242,10,0.5250141620635986,1.0,0.47498583793640137
augsburg_lfu,xgboost,autumn_2024,243,10,0.40566587448120117,1.0,0.5943341255187988
augsburg_lfu,xgboost,autumn_2024,244,10,0.4125864803791046,2.0,1.5874135196208954
augsburg_lfu,xgboost,autumn_2024,245,10,0.4338547885417938,2.0,1.5661452114582062
augsburg_lfu,xgboost,autumn_2024,246,10,0.6273999214172363,2.0,1.3726000785827637
augsburg_lfu,xgboost,autumn_2024,247,10,0.4818081557750702,2.0,1.5181918442249298
augsburg_lfu,xgboost,autumn_2024,248,10,0.4322587251663208,0.9,0.4677412748336792
augsburg_lfu,xgboost,autumn_2024,249,10,0.5794253349304199,0.3,0.27942533493041993
augsburg_lfu,xgboost,autumn_2024,250,10,0.9653958678245544,0.3,0.6653958678245544
augsburg_lfu,xgboost,autumn_2024,251,10,0.8342143297195435,0.3,0.5342143297195434
augsburg_lfu,xgboost,autumn_2024,252,10,0.8188527226448059,0.3,0.5188527226448059
augsburg_lfu,xgboost,autumn_2024,253,10,0.8484506607055664,0.4,0.4484506607055664
augsburg_lfu,xgboost,autumn_2024,254,10,0.8896931409835815,0.7,0.1896931409835816
augsburg_lfu,xgboost,autumn_2024,255,10,0.8290666937828064,1.0,0.1709333062171936
augsburg_lfu,xgboost,autumn_2024,256,10,0.779278039932251,1.0,0.22072196006774902
augsburg_lfu,xgboost,autumn_2024,257,10,0.9101918339729309,2.0,1.089808166027069
augsburg_lfu,xgboost,autumn_2024,258,10,2.228191614151001,4.0,1.771808385848999
augsburg_lfu,xgboost,autumn_2024,259,10,3.4910614490509033,9.0,5.508938550949097
augsburg_lfu,xgboost,autumn_2024,260,10,3.734896659851074,7.0,3.265103340148926
augsburg_lfu,xgboost,autumn_2024,261,10,3.2521514892578125,7.0,3.7478485107421875
augsburg_lfu,xgboost,autumn_2024,262,10,3.054291009902954,3.0,0.0542910099029541
augsburg_lfu,xgboost,autumn_2024,263,10,2.87176251411438,2.0,0.8717625141143799
augsburg_lfu,xgboost,autumn_2024,264,11,2.5854711532592773,2.0,0.5854711532592773
augsburg_lfu,xgboost,autumn_2024,265,11,2.4354374408721924,3.0,0.5645625591278076
augsburg_lfu,xgboost,autumn_2024,266,11,2.4985272884368896,3.0,0.5014727115631104
augsburg_lfu,xgboost,autumn_2024,267,11,2.31312894821167,4.0,1.68687105178833
augsburg_lfu,xgboost,autumn_2024,268,11,2.2077767848968506,2.0,0.20777678489685059
augsburg_lfu,xgboost,autumn_2024,269,11,2.203667163848877,2.0,0.20366716384887695
augsburg_lfu,xgboost,autumn_2024,270,11,2.4410667419433594,2.0,0.4410667419433594
augsburg_lfu,xgboost,autumn_2024,271,11,2.6107606887817383,1.0,1.6107606887817383
augsburg_lfu,xgboost,autumn_2024,272,11,2.5499258041381836,2.0,0.5499258041381836
augsburg_lfu,xgboost,autumn_2024,273,11,2.6246907711029053,4.0,1.3753092288970947
augsburg_lfu,xgboost,autumn_2024,274,11,2.822943687438965,6.0,3.177056312561035
augsburg_lfu,xgboost,autumn_2024,275,11,2.606642007827759,7.0,4.393357992172241
augsburg_lfu,xgboost,autumn_2024,276,11,2.664461851119995,5.0,2.335538148880005
augsburg_lfu,xgboost,autumn_2024,277,11,2.7325632572174072,5.0,2.2674367427825928
augsburg_lfu,xgboost,autumn_2024,278,11,2.685408353805542,6.0,3.314591646194458
augsburg_lfu,xgboost,autumn_2024,279,11,2.7378602027893066,6.0,3.2621397972106934
augsburg_lfu,xgboost,autumn_2024,280,11,3.2475271224975586,5.0,1.7524728775024414
augsburg_lfu,xgboost,autumn_2024,281,11,3.833911418914795,8.0,4.166088581085205
augsburg_lfu,xgboost,autumn_2024,282,11,4.31456184387207,11.0,6.68543815612793
augsburg_lfu,xgboost,autumn_2024,283,11,4.755923748016357,9.0,4.244076251983643
augsburg_lfu,xgboost,autumn_2024,284,11,4.71343994140625,5.0,0.28656005859375
augsburg_lfu,xgboost,autumn_2024,285,11,4.197092056274414,2.0,2.197092056274414
augsburg_lfu,xgboost,autumn_2024,286,11,3.7662501335144043,1.0,2.7662501335144043
augsburg_lfu,xgboost,autumn_2024,287,11,3.0292019844055176,2.0,1.0292019844055176
augsburg_lfu,xgboost,autumn_2024,288,12,3.0913870334625244,3.0,0.09138703346252441
augsburg_lfu,xgboost,autumn_2024,289,12,2.9213597774505615,4.0,1.0786402225494385
augsburg_lfu,xgboost,autumn_2024,290,12,2.0173428058624268,4.0,1.9826571941375732
augsburg_lfu,xgboost,autumn_2024,291,12,1.9338569641113281,2.0,0.06614303588867188
augsburg_lfu,xgboost,autumn_2024,292,12,1.2091914415359497,2.0,0.7908085584640503
augsburg_lfu,xgboost,autumn_2024,293,12,1.12935471534729,0.7,0.4293547153472901
augsburg_lfu,xgboost,autumn_2024,294,12,1.116907000541687,0.9,0.216907000541687
augsburg_lfu,xgboost,autumn_2024,295,12,1.1200875043869019,2.0,0.8799124956130981
augsburg_lfu,xgboost,autumn_2024,296,12,1.1390365362167358,2.0,0.8609634637832642
augsburg_lfu,xgboost,autumn_2024,297,12,0.9982656240463257,2.0,1.0017343759536743
augsburg_lfu,xgboost,autumn_2024,298,12,1.0716350078582764,6.0,4.928364992141724
augsburg_lfu,xgboost,autumn_2024,299,12,1.2352721691131592,6.0,4.764727830886841
augsburg_lfu,xgboost,autumn_2024,300,12,1.3037480115890503,3.0,1.6962519884109497
augsburg_lfu,xgboost,autumn_2024,301,12,1.4487178325653076,3.0,1.5512821674346924
augsburg_lfu,xgboost,autumn_2024,302,12,1.3187167644500732,2.0,0.6812832355499268
augsburg_lfu,xgboost,autumn_2024,303,12,1.5044152736663818,3.0,1.4955847263336182
augsburg_lfu,xgboost,autumn_2024,304,12,1.2851165533065796,2.0,0.7148834466934204
augsburg_lfu,xgboost,autumn_2024,305,12,1.6445481777191162,7.0,5.355451822280884
augsburg_lfu,xgboost,autumn_2024,306,12,1.7854013442993164,4.0,2.2145986557006836
augsburg_lfu,xgboost,autumn_2024,307,12,2.2539255619049072,4.0,1.7460744380950928
augsburg_lfu,xgboost,autumn_2024,308,12,3.5146899223327637,4.0,0.48531007766723633
augsburg_lfu,xgboost,autumn_2024,309,12,4.507544040679932,7.0,2.4924559593200684
augsburg_lfu,xgboost,autumn_2024,310,12,5.573606491088867,6.0,0.4263935089111328
augsburg_lfu,xgboost,autumn_2024,311,12,6.016926288604736,3.0,3.0169262886047363
augsburg_lfu,xgboost,autumn_2024,312,13,6.309525966644287,4.0,2.309525966644287
augsburg_lfu,xgboost,autumn_2024,313,13,6.0465850830078125,4.0,2.0465850830078125
augsburg_lfu,xgboost,autumn_2024,314,13,5.759106636047363,4.0,1.7591066360473633
augsburg_lfu,xgboost,autumn_2024,315,13,5.097344875335693,3.0,2.0973448753356934
augsburg_lfu,xgboost,autumn_2024,316,13,4.644362926483154,2.0,2.6443629264831543
augsburg_lfu,xgboost,autumn_2024,317,13,5.1100568771362305,2.0,3.1100568771362305
augsburg_lfu,xgboost,autumn_2024,318,13,5.093353748321533,3.0,2.093353748321533
augsburg_lfu,xgboost,autumn_2024,319,13,4.587569236755371,4.0,0.5875692367553711
augsburg_lfu,xgboost,autumn_2024,320,13,4.161036968231201,6.0,1.8389630317687988
augsburg_lfu,xgboost,autumn_2024,321,13,3.682084560394287,5.0,1.317915439605713
augsburg_lfu,xgboost,autumn_2024,322,13,3.26303768157959,6.0,2.73696231842041
augsburg_lfu,xgboost,autumn_2024,323,13,3.4454009532928467,8.0,4.554599046707153
augsburg_lfu,xgboost,autumn_2024,324,13,3.4821271896362305,10.0,6.5178728103637695
augsburg_lfu,xgboost,autumn_2024,325,13,3.489375591278076,9.0,5.510624408721924
augsburg_lfu,xgboost,autumn_2024,326,13,3.666632890701294,12.0,8.333367109298706
augsburg_lfu,xgboost,autumn_2024,327,13,4.066718101501465,18.0,13.933281898498535
augsburg_lfu,xgboost,autumn_2024,328,13,5.183193683624268,13.0,7.816806316375732
augsburg_lfu,xgboost,autumn_2024,329,13,5.739040374755859,12.0,6.260959625244141
augsburg_lfu,xgboost,autumn_2024,330,13,7.193711280822754,13.0,5.806288719177246
augsburg_lfu,xgboost,autumn_2024,331,13,8.13758659362793,13.0,4.86241340637207
augsburg_lfu,xgboost,autumn_2024,332,13,7.0703277587890625,3.0,4.0703277587890625
augsburg_lfu,xgboost,autumn_2024,333,13,5.692000389099121,4.0,1.692000389099121
augsburg_lfu,xgboost,autumn_2024,334,13,5.362020015716553,12.0,6.637979984283447
augsburg_lfu,xgboost,autumn_2024,335,13,4.923130989074707,14.0,9.076869010925293
augsburg_lfu,xgboost,autumn_2024,336,14,5.168453693389893,12.0,6.831546306610107
augsburg_lfu,xgboost,autumn_2024,337,14,5.203670978546143,12.0,6.796329021453857
augsburg_lfu,xgboost,autumn_2024,338,14,5.309942722320557,13.0,7.690057277679443
augsburg_lfu,xgboost,autumn_2024,339,14,5.304429054260254,10.0,4.695570945739746
augsburg_lfu,xgboost,autumn_2024,340,14,5.39236307144165,6.0,0.6076369285583496
augsburg_lfu,xgboost,autumn_2024,341,14,5.549027442932129,4.0,1.549027442932129
augsburg_lfu,xgboost,autumn_2024,342,14,6.333287715911865,10.0,3.6667122840881348
augsburg_lfu,xgboost,autumn_2024,343,14,8.039456367492676,15.0,6.960543632507324
augsburg_lfu,xgboost,autumn_2024,344,14,9.815932273864746,16.0,6.184067726135254
augsburg_lfu,xgboost,autumn_2024,345,14,10.270882606506348,16.0,5.729117393493652
augsburg_lfu,xgboost,autumn_2024,346,14,10.13135814666748,13.0,2.8686418533325195
augsburg_lfu,xgboost,autumn_2024,347,14,10.004118919372559,12.0,1.9958810806274414
augsburg_lfu,xgboost,autumn_2024,348,14,9.37359619140625,10.0,0.62640380859375
augsburg_lfu,xgboost,autumn_2024,349,14,8.475419044494629,9.0,0.5245809555053711
augsburg_lfu,xgboost,autumn_2024,350,14,7.525599002838135,11.0,3.4744009971618652
augsburg_lfu,xgboost,autumn_2024,351,14,6.592380523681641,7.0,0.4076194763183594
augsburg_lfu,xgboost,autumn_2024,352,14,7.179714679718018,8.0,0.8202853202819824
augsburg_lfu,xgboost,autumn_2024,353,14,8.523443222045898,10.0,1.4765567779541016
augsburg_lfu,xgboost,autumn_2024,354,14,9.714457511901855,11.0,1.2855424880981445
augsburg_lfu,xgboost,autumn_2024,355,14,9.319096565246582,14.0,4.680903434753418
augsburg_lfu,xgboost,autumn_2024,356,14,8.54924488067627,11.0,2.4507551193237305
augsburg_lfu,xgboost,autumn_2024,357,14,8.049257278442383,10.0,1.9507427215576172
augsburg_lfu,xgboost,autumn_2024,358,14,6.831912517547607,9.0,2.1680874824523926
augsburg_lfu,xgboost,autumn_2024,359,14,5.836784839630127,7.0,1.163215160369873
augsburg_lfu,xgboost,autumn_2024,360,15,5.432174205780029,8.0,2.5678257942199707
augsburg_lfu,xgboost,autumn_2024,361,15,5.078832626342773,7.0,1.9211673736572266
augsburg_lfu,xgboost,autumn_2024,362,15,4.555880069732666,5.0,0.444119930267334
augsburg_lfu,xgboost,autumn_2024,363,15,4.184203147888184,6.0,1.8157968521118164
augsburg_lfu,xgboost,autumn_2024,364,15,4.10396146774292,5.0,0.8960385322570801
augsburg_lfu,xgboost,autumn_2024,365,15,4.299161911010742,4.0,0.2991619110107422
augsburg_lfu,xgboost,autumn_2024,366,15,4.28345251083374,4.0,0.28345251083374023
augsburg_lfu,xgboost,autumn_2024,367,15,4.149618148803711,4.0,0.14961814880371094
augsburg_lfu,xgboost,autumn_2024,368,15,4.270744323730469,4.0,0.27074432373046875
augsburg_lfu,xgboost,autumn_2024,369,15,4.215744495391846,4.0,0.2157444953918457
augsburg_lfu,xgboost,autumn_2024,370,15,4.23463249206543,4.0,0.2346324920654297
augsburg_lfu,xgboost,autumn_2024,371,15,4.4845967292785645,4.0,0.48459672927856445
augsburg_lfu,xgboost,autumn_2024,372,15,5.142888069152832,4.0,1.142888069152832
augsburg_lfu,xgboost,autumn_2024,373,15,5.395066261291504,4.0,1.395066261291504
augsburg_lfu,xgboost,autumn_2024,374,15,5.3504180908203125,7.0,1.6495819091796875
augsburg_lfu,xgboost,autumn_2024,375,15,5.63906192779541,8.0,2.36093807220459
augsburg_lfu,xgboost,autumn_2024,376,15,6.156392574310303,6.0,0.15639257431030273
augsburg_lfu,xgboost,autumn_2024,377,15,7.182185173034668,7.0,0.18218517303466797
augsburg_lfu,xgboost,autumn_2024,378,15,8.210417747497559,9.0,0.7895822525024414
augsburg_lfu,xgboost,autumn_2024,379,15,8.57210922241211,10.0,1.4278907775878906
augsburg_lfu,xgboost,autumn_2024,380,15,9.136066436767578,9.0,0.13606643676757812
augsburg_lfu,xgboost,autumn_2024,381,15,8.79673957824707,8.0,0.7967395782470703
augsburg_lfu,xgboost,autumn_2024,382,15,8.176971435546875,5.0,3.176971435546875
augsburg_lfu,xgboost,autumn_2024,383,15,7.140141010284424,5.0,2.140141010284424
augsburg_lfu,xgboost,autumn_2024,384,16,6.383352279663086,5.0,1.383352279663086
augsburg_lfu,xgboost,autumn_2024,385,16,6.428157806396484,7.0,0.5718421936035156
augsburg_lfu,xgboost,autumn_2024,386,16,6.428272724151611,5.0,1.4282727241516113
augsburg_lfu,xgboost,autumn_2024,387,16,6.183452606201172,4.0,2.183452606201172
augsburg_lfu,xgboost,autumn_2024,388,16,5.883638858795166,4.0,1.883638858795166
augsburg_lfu,xgboost,autumn_2024,389,16,5.844881057739258,5.0,0.8448810577392578
augsburg_lfu,xgboost,autumn_2024,390,16,6.0846076011657715,9.0,2.9153923988342285
augsburg_lfu,xgboost,autumn_2024,391,16,7.226603984832764,13.0,5.773396015167236
augsburg_lfu,xgboost,autumn_2024,392,16,8.092184066772461,14.0,5.907815933227539
augsburg_lfu,xgboost,autumn_2024,393,16,8.440779685974121,14.0,5.559220314025879
augsburg_lfu,xgboost,autumn_2024,394,16,8.30074691772461,19.0,10.69925308227539
augsburg_lfu,xgboost,autumn_2024,395,16,8.2016019821167,18.0,9.7983980178833
augsburg_lfu,xgboost,autumn_2024,396,16,7.932705402374268,15.0,7.067294597625732
augsburg_lfu,xgboost,autumn_2024,397,16,7.983554363250732,14.0,6.016445636749268
augsburg_lfu,xgboost,autumn_2024,398,16,8.935148239135742,18.0,9.064851760864258
augsburg_lfu,xgboost,autumn_2024,399,16,10.366328239440918,21.0,10.633671760559082
augsburg_lfu,xgboost,autumn_2024,400,16,11.61156940460205,22.0,10.38843059539795
augsburg_lfu,xgboost,autumn_2024,401,16,14.884634971618652,23.0,8.115365028381348
augsburg_lfu,xgboost,autumn_2024,402,16,15.545364379882812,22.0,6.4546356201171875
augsburg_lfu,xgboost,autumn_2024,403,16,16.435710906982422,17.0,0.5642890930175781
augsburg_lfu,xgboost,autumn_2024,404,16,15.311284065246582,15.0,0.31128406524658203
augsburg_lfu,xgboost,autumn_2024,405,16,13.890321731567383,12.0,1.8903217315673828
augsburg_lfu,xgboost,autumn_2024,406,16,11.705758094787598,11.0,0.7057580947875977
augsburg_lfu,xgboost,autumn_2024,407,16,9.27438735961914,9.0,0.2743873596191406
augsburg_lfu,xgboost,autumn_2024,408,17,8.622529029846191,10.0,1.3774709701538086
augsburg_lfu,xgboost,autumn_2024,409,17,8.934626579284668,11.0,2.065373420715332
augsburg_lfu,xgboost,autumn_2024,410,17,9.065661430358887,11.0,1.9343385696411133
augsburg_lfu,xgboost,autumn_2024,411,17,9.36116886138916,12.0,2.63883113861084
augsburg_lfu,xgboost,autumn_2024,412,17,9.967069625854492,10.0,0.03293037414550781
augsburg_lfu,xgboost,autumn_2024,413,17,10.024470329284668,12.0,1.975529670715332
augsburg_lfu,xgboost,autumn_2024,414,17,10.807183265686035,14.0,3.192816734313965
augsburg_lfu,xgboost,autumn_2024,415,17,11.708983421325684,16.0,4.291016578674316
augsburg_lfu,xgboost,autumn_2024,416,17,11.764485359191895,17.0,5.2355146408081055
augsburg_lfu,xgboost,autumn_2024,417,17,11.946829795837402,16.0,4.053170204162598
augsburg_lfu,xgboost,autumn_2024,418,17,11.525261878967285,13.0,1.4747381210327148
augsburg_lfu,xgboost,autumn_2024,419,17,11.461359024047852,13.5,2.0386409759521484
augsburg_lfu,xgboost,autumn_2024,420,17,11.000517845153809,14.0,2.9994821548461914
augsburg_lfu,xgboost,autumn_2024,421,17,11.81789493560791,17.0,5.18210506439209
augsburg_lfu,xgboost,autumn_2024,422,17,11.597078323364258,17.0,5.402921676635742
augsburg_lfu,xgboost,autumn_2024,423,17,11.798460960388184,20.0,8.201539039611816
augsburg_lfu,xgboost,autumn_2024,424,17,13.065731048583984,32.0,18.934268951416016
augsburg_lfu,xgboost,autumn_2024,425,17,17.35917854309082,36.0,18.64082145690918
augsburg_lfu,xgboost,autumn_2024,426,17,20.283105850219727,36.0,15.716894149780273
augsburg_lfu,xgboost,autumn_2024,427,17,22.48834228515625,33.0,10.51165771484375
augsburg_lfu,xgboost,autumn_2024,428,17,23.3588809967041,26.0,2.6411190032958984
augsburg_lfu,xgboost,autumn_2024,429,17,19.99652671813965,19.0,0.9965267181396484
augsburg_lfu,xgboost,autumn_2024,430,17,15.538169860839844,10.0,5.538169860839844
augsburg_lfu,xgboost,autumn_2024,431,17,11.741214752197266,9.0,2.7412147521972656
augsburg_lfu,xgboost,autumn_2024,432,18,8.42817211151123,8.0,0.42817211151123047
augsburg_lfu,xgboost,autumn_2024,433,18,7.305347442626953,5.0,2.305347442626953
augsburg_lfu,xgboost,autumn_2024,434,18,6.4398579597473145,4.0,2.4398579597473145
augsburg_lfu,xgboost,autumn_2024,435,18,6.4426093101501465,4.0,2.4426093101501465
augsburg_lfu,xgboost,autumn_2024,436,18,6.477092266082764,3.0,3.4770922660827637
augsburg_lfu,xgboost,autumn_2024,437,18,6.37426233291626,3.0,3.3742623329162598
augsburg_lfu,xgboost,autumn_2024,438,18,6.512662887573242,3.0,3.512662887573242
augsburg_lfu,xgboost,autumn_2024,439,18,6.8588337898254395,5.0,1.8588337898254395
augsburg_lfu,xgboost,autumn_2024,440,18,7.502714157104492,7.0,0.5027141571044922
augsburg_lfu,xgboost,autumn_2024,441,18,7.067748546600342,5.0,2.067748546600342
augsburg_lfu,xgboost,autumn_2024,442,18,6.661974906921387,3.0,3.6619749069213867
augsburg_lfu,xgboost,autumn_2024,443,18,6.269335746765137,2.0,4.269335746765137
augsburg_lfu,xgboost,autumn_2024,444,18,5.652902126312256,2.0,3.652902126312256
augsburg_lfu,xgboost,autumn_2024,445,18,5.537961483001709,5.0,0.537961483001709
augsburg_lfu,xgboost,autumn_2024,446,18,6.040628910064697,8.0,1.9593710899353027
augsburg_lfu,xgboost,autumn_2024,447,18,7.917510986328125,8.0,0.082489013671875
augsburg_lfu,xgboost,autumn_2024,448,18,10.425021171569824,9.0,1.4250211715698242
augsburg_lfu,xgboost,autumn_2024,449,18,13.439143180847168,10.0,3.439143180847168
augsburg_lfu,xgboost,autumn_2024,450,18,15.388445854187012,12.0,3.3884458541870117
augsburg_lfu,xgboost,autumn_2024,451,18,15.901591300964355,12.0,3.9015913009643555
augsburg_lfu,xgboost,autumn_2024,452,18,15.853582382202148,15.0,0.8535823822021484
augsburg_lfu,xgboost,autumn_2024,453,18,16.268009185791016,16.0,0.2680091857910156
augsburg_lfu,xgboost,autumn_2024,454,18,15.376039505004883,17.0,1.6239604949951172
augsburg_lfu,xgboost,autumn_2024,455,18,14.143691062927246,14.0,0.1436910629272461
augsburg_lfu,xgboost,autumn_2024,456,19,13.382085800170898,17.0,3.6179141998291016
augsburg_lfu,xgboost,autumn_2024,457,19,12.563719749450684,17.0,4.436280250549316
augsburg_lfu,xgboost,autumn_2024,458,19,11.49657154083252,18.0,6.5034284591674805
augsburg_lfu,xgboost,autumn_2024,459,19,10.117457389831543,17.0,6.882542610168457
augsburg_lfu,xgboost,autumn_2024,460,19,9.938464164733887,19.0,9.061535835266113
augsburg_lfu,xgboost,autumn_2024,461,19,9.649209976196289,21.0,11.350790023803711
augsburg_lfu,xgboost,autumn_2024,462,19,10.038585662841797,24.0,13.961414337158203
augsburg_lfu,xgboost,autumn_2024,463,19,10.744694709777832,26.0,15.255305290222168
augsburg_lfu,xgboost,autumn_2024,464,19,11.2796630859375,28.0,16.7203369140625
augsburg_lfu,xgboost,autumn_2024,465,19,11.17755126953125,28.0,16.82244873046875
augsburg_lfu,xgboost,autumn_2024,466,19,10.35506820678711,28.0,17.64493179321289
augsburg_lfu,xgboost,autumn_2024,467,19,9.694334983825684,16.0,6.305665016174316
augsburg_lfu,xgboost,autumn_2024,468,19,8.447598457336426,14.0,5.552401542663574
augsburg_lfu,xgboost,autumn_2024,469,19,7.1892595291137695,18.0,10.81074047088623
augsburg_lfu,xgboost,autumn_2024,470,19,6.333478927612305,16.0,9.666521072387695
augsburg_lfu,xgboost,autumn_2024,471,19,6.577797889709473,12.0,5.422202110290527
augsburg_lfu,xgboost,autumn_2024,472,19,7.4871039390563965,11.0,3.5128960609436035
augsburg_lfu,xgboost,autumn_2024,473,19,8.163652420043945,11.0,2.8363475799560547
augsburg_lfu,xgboost,autumn_2024,474,19,9.18034553527832,14.0,4.81965446472168
augsburg_lfu,xgboost,autumn_2024,475,19,9.830607414245605,17.0,7.1693925857543945
augsburg_lfu,xgboost,autumn_2024,476,19,10.857998847961426,17.0,6.142001152038574
augsburg_lfu,xgboost,autumn_2024,477,19,10.963313102722168,9.0,1.963313102722168
augsburg_lfu,xgboost,autumn_2024,478,19,10.112555503845215,7.0,3.112555503845215
augsburg_lfu,xgboost,autumn_2024,479,19,9.337151527404785,8.0,1.3371515274047852
augsburg_lfu,xgboost,autumn_2024,480,20,8.777265548706055,7.0,1.7772655487060547
augsburg_lfu,xgboost,autumn_2024,481,20,8.306110382080078,7.0,1.3061103820800781
augsburg_lfu,xgboost,autumn_2024,482,20,7.194711685180664,7.0,0.19471168518066406
augsburg_lfu,xgboost,autumn_2024,483,20,6.150876998901367,6.0,0.1508769989013672
augsburg_lfu,xgboost,autumn_2024,484,20,5.397107124328613,6.0,0.6028928756713867
augsburg_lfu,xgboost,autumn_2024,485,20,4.58425235748291,6.0,1.4157476425170898
augsburg_lfu,xgboost,autumn_2024,486,20,4.335779190063477,6.0,1.6642208099365234
augsburg_lfu,xgboost,autumn_2024,487,20,4.662598133087158,6.0,1.3374018669128418
augsburg_lfu,xgboost,autumn_2024,488,20,4.983766555786133,7.0,2.016233444213867
augsburg_lfu,xgboost,autumn_2024,489,20,4.624208450317383,4.0,0.6242084503173828
augsburg_lfu,xgboost,autumn_2024,490,20,4.597134113311768,3.0,1.5971341133117676
augsburg_lfu,xgboost,autumn_2024,491,20,4.874921798706055,3.0,1.8749217987060547
augsburg_lfu,xgboost,autumn_2024,492,20,5.425646781921387,3.0,2.4256467819213867
augsburg_lfu,xgboost,autumn_2024,493,20,5.617319107055664,8.0,2.382680892944336
augsburg_lfu,xgboost,autumn_2024,494,20,6.386025905609131,10.0,3.613974094390869
augsburg_lfu,xgboost,autumn_2024,495,20,7.9875993728637695,19.0,11.01240062713623
augsburg_lfu,xgboost,autumn_2024,496,20,9.671975135803223,25.0,15.328024864196777
augsburg_lfu,xgboost,autumn_2024,497,20,12.774765968322754,30.0,17.225234031677246
augsburg_lfu,xgboost,autumn_2024,498,20,14.921831130981445,33.0,18.078168869018555
augsburg_lfu,xgboost,autumn_2024,499,20,14.710762023925781,34.0,19.28923797607422
augsburg_lfu,xgboost,autumn_2024,500,20,14.310064315795898,23.0,8.689935684204102
augsburg_lfu,xgboost,autumn_2024,501,20,12.390963554382324,14.0,1.6090364456176758
augsburg_lfu,xgboost,autumn_2024,502,20,10.396859169006348,10.0,0.39685916900634766
augsburg_lfu,xgboost,autumn_2024,503,20,9.20810317993164,9.0,0.20810317993164062
augsburg_lfu,xgboost,autumn_2024,504,21,8.338208198547363,3.0,5.338208198547363
augsburg_lfu,xgboost,autumn_2024,505,21,7.197717666625977,2.0,5.197717666625977
augsburg_lfu,xgboost,autumn_2024,506,21,6.232941150665283,2.0,4.232941150665283
augsburg_lfu,xgboost,autumn_2024,507,21,5.465345859527588,4.0,1.465345859527588
augsburg_lfu,xgboost,autumn_2024,508,21,4.835722923278809,5.0,0.1642770767211914
augsburg_lfu,xgboost,autumn_2024,509,21,4.867379188537598,8.0,3.1326208114624023
augsburg_lfu,xgboost,autumn_2024,510,21,4.7841572761535645,8.0,3.2158427238464355
augsburg_lfu,xgboost,autumn_2024,511,21,4.970970630645752,5.0,0.029029369354248047
augsburg_lfu,xgboost,autumn_2024,512,21,4.722588062286377,2.0,2.722588062286377
augsburg_lfu,xgboost,autumn_2024,513,21,4.422056198120117,1.0,3.422056198120117
augsburg_lfu,xgboost,autumn_2024,514,21,4.786366939544678,0.9,3.886366939544678
augsburg_lfu,xgboost,autumn_2024,515,21,4.696091175079346,1.0,3.6960911750793457
augsburg_lfu,xgboost,autumn_2024,516,21,4.721264362335205,0.9,3.821264362335205
augsburg_lfu,xgboost,autumn_2024,517,21,5.01624870300293,1.0,4.01624870300293
augsburg_lfu,xgboost,autumn_2024,518,21,5.187747955322266,2.0,3.1877479553222656
augsburg_lfu,xgboost,autumn_2024,519,21,5.47461462020874,4.0,1.4746146202087402
augsburg_lfu,xgboost,autumn_2024,520,21,5.477499961853027,2.0,3.4774999618530273
augsburg_lfu,xgboost,autumn_2024,521,21,6.016268730163574,3.0,3.016268730163574
augsburg_lfu,xgboost,autumn_2024,522,21,6.827702522277832,5.0,1.827702522277832
augsburg_lfu,xgboost,autumn_2024,523,21,6.381419658660889,7.0,0.6185803413391113
augsburg_lfu,xgboost,autumn_2024,524,21,6.269453525543213,6.0,0.2694535255432129
augsburg_lfu,xgboost,autumn_2024,525,21,6.1144795417785645,5.0,1.1144795417785645
augsburg_lfu,xgboost,autumn_2024,526,21,5.830417156219482,4.0,1.8304171562194824
augsburg_lfu,xgboost,autumn_2024,527,21,5.449452877044678,4.0,1.4494528770446777
augsburg_lfu,xgboost,autumn_2024,528,22,5.533725261688232,5.0,0.5337252616882324
augsburg_lfu,xgboost,autumn_2024,529,22,5.979403495788574,4.0,1.9794034957885742
augsburg_lfu,xgboost,autumn_2024,530,22,5.8209943771362305,2.0,3.8209943771362305
augsburg_lfu,xgboost,autumn_2024,531,22,5.602601051330566,2.0,3.6026010513305664
augsburg_lfu,xgboost,autumn_2024,532,22,5.459475517272949,2.0,3.459475517272949
augsburg_lfu,xgboost,autumn_2024,533,22,5.147768974304199,2.0,3.147768974304199
augsburg_lfu,xgboost,autumn_2024,534,22,5.120180130004883,2.0,3.120180130004883
augsburg_lfu,xgboost,autumn_2024,535,22,5.225940704345703,7.0,1.7740592956542969
augsburg_lfu,xgboost,autumn_2024,536,22,4.738372802734375,11.0,6.261627197265625
augsburg_lfu,xgboost,autumn_2024,537,22,4.2563157081604,6.0,1.7436842918395996
augsburg_lfu,xgboost,autumn_2024,538,22,4.504818439483643,4.0,0.5048184394836426
augsburg_lfu,xgboost,autumn_2024,539,22,4.936184883117676,4.0,0.9361848831176758
augsburg_lfu,xgboost,autumn_2024,540,22,5.300194263458252,4.0,1.300194263458252
augsburg_lfu,xgboost,autumn_2024,541,22,5.468416690826416,6.0,0.531583309173584
augsburg_lfu,xgboost,autumn_2024,542,22,5.387085914611816,9.0,3.6129140853881836
augsburg_lfu,xgboost,autumn_2024,543,22,5.4602789878845215,7.0,1.5397210121154785
augsburg_lfu,xgboost,autumn_2024,544,22,5.231440544128418,5.0,0.23144054412841797
augsburg_lfu,xgboost,autumn_2024,545,22,5.434421539306641,5.0,0.4344215393066406
augsburg_lfu,xgboost,autumn_2024,546,22,6.907914161682129,6.0,0.9079141616821289
augsburg_lfu,xgboost,autumn_2024,547,22,7.449477195739746,5.0,2.449477195739746
augsburg_lfu,xgboost,autumn_2024,548,22,6.918689727783203,4.0,2.918689727783203
augsburg_lfu,xgboost,autumn_2024,549,22,5.7652177810668945,4.0,1.7652177810668945
augsburg_lfu,xgboost,autumn_2024,550,22,4.669013977050781,4.0,0.6690139770507812
augsburg_lfu,xgboost,autumn_2024,551,22,4.112658500671387,4.0,0.11265850067138672
augsburg_lfu,xgboost,autumn_2024,552,23,3.9926249980926514,4.0,0.007375001907348633
augsburg_lfu,xgboost,autumn_2024,553,23,3.4455764293670654,5.0,1.5544235706329346
augsburg_lfu,xgboost,autumn_2024,554,23,3.1504032611846924,6.0,2.8495967388153076
augsburg_lfu,xgboost,autumn_2024,555,23,3.2043941020965576,8.0,4.795605897903442
augsburg_lfu,xgboost,autumn_2024,556,23,3.3870370388031006,8.0,4.612962961196899
augsburg_lfu,xgboost,autumn_2024,557,23,3.33211612701416,8.0,4.66788387298584
augsburg_lfu,xgboost,autumn_2024,558,23,3.3035242557525635,8.0,4.6964757442474365
augsburg_lfu,xgboost,autumn_2024,559,23,3.3101203441619873,9.0,5.689879655838013
augsburg_lfu,xgboost,autumn_2024,560,23,3.161992311477661,8.0,4.838007688522339
augsburg_lfu,xgboost,autumn_2024,561,23,3.2423224449157715,4.0,0.7576775550842285
augsburg_lfu,xgboost,autumn_2024,562,23,3.1640939712524414,1.0,2.1640939712524414
augsburg_lfu,xgboost,autumn_2024,563,23,3.155118227005005,1.0,2.155118227005005
augsburg_lfu,xgboost,autumn_2024,564,23,3.1345582008361816,1.0,2.1345582008361816
augsburg_lfu,xgboost,autumn_2024,565,23,3.111755847930908,1.0,2.111755847930908
augsburg_lfu,xgboost,autumn_2024,566,23,3.1562628746032715,1.0,2.1562628746032715
augsburg_lfu,xgboost,autumn_2024,567,23,3.274381160736084,1.0,2.274381160736084
augsburg_lfu,xgboost,autumn_2024,568,23,3.285975217819214,2.0,1.2859752178192139
augsburg_lfu,xgboost,autumn_2024,569,23,3.47243595123291,2.0,1.4724359512329102
augsburg_lfu,xgboost,autumn_2024,570,23,3.507502555847168,2.0,1.507502555847168
augsburg_lfu,xgboost,autumn_2024,571,23,3.5265097618103027,3.0,0.5265097618103027
augsburg_lfu,xgboost,autumn_2024,572,23,3.507505416870117,6.0,2.492494583129883
augsburg_lfu,xgboost,autumn_2024,573,23,3.2495110034942627,9.0,5.750488996505737
augsburg_lfu,xgboost,autumn_2024,574,23,3.110194206237793,11.0,7.889805793762207
augsburg_lfu,xgboost,autumn_2024,575,23,3.2242016792297363,11.0,7.775798320770264
augsburg_lfu,xgboost,autumn_2024,576,24,3.3531296253204346,13.0,9.646870374679565
augsburg_lfu,xgboost,autumn_2024,577,24,3.6746408939361572,9.0,5.325359106063843
augsburg_lfu,xgboost,autumn_2024,578,24,3.6505396366119385,8.0,4.3494603633880615
augsburg_lfu,xgboost,autumn_2024,579,24,3.3652851581573486,7.0,3.6347148418426514
augsburg_lfu,xgboost,autumn_2024,580,24,3.523111581802368,8.0,4.476888418197632
augsburg_lfu,xgboost,autumn_2024,581,24,3.5511865615844727,9.0,5.448813438415527
augsburg_lfu,xgboost,autumn_2024,582,24,3.3411614894866943,6.0,2.6588385105133057
augsburg_lfu,xgboost,autumn_2024,583,24,3.3092243671417236,4.0,0.6907756328582764
augsburg_lfu,xgboost,autumn_2024,584,24,3.366591691970825,3.0,0.3665916919708252
augsburg_lfu,xgboost,autumn_2024,585,24,3.450495958328247,0.8,2.6504959583282472
augsburg_lfu,xgboost,autumn_2024,586,24,3.5138003826141357,2.0,1.5138003826141357
augsburg_lfu,xgboost,autumn_2024,587,24,3.7102348804473877,4.0,0.2897651195526123
augsburg_lfu,xgboost,autumn_2024,588,24,3.5874722003936768,7.0,3.4125277996063232
augsburg_lfu,xgboost,autumn_2024,589,24,3.5436325073242188,8.0,4.456367492675781
augsburg_lfu,xgboost,autumn_2024,590,24,3.6832938194274902,8.0,4.31670618057251
augsburg_lfu,xgboost,autumn_2024,591,24,3.6796984672546387,7.0,3.3203015327453613
augsburg_lfu,xgboost,autumn_2024,592,24,3.619232416152954,8.0,4.380767583847046
augsburg_lfu,xgboost,autumn_2024,593,24,3.726060390472412,11.0,7.273939609527588
augsburg_lfu,xgboost,autumn_2024,594,24,3.8674864768981934,10.0,6.132513523101807
augsburg_lfu,xgboost,autumn_2024,595,24,3.5675644874572754,13.0,9.432435512542725
augsburg_lfu,xgboost,autumn_2024,596,24,3.35577654838562,15.0,11.64422345161438
augsburg_lfu,xgboost,autumn_2024,597,24,3.622572183609009,16.0,12.377427816390991
augsburg_lfu,xgboost,autumn_2024,598,24,3.4644370079040527,14.0,10.535562992095947
augsburg_lfu,xgboost,autumn_2024,599,24,3.5385050773620605,17.0,13.46149492263794
augsburg_lfu,xgboost,autumn_2024,600,25,3.863393545150757,16.0,12.136606454849243
augsburg_lfu,xgboost,autumn_2024,601,25,3.8300247192382812,15.0,11.169975280761719
augsburg_lfu,xgboost,autumn_2024,602,25,3.7170894145965576,11.0,7.282910585403442
augsburg_lfu,xgboost,autumn_2024,603,25,3.348649501800537,15.0,11.651350498199463
augsburg_lfu,xgboost,autumn_2024,604,25,3.1396031379699707,12.0,8.86039686203003
augsburg_lfu,xgboost,autumn_2024,605,25,3.23008131980896,8.0,4.76991868019104
augsburg_lfu,xgboost,autumn_2024,606,25,3.17887806892395,5.0,1.8211219310760498
augsburg_lfu,xgboost,autumn_2024,607,25,3.2673399448394775,5.0,1.7326600551605225
augsburg_lfu,xgboost,autumn_2024,608,25,3.5251104831695557,6.0,2.4748895168304443
augsburg_lfu,xgboost,autumn_2024,609,25,3.745940685272217,4.0,0.2540593147277832
augsburg_lfu,xgboost,autumn_2024,610,25,3.7784790992736816,4.0,0.22152090072631836
augsburg_lfu,xgboost,autumn_2024,611,25,3.750077962875366,6.0,2.249922037124634
augsburg_lfu,xgboost,autumn_2024,612,25,3.6823997497558594,7.0,3.3176002502441406
augsburg_lfu,xgboost,autumn_2024,613,25,3.8718316555023193,7.0,3.1281683444976807
augsburg_lfu,xgboost,autumn_2024,614,25,4.257936477661133,10.0,5.742063522338867
augsburg_lfu,xgboost,autumn_2024,615,25,5.519752025604248,13.0,7.480247974395752
augsburg_lfu,xgboost,autumn_2024,616,25,8.738059997558594,16.0,7.261940002441406
augsburg_lfu,xgboost,autumn_2024,617,25,11.609687805175781,14.0,2.3903121948242188
augsburg_lfu,xgboost,autumn_2024,618,25,11.817864418029785,13.0,1.1821355819702148
augsburg_lfu,xgboost,autumn_2024,619,25,11.350323677062988,14.0,2.6496763229370117
augsburg_lfu,xgboost,autumn_2024,620,25,11.111018180847168,20.0,8.888981819152832
augsburg_lfu,xgboost,autumn_2024,621,25,11.690949440002441,22.0,10.309050559997559
augsburg_lfu,xgboost,autumn_2024,622,25,11.461673736572266,24.0,12.538326263427734
augsburg_lfu,xgboost,autumn_2024,623,25,10.390697479248047,19.0,8.609302520751953
augsburg_lfu,xgboost,autumn_2024,624,26,10.427486419677734,17.0,6.572513580322266
augsburg_lfu,xgboost,autumn_2024,625,26,10.424335479736328,17.0,6.575664520263672
augsburg_lfu,xgboost,autumn_2024,626,26,9.806407928466797,15.0,5.193592071533203
augsburg_lfu,xgboost,autumn_2024,627,26,8.811742782592773,14.0,5.188257217407227
augsburg_lfu,xgboost,autumn_2024,628,26,8.267538070678711,8.0,0.26753807067871094
augsburg_lfu,xgboost,autumn_2024,629,26,7.235153675079346,6.0,1.2351536750793457
augsburg_lfu,xgboost,autumn_2024,630,26,6.446946144104004,5.0,1.446946144104004
augsburg_lfu,xgboost,autumn_2024,631,26,6.294551372528076,6.0,0.29455137252807617
augsburg_lfu,xgboost,autumn_2024,632,26,5.695527076721191,6.0,0.3044729232788086
augsburg_lfu,xgboost,autumn_2024,633,26,5.550012111663818,4.0,1.5500121116638184
augsburg_lfu,xgboost,autumn_2024,634,26,5.603623390197754,4.0,1.603623390197754
augsburg_lfu,xgboost,autumn_2024,635,26,5.599543571472168,8.0,2.400456428527832
augsburg_lfu,xgboost,autumn_2024,636,26,5.551830768585205,9.0,3.448169231414795
augsburg_lfu,xgboost,autumn_2024,637,26,5.3417582511901855,8.0,2.6582417488098145
augsburg_lfu,xgboost,autumn_2024,638,26,4.818078517913818,4.0,0.8180785179138184
augsburg_lfu,xgboost,autumn_2024,639,26,4.832242488861084,4.0,0.832242488861084
augsburg_lfu,xgboost,autumn_2024,640,26,5.117633819580078,4.0,1.1176338195800781
augsburg_lfu,xgboost,autumn_2024,641,26,7.938389778137207,9.0,1.061610221862793
augsburg_lfu,xgboost,autumn_2024,642,26,10.138134956359863,11.0,0.8618650436401367
augsburg_lfu,xgboost,autumn_2024,643,26,11.118897438049316,14.0,2.8811025619506836
augsburg_lfu,xgboost,autumn_2024,644,26,11.572388648986816,13.0,1.4276113510131836
augsburg_lfu,xgboost,autumn_2024,645,26,10.969670295715332,11.0,0.03032970428466797
augsburg_lfu,xgboost,autumn_2024,646,26,10.359697341918945,11.0,0.6403026580810547
augsburg_lfu,xgboost,autumn_2024,647,26,10.13215160369873,12.0,1.8678483963012695
augsburg_lfu,xgboost,autumn_2024,648,27,9.525859832763672,12.0,2.474140167236328
augsburg_lfu,xgboost,autumn_2024,649,27,9.125754356384277,11.0,1.8742456436157227
augsburg_lfu,xgboost,autumn_2024,650,27,8.308931350708008,11.0,2.691068649291992
augsburg_lfu,xgboost,autumn_2024,651,27,7.6172027587890625,11.0,3.3827972412109375
augsburg_lfu,xgboost,autumn_2024,652,27,6.772922039031982,4.0,2.7729220390319824
augsburg_lfu,xgboost,autumn_2024,653,27,6.4465155601501465,4.0,2.4465155601501465
augsburg_lfu,xgboost,autumn_2024,654,27,6.176043510437012,3.0,3.1760435104370117
augsburg_lfu,xgboost,autumn_2024,655,27,5.988853454589844,2.0,3.9888534545898438
augsburg_lfu,xgboost,autumn_2024,656,27,5.369619846343994,1.0,4.369619846343994
augsburg_lfu,xgboost,autumn_2024,657,27,5.21769905090332,3.0,2.2176990509033203
augsburg_lfu,xgboost,autumn_2024,658,27,5.235472679138184,6.0,0.7645273208618164
augsburg_lfu,xgboost,autumn_2024,659,27,5.570766925811768,10.0,4.429233074188232
augsburg_lfu,xgboost,autumn_2024,660,27,6.133803367614746,14.0,7.866196632385254
augsburg_lfu,xgboost,autumn_2024,661,27,6.967047214508057,15.0,8.032952785491943
augsburg_lfu,xgboost,autumn_2024,662,27,7.591969966888428,13.0,5.408030033111572
augsburg_lfu,xgboost,autumn_2024,663,27,7.884759902954102,11.0,3.1152400970458984
augsburg_lfu,xgboost,autumn_2024,664,27,9.113629341125488,12.0,2.8863706588745117
augsburg_lfu,xgboost,autumn_2024,665,27,12.42418098449707,17.0,4.57581901550293
augsburg_lfu,xgboost,autumn_2024,666,27,12.312641143798828,11.0,1.3126411437988281
augsburg_lfu,xgboost,autumn_2024,667,27,10.259395599365234,4.0,6.259395599365234
augsburg_lfu,xgboost,autumn_2024,668,27,8.62544059753418,2.0,6.62544059753418
augsburg_lfu,xgboost,autumn_2024,669,27,7.184231281280518,2.0,5.184231281280518
augsburg_lfu,xgboost,autumn_2024,670,27,5.522799968719482,1.0,4.522799968719482
augsburg_lfu,xgboost,autumn_2024,671,27,4.827300071716309,2.0,2.8273000717163086
augsburg_lfu,xgboost,autumn_2024,672,28,4.591463565826416,2.0,2.591463565826416
augsburg_lfu,xgboost,autumn_2024,673,28,4.208268642425537,2.0,2.208268642425537
augsburg_lfu,xgboost,autumn_2024,674,28,3.6416585445404053,2.0,1.6416585445404053
augsburg_lfu,xgboost,autumn_2024,675,28,3.1132802963256836,1.0,2.1132802963256836
augsburg_lfu,xgboost,autumn_2024,676,28,3.0246734619140625,0.9,2.1246734619140626
augsburg_lfu,xgboost,autumn_2024,677,28,2.9977853298187256,1.0,1.9977853298187256
augsburg_lfu,xgboost,autumn_2024,678,28,2.6977782249450684,3.0,0.30222177505493164
augsburg_lfu,xgboost,autumn_2024,679,28,2.720740795135498,5.0,2.279259204864502
augsburg_lfu,xgboost,autumn_2024,680,28,3.0603344440460205,8.0,4.9396655559539795
augsburg_lfu,xgboost,autumn_2024,681,28,3.5832226276397705,5.0,1.4167773723602295
augsburg_lfu,xgboost,autumn_2024,682,28,4.13014030456543,4.0,0.1301403045654297
augsburg_lfu,xgboost,autumn_2024,683,28,4.857090950012207,5.0,0.14290904998779297
augsburg_lfu,xgboost,autumn_2024,684,28,6.94365119934082,5.0,1.9436511993408203
augsburg_lfu,xgboost,autumn_2024,685,28,8.818897247314453,5.0,3.818897247314453
augsburg_lfu,xgboost,autumn_2024,686,28,11.030659675598145,9.0,2.0306596755981445
augsburg_lfu,xgboost,autumn_2024,687,28,12.723526000976562,16.0,3.2764739990234375
augsburg_lfu,xgboost,autumn_2024,688,28,14.867225646972656,21.0,6.132774353027344
augsburg_lfu,xgboost,autumn_2024,689,28,19.901283264160156,27.0,7.098716735839844
augsburg_lfu,xgboost,autumn_2024,690,28,19.510690689086914,32.0,12.489309310913086
augsburg_lfu,xgboost,autumn_2024,691,28,16.713293075561523,22.0,5.286706924438477
augsburg_lfu,xgboost,autumn_2024,692,28,13.267127990722656,12.0,1.2671279907226562
augsburg_lfu,xgboost,autumn_2024,693,28,9.440247535705566,8.0,1.4402475357055664
augsburg_lfu,xgboost,autumn_2024,694,28,6.594066619873047,4.0,2.594066619873047
augsburg_lfu,xgboost,autumn_2024,695,28,5.64747428894043,4.0,1.6474742889404297
augsburg_lfu,xgboost,autumn_2024,696,29,4.881357192993164,3.0,1.881357192993164
augsburg_lfu,xgboost,autumn_2024,697,29,4.370376110076904,2.0,2.3703761100769043
augsburg_lfu,xgboost,autumn_2024,698,29,4.164799213409424,3.0,1.1647992134094238
augsburg_lfu,xgboost,autumn_2024,699,29,3.871138334274292,3.0,0.871138334274292
augsburg_lfu,xgboost,autumn_2024,700,29,3.3355512619018555,3.0,0.33555126190185547
augsburg_lfu,xgboost,autumn_2024,701,29,3.0864384174346924,3.0,0.08643841743469238
augsburg_lfu,xgboost,autumn_2024,702,29,3.1932754516601562,3.0,0.19327545166015625
augsburg_lfu,xgboost,autumn_2024,703,29,3.493772268295288,3.0,0.4937722682952881
augsburg_lfu,xgboost,autumn_2024,704,29,3.3863494396209717,3.0,0.3863494396209717
augsburg_lfu,xgboost,autumn_2024,705,29,4.020918846130371,10.0,5.979081153869629
augsburg_lfu,xgboost,autumn_2024,706,29,5.256476879119873,18.0,12.743523120880127
augsburg_lfu,xgboost,autumn_2024,707,29,8.290672302246094,16.0,7.709327697753906
augsburg_lfu,xgboost,autumn_2024,708,29,9.34795093536377,11.0,1.6520490646362305
augsburg_lfu,xgboost,autumn_2024,709,29,10.70359992980957,16.0,5.29640007019043
augsburg_lfu,xgboost,autumn_2024,710,29,12.260400772094727,12.0,0.26040077209472656
augsburg_lfu,xgboost,autumn_2024,711,29,12.519613265991211,10.0,2.519613265991211
augsburg_lfu,xgboost,autumn_2024,712,29,13.543431282043457,15.0,1.456568717956543
augsburg_lfu,xgboost,autumn_2024,713,29,15.384953498840332,25.0,9.615046501159668
augsburg_lfu,xgboost,autumn_2024,714,29,15.931910514831543,22.0,6.068089485168457
augsburg_lfu,xgboost,autumn_2024,715,29,16.27727699279785,19.0,2.7227230072021484
augsburg_lfu,xgboost,autumn_2024,716,29,13.978499412536621,14.0,0.021500587463378906
augsburg_lfu,xgboost,autumn_2024,717,29,11.431921005249023,12.0,0.5680789947509766
augsburg_lfu,xgboost,autumn_2024,718,29,9.564754486083984,9.0,0.5647544860839844
augsburg_lfu,xgboost,autumn_2024,719,29,8.415879249572754,5.0,3.415879249572754
augsburg_lfu,xgboost,autumn_2024,720,30,7.805359840393066,6.0,1.8053598403930664
augsburg_lfu,xgboost,autumn_2024,721,30,7.0354695320129395,8.0,0.9645304679870605
augsburg_lfu,xgboost,autumn_2024,722,30,7.312765598297119,6.0,1.3127655982971191
augsburg_lfu,xgboost,autumn_2024,723,30,7.1248064041137695,6.0,1.1248064041137695
augsburg_lfu,xgboost,autumn_2024,724,30,7.051248073577881,7.0,0.05124807357788086
augsburg_lfu,xgboost,autumn_2024,725,30,6.6015214920043945,10.0,3.3984785079956055
augsburg_lfu,xgboost,autumn_2024,726,30,6.2065253257751465,11.0,4.7934746742248535
augsburg_lfu,xgboost,autumn_2024,727,30,6.06017541885376,13.0,6.93982458114624
augsburg_lfu,xgboost,autumn_2024,728,30,6.286280155181885,13.0,6.713719844818115
augsburg_lfu,xgboost,autumn_2024,729,30,6.384382724761963,10.0,3.615617275238037
augsburg_lfu,xgboost,autumn_2024,730,30,7.162913799285889,8.0,0.8370862007141113
augsburg_lfu,xgboost,autumn_2024,731,30,7.349673271179199,6.0,1.3496732711791992
augsburg_lfu,xgboost,autumn_2024,732,30,7.9686431884765625,8.0,0.0313568115234375
augsburg_lfu,xgboost,autumn_2024,733,30,8.615119934082031,9.0,0.38488006591796875
augsburg_lfu,xgboost,autumn_2024,734,30,9.58261775970459,12.0,2.41738224029541
augsburg_lfu,xgboost,autumn_2024,735,30,9.829547882080078,13.5,3.670452117919922
augsburg_lfu,xgboost,autumn_2024,736,30,10.33891773223877,15.0,4.6610822677612305
augsburg_lfu,xgboost,autumn_2024,737,30,11.893074989318848,15.0,3.1069250106811523
augsburg_lfu,xgboost,autumn_2024,738,30,12.156622886657715,19.0,6.843377113342285
augsburg_lfu,xgboost,autumn_2024,739,30,13.619308471679688,16.0,2.3806915283203125
augsburg_lfu,xgboost,autumn_2024,740,30,13.123960494995117,14.0,0.8760395050048828
augsburg_lfu,xgboost,autumn_2024,741,30,11.944124221801758,12.0,0.05587577819824219
augsburg_lfu,xgboost,autumn_2024,742,30,10.180164337158203,11.0,0.8198356628417969
augsburg_lfu,xgboost,autumn_2024,743,30,10.246182441711426,6.0,4.246182441711426
augsburg_lfu,xgboost,autumn_2024,744,31,10.56144905090332,7.0,3.5614490509033203
augsburg_lfu,xgboost,autumn_2024,745,31,10.625091552734375,8.0,2.625091552734375
augsburg_lfu,xgboost,autumn_2024,746,31,10.122498512268066,6.0,4.122498512268066
augsburg_lfu,xgboost,autumn_2024,747,31,8.937188148498535,6.0,2.937188148498535
augsburg_lfu,xgboost,autumn_2024,748,31,8.25658130645752,5.0,3.2565813064575195
augsburg_lfu,xgboost,autumn_2024,749,31,7.523080825805664,4.0,3.523080825805664
augsburg_lfu,xgboost,autumn_2024,750,31,7.054385185241699,6.0,1.0543851852416992
augsburg_lfu,xgboost,autumn_2024,751,31,6.91309928894043,6.0,0.9130992889404297
augsburg_lfu,xgboost,autumn_2024,752,31,6.979045391082764,5.0,1.9790453910827637
augsburg_lfu,xgboost,autumn_2024,753,31,6.977808475494385,5.0,1.9778084754943848
augsburg_lfu,xgboost,autumn_2024,754,31,6.929643630981445,7.0,0.07035636901855469
augsburg_lfu,xgboost,autumn_2024,755,31,7.028146266937256,7.0,0.02814626693725586
augsburg_lfu,xgboost,autumn_2024,756,31,6.857093334197998,5.0,1.857093334197998
augsburg_lfu,xgboost,autumn_2024,757,31,6.942618370056152,5.0,1.9426183700561523
augsburg_lfu,xgboost,autumn_2024,758,31,6.9650797843933105,4.0,2.9650797843933105
augsburg_lfu,xgboost,autumn_2024,759,31,6.906811237335205,4.0,2.906811237335205
augsburg_lfu,xgboost,autumn_2024,760,31,7.589801788330078,4.0,3.589801788330078
augsburg_lfu,xgboost,autumn_2024,761,31,10.001065254211426,7.0,3.001065254211426
augsburg_lfu,xgboost,autumn_2024,762,31,12.044713020324707,9.0,3.044713020324707
augsburg_lfu,xgboost,autumn_2024,763,31,12.874735832214355,12.0,0.8747358322143555
augsburg_lfu,xgboost,autumn_2024,764,31,13.441960334777832,13.0,0.44196033477783203
augsburg_lfu,xgboost,autumn_2024,765,31,12.154834747314453,15.0,2.845165252685547
augsburg_lfu,xgboost,autumn_2024,766,31,12.107988357543945,15.0,2.8920116424560547
augsburg_lfu,xgboost,autumn_2024,767,31,11.701199531555176,12.0,0.2988004684448242
augsburg_lfu,xgboost,autumn_2024,768,32,9.91254711151123,8.0,1.9125471115112305
augsburg_lfu,xgboost,autumn_2024,769,32,8.704318046569824,4.0,4.704318046569824
augsburg_lfu,xgboost,autumn_2024,770,32,8.386475563049316,4.0,4.386475563049316
augsburg_lfu,xgboost,autumn_2024,771,32,7.962522506713867,5.0,2.962522506713867
augsburg_lfu,xgboost,autumn_2024,772,32,7.781961441040039,8.0,0.21803855895996094
augsburg_lfu,xgboost,autumn_2024,773,32,7.359255790710449,7.0,0.3592557907104492
augsburg_lfu,xgboost,autumn_2024,774,32,7.263899326324463,15.0,7.736100673675537
augsburg_lfu,xgboost,autumn_2024,775,32,8.147833824157715,19.0,10.852166175842285
augsburg_lfu,xgboost,autumn_2024,776,32,9.693981170654297,19.0,9.306018829345703
augsburg_lfu,xgboost,autumn_2024,777,32,10.377667427062988,17.0,6.622332572937012
augsburg_lfu,xgboost,autumn_2024,778,32,9.943161010742188,13.0,3.0568389892578125
augsburg_lfu,xgboost,autumn_2024,779,32,8.719571113586426,12.0,3.280428886413574
augsburg_lfu,xgboost,autumn_2024,780,32,8.297676086425781,13.0,4.702323913574219
augsburg_lfu,xgboost,autumn_2024,781,32,7.7308878898620605,15.0,7.2691121101379395
augsburg_lfu,xgboost,autumn_2024,782,32,7.372652530670166,11.0,3.627347469329834
augsburg_lfu,xgboost,autumn_2024,783,32,7.450671672821045,11.0,3.549328327178955
augsburg_lfu,xgboost,autumn_2024,784,32,7.7456817626953125,11.0,3.2543182373046875
augsburg_lfu,xgboost,autumn_2024,785,32,8.320921897888184,11.0,2.6790781021118164
augsburg_lfu,xgboost,autumn_2024,786,32,8.828283309936523,7.0,1.8282833099365234
augsburg_lfu,xgboost,autumn_2024,787,32,9.384799003601074,10.0,0.6152009963989258
augsburg_lfu,xgboost,autumn_2024,788,32,9.675929069519043,8.0,1.675929069519043
augsburg_lfu,xgboost,autumn_2024,789,32,9.337607383728027,7.0,2.3376073837280273
augsburg_lfu,xgboost,autumn_2024,790,32,8.712416648864746,7.0,1.712416648864746
augsburg_lfu,xgboost,autumn_2024,791,32,8.676610946655273,12.0,3.3233890533447266
augsburg_lfu,xgboost,autumn_2024,792,33,9.35124397277832,14.0,4.64875602722168
augsburg_lfu,xgboost,autumn_2024,793,33,9.819643020629883,15.0,5.180356979370117
augsburg_lfu,xgboost,autumn_2024,794,33,9.743279457092285,15.0,5.256720542907715
augsburg_lfu,xgboost,autumn_2024,795,33,9.51774787902832,14.0,4.48225212097168
augsburg_lfu,xgboost,autumn_2024,796,33,9.6422700881958,12.0,2.357729911804199
augsburg_lfu,xgboost,autumn_2024,797,33,9.754305839538574,12.0,2.245694160461426
augsburg_lfu,xgboost,autumn_2024,798,33,9.490482330322266,11.0,1.5095176696777344
augsburg_lfu,xgboost,autumn_2024,799,33,9.21274471282959,11.0,1.7872552871704102
augsburg_lfu,xgboost,autumn_2024,800,33,9.067888259887695,11.0,1.9321117401123047
augsburg_lfu,xgboost,autumn_2024,801,33,8.990607261657715,11.0,2.009392738342285
augsburg_lfu,xgboost,autumn_2024,802,33,9.53498363494873,9.0,0.5349836349487305
augsburg_lfu,xgboost,autumn_2024,803,33,10.059444427490234,9.0,1.0594444274902344
augsburg_lfu,xgboost,autumn_2024,804,33,10.56159496307373,10.0,0.5615949630737305
augsburg_lfu,xgboost,autumn_2024,805,33,10.957357406616211,11.0,0.04264259338378906
augsburg_lfu,xgboost,autumn_2024,806,33,10.764925003051758,12.0,1.2350749969482422
augsburg_lfu,xgboost,autumn_2024,807,33,10.503204345703125,13.0,2.496795654296875
augsburg_lfu,xgboost,autumn_2024,808,33,10.568992614746094,12.0,1.4310073852539062
augsburg_lfu,xgboost,autumn_2024,809,33,10.618165969848633,11.0,0.3818340301513672
augsburg_lfu,xgboost,autumn_2024,810,33,10.781571388244629,12.0,1.218428611755371
augsburg_lfu,xgboost,autumn_2024,811,33,10.482340812683105,12.0,1.5176591873168945
augsburg_lfu,xgboost,autumn_2024,812,33,10.404655456542969,11.0,0.5953445434570312
augsburg_lfu,xgboost,autumn_2024,813,33,10.503387451171875,11.0,0.496612548828125
augsburg_lfu,xgboost,autumn_2024,814,33,10.41222858428955,10.0,0.4122285842895508
augsburg_lfu,xgboost,autumn_2024,815,33,10.436219215393066,10.0,0.4362192153930664
augsburg_lfu,xgboost,autumn_2024,816,34,10.155634880065918,12.0,1.844365119934082
augsburg_lfu,xgboost,autumn_2024,817,34,10.092926025390625,15.0,4.907073974609375
augsburg_lfu,xgboost,autumn_2024,818,34,9.884385108947754,15.0,5.115614891052246
augsburg_lfu,xgboost,autumn_2024,819,34,9.465828895568848,15.0,5.534171104431152
augsburg_lfu,xgboost,autumn_2024,820,34,9.39445972442627,12.0,2.6055402755737305
augsburg_lfu,xgboost,autumn_2024,821,34,9.449355125427246,9.0,0.4493551254272461
augsburg_lfu,xgboost,autumn_2024,822,34,9.1524019241333,7.0,2.152401924133301
augsburg_lfu,xgboost,autumn_2024,823,34,9.106118202209473,7.0,2.1061182022094727
augsburg_lfu,xgboost,autumn_2024,824,34,9.432629585266113,6.0,3.4326295852661133
augsburg_lfu,xgboost,autumn_2024,825,34,9.43192195892334,5.0,4.43192195892334
augsburg_lfu,xgboost,autumn_2024,826,34,9.222116470336914,5.0,4.222116470336914
augsburg_lfu,xgboost,autumn_2024,827,34,9.432194709777832,5.0,4.432194709777832
augsburg_lfu,xgboost,autumn_2024,828,34,8.949910163879395,5.0,3.9499101638793945
augsburg_lfu,xgboost,autumn_2024,829,34,8.69028377532959,5.0,3.69028377532959
augsburg_lfu,xgboost,autumn_2024,830,34,8.583374977111816,4.0,4.583374977111816
augsburg_lfu,xgboost,autumn_2024,831,34,9.086686134338379,7.0,2.086686134338379
augsburg_lfu,xgboost,autumn_2024,832,34,9.911897659301758,12.0,2.088102340698242
augsburg_lfu,xgboost,autumn_2024,833,34,10.321937561035156,14.0,3.6780624389648438
augsburg_lfu,xgboost,autumn_2024,834,34,11.412948608398438,12.0,0.5870513916015625
augsburg_lfu,xgboost,autumn_2024,835,34,10.779807090759277,14.0,3.2201929092407227
augsburg_lfu,xgboost,autumn_2024,836,34,10.200577735900879,20.0,9.799422264099121
augsburg_lfu,xgboost,autumn_2024,837,34,10.096536636352539,22.0,11.903463363647461
augsburg_lfu,xgboost,autumn_2024,838,34,9.41258716583252,22.0,12.58741283416748
augsburg_lfu,xgboost,autumn_2024,839,34,8.55252456665039,18.0,9.44747543334961
augsburg_lfu,xgboost,autumn_2024,840,35,8.50706672668457,16.0,7.49293327331543
augsburg_lfu,xgboost,autumn_2024,841,35,8.765405654907227,15.0,6.234594345092773
augsburg_lfu,xgboost,autumn_2024,842,35,8.875274658203125,16.0,7.124725341796875
augsburg_lfu,xgboost,autumn_2024,843,35,9.059745788574219,13.0,3.9402542114257812
augsburg_lfu,xgboost,autumn_2024,844,35,8.788334846496582,10.0,1.211665153503418
augsburg_lfu,xgboost,autumn_2024,845,35,8.702290534973145,8.0,0.7022905349731445
augsburg_lfu,xgboost,autumn_2024,846,35,8.592864990234375,8.0,0.592864990234375
augsburg_lfu,xgboost,autumn_2024,847,35,8.574054718017578,6.0,2.574054718017578
augsburg_lfu,xgboost,autumn_2024,848,35,8.50849437713623,4.0,4.5084943771362305
augsburg_lfu,xgboost,autumn_2024,849,35,8.560134887695312,4.0,4.5601348876953125
augsburg_lfu,xgboost,autumn_2024,850,35,8.308756828308105,3.0,5.3087568283081055
augsburg_lfu,xgboost,autumn_2024,851,35,7.624264240264893,4.0,3.6242642402648926
augsburg_lfu,xgboost,autumn_2024,852,35,7.155878067016602,7.0,0.15587806701660156
augsburg_lfu,xgboost,autumn_2024,853,35,7.182825565338135,10.0,2.8171744346618652
augsburg_lfu,xgboost,autumn_2024,854,35,7.499728202819824,9.0,1.5002717971801758
augsburg_lfu,xgboost,autumn_2024,855,35,7.4150800704956055,7.0,0.41508007049560547
augsburg_lfu,xgboost,autumn_2024,856,35,8.022014617919922,8.0,0.022014617919921875
augsburg_lfu,xgboost,autumn_2024,857,35,9.996145248413086,10.0,0.0038547515869140625
augsburg_lfu,xgboost,autumn_2024,858,35,10.186842918395996,11.0,0.8131570816040039
augsburg_lfu,xgboost,autumn_2024,859,35,10.557892799377441,12.0,1.4421072006225586
augsburg_lfu,xgboost,autumn_2024,860,35,9.869297981262207,10.0,0.13070201873779297
augsburg_lfu,xgboost,autumn_2024,861,35,8.2410888671875,7.0,1.2410888671875
augsburg_lfu,xgboost,autumn_2024,862,35,6.591930866241455,6.0,0.5919308662414551
augsburg_lfu,xgboost,autumn_2024,863,35,5.877785682678223,6.0,0.12221431732177734
augsburg_lfu,xgboost,autumn_2024,864,36,5.19310998916626,6.0,0.8068900108337402
augsburg_lfu,xgboost,autumn_2024,865,36,4.777146339416504,5.0,0.2228536605834961
augsburg_lfu,xgboost,autumn_2024,866,36,4.378749370574951,5.0,0.6212506294250488
augsburg_lfu,xgboost,autumn_2024,867,36,3.93593430519104,6.0,2.06406569480896
augsburg_lfu,xgboost,autumn_2024,868,36,3.3563427925109863,7.0,3.6436572074890137
augsburg_lfu,xgboost,autumn_2024,869,36,3.2774345874786377,5.0,1.7225654125213623
augsburg_lfu,xgboost,autumn_2024,870,36,3.3965156078338623,4.0,0.6034843921661377
augsburg_lfu,xgboost,autumn_2024,871,36,3.4181923866271973,2.0,1.4181923866271973
augsburg_lfu,xgboost,autumn_2024,872,36,3.635603189468384,5.0,1.3643968105316162
augsburg_lfu,xgboost,autumn_2024,873,36,3.7607805728912354,10.0,6.239219427108765
augsburg_lfu,xgboost,autumn_2024,874,36,4.263759136199951,20.0,15.736240863800049
augsburg_lfu,xgboost,autumn_2024,875,36,5.78714656829834,26.0,20.21285343170166
augsburg_lfu,xgboost,autumn_2024,876,36,7.969709396362305,20.0,12.030290603637695
augsburg_lfu,xgboost,autumn_2024,877,36,9.120972633361816,14.0,4.879027366638184
augsburg_lfu,xgboost,autumn_2024,878,36,9.928738594055176,15.0,5.071261405944824
augsburg_lfu,xgboost,autumn_2024,879,36,10.702126502990723,15.0,4.297873497009277
augsburg_lfu,xgboost,autumn_2024,880,36,11.500161170959473,10.0,1.5001611709594727
augsburg_lfu,xgboost,autumn_2024,881,36,11.339210510253906,10.0,1.3392105102539062
augsburg_lfu,xgboost,autumn_2024,882,36,11.87440013885498,11.0,0.8744001388549805
augsburg_lfu,xgboost,autumn_2024,883,36,11.494596481323242,14.0,2.505403518676758
augsburg_lfu,xgboost,autumn_2024,884,36,10.32567310333252,18.0,7.6743268966674805
augsburg_lfu,xgboost,autumn_2024,885,36,10.010978698730469,17.0,6.989021301269531
augsburg_lfu,xgboost,autumn_2024,886,36,9.526284217834473,16.0,6.473715782165527
augsburg_lfu,xgboost,autumn_2024,887,36,9.075108528137207,16.0,6.924891471862793
augsburg_lfu,xgboost,autumn_2024,888,37,8.903020858764648,15.0,6.096979141235352
augsburg_lfu,xgboost,autumn_2024,889,37,8.946782112121582,17.0,8.053217887878418
augsburg_lfu,xgboost,autumn_2024,890,37,8.72409725189209,16.0,7.27590274810791
augsburg_lfu,xgboost,autumn_2024,891,37,8.601045608520508,15.0,6.398954391479492
augsburg_lfu,xgboost,autumn_2024,892,37,8.491354942321777,11.0,2.5086450576782227
augsburg_lfu,xgboost,autumn_2024,893,37,7.608619689941406,11.0,3.3913803100585938
augsburg_lfu,xgboost,autumn_2024,894,37,6.8867716789245605,11.0,4.1132283210754395
augsburg_lfu,xgboost,autumn_2024,895,37,7.483884811401367,15.0,7.516115188598633
augsburg_lfu,xgboost,autumn_2024,896,37,7.620674133300781,10.0,2.3793258666992188
augsburg_lfu,xgboost,autumn_2024,897,37,7.134037971496582,9.0,1.865962028503418
augsburg_lfu,xgboost,autumn_2024,898,37,6.923032760620117,10.0,3.076967239379883
augsburg_lfu,xgboost,autumn_2024,899,37,7.257205009460449,9.0,1.7427949905395508
augsburg_lfu,xgboost,autumn_2024,900,37,7.384191036224365,11.0,3.6158089637756348
augsburg_lfu,xgboost,autumn_2024,901,37,7.775296688079834,15.0,7.224703311920166
augsburg_lfu,xgboost,autumn_2024,902,37,7.518310546875,10.0,2.481689453125
augsburg_lfu,xgboost,autumn_2024,903,37,7.1863813400268555,9.0,1.8136186599731445
augsburg_lfu,xgboost,autumn_2024,904,37,7.162295818328857,8.0,0.8377041816711426
augsburg_lfu,xgboost,autumn_2024,905,37,7.2915358543396,9.0,1.7084641456604004
augsburg_lfu,xgboost,autumn_2024,906,37,7.352544784545898,8.0,0.6474552154541016
augsburg_lfu,xgboost,autumn_2024,907,37,7.281040191650391,6.0,1.2810401916503906
augsburg_lfu,xgboost,autumn_2024,908,37,7.074785232543945,5.0,2.0747852325439453
augsburg_lfu,xgboost,autumn_2024,909,37,6.685761451721191,4.0,2.6857614517211914
augsburg_lfu,xgboost,autumn_2024,910,37,6.088871002197266,4.0,2.0888710021972656
augsburg_lfu,xgboost,autumn_2024,911,37,5.618190288543701,4.0,1.6181902885437012
augsburg_lfu,xgboost,autumn_2024,912,38,5.395168304443359,4.0,1.3951683044433594
augsburg_lfu,xgboost,autumn_2024,913,38,5.097382068634033,3.0,2.097382068634033
augsburg_lfu,xgboost,autumn_2024,914,38,4.681174278259277,4.0,0.6811742782592773
augsburg_lfu,xgboost,autumn_2024,915,38,4.232631206512451,4.0,0.23263120651245117
augsburg_lfu,xgboost,autumn_2024,916,38,3.9891409873962402,5.0,1.0108590126037598
augsburg_lfu,xgboost,autumn_2024,917,38,3.281745672225952,5.0,1.7182543277740479
augsburg_lfu,xgboost,autumn_2024,918,38,3.128291130065918,4.0,0.871708869934082
augsburg_lfu,xgboost,autumn_2024,919,38,3.2204177379608154,4.0,0.7795822620391846
augsburg_lfu,xgboost,autumn_2024,920,38,3.232724189758301,3.0,0.23272418975830078
augsburg_lfu,xgboost,autumn_2024,921,38,3.2257370948791504,2.0,1.2257370948791504
augsburg_lfu,xgboost,autumn_2024,922,38,3.39996337890625,2.0,1.39996337890625
augsburg_lfu,xgboost,autumn_2024,923,38,3.3624026775360107,3.0,0.36240267753601074
augsburg_lfu,xgboost,autumn_2024,924,38,3.5138638019561768,3.0,0.5138638019561768
augsburg_lfu,xgboost,autumn_2024,925,38,3.713090658187866,3.0,0.7130906581878662
augsburg_lfu,xgboost,autumn_2024,926,38,3.805636167526245,3.0,0.8056361675262451
augsburg_lfu,xgboost,autumn_2024,927,38,3.652437925338745,3.0,0.6524379253387451
augsburg_lfu,xgboost,autumn_2024,928,38,3.739382028579712,6.0,2.260617971420288
augsburg_lfu,xgboost,autumn_2024,929,38,4.2547478675842285,8.0,3.7452521324157715
augsburg_lfu,xgboost,autumn_2024,930,38,4.59398889541626,7.0,2.4060111045837402
augsburg_lfu,xgboost,autumn_2024,931,38,4.950071334838867,5.0,0.04992866516113281
augsburg_lfu,xgboost,autumn_2024,932,38,4.9036664962768555,3.0,1.9036664962768555
augsburg_lfu,xgboost,autumn_2024,933,38,4.7502055168151855,3.0,1.7502055168151855
augsburg_lfu,xgboost,autumn_2024,934,38,4.2128376960754395,3.0,1.2128376960754395
augsburg_lfu,xgboost,autumn_2024,935,38,4.1974310874938965,3.0,1.1974310874938965
augsburg_lfu,xgboost,autumn_2024,936,39,4.366321086883545,4.0,0.3663210868835449
augsburg_lfu,xgboost,autumn_2024,937,39,4.87857723236084,8.0,3.12142276763916
augsburg_lfu,xgboost,autumn_2024,938,39,5.035459041595459,5.0,0.035459041595458984
augsburg_lfu,xgboost,autumn_2024,939,39,4.8717875480651855,3.0,1.8717875480651855
augsburg_lfu,xgboost,autumn_2024,940,39,4.680259704589844,3.0,1.6802597045898438
augsburg_lfu,xgboost,autumn_2024,941,39,4.3526153564453125,2.0,2.3526153564453125
augsburg_lfu,xgboost,autumn_2024,942,39,4.420570373535156,2.0,2.4205703735351562
augsburg_lfu,xgboost,autumn_2024,943,39,4.613528728485107,2.0,2.6135287284851074
augsburg_lfu,xgboost,autumn_2024,944,39,4.683896541595459,2.0,2.683896541595459
augsburg_lfu,xgboost,autumn_2024,945,39,4.654351711273193,2.0,2.6543517112731934
augsburg_lfu,xgboost,autumn_2024,946,39,4.5352067947387695,2.0,2.5352067947387695
augsburg_lfu,xgboost,autumn_2024,947,39,4.616203784942627,2.0,2.616203784942627
augsburg_lfu,xgboost,autumn_2024,948,39,4.781607151031494,4.0,0.7816071510314941
augsburg_lfu,xgboost,autumn_2024,949,39,5.584842205047607,8.0,2.4151577949523926
augsburg_lfu,xgboost,autumn_2024,950,39,7.238898754119873,13.0,5.761101245880127
augsburg_lfu,xgboost,autumn_2024,951,39,8.867077827453613,14.0,5.132922172546387
augsburg_lfu,xgboost,autumn_2024,952,39,10.734259605407715,13.0,2.265740394592285
augsburg_lfu,xgboost,autumn_2024,953,39,11.637051582336426,14.0,2.362948417663574
augsburg_lfu,xgboost,autumn_2024,954,39,11.38893985748291,12.0,0.6110601425170898
augsburg_lfu,xgboost,autumn_2024,955,39,10.982708930969238,11.5,0.5172910690307617
augsburg_lfu,xgboost,autumn_2024,956,39,10.366783142089844,11.0,0.6332168579101562
augsburg_lfu,xgboost,autumn_2024,957,39,9.75355052947998,14.0,4.2464494705200195
augsburg_lfu,xgboost,autumn_2024,958,39,8.434307098388672,15.0,6.565692901611328
augsburg_lfu,xgboost,autumn_2024,959,39,7.240846157073975,12.0,4.759153842926025
augsburg_lfu,xgboost,autumn_2024,960,40,6.774021625518799,8.0,1.2259783744812012
augsburg_lfu,xgboost,autumn_2024,961,40,6.768222332000732,8.0,1.2317776679992676
augsburg_lfu,xgboost,autumn_2024,962,40,6.5886125564575195,9.0,2.4113874435424805
augsburg_lfu,xgboost,autumn_2024,963,40,6.200525283813477,8.0,1.7994747161865234
augsburg_lfu,xgboost,autumn_2024,964,40,5.839393138885498,7.0,1.160606861114502
augsburg_lfu,xgboost,autumn_2024,965,40,5.376640796661377,6.0,0.623359203338623
augsburg_lfu,xgboost,autumn_2024,966,40,4.955267429351807,7.0,2.0447325706481934
augsburg_lfu,xgboost,autumn_2024,967,40,4.818965435028076,8.0,3.181034564971924
augsburg_lfu,xgboost,autumn_2024,968,40,4.836141586303711,8.0,3.163858413696289
augsburg_lfu,xgboost,autumn_2024,969,40,4.894721984863281,6.0,1.1052780151367188
augsburg_lfu,xgboost,autumn_2024,970,40,5.318183898925781,7.0,1.6818161010742188
augsburg_lfu,xgboost,autumn_2024,971,40,5.731398105621338,7.0,1.268601894378662
augsburg_lfu,xgboost,autumn_2024,972,40,6.171120643615723,5.0,1.1711206436157227
augsburg_lfu,xgboost,autumn_2024,973,40,6.601313591003418,4.0,2.601313591003418
augsburg_lfu,xgboost,autumn_2024,974,40,7.301412105560303,8.0,0.6985878944396973
augsburg_lfu,xgboost,autumn_2024,975,40,8.24581241607666,11.0,2.75418758392334
augsburg_lfu,xgboost,autumn_2024,976,40,9.425178527832031,13.0,3.5748214721679688
augsburg_lfu,xgboost,autumn_2024,977,40,10.654600143432617,12.0,1.3453998565673828
augsburg_lfu,xgboost,autumn_2024,978,40,11.441749572753906,12.0,0.5582504272460938
augsburg_lfu,xgboost,autumn_2024,979,40,11.55119514465332,10.0,1.5511951446533203
augsburg_lfu,xgboost,autumn_2024,980,40,11.339841842651367,11.0,0.3398418426513672
augsburg_lfu,xgboost,autumn_2024,981,40,11.167914390563965,13.0,1.8320856094360352
augsburg_lfu,xgboost,autumn_2024,982,40,11.036138534545898,14.0,2.9638614654541016
augsburg_lfu,xgboost,autumn_2024,983,40,11.28797435760498,15.0,3.7120256423950195
augsburg_lfu,xgboost,autumn_2024,984,41,11.223983764648438,17.0,5.7760162353515625
augsburg_lfu,xgboost,autumn_2024,985,41,11.199649810791016,19.0,7.800350189208984
augsburg_lfu,xgboost,autumn_2024,986,41,11.30147933959961,18.0,6.698520660400391
augsburg_lfu,xgboost,autumn_2024,987,41,11.224209785461426,18.0,6.775790214538574
augsburg_lfu,xgboost,autumn_2024,988,41,11.832962036132812,17.0,5.1670379638671875
augsburg_lfu,xgboost,autumn_2024,989,41,11.871376037597656,17.0,5.128623962402344
augsburg_lfu,xgboost,autumn_2024,990,41,11.745142936706543,18.0,6.254857063293457
augsburg_lfu,xgboost,autumn_2024,991,41,11.748932838439941,18.0,6.251067161560059
augsburg_lfu,xgboost,autumn_2024,992,41,11.778895378112793,18.0,6.221104621887207
augsburg_lfu,xgboost,autumn_2024,993,41,11.777487754821777,17.0,5.222512245178223
augsburg_lfu,xgboost,autumn_2024,994,41,11.77082347869873,16.0,4.2291765213012695
augsburg_lfu,xgboost,autumn_2024,995,41,13.020147323608398,23.0,9.979852676391602
augsburg_lfu,xgboost,autumn_2024,996,41,14.478020668029785,19.0,4.521979331970215
augsburg_lfu,xgboost,autumn_2024,997,41,15.294076919555664,15.0,0.29407691955566406
augsburg_lfu,xgboost,autumn_2024,998,41,16.952085494995117,10.0,6.952085494995117
augsburg_lfu,xgboost,autumn_2024,999,41,17.031213760375977,13.0,4.031213760375977
augsburg_lfu,xgboost,autumn_2024,1000,41,18.931190490722656,16.0,2.9311904907226562
augsburg_lfu,xgboost,autumn_2024,1001,41,20.24457550048828,15.0,5.244575500488281
augsburg_lfu,xgboost,autumn_2024,1002,41,21.27690315246582,16.0,5.27690315246582
augsburg_lfu,xgboost,autumn_2024,1003,41,22.189773559570312,18.0,4.1897735595703125
augsburg_lfu,xgboost,autumn_2024,1004,41,22.637237548828125,19.0,3.637237548828125
augsburg_lfu,xgboost,autumn_2024,1005,41,20.816667556762695,17.0,3.8166675567626953
augsburg_lfu,xgboost,autumn_2024,1006,41,20.075519561767578,21.0,0.9244804382324219
augsburg_lfu,xgboost,autumn_2024,1007,41,19.533414840698242,22.0,2.466585159301758
augsburg_lfu,xgboost,autumn_2024,1008,42,18.3330078125,21.0,2.6669921875
augsburg_lfu,xgboost,autumn_2024,1009,42,17.727252960205078,20.0,2.272747039794922
augsburg_lfu,xgboost,autumn_2024,1010,42,17.72336769104004,17.0,0.7233676910400391
augsburg_lfu,xgboost,autumn_2024,1011,42,17.35601234436035,13.0,4.356012344360352
augsburg_lfu,xgboost,autumn_2024,1012,42,16.484643936157227,10.0,6.484643936157227
augsburg_lfu,xgboost,autumn_2024,1013,42,16.002281188964844,11.0,5.002281188964844
augsburg_lfu,xgboost,autumn_2024,1014,42,17.04520606994629,14.0,3.045206069946289
augsburg_lfu,xgboost,autumn_2024,1015,42,19.888301849365234,16.0,3.8883018493652344
augsburg_lfu,xgboost,autumn_2024,1016,42,22.012418746948242,17.0,5.012418746948242
augsburg_lfu,xgboost,autumn_2024,1017,42,23.659828186035156,16.0,7.659828186035156
augsburg_lfu,xgboost,autumn_2024,1018,42,25.107532501220703,16.0,9.107532501220703
augsburg_lfu,xgboost,autumn_2024,1019,42,25.293806076049805,15.0,10.293806076049805
augsburg_lfu,xgboost,autumn_2024,1020,42,23.845483779907227,12.0,11.845483779907227
augsburg_lfu,xgboost,autumn_2024,1021,42,19.718236923217773,10.0,9.718236923217773
augsburg_lfu,xgboost,autumn_2024,1022,42,17.473556518554688,12.0,5.4735565185546875
augsburg_lfu,xgboost,autumn_2024,1023,42,17.771713256835938,12.0,5.7717132568359375
augsburg_lfu,xgboost,autumn_2024,1024,42,17.430795669555664,10.0,7.430795669555664
augsburg_lfu,xgboost,autumn_2024,1025,42,17.59727668762207,10.0,7.59727668762207
augsburg_lfu,xgboost,autumn_2024,1026,42,16.976125717163086,11.0,5.976125717163086
augsburg_lfu,xgboost,autumn_2024,1027,42,15.529254913330078,13.0,2.529254913330078
augsburg_lfu,xgboost,autumn_2024,1028,42,16.615339279174805,19.0,2.3846607208251953
augsburg_lfu,xgboost,autumn_2024,1029,42,16.05033302307129,17.0,0.9496669769287109
augsburg_lfu,xgboost,autumn_2024,1030,42,16.03213882446289,16.0,0.032138824462890625
augsburg_lfu,xgboost,autumn_2024,1031,42,15.463513374328613,15.0,0.4635133743286133
augsburg_lfu,xgboost,autumn_2024,1032,43,13.930707931518555,18.0,4.069292068481445
augsburg_lfu,xgboost,autumn_2024,1033,43,13.480842590332031,18.0,4.519157409667969
augsburg_lfu,xgboost,autumn_2024,1034,43,13.091377258300781,17.0,3.9086227416992188
augsburg_lfu,xgboost,autumn_2024,1035,43,13.311444282531738,16.0,2.6885557174682617
augsburg_lfu,xgboost,autumn_2024,1036,43,13.110053062438965,17.0,3.889946937561035
augsburg_lfu,xgboost,autumn_2024,1037,43,13.229532241821289,16.0,2.770467758178711
augsburg_lfu,xgboost,autumn_2024,1038,43,13.211919784545898,17.0,3.7880802154541016
augsburg_lfu,xgboost,autumn_2024,1039,43,14.426251411437988,18.0,3.5737485885620117
augsburg_lfu,xgboost,autumn_2024,1040,43,14.648186683654785,21.0,6.351813316345215
augsburg_lfu,xgboost,autumn_2024,1041,43,15.044304847717285,24.0,8.955695152282715
augsburg_lfu,xgboost,autumn_2024,1042,43,16.26498794555664,26.0,9.73501205444336
augsburg_lfu,xgboost,autumn_2024,1043,43,17.59961700439453,25.0,7.400382995605469
augsburg_lfu,xgboost,autumn_2024,1044,43,18.992197036743164,22.0,3.007802963256836
augsburg_lfu,xgboost,autumn_2024,1045,43,17.572765350341797,20.0,2.427234649658203
augsburg_lfu,xgboost,autumn_2024,1046,43,16.941938400268555,18.0,1.0580615997314453
augsburg_lfu,xgboost,autumn_2024,1047,43,15.117852210998535,17.0,1.8821477890014648
augsburg_lfu,xgboost,autumn_2024,1048,43,14.931492805480957,16.0,1.068507194519043
augsburg_lfu,xgboost,autumn_2024,1049,43,14.268993377685547,15.0,0.7310066223144531
augsburg_lfu,xgboost,autumn_2024,1050,43,13.752361297607422,13.0,0.7523612976074219
augsburg_lfu,xgboost,autumn_2024,1051,43,13.65431022644043,12.0,1.6543102264404297
augsburg_lfu,xgboost,autumn_2024,1052,43,12.90040397644043,11.0,1.9004039764404297
augsburg_lfu,xgboost,autumn_2024,1053,43,12.672317504882812,8.0,4.6723175048828125
augsburg_lfu,xgboost,autumn_2024,1054,43,11.517970085144043,7.0,4.517970085144043
augsburg_lfu,xgboost,autumn_2024,1055,43,10.221463203430176,6.0,4.221463203430176
