station,model,window,hour_index,day_index,pred,actual,abs_error
augsburg_lfu,dlinear,spring_2024,0,0,10.037734307089728,9.0,1.0377343070897282
augsburg_lfu,dlinear,spring_2024,1,0,10.083297765301829,15.0,4.916702234698171
augsburg_lfu,dlinear,spring_2024,2,0,10.801821111359482,18.0,7.198178888640518
augsburg_lfu,dlinear,spring_2024,3,0,11.290222171101236,17.0,5.709777828898764
augsburg_lfu,dlinear,spring_2024,4,0,12.17291505460076,18.0,5.827084945399241
augsburg_lfu,dlinear,spring_2024,5,0,12.816440404505467,17.0,4.183559595494533
augsburg_lfu,dlinear,spring_2024,6,0,13.41029803261899,16.0,2.5897019673810107
augsburg_lfu,dlinear,spring_2024,7,0,13.369638930480049,15.0,1.6303610695199513
augsburg_lfu,dlinear,spring_2024,8,0,12.629715269748461,12.0,0.6297152697484609
augsburg_lfu,dlinear,spring_2024,9,0,10.741346802062758,9.0,1.7413468020627576
augsburg_lfu,dlinear,spring_2024,10,0,8.926282374067547,8.0,0.9262823740675472
augsburg_lfu,dlinear,spring_2024,11,0,7.947155489696547,9.0,1.0528445103034532
augsburg_lfu,dlinear,spring_2024,12,0,7.266363331318399,7.0,0.2663633313183986
augsburg_lfu,dlinear,spring_2024,13,0,6.73080305953585,6.0,0.7308030595358499
augsburg_lfu,dlinear,spring_2024,14,0,6.02141482218739,5.0,1.0214148221873902
augsburg_lfu,dlinear,spring_2024,15,0,5.3651386052566545,4.0,1.3651386052566545
augsburg_lfu,dlinear,spring_2024,16,0,5.06125237567602,4.0,1.0612523756760197
augsburg_lfu,dlinear,spring_2024,17,0,5.06131307263697,4.0,1.0613130726369704
augsburg_lfu,dlinear,spring_2024,18,0,5.758755783477349,4.0,1.7587557834773486
augsburg_lfu,dlinear,spring_2024,19,0,6.827975167924621,7.0,0.17202483207537878
augsburg_lfu,dlinear,spring_2024,20,0,8.599791379217123,9.0,0.4002086207828768
augsburg_lfu,dlinear,spring_2024,21,0,9.393966547470194,7.0,2.3939665474701943
augsburg_lfu,dlinear,spring_2024,22,0,8.818205966749883,4.0,4.818205966749883
augsburg_lfu,dlinear,spring_2024,23,0,7.687294661268992,5.0,2.687294661268992
augsburg_lfu,dlinear,spring_2024,24,1,7.698974965069283,6.0,1.698974965069283
augsburg_lfu,dlinear,spring_2024,25,1,7.717263759335142,7.0,0.7172637593351423
augsburg_lfu,dlinear,spring_2024,26,1,6.965534332556246,6.0,0.9655343325562464
augsburg_lfu,dlinear,spring_2024,27,1,6.481733407110683,5.0,1.4817334071106831
augsburg_lfu,dlinear,spring_2024,28,1,6.320335873819613,5.0,1.3203358738196131
augsburg_lfu,dlinear,spring_2024,29,1,6.076251874386287,5.0,1.076251874386287
augsburg_lfu,dlinear,spring_2024,30,1,5.748680382406685,5.0,0.7486803824066852
augsburg_lfu,dlinear,spring_2024,31,1,4.941462978464502,5.0,0.05853702153549811
augsburg_lfu,dlinear,spring_2024,32,1,4.676880224865675,4.0,0.6768802248656751
augsburg_lfu,dlinear,spring_2024,33,1,4.374502630643299,4.0,0.37450263064329903
augsburg_lfu,dlinear,spring_2024,34,1,3.5594116864833047,3.0,0.5594116864833047
augsburg_lfu,dlinear,spring_2024,35,1,2.6141981824495764,2.0,0.6141981824495764
augsburg_lfu,dlinear,spring_2024,36,1,2.1148101415506737,3.0,0.8851898584493263
augsburg_lfu,dlinear,spring_2024,37,1,1.9498580553968416,4.0,2.0501419446031584
augsburg_lfu,dlinear,spring_2024,38,1,2.3429994913417396,3.0,0.6570005086582604
augsburg_lfu,dlinear,spring_2024,39,1,3.0873452071528398,3.0,0.08734520715283978
augsburg_lfu,dlinear,spring_2024,40,1,3.5252869089261223,3.0,0.5252869089261223
augsburg_lfu,dlinear,spring_2024,41,1,3.544499004971499,3.0,0.5444990049714988
augsburg_lfu,dlinear,spring_2024,42,1,3.6767994618259934,2.0,1.6767994618259934
augsburg_lfu,dlinear,spring_2024,43,1,3.2995809045488405,2.0,1.2995809045488405
augsburg_lfu,dlinear,spring_2024,44,1,2.832197021472483,1.0,1.8321970214724832
augsburg_lfu,dlinear,spring_2024,45,1,2.4061904797726603,1.0,1.4061904797726603
augsburg_lfu,dlinear,spring_2024,46,1,1.8115378579129764,1.0,0.8115378579129764
augsburg_lfu,dlinear,spring_2024,47,1,1.1607714231482977,1.0,0.16077142314829773
augsburg_lfu,dlinear,spring_2024,48,2,1.0925259886154173,2.0,0.9074740113845827
augsburg_lfu,dlinear,spring_2024,49,2,1.184165727304086,1.0,0.18416572730408598
augsburg_lfu,dlinear,spring_2024,50,2,0.8937488838634684,1.0,0.1062511161365316
augsburg_lfu,dlinear,spring_2024,51,2,0.9238108974300436,1.0,0.07618910256995637
augsburg_lfu,dlinear,spring_2024,52,2,0.8863962009071265,1.0,0.11360379909287355
augsburg_lfu,dlinear,spring_2024,53,2,0.8185609919939909,1.0,0.1814390080060091
augsburg_lfu,dlinear,spring_2024,54,2,0.7762707971211071,1.0,0.22372920287889286
augsburg_lfu,dlinear,spring_2024,55,2,0.6194866679873781,1.0,0.38051333201262194
augsburg_lfu,dlinear,spring_2024,56,2,0.40576036695386364,1.0,0.5942396330461364
augsburg_lfu,dlinear,spring_2024,57,2,0.44882088365187234,1.0,0.5511791163481277
augsburg_lfu,dlinear,spring_2024,58,2,0.18267110371356887,1.0,0.8173288962864311
augsburg_lfu,dlinear,spring_2024,59,2,0.0185432275171602,1.0,0.9814567724828398
augsburg_lfu,dlinear,spring_2024,60,2,-0.031593015691839144,1.0,1.0315930156918391
augsburg_lfu,dlinear,spring_2024,61,2,0.2185198497807639,2.0,1.7814801502192361
augsburg_lfu,dlinear,spring_2024,62,2,0.3557668237155762,2.0,1.6442331762844238
augsburg_lfu,dlinear,spring_2024,63,2,0.8577593917484374,2.0,1.1422406082515626
augsburg_lfu,dlinear,spring_2024,64,2,1.190755252072701,2.0,0.8092447479272991
augsburg_lfu,dlinear,spring_2024,65,2,1.7117025821155152,2.0,0.2882974178844848
augsburg_lfu,dlinear,spring_2024,66,2,1.701232978698212,2.0,0.2987670213017879
augsburg_lfu,dlinear,spring_2024,67,2,1.6974224213334315,2.0,0.30257757866656854
augsburg_lfu,dlinear,spring_2024,68,2,1.7170684165881525,2.0,0.28293158341184754
augsburg_lfu,dlinear,spring_2024,69,2,1.4411573137500464,2.0,0.5588426862499536
augsburg_lfu,dlinear,spring_2024,70,2,1.1480547658282778,2.0,0.8519452341717222
augsburg_lfu,dlinear,spring_2024,71,2,0.7241588573890254,2.0,1.2758411426109746
augsburg_lfu,dlinear,spring_2024,72,3,0.39015171036552787,2.0,1.6098482896344721
augsburg_lfu,dlinear,spring_2024,73,3,0.24514155176151542,3.0,2.7548584482384846
augsburg_lfu,dlinear,spring_2024,74,3,0.2243854398984808,3.0,2.775614560101519
augsburg_lfu,dlinear,spring_2024,75,3,0.22850537258656778,3.0,2.771494627413432
augsburg_lfu,dlinear,spring_2024,76,3,0.3691200801775585,3.0,2.6308799198224415
augsburg_lfu,dlinear,spring_2024,77,3,0.8923187630667582,3.0,2.107681236933242
augsburg_lfu,dlinear,spring_2024,78,3,1.3266604453215642,3.0,1.6733395546784358
augsburg_lfu,dlinear,spring_2024,79,3,1.3668298176432603,3.0,1.6331701823567397
augsburg_lfu,dlinear,spring_2024,80,3,1.2003733980473588,3.0,1.7996266019526412
augsburg_lfu,dlinear,spring_2024,81,3,1.2785264761391453,3.0,1.7214735238608547
augsburg_lfu,dlinear,spring_2024,82,3,1.4486569584351074,4.0,2.5513430415648926
augsburg_lfu,dlinear,spring_2024,83,3,1.6491030682144014,3.0,1.3508969317855986
augsburg_lfu,dlinear,spring_2024,84,3,1.9920743590626284,4.0,2.007925640937372
augsburg_lfu,dlinear,spring_2024,85,3,2.194521543124896,4.0,1.8054784568751039
augsburg_lfu,dlinear,spring_2024,86,3,2.5968213858662654,4.0,1.4031786141337346
augsburg_lfu,dlinear,spring_2024,87,3,2.825019803756407,4.0,1.174980196243593
augsburg_lfu,dlinear,spring_2024,88,3,3.54787886288951,4.0,0.45212113711049007
augsburg_lfu,dlinear,spring_2024,89,3,3.7994598938326143,4.0,0.2005401061673857
augsburg_lfu,dlinear,spring_2024,90,3,4.136836078670834,4.0,0.13683607867083403
augsburg_lfu,dlinear,spring_2024,91,3,4.663340392399039,4.0,0.6633403923990393
augsburg_lfu,dlinear,spring_2024,92,3,5.0888605040868935,3.0,2.0888605040868935
augsburg_lfu,dlinear,spring_2024,93,3,5.153331148838302,3.0,2.1533311488383022
augsburg_lfu,dlinear,spring_2024,94,3,4.842011779740536,2.0,2.8420117797405364
augsburg_lfu,dlinear,spring_2024,95,3,4.60085436780817,3.0,1.6008543678081697
augsburg_lfu,dlinear,spring_2024,96,4,4.738790301806935,3.0,1.7387903018069348
augsburg_lfu,dlinear,spring_2024,97,4,5.007732411061482,3.0,2.0077324110614816
augsburg_lfu,dlinear,spring_2024,98,4,4.835699503209513,3.0,1.8356995032095131
augsburg_lfu,dlinear,spring_2024,99,4,4.898098443961996,3.0,1.8980984439619961
augsburg_lfu,dlinear,spring_2024,100,4,4.8428639942376615,3.0,1.8428639942376615
augsburg_lfu,dlinear,spring_2024,101,4,5.136814252556256,3.0,2.136814252556256
augsburg_lfu,dlinear,spring_2024,102,4,6.050973743716209,3.0,3.0509737437162094
augsburg_lfu,dlinear,spring_2024,103,4,6.042287257474232,4.0,2.042287257474232
augsburg_lfu,dlinear,spring_2024,104,4,5.828951038762858,4.0,1.8289510387628578
augsburg_lfu,dlinear,spring_2024,105,4,5.314684301948299,5.0,0.314684301948299
augsburg_lfu,dlinear,spring_2024,106,4,5.048578373941365,5.0,0.048578373941364994
augsburg_lfu,dlinear,spring_2024,107,4,4.821012068735807,6.0,1.178987931264193
augsburg_lfu,dlinear,spring_2024,108,4,4.852090935788679,7.0,2.147909064211321
augsburg_lfu,dlinear,spring_2024,109,4,5.247711647162139,8.0,2.752288352837861
augsburg_lfu,dlinear,spring_2024,110,4,6.057502872412478,9.0,2.9424971275875222
augsburg_lfu,dlinear,spring_2024,111,4,6.55126552271631,9.0,2.44873447728369
augsburg_lfu,dlinear,spring_2024,112,4,7.090130614874863,8.0,0.9098693851251367
augsburg_lfu,dlinear,spring_2024,113,4,7.383003830646921,10.0,2.6169961693530794
augsburg_lfu,dlinear,spring_2024,114,4,7.918898649202238,7.0,0.9188986492022382
augsburg_lfu,dlinear,spring_2024,115,4,8.675627902942015,8.0,0.6756279029420149
augsburg_lfu,dlinear,spring_2024,116,4,9.572057110756447,8.0,1.5720571107564467
augsburg_lfu,dlinear,spring_2024,117,4,10.367076260640408,10.0,0.3670762606404079
augsburg_lfu,dlinear,spring_2024,118,4,10.802861860291628,13.0,2.197138139708372
augsburg_lfu,dlinear,spring_2024,119,4,11.014923076563436,16.0,4.985076923436564
augsburg_lfu,dlinear,spring_2024,120,5,11.754750064979465,11.0,0.754750064979465
augsburg_lfu,dlinear,spring_2024,121,5,11.91211862260362,12.0,0.08788137739638024
augsburg_lfu,dlinear,spring_2024,122,5,11.30519515056554,10.0,1.30519515056554
augsburg_lfu,dlinear,spring_2024,123,5,10.527113236712607,11.0,0.4728867632873932
augsburg_lfu,dlinear,spring_2024,124,5,9.947604181215807,10.0,0.05239581878419308
augsburg_lfu,dlinear,spring_2024,125,5,9.4556132841685,10.0,0.5443867158315001
augsburg_lfu,dlinear,spring_2024,126,5,9.18288844450256,10.0,0.8171115554974406
augsburg_lfu,dlinear,spring_2024,127,5,8.948439693108035,9.0,0.05156030689196456
augsburg_lfu,dlinear,spring_2024,128,5,8.241318763350355,7.0,1.241318763350355
augsburg_lfu,dlinear,spring_2024,129,5,7.7708289586380435,7.0,0.7708289586380435
augsburg_lfu,dlinear,spring_2024,130,5,6.419859894675207,6.0,0.41985989467520657
augsburg_lfu,dlinear,spring_2024,131,5,5.595612924714482,6.0,0.4043870752855181
augsburg_lfu,dlinear,spring_2024,132,5,5.3164089365075915,6.0,0.6835910634924085
augsburg_lfu,dlinear,spring_2024,133,5,5.821016427254783,9.0,3.178983572745217
augsburg_lfu,dlinear,spring_2024,134,5,6.136640085052874,9.0,2.863359914947126
augsburg_lfu,dlinear,spring_2024,135,5,7.933422743225744,15.0,7.066577256774256
augsburg_lfu,dlinear,spring_2024,136,5,10.187054480602423,15.0,4.8129455193975765
augsburg_lfu,dlinear,spring_2024,137,5,12.167091879601292,14.0,1.8329081203987077
augsburg_lfu,dlinear,spring_2024,138,5,11.908347137322323,7.0,4.908347137322323
augsburg_lfu,dlinear,spring_2024,139,5,9.924262724871447,3.0,6.924262724871447
augsburg_lfu,dlinear,spring_2024,140,5,7.736137316809587,3.0,4.736137316809587
augsburg_lfu,dlinear,spring_2024,141,5,5.969634684454036,2.0,3.9696346844540358
augsburg_lfu,dlinear,spring_2024,142,5,4.501501550155748,2.0,2.501501550155748
augsburg_lfu,dlinear,spring_2024,143,5,3.0672929546267564,2.0,1.0672929546267564
augsburg_lfu,dlinear,spring_2024,144,6,2.1483501104042193,3.0,0.8516498895957807
augsburg_lfu,dlinear,spring_2024,145,6,1.5995952132818476,3.0,1.4004047867181524
augsburg_lfu,dlinear,spring_2024,146,6,1.260888084882437,2.0,0.7391119151175629
augsburg_lfu,dlinear,spring_2024,147,6,0.9303240046704389,2.0,1.0696759953295611
augsburg_lfu,dlinear,spring_2024,148,6,0.9824243020085739,2.0,1.017575697991426
augsburg_lfu,dlinear,spring_2024,149,6,1.6780402860517953,3.0,1.3219597139482047
augsburg_lfu,dlinear,spring_2024,150,6,2.3405928799062425,2.0,0.34059287990624254
augsburg_lfu,dlinear,spring_2024,151,6,1.9927060013306677,1.0,0.9927060013306677
augsburg_lfu,dlinear,spring_2024,152,6,1.5604408869390114,1.0,0.5604408869390114
augsburg_lfu,dlinear,spring_2024,153,6,1.6327779972551657,1.0,0.6327779972551657
augsburg_lfu,dlinear,spring_2024,154,6,1.7801568044060092,2.0,0.2198431955939908
augsburg_lfu,dlinear,spring_2024,155,6,2.1549626758189375,3.0,0.8450373241810625
augsburg_lfu,dlinear,spring_2024,156,6,2.5083343184283087,2.0,0.5083343184283087
augsburg_lfu,dlinear,spring_2024,157,6,2.3354159825683087,2.0,0.33541598256830873
augsburg_lfu,dlinear,spring_2024,158,6,2.39758841691406,2.0,0.39758841691406
augsburg_lfu,dlinear,spring_2024,159,6,2.608540026507594,2.0,0.608540026507594
augsburg_lfu,dlinear,spring_2024,160,6,2.9742373176928187,2.0,0.9742373176928187
augsburg_lfu,dlinear,spring_2024,161,6,3.2935659558990555,2.0,1.2935659558990555
augsburg_lfu,dlinear,spring_2024,162,6,3.4714221516132446,3.0,0.47142215161324463
augsburg_lfu,dlinear,spring_2024,163,6,3.666408255648777,3.0,0.6664082556487769
augsburg_lfu,dlinear,spring_2024,164,6,3.7653289135015946,4.0,0.2346710864984054
augsburg_lfu,dlinear,spring_2024,165,6,3.8828153075696155,5.0,1.1171846924303845
augsburg_lfu,dlinear,spring_2024,166,6,3.964026524105345,4.0,0.03597347589465505
augsburg_lfu,dlinear,spring_2024,167,6,3.9372809383640996,3.0,0.9372809383640996
augsburg_lfu,dlinear,spring_2024,168,7,4.035639877764869,3.0,1.0356398777648694
augsburg_lfu,dlinear,spring_2024,169,7,3.7037866608682086,2.0,1.7037866608682086
augsburg_lfu,dlinear,spring_2024,170,7,3.0925458035152973,2.0,1.0925458035152973
augsburg_lfu,dlinear,spring_2024,171,7,2.5988131896716777,2.0,0.5988131896716777
augsburg_lfu,dlinear,spring_2024,172,7,2.385518007942619,2.0,0.3855180079426188
augsburg_lfu,dlinear,spring_2024,173,7,2.334146286360606,2.0,0.33414628636060595
augsburg_lfu,dlinear,spring_2024,174,7,2.2034220042118218,2.0,0.20342200421182177
augsburg_lfu,dlinear,spring_2024,175,7,1.7447941711475203,2.0,0.25520582885247967
augsburg_lfu,dlinear,spring_2024,176,7,1.1877938420999727,2.0,0.8122061579000273
augsburg_lfu,dlinear,spring_2024,177,7,0.9079393657516739,2.0,1.0920606342483261
augsburg_lfu,dlinear,spring_2024,178,7,0.7711367394519406,3.0,2.228863260548059
augsburg_lfu,dlinear,spring_2024,179,7,1.3620629155215598,4.0,2.63793708447844
augsburg_lfu,dlinear,spring_2024,180,7,1.8234934548205293,5.0,3.1765065451794707
augsburg_lfu,dlinear,spring_2024,181,7,2.096602822454988,6.0,3.903397177545012
augsburg_lfu,dlinear,spring_2024,182,7,2.6405067365560306,6.0,3.3594932634439694
augsburg_lfu,dlinear,spring_2024,183,7,3.2433342687421716,6.0,2.7566657312578284
augsburg_lfu,dlinear,spring_2024,184,7,3.989724675130489,7.0,3.010275324869511
augsburg_lfu,dlinear,spring_2024,185,7,5.754405287404786,7.0,1.2455947125952136
augsburg_lfu,dlinear,spring_2024,186,7,9.738493465236589,7.0,2.738493465236589
augsburg_lfu,dlinear,spring_2024,187,7,14.132525270030206,11.0,3.1325252700302055
augsburg_lfu,dlinear,spring_2024,188,7,18.057338580916408,17.0,1.057338580916408
augsburg_lfu,dlinear,spring_2024,189,7,22.858013537679163,36.0,13.141986462320837
augsburg_lfu,dlinear,spring_2024,190,7,26.94881026938656,36.0,9.05118973061344
augsburg_lfu,dlinear,spring_2024,191,7,29.705727523202963,36.0,6.294272476797037
augsburg_lfu,dlinear,spring_2024,192,8,31.65952973596132,36.0,4.340470264038679
augsburg_lfu,dlinear,spring_2024,193,8,32.75636248740546,36.0,3.243637512594539
augsburg_lfu,dlinear,spring_2024,194,8,33.1979040698416,36.0,2.8020959301584014
augsburg_lfu,dlinear,spring_2024,195,8,33.63392756708521,36.0,2.366072432914791
augsburg_lfu,dlinear,spring_2024,196,8,33.627316573255094,36.0,2.3726834267449064
augsburg_lfu,dlinear,spring_2024,197,8,33.53421110473366,36.0,2.4657888952663427
augsburg_lfu,dlinear,spring_2024,198,8,32.74680430076398,36.0,3.2531956992360165
augsburg_lfu,dlinear,spring_2024,199,8,31.914547362449877,36.0,4.085452637550123
augsburg_lfu,dlinear,spring_2024,200,8,30.719871324892544,36.0,5.280128675107456
augsburg_lfu,dlinear,spring_2024,201,8,29.154738271857635,36.0,6.845261728142365
augsburg_lfu,dlinear,spring_2024,202,8,28.33528745897727,36.0,7.66471254102273
augsburg_lfu,dlinear,spring_2024,203,8,27.890186483183662,36.0,8.109813516816338
augsburg_lfu,dlinear,spring_2024,204,8,27.713078582556562,36.0,8.286921417443438
augsburg_lfu,dlinear,spring_2024,205,8,27.98512871017258,36.0,8.014871289827418
augsburg_lfu,dlinear,spring_2024,206,8,29.134438973395063,36.0,6.8655610266049365
augsburg_lfu,dlinear,spring_2024,207,8,30.437632355639693,36.0,5.562367644360307
augsburg_lfu,dlinear,spring_2024,208,8,31.346606891825605,36.0,4.653393108174395
augsburg_lfu,dlinear,spring_2024,209,8,32.50745176155586,36.0,3.4925482384441366
augsburg_lfu,dlinear,spring_2024,210,8,33.819930919686115,36.0,2.180069080313885
augsburg_lfu,dlinear,spring_2024,211,8,34.98690777695394,36.0,1.0130922230460584
augsburg_lfu,dlinear,spring_2024,212,8,35.784275757924235,36.0,0.21572424207576546
augsburg_lfu,dlinear,spring_2024,213,8,35.67640241757512,34.0,1.6764024175751189
augsburg_lfu,dlinear,spring_2024,214,8,34.22785637751694,27.0,7.227856377516943
augsburg_lfu,dlinear,spring_2024,215,8,32.29282796749568,24.0,8.292827967495683
augsburg_lfu,dlinear,spring_2024,216,9,32.147640643474936,27.0,5.147640643474936
augsburg_lfu,dlinear,spring_2024,217,9,32.32335580978264,26.0,6.32335580978264
augsburg_lfu,dlinear,spring_2024,218,9,31.735799626950104,21.0,10.735799626950104
augsburg_lfu,dlinear,spring_2024,219,9,29.69138643870461,18.0,11.691386438704608
augsburg_lfu,dlinear,spring_2024,220,9,27.762129597552057,15.0,12.762129597552057
augsburg_lfu,dlinear,spring_2024,221,9,26.48010176848642,14.0,12.48010176848642
augsburg_lfu,dlinear,spring_2024,222,9,25.5424573709625,15.0,10.542457370962499
augsburg_lfu,dlinear,spring_2024,223,9,24.722678067219622,16.0,8.722678067219622
augsburg_lfu,dlinear,spring_2024,224,9,23.99334617451858,18.0,5.993346174518582
augsburg_lfu,dlinear,spring_2024,225,9,23.586508124740938,25.0,1.4134918752590622
augsburg_lfu,dlinear,spring_2024,226,9,22.943828879872243,23.0,0.05617112012775749
augsburg_lfu,dlinear,spring_2024,227,9,22.513731317319568,23.0,0.4862686826804321
augsburg_lfu,dlinear,spring_2024,228,9,22.143005200043802,23.0,0.8569947999561975
augsburg_lfu,dlinear,spring_2024,229,9,21.728749411932466,21.0,0.7287494119324656
augsburg_lfu,dlinear,spring_2024,230,9,21.441930290038226,21.0,0.4419302900382256
augsburg_lfu,dlinear,spring_2024,231,9,20.574635024459507,21.0,0.4253649755404929
augsburg_lfu,dlinear,spring_2024,232,9,19.547901988738047,18.0,1.5479019887380474
augsburg_lfu,dlinear,spring_2024,233,9,18.306544207893257,16.0,2.306544207893257
augsburg_lfu,dlinear,spring_2024,234,9,17.904488784778607,18.0,0.09551121522139283
augsburg_lfu,dlinear,spring_2024,235,9,17.45596363418216,19.0,1.5440363658178384
augsburg_lfu,dlinear,spring_2024,236,9,16.17035085101222,11.0,5.17035085101222
augsburg_lfu,dlinear,spring_2024,237,9,13.845952316626784,7.0,6.845952316626784
augsburg_lfu,dlinear,spring_2024,238,9,11.616921003533877,8.0,3.616921003533877
augsburg_lfu,dlinear,spring_2024,239,9,9.931692545988398,6.0,3.9316925459883976
augsburg_lfu,dlinear,spring_2024,240,10,8.918602585851541,7.0,1.9186025858515414
augsburg_lfu,dlinear,spring_2024,241,10,8.246148278157852,7.0,1.2461482781578521
augsburg_lfu,dlinear,spring_2024,242,10,7.460211850450666,6.0,1.4602118504506656
augsburg_lfu,dlinear,spring_2024,243,10,6.5096115995854875,5.0,1.5096115995854875
augsburg_lfu,dlinear,spring_2024,244,10,5.6793416262968215,4.0,1.6793416262968215
augsburg_lfu,dlinear,spring_2024,245,10,5.2116773369249545,4.0,1.2116773369249545
augsburg_lfu,dlinear,spring_2024,246,10,4.966479074544186,5.0,0.03352092545581442
augsburg_lfu,dlinear,spring_2024,247,10,4.43137246518408,4.0,0.43137246518408023
augsburg_lfu,dlinear,spring_2024,248,10,4.081161320740523,4.0,0.08116132074052285
augsburg_lfu,dlinear,spring_2024,249,10,3.5699905062444053,3.0,0.5699905062444053
augsburg_lfu,dlinear,spring_2024,250,10,2.648467727781084,3.0,0.35153227221891603
augsburg_lfu,dlinear,spring_2024,251,10,1.823856493595439,3.0,1.176143506404561
augsburg_lfu,dlinear,spring_2024,252,10,1.3276144806999548,3.0,1.6723855193000452
augsburg_lfu,dlinear,spring_2024,253,10,1.3070834300011756,2.0,0.6929165699988244
augsburg_lfu,dlinear,spring_2024,254,10,1.3845716335816176,3.0,1.6154283664183824
augsburg_lfu,dlinear,spring_2024,255,10,1.4736231674220146,3.0,1.5263768325779854
augsburg_lfu,dlinear,spring_2024,256,10,1.5266582278419478,3.0,1.4733417721580522
augsburg_lfu,dlinear,spring_2024,257,10,1.80024409722379,2.0,0.19975590277620991
augsburg_lfu,dlinear,spring_2024,258,10,2.1145745089154944,2.0,0.11457450891549437
augsburg_lfu,dlinear,spring_2024,259,10,2.2977826290196814,2.0,0.29778262901968144
augsburg_lfu,dlinear,spring_2024,260,10,2.2260978630020025,2.0,0.22609786300200252
augsburg_lfu,dlinear,spring_2024,261,10,1.9429798497695656,2.0,0.057020150230434385
augsburg_lfu,dlinear,spring_2024,262,10,1.5198060441461552,2.0,0.48019395585384483
augsburg_lfu,dlinear,spring_2024,263,10,1.1076071937646588,2.0,0.8923928062353412
augsburg_lfu,dlinear,spring_2024,264,11,0.8075709449566701,2.0,1.1924290550433299
augsburg_lfu,dlinear,spring_2024,265,11,0.5328791152713692,1.0,0.4671208847286308
augsburg_lfu,dlinear,spring_2024,266,11,0.2393409236601154,1.0,0.7606590763398846
augsburg_lfu,dlinear,spring_2024,267,11,0.03566932558014124,2.0,1.9643306744198588
augsburg_lfu,dlinear,spring_2024,268,11,-0.09531550129508859,2.0,2.0953155012950884
augsburg_lfu,dlinear,spring_2024,269,11,-0.010827012743296782,2.0,2.010827012743297
augsburg_lfu,dlinear,spring_2024,270,11,0.05805621431656127,2.0,1.9419437856834387
augsburg_lfu,dlinear,spring_2024,271,11,-0.011017837197210056,2.0,2.01101783719721
augsburg_lfu,dlinear,spring_2024,272,11,-0.11457415389481396,2.0,2.114574153894814
augsburg_lfu,dlinear,spring_2024,273,11,-0.09841870548102216,2.0,2.098418705481022
augsburg_lfu,dlinear,spring_2024,274,11,-0.011137023262294932,2.0,2.011137023262295
augsburg_lfu,dlinear,spring_2024,275,11,0.09070599766610088,2.0,1.9092940023338991
augsburg_lfu,dlinear,spring_2024,276,11,0.22993232694430987,2.0,1.7700676730556901
augsburg_lfu,dlinear,spring_2024,277,11,0.7367518393778314,2.0,1.2632481606221686
augsburg_lfu,dlinear,spring_2024,278,11,1.171627220157394,2.0,0.8283727798426059
augsburg_lfu,dlinear,spring_2024,279,11,1.5188337965864744,2.0,0.48116620341352556
augsburg_lfu,dlinear,spring_2024,280,11,1.858969495534557,2.0,0.14103050446544296
augsburg_lfu,dlinear,spring_2024,281,11,2.2006718436816692,2.0,0.20067184368166924
augsburg_lfu,dlinear,spring_2024,282,11,2.761803147208313,3.0,0.2381968527916869
augsburg_lfu,dlinear,spring_2024,283,11,3.3544850680261824,3.0,0.3544850680261824
augsburg_lfu,dlinear,spring_2024,284,11,3.686710268975767,3.0,0.6867102689757671
augsburg_lfu,dlinear,spring_2024,285,11,3.700939651589624,2.0,1.700939651589624
augsburg_lfu,dlinear,spring_2024,286,11,3.8331993280893335,2.0,1.8331993280893335
augsburg_lfu,dlinear,spring_2024,287,11,3.990856996482968,2.0,1.990856996482968
augsburg_lfu,dlinear,spring_2024,288,12,4.039152128379727,3.0,1.039152128379727
augsburg_lfu,dlinear,spring_2024,289,12,3.992887565158215,2.0,1.992887565158215
augsburg_lfu,dlinear,spring_2024,290,12,3.9879547874852728,2.0,1.9879547874852728
augsburg_lfu,dlinear,spring_2024,291,12,3.959521271462833,2.0,1.9595212714628332
augsburg_lfu,dlinear,spring_2024,292,12,3.8748583555075164,2.0,1.8748583555075164
augsburg_lfu,dlinear,spring_2024,293,12,4.219109334400158,2.0,2.219109334400158
augsburg_lfu,dlinear,spring_2024,294,12,4.624684431427191,3.0,1.624684431427191
augsburg_lfu,dlinear,spring_2024,295,12,4.686179679870907,3.0,1.6861796798709072
augsburg_lfu,dlinear,spring_2024,296,12,4.433131219292757,3.0,1.4331312192927568
augsburg_lfu,dlinear,spring_2024,297,12,4.448432263032938,3.0,1.448432263032938
augsburg_lfu,dlinear,spring_2024,298,12,4.334463901469459,4.0,0.3344639014694586
augsburg_lfu,dlinear,spring_2024,299,12,4.012410284556522,4.0,0.012410284556522377
augsburg_lfu,dlinear,spring_2024,300,12,3.5758659281783993,4.0,0.4241340718216007
augsburg_lfu,dlinear,spring_2024,301,12,3.459489750828903,5.0,1.540510249171097
augsburg_lfu,dlinear,spring_2024,302,12,3.4352307842811363,5.0,1.5647692157188637
augsburg_lfu,dlinear,spring_2024,303,12,3.733362130958155,6.0,2.266637869041845
augsburg_lfu,dlinear,spring_2024,304,12,3.9431615290352897,6.0,2.0568384709647103
augsburg_lfu,dlinear,spring_2024,305,12,4.233498827228684,6.0,1.7665011727713162
augsburg_lfu,dlinear,spring_2024,306,12,4.221247925814171,5.0,0.7787520741858289
augsburg_lfu,dlinear,spring_2024,307,12,3.928398454918392,4.0,0.0716015450816081
augsburg_lfu,dlinear,spring_2024,308,12,3.47660492565931,4.0,0.5233950743406899
augsburg_lfu,dlinear,spring_2024,309,12,2.8845650313027846,3.0,0.11543496869721537
augsburg_lfu,dlinear,spring_2024,310,12,2.398759907382771,3.0,0.6012400926172292
augsburg_lfu,dlinear,spring_2024,311,12,1.823836036616921,3.0,1.176163963383079
augsburg_lfu,dlinear,spring_2024,312,13,1.4063593295373544,3.0,1.5936406704626456
augsburg_lfu,dlinear,spring_2024,313,13,1.0514023441447025,4.0,2.9485976558552975
augsburg_lfu,dlinear,spring_2024,314,13,0.8454272610246316,3.0,2.1545727389753684
augsburg_lfu,dlinear,spring_2024,315,13,0.7080465548374302,3.0,2.29195344516257
augsburg_lfu,dlinear,spring_2024,316,13,0.6628289612793878,3.0,2.337171038720612
augsburg_lfu,dlinear,spring_2024,317,13,0.7154383278516689,3.0,2.284561672148331
augsburg_lfu,dlinear,spring_2024,318,13,0.8375300111740509,2.0,1.162469988825949
augsburg_lfu,dlinear,spring_2024,319,13,0.5697296517250066,2.0,1.4302703482749934
augsburg_lfu,dlinear,spring_2024,320,13,0.35986269869323007,3.0,2.64013730130677
augsburg_lfu,dlinear,spring_2024,321,13,0.31985254408985164,3.0,2.6801474559101486
augsburg_lfu,dlinear,spring_2024,322,13,0.5865192999940259,3.0,2.413480700005974
augsburg_lfu,dlinear,spring_2024,323,13,1.0185101067673208,3.0,1.9814898932326792
augsburg_lfu,dlinear,spring_2024,324,13,1.6863554803984182,3.0,1.3136445196015818
augsburg_lfu,dlinear,spring_2024,325,13,1.9746242433174406,3.0,1.0253757566825594
augsburg_lfu,dlinear,spring_2024,326,13,2.533739921250379,3.0,0.46626007874962117
augsburg_lfu,dlinear,spring_2024,327,13,2.9502511672689575,3.0,0.04974883273104247
augsburg_lfu,dlinear,spring_2024,328,13,3.349171382383945,3.0,0.3491713823839451
augsburg_lfu,dlinear,spring_2024,329,13,3.3500675819046695,2.0,1.3500675819046695
augsburg_lfu,dlinear,spring_2024,330,13,3.406942025635205,2.0,1.406942025635205
augsburg_lfu,dlinear,spring_2024,331,13,3.8630799042724124,2.0,1.8630799042724124
augsburg_lfu,dlinear,spring_2024,332,13,4.123012140780351,2.0,2.123012140780351
augsburg_lfu,dlinear,spring_2024,333,13,4.446008688395336,2.0,2.4460086883953363
augsburg_lfu,dlinear,spring_2024,334,13,4.521511692402046,2.0,2.521511692402046
augsburg_lfu,dlinear,spring_2024,335,13,4.30734908571239,3.0,1.3073490857123904
augsburg_lfu,dlinear,spring_2024,336,14,3.879584112603913,3.0,0.8795841126039128
augsburg_lfu,dlinear,spring_2024,337,14,3.375285711124564,3.0,0.375285711124564
augsburg_lfu,dlinear,spring_2024,338,14,3.271783665228508,4.0,0.7282163347714921
augsburg_lfu,dlinear,spring_2024,339,14,3.234019836645742,4.0,0.765980163354258
augsburg_lfu,dlinear,spring_2024,340,14,3.30476284054165,4.0,0.6952371594583502
augsburg_lfu,dlinear,spring_2024,341,14,3.5185985950454732,4.0,0.48140140495452677
augsburg_lfu,dlinear,spring_2024,342,14,3.6447111280714686,4.0,0.3552888719285314
augsburg_lfu,dlinear,spring_2024,343,14,3.828536672376002,4.0,0.17146332762399785
augsburg_lfu,dlinear,spring_2024,344,14,3.506693176656328,3.0,0.5066931766563281
augsburg_lfu,dlinear,spring_2024,345,14,2.8028154681514295,3.0,0.19718453184857054
augsburg_lfu,dlinear,spring_2024,346,14,2.1602380634291465,4.0,1.8397619365708535
augsburg_lfu,dlinear,spring_2024,347,14,2.2488050516458973,4.0,1.7511949483541027
augsburg_lfu,dlinear,spring_2024,348,14,2.2686557432534498,4.0,1.7313442567465502
augsburg_lfu,dlinear,spring_2024,349,14,2.430045215862899,4.0,1.569954784137101
augsburg_lfu,dlinear,spring_2024,350,14,2.5175087046561115,4.0,1.4824912953438885
augsburg_lfu,dlinear,spring_2024,351,14,2.8474060054398884,4.0,1.1525939945601116
augsburg_lfu,dlinear,spring_2024,352,14,3.3330502637783384,4.0,0.6669497362216616
augsburg_lfu,dlinear,spring_2024,353,14,4.057171065811243,5.0,0.942828934188757
augsburg_lfu,dlinear,spring_2024,354,14,5.0943292055325555,5.0,0.09432920553255553
augsburg_lfu,dlinear,spring_2024,355,14,6.066634380293697,4.0,2.0666343802936966
augsburg_lfu,dlinear,spring_2024,356,14,6.9676389168876645,5.0,1.9676389168876645
augsburg_lfu,dlinear,spring_2024,357,14,8.076196514890347,6.0,2.0761965148903467
augsburg_lfu,dlinear,spring_2024,358,14,8.523818256460464,6.0,2.523818256460464
augsburg_lfu,dlinear,spring_2024,359,14,8.599207842011909,6.0,2.599207842011909
augsburg_lfu,dlinear,spring_2024,360,15,8.339122815576133,6.0,2.3391228155761326
augsburg_lfu,dlinear,spring_2024,361,15,8.27572396212659,6.0,2.2757239621265892
augsburg_lfu,dlinear,spring_2024,362,15,8.062124928237452,6.0,2.062124928237452
augsburg_lfu,dlinear,spring_2024,363,15,8.026716861037281,5.0,3.026716861037281
augsburg_lfu,dlinear,spring_2024,364,15,7.9624123038972385,5.0,2.9624123038972385
augsburg_lfu,dlinear,spring_2024,365,15,8.036254291820883,6.0,2.0362542918208835
augsburg_lfu,dlinear,spring_2024,366,15,7.742594257126151,5.0,2.742594257126151
augsburg_lfu,dlinear,spring_2024,367,15,6.966363514219755,4.0,2.966363514219755
augsburg_lfu,dlinear,spring_2024,368,15,5.744036878072604,4.0,1.7440368780726043
augsburg_lfu,dlinear,spring_2024,369,15,5.18498234017047,5.0,0.18498234017047022
augsburg_lfu,dlinear,spring_2024,370,15,4.878285223482598,4.0,0.8782852234825977
augsburg_lfu,dlinear,spring_2024,371,15,4.819241599837145,5.0,0.18075840016285483
augsburg_lfu,dlinear,spring_2024,372,15,5.057805327546089,5.0,0.057805327546089025
augsburg_lfu,dlinear,spring_2024,373,15,5.201665587837164,6.0,0.798334412162836
augsburg_lfu,dlinear,spring_2024,374,15,5.299901385958792,6.0,0.7000986140412078
augsburg_lfu,dlinear,spring_2024,375,15,5.47966192750823,5.0,0.47966192750823033
augsburg_lfu,dlinear,spring_2024,376,15,5.778783205960493,5.0,0.7787832059604929
augsburg_lfu,dlinear,spring_2024,377,15,6.2652556628692295,6.0,0.2652556628692295
augsburg_lfu,dlinear,spring_2024,378,15,8.123852985043277,6.0,2.1238529850432766
augsburg_lfu,dlinear,spring_2024,379,15,11.01503727006569,18.0,6.98496272993431
augsburg_lfu,dlinear,spring_2024,380,15,14.6021764136527,24.0,9.3978235863473
augsburg_lfu,dlinear,spring_2024,381,15,18.058126735984796,14.0,4.058126735984796
augsburg_lfu,dlinear,spring_2024,382,15,19.82253891497116,15.0,4.822538914971162
augsburg_lfu,dlinear,spring_2024,383,15,19.939018932768914,13.0,6.939018932768914
augsburg_lfu,dlinear,spring_2024,384,16,19.05725482700648,11.0,8.057254827006481
augsburg_lfu,dlinear,spring_2024,385,16,16.66697471882725,8.0,8.666974718827252
augsburg_lfu,dlinear,spring_2024,386,16,14.07383061942195,7.0,7.073830619421949
augsburg_lfu,dlinear,spring_2024,387,16,11.592736928500411,6.0,5.592736928500411
augsburg_lfu,dlinear,spring_2024,388,16,9.769056306776223,6.0,3.769056306776223
augsburg_lfu,dlinear,spring_2024,389,16,8.307385424910809,5.0,3.307385424910809
augsburg_lfu,dlinear,spring_2024,390,16,7.195325083755677,5.0,2.1953250837556766
augsburg_lfu,dlinear,spring_2024,391,16,6.057278099497871,4.0,2.0572780994978714
augsburg_lfu,dlinear,spring_2024,392,16,5.390473037286881,5.0,0.3904730372868812
augsburg_lfu,dlinear,spring_2024,393,16,4.177313712179533,5.0,0.822686287820467
augsburg_lfu,dlinear,spring_2024,394,16,3.862306252651272,6.0,2.137693747348728
augsburg_lfu,dlinear,spring_2024,395,16,5.302291320375075,10.0,4.697708679624925
augsburg_lfu,dlinear,spring_2024,396,16,7.491584975905798,11.0,3.5084150240942016
augsburg_lfu,dlinear,spring_2024,397,16,9.806251434243029,11.0,1.1937485657569713
augsburg_lfu,dlinear,spring_2024,398,16,11.614375920955542,11.0,0.6143759209555419
augsburg_lfu,dlinear,spring_2024,399,16,12.917993884912196,11.0,1.917993884912196
augsburg_lfu,dlinear,spring_2024,400,16,14.05243020736481,11.0,3.052430207364811
augsburg_lfu,dlinear,spring_2024,401,16,15.21582651731406,12.0,3.21582651731406
augsburg_lfu,dlinear,spring_2024,402,16,16.683780641438403,12.0,4.683780641438403
augsburg_lfu,dlinear,spring_2024,403,16,18.59549006348112,20.0,1.4045099365188811
augsburg_lfu,dlinear,spring_2024,404,16,19.628354833409865,20.0,0.3716451665901346
augsburg_lfu,dlinear,spring_2024,405,16,19.724476507483065,14.0,5.724476507483065
augsburg_lfu,dlinear,spring_2024,406,16,19.39295257101419,10.0,9.392952571014192
augsburg_lfu,dlinear,spring_2024,407,16,18.156769302031716,10.0,8.156769302031716
augsburg_lfu,dlinear,spring_2024,408,17,16.650421381377306,9.0,7.650421381377306
augsburg_lfu,dlinear,spring_2024,409,17,15.326389647107005,9.0,6.326389647107005
augsburg_lfu,dlinear,spring_2024,410,17,13.662847305596562,8.0,5.6628473055965625
augsburg_lfu,dlinear,spring_2024,411,17,12.720061969833429,9.0,3.720061969833429
augsburg_lfu,dlinear,spring_2024,412,17,13.146836556419666,10.0,3.1468365564196663
augsburg_lfu,dlinear,spring_2024,413,17,13.663494194197225,10.0,3.6634941941972254
augsburg_lfu,dlinear,spring_2024,414,17,14.445459847587674,10.0,4.445459847587674
augsburg_lfu,dlinear,spring_2024,415,17,15.46360878924147,11.0,4.463608789241469
augsburg_lfu,dlinear,spring_2024,416,17,16.942945848551815,12.0,4.942945848551815
augsburg_lfu,dlinear,spring_2024,417,17,17.95203011577449,13.0,4.952030115774491
augsburg_lfu,dlinear,spring_2024,418,17,18.543599943260112,13.0,5.543599943260112
augsburg_lfu,dlinear,spring_2024,419,17,19.495012568771322,14.0,5.4950125687713225
augsburg_lfu,dlinear,spring_2024,420,17,20.61671254622982,17.0,3.61671254622982
augsburg_lfu,dlinear,spring_2024,421,17,21.616816993446346,21.0,0.6168169934463457
augsburg_lfu,dlinear,spring_2024,422,17,22.735222792935527,22.0,0.7352227929355273
augsburg_lfu,dlinear,spring_2024,423,17,24.030855554917192,23.0,1.030855554917192
augsburg_lfu,dlinear,spring_2024,424,17,25.244330591451188,23.0,2.244330591451188
augsburg_lfu,dlinear,spring_2024,425,17,26.173560400829487,23.0,3.173560400829487
augsburg_lfu,dlinear,spring_2024,426,17,27.265592469220206,21.0,6.265592469220206
augsburg_lfu,dlinear,spring_2024,427,17,28.481101213144022,20.0,8.481101213144022
augsburg_lfu,dlinear,spring_2024,428,17,28.740523560118824,19.0,9.740523560118824
augsburg_lfu,dlinear,spring_2024,429,17,28.756653592163975,19.0,9.756653592163975
augsburg_lfu,dlinear,spring_2024,430,17,28.04731076921793,18.0,10.04731076921793
augsburg_lfu,dlinear,spring_2024,431,17,26.855404502286255,18.0,8.855404502286255
augsburg_lfu,dlinear,spring_2024,432,18,25.04002372369497,18.0,7.0400237236949685
augsburg_lfu,dlinear,spring_2024,433,18,23.60762467121224,18.0,5.607624671212239
augsburg_lfu,dlinear,spring_2024,434,18,22.538116473135734,18.0,4.538116473135734
augsburg_lfu,dlinear,spring_2024,435,18,21.723752414637516,17.0,4.7237524146375165
augsburg_lfu,dlinear,spring_2024,436,18,21.507499917420777,16.0,5.507499917420777
augsburg_lfu,dlinear,spring_2024,437,18,21.714429183399577,15.0,6.714429183399577
augsburg_lfu,dlinear,spring_2024,438,18,22.198282707212698,15.0,7.198282707212698
augsburg_lfu,dlinear,spring_2024,439,18,22.45319239594707,11.0,11.45319239594707
augsburg_lfu,dlinear,spring_2024,440,18,22.236416029772286,11.0,11.236416029772286
augsburg_lfu,dlinear,spring_2024,441,18,20.910913447130458,11.0,9.910913447130458
augsburg_lfu,dlinear,spring_2024,442,18,20.035324444411465,11.0,9.035324444411465
augsburg_lfu,dlinear,spring_2024,443,18,18.930611258900697,11.0,7.930611258900697
augsburg_lfu,dlinear,spring_2024,444,18,18.06964398123342,7.0,11.069643981233419
augsburg_lfu,dlinear,spring_2024,445,18,16.326439999449537,5.0,11.326439999449537
augsburg_lfu,dlinear,spring_2024,446,18,13.900725613742583,4.0,9.900725613742583
augsburg_lfu,dlinear,spring_2024,447,18,11.226533355709998,4.0,7.226533355709998
augsburg_lfu,dlinear,spring_2024,448,18,9.058711104981814,3.0,6.058711104981814
augsburg_lfu,dlinear,spring_2024,449,18,7.811117464397642,3.0,4.811117464397642
augsburg_lfu,dlinear,spring_2024,450,18,6.69272457052222,3.0,3.69272457052222
augsburg_lfu,dlinear,spring_2024,451,18,5.874269752768708,2.0,3.8742697527687078
augsburg_lfu,dlinear,spring_2024,452,18,5.374573337235444,2.0,3.374573337235444
augsburg_lfu,dlinear,spring_2024,453,18,4.662349456894672,2.0,2.662349456894672
augsburg_lfu,dlinear,spring_2024,454,18,3.9116823438373416,2.0,1.9116823438373416
augsburg_lfu,dlinear,spring_2024,455,18,3.10790242992514,2.0,1.10790242992514
augsburg_lfu,dlinear,spring_2024,456,19,2.417977999459321,3.0,0.5820220005406789
augsburg_lfu,dlinear,spring_2024,457,19,1.8604597327719257,3.0,1.1395402672280743
augsburg_lfu,dlinear,spring_2024,458,19,1.4148700983745564,3.0,1.5851299016254436
augsburg_lfu,dlinear,spring_2024,459,19,1.190157315319906,3.0,1.809842684680094
augsburg_lfu,dlinear,spring_2024,460,19,1.2643381161270426,3.0,1.7356618838729574
augsburg_lfu,dlinear,spring_2024,461,19,1.5783779039796664,3.0,1.4216220960203336
augsburg_lfu,dlinear,spring_2024,462,19,1.9139565049186646,3.0,1.0860434950813354
augsburg_lfu,dlinear,spring_2024,463,19,2.1500657861065404,3.0,0.8499342138934596
augsburg_lfu,dlinear,spring_2024,464,19,2.273906315824621,3.0,0.7260936841753791
augsburg_lfu,dlinear,spring_2024,465,19,2.2592259053107338,3.0,0.7407740946892662
augsburg_lfu,dlinear,spring_2024,466,19,2.5171893871762556,4.0,1.4828106128237444
augsburg_lfu,dlinear,spring_2024,467,19,2.8120283234571692,3.0,0.18797167654283076
augsburg_lfu,dlinear,spring_2024,468,19,3.110683646853093,3.0,0.11068364685309318
augsburg_lfu,dlinear,spring_2024,469,19,3.5740434713759908,4.0,0.42595652862400923
augsburg_lfu,dlinear,spring_2024,470,19,3.77968989568319,5.0,1.2203101043168099
augsburg_lfu,dlinear,spring_2024,471,19,3.9798451076891617,5.0,1.0201548923108383
augsburg_lfu,dlinear,spring_2024,472,19,4.18884601245209,5.0,0.8111539875479101
augsburg_lfu,dlinear,spring_2024,473,19,4.487720986107428,4.0,0.4877209861074281
augsburg_lfu,dlinear,spring_2024,474,19,5.0172500401887214,5.0,0.01725004018872145
augsburg_lfu,dlinear,spring_2024,475,19,6.025498485293028,7.0,0.9745015147069722
augsburg_lfu,dlinear,spring_2024,476,19,7.193030320969894,14.0,6.806969679030106
augsburg_lfu,dlinear,spring_2024,477,19,8.219437901379623,7.0,1.2194379013796226
augsburg_lfu,dlinear,spring_2024,478,19,8.581824464972218,5.0,3.581824464972218
augsburg_lfu,dlinear,spring_2024,479,19,8.322248565511238,4.0,4.322248565511238
augsburg_lfu,dlinear,spring_2024,480,20,8.13175761749111,7.0,1.1317576174911093
augsburg_lfu,dlinear,spring_2024,481,20,7.635982864017137,6.0,1.6359828640171372
augsburg_lfu,dlinear,spring_2024,482,20,7.355406101031885,6.0,1.3554061010318854
augsburg_lfu,dlinear,spring_2024,483,20,7.2191426328495085,6.0,1.2191426328495085
augsburg_lfu,dlinear,spring_2024,484,20,7.2242506162137,6.0,1.2242506162137001
augsburg_lfu,dlinear,spring_2024,485,20,7.411716050578676,6.0,1.4117160505786757
augsburg_lfu,dlinear,spring_2024,486,20,7.511004541453943,6.0,1.5110045414539428
augsburg_lfu,dlinear,spring_2024,487,20,8.07148029405853,7.0,1.0714802940585297
augsburg_lfu,dlinear,spring_2024,488,20,8.510669569667954,8.0,0.5106695696679537
augsburg_lfu,dlinear,spring_2024,489,20,8.247875859141804,8.0,0.24787585914180355
augsburg_lfu,dlinear,spring_2024,490,20,7.719475043218977,8.0,0.28052495678102307
augsburg_lfu,dlinear,spring_2024,491,20,7.264892026820006,9.0,1.7351079731799937
augsburg_lfu,dlinear,spring_2024,492,20,7.227746099240691,9.0,1.772253900759309
augsburg_lfu,dlinear,spring_2024,493,20,7.142191741255882,9.0,1.857808258744118
augsburg_lfu,dlinear,spring_2024,494,20,7.082178384542093,9.0,1.9178216154579069
augsburg_lfu,dlinear,spring_2024,495,20,7.340216077873332,9.0,1.6597839221266684
augsburg_lfu,dlinear,spring_2024,496,20,7.862552694048494,10.0,2.137447305951506
augsburg_lfu,dlinear,spring_2024,497,20,8.629512213231411,9.0,0.37048778676858873
augsburg_lfu,dlinear,spring_2024,498,20,9.576524356717218,9.0,0.5765243567172185
augsburg_lfu,dlinear,spring_2024,499,20,11.079840402613966,8.0,3.079840402613966
augsburg_lfu,dlinear,spring_2024,500,20,13.193619260783265,11.0,2.193619260783265
augsburg_lfu,dlinear,spring_2024,501,20,14.58417828465534,11.0,3.5841782846553407
augsburg_lfu,dlinear,spring_2024,502,20,15.169194131287675,10.0,5.169194131287675
augsburg_lfu,dlinear,spring_2024,503,20,15.170800580243446,9.0,6.170800580243446
augsburg_lfu,dlinear,spring_2024,504,21,13.68251320207696,10.0,3.6825132020769598
augsburg_lfu,dlinear,spring_2024,505,21,12.624793102588303,14.0,1.3752068974116973
augsburg_lfu,dlinear,spring_2024,506,21,11.68061146317008,13.0,1.3193885368299192
augsburg_lfu,dlinear,spring_2024,507,21,11.31612206027507,14.0,2.6838779397249297
augsburg_lfu,dlinear,spring_2024,508,21,11.083382268965597,16.0,4.916617731034403
augsburg_lfu,dlinear,spring_2024,509,21,11.14903499599491,16.0,4.85096500400509
augsburg_lfu,dlinear,spring_2024,510,21,11.095696806967068,16.0,4.904303193032932
augsburg_lfu,dlinear,spring_2024,511,21,10.844920153074252,16.0,5.155079846925748
augsburg_lfu,dlinear,spring_2024,512,21,10.584295803924247,17.0,6.415704196075753
augsburg_lfu,dlinear,spring_2024,513,21,10.712235066837026,16.0,5.287764933162974
augsburg_lfu,dlinear,spring_2024,514,21,10.403540873183935,15.0,4.596459126816065
augsburg_lfu,dlinear,spring_2024,515,21,10.361558597807818,13.0,2.638441402192182
augsburg_lfu,dlinear,spring_2024,516,21,10.059560811164582,13.0,2.940439188835418
augsburg_lfu,dlinear,spring_2024,517,21,10.102259194727578,13.0,2.897740805272422
augsburg_lfu,dlinear,spring_2024,518,21,10.226653410934741,10.0,0.22665341093474112
augsburg_lfu,dlinear,spring_2024,519,21,10.138448750428859,8.0,2.138448750428859
augsburg_lfu,dlinear,spring_2024,520,21,10.090361882958387,6.0,4.090361882958387
augsburg_lfu,dlinear,spring_2024,521,21,9.94768850099911,8.0,1.94768850099911
augsburg_lfu,dlinear,spring_2024,522,21,10.67914860638687,9.0,1.6791486063868692
augsburg_lfu,dlinear,spring_2024,523,21,12.712997912616625,8.0,4.7129979126166255
augsburg_lfu,dlinear,spring_2024,524,21,14.428733538146815,9.0,5.428733538146815
augsburg_lfu,dlinear,spring_2024,525,21,16.680434288797336,12.0,4.680434288797336
augsburg_lfu,dlinear,spring_2024,526,21,18.721143286212307,11.0,7.721143286212307
augsburg_lfu,dlinear,spring_2024,527,21,20.207934853083252,12.0,8.207934853083252
augsburg_lfu,dlinear,spring_2024,528,22,19.917624051872668,14.0,5.917624051872668
augsburg_lfu,dlinear,spring_2024,529,22,18.589222992774232,13.0,5.589222992774232
augsburg_lfu,dlinear,spring_2024,530,22,17.27950818733587,13.0,4.279508187335871
augsburg_lfu,dlinear,spring_2024,531,22,16.258483524185007,13.0,3.2584835241850065
augsburg_lfu,dlinear,spring_2024,532,22,15.542495135720223,13.0,2.5424951357202232
augsburg_lfu,dlinear,spring_2024,533,22,14.53413673138466,12.0,2.5341367313846597
augsburg_lfu,dlinear,spring_2024,534,22,13.25027708302634,12.0,1.25027708302634
augsburg_lfu,dlinear,spring_2024,535,22,11.624710357789066,10.0,1.6247103577890663
augsburg_lfu,dlinear,spring_2024,536,22,9.819888238822138,9.0,0.8198882388221378
augsburg_lfu,dlinear,spring_2024,537,22,8.494825947751895,9.0,0.5051740522481047
augsburg_lfu,dlinear,spring_2024,538,22,8.023461333687115,11.0,2.9765386663128854
augsburg_lfu,dlinear,spring_2024,539,22,8.042454223525512,10.0,1.957545776474488
augsburg_lfu,dlinear,spring_2024,540,22,7.871877752962678,9.0,1.1281222470373216
augsburg_lfu,dlinear,spring_2024,541,22,7.624694796184575,7.0,0.624694796184575
augsburg_lfu,dlinear,spring_2024,542,22,7.228702383079002,7.0,0.2287023830790016
augsburg_lfu,dlinear,spring_2024,543,22,6.725216749201856,6.0,0.7252167492018557
augsburg_lfu,dlinear,spring_2024,544,22,6.574520372922521,6.0,0.574520372922521
augsburg_lfu,dlinear,spring_2024,545,22,6.899087728113588,6.0,0.8990877281135878
augsburg_lfu,dlinear,spring_2024,546,22,8.245166883826984,7.0,1.2451668838269843
augsburg_lfu,dlinear,spring_2024,547,22,10.91870527806586,10.0,0.9187052780658593
augsburg_lfu,dlinear,spring_2024,548,22,14.351959596461475,15.0,0.6480404035385252
augsburg_lfu,dlinear,spring_2024,549,22,17.346580210323992,12.0,5.346580210323992
augsburg_lfu,dlinear,spring_2024,550,22,18.436332295903348,10.0,8.436332295903348
augsburg_lfu,dlinear,spring_2024,551,22,17.233997495778556,7.0,10.233997495778556
augsburg_lfu,dlinear,spring_2024,552,23,15.62346759740469,8.0,7.623467597404691
augsburg_lfu,dlinear,spring_2024,553,23,13.522632150701709,8.0,5.522632150701709
augsburg_lfu,dlinear,spring_2024,554,23,11.651156314702328,7.0,4.6511563147023285
augsburg_lfu,dlinear,spring_2024,555,23,10.438648331077122,7.0,3.438648331077122
augsburg_lfu,dlinear,spring_2024,556,23,8.88756127423607,6.0,2.88756127423607
augsburg_lfu,dlinear,spring_2024,557,23,7.9008160882944924,6.0,1.9008160882944924
augsburg_lfu,dlinear,spring_2024,558,23,6.3526706583232055,5.0,1.3526706583232055
augsburg_lfu,dlinear,spring_2024,559,23,4.865676038993486,5.0,0.13432396100651367
augsburg_lfu,dlinear,spring_2024,560,23,3.898263549455118,5.0,1.1017364505448821
augsburg_lfu,dlinear,spring_2024,561,23,3.5939913036432434,5.0,1.4060086963567566
augsburg_lfu,dlinear,spring_2024,562,23,3.672315650233231,6.0,2.327684349766769
augsburg_lfu,dlinear,spring_2024,563,23,3.8910668461111872,7.0,3.1089331538888128
augsburg_lfu,dlinear,spring_2024,564,23,4.296289896793932,7.0,2.7037101032060677
augsburg_lfu,dlinear,spring_2024,565,23,4.932897247295081,8.0,3.067102752704919
augsburg_lfu,dlinear,spring_2024,566,23,5.270663807669882,8.0,2.729336192330118
augsburg_lfu,dlinear,spring_2024,567,23,5.673642467145472,8.0,2.3263575328545283
augsburg_lfu,dlinear,spring_2024,568,23,6.226698360395627,8.0,1.773301639604373
augsburg_lfu,dlinear,spring_2024,569,23,7.096935450242893,9.0,1.903064549757107
augsburg_lfu,dlinear,spring_2024,570,23,8.603589739032564,9.0,0.3964102609674356
augsburg_lfu,dlinear,spring_2024,571,23,10.274174613132695,10.0,0.2741746131326952
augsburg_lfu,dlinear,spring_2024,572,23,11.66733613535933,10.0,1.6673361353593297
augsburg_lfu,dlinear,spring_2024,573,23,12.708744118223095,10.0,2.7087441182230947
augsburg_lfu,dlinear,spring_2024,574,23,13.95544788460701,9.0,4.955447884607009
augsburg_lfu,dlinear,spring_2024,575,23,14.862193477480018,9.0,5.862193477480018
augsburg_lfu,dlinear,spring_2024,576,24,14.372132855913266,9.0,5.372132855913266
augsburg_lfu,dlinear,spring_2024,577,24,12.992751754283589,8.0,4.992751754283589
augsburg_lfu,dlinear,spring_2024,578,24,11.189909649457643,7.0,4.189909649457643
augsburg_lfu,dlinear,spring_2024,579,24,9.358893185123904,6.0,3.358893185123904
augsburg_lfu,dlinear,spring_2024,580,24,7.396289425819819,6.0,1.3962894258198189
augsburg_lfu,dlinear,spring_2024,581,24,6.560892254057692,6.0,0.5608922540576922
augsburg_lfu,dlinear,spring_2024,582,24,6.723340155189146,6.0,0.7233401551891463
augsburg_lfu,dlinear,spring_2024,583,24,6.88250013775876,7.0,0.11749986224123976
augsburg_lfu,dlinear,spring_2024,584,24,7.061691072444097,7.0,0.06169107244409666
augsburg_lfu,dlinear,spring_2024,585,24,7.218666070253498,7.0,0.21866607025349794
augsburg_lfu,dlinear,spring_2024,586,24,7.371262462777579,7.0,0.3712624627775787
augsburg_lfu,dlinear,spring_2024,587,24,7.041921680403776,4.0,3.0419216804037763
augsburg_lfu,dlinear,spring_2024,588,24,6.336884930645419,4.0,2.336884930645419
augsburg_lfu,dlinear,spring_2024,589,24,5.81013483672491,5.0,0.8101348367249104
augsburg_lfu,dlinear,spring_2024,590,24,5.497606361196067,6.0,0.502393638803933
augsburg_lfu,dlinear,spring_2024,591,24,5.305195656399866,6.0,0.6948043436001337
augsburg_lfu,dlinear,spring_2024,592,24,5.054817445937787,5.0,0.054817445937787035
augsburg_lfu,dlinear,spring_2024,593,24,5.195052869017699,5.0,0.19505286901769914
augsburg_lfu,dlinear,spring_2024,594,24,5.408692000327764,4.0,1.4086920003277639
augsburg_lfu,dlinear,spring_2024,595,24,5.450580251933598,4.0,1.450580251933598
augsburg_lfu,dlinear,spring_2024,596,24,5.4311690577990515,4.0,1.4311690577990515
augsburg_lfu,dlinear,spring_2024,597,24,5.492400022011258,3.0,2.4924000220112577
augsburg_lfu,dlinear,spring_2024,598,24,5.3752291474440375,3.0,2.3752291474440375
augsburg_lfu,dlinear,spring_2024,599,24,5.590326803432518,2.0,3.590326803432518
augsburg_lfu,dlinear,spring_2024,600,25,4.442063281854498,2.0,2.442063281854498
augsburg_lfu,dlinear,spring_2024,601,25,3.027682854525457,2.0,1.027682854525457
augsburg_lfu,dlinear,spring_2024,602,25,1.7661977508369038,2.0,0.23380224916309622
augsburg_lfu,dlinear,spring_2024,603,25,0.9537645743146022,2.0,1.0462354256853978
augsburg_lfu,dlinear,spring_2024,604,25,0.5446180312338109,2.0,1.455381968766189
augsburg_lfu,dlinear,spring_2024,605,25,0.3880463393931739,1.0,0.6119536606068261
augsburg_lfu,dlinear,spring_2024,606,25,0.46115821577796856,1.0,0.5388417842220314
augsburg_lfu,dlinear,spring_2024,607,25,0.4003569870205015,1.0,0.5996430129794985
augsburg_lfu,dlinear,spring_2024,608,25,0.534743595077322,1.0,0.46525640492267795
augsburg_lfu,dlinear,spring_2024,609,25,0.3915937652638748,2.0,1.6084062347361252
augsburg_lfu,dlinear,spring_2024,610,25,0.6301222149916561,2.0,1.369877785008344
augsburg_lfu,dlinear,spring_2024,611,25,1.1446623774483609,2.0,0.8553376225516391
augsburg_lfu,dlinear,spring_2024,612,25,1.568154958615246,3.0,1.431845041384754
augsburg_lfu,dlinear,spring_2024,613,25,1.9096240933211996,2.0,0.09037590667880036
augsburg_lfu,dlinear,spring_2024,614,25,2.143894002554794,3.0,0.8561059974452059
augsburg_lfu,dlinear,spring_2024,615,25,2.6880859919977573,3.0,0.31191400800224267
augsburg_lfu,dlinear,spring_2024,616,25,3.071186375053102,3.0,0.07118637505310188
augsburg_lfu,dlinear,spring_2024,617,25,3.2619412430269223,3.0,0.26194124302692234
augsburg_lfu,dlinear,spring_2024,618,25,3.5978359880052357,2.0,1.5978359880052357
augsburg_lfu,dlinear,spring_2024,619,25,3.8483720445200387,2.0,1.8483720445200387
augsburg_lfu,dlinear,spring_2024,620,25,4.09348572165961,2.0,2.0934857216596097
augsburg_lfu,dlinear,spring_2024,621,25,4.047573339205527,2.0,2.0475733392055266
augsburg_lfu,dlinear,spring_2024,622,25,3.61916014640534,2.0,1.6191601464053398
augsburg_lfu,dlinear,spring_2024,623,25,2.863248327801431,2.0,0.8632483278014309
augsburg_lfu,dlinear,spring_2024,624,26,1.8925608920500843,1.0,0.8925608920500843
augsburg_lfu,dlinear,spring_2024,625,26,0.9465488004118501,1.0,0.05345119958814992
augsburg_lfu,dlinear,spring_2024,626,26,0.1588314600742895,1.0,0.8411685399257105
augsburg_lfu,dlinear,spring_2024,627,26,0.06437743304437116,1.0,0.9356225669556288
augsburg_lfu,dlinear,spring_2024,628,26,-0.00853178751951389,1.0,1.008531787519514
augsburg_lfu,dlinear,spring_2024,629,26,0.22184634659790636,1.0,0.7781536534020936
augsburg_lfu,dlinear,spring_2024,630,26,0.49656754295162764,1.0,0.5034324570483724
augsburg_lfu,dlinear,spring_2024,631,26,0.5180986818196667,1.0,0.4819013181803333
augsburg_lfu,dlinear,spring_2024,632,26,0.2930498214708699,1.0,0.7069501785291301
augsburg_lfu,dlinear,spring_2024,633,26,0.3179732838387077,2.0,1.6820267161612923
augsburg_lfu,dlinear,spring_2024,634,26,0.5482863705635563,2.0,1.4517136294364437
augsburg_lfu,dlinear,spring_2024,635,26,1.0329058618789067,2.0,0.9670941381210933
augsburg_lfu,dlinear,spring_2024,636,26,1.3561674155183894,2.0,0.6438325844816106
augsburg_lfu,dlinear,spring_2024,637,26,2.333272921912945,2.0,0.3332729219129451
augsburg_lfu,dlinear,spring_2024,638,26,2.381872920742269,2.0,0.3818729207422691
augsburg_lfu,dlinear,spring_2024,639,26,2.480227106564805,2.0,0.48022710656480516
augsburg_lfu,dlinear,spring_2024,640,26,2.5806609401518354,2.0,0.5806609401518354
augsburg_lfu,dlinear,spring_2024,641,26,2.8690558675634494,2.0,0.8690558675634494
augsburg_lfu,dlinear,spring_2024,642,26,3.485478992627666,2.0,1.485478992627666
augsburg_lfu,dlinear,spring_2024,643,26,3.867540864326637,2.0,1.867540864326637
augsburg_lfu,dlinear,spring_2024,644,26,4.135514814577301,2.0,2.1355148145773013
augsburg_lfu,dlinear,spring_2024,645,26,4.299043399874417,2.0,2.2990433998744173
augsburg_lfu,dlinear,spring_2024,646,26,4.275920879826673,2.0,2.275920879826673
augsburg_lfu,dlinear,spring_2024,647,26,4.138902613889794,2.0,2.138902613889794
augsburg_lfu,dlinear,spring_2024,648,27,3.8020708038499698,2.0,1.8020708038499698
augsburg_lfu,dlinear,spring_2024,649,27,3.2202815537622103,2.0,1.2202815537622103
augsburg_lfu,dlinear,spring_2024,650,27,2.5368576518433503,2.0,0.5368576518433503
augsburg_lfu,dlinear,spring_2024,651,27,2.3102969779923868,2.0,0.31029697799238676
augsburg_lfu,dlinear,spring_2024,652,27,2.566148644216459,2.0,0.5661486442164589
augsburg_lfu,dlinear,spring_2024,653,27,2.9865156846863514,3.0,0.013484315313648576
augsburg_lfu,dlinear,spring_2024,654,27,3.488848874911778,3.0,0.4888488749117781
augsburg_lfu,dlinear,spring_2024,655,27,3.6614690355999575,3.0,0.6614690355999575
augsburg_lfu,dlinear,spring_2024,656,27,3.5736102916318355,3.0,0.5736102916318355
augsburg_lfu,dlinear,spring_2024,657,27,3.580374631629123,3.0,0.5803746316291232
augsburg_lfu,dlinear,spring_2024,658,27,3.4081773283091668,3.0,0.40817732830916675
augsburg_lfu,dlinear,spring_2024,659,27,3.2977730019310636,2.0,1.2977730019310636
augsburg_lfu,dlinear,spring_2024,660,27,2.967433915156378,3.0,0.032566084843622
augsburg_lfu,dlinear,spring_2024,661,27,2.9058177981259674,3.0,0.09418220187403259
augsburg_lfu,dlinear,spring_2024,662,27,2.6953378780270016,3.0,0.30466212197299836
augsburg_lfu,dlinear,spring_2024,663,27,2.88238860185877,3.0,0.1176113981412299
augsburg_lfu,dlinear,spring_2024,664,27,3.360764165757495,3.0,0.3607641657574949
augsburg_lfu,dlinear,spring_2024,665,27,3.3523848402543877,3.0,0.35238484025438765
augsburg_lfu,dlinear,spring_2024,666,27,3.6346897842069623,3.0,0.6346897842069623
augsburg_lfu,dlinear,spring_2024,667,27,4.389379409372319,3.0,1.389379409372319
augsburg_lfu,dlinear,spring_2024,668,27,4.805151796542045,2.0,2.805151796542045
augsburg_lfu,dlinear,spring_2024,669,27,4.863188577109534,2.0,2.8631885771095336
augsburg_lfu,dlinear,spring_2024,670,27,4.671813011051772,2.0,2.671813011051772
augsburg_lfu,dlinear,spring_2024,671,27,4.135882869830881,2.0,2.1358828698308807
augsburg_lfu,dlinear,spring_2024,672,28,3.553521958517212,2.0,1.5535219585172122
augsburg_lfu,dlinear,spring_2024,673,28,2.8894123045628533,2.0,0.8894123045628533
augsburg_lfu,dlinear,spring_2024,674,28,2.521893152744541,3.0,0.47810684725545904
augsburg_lfu,dlinear,spring_2024,675,28,2.5217323022054643,4.0,1.4782676977945357
augsburg_lfu,dlinear,spring_2024,676,28,2.9184699218085477,4.0,1.0815300781914523
augsburg_lfu,dlinear,spring_2024,677,28,3.6934813545122895,4.0,0.30651864548771046
augsburg_lfu,dlinear,spring_2024,678,28,4.331660285401542,4.0,0.3316602854015418
augsburg_lfu,dlinear,spring_2024,679,28,4.601730425116482,4.0,0.6017304251164823
augsburg_lfu,dlinear,spring_2024,680,28,4.680807718052675,4.0,0.6808077180526748
augsburg_lfu,dlinear,spring_2024,681,28,4.222619276254,3.0,1.222619276254
augsburg_lfu,dlinear,spring_2024,682,28,3.826982062750926,3.0,0.8269820627509259
augsburg_lfu,dlinear,spring_2024,683,28,3.3191782273921326,3.0,0.31917822739213264
augsburg_lfu,dlinear,spring_2024,684,28,2.700530282241498,3.0,0.2994697177585022
augsburg_lfu,dlinear,spring_2024,685,28,2.2708115318180466,3.0,0.7291884681819534
augsburg_lfu,dlinear,spring_2024,686,28,1.9050666965526244,4.0,2.094933303447376
augsburg_lfu,dlinear,spring_2024,687,28,1.5316330400262186,3.0,1.4683669599737814
augsburg_lfu,dlinear,spring_2024,688,28,1.3206198824636066,3.0,1.6793801175363934
augsburg_lfu,dlinear,spring_2024,689,28,1.1708184895733718,2.0,0.8291815104266282
augsburg_lfu,dlinear,spring_2024,690,28,1.2033634809040599,2.0,0.7966365190959401
augsburg_lfu,dlinear,spring_2024,691,28,1.407444176240688,2.0,0.592555823759312
augsburg_lfu,dlinear,spring_2024,692,28,1.4863124584131389,2.0,0.5136875415868611
augsburg_lfu,dlinear,spring_2024,693,28,1.540666082465954,2.0,0.45933391753404607
augsburg_lfu,dlinear,spring_2024,694,28,1.4669831250222742,1.0,0.46698312502227424
augsburg_lfu,dlinear,spring_2024,695,28,1.14884645383795,1.0,0.14884645383794992
augsburg_lfu,dlinear,spring_2024,696,29,0.8940510433159112,1.0,0.10594895668408877
augsburg_lfu,dlinear,spring_2024,697,29,0.6990494620359065,1.0,0.30095053796409355
augsburg_lfu,dlinear,spring_2024,698,29,0.48789153757393167,1.0,0.5121084624260683
augsburg_lfu,dlinear,spring_2024,699,29,0.3549450638236764,2.0,1.6450549361763236
augsburg_lfu,dlinear,spring_2024,700,29,0.33523193281778374,1.0,0.6647680671822163
augsburg_lfu,dlinear,spring_2024,701,29,0.5077312889584236,2.0,1.4922687110415764
augsburg_lfu,dlinear,spring_2024,702,29,0.7257662117181034,1.0,0.2742337882818966
augsburg_lfu,dlinear,spring_2024,703,29,0.7821409990580221,1.0,0.21785900094197785
augsburg_lfu,dlinear,spring_2024,704,29,0.662928964746206,1.0,0.337071035253794
augsburg_lfu,dlinear,spring_2024,705,29,0.6043927116440453,1.0,0.3956072883559547
augsburg_lfu,dlinear,spring_2024,706,29,0.6665645963387612,2.0,1.3334354036612388
augsburg_lfu,dlinear,spring_2024,707,29,0.8636096160632696,2.0,1.1363903839367304
augsburg_lfu,dlinear,spring_2024,708,29,0.7278534600857918,2.0,1.2721465399142082
augsburg_lfu,dlinear,spring_2024,709,29,1.2013366806184904,3.0,1.7986633193815096
augsburg_lfu,dlinear,spring_2024,710,29,1.5013316069620197,2.0,0.4986683930379803
augsburg_lfu,dlinear,spring_2024,711,29,2.04984857050138,2.0,0.04984857050137981
augsburg_lfu,dlinear,spring_2024,712,29,2.3281843751729268,2.0,0.32818437517292676
augsburg_lfu,dlinear,spring_2024,713,29,2.6977063562347734,3.0,0.3022936437652266
augsburg_lfu,dlinear,spring_2024,714,29,3.2939619797898763,3.0,0.29396197978987626
augsburg_lfu,dlinear,spring_2024,715,29,4.1873338009226755,3.0,1.1873338009226755
augsburg_lfu,dlinear,spring_2024,716,29,4.859135112108395,3.0,1.8591351121083948
augsburg_lfu,dlinear,spring_2024,717,29,5.08767485796897,2.0,3.0876748579689703
augsburg_lfu,dlinear,spring_2024,718,29,4.966735471478608,2.0,2.966735471478608
augsburg_lfu,dlinear,spring_2024,719,29,4.589377576036378,2.0,2.5893775760363784
augsburg_lfu,dlinear,spring_2024,720,30,4.163744770563296,2.0,2.163744770563296
augsburg_lfu,dlinear,spring_2024,721,30,3.9838721795739342,2.0,1.9838721795739342
augsburg_lfu,dlinear,spring_2024,722,30,3.6224489682988796,3.0,0.6224489682988796
augsburg_lfu,dlinear,spring_2024,723,30,3.237482189243686,2.0,1.237482189243686
augsburg_lfu,dlinear,spring_2024,724,30,3.1808720320559165,2.0,1.1808720320559165
augsburg_lfu,dlinear,spring_2024,725,30,3.0925819824027174,2.0,1.0925819824027174
augsburg_lfu,dlinear,spring_2024,726,30,2.859255048600999,2.0,0.8592550486009989
augsburg_lfu,dlinear,spring_2024,727,30,2.5619235297569745,2.0,0.5619235297569745
augsburg_lfu,dlinear,spring_2024,728,30,2.268126855236228,2.0,0.26812685523622815
augsburg_lfu,dlinear,spring_2024,729,30,1.8065157268196983,2.0,0.1934842731803017
augsburg_lfu,dlinear,spring_2024,730,30,1.9833399286375666,1.0,0.9833399286375666
augsburg_lfu,dlinear,spring_2024,731,30,1.9116746545674834,1.0,0.9116746545674834
augsburg_lfu,dlinear,spring_2024,732,30,1.6429765660586169,2.0,0.35702343394138314
augsburg_lfu,dlinear,spring_2024,733,30,1.8857611217979633,2.0,0.11423887820203671
augsburg_lfu,dlinear,spring_2024,734,30,1.8562455574138788,2.0,0.14375444258612124
augsburg_lfu,dlinear,spring_2024,735,30,1.647554098569312,2.0,0.352445901430688
augsburg_lfu,dlinear,spring_2024,736,30,1.7381144137985811,2.0,0.2618855862014189
augsburg_lfu,dlinear,spring_2024,737,30,2.1343300119381743,2.0,0.1343300119381743
augsburg_lfu,dlinear,spring_2024,738,30,2.7632564650903078,2.0,0.7632564650903078
augsburg_lfu,dlinear,spring_2024,739,30,3.5296004339203906,2.0,1.5296004339203906
augsburg_lfu,dlinear,spring_2024,740,30,3.8603640974672286,2.0,1.8603640974672286
augsburg_lfu,dlinear,spring_2024,741,30,3.773203319458893,2.0,1.7732033194588932
augsburg_lfu,dlinear,spring_2024,742,30,3.233576495384394,2.0,1.2335764953843942
augsburg_lfu,dlinear,spring_2024,743,30,2.7154334562836504,2.0,0.7154334562836504
augsburg_lfu,dlinear,spring_2024,744,31,2.1358134198160466,4.0,1.8641865801839534
augsburg_lfu,dlinear,spring_2024,745,31,1.6145477939259667,4.0,2.3854522060740333
augsburg_lfu,dlinear,spring_2024,746,31,1.526571088504702,4.0,2.473428911495298
augsburg_lfu,dlinear,spring_2024,747,31,2.0372341902195332,4.0,1.9627658097804668
augsburg_lfu,dlinear,spring_2024,748,31,2.754781771066082,4.0,1.245218228933918
augsburg_lfu,dlinear,spring_2024,749,31,3.5291042373192623,4.0,0.47089576268073774
augsburg_lfu,dlinear,spring_2024,750,31,4.348860793130411,5.0,0.6511392068695887
augsburg_lfu,dlinear,spring_2024,751,31,4.895159095527839,5.0,0.10484090447216143
augsburg_lfu,dlinear,spring_2024,752,31,5.23819559572572,5.0,0.23819559572571958
augsburg_lfu,dlinear,spring_2024,753,31,5.062551689572021,6.0,0.9374483104279792
augsburg_lfu,dlinear,spring_2024,754,31,5.016832936538921,6.0,0.983167063461079
augsburg_lfu,dlinear,spring_2024,755,31,5.090460197464113,6.0,0.9095398025358872
augsburg_lfu,dlinear,spring_2024,756,31,5.462357973736594,5.0,0.4623579737365944
augsburg_lfu,dlinear,spring_2024,757,31,5.647690555039114,5.0,0.6476905550391141
augsburg_lfu,dlinear,spring_2024,758,31,5.459177902330844,5.0,0.4591779023308442
augsburg_lfu,dlinear,spring_2024,759,31,5.416717733538536,5.0,0.4167177335385359
augsburg_lfu,dlinear,spring_2024,760,31,5.540624134904528,5.0,0.5406241349045278
augsburg_lfu,dlinear,spring_2024,761,31,5.469639593423184,5.0,0.4696395934231843
augsburg_lfu,dlinear,spring_2024,762,31,5.303838959791058,5.0,0.303838959791058
augsburg_lfu,dlinear,spring_2024,763,31,5.362438296514595,5.0,0.36243829651459514
augsburg_lfu,dlinear,spring_2024,764,31,5.26668751266425,5.0,0.26668751266424984
augsburg_lfu,dlinear,spring_2024,765,31,5.069942433107604,5.0,0.06994243310760417
augsburg_lfu,dlinear,spring_2024,766,31,4.914398262937336,5.0,0.08560173706266383
augsburg_lfu,dlinear,spring_2024,767,31,4.811824162536308,6.0,1.1881758374636924
augsburg_lfu,dlinear,spring_2024,768,32,4.571684795226126,7.0,2.428315204773874
augsburg_lfu,dlinear,spring_2024,769,32,4.435801281915886,8.0,3.564198718084114
augsburg_lfu,dlinear,spring_2024,770,32,4.700478625379934,8.0,3.299521374620066
augsburg_lfu,dlinear,spring_2024,771,32,5.127863507455966,8.0,2.8721364925440342
augsburg_lfu,dlinear,spring_2024,772,32,5.85850969654783,8.0,2.14149030345217
augsburg_lfu,dlinear,spring_2024,773,32,6.53143511968049,8.0,1.4685648803195104
augsburg_lfu,dlinear,spring_2024,774,32,7.155982339744674,8.0,0.844017660255326
augsburg_lfu,dlinear,spring_2024,775,32,7.568280342962512,8.0,0.4317196570374877
augsburg_lfu,dlinear,spring_2024,776,32,7.439602586332713,7.0,0.4396025863327129
augsburg_lfu,dlinear,spring_2024,777,32,7.328389621284805,7.0,0.3283896212848054
augsburg_lfu,dlinear,spring_2024,778,32,7.025210508530568,7.0,0.025210508530568276
augsburg_lfu,dlinear,spring_2024,779,32,7.095342836696605,7.0,0.09534283669660493
augsburg_lfu,dlinear,spring_2024,780,32,6.880015536282759,7.0,0.11998446371724114
augsburg_lfu,dlinear,spring_2024,781,32,6.941314418301879,7.0,0.058685581698121325
augsburg_lfu,dlinear,spring_2024,782,32,7.386357486479647,8.0,0.6136425135203529
augsburg_lfu,dlinear,spring_2024,783,32,7.916984703935147,9.0,1.0830152960648531
augsburg_lfu,dlinear,spring_2024,784,32,8.308075319419842,9.0,0.6919246805801578
augsburg_lfu,dlinear,spring_2024,785,32,8.584258320275712,9.0,0.4157416797242881
augsburg_lfu,dlinear,spring_2024,786,32,8.869255947513144,9.0,0.13074405248685572
augsburg_lfu,dlinear,spring_2024,787,32,9.49334567745663,10.0,0.5066543225433708
augsburg_lfu,dlinear,spring_2024,788,32,9.709614438189424,9.0,0.7096144381894245
augsburg_lfu,dlinear,spring_2024,789,32,10.077057141382223,9.0,1.0770571413822232
augsburg_lfu,dlinear,spring_2024,790,32,10.137676688336507,9.0,1.1376766883365068
augsburg_lfu,dlinear,spring_2024,791,32,9.962480282299172,10.0,0.03751971770082818
augsburg_lfu,dlinear,spring_2024,792,33,9.57780610930193,9.0,0.57780610930193
augsburg_lfu,dlinear,spring_2024,793,33,8.948733127641667,9.0,0.05126687235833316
augsburg_lfu,dlinear,spring_2024,794,33,8.613070361030365,9.0,0.38692963896963484
augsburg_lfu,dlinear,spring_2024,795,33,8.795100624944816,10.0,1.2048993750551844
augsburg_lfu,dlinear,spring_2024,796,33,8.971637422556688,10.0,1.0283625774433123
augsburg_lfu,dlinear,spring_2024,797,33,9.226525269979488,10.0,0.7734747300205118
augsburg_lfu,dlinear,spring_2024,798,33,9.542013343069716,10.0,0.4579866569302844
augsburg_lfu,dlinear,spring_2024,799,33,9.370465487818976,9.0,0.3704654878189757
augsburg_lfu,dlinear,spring_2024,800,33,8.742605455201817,6.0,2.742605455201817
augsburg_lfu,dlinear,spring_2024,801,33,7.815523945155111,5.0,2.8155239451551113
augsburg_lfu,dlinear,spring_2024,802,33,7.015001745808581,5.0,2.015001745808581
augsburg_lfu,dlinear,spring_2024,803,33,5.943007144333663,4.0,1.943007144333663
augsburg_lfu,dlinear,spring_2024,804,33,5.4334257469659635,5.0,0.4334257469659635
augsburg_lfu,dlinear,spring_2024,805,33,5.267521074828378,6.0,0.7324789251716224
augsburg_lfu,dlinear,spring_2024,806,33,5.411035244711135,7.0,1.588964755288865
augsburg_lfu,dlinear,spring_2024,807,33,5.760936119126772,6.0,0.23906388087322838
augsburg_lfu,dlinear,spring_2024,808,33,5.637328252024079,5.0,0.6373282520240791
augsburg_lfu,dlinear,spring_2024,809,33,5.535027689967239,4.0,1.5350276899672393
augsburg_lfu,dlinear,spring_2024,810,33,5.209744886200023,4.0,1.2097448862000233
augsburg_lfu,dlinear,spring_2024,811,33,4.906205053442492,4.0,0.9062050534424921
augsburg_lfu,dlinear,spring_2024,812,33,4.633321753241902,4.0,0.6333217532419022
augsburg_lfu,dlinear,spring_2024,813,33,4.194330559965284,3.0,1.1943305599652838
augsburg_lfu,dlinear,spring_2024,814,33,3.5708404237915254,3.0,0.5708404237915254
augsburg_lfu,dlinear,spring_2024,815,33,2.778353367757129,2.0,0.7783533677571288
augsburg_lfu,dlinear,spring_2024,816,34,1.9408553584487003,3.0,1.0591446415512997
augsburg_lfu,dlinear,spring_2024,817,34,1.404231004446764,3.0,1.595768995553236
augsburg_lfu,dlinear,spring_2024,818,34,1.1525572905302623,3.0,1.8474427094697377
augsburg_lfu,dlinear,spring_2024,819,34,1.2593939941650385,3.0,1.7406060058349615
augsburg_lfu,dlinear,spring_2024,820,34,1.6093404808742502,4.0,2.39065951912575
augsburg_lfu,dlinear,spring_2024,821,34,2.284614136554567,4.0,1.7153858634454329
augsburg_lfu,dlinear,spring_2024,822,34,2.6218255290360895,4.0,1.3781744709639105
augsburg_lfu,dlinear,spring_2024,823,34,2.7095199946182102,4.0,1.2904800053817898
augsburg_lfu,dlinear,spring_2024,824,34,2.8985230618217295,4.0,1.1014769381782705
augsburg_lfu,dlinear,spring_2024,825,34,2.840277018162548,4.0,1.1597229818374521
augsburg_lfu,dlinear,spring_2024,826,34,2.7458641255833998,4.0,1.2541358744166002
augsburg_lfu,dlinear,spring_2024,827,34,2.465900089672371,4.0,1.5340999103276292
augsburg_lfu,dlinear,spring_2024,828,34,2.2671605559966794,4.0,1.7328394440033206
augsburg_lfu,dlinear,spring_2024,829,34,2.2719753319192706,4.0,1.7280246680807294
augsburg_lfu,dlinear,spring_2024,830,34,2.2819605994095,4.0,1.7180394005905
augsburg_lfu,dlinear,spring_2024,831,34,2.425243024270636,4.0,1.5747569757293638
augsburg_lfu,dlinear,spring_2024,832,34,2.803366325432492,4.0,1.196633674567508
augsburg_lfu,dlinear,spring_2024,833,34,2.999561489463934,4.0,1.0004385105360658
augsburg_lfu,dlinear,spring_2024,834,34,3.4516009384500888,4.0,0.5483990615499112
augsburg_lfu,dlinear,spring_2024,835,34,4.157232055027686,7.0,2.842767944972314
augsburg_lfu,dlinear,spring_2024,836,34,5.099363013619888,16.0,10.900636986380112
augsburg_lfu,dlinear,spring_2024,837,34,5.996954789658073,7.0,1.0030452103419272
augsburg_lfu,dlinear,spring_2024,838,34,6.40042974930383,6.0,0.4004297493038296
augsburg_lfu,dlinear,spring_2024,839,34,6.9134643172637595,8.0,1.0865356827362405
augsburg_lfu,dlinear,spring_2024,840,35,7.321090640725681,9.0,1.6789093592743187
augsburg_lfu,dlinear,spring_2024,841,35,7.617466986422357,7.0,0.6174669864223574
augsburg_lfu,dlinear,spring_2024,842,35,7.6945426250415725,7.0,0.6945426250415725
augsburg_lfu,dlinear,spring_2024,843,35,7.771918159152625,7.0,0.7719181591526247
augsburg_lfu,dlinear,spring_2024,844,35,7.633382968140005,6.0,1.6333829681400047
augsburg_lfu,dlinear,spring_2024,845,35,7.465492161602832,6.0,1.4654921616028318
augsburg_lfu,dlinear,spring_2024,846,35,6.974440710819955,5.0,1.9744407108199553
augsburg_lfu,dlinear,spring_2024,847,35,5.835206050925584,4.0,1.835206050925584
augsburg_lfu,dlinear,spring_2024,848,35,4.700036550054571,4.0,0.7000365500545707
augsburg_lfu,dlinear,spring_2024,849,35,4.057466264280886,4.0,0.05746626428088586
augsburg_lfu,dlinear,spring_2024,850,35,3.4429852943506427,4.0,0.5570147056493573
augsburg_lfu,dlinear,spring_2024,851,35,3.2012690153657575,5.0,1.7987309846342425
augsburg_lfu,dlinear,spring_2024,852,35,3.1185103050980314,6.0,2.8814896949019686
augsburg_lfu,dlinear,spring_2024,853,35,3.0787645281953244,5.0,1.9212354718046756
augsburg_lfu,dlinear,spring_2024,854,35,3.1005304585469,6.0,2.8994695414531
augsburg_lfu,dlinear,spring_2024,855,35,3.608828085273171,6.0,2.391171914726829
augsburg_lfu,dlinear,spring_2024,856,35,4.077511205976714,7.0,2.9224887940232858
augsburg_lfu,dlinear,spring_2024,857,35,4.453376346134523,7.0,2.5466236538654767
augsburg_lfu,dlinear,spring_2024,858,35,5.321148974028819,7.0,1.6788510259711806
augsburg_lfu,dlinear,spring_2024,859,35,6.47537134975641,7.0,0.5246286502435904
augsburg_lfu,dlinear,spring_2024,860,35,7.647147789051816,7.0,0.6471477890518162
augsburg_lfu,dlinear,spring_2024,861,35,8.790986916877948,6.0,2.790986916877948
augsburg_lfu,dlinear,spring_2024,862,35,10.419041986965807,6.0,4.419041986965807
augsburg_lfu,dlinear,spring_2024,863,35,11.505560395910614,9.0,2.5055603959106136
augsburg_lfu,dlinear,spring_2024,864,36,11.949216990066784,8.0,3.949216990066784
augsburg_lfu,dlinear,spring_2024,865,36,11.325632519625524,6.0,5.325632519625524
augsburg_lfu,dlinear,spring_2024,866,36,10.504994146102579,6.0,4.504994146102579
augsburg_lfu,dlinear,spring_2024,867,36,10.189647167969582,7.0,3.189647167969582
augsburg_lfu,dlinear,spring_2024,868,36,10.090249311903454,8.0,2.090249311903454
augsburg_lfu,dlinear,spring_2024,869,36,9.743484171288321,7.0,2.743484171288321
augsburg_lfu,dlinear,spring_2024,870,36,8.977681733399736,8.0,0.9776817333997361
augsburg_lfu,dlinear,spring_2024,871,36,7.447747446070155,7.0,0.4477474460701547
augsburg_lfu,dlinear,spring_2024,872,36,6.381913053772431,5.0,1.381913053772431
augsburg_lfu,dlinear,spring_2024,873,36,5.42818840684818,5.0,0.4281884068481796
augsburg_lfu,dlinear,spring_2024,874,36,4.606705872601747,5.0,0.39329412739825287
augsburg_lfu,dlinear,spring_2024,875,36,4.231799276776478,5.0,0.7682007232235222
augsburg_lfu,dlinear,spring_2024,876,36,4.3425412122357425,5.0,0.6574587877642575
augsburg_lfu,dlinear,spring_2024,877,36,4.006292521356694,6.0,1.993707478643306
augsburg_lfu,dlinear,spring_2024,878,36,4.2765584223848965,6.0,1.7234415776151035
augsburg_lfu,dlinear,spring_2024,879,36,4.582773332985174,5.0,0.4172266670148259
augsburg_lfu,dlinear,spring_2024,880,36,4.748790137016831,5.0,0.2512098629831687
augsburg_lfu,dlinear,spring_2024,881,36,4.730110745618916,6.0,1.2698892543810842
augsburg_lfu,dlinear,spring_2024,882,36,5.225217982057443,6.0,0.7747820179425569
augsburg_lfu,dlinear,spring_2024,883,36,6.212044806946898,7.0,0.7879551930531017
augsburg_lfu,dlinear,spring_2024,884,36,7.071161162293792,7.0,0.07116116229379177
augsburg_lfu,dlinear,spring_2024,885,36,7.786126030153424,5.0,2.786126030153424
augsburg_lfu,dlinear,spring_2024,886,36,7.909185019796625,4.0,3.9091850197966247
augsburg_lfu,dlinear,spring_2024,887,36,7.748099191272611,4.0,3.748099191272611
augsburg_lfu,dlinear,spring_2024,888,37,7.566123147640431,5.0,2.5661231476404307
augsburg_lfu,dlinear,spring_2024,889,37,7.166985297646075,5.0,2.1669852976460753
augsburg_lfu,dlinear,spring_2024,890,37,6.929434543734503,5.0,1.9294345437345033
augsburg_lfu,dlinear,spring_2024,891,37,7.063868898765726,4.0,3.063868898765726
augsburg_lfu,dlinear,spring_2024,892,37,7.22242981855223,4.0,3.2224298185522304
augsburg_lfu,dlinear,spring_2024,893,37,7.276114508660046,4.0,3.2761145086600463
augsburg_lfu,dlinear,spring_2024,894,37,6.888641605362451,4.0,2.8886416053624506
augsburg_lfu,dlinear,spring_2024,895,37,6.19712026530629,3.0,3.19712026530629
augsburg_lfu,dlinear,spring_2024,896,37,5.061184800414764,3.0,2.0611848004147637
augsburg_lfu,dlinear,spring_2024,897,37,4.041907358417387,3.0,1.0419073584173866
augsburg_lfu,dlinear,spring_2024,898,37,3.52555489439698,4.0,0.4744451056030199
augsburg_lfu,dlinear,spring_2024,899,37,3.2401150432269628,5.0,1.7598849567730372
augsburg_lfu,dlinear,spring_2024,900,37,3.391412826835601,6.0,2.608587173164399
augsburg_lfu,dlinear,spring_2024,901,37,3.731018218718143,6.0,2.268981781281857
augsburg_lfu,dlinear,spring_2024,902,37,4.173649802072176,6.0,1.826350197927824
augsburg_lfu,dlinear,spring_2024,903,37,4.509973738953203,7.0,2.490026261046797
augsburg_lfu,dlinear,spring_2024,904,37,4.968270246846556,7.0,2.031729753153444
augsburg_lfu,dlinear,spring_2024,905,37,5.683173645627614,6.0,0.3168263543723864
augsburg_lfu,dlinear,spring_2024,906,37,6.331442583402393,6.0,0.3314425834023931
augsburg_lfu,dlinear,spring_2024,907,37,7.136277587780325,5.0,2.1362775877803246
augsburg_lfu,dlinear,spring_2024,908,37,7.6927827431626215,4.0,3.6927827431626215
augsburg_lfu,dlinear,spring_2024,909,37,7.778214485618436,3.0,4.778214485618436
augsburg_lfu,dlinear,spring_2024,910,37,7.534275712861712,3.0,4.534275712861712
augsburg_lfu,dlinear,spring_2024,911,37,7.105184346266623,3.0,4.105184346266623
augsburg_lfu,dlinear,spring_2024,912,38,6.261964139984716,2.0,4.261964139984716
augsburg_lfu,dlinear,spring_2024,913,38,5.773933837913817,2.0,3.773933837913817
augsburg_lfu,dlinear,spring_2024,914,38,5.383358009148276,2.0,3.3833580091482762
augsburg_lfu,dlinear,spring_2024,915,38,5.550652041747483,3.0,2.550652041747483
augsburg_lfu,dlinear,spring_2024,916,38,6.024806599212281,3.0,3.0248065992122806
augsburg_lfu,dlinear,spring_2024,917,38,6.647434880505224,3.0,3.647434880505224
augsburg_lfu,dlinear,spring_2024,918,38,6.9157708400595865,3.0,3.9157708400595865
augsburg_lfu,dlinear,spring_2024,919,38,6.965607038973416,4.0,2.965607038973416
augsburg_lfu,dlinear,spring_2024,920,38,7.0983579767526574,4.0,3.0983579767526574
augsburg_lfu,dlinear,spring_2024,921,38,6.294540050960854,3.0,3.294540050960854
augsburg_lfu,dlinear,spring_2024,922,38,5.335072084530103,3.0,2.335072084530103
augsburg_lfu,dlinear,spring_2024,923,38,4.8765689797648015,4.0,0.8765689797648015
augsburg_lfu,dlinear,spring_2024,924,38,4.990829106368564,5.0,0.00917089363143564
augsburg_lfu,dlinear,spring_2024,925,38,5.442832119878898,6.0,0.557167880121102
augsburg_lfu,dlinear,spring_2024,926,38,5.826376965701268,6.0,0.17362303429873194
augsburg_lfu,dlinear,spring_2024,927,38,6.101611048583765,7.0,0.8983889514162353
augsburg_lfu,dlinear,spring_2024,928,38,6.533439619547899,7.0,0.46656038045210124
augsburg_lfu,dlinear,spring_2024,929,38,7.048660796508237,7.0,0.04866079650823707
augsburg_lfu,dlinear,spring_2024,930,38,7.7141955452010516,8.0,0.28580445479894845
augsburg_lfu,dlinear,spring_2024,931,38,8.928661470669217,7.0,1.9286614706692173
augsburg_lfu,dlinear,spring_2024,932,38,10.319003940304732,7.0,3.3190039403047322
augsburg_lfu,dlinear,spring_2024,933,38,11.393669998258437,7.0,4.393669998258437
augsburg_lfu,dlinear,spring_2024,934,38,12.29687558092402,7.0,5.29687558092402
augsburg_lfu,dlinear,spring_2024,935,38,12.589293614157938,7.0,5.589293614157938
augsburg_lfu,dlinear,spring_2024,936,39,12.673112917961959,9.0,3.6731129179619586
augsburg_lfu,dlinear,spring_2024,937,39,12.49917328165868,11.0,1.4991732816586794
augsburg_lfu,dlinear,spring_2024,938,39,12.747945039769434,10.0,2.7479450397694336
augsburg_lfu,dlinear,spring_2024,939,39,13.066631596639109,9.0,4.066631596639109
augsburg_lfu,dlinear,spring_2024,940,39,13.214439863016636,9.0,4.214439863016636
augsburg_lfu,dlinear,spring_2024,941,39,13.48084737798543,10.0,3.4808473779854303
augsburg_lfu,dlinear,spring_2024,942,39,14.311183511072782,11.0,3.311183511072782
augsburg_lfu,dlinear,spring_2024,943,39,13.612554986470808,9.0,4.612554986470808
augsburg_lfu,dlinear,spring_2024,944,39,13.13484599893113,8.0,5.13484599893113
augsburg_lfu,dlinear,spring_2024,945,39,12.18147231848829,7.333333333333333,4.848138985154956
augsburg_lfu,dlinear,spring_2024,946,39,11.204354917957417,7.333333333333333,3.871021584624084
augsburg_lfu,dlinear,spring_2024,947,39,11.35756587624709,8.666666666666666,2.690899209580424
augsburg_lfu,dlinear,spring_2024,948,39,12.121433641595445,10.0,2.121433641595445
augsburg_lfu,dlinear,spring_2024,949,39,12.587299775158527,11.166666666666666,1.4206331084918613
augsburg_lfu,dlinear,spring_2024,950,39,13.238581115275638,11.666666666666666,1.5719144486089718
augsburg_lfu,dlinear,spring_2024,951,39,13.618068352270427,12.833333333333334,0.7847350189370932
augsburg_lfu,dlinear,spring_2024,952,39,14.69296101102124,14.166666666666666,0.5262943443545733
augsburg_lfu,dlinear,spring_2024,953,39,16.153327236998365,16.0,0.15332723699836492
augsburg_lfu,dlinear,spring_2024,954,39,17.826482216262008,17.5,0.3264822162620078
augsburg_lfu,dlinear,spring_2024,955,39,20.222252855528787,17.833333333333332,2.3889195221954544
augsburg_lfu,dlinear,spring_2024,956,39,22.364174789751488,14.0,8.364174789751488
augsburg_lfu,dlinear,spring_2024,957,39,23.762659732837655,19.0,4.762659732837655
augsburg_lfu,dlinear,spring_2024,958,39,23.941775859646025,20.0,3.9417758596460253
augsburg_lfu,dlinear,spring_2024,959,39,23.798826670966708,17.0,6.798826670966708
augsburg_lfu,dlinear,spring_2024,960,40,23.364225244822116,22.0,1.3642252448221157
augsburg_lfu,dlinear,spring_2024,961,40,23.16904944040082,26.0,2.830950559599181
augsburg_lfu,dlinear,spring_2024,962,40,22.284628126087867,19.0,3.284628126087867
augsburg_lfu,dlinear,spring_2024,963,40,21.18944159487957,17.0,4.189441594879568
augsburg_lfu,dlinear,spring_2024,964,40,19.881039695948267,15.0,4.881039695948267
augsburg_lfu,dlinear,spring_2024,965,40,19.118069952635377,14.0,5.118069952635377
augsburg_lfu,dlinear,spring_2024,966,40,17.2474663193202,13.0,4.2474663193202
augsburg_lfu,dlinear,spring_2024,967,40,15.459409059684212,13.0,2.459409059684212
augsburg_lfu,dlinear,spring_2024,968,40,14.279330239861991,11.0,3.2793302398619915
augsburg_lfu,dlinear,spring_2024,969,40,12.706129491241162,10.0,2.706129491241162
augsburg_lfu,dlinear,spring_2024,970,40,11.242814137739844,10.0,1.2428141377398436
augsburg_lfu,dlinear,spring_2024,971,40,10.548913856371726,9.0,1.5489138563717262
augsburg_lfu,dlinear,spring_2024,972,40,10.315564581189532,10.0,0.31556458118953223
augsburg_lfu,dlinear,spring_2024,973,40,10.614693532859373,12.0,1.3853064671406266
augsburg_lfu,dlinear,spring_2024,974,40,11.07712937203802,12.0,0.9228706279619807
augsburg_lfu,dlinear,spring_2024,975,40,11.129282985638362,10.0,1.129282985638362
augsburg_lfu,dlinear,spring_2024,976,40,11.11950208180274,10.0,1.1195020818027395
augsburg_lfu,dlinear,spring_2024,977,40,11.281439384448918,11.0,0.2814393844489178
augsburg_lfu,dlinear,spring_2024,978,40,11.727935431649144,10.0,1.7279354316491435
augsburg_lfu,dlinear,spring_2024,979,40,12.19245595630223,10.0,2.1924559563022292
augsburg_lfu,dlinear,spring_2024,980,40,12.377750519604978,9.0,3.3777505196049784
augsburg_lfu,dlinear,spring_2024,981,40,12.376202968783804,9.0,3.3762029687838044
augsburg_lfu,dlinear,spring_2024,982,40,11.882986465718862,7.0,4.8829864657188615
augsburg_lfu,dlinear,spring_2024,983,40,10.816773532542657,6.0,4.816773532542657
augsburg_lfu,dlinear,spring_2024,984,41,10.152674179017367,8.0,2.1526741790173674
augsburg_lfu,dlinear,spring_2024,985,41,9.508576346109352,8.0,1.5085763461093524
augsburg_lfu,dlinear,spring_2024,986,41,8.886997326426698,8.0,0.8869973264266982
augsburg_lfu,dlinear,spring_2024,987,41,8.465203766735343,8.0,0.4652037667353426
augsburg_lfu,dlinear,spring_2024,988,41,8.210527015793444,7.0,1.2105270157934438
augsburg_lfu,dlinear,spring_2024,989,41,7.755770927449882,7.0,0.7557709274498823
augsburg_lfu,dlinear,spring_2024,990,41,6.953490322929866,6.0,0.9534903229298664
augsburg_lfu,dlinear,spring_2024,991,41,6.148585694915975,6.0,0.14858569491597517
augsburg_lfu,dlinear,spring_2024,992,41,5.154270087262388,6.0,0.8457299127376121
augsburg_lfu,dlinear,spring_2024,993,41,4.649910943956344,6.0,1.3500890560436556
augsburg_lfu,dlinear,spring_2024,994,41,4.463362796693343,6.0,1.5366372033066567
augsburg_lfu,dlinear,spring_2024,995,41,4.202478141003967,7.0,2.797521858996033
augsburg_lfu,dlinear,spring_2024,996,41,4.373747644536246,8.0,3.6262523554637536
augsburg_lfu,dlinear,spring_2024,997,41,5.8184295806991475,8.0,2.1815704193008525
augsburg_lfu,dlinear,spring_2024,998,41,6.003795220182098,11.0,4.996204779817902
augsburg_lfu,dlinear,spring_2024,999,41,6.3689524799488675,11.0,4.6310475200511325
augsburg_lfu,dlinear,spring_2024,1000,41,6.341717691293,6.0,0.3417176912929998
augsburg_lfu,dlinear,spring_2024,1001,41,5.930041204018007,5.0,0.930041204018007
augsburg_lfu,dlinear,spring_2024,1002,41,5.777935228603518,3.0,2.7779352286035177
augsburg_lfu,dlinear,spring_2024,1003,41,5.683947064243546,3.0,2.6839470642435463
augsburg_lfu,dlinear,spring_2024,1004,41,5.279430280041577,2.0,3.279430280041577
augsburg_lfu,dlinear,spring_2024,1005,41,4.681312500941267,0.6,4.081312500941268
augsburg_lfu,dlinear,spring_2024,1006,41,3.8656340086297245,0.5,3.3656340086297245
augsburg_lfu,dlinear,spring_2024,1007,41,3.002014942194932,0.3,2.702014942194932
augsburg_lfu,dlinear,spring_2024,1008,42,2.321656274869386,0.4,1.921656274869386
augsburg_lfu,dlinear,spring_2024,1009,42,1.73508814027513,0.5,1.23508814027513
augsburg_lfu,dlinear,spring_2024,1010,42,1.2966453890730485,0.5,0.7966453890730485
augsburg_lfu,dlinear,spring_2024,1011,42,1.1194697953992694,0.5,0.6194697953992694
augsburg_lfu,dlinear,spring_2024,1012,42,1.0795402670085554,0.6,0.47954026700855545
augsburg_lfu,dlinear,spring_2024,1013,42,1.030044348512438,0.4,0.630044348512438
augsburg_lfu,dlinear,spring_2024,1014,42,0.888076721154683,0.3,0.5880767211546829
augsburg_lfu,dlinear,spring_2024,1015,42,0.6342806836483603,0.3,0.33428068364836033
augsburg_lfu,dlinear,spring_2024,1016,42,0.35333810606104477,0.3,0.05333810606104478
augsburg_lfu,dlinear,spring_2024,1017,42,0.2091270230819009,0.3,0.09087297691809909
augsburg_lfu,dlinear,spring_2024,1018,42,0.2955884757675935,0.6,0.30441152423240647
augsburg_lfu,dlinear,spring_2024,1019,42,0.5892902092085643,1.0,0.41070979079143566
augsburg_lfu,dlinear,spring_2024,1020,42,1.172066140264251,1.0,0.17206614026425093
augsburg_lfu,dlinear,spring_2024,1021,42,1.7063270639129413,2.0,0.2936729360870587
augsburg_lfu,dlinear,spring_2024,1022,42,2.165988983394484,3.0,0.8340110166055159
augsburg_lfu,dlinear,spring_2024,1023,42,2.784649504577935,3.0,0.21535049542206508
augsburg_lfu,dlinear,spring_2024,1024,42,3.5523342363440995,3.0,0.5523342363440995
augsburg_lfu,dlinear,spring_2024,1025,42,4.3426709243514034,3.0,1.3426709243514034
augsburg_lfu,dlinear,spring_2024,1026,42,5.0270121536107935,4.0,1.0270121536107935
augsburg_lfu,dlinear,spring_2024,1027,42,5.568006011152514,5.0,0.568006011152514
augsburg_lfu,dlinear,spring_2024,1028,42,6.177605009776048,5.0,1.1776050097760482
augsburg_lfu,dlinear,spring_2024,1029,42,7.281602889622742,7.0,0.28160288962274205
augsburg_lfu,dlinear,spring_2024,1030,42,7.5183027738504675,7.0,0.5183027738504675
augsburg_lfu,dlinear,spring_2024,1031,42,7.298795050022516,7.0,0.29879505002251605
augsburg_lfu,dlinear,spring_2024,1032,43,6.858069874015601,8.0,1.1419301259843992
augsburg_lfu,dlinear,spring_2024,1033,43,6.483696109181046,9.0,2.5163038908189543
augsburg_lfu,dlinear,spring_2024,1034,43,6.203837817017147,8.0,1.7961621829828527
augsburg_lfu,dlinear,spring_2024,1035,43,6.055802588334379,6.0,0.055802588334379344
augsburg_lfu,dlinear,spring_2024,1036,43,5.869657178429538,5.0,0.8696571784295379
augsburg_lfu,dlinear,spring_2024,1037,43,5.706272785141791,6.0,0.2937272148582091
augsburg_lfu,dlinear,spring_2024,1038,43,5.043259039007331,6.0,0.9567409609926694
augsburg_lfu,dlinear,spring_2024,1039,43,4.130744561608033,6.0,1.869255438391967
augsburg_lfu,dlinear,spring_2024,1040,43,3.7092427790557903,4.0,0.29075722094420975
augsburg_lfu,dlinear,spring_2024,1041,43,3.0870407659913353,4.0,0.9129592340086647
augsburg_lfu,dlinear,spring_2024,1042,43,3.1562660557632336,4.0,0.8437339442367664
augsburg_lfu,dlinear,spring_2024,1043,43,3.436252338723288,4.0,0.5637476612767118
augsburg_lfu,dlinear,spring_2024,1044,43,3.747236436300649,4.0,0.25276356369935105
augsburg_lfu,dlinear,spring_2024,1045,43,3.880336354177877,5.0,1.119663645822123
augsburg_lfu,dlinear,spring_2024,1046,43,4.017322225254046,5.0,0.9826777747459543
augsburg_lfu,dlinear,spring_2024,1047,43,4.273030134183959,5.0,0.7269698658160406
augsburg_lfu,dlinear,spring_2024,1048,43,4.5030682349963245,4.0,0.5030682349963245
augsburg_lfu,dlinear,spring_2024,1049,43,4.612676152537119,5.0,0.3873238474628806
augsburg_lfu,dlinear,spring_2024,1050,43,5.108880884154386,8.0,2.8911191158456138
augsburg_lfu,dlinear,spring_2024,1051,43,6.102760835070297,7.0,0.8972391649297027
augsburg_lfu,dlinear,spring_2024,1052,43,7.453158900221009,9.0,1.546841099778991
augsburg_lfu,dlinear,spring_2024,1053,43,8.605664152275299,8.0,0.605664152275299
augsburg_lfu,dlinear,spring_2024,1054,43,9.767178479277923,8.0,1.7671784792779235
augsburg_lfu,dlinear,spring_2024,1055,43,10.34550833253457,8.0,2.3455083325345694
augsburg_lfu,dlinear,summer_2024,0,0,2.3960925401976767,2.0,0.3960925401976767
augsburg_lfu,dlinear,summer_2024,1,0,2.6157403819590166,2.0,0.6157403819590166
augsburg_lfu,dlinear,summer_2024,2,0,2.5349762285146276,2.0,0.5349762285146276
augsburg_lfu,dlinear,summer_2024,3,0,2.4540284742981284,2.0,0.4540284742981284
augsburg_lfu,dlinear,summer_2024,4,0,2.4910607492095043,2.0,0.49106074920950427
augsburg_lfu,dlinear,summer_2024,5,0,2.472484221647692,2.0,0.4724842216476919
augsburg_lfu,dlinear,summer_2024,6,0,2.2203059146594355,2.0,0.2203059146594355
augsburg_lfu,dlinear,summer_2024,7,0,1.9649998593668303,2.0,0.035000140633169696
augsburg_lfu,dlinear,summer_2024,8,0,2.098159225404725,2.0,0.09815922540472499
augsburg_lfu,dlinear,summer_2024,9,0,2.6016005318586957,2.0,0.6016005318586957
augsburg_lfu,dlinear,summer_2024,10,0,3.2122840844090477,1.0,2.2122840844090477
augsburg_lfu,dlinear,summer_2024,11,0,2.82994710577385,1.0,1.82994710577385
augsburg_lfu,dlinear,summer_2024,12,0,2.1857135283633706,2.0,0.18571352836337063
augsburg_lfu,dlinear,summer_2024,13,0,2.42707539283856,3.0,0.5729246071614398
augsburg_lfu,dlinear,summer_2024,14,0,2.499879287669505,4.0,1.500120712330495
augsburg_lfu,dlinear,summer_2024,15,0,2.9653465902422345,6.0,3.0346534097577655
augsburg_lfu,dlinear,summer_2024,16,0,3.3244877134502593,6.0,2.6755122865497407
augsburg_lfu,dlinear,summer_2024,17,0,5.0697712498377,5.0,0.06977124983770011
augsburg_lfu,dlinear,summer_2024,18,0,5.255087980480853,2.0,3.2550879804808526
augsburg_lfu,dlinear,summer_2024,19,0,4.597750418449382,2.0,2.5977504184493823
augsburg_lfu,dlinear,summer_2024,20,0,3.9011514837058456,2.0,1.9011514837058456
augsburg_lfu,dlinear,summer_2024,21,0,3.3716637947870334,2.0,1.3716637947870334
augsburg_lfu,dlinear,summer_2024,22,0,3.233295700064016,2.0,1.2332957000640161
augsburg_lfu,dlinear,summer_2024,23,0,3.451700076254322,2.0,1.4517000762543222
augsburg_lfu,dlinear,summer_2024,24,1,3.664254800089496,3.0,0.6642548000894961
augsburg_lfu,dlinear,summer_2024,25,1,3.693191280893863,5.0,1.306808719106137
augsburg_lfu,dlinear,summer_2024,26,1,3.581462298634786,5.0,1.418537701365214
augsburg_lfu,dlinear,summer_2024,27,1,3.6290137656520467,6.0,2.3709862343479533
augsburg_lfu,dlinear,summer_2024,28,1,3.5648157504907276,6.0,2.4351842495092724
augsburg_lfu,dlinear,summer_2024,29,1,3.2792937307679804,5.0,1.7207062692320196
augsburg_lfu,dlinear,summer_2024,30,1,2.8620305664385874,5.0,2.1379694335614126
augsburg_lfu,dlinear,summer_2024,31,1,2.8152764142936015,5.0,2.1847235857063985
augsburg_lfu,dlinear,summer_2024,32,1,3.305598342581785,5.0,1.694401657418215
augsburg_lfu,dlinear,summer_2024,33,1,3.647121308933424,4.0,0.352878691066576
augsburg_lfu,dlinear,summer_2024,34,1,3.5332002863057523,4.0,0.46679971369424766
augsburg_lfu,dlinear,summer_2024,35,1,3.563333165850919,4.0,0.43666683414908114
augsburg_lfu,dlinear,summer_2024,36,1,3.7196378247432653,3.0,0.7196378247432653
augsburg_lfu,dlinear,summer_2024,37,1,3.990667044461757,4.0,0.00933295553824287
augsburg_lfu,dlinear,summer_2024,38,1,4.092408742621565,3.0,1.092408742621565
augsburg_lfu,dlinear,summer_2024,39,1,3.813385508762332,3.0,0.8133855087623321
augsburg_lfu,dlinear,summer_2024,40,1,3.7845294495841326,4.0,0.21547055041586738
augsburg_lfu,dlinear,summer_2024,41,1,3.787283344530569,4.0,0.21271665546943108
augsburg_lfu,dlinear,summer_2024,42,1,3.9331569838266756,5.0,1.0668430161733244
augsburg_lfu,dlinear,summer_2024,43,1,4.417298291718105,5.0,0.5827017082818946
augsburg_lfu,dlinear,summer_2024,44,1,5.474229414146497,6.0,0.5257705858535031
augsburg_lfu,dlinear,summer_2024,45,1,5.7223006400707135,6.0,0.2776993599292865
augsburg_lfu,dlinear,summer_2024,46,1,5.5151571477606725,4.0,1.5151571477606725
augsburg_lfu,dlinear,summer_2024,47,1,4.717228295374627,4.0,0.7172282953746274
augsburg_lfu,dlinear,summer_2024,48,2,4.001397470022718,5.0,0.9986025299772816
augsburg_lfu,dlinear,summer_2024,49,2,3.191003972861628,6.0,2.808996027138372
augsburg_lfu,dlinear,summer_2024,50,2,2.6351022862217803,6.0,3.3648977137782197
augsburg_lfu,dlinear,summer_2024,51,2,2.3199659998579256,4.0,1.6800340001420744
augsburg_lfu,dlinear,summer_2024,52,2,1.9289293763668074,2.0,0.07107062363319261
augsburg_lfu,dlinear,summer_2024,53,2,1.5336912281169774,2.0,0.46630877188302255
augsburg_lfu,dlinear,summer_2024,54,2,1.1107080545317007,2.0,0.8892919454682993
augsburg_lfu,dlinear,summer_2024,55,2,1.0862296332747041,0.9,0.1862296332747041
augsburg_lfu,dlinear,summer_2024,56,2,1.0497602325237048,0.9,0.14976023252370474
augsburg_lfu,dlinear,summer_2024,57,2,0.8629150022024765,1.0,0.13708499779752348
augsburg_lfu,dlinear,summer_2024,58,2,0.9399528799622006,1.0,0.06004712003779944
augsburg_lfu,dlinear,summer_2024,59,2,0.926340410507831,2.0,1.073659589492169
augsburg_lfu,dlinear,summer_2024,60,2,0.9701089219836909,1.0,0.02989107801630908
augsburg_lfu,dlinear,summer_2024,61,2,1.305476244956291,2.0,0.6945237550437089
augsburg_lfu,dlinear,summer_2024,62,2,1.6575244834764662,2.0,0.3424755165235338
augsburg_lfu,dlinear,summer_2024,63,2,1.5016362494142397,2.0,0.4983637505857603
augsburg_lfu,dlinear,summer_2024,64,2,1.4364805716029614,2.0,0.5635194283970386
augsburg_lfu,dlinear,summer_2024,65,2,1.6526520811236474,2.0,0.34734791887635263
augsburg_lfu,dlinear,summer_2024,66,2,1.7539138697342793,2.0,0.24608613026572068
augsburg_lfu,dlinear,summer_2024,67,2,1.8234561304328425,2.0,0.1765438695671575
augsburg_lfu,dlinear,summer_2024,68,2,2.1096237127074,2.0,0.10962371270739979
augsburg_lfu,dlinear,summer_2024,69,2,1.9193071858023658,1.0,0.9193071858023658
augsburg_lfu,dlinear,summer_2024,70,2,1.5566336264647298,2.0,0.4433663735352702
augsburg_lfu,dlinear,summer_2024,71,2,1.189273914486792,2.0,0.8107260855132079
augsburg_lfu,dlinear,summer_2024,72,3,1.1632554378380537,1.0,0.16325543783805374
augsburg_lfu,dlinear,summer_2024,73,3,0.957242275350239,2.0,1.042757724649761
augsburg_lfu,dlinear,summer_2024,74,3,0.6789464755287391,2.0,1.321053524471261
augsburg_lfu,dlinear,summer_2024,75,3,0.5495772080822767,3.0,2.450422791917723
augsburg_lfu,dlinear,summer_2024,76,3,0.641050489305268,3.0,2.358949510694732
augsburg_lfu,dlinear,summer_2024,77,3,0.9438995098503697,3.0,2.05610049014963
augsburg_lfu,dlinear,summer_2024,78,3,1.2819072854455378,4.0,2.718092714554462
augsburg_lfu,dlinear,summer_2024,79,3,1.6869114095797162,4.0,2.313088590420284
augsburg_lfu,dlinear,summer_2024,80,3,1.8777270395557255,3.0,1.1222729604442745
augsburg_lfu,dlinear,summer_2024,81,3,2.0206084293051383,3.0,0.9793915706948617
augsburg_lfu,dlinear,summer_2024,82,3,2.2504890127525954,4.0,1.7495109872474046
augsburg_lfu,dlinear,summer_2024,83,3,2.5309495733448224,4.0,1.4690504266551776
augsburg_lfu,dlinear,summer_2024,84,3,2.7735797477352286,4.0,1.2264202522647714
augsburg_lfu,dlinear,summer_2024,85,3,2.721614565493129,4.0,1.278385434506871
augsburg_lfu,dlinear,summer_2024,86,3,2.948023025754141,4.0,1.051976974245859
augsburg_lfu,dlinear,summer_2024,87,3,2.7288659690615455,5.0,2.2711340309384545
augsburg_lfu,dlinear,summer_2024,88,3,2.560577022758167,4.0,1.4394229772418332
augsburg_lfu,dlinear,summer_2024,89,3,2.509918611602155,4.0,1.490081388397845
augsburg_lfu,dlinear,summer_2024,90,3,2.9624576722404985,3.0,0.037542327759501504
augsburg_lfu,dlinear,summer_2024,91,3,2.9859999739708263,2.0,0.9859999739708263
augsburg_lfu,dlinear,summer_2024,92,3,2.8602138621186066,2.0,0.8602138621186066
augsburg_lfu,dlinear,summer_2024,93,3,3.012956873933529,2.0,1.012956873933529
augsburg_lfu,dlinear,summer_2024,94,3,3.115903496014991,2.0,1.1159034960149912
augsburg_lfu,dlinear,summer_2024,95,3,2.692878926874068,3.0,0.30712107312593195
augsburg_lfu,dlinear,summer_2024,96,4,2.2372161725771997,4.0,1.7627838274228003
augsburg_lfu,dlinear,summer_2024,97,4,2.1598395742187333,4.0,1.8401604257812667
augsburg_lfu,dlinear,summer_2024,98,4,2.3279976701704026,3.0,0.6720023298295974
augsburg_lfu,dlinear,summer_2024,99,4,2.146919344051778,3.0,0.8530806559482218
augsburg_lfu,dlinear,summer_2024,100,4,2.2521874579118126,3.0,0.7478125420881874
augsburg_lfu,dlinear,summer_2024,101,4,2.6010706319809085,3.0,0.3989293680190915
augsburg_lfu,dlinear,summer_2024,102,4,2.7585994330207333,3.0,0.2414005669792667
augsburg_lfu,dlinear,summer_2024,103,4,2.515208248835748,3.0,0.4847917511642521
augsburg_lfu,dlinear,summer_2024,104,4,1.9695739728472632,3.0,1.0304260271527368
augsburg_lfu,dlinear,summer_2024,105,4,1.7381386310937357,3.0,1.2618613689062643
augsburg_lfu,dlinear,summer_2024,106,4,1.9308150045670565,3.0,1.0691849954329435
augsburg_lfu,dlinear,summer_2024,107,4,2.2077742453235363,4.0,1.7922257546764637
augsburg_lfu,dlinear,summer_2024,108,4,2.4228076533647966,4.0,1.5771923466352034
augsburg_lfu,dlinear,summer_2024,109,4,2.756042071354158,5.0,2.243957928645842
augsburg_lfu,dlinear,summer_2024,110,4,2.8841980645445324,5.0,2.1158019354554676
augsburg_lfu,dlinear,summer_2024,111,4,3.1366458778703237,5.0,1.8633541221296763
augsburg_lfu,dlinear,summer_2024,112,4,3.3330094402276114,6.0,2.6669905597723886
augsburg_lfu,dlinear,summer_2024,113,4,3.329625335818582,6.0,2.670374664181418
augsburg_lfu,dlinear,summer_2024,114,4,3.384481170637939,6.0,2.615518829362061
augsburg_lfu,dlinear,summer_2024,115,4,3.667827642256465,7.0,3.332172357743535
augsburg_lfu,dlinear,summer_2024,116,4,4.428843929716313,7.0,2.5711560702836866
augsburg_lfu,dlinear,summer_2024,117,4,5.2462741409616,7.0,1.7537258590383997
augsburg_lfu,dlinear,summer_2024,118,4,5.967326717765436,7.0,1.0326732822345637
augsburg_lfu,dlinear,summer_2024,119,4,6.516739046639449,5.0,1.516739046639449
augsburg_lfu,dlinear,summer_2024,120,5,7.452166530347596,5.0,2.452166530347596
augsburg_lfu,dlinear,summer_2024,121,5,7.56202122106797,4.0,3.56202122106797
augsburg_lfu,dlinear,summer_2024,122,5,7.290601693832673,4.0,3.2906016938326728
augsburg_lfu,dlinear,summer_2024,123,5,6.804086221041022,5.0,1.8040862210410218
augsburg_lfu,dlinear,summer_2024,124,5,6.380792366192371,4.0,2.380792366192371
augsburg_lfu,dlinear,summer_2024,125,5,6.450243458932917,4.0,2.450243458932917
augsburg_lfu,dlinear,summer_2024,126,5,5.8648245629209494,4.0,1.8648245629209494
augsburg_lfu,dlinear,summer_2024,127,5,4.91465411110223,4.0,0.9146541111022302
augsburg_lfu,dlinear,summer_2024,128,5,4.174444593771652,5.0,0.8255554062283483
augsburg_lfu,dlinear,summer_2024,129,5,3.968301716149136,7.0,3.031698283850864
augsburg_lfu,dlinear,summer_2024,130,5,3.9704786657982574,8.0,4.029521334201743
augsburg_lfu,dlinear,summer_2024,131,5,4.360597074675721,9.0,4.639402925324279
augsburg_lfu,dlinear,summer_2024,132,5,5.242632233672079,9.0,3.7573677663279206
augsburg_lfu,dlinear,summer_2024,133,5,6.064042839680789,9.0,2.9359571603192114
augsburg_lfu,dlinear,summer_2024,134,5,6.35142656684554,9.0,2.6485734331544597
augsburg_lfu,dlinear,summer_2024,135,5,7.8340213928436935,7.0,0.8340213928436935
augsburg_lfu,dlinear,summer_2024,136,5,8.971539502922312,5.0,3.9715395029223117
augsburg_lfu,dlinear,summer_2024,137,5,8.66593846459927,4.0,4.66593846459927
augsburg_lfu,dlinear,summer_2024,138,5,8.258592067936794,3.0,5.258592067936794
augsburg_lfu,dlinear,summer_2024,139,5,7.322745540891384,4.0,3.3227455408913844
augsburg_lfu,dlinear,summer_2024,140,5,6.280380567415592,5.0,1.280380567415592
augsburg_lfu,dlinear,summer_2024,141,5,5.7765443595761585,5.0,0.7765443595761585
augsburg_lfu,dlinear,summer_2024,142,5,5.559449352340092,3.0,2.559449352340092
augsburg_lfu,dlinear,summer_2024,143,5,4.904315115721164,2.0,2.9043151157211637
augsburg_lfu,dlinear,summer_2024,144,6,4.02382854414428,1.0,3.02382854414428
augsburg_lfu,dlinear,summer_2024,145,6,3.2872843730428194,2.0,1.2872843730428194
augsburg_lfu,dlinear,summer_2024,146,6,2.800895940747307,2.0,0.8008959407473069
augsburg_lfu,dlinear,summer_2024,147,6,2.9106753713911386,2.0,0.9106753713911386
augsburg_lfu,dlinear,summer_2024,148,6,2.864152379202353,1.0,1.8641523792023529
augsburg_lfu,dlinear,summer_2024,149,6,2.8372622901070135,1.0,1.8372622901070135
augsburg_lfu,dlinear,summer_2024,150,6,2.816758747081664,2.0,0.8167587470816642
augsburg_lfu,dlinear,summer_2024,151,6,2.9150772833711245,2.0,0.9150772833711245
augsburg_lfu,dlinear,summer_2024,152,6,3.2495334228111608,2.0,1.2495334228111608
augsburg_lfu,dlinear,summer_2024,153,6,3.682230373942839,2.0,1.682230373942839
augsburg_lfu,dlinear,summer_2024,154,6,4.239983454260011,3.0,1.2399834542600114
augsburg_lfu,dlinear,summer_2024,155,6,4.504691109852559,3.0,1.5046911098525593
augsburg_lfu,dlinear,summer_2024,156,6,4.348768721503106,3.0,1.348768721503106
augsburg_lfu,dlinear,summer_2024,157,6,4.175117184842092,3.0,1.175117184842092
augsburg_lfu,dlinear,summer_2024,158,6,4.053829308230722,3.0,1.0538293082307222
augsburg_lfu,dlinear,summer_2024,159,6,3.7343087304405334,3.0,0.7343087304405334
augsburg_lfu,dlinear,summer_2024,160,6,3.708709990352039,4.0,0.29129000964796115
augsburg_lfu,dlinear,summer_2024,161,6,3.95830170394785,5.0,1.0416982960521501
augsburg_lfu,dlinear,summer_2024,162,6,4.064143236330741,5.0,0.9358567636692587
augsburg_lfu,dlinear,summer_2024,163,6,4.252832727063997,6.0,1.7471672729360028
augsburg_lfu,dlinear,summer_2024,164,6,4.573694464919158,6.0,1.426305535080842
augsburg_lfu,dlinear,summer_2024,165,6,4.525351157604421,5.0,0.47464884239557925
augsburg_lfu,dlinear,summer_2024,166,6,4.440617248682516,5.0,0.559382751317484
augsburg_lfu,dlinear,summer_2024,167,6,4.60494073295058,5.0,0.39505926704941974
augsburg_lfu,dlinear,summer_2024,168,7,4.486565232412914,6.0,1.5134347675870856
augsburg_lfu,dlinear,summer_2024,169,7,4.3360546065900865,6.0,1.6639453934099135
augsburg_lfu,dlinear,summer_2024,170,7,4.571888165963779,5.0,0.4281118340362209
augsburg_lfu,dlinear,summer_2024,171,7,4.7028776868366835,7.0,2.2971223131633165
augsburg_lfu,dlinear,summer_2024,172,7,4.997630591617834,7.0,2.002369408382166
augsburg_lfu,dlinear,summer_2024,173,7,5.3368849536293075,5.0,0.3368849536293075
augsburg_lfu,dlinear,summer_2024,174,7,5.400872012296894,6.0,0.5991279877031062
augsburg_lfu,dlinear,summer_2024,175,7,4.824810037097365,8.0,3.1751899629026354
augsburg_lfu,dlinear,summer_2024,176,7,3.8198222981217205,3.0,0.8198222981217205
augsburg_lfu,dlinear,summer_2024,177,7,2.919461390660767,3.0,0.08053860933923307
augsburg_lfu,dlinear,summer_2024,178,7,2.463851162753563,3.0,0.5361488372464369
augsburg_lfu,dlinear,summer_2024,179,7,2.0821456438561747,3.0,0.9178543561438253
augsburg_lfu,dlinear,summer_2024,180,7,2.1643412827951924,4.0,1.8356587172048076
augsburg_lfu,dlinear,summer_2024,181,7,2.6298168818650343,4.0,1.3701831181349657
augsburg_lfu,dlinear,summer_2024,182,7,2.906527571018379,4.0,1.0934724289816211
augsburg_lfu,dlinear,summer_2024,183,7,3.3363507793381864,5.0,1.6636492206618136
augsburg_lfu,dlinear,summer_2024,184,7,4.041947764558651,5.0,0.9580522354413494
augsburg_lfu,dlinear,summer_2024,185,7,4.207248999979079,6.0,1.792751000020921
augsburg_lfu,dlinear,summer_2024,186,7,4.35974196681631,7.0,2.64025803318369
augsburg_lfu,dlinear,summer_2024,187,7,4.7625969854269,7.0,2.2374030145730996
augsburg_lfu,dlinear,summer_2024,188,7,5.681649791278412,7.0,1.3183502087215881
augsburg_lfu,dlinear,summer_2024,189,7,6.633189378007211,6.0,0.6331893780072111
augsburg_lfu,dlinear,summer_2024,190,7,7.1545456422108336,5.0,2.1545456422108336
augsburg_lfu,dlinear,summer_2024,191,7,7.332883885509721,4.0,3.3328838855097214
augsburg_lfu,dlinear,summer_2024,192,8,7.3555177310698,7.0,0.3555177310698001
augsburg_lfu,dlinear,summer_2024,193,8,7.333087260920897,8.0,0.6669127390791028
augsburg_lfu,dlinear,summer_2024,194,8,7.525100313745101,6.0,1.5251003137451011
augsburg_lfu,dlinear,summer_2024,195,8,7.568996586919351,7.0,0.5689965869193507
augsburg_lfu,dlinear,summer_2024,196,8,7.887144271012113,8.0,0.11285572898788665
augsburg_lfu,dlinear,summer_2024,197,8,8.179188706055754,7.0,1.1791887060557542
augsburg_lfu,dlinear,summer_2024,198,8,8.145963497144034,5.0,3.1459634971440344
augsburg_lfu,dlinear,summer_2024,199,8,6.708177892696781,4.0,2.7081778926967814
augsburg_lfu,dlinear,summer_2024,200,8,4.90224113498212,5.0,0.09775886501788023
augsburg_lfu,dlinear,summer_2024,201,8,4.0772478441697295,7.0,2.9227521558302705
augsburg_lfu,dlinear,summer_2024,202,8,3.660970158759895,8.0,4.339029841240105
augsburg_lfu,dlinear,summer_2024,203,8,3.5969116067092597,10.0,6.403088393290741
augsburg_lfu,dlinear,summer_2024,204,8,3.9493241892343693,8.0,4.050675810765631
augsburg_lfu,dlinear,summer_2024,205,8,4.437689818914614,6.0,1.5623101810853859
augsburg_lfu,dlinear,summer_2024,206,8,5.117268147298905,6.0,0.8827318527010952
augsburg_lfu,dlinear,summer_2024,207,8,5.6376940108930365,7.0,1.3623059891069635
augsburg_lfu,dlinear,summer_2024,208,8,6.105429661246316,8.0,1.8945703387536836
augsburg_lfu,dlinear,summer_2024,209,8,6.819649792716403,8.0,1.1803502072835972
augsburg_lfu,dlinear,summer_2024,210,8,7.94906939922539,9.0,1.0509306007746098
augsburg_lfu,dlinear,summer_2024,211,8,9.03817854613422,9.0,0.03817854613422078
augsburg_lfu,dlinear,summer_2024,212,8,10.572295362115597,10.0,0.5722953621155966
augsburg_lfu,dlinear,summer_2024,213,8,12.639934170357778,10.0,2.639934170357778
augsburg_lfu,dlinear,summer_2024,214,8,13.96050506099208,13.0,0.9605050609920802
augsburg_lfu,dlinear,summer_2024,215,8,15.229940600225937,14.0,1.2299406002259374
augsburg_lfu,dlinear,summer_2024,216,9,15.260974260013455,13.0,2.2609742600134553
augsburg_lfu,dlinear,summer_2024,217,9,14.450075360567931,13.0,1.450075360567931
augsburg_lfu,dlinear,summer_2024,218,9,13.085368139459895,10.0,3.085368139459895
augsburg_lfu,dlinear,summer_2024,219,9,12.12202639154816,10.0,2.122026391548159
augsburg_lfu,dlinear,summer_2024,220,9,11.625049985734847,9.0,2.6250499857348473
augsburg_lfu,dlinear,summer_2024,221,9,10.67552337293682,8.0,2.6755233729368193
augsburg_lfu,dlinear,summer_2024,222,9,9.068586116868849,6.0,3.0685861168688486
augsburg_lfu,dlinear,summer_2024,223,9,7.571044580421904,6.0,1.571044580421904
augsburg_lfu,dlinear,summer_2024,224,9,6.993902074617873,7.0,0.006097925382126945
augsburg_lfu,dlinear,summer_2024,225,9,6.642659069330802,9.0,2.3573409306691984
augsburg_lfu,dlinear,summer_2024,226,9,6.047754150061209,8.0,1.952245849938791
augsburg_lfu,dlinear,summer_2024,227,9,6.235794045412732,8.0,1.7642059545872684
augsburg_lfu,dlinear,summer_2024,228,9,6.469645558677109,7.0,0.5303544413228911
augsburg_lfu,dlinear,summer_2024,229,9,7.265745464249651,8.0,0.7342545357503489
augsburg_lfu,dlinear,summer_2024,230,9,9.369768466887852,7.0,2.3697684668878516
augsburg_lfu,dlinear,summer_2024,231,9,10.584549119098135,5.0,5.584549119098135
augsburg_lfu,dlinear,summer_2024,232,9,9.924151351397374,4.0,5.924151351397374
augsburg_lfu,dlinear,summer_2024,233,9,8.414985488410125,6.0,2.4149854884101245
augsburg_lfu,dlinear,summer_2024,234,9,7.340109424818678,9.0,1.659890575181322
augsburg_lfu,dlinear,summer_2024,235,9,7.965541042013481,9.0,1.0344589579865193
augsburg_lfu,dlinear,summer_2024,236,9,9.788240428893165,8.0,1.7882404288931646
augsburg_lfu,dlinear,summer_2024,237,9,10.048599853344694,6.0,4.048599853344694
augsburg_lfu,dlinear,summer_2024,238,9,9.08559816585121,4.0,5.085598165851209
augsburg_lfu,dlinear,summer_2024,239,9,8.363593655980765,5.0,3.3635936559807647
augsburg_lfu,dlinear,summer_2024,240,10,7.826245776207801,7.0,0.8262457762078013
augsburg_lfu,dlinear,summer_2024,241,10,7.257395676112802,8.0,0.742604323887198
augsburg_lfu,dlinear,summer_2024,242,10,7.259684797480788,7.0,0.2596847974807881
augsburg_lfu,dlinear,summer_2024,243,10,7.418836769471989,6.0,1.418836769471989
augsburg_lfu,dlinear,summer_2024,244,10,8.274799718909751,7.0,1.274799718909751
augsburg_lfu,dlinear,summer_2024,245,10,8.790449416011333,8.0,0.7904494160113327
augsburg_lfu,dlinear,summer_2024,246,10,8.762100656894448,9.0,0.2378993431055516
augsburg_lfu,dlinear,summer_2024,247,10,7.0705968195528905,8.0,0.9294031804471095
augsburg_lfu,dlinear,summer_2024,248,10,5.9413068254469446,9.0,3.0586931745530554
augsburg_lfu,dlinear,summer_2024,249,10,5.582367634479644,9.0,3.4176323655203564
augsburg_lfu,dlinear,summer_2024,250,10,5.139377501944663,8.0,2.8606224980553367
augsburg_lfu,dlinear,summer_2024,251,10,5.26297361034076,8.0,2.73702638965924
augsburg_lfu,dlinear,summer_2024,252,10,5.627295902661406,8.0,2.3727040973385938
augsburg_lfu,dlinear,summer_2024,253,10,5.770711443183899,7.0,1.2292885568161012
augsburg_lfu,dlinear,summer_2024,254,10,6.094823561488008,6.0,0.09482356148800797
augsburg_lfu,dlinear,summer_2024,255,10,6.355682090689154,5.0,1.3556820906891538
augsburg_lfu,dlinear,summer_2024,256,10,6.273146870720083,5.0,1.2731468707200833
augsburg_lfu,dlinear,summer_2024,257,10,5.949255205590544,5.0,0.9492552055905437
augsburg_lfu,dlinear,summer_2024,258,10,5.801843932694791,5.0,0.8018439326947906
augsburg_lfu,dlinear,summer_2024,259,10,6.482960704098853,5.0,1.4829607040988533
augsburg_lfu,dlinear,summer_2024,260,10,7.633972834378123,3.0,4.633972834378123
augsburg_lfu,dlinear,summer_2024,261,10,9.662009202809653,3.0,6.662009202809653
augsburg_lfu,dlinear,summer_2024,262,10,10.094318962832343,3.0,7.094318962832343
augsburg_lfu,dlinear,summer_2024,263,10,9.338504951532467,4.0,5.338504951532467
augsburg_lfu,dlinear,summer_2024,264,11,8.717272791224966,7.0,1.717272791224966
augsburg_lfu,dlinear,summer_2024,265,11,8.554760375467952,9.0,0.44523962453204824
augsburg_lfu,dlinear,summer_2024,266,11,8.34594748107606,9.0,0.6540525189239403
augsburg_lfu,dlinear,summer_2024,267,11,8.336054565579872,8.0,0.3360545655798717
augsburg_lfu,dlinear,summer_2024,268,11,8.76499211284446,7.0,1.7649921128444603
augsburg_lfu,dlinear,summer_2024,269,11,9.62574698198037,8.0,1.6257469819803703
augsburg_lfu,dlinear,summer_2024,270,11,8.899443951865136,8.0,0.8994439518651358
augsburg_lfu,dlinear,summer_2024,271,11,6.9803395822188765,8.0,1.0196604177811235
augsburg_lfu,dlinear,summer_2024,272,11,5.505350391868168,8.0,2.494649608131832
augsburg_lfu,dlinear,summer_2024,273,11,4.653205187393983,7.0,2.346794812606017
augsburg_lfu,dlinear,summer_2024,274,11,4.821552374960927,6.0,1.1784476250390732
augsburg_lfu,dlinear,summer_2024,275,11,4.955248239885148,6.0,1.0447517601148517
augsburg_lfu,dlinear,summer_2024,276,11,4.332002566823395,7.0,2.6679974331766054
augsburg_lfu,dlinear,summer_2024,277,11,3.771565591590976,7.0,3.228434408409024
augsburg_lfu,dlinear,summer_2024,278,11,3.453468986607353,8.0,4.546531013392647
augsburg_lfu,dlinear,summer_2024,279,11,3.3410578794460326,7.0,3.6589421205539674
augsburg_lfu,dlinear,summer_2024,280,11,3.3299511565926796,5.0,1.6700488434073204
augsburg_lfu,dlinear,summer_2024,281,11,3.6533397230636324,3.0,0.6533397230636324
augsburg_lfu,dlinear,summer_2024,282,11,3.9848356402857688,2.0,1.9848356402857688
augsburg_lfu,dlinear,summer_2024,283,11,5.966679564613228,2.0,3.9666795646132282
augsburg_lfu,dlinear,summer_2024,284,11,6.253402110839548,1.0,5.253402110839548
augsburg_lfu,dlinear,summer_2024,285,11,5.350812052857992,1.0,4.350812052857992
augsburg_lfu,dlinear,summer_2024,286,11,4.40227279248466,1.0,3.40227279248466
augsburg_lfu,dlinear,summer_2024,287,11,3.886347822154403,0.9,2.986347822154403
augsburg_lfu,dlinear,summer_2024,288,12,3.705579714469402,0.7,3.005579714469402
augsburg_lfu,dlinear,summer_2024,289,12,3.5187380064117386,0.6,2.9187380064117385
augsburg_lfu,dlinear,summer_2024,290,12,3.173246014030631,0.6,2.573246014030631
augsburg_lfu,dlinear,summer_2024,291,12,2.9547506106099566,0.6,2.3547506106099565
augsburg_lfu,dlinear,summer_2024,292,12,2.9766649285142117,0.7,2.2766649285142115
augsburg_lfu,dlinear,summer_2024,293,12,3.0812913119668,0.7,2.3812913119668
augsburg_lfu,dlinear,summer_2024,294,12,2.7757197709543737,0.9,1.8757197709543738
augsburg_lfu,dlinear,summer_2024,295,12,1.9486158683397157,1.0,0.9486158683397157
augsburg_lfu,dlinear,summer_2024,296,12,1.3818436864090877,2.0,0.6181563135909123
augsburg_lfu,dlinear,summer_2024,297,12,1.2731579876833325,1.0,0.27315798768333255
augsburg_lfu,dlinear,summer_2024,298,12,1.47312947887769,1.0,0.4731294788776901
augsburg_lfu,dlinear,summer_2024,299,12,1.7219511487551313,2.0,0.27804885124486867
augsburg_lfu,dlinear,summer_2024,300,12,2.150587381952163,1.0,1.150587381952163
augsburg_lfu,dlinear,summer_2024,301,12,2.6589273536252644,1.0,1.6589273536252644
augsburg_lfu,dlinear,summer_2024,302,12,3.581500176010022,2.0,1.5815001760100218
augsburg_lfu,dlinear,summer_2024,303,12,3.7064024669481093,2.0,1.7064024669481093
augsburg_lfu,dlinear,summer_2024,304,12,3.767253169521865,2.0,1.7672531695218652
augsburg_lfu,dlinear,summer_2024,305,12,3.911301473845257,2.0,1.9113014738452572
augsburg_lfu,dlinear,summer_2024,306,12,4.326724179790915,2.0,2.326724179790915
augsburg_lfu,dlinear,summer_2024,307,12,4.775332027188325,3.0,1.775332027188325
augsburg_lfu,dlinear,summer_2024,308,12,5.103717214609834,3.0,2.1037172146098344
augsburg_lfu,dlinear,summer_2024,309,12,5.196424744875822,3.0,2.196424744875822
augsburg_lfu,dlinear,summer_2024,310,12,5.3307275708939805,3.0,2.3307275708939805
augsburg_lfu,dlinear,summer_2024,311,12,5.574343333295008,3.0,2.5743433332950083
augsburg_lfu,dlinear,summer_2024,312,13,5.807166290617082,4.0,1.807166290617082
augsburg_lfu,dlinear,summer_2024,313,13,5.7000311189056125,3.0,2.7000311189056125
augsburg_lfu,dlinear,summer_2024,314,13,5.7237417922744065,5.0,0.7237417922744065
augsburg_lfu,dlinear,summer_2024,315,13,5.769648785023108,5.0,0.769648785023108
augsburg_lfu,dlinear,summer_2024,316,13,5.830891971225512,4.0,1.8308919712255118
augsburg_lfu,dlinear,summer_2024,317,13,5.620367637167244,6.0,0.3796323628327558
augsburg_lfu,dlinear,summer_2024,318,13,5.157282077472059,7.0,1.8427179225279406
augsburg_lfu,dlinear,summer_2024,319,13,4.722464140921668,5.0,0.27753585907833234
augsburg_lfu,dlinear,summer_2024,320,13,4.145347627199814,4.0,0.14534762719981398
augsburg_lfu,dlinear,summer_2024,321,13,3.330149492496214,4.0,0.6698505075037859
augsburg_lfu,dlinear,summer_2024,322,13,3.47915869508241,4.0,0.5208413049175902
augsburg_lfu,dlinear,summer_2024,323,13,3.3388469423350147,4.0,0.6611530576649853
augsburg_lfu,dlinear,summer_2024,324,13,3.579377758425313,5.0,1.4206222415746872
augsburg_lfu,dlinear,summer_2024,325,13,3.9180798366533156,5.0,1.0819201633466844
augsburg_lfu,dlinear,summer_2024,326,13,3.816236672924421,5.0,1.183763327075579
augsburg_lfu,dlinear,summer_2024,327,13,3.9467584705169783,6.0,2.0532415294830217
augsburg_lfu,dlinear,summer_2024,328,13,3.780691242442343,5.0,1.2193087575576569
augsburg_lfu,dlinear,summer_2024,329,13,3.715767695974609,5.0,1.284232304025391
augsburg_lfu,dlinear,summer_2024,330,13,4.016584071592585,5.0,0.9834159284074149
augsburg_lfu,dlinear,summer_2024,331,13,4.476636500600892,6.0,1.5233634993991076
augsburg_lfu,dlinear,summer_2024,332,13,5.371127649846929,4.0,1.3711276498469287
augsburg_lfu,dlinear,summer_2024,333,13,5.861511406691691,3.0,2.861511406691691
augsburg_lfu,dlinear,summer_2024,334,13,6.225863662550653,3.0,3.225863662550653
augsburg_lfu,dlinear,summer_2024,335,13,6.572059339767886,3.0,3.572059339767886
augsburg_lfu,dlinear,summer_2024,336,14,6.629182622061974,4.0,2.6291826220619736
augsburg_lfu,dlinear,summer_2024,337,14,6.277292317242455,5.0,1.2772923172424546
augsburg_lfu,dlinear,summer_2024,338,14,6.284167890873827,5.0,1.2841678908738272
augsburg_lfu,dlinear,summer_2024,339,14,6.507838335499704,4.0,2.507838335499704
augsburg_lfu,dlinear,summer_2024,340,14,6.9076837430355384,5.0,1.9076837430355384
augsburg_lfu,dlinear,summer_2024,341,14,6.760834285753706,5.0,1.760834285753706
augsburg_lfu,dlinear,summer_2024,342,14,6.026473899038445,4.0,2.0264738990384448
augsburg_lfu,dlinear,summer_2024,343,14,4.957122418122537,5.0,0.04287758187746338
augsburg_lfu,dlinear,summer_2024,344,14,4.471497270314494,4.0,0.47149727031449373
augsburg_lfu,dlinear,summer_2024,345,14,4.194039751229455,5.0,0.8059602487705453
augsburg_lfu,dlinear,summer_2024,346,14,4.162682052315389,6.0,1.8373179476846113
augsburg_lfu,dlinear,summer_2024,347,14,4.390925014927448,6.0,1.609074985072552
augsburg_lfu,dlinear,summer_2024,348,14,4.5457391976527335,7.0,2.4542608023472665
augsburg_lfu,dlinear,summer_2024,349,14,5.346667476156904,9.0,3.653332523843096
augsburg_lfu,dlinear,summer_2024,350,14,5.762927665874487,10.0,4.237072334125513
augsburg_lfu,dlinear,summer_2024,351,14,6.354036170008766,10.0,3.645963829991234
augsburg_lfu,dlinear,summer_2024,352,14,6.841413311203565,10.0,3.1585866887964347
augsburg_lfu,dlinear,summer_2024,353,14,7.484767121095909,11.0,3.515232878904091
augsburg_lfu,dlinear,summer_2024,354,14,8.099252150672632,11.0,2.9007478493273684
augsburg_lfu,dlinear,summer_2024,355,14,8.919290840680766,10.0,1.080709159319234
augsburg_lfu,dlinear,summer_2024,356,14,10.357913111425244,11.0,0.6420868885747559
augsburg_lfu,dlinear,summer_2024,357,14,11.660190223560788,8.0,3.6601902235607877
augsburg_lfu,dlinear,summer_2024,358,14,12.130122246058544,7.0,5.130122246058544
augsburg_lfu,dlinear,summer_2024,359,14,12.329185854497645,5.0,7.329185854497645
augsburg_lfu,dlinear,summer_2024,360,15,11.318846382085574,6.0,5.3188463820855745
augsburg_lfu,dlinear,summer_2024,361,15,9.096243166124077,7.0,2.0962431661240775
augsburg_lfu,dlinear,summer_2024,362,15,7.5201235587553485,7.0,0.5201235587553485
augsburg_lfu,dlinear,summer_2024,363,15,6.857392837947979,8.0,1.1426071620520206
augsburg_lfu,dlinear,summer_2024,364,15,7.146254380536458,8.0,0.8537456194635418
augsburg_lfu,dlinear,summer_2024,365,15,7.253349630300987,7.0,0.25334963030098656
augsburg_lfu,dlinear,summer_2024,366,15,6.89091076618333,6.0,0.89091076618333
augsburg_lfu,dlinear,summer_2024,367,15,5.617411141329595,5.0,0.6174111413295948
augsburg_lfu,dlinear,summer_2024,368,15,4.782587548337784,6.0,1.2174124516622156
augsburg_lfu,dlinear,summer_2024,369,15,3.931999132199672,6.0,2.068000867800328
augsburg_lfu,dlinear,summer_2024,370,15,3.222700830474866,5.0,1.7772991695251341
augsburg_lfu,dlinear,summer_2024,371,15,2.6574292018874752,6.0,3.3425707981125248
augsburg_lfu,dlinear,summer_2024,372,15,2.624566665695159,6.0,3.375433334304841
augsburg_lfu,dlinear,summer_2024,373,15,2.64670900305219,4.0,1.35329099694781
augsburg_lfu,dlinear,summer_2024,374,15,2.7110607598408825,4.0,1.2889392401591175
augsburg_lfu,dlinear,summer_2024,375,15,2.7976275187627353,5.0,2.2023724812372647
augsburg_lfu,dlinear,summer_2024,376,15,3.4309180981987213,5.0,1.5690819018012787
augsburg_lfu,dlinear,summer_2024,377,15,4.06388757689523,4.0,0.06388757689522961
augsburg_lfu,dlinear,summer_2024,378,15,4.975910397194183,4.0,0.9759103971941832
augsburg_lfu,dlinear,summer_2024,379,15,5.762522641074752,4.0,1.762522641074752
augsburg_lfu,dlinear,summer_2024,380,15,6.523904138155949,3.0,3.523904138155949
augsburg_lfu,dlinear,summer_2024,381,15,6.977806737055151,2.0,4.977806737055151
augsburg_lfu,dlinear,summer_2024,382,15,6.682517326695439,2.0,4.682517326695439
augsburg_lfu,dlinear,summer_2024,383,15,5.741082942631706,1.0,4.741082942631706
augsburg_lfu,dlinear,summer_2024,384,16,5.196960769871566,1.0,4.196960769871566
augsburg_lfu,dlinear,summer_2024,385,16,4.8250696632385175,2.0,2.8250696632385175
augsburg_lfu,dlinear,summer_2024,386,16,4.41660792357232,2.0,2.41660792357232
augsburg_lfu,dlinear,summer_2024,387,16,4.187542352657356,2.0,2.1875423526573563
augsburg_lfu,dlinear,summer_2024,388,16,4.415907244008336,2.0,2.415907244008336
augsburg_lfu,dlinear,summer_2024,389,16,4.788435071141578,2.0,2.7884350711415777
augsburg_lfu,dlinear,summer_2024,390,16,4.738380428159827,2.0,2.738380428159827
augsburg_lfu,dlinear,summer_2024,391,16,4.724186461663861,3.0,1.7241864616638614
augsburg_lfu,dlinear,summer_2024,392,16,4.613863479266204,3.0,1.6138634792662039
augsburg_lfu,dlinear,summer_2024,393,16,4.2874675923518915,3.0,1.2874675923518915
augsburg_lfu,dlinear,summer_2024,394,16,3.75691672877103,2.0,1.7569167287710301
augsburg_lfu,dlinear,summer_2024,395,16,3.478199051208456,3.0,0.4781990512084562
augsburg_lfu,dlinear,summer_2024,396,16,3.530671953335592,4.0,0.46932804666440786
augsburg_lfu,dlinear,summer_2024,397,16,3.9438903906736282,6.0,2.0561096093263718
augsburg_lfu,dlinear,summer_2024,398,16,4.491826520297088,6.0,1.5081734797029123
augsburg_lfu,dlinear,summer_2024,399,16,4.8465709428452115,6.0,1.1534290571547885
augsburg_lfu,dlinear,summer_2024,400,16,4.926638401757636,5.0,0.07336159824236432
augsburg_lfu,dlinear,summer_2024,401,16,5.131082780221605,5.0,0.1310827802216048
augsburg_lfu,dlinear,summer_2024,402,16,5.441966907048928,5.0,0.44196690704892827
augsburg_lfu,dlinear,summer_2024,403,16,5.977877134122971,6.0,0.022122865877029163
augsburg_lfu,dlinear,summer_2024,404,16,7.198994675251513,6.0,1.1989946752515133
augsburg_lfu,dlinear,summer_2024,405,16,8.584972263149885,6.0,2.5849722631498846
augsburg_lfu,dlinear,summer_2024,406,16,9.2581210909606,5.0,4.2581210909606
augsburg_lfu,dlinear,summer_2024,407,16,8.823081657460841,4.0,4.8230816574608415
augsburg_lfu,dlinear,summer_2024,408,17,8.266587775320207,6.0,2.2665877753202075
augsburg_lfu,dlinear,summer_2024,409,17,7.991314192379722,6.0,1.991314192379722
augsburg_lfu,dlinear,summer_2024,410,17,7.901237200061496,5.0,2.9012372000614963
augsburg_lfu,dlinear,summer_2024,411,17,7.851732482555993,5.0,2.8517324825559927
augsburg_lfu,dlinear,summer_2024,412,17,7.999710795352658,5.0,2.999710795352658
augsburg_lfu,dlinear,summer_2024,413,17,8.232189539730733,6.0,2.232189539730733
augsburg_lfu,dlinear,summer_2024,414,17,8.421136559662994,4.0,4.421136559662994
augsburg_lfu,dlinear,summer_2024,415,17,7.256927654832193,4.0,3.256927654832193
augsburg_lfu,dlinear,summer_2024,416,17,5.77031927233751,6.0,0.22968072766249037
augsburg_lfu,dlinear,summer_2024,417,17,4.831742899725597,8.0,3.1682571002744027
augsburg_lfu,dlinear,summer_2024,418,17,4.648402880338095,8.0,3.351597119661905
augsburg_lfu,dlinear,summer_2024,419,17,4.969228592716503,8.0,3.0307714072834973
augsburg_lfu,dlinear,summer_2024,420,17,5.0463893928469785,8.0,2.9536106071530215
augsburg_lfu,dlinear,summer_2024,421,17,5.326044641875881,9.0,3.673955358124119
augsburg_lfu,dlinear,summer_2024,422,17,5.59558253596952,9.0,3.4044174640304803
augsburg_lfu,dlinear,summer_2024,423,17,6.132533981682041,10.0,3.867466018317959
augsburg_lfu,dlinear,summer_2024,424,17,6.621975125734346,10.0,3.3780248742656536
augsburg_lfu,dlinear,summer_2024,425,17,7.02429881984575,10.0,2.9757011801542497
augsburg_lfu,dlinear,summer_2024,426,17,7.379334491870822,9.0,1.6206655081291776
augsburg_lfu,dlinear,summer_2024,427,17,8.53972658052033,9.0,0.4602734194796696
augsburg_lfu,dlinear,summer_2024,428,17,10.262660913083717,8.0,2.2626609130837174
augsburg_lfu,dlinear,summer_2024,429,17,11.612974137829248,7.0,4.612974137829248
augsburg_lfu,dlinear,summer_2024,430,17,12.299196087484713,6.0,6.299196087484713
augsburg_lfu,dlinear,summer_2024,431,17,12.225695246298976,7.0,5.225695246298976
augsburg_lfu,dlinear,summer_2024,432,18,12.08690126993858,9.0,3.086901269938579
augsburg_lfu,dlinear,summer_2024,433,18,11.675258359747598,10.0,1.6752583597475983
augsburg_lfu,dlinear,summer_2024,434,18,11.248607162690266,8.0,3.2486071626902664
augsburg_lfu,dlinear,summer_2024,435,18,11.036647785218758,7.0,4.036647785218758
augsburg_lfu,dlinear,summer_2024,436,18,10.640696750753682,8.0,2.6406967507536816
augsburg_lfu,dlinear,summer_2024,437,18,10.395793469358631,9.0,1.3957934693586314
augsburg_lfu,dlinear,summer_2024,438,18,10.800506836982386,8.0,2.800506836982386
augsburg_lfu,dlinear,summer_2024,439,18,9.831475956677458,6.0,3.8314759566774583
augsburg_lfu,dlinear,summer_2024,440,18,8.581208494861926,7.0,1.5812084948619258
augsburg_lfu,dlinear,summer_2024,441,18,7.975048699509668,9.0,1.024951300490332
augsburg_lfu,dlinear,summer_2024,442,18,7.889354232976908,10.0,2.110645767023092
augsburg_lfu,dlinear,summer_2024,443,18,7.784867486524109,11.0,3.215132513475891
augsburg_lfu,dlinear,summer_2024,444,18,8.49438104611939,11.0,2.50561895388061
augsburg_lfu,dlinear,summer_2024,445,18,8.921146278422537,11.0,2.078853721577463
augsburg_lfu,dlinear,summer_2024,446,18,8.856034249775586,11.0,2.143965750224414
augsburg_lfu,dlinear,summer_2024,447,18,8.989514335657137,10.0,1.0104856643428626
augsburg_lfu,dlinear,summer_2024,448,18,9.378219398053373,10.0,0.621780601946627
augsburg_lfu,dlinear,summer_2024,449,18,10.111199481017113,11.0,0.8888005189828867
augsburg_lfu,dlinear,summer_2024,450,18,10.543056416854306,10.0,0.5430564168543057
augsburg_lfu,dlinear,summer_2024,451,18,11.225263158064564,10.0,1.225263158064564
augsburg_lfu,dlinear,summer_2024,452,18,12.762867574667782,24.0,11.237132425332218
augsburg_lfu,dlinear,summer_2024,453,18,14.617813697371526,17.0,2.382186302628474
augsburg_lfu,dlinear,summer_2024,454,18,14.87838348598029,7.0,7.87838348598029
augsburg_lfu,dlinear,summer_2024,455,18,14.49335036580712,5.0,9.49335036580712
augsburg_lfu,dlinear,summer_2024,456,19,13.396214023442855,6.0,7.396214023442855
augsburg_lfu,dlinear,summer_2024,457,19,12.322915495962054,8.0,4.322915495962054
augsburg_lfu,dlinear,summer_2024,458,19,11.928674944768655,10.0,1.9286749447686553
augsburg_lfu,dlinear,summer_2024,459,19,11.591351120526319,9.0,2.591351120526319
augsburg_lfu,dlinear,summer_2024,460,19,11.586408641913984,8.0,3.586408641913984
augsburg_lfu,dlinear,summer_2024,461,19,11.042257875733593,10.0,1.0422578757335934
augsburg_lfu,dlinear,summer_2024,462,19,10.736751534324457,10.0,0.7367515343244566
augsburg_lfu,dlinear,summer_2024,463,19,9.80690179499292,9.0,0.8069017949929194
augsburg_lfu,dlinear,summer_2024,464,19,8.727392048060057,10.0,1.2726079519399427
augsburg_lfu,dlinear,summer_2024,465,19,7.927176964306752,12.0,4.072823035693248
augsburg_lfu,dlinear,summer_2024,466,19,7.830785988659912,13.0,5.169214011340088
augsburg_lfu,dlinear,summer_2024,467,19,8.28549299776643,12.0,3.714507002233571
augsburg_lfu,dlinear,summer_2024,468,19,8.681241709875009,11.0,2.3187582901249915
augsburg_lfu,dlinear,summer_2024,469,19,9.413667012745933,10.0,0.5863329872540675
augsburg_lfu,dlinear,summer_2024,470,19,10.648085386592784,11.0,0.3519146134072155
augsburg_lfu,dlinear,summer_2024,471,19,10.736321859510955,8.0,2.736321859510955
augsburg_lfu,dlinear,summer_2024,472,19,10.896337157710889,5.0,5.896337157710889
augsburg_lfu,dlinear,summer_2024,473,19,11.243498843636436,5.0,6.243498843636436
augsburg_lfu,dlinear,summer_2024,474,19,12.071190548399954,5.0,7.071190548399954
augsburg_lfu,dlinear,summer_2024,475,19,13.537378274423626,9.0,4.5373782744236255
augsburg_lfu,dlinear,summer_2024,476,19,14.89962452134585,9.0,5.899624521345849
augsburg_lfu,dlinear,summer_2024,477,19,15.390238479263472,8.0,7.390238479263472
augsburg_lfu,dlinear,summer_2024,478,19,15.242219770451186,9.0,6.242219770451186
augsburg_lfu,dlinear,summer_2024,479,19,15.810841463987074,10.0,5.8108414639870745
augsburg_lfu,dlinear,summer_2024,480,20,14.580556434061105,11.0,3.580556434061105
augsburg_lfu,dlinear,summer_2024,481,20,13.968871492156664,13.0,0.9688714921566639
augsburg_lfu,dlinear,summer_2024,482,20,13.933075363738116,12.0,1.9330753637381157
augsburg_lfu,dlinear,summer_2024,483,20,14.193815972000653,11.0,3.193815972000653
augsburg_lfu,dlinear,summer_2024,484,20,14.459900604962879,12.0,2.459900604962879
augsburg_lfu,dlinear,summer_2024,485,20,14.615024496453444,12.0,2.6150244964534437
augsburg_lfu,dlinear,summer_2024,486,20,13.918010464234108,10.0,3.918010464234108
augsburg_lfu,dlinear,summer_2024,487,20,12.540113972226107,8.0,4.5401139722261075
augsburg_lfu,dlinear,summer_2024,488,20,11.611016487649092,10.0,1.611016487649092
augsburg_lfu,dlinear,summer_2024,489,20,11.11615043745329,12.0,0.8838495625467093
augsburg_lfu,dlinear,summer_2024,490,20,10.713380024988112,14.0,3.286619975011888
augsburg_lfu,dlinear,summer_2024,491,20,10.37777841454671,14.0,3.622221585453291
augsburg_lfu,dlinear,summer_2024,492,20,9.979214030345116,12.0,2.0207859696548844
augsburg_lfu,dlinear,summer_2024,493,20,9.90185372580424,11.0,1.0981462741957593
augsburg_lfu,dlinear,summer_2024,494,20,10.271560464067607,10.0,0.2715604640676066
augsburg_lfu,dlinear,summer_2024,495,20,10.618817853412562,11.0,0.3811821465874381
augsburg_lfu,dlinear,summer_2024,496,20,10.940743531016555,11.0,0.05925646898344539
augsburg_lfu,dlinear,summer_2024,497,20,12.218438753156054,10.0,2.218438753156054
augsburg_lfu,dlinear,summer_2024,498,20,12.625140912856004,6.0,6.625140912856004
augsburg_lfu,dlinear,summer_2024,499,20,12.714051391782526,5.0,7.714051391782526
augsburg_lfu,dlinear,summer_2024,500,20,11.935120376809332,4.0,7.935120376809332
augsburg_lfu,dlinear,summer_2024,501,20,10.57991620586663,4.0,6.579916205866629
augsburg_lfu,dlinear,summer_2024,502,20,9.620721333123713,5.0,4.620721333123713
augsburg_lfu,dlinear,summer_2024,503,20,7.858181127536905,3.0,4.858181127536905
augsburg_lfu,dlinear,summer_2024,504,21,5.943703430586864,3.0,2.943703430586864
augsburg_lfu,dlinear,summer_2024,505,21,4.524884613823138,4.0,0.5248846138231382
augsburg_lfu,dlinear,summer_2024,506,21,3.8506170516232068,3.0,0.8506170516232068
augsburg_lfu,dlinear,summer_2024,507,21,3.472735012355476,3.0,0.4727350123554759
augsburg_lfu,dlinear,summer_2024,508,21,3.4277963927353765,3.0,0.4277963927353765
augsburg_lfu,dlinear,summer_2024,509,21,3.429668251258872,3.0,0.42966825125887187
augsburg_lfu,dlinear,summer_2024,510,21,3.599031570429234,4.0,0.40096842957076584
augsburg_lfu,dlinear,summer_2024,511,21,3.411980047470252,4.0,0.588019952529748
augsburg_lfu,dlinear,summer_2024,512,21,3.0024639042391392,5.0,1.9975360957608608
augsburg_lfu,dlinear,summer_2024,513,21,2.6375383098386047,6.0,3.3624616901613953
augsburg_lfu,dlinear,summer_2024,514,21,2.5462675321422705,7.0,4.45373246785773
augsburg_lfu,dlinear,summer_2024,515,21,2.903309392037487,7.0,4.096690607962513
augsburg_lfu,dlinear,summer_2024,516,21,4.34217417631104,7.0,2.6578258236889596
augsburg_lfu,dlinear,summer_2024,517,21,5.287443464785807,4.0,1.2874434647858068
augsburg_lfu,dlinear,summer_2024,518,21,5.006862566561347,3.0,2.006862566561347
augsburg_lfu,dlinear,summer_2024,519,21,5.009473974956219,5.0,0.009473974956218711
augsburg_lfu,dlinear,summer_2024,520,21,5.140491823068088,6.0,0.8595081769319117
augsburg_lfu,dlinear,summer_2024,521,21,5.560753635943459,5.0,0.5607536359434588
augsburg_lfu,dlinear,summer_2024,522,21,6.583326185062092,4.0,2.5833261850620923
augsburg_lfu,dlinear,summer_2024,523,21,7.468588827121982,3.0,4.468588827121982
augsburg_lfu,dlinear,summer_2024,524,21,8.550511662809706,2.0,6.550511662809706
augsburg_lfu,dlinear,summer_2024,525,21,8.431741153559127,3.0,5.431741153559127
augsburg_lfu,dlinear,summer_2024,526,21,7.779606464239455,4.0,3.779606464239455
augsburg_lfu,dlinear,summer_2024,527,21,6.3319698923953265,4.0,2.3319698923953265
augsburg_lfu,dlinear,summer_2024,528,22,4.975294598301967,3.0,1.975294598301967
augsburg_lfu,dlinear,summer_2024,529,22,4.058108857181423,2.0,2.0581088571814226
augsburg_lfu,dlinear,summer_2024,530,22,3.8799060166551476,2.0,1.8799060166551476
augsburg_lfu,dlinear,summer_2024,531,22,3.9026932915426795,2.0,1.9026932915426795
augsburg_lfu,dlinear,summer_2024,532,22,4.136805186586042,2.0,2.1368051865860416
augsburg_lfu,dlinear,summer_2024,533,22,4.854483098898861,2.0,2.8544830988988608
augsburg_lfu,dlinear,summer_2024,534,22,4.7508146802162265,3.0,1.7508146802162265
augsburg_lfu,dlinear,summer_2024,535,22,3.922111837024543,4.0,0.07788816297545686
augsburg_lfu,dlinear,summer_2024,536,22,2.9194977631281622,3.0,0.08050223687183777
augsburg_lfu,dlinear,summer_2024,537,22,2.0970795371384523,2.0,0.0970795371384523
augsburg_lfu,dlinear,summer_2024,538,22,1.851778976501637,2.0,0.14822102349836297
augsburg_lfu,dlinear,summer_2024,539,22,2.230113668824934,2.0,0.2301136688249339
augsburg_lfu,dlinear,summer_2024,540,22,2.5693043880623647,2.0,0.5693043880623647
augsburg_lfu,dlinear,summer_2024,541,22,2.9480757461880134,3.0,0.05192425381198662
augsburg_lfu,dlinear,summer_2024,542,22,3.591577316418987,3.0,0.591577316418987
augsburg_lfu,dlinear,summer_2024,543,22,4.102722993147397,4.0,0.10272299314739719
augsburg_lfu,dlinear,summer_2024,544,22,4.208386255561271,5.0,0.7916137444387292
augsburg_lfu,dlinear,summer_2024,545,22,4.469930542046437,5.0,0.5300694579535632
augsburg_lfu,dlinear,summer_2024,546,22,5.02340133536944,5.0,0.023401335369439558
augsburg_lfu,dlinear,summer_2024,547,22,7.6534753632903385,5.0,2.6534753632903385
augsburg_lfu,dlinear,summer_2024,548,22,8.078069555753265,3.0,5.078069555753265
augsburg_lfu,dlinear,summer_2024,549,22,7.247279905481844,2.0,5.247279905481844
augsburg_lfu,dlinear,summer_2024,550,22,6.082148841161061,2.0,4.082148841161061
augsburg_lfu,dlinear,summer_2024,551,22,4.5699869624619875,3.0,1.5699869624619875
augsburg_lfu,dlinear,summer_2024,552,23,3.288030311478623,4.0,0.7119696885213771
augsburg_lfu,dlinear,summer_2024,553,23,2.550914009760397,3.0,0.44908599023960294
augsburg_lfu,dlinear,summer_2024,554,23,2.276819873074041,2.0,0.2768198730740412
augsburg_lfu,dlinear,summer_2024,555,23,2.2718873445411476,2.0,0.2718873445411476
augsburg_lfu,dlinear,summer_2024,556,23,2.6834441118601466,3.0,0.31655588813985336
augsburg_lfu,dlinear,summer_2024,557,23,3.2249269846790845,3.0,0.22492698467908445
augsburg_lfu,dlinear,summer_2024,558,23,3.3170713187994645,2.0,1.3170713187994645
augsburg_lfu,dlinear,summer_2024,559,23,2.6954495253425512,2.0,0.6954495253425512
augsburg_lfu,dlinear,summer_2024,560,23,2.2269178964643057,2.0,0.2269178964643057
augsburg_lfu,dlinear,summer_2024,561,23,1.9049912239960685,3.0,1.0950087760039315
augsburg_lfu,dlinear,summer_2024,562,23,1.5522067107487931,3.0,1.4477932892512069
augsburg_lfu,dlinear,summer_2024,563,23,1.7148001518419187,3.0,1.2851998481580813
augsburg_lfu,dlinear,summer_2024,564,23,2.214932849320011,3.0,0.7850671506799891
augsburg_lfu,dlinear,summer_2024,565,23,2.349007052755403,3.0,0.650992947244597
augsburg_lfu,dlinear,summer_2024,566,23,2.5570890182608763,3.0,0.4429109817391237
augsburg_lfu,dlinear,summer_2024,567,23,3.0725142171065793,3.0,0.07251421710657935
augsburg_lfu,dlinear,summer_2024,568,23,3.391692365908165,3.0,0.39169236590816503
augsburg_lfu,dlinear,summer_2024,569,23,3.674191800334272,4.0,0.3258081996657278
augsburg_lfu,dlinear,summer_2024,570,23,4.189090524353809,4.0,0.18909052435380858
augsburg_lfu,dlinear,summer_2024,571,23,5.00898405936926,5.0,0.008984059369259612
augsburg_lfu,dlinear,summer_2024,572,23,5.968536435199528,5.0,0.9685364351995283
augsburg_lfu,dlinear,summer_2024,573,23,6.433033294228155,4.0,2.4330332942281547
augsburg_lfu,dlinear,summer_2024,574,23,6.6342000995405535,4.0,2.6342000995405535
augsburg_lfu,dlinear,summer_2024,575,23,6.765139648473082,4.0,2.765139648473082
augsburg_lfu,dlinear,summer_2024,576,24,7.265240240357232,3.0,4.265240240357232
augsburg_lfu,dlinear,summer_2024,577,24,6.823594165801835,3.0,3.8235941658018353
augsburg_lfu,dlinear,summer_2024,578,24,6.362386524504263,3.0,3.362386524504263
augsburg_lfu,dlinear,summer_2024,579,24,6.140374759247319,4.0,2.140374759247319
augsburg_lfu,dlinear,summer_2024,580,24,6.23421752596185,4.0,2.23421752596185
augsburg_lfu,dlinear,summer_2024,581,24,6.241581975282351,5.0,1.241581975282351
augsburg_lfu,dlinear,summer_2024,582,24,6.471712884139401,4.0,2.471712884139401
augsburg_lfu,dlinear,summer_2024,583,24,5.369868956644817,4.0,1.369868956644817
augsburg_lfu,dlinear,summer_2024,584,24,4.050219475398255,3.0,1.0502194753982552
augsburg_lfu,dlinear,summer_2024,585,24,3.3228227552154266,3.0,0.3228227552154266
augsburg_lfu,dlinear,summer_2024,586,24,3.274637716726968,4.0,0.7253622832730322
augsburg_lfu,dlinear,summer_2024,587,24,3.342365083050485,5.0,1.6576349169495148
augsburg_lfu,dlinear,summer_2024,588,24,3.750009191226681,6.0,2.249990808773319
augsburg_lfu,dlinear,summer_2024,589,24,4.004960397656708,6.0,1.995039602343292
augsburg_lfu,dlinear,summer_2024,590,24,4.276437980844165,7.0,2.7235620191558354
augsburg_lfu,dlinear,summer_2024,591,24,4.665374055567515,7.0,2.334625944432485
augsburg_lfu,dlinear,summer_2024,592,24,5.0295243772544085,7.0,1.9704756227455915
augsburg_lfu,dlinear,summer_2024,593,24,5.554704323870802,7.0,1.4452956761291977
augsburg_lfu,dlinear,summer_2024,594,24,6.233674377542017,7.0,0.7663256224579831
augsburg_lfu,dlinear,summer_2024,595,24,7.315006046310755,6.0,1.3150060463107547
augsburg_lfu,dlinear,summer_2024,596,24,8.03268307716348,7.0,1.0326830771634796
augsburg_lfu,dlinear,summer_2024,597,24,8.538064168449248,6.0,2.5380641684492478
augsburg_lfu,dlinear,summer_2024,598,24,8.613893858399342,6.0,2.613893858399342
augsburg_lfu,dlinear,summer_2024,599,24,8.463863022123435,6.0,2.4638630221234354
augsburg_lfu,dlinear,summer_2024,600,25,8.413452800898986,5.0,3.4134528008989857
augsburg_lfu,dlinear,summer_2024,601,25,8.501562620834104,5.0,3.501562620834104
augsburg_lfu,dlinear,summer_2024,602,25,8.565587996689066,6.0,2.5655879966890662
augsburg_lfu,dlinear,summer_2024,603,25,8.851533316371784,6.0,2.8515333163717838
augsburg_lfu,dlinear,summer_2024,604,25,8.903572937172406,6.0,2.903572937172406
augsburg_lfu,dlinear,summer_2024,605,25,8.689779789446849,6.0,2.689779789446849
augsburg_lfu,dlinear,summer_2024,606,25,8.294669323971577,6.0,2.2946693239715774
augsburg_lfu,dlinear,summer_2024,607,25,7.394074406206936,4.0,3.3940744062069363
augsburg_lfu,dlinear,summer_2024,608,25,6.400395933872523,5.0,1.400395933872523
augsburg_lfu,dlinear,summer_2024,609,25,5.737485503680692,8.0,2.262514496319308
augsburg_lfu,dlinear,summer_2024,610,25,5.421715310188751,9.0,3.578284689811249
augsburg_lfu,dlinear,summer_2024,611,25,5.645776801633836,9.0,3.3542231983661637
augsburg_lfu,dlinear,summer_2024,612,25,5.73350434606827,9.0,3.26649565393173
augsburg_lfu,dlinear,summer_2024,613,25,6.175757163806165,9.0,2.824242836193835
augsburg_lfu,dlinear,summer_2024,614,25,6.376800370636536,10.0,3.623199629363464
augsburg_lfu,dlinear,summer_2024,615,25,6.933587669649147,10.0,3.066412330350853
augsburg_lfu,dlinear,summer_2024,616,25,7.413643978072312,11.0,3.5863560219276884
augsburg_lfu,dlinear,summer_2024,617,25,7.835545875376942,10.0,2.1644541246230578
augsburg_lfu,dlinear,summer_2024,618,25,8.679672304191602,10.0,1.3203276958083983
augsburg_lfu,dlinear,summer_2024,619,25,9.633869461833747,10.0,0.36613053816625296
augsburg_lfu,dlinear,summer_2024,620,25,11.03435299291852,10.0,1.0343529929185191
augsburg_lfu,dlinear,summer_2024,621,25,12.102684340884581,10.0,2.102684340884581
augsburg_lfu,dlinear,summer_2024,622,25,13.101131482845812,9.0,4.101131482845812
augsburg_lfu,dlinear,summer_2024,623,25,12.999829312254038,7.0,5.999829312254038
augsburg_lfu,dlinear,summer_2024,624,26,12.459801014937302,7.0,5.459801014937302
augsburg_lfu,dlinear,summer_2024,625,26,12.70921432956628,9.0,3.7092143295662794
augsburg_lfu,dlinear,summer_2024,626,26,13.092097807017524,10.0,3.092097807017524
augsburg_lfu,dlinear,summer_2024,627,26,13.186107618930095,9.0,4.1861076189300945
augsburg_lfu,dlinear,summer_2024,628,26,13.2662419559015,10.0,3.2662419559014992
augsburg_lfu,dlinear,summer_2024,629,26,12.916453636756732,11.0,1.9164536367567315
augsburg_lfu,dlinear,summer_2024,630,26,12.245351317134544,10.0,2.245351317134544
augsburg_lfu,dlinear,summer_2024,631,26,10.769209192488681,9.0,1.769209192488681
augsburg_lfu,dlinear,summer_2024,632,26,9.491470512673331,9.0,0.491470512673331
augsburg_lfu,dlinear,summer_2024,633,26,8.057306631971631,11.0,2.942693368028369
augsburg_lfu,dlinear,summer_2024,634,26,7.377324636464973,13.0,5.622675363535027
augsburg_lfu,dlinear,summer_2024,635,26,7.480948277600572,12.0,4.519051722399428
augsburg_lfu,dlinear,summer_2024,636,26,7.368565860916798,11.0,3.6314341390832023
augsburg_lfu,dlinear,summer_2024,637,26,7.73490239442573,11.0,3.2650976055742698
augsburg_lfu,dlinear,summer_2024,638,26,8.078639011595266,11.0,2.921360988404734
augsburg_lfu,dlinear,summer_2024,639,26,8.7041349601973,11.0,2.2958650398027007
augsburg_lfu,dlinear,summer_2024,640,26,9.419954018462885,12.0,2.580045981537115
augsburg_lfu,dlinear,summer_2024,641,26,10.316274163592453,12.0,1.6837258364075467
augsburg_lfu,dlinear,summer_2024,642,26,11.726491204966209,12.0,0.27350879503379133
augsburg_lfu,dlinear,summer_2024,643,26,13.629381938175465,9.0,4.629381938175465
augsburg_lfu,dlinear,summer_2024,644,26,13.713323231556766,7.0,6.713323231556766
augsburg_lfu,dlinear,summer_2024,645,26,13.618548808042462,7.0,6.618548808042462
augsburg_lfu,dlinear,summer_2024,646,26,14.647384115471311,7.0,7.647384115471311
augsburg_lfu,dlinear,summer_2024,647,26,13.852940107986,9.0,4.852940107986001
augsburg_lfu,dlinear,summer_2024,648,27,12.616600649998803,12.0,0.6166006499988033
augsburg_lfu,dlinear,summer_2024,649,27,12.024154832848332,13.0,0.9758451671516681
augsburg_lfu,dlinear,summer_2024,650,27,11.925534887284872,13.0,1.074465112715128
augsburg_lfu,dlinear,summer_2024,651,27,11.18844489953596,13.0,1.8115551004640391
augsburg_lfu,dlinear,summer_2024,652,27,10.26636973198066,11.0,0.7336302680193398
augsburg_lfu,dlinear,summer_2024,653,27,9.322610493959997,5.0,4.322610493959997
augsburg_lfu,dlinear,summer_2024,654,27,7.65343783173153,3.0,4.65343783173153
augsburg_lfu,dlinear,summer_2024,655,27,5.468107931043658,4.0,1.468107931043658
augsburg_lfu,dlinear,summer_2024,656,27,3.726515095511421,3.0,0.726515095511421
augsburg_lfu,dlinear,summer_2024,657,27,2.71878486549089,3.0,0.28121513450911007
augsburg_lfu,dlinear,summer_2024,658,27,2.4563811546865675,3.0,0.5436188453134325
augsburg_lfu,dlinear,summer_2024,659,27,2.3700879384013316,2.0,0.3700879384013316
augsburg_lfu,dlinear,summer_2024,660,27,2.4600622225058033,3.0,0.5399377774941967
augsburg_lfu,dlinear,summer_2024,661,27,2.2825289666848807,4.0,1.7174710333151193
augsburg_lfu,dlinear,summer_2024,662,27,2.8137597758710884,4.0,1.1862402241289116
augsburg_lfu,dlinear,summer_2024,663,27,3.361166875730444,4.0,0.638833124269556
augsburg_lfu,dlinear,summer_2024,664,27,4.095116808533898,4.0,0.09511680853389759
augsburg_lfu,dlinear,summer_2024,665,27,4.90295340402556,4.0,0.9029534040255598
augsburg_lfu,dlinear,summer_2024,666,27,5.648573039712902,5.0,0.6485730397129021
augsburg_lfu,dlinear,summer_2024,667,27,6.6231145558762625,5.0,1.6231145558762625
augsburg_lfu,dlinear,summer_2024,668,27,7.639480913777826,5.0,2.6394809137778257
augsburg_lfu,dlinear,summer_2024,669,27,8.41346454550864,5.0,3.4134645455086403
augsburg_lfu,dlinear,summer_2024,670,27,8.717663845644797,4.0,4.717663845644797
augsburg_lfu,dlinear,summer_2024,671,27,8.869216820887752,4.0,4.869216820887752
augsburg_lfu,dlinear,summer_2024,672,28,8.72062985658246,4.0,4.720629856582461
augsburg_lfu,dlinear,summer_2024,673,28,8.032887930510755,6.0,2.0328879305107552
augsburg_lfu,dlinear,summer_2024,674,28,7.517596725219333,6.0,1.5175967252193328
augsburg_lfu,dlinear,summer_2024,675,28,6.9080738647917475,5.0,1.9080738647917475
augsburg_lfu,dlinear,summer_2024,676,28,6.693607407632073,5.0,1.693607407632073
augsburg_lfu,dlinear,summer_2024,677,28,6.232389283706573,5.0,1.2323892837065733
augsburg_lfu,dlinear,summer_2024,678,28,6.039518074955085,6.0,0.03951807495508497
augsburg_lfu,dlinear,summer_2024,679,28,5.284491965041169,6.0,0.7155080349588312
augsburg_lfu,dlinear,summer_2024,680,28,4.0303762985308875,6.0,1.9696237014691125
augsburg_lfu,dlinear,summer_2024,681,28,3.3138662157058802,5.0,1.6861337842941198
augsburg_lfu,dlinear,summer_2024,682,28,3.4307875685114286,6.0,2.5692124314885714
augsburg_lfu,dlinear,summer_2024,683,28,3.816252550030921,7.0,3.183747449969079
augsburg_lfu,dlinear,summer_2024,684,28,4.615870121643629,7.0,2.3841298783563714
augsburg_lfu,dlinear,summer_2024,685,28,4.97781974019489,8.0,3.0221802598051104
augsburg_lfu,dlinear,summer_2024,686,28,4.989688610910574,9.0,4.010311389089426
augsburg_lfu,dlinear,summer_2024,687,28,5.441237367309598,9.0,3.558762632690402
augsburg_lfu,dlinear,summer_2024,688,28,5.600328040750466,10.0,4.399671959249534
augsburg_lfu,dlinear,summer_2024,689,28,5.853663116696324,10.0,4.146336883303676
augsburg_lfu,dlinear,summer_2024,690,28,6.485700358834851,11.0,4.514299641165149
augsburg_lfu,dlinear,summer_2024,691,28,7.410966933033839,10.0,2.589033066966161
augsburg_lfu,dlinear,summer_2024,692,28,8.795163040012556,10.0,1.2048369599874444
augsburg_lfu,dlinear,summer_2024,693,28,10.394207428302591,9.0,1.3942074283025914
augsburg_lfu,dlinear,summer_2024,694,28,11.227261051818154,8.0,3.2272610518181537
augsburg_lfu,dlinear,summer_2024,695,28,10.868263004610325,8.0,2.8682630046103252
augsburg_lfu,dlinear,summer_2024,696,29,10.395354372156582,8.0,2.395354372156582
augsburg_lfu,dlinear,summer_2024,697,29,10.202484993752357,8.0,2.202484993752357
augsburg_lfu,dlinear,summer_2024,698,29,9.733962451316222,8.0,1.7339624513162217
augsburg_lfu,dlinear,summer_2024,699,29,9.440054022477485,7.0,2.4400540224774847
augsburg_lfu,dlinear,summer_2024,700,29,9.240954864061795,7.0,2.240954864061795
augsburg_lfu,dlinear,summer_2024,701,29,9.178629845066972,8.0,1.1786298450669719
augsburg_lfu,dlinear,summer_2024,702,29,8.887317188707273,8.0,0.8873171887072733
augsburg_lfu,dlinear,summer_2024,703,29,7.498001861768256,7.0,0.4980018617682562
augsburg_lfu,dlinear,summer_2024,704,29,6.459016920616326,6.0,0.4590169206163264
augsburg_lfu,dlinear,summer_2024,705,29,5.995876313898847,6.0,0.004123686101152657
augsburg_lfu,dlinear,summer_2024,706,29,5.836857628621427,7.0,1.163142371378573
augsburg_lfu,dlinear,summer_2024,707,29,6.02409123901603,8.0,1.9759087609839696
augsburg_lfu,dlinear,summer_2024,708,29,6.510781979579782,11.0,4.489218020420218
augsburg_lfu,dlinear,summer_2024,709,29,6.838280100705764,11.0,4.161719899294236
augsburg_lfu,dlinear,summer_2024,710,29,7.423615001243233,12.0,4.576384998756767
augsburg_lfu,dlinear,summer_2024,711,29,8.079008883526988,13.0,4.920991116473012
augsburg_lfu,dlinear,summer_2024,712,29,8.773763407401708,14.0,5.226236592598292
augsburg_lfu,dlinear,summer_2024,713,29,9.541498008165549,15.0,5.458501991834451
augsburg_lfu,dlinear,summer_2024,714,29,10.334072228955964,15.0,4.665927771044036
augsburg_lfu,dlinear,summer_2024,715,29,11.67009975726141,16.0,4.32990024273859
augsburg_lfu,dlinear,summer_2024,716,29,13.53173448565978,16.0,2.468265514340221
augsburg_lfu,dlinear,summer_2024,717,29,14.855598118469459,14.0,0.8555981184694588
augsburg_lfu,dlinear,summer_2024,718,29,15.305105608312788,13.0,2.305105608312788
augsburg_lfu,dlinear,summer_2024,719,29,16.475320824805497,11.0,5.475320824805497
augsburg_lfu,dlinear,summer_2024,720,30,15.856001531853712,12.0,3.856001531853712
augsburg_lfu,dlinear,summer_2024,721,30,15.164271119412822,17.0,1.8357288805871779
augsburg_lfu,dlinear,summer_2024,722,30,14.782573169456924,19.0,4.217426830543076
augsburg_lfu,dlinear,summer_2024,723,30,14.546885998876878,15.0,0.4531140011231223
augsburg_lfu,dlinear,summer_2024,724,30,14.311120419858655,13.0,1.3111204198586552
augsburg_lfu,dlinear,summer_2024,725,30,13.408778467087501,13.0,0.408778467087501
augsburg_lfu,dlinear,summer_2024,726,30,12.218629018714973,13.0,0.7813709812850274
augsburg_lfu,dlinear,summer_2024,727,30,10.525395969190598,13.0,2.4746040308094024
augsburg_lfu,dlinear,summer_2024,728,30,9.100867066935137,16.0,6.8991329330648625
augsburg_lfu,dlinear,summer_2024,729,30,8.734941484190497,16.0,7.265058515809503
augsburg_lfu,dlinear,summer_2024,730,30,8.993694414260196,15.0,6.006305585739804
augsburg_lfu,dlinear,summer_2024,731,30,9.47105611768919,16.0,6.528943882310809
augsburg_lfu,dlinear,summer_2024,732,30,9.931793660815782,17.0,7.0682063391842185
augsburg_lfu,dlinear,summer_2024,733,30,10.329580669143164,18.0,7.670419330856836
augsburg_lfu,dlinear,summer_2024,734,30,10.73312326408805,19.0,8.26687673591195
augsburg_lfu,dlinear,summer_2024,735,30,10.995299769642868,18.0,7.004700230357132
augsburg_lfu,dlinear,summer_2024,736,30,11.394516223239462,22.0,10.605483776760538
augsburg_lfu,dlinear,summer_2024,737,30,12.555354824509411,18.0,5.444645175490589
augsburg_lfu,dlinear,summer_2024,738,30,13.185554299790645,14.0,0.8144457002093546
augsburg_lfu,dlinear,summer_2024,739,30,14.016897580748187,12.0,2.0168975807481875
augsburg_lfu,dlinear,summer_2024,740,30,15.00565879177653,7.0,8.00565879177653
augsburg_lfu,dlinear,summer_2024,741,30,13.240367444351804,7.0,6.240367444351804
augsburg_lfu,dlinear,summer_2024,742,30,11.172941890486904,6.0,5.172941890486904
augsburg_lfu,dlinear,summer_2024,743,30,9.584573148824363,6.0,3.5845731488243633
augsburg_lfu,dlinear,summer_2024,744,31,8.243509230557393,4.0,4.243509230557393
augsburg_lfu,dlinear,summer_2024,745,31,7.148730433405064,3.0,4.148730433405064
augsburg_lfu,dlinear,summer_2024,746,31,6.3523154148378795,4.0,2.3523154148378795
augsburg_lfu,dlinear,summer_2024,747,31,6.013513463315469,4.0,2.013513463315469
augsburg_lfu,dlinear,summer_2024,748,31,5.846170053889311,4.0,1.8461700538893107
augsburg_lfu,dlinear,summer_2024,749,31,5.522633860302324,4.0,1.5226338603023244
augsburg_lfu,dlinear,summer_2024,750,31,5.236530224190183,4.0,1.236530224190183
augsburg_lfu,dlinear,summer_2024,751,31,4.4338967419827355,5.0,0.5661032580172645
augsburg_lfu,dlinear,summer_2024,752,31,3.8464555096980657,6.0,2.1535444903019343
augsburg_lfu,dlinear,summer_2024,753,31,4.015148877902171,8.0,3.9848511220978287
augsburg_lfu,dlinear,summer_2024,754,31,4.534277507997832,8.0,3.4657224920021683
augsburg_lfu,dlinear,summer_2024,755,31,5.598685705119248,8.0,2.401314294880752
augsburg_lfu,dlinear,summer_2024,756,31,6.703696551443355,9.0,2.296303448556645
augsburg_lfu,dlinear,summer_2024,757,31,7.345678737243146,7.0,0.345678737243146
augsburg_lfu,dlinear,summer_2024,758,31,7.11911771161528,7.0,0.11911771161527973
augsburg_lfu,dlinear,summer_2024,759,31,6.560558848629357,7.0,0.43944115137064266
augsburg_lfu,dlinear,summer_2024,760,31,6.541496928280376,8.0,1.4585030717196243
augsburg_lfu,dlinear,summer_2024,761,31,7.191847506830496,8.0,0.8081524931695041
augsburg_lfu,dlinear,summer_2024,762,31,7.652154307586011,7.0,0.6521543075860112
augsburg_lfu,dlinear,summer_2024,763,31,8.524050554208097,8.0,0.5240505542080971
augsburg_lfu,dlinear,summer_2024,764,31,9.0728206823935,8.0,1.0728206823935
augsburg_lfu,dlinear,summer_2024,765,31,9.419933449698176,8.0,1.419933449698176
augsburg_lfu,dlinear,summer_2024,766,31,10.057263938786273,6.0,4.057263938786273
augsburg_lfu,dlinear,summer_2024,767,31,10.366210423397826,6.0,4.366210423397826
augsburg_lfu,dlinear,summer_2024,768,32,10.526734183315963,6.0,4.526734183315963
augsburg_lfu,dlinear,summer_2024,769,32,9.86572060245456,8.0,1.8657206024545605
augsburg_lfu,dlinear,summer_2024,770,32,9.80834681842151,11.0,1.1916531815784897
augsburg_lfu,dlinear,summer_2024,771,32,9.64859130465693,11.0,1.3514086953430695
augsburg_lfu,dlinear,summer_2024,772,32,9.106359583533536,10.0,0.8936404164664644
augsburg_lfu,dlinear,summer_2024,773,32,8.743898197387432,9.771428571428572,1.02753037404114
augsburg_lfu,dlinear,summer_2024,774,32,8.140214547186305,9.542857142857144,1.402642595670839
augsburg_lfu,dlinear,summer_2024,775,32,6.784253533926542,9.314285714285717,2.530032180359175
augsburg_lfu,dlinear,summer_2024,776,32,5.227567787231173,9.085714285714284,3.8581464984831104
augsburg_lfu,dlinear,summer_2024,777,32,4.731155224435206,8.857142857142858,4.125987632707652
augsburg_lfu,dlinear,summer_2024,778,32,4.062536563137643,8.628571428571428,4.566034865433785
augsburg_lfu,dlinear,summer_2024,779,32,,7.0,
augsburg_lfu,dlinear,summer_2024,780,32,,8.0,
augsburg_lfu,dlinear,summer_2024,781,32,,7.0,
augsburg_lfu,dlinear,summer_2024,782,32,,5.0,
augsburg_lfu,dlinear,summer_2024,783,32,,5.0,
augsburg_lfu,dlinear,summer_2024,784,32,,4.0,
augsburg_lfu,dlinear,summer_2024,785,32,,3.0,
augsburg_lfu,dlinear,summer_2024,786,32,,2.0,
augsburg_lfu,dlinear,summer_2024,787,32,,2.0,
augsburg_lfu,dlinear,summer_2024,788,32,,3.0,
augsburg_lfu,dlinear,summer_2024,789,32,,4.0,
augsburg_lfu,dlinear,summer_2024,790,32,,3.0,
augsburg_lfu,dlinear,summer_2024,791,32,,2.0,
augsburg_lfu,dlinear,summer_2024,792,33,,2.0,
augsburg_lfu,dlinear,summer_2024,793,33,,3.0,
augsburg_lfu,dlinear,summer_2024,794,33,,3.0,
augsburg_lfu,dlinear,summer_2024,795,33,,1.0,
augsburg_lfu,dlinear,summer_2024,796,33,,2.0,
augsburg_lfu,dlinear,summer_2024,797,33,,4.0,
augsburg_lfu,dlinear,summer_2024,798,33,,5.0,
augsburg_lfu,dlinear,summer_2024,799,33,,6.0,
augsburg_lfu,dlinear,summer_2024,800,33,,5.0,
augsburg_lfu,dlinear,summer_2024,801,33,,4.0,
augsburg_lfu,dlinear,summer_2024,802,33,,4.0,
augsburg_lfu,dlinear,summer_2024,803,33,,4.0,
augsburg_lfu,dlinear,summer_2024,804,33,,5.0,
augsburg_lfu,dlinear,summer_2024,805,33,,5.0,
augsburg_lfu,dlinear,summer_2024,806,33,,5.0,
augsburg_lfu,dlinear,summer_2024,807,33,,5.0,
augsburg_lfu,dlinear,summer_2024,808,33,,5.0,
augsburg_lfu,dlinear,summer_2024,809,33,,5.0,
augsburg_lfu,dlinear,summer_2024,810,33,,4.0,
augsburg_lfu,dlinear,summer_2024,811,33,,4.0,
augsburg_lfu,dlinear,summer_2024,812,33,,3.0,
augsburg_lfu,dlinear,summer_2024,813,33,,4.0,
augsburg_lfu,dlinear,summer_2024,814,33,,5.0,
augsburg_lfu,dlinear,summer_2024,815,33,,4.0,
augsburg_lfu,dlinear,summer_2024,816,34,,3.0,
augsburg_lfu,dlinear,summer_2024,817,34,,5.0,
augsburg_lfu,dlinear,summer_2024,818,34,,5.0,
augsburg_lfu,dlinear,summer_2024,819,34,,3.0,
augsburg_lfu,dlinear,summer_2024,820,34,,2.0,
augsburg_lfu,dlinear,summer_2024,821,34,,3.0,
augsburg_lfu,dlinear,summer_2024,822,34,,8.0,
augsburg_lfu,dlinear,summer_2024,823,34,,12.0,
augsburg_lfu,dlinear,summer_2024,824,34,,14.0,
augsburg_lfu,dlinear,summer_2024,825,34,,15.0,
augsburg_lfu,dlinear,summer_2024,826,34,,16.0,
augsburg_lfu,dlinear,summer_2024,827,34,,14.0,
augsburg_lfu,dlinear,summer_2024,828,34,,13.0,
augsburg_lfu,dlinear,summer_2024,829,34,,12.0,
augsburg_lfu,dlinear,summer_2024,830,34,,11.0,
augsburg_lfu,dlinear,summer_2024,831,34,,7.0,
augsburg_lfu,dlinear,summer_2024,832,34,,6.0,
augsburg_lfu,dlinear,summer_2024,833,34,,4.0,
augsburg_lfu,dlinear,summer_2024,834,34,,3.0,
augsburg_lfu,dlinear,summer_2024,835,34,,4.0,
augsburg_lfu,dlinear,summer_2024,836,34,,3.0,
augsburg_lfu,dlinear,summer_2024,837,34,,4.0,
augsburg_lfu,dlinear,summer_2024,838,34,,5.0,
augsburg_lfu,dlinear,summer_2024,839,34,,5.0,
augsburg_lfu,dlinear,summer_2024,840,35,,7.0,
augsburg_lfu,dlinear,summer_2024,841,35,,8.0,
augsburg_lfu,dlinear,summer_2024,842,35,,6.0,
augsburg_lfu,dlinear,summer_2024,843,35,,5.0,
augsburg_lfu,dlinear,summer_2024,844,35,,8.0,
augsburg_lfu,dlinear,summer_2024,845,35,,11.0,
augsburg_lfu,dlinear,summer_2024,846,35,,13.0,
augsburg_lfu,dlinear,summer_2024,847,35,,12.0,
augsburg_lfu,dlinear,summer_2024,848,35,,12.0,
augsburg_lfu,dlinear,summer_2024,849,35,,8.0,
augsburg_lfu,dlinear,summer_2024,850,35,,7.0,
augsburg_lfu,dlinear,summer_2024,851,35,,9.0,
augsburg_lfu,dlinear,summer_2024,852,35,,10.0,
augsburg_lfu,dlinear,summer_2024,853,35,,9.0,
augsburg_lfu,dlinear,summer_2024,854,35,,7.0,
augsburg_lfu,dlinear,summer_2024,855,35,,5.0,
augsburg_lfu,dlinear,summer_2024,856,35,,3.0,
augsburg_lfu,dlinear,summer_2024,857,35,,2.0,
augsburg_lfu,dlinear,summer_2024,858,35,,3.0,
augsburg_lfu,dlinear,summer_2024,859,35,,5.0,
augsburg_lfu,dlinear,summer_2024,860,35,,6.0,
augsburg_lfu,dlinear,summer_2024,861,35,,6.0,
augsburg_lfu,dlinear,summer_2024,862,35,,6.0,
augsburg_lfu,dlinear,summer_2024,863,35,,8.0,
augsburg_lfu,dlinear,summer_2024,864,36,,8.0,
augsburg_lfu,dlinear,summer_2024,865,36,,5.0,
augsburg_lfu,dlinear,summer_2024,866,36,,5.0,
augsburg_lfu,dlinear,summer_2024,867,36,,4.0,
augsburg_lfu,dlinear,summer_2024,868,36,,3.0,
augsburg_lfu,dlinear,summer_2024,869,36,,5.0,
augsburg_lfu,dlinear,summer_2024,870,36,,9.0,
augsburg_lfu,dlinear,summer_2024,871,36,,11.0,
augsburg_lfu,dlinear,summer_2024,872,36,,11.0,
augsburg_lfu,dlinear,summer_2024,873,36,,11.0,
augsburg_lfu,dlinear,summer_2024,874,36,,11.0,
augsburg_lfu,dlinear,summer_2024,875,36,,7.0,
augsburg_lfu,dlinear,summer_2024,876,36,,7.0,
augsburg_lfu,dlinear,summer_2024,877,36,,6.0,
augsburg_lfu,dlinear,summer_2024,878,36,,5.0,
augsburg_lfu,dlinear,summer_2024,879,36,,4.0,
augsburg_lfu,dlinear,summer_2024,880,36,,3.0,
augsburg_lfu,dlinear,summer_2024,881,36,,2.0,
augsburg_lfu,dlinear,summer_2024,882,36,,2.0,
augsburg_lfu,dlinear,summer_2024,883,36,,2.0,
augsburg_lfu,dlinear,summer_2024,884,36,,2.0,
augsburg_lfu,dlinear,summer_2024,885,36,,5.0,
augsburg_lfu,dlinear,summer_2024,886,36,,5.0,
augsburg_lfu,dlinear,summer_2024,887,36,,3.0,
augsburg_lfu,dlinear,summer_2024,888,37,,4.0,
augsburg_lfu,dlinear,summer_2024,889,37,,5.0,
augsburg_lfu,dlinear,summer_2024,890,37,,4.0,
augsburg_lfu,dlinear,summer_2024,891,37,,2.0,
augsburg_lfu,dlinear,summer_2024,892,37,,2.0,
augsburg_lfu,dlinear,summer_2024,893,37,,4.0,
augsburg_lfu,dlinear,summer_2024,894,37,,7.0,
augsburg_lfu,dlinear,summer_2024,895,37,,9.0,
augsburg_lfu,dlinear,summer_2024,896,37,,9.0,
augsburg_lfu,dlinear,summer_2024,897,37,,9.0,
augsburg_lfu,dlinear,summer_2024,898,37,,9.0,
augsburg_lfu,dlinear,summer_2024,899,37,,8.0,
augsburg_lfu,dlinear,summer_2024,900,37,,8.0,
augsburg_lfu,dlinear,summer_2024,901,37,,8.0,
augsburg_lfu,dlinear,summer_2024,902,37,,7.0,
augsburg_lfu,dlinear,summer_2024,903,37,,5.0,
augsburg_lfu,dlinear,summer_2024,904,37,,4.0,
augsburg_lfu,dlinear,summer_2024,905,37,,2.0,
augsburg_lfu,dlinear,summer_2024,906,37,,3.0,
augsburg_lfu,dlinear,summer_2024,907,37,,5.0,
augsburg_lfu,dlinear,summer_2024,908,37,,6.0,
augsburg_lfu,dlinear,summer_2024,909,37,,6.0,
augsburg_lfu,dlinear,summer_2024,910,37,,8.0,
augsburg_lfu,dlinear,summer_2024,911,37,,8.0,
augsburg_lfu,dlinear,summer_2024,912,38,,6.0,
augsburg_lfu,dlinear,summer_2024,913,38,,5.0,
augsburg_lfu,dlinear,summer_2024,914,38,,7.0,
augsburg_lfu,dlinear,summer_2024,915,38,,7.0,
augsburg_lfu,dlinear,summer_2024,916,38,,6.0,
augsburg_lfu,dlinear,summer_2024,917,38,,7.0,
augsburg_lfu,dlinear,summer_2024,918,38,,9.0,
augsburg_lfu,dlinear,summer_2024,919,38,,10.0,
augsburg_lfu,dlinear,summer_2024,920,38,,9.0,
augsburg_lfu,dlinear,summer_2024,921,38,,8.0,
augsburg_lfu,dlinear,summer_2024,922,38,,7.0,
augsburg_lfu,dlinear,summer_2024,923,38,,7.0,
augsburg_lfu,dlinear,summer_2024,924,38,,7.0,
augsburg_lfu,dlinear,summer_2024,925,38,,7.0,
augsburg_lfu,dlinear,summer_2024,926,38,,8.0,
augsburg_lfu,dlinear,summer_2024,927,38,,7.0,
augsburg_lfu,dlinear,summer_2024,928,38,,5.0,
augsburg_lfu,dlinear,summer_2024,929,38,,4.0,
augsburg_lfu,dlinear,summer_2024,930,38,,3.0,
augsburg_lfu,dlinear,summer_2024,931,38,,5.0,
augsburg_lfu,dlinear,summer_2024,932,38,,7.0,
augsburg_lfu,dlinear,summer_2024,933,38,,7.0,
augsburg_lfu,dlinear,summer_2024,934,38,,6.0,
augsburg_lfu,dlinear,summer_2024,935,38,,7.0,
augsburg_lfu,dlinear,summer_2024,936,39,,9.0,
augsburg_lfu,dlinear,summer_2024,937,39,,10.0,
augsburg_lfu,dlinear,summer_2024,938,39,,8.0,
augsburg_lfu,dlinear,summer_2024,939,39,,5.0,
augsburg_lfu,dlinear,summer_2024,940,39,,4.0,
augsburg_lfu,dlinear,summer_2024,941,39,,6.0,
augsburg_lfu,dlinear,summer_2024,942,39,,9.0,
augsburg_lfu,dlinear,summer_2024,943,39,,12.0,
augsburg_lfu,dlinear,summer_2024,944,39,,12.0,
augsburg_lfu,dlinear,summer_2024,945,39,,11.0,
augsburg_lfu,dlinear,summer_2024,946,39,,9.0,
augsburg_lfu,dlinear,summer_2024,947,39,,8.0,
augsburg_lfu,dlinear,summer_2024,948,39,,8.0,
augsburg_lfu,dlinear,summer_2024,949,39,,8.0,
augsburg_lfu,dlinear,summer_2024,950,39,,8.0,
augsburg_lfu,dlinear,summer_2024,951,39,,6.0,
augsburg_lfu,dlinear,summer_2024,952,39,,4.0,
augsburg_lfu,dlinear,summer_2024,953,39,,3.0,
augsburg_lfu,dlinear,summer_2024,954,39,,3.0,
augsburg_lfu,dlinear,summer_2024,955,39,,5.0,
augsburg_lfu,dlinear,summer_2024,956,39,,9.0,
augsburg_lfu,dlinear,summer_2024,957,39,,10.0,
augsburg_lfu,dlinear,summer_2024,958,39,,10.0,
augsburg_lfu,dlinear,summer_2024,959,39,,9.0,
augsburg_lfu,dlinear,summer_2024,960,40,,8.0,
augsburg_lfu,dlinear,summer_2024,961,40,,7.0,
augsburg_lfu,dlinear,summer_2024,962,40,,6.0,
augsburg_lfu,dlinear,summer_2024,963,40,,7.0,
augsburg_lfu,dlinear,summer_2024,964,40,,8.0,
augsburg_lfu,dlinear,summer_2024,965,40,,7.0,
augsburg_lfu,dlinear,summer_2024,966,40,,6.0,
augsburg_lfu,dlinear,summer_2024,967,40,,7.0,
augsburg_lfu,dlinear,summer_2024,968,40,,10.0,
augsburg_lfu,dlinear,summer_2024,969,40,,13.0,
augsburg_lfu,dlinear,summer_2024,970,40,,13.0,
augsburg_lfu,dlinear,summer_2024,971,40,,12.0,
augsburg_lfu,dlinear,summer_2024,972,40,,11.0,
augsburg_lfu,dlinear,summer_2024,973,40,,11.0,
augsburg_lfu,dlinear,summer_2024,974,40,,10.0,
augsburg_lfu,dlinear,summer_2024,975,40,,8.0,
augsburg_lfu,dlinear,summer_2024,976,40,,6.0,
augsburg_lfu,dlinear,summer_2024,977,40,,6.0,
augsburg_lfu,dlinear,summer_2024,978,40,,7.0,
augsburg_lfu,dlinear,summer_2024,979,40,,11.0,
augsburg_lfu,dlinear,summer_2024,980,40,,12.0,
augsburg_lfu,dlinear,summer_2024,981,40,,12.0,
augsburg_lfu,dlinear,summer_2024,982,40,,11.0,
augsburg_lfu,dlinear,summer_2024,983,40,,9.0,
augsburg_lfu,dlinear,summer_2024,984,41,,5.0,
augsburg_lfu,dlinear,summer_2024,985,41,,3.0,
augsburg_lfu,dlinear,summer_2024,986,41,,3.0,
augsburg_lfu,dlinear,summer_2024,987,41,,5.0,
augsburg_lfu,dlinear,summer_2024,988,41,,7.0,
augsburg_lfu,dlinear,summer_2024,989,41,,6.0,
augsburg_lfu,dlinear,summer_2024,990,41,,6.0,
augsburg_lfu,dlinear,summer_2024,991,41,,5.0,
augsburg_lfu,dlinear,summer_2024,992,41,,5.0,
augsburg_lfu,dlinear,summer_2024,993,41,,7.0,
augsburg_lfu,dlinear,summer_2024,994,41,,9.0,
augsburg_lfu,dlinear,summer_2024,995,41,,9.0,
augsburg_lfu,dlinear,summer_2024,996,41,,8.0,
augsburg_lfu,dlinear,summer_2024,997,41,,8.0,
augsburg_lfu,dlinear,summer_2024,998,41,,8.0,
augsburg_lfu,dlinear,summer_2024,999,41,,6.0,
augsburg_lfu,dlinear,summer_2024,1000,41,,5.0,
augsburg_lfu,dlinear,summer_2024,1001,41,,3.0,
augsburg_lfu,dlinear,summer_2024,1002,41,,2.0,
augsburg_lfu,dlinear,summer_2024,1003,41,,2.0,
augsburg_lfu,dlinear,autumn_2024,0,0,5.6365044019804,5.0,0.6365044019803996
augsburg_lfu,dlinear,autumn_2024,1,0,4.821959679904934,5.0,0.1780403200950662
augsburg_lfu,dlinear,autumn_2024,2,0,3.9799192946586626,6.0,2.0200807053413374
augsburg_lfu,dlinear,autumn_2024,3,0,3.7873951795438967,7.0,3.2126048204561033
augsburg_lfu,dlinear,autumn_2024,4,0,3.878911886576356,6.0,2.121088113423644
augsburg_lfu,dlinear,autumn_2024,5,0,4.02005608005275,6.0,1.9799439199472504
augsburg_lfu,dlinear,autumn_2024,6,0,4.547687619369756,6.0,1.4523123806302438
augsburg_lfu,dlinear,autumn_2024,7,0,4.950011103447139,3.0,1.9500111034471388
augsburg_lfu,dlinear,autumn_2024,8,0,4.891148967181373,2.0,2.8911489671813726
augsburg_lfu,dlinear,autumn_2024,9,0,4.62984967774554,2.0,2.62984967774554
augsburg_lfu,dlinear,autumn_2024,10,0,4.478973136069179,2.0,2.478973136069179
augsburg_lfu,dlinear,autumn_2024,11,0,4.685612388624207,2.0,2.6856123886242074
augsburg_lfu,dlinear,autumn_2024,12,0,4.862983891450463,2.0,2.8629838914504626
augsburg_lfu,dlinear,autumn_2024,13,0,4.7226055228716515,2.0,2.7226055228716515
augsburg_lfu,dlinear,autumn_2024,14,0,4.610590695520766,2.0,2.6105906955207656
augsburg_lfu,dlinear,autumn_2024,15,0,4.620738775757644,2.0,2.620738775757644
augsburg_lfu,dlinear,autumn_2024,16,0,4.694366892339503,2.0,2.694366892339503
augsburg_lfu,dlinear,autumn_2024,17,0,4.782407637784789,4.0,0.7824076377847886
augsburg_lfu,dlinear,autumn_2024,18,0,4.866162740263131,7.0,2.133837259736869
augsburg_lfu,dlinear,autumn_2024,19,0,5.430298837712799,7.0,1.5697011622872008
augsburg_lfu,dlinear,autumn_2024,20,0,5.947225585610825,7.0,1.0527744143891749
augsburg_lfu,dlinear,autumn_2024,21,0,6.251007930032737,7.0,0.7489920699672634
augsburg_lfu,dlinear,autumn_2024,22,0,6.133040796768819,6.0,0.1330407967688192
augsburg_lfu,dlinear,autumn_2024,23,0,5.409455448760509,5.0,0.4094554487605091
augsburg_lfu,dlinear,autumn_2024,24,1,4.8360694312871315,5.0,0.16393056871286849
augsburg_lfu,dlinear,autumn_2024,25,1,4.860890540921453,7.0,2.139109459078547
augsburg_lfu,dlinear,autumn_2024,26,1,4.3442174380620076,7.0,2.6557825619379924
augsburg_lfu,dlinear,autumn_2024,27,1,4.342421513462945,7.0,2.657578486537055
augsburg_lfu,dlinear,autumn_2024,28,1,4.583839450715921,7.0,2.416160549284079
augsburg_lfu,dlinear,autumn_2024,29,1,4.928296350184891,7.0,2.0717036498151087
augsburg_lfu,dlinear,autumn_2024,30,1,4.78997319667956,6.0,1.2100268033204404
augsburg_lfu,dlinear,autumn_2024,31,1,4.120137397332925,5.0,0.8798626026670746
augsburg_lfu,dlinear,autumn_2024,32,1,3.321876764249697,4.0,0.6781232357503031
augsburg_lfu,dlinear,autumn_2024,33,1,2.202197277777557,3.0,0.7978027222224431
augsburg_lfu,dlinear,autumn_2024,34,1,1.7210454397925687,4.0,2.2789545602074313
augsburg_lfu,dlinear,autumn_2024,35,1,1.0834055009003467,3.0,1.9165944990996533
augsburg_lfu,dlinear,autumn_2024,36,1,0.8777840403424735,2.0,1.1222159596575265
augsburg_lfu,dlinear,autumn_2024,37,1,0.9094373195396019,2.0,1.090562680460398
augsburg_lfu,dlinear,autumn_2024,38,1,1.1099806994618024,3.0,1.8900193005381976
augsburg_lfu,dlinear,autumn_2024,39,1,1.422457915919854,3.0,1.577542084080146
augsburg_lfu,dlinear,autumn_2024,40,1,1.9917628886908576,2.0,0.008237111309142398
augsburg_lfu,dlinear,autumn_2024,41,1,2.643772757974916,4.0,1.356227242025084
augsburg_lfu,dlinear,autumn_2024,42,1,3.652381823528475,5.0,1.3476181764715252
augsburg_lfu,dlinear,autumn_2024,43,1,5.26973619800584,4.0,1.2697361980058401
augsburg_lfu,dlinear,autumn_2024,44,1,6.454694184896117,4.0,2.454694184896117
augsburg_lfu,dlinear,autumn_2024,45,1,7.403514502102112,4.0,3.4035145021021123
augsburg_lfu,dlinear,autumn_2024,46,1,8.120378645093666,4.0,4.120378645093666
augsburg_lfu,dlinear,autumn_2024,47,1,8.188964687001784,5.0,3.188964687001784
augsburg_lfu,dlinear,autumn_2024,48,2,7.938242363664443,4.0,3.9382423636644432
augsburg_lfu,dlinear,autumn_2024,49,2,7.463446745322216,4.0,3.4634467453222157
augsburg_lfu,dlinear,autumn_2024,50,2,6.506995805803958,4.0,2.5069958058039576
augsburg_lfu,dlinear,autumn_2024,51,2,5.785461435617112,4.0,1.785461435617112
augsburg_lfu,dlinear,autumn_2024,52,2,5.342879329030978,4.0,1.3428793290309784
augsburg_lfu,dlinear,autumn_2024,53,2,5.032486973905856,4.0,1.032486973905856
augsburg_lfu,dlinear,autumn_2024,54,2,4.731999988265711,4.0,0.7319999882657111
augsburg_lfu,dlinear,autumn_2024,55,2,4.56079185671922,4.0,0.56079185671922
augsburg_lfu,dlinear,autumn_2024,56,2,5.017830274482772,5.0,0.017830274482771635
augsburg_lfu,dlinear,autumn_2024,57,2,5.468878413594698,7.0,1.5311215864053018
augsburg_lfu,dlinear,autumn_2024,58,2,5.825474271089007,8.0,2.174525728910993
augsburg_lfu,dlinear,autumn_2024,59,2,6.15991975579293,9.0,2.84008024420707
augsburg_lfu,dlinear,autumn_2024,60,2,5.903716354276692,8.0,2.0962836457233083
augsburg_lfu,dlinear,autumn_2024,61,2,5.663228850778472,7.0,1.3367711492215282
augsburg_lfu,dlinear,autumn_2024,62,2,5.69717642931553,7.0,1.3028235706844704
augsburg_lfu,dlinear,autumn_2024,63,2,5.5317737853434235,7.0,1.4682262146565765
augsburg_lfu,dlinear,autumn_2024,64,2,5.724594988676672,6.0,0.2754050113233282
augsburg_lfu,dlinear,autumn_2024,65,2,5.956181394530972,6.0,0.043818605469027716
augsburg_lfu,dlinear,autumn_2024,66,2,5.966673314543792,5.0,0.966673314543792
augsburg_lfu,dlinear,autumn_2024,67,2,5.755615470917988,5.0,0.7556154709179879
augsburg_lfu,dlinear,autumn_2024,68,2,5.526161397601131,5.0,0.5261613976011308
augsburg_lfu,dlinear,autumn_2024,69,2,5.311461709402292,4.0,1.311461709402292
augsburg_lfu,dlinear,autumn_2024,70,2,4.878416152282929,4.0,0.878416152282929
augsburg_lfu,dlinear,autumn_2024,71,2,4.552206003300104,4.0,0.5522060033001042
augsburg_lfu,dlinear,autumn_2024,72,3,4.383092764243777,4.0,0.38309276424377714
augsburg_lfu,dlinear,autumn_2024,73,3,4.202568301837425,4.0,0.2025683018374247
augsburg_lfu,dlinear,autumn_2024,74,3,3.8748396375905774,4.0,0.12516036240942263
augsburg_lfu,dlinear,autumn_2024,75,3,3.723631801447322,4.0,0.276368198552678
augsburg_lfu,dlinear,autumn_2024,76,3,3.7129872806783917,4.0,0.2870127193216083
augsburg_lfu,dlinear,autumn_2024,77,3,3.814796692975458,4.0,0.1852033070245418
augsburg_lfu,dlinear,autumn_2024,78,3,4.038365853029303,4.0,0.038365853029302954
augsburg_lfu,dlinear,autumn_2024,79,3,4.240936057051145,3.0,1.2409360570511447
augsburg_lfu,dlinear,autumn_2024,80,3,4.422813565150322,4.0,0.42281356515032176
augsburg_lfu,dlinear,autumn_2024,81,3,4.381716284652289,4.0,0.38171628465228924
augsburg_lfu,dlinear,autumn_2024,82,3,4.10940463865945,3.0,1.1094046386594503
augsburg_lfu,dlinear,autumn_2024,83,3,3.9164396008089635,4.0,0.08356039919103653
augsburg_lfu,dlinear,autumn_2024,84,3,3.59904609311737,4.0,0.4009539068826302
augsburg_lfu,dlinear,autumn_2024,85,3,3.4124811614622397,4.0,0.5875188385377603
augsburg_lfu,dlinear,autumn_2024,86,3,3.2280499189649063,4.0,0.7719500810350937
augsburg_lfu,dlinear,autumn_2024,87,3,3.0324817225126606,4.0,0.9675182774873394
augsburg_lfu,dlinear,autumn_2024,88,3,3.095179898204475,4.0,0.9048201017955249
augsburg_lfu,dlinear,autumn_2024,89,3,3.5620142864698767,4.0,0.4379857135301233
augsburg_lfu,dlinear,autumn_2024,90,3,4.1070387866753935,4.0,0.10703878667539346
augsburg_lfu,dlinear,autumn_2024,91,3,4.517270364546933,4.0,0.517270364546933
augsburg_lfu,dlinear,autumn_2024,92,3,4.675931524784836,4.0,0.6759315247848363
augsburg_lfu,dlinear,autumn_2024,93,3,4.671235197182909,3.0,1.6712351971829094
augsburg_lfu,dlinear,autumn_2024,94,3,4.566795743442819,3.0,1.5667957434428192
augsburg_lfu,dlinear,autumn_2024,95,3,4.569937473320377,4.0,0.569937473320377
augsburg_lfu,dlinear,autumn_2024,96,4,4.75985249510112,4.0,0.7598524951011196
augsburg_lfu,dlinear,autumn_2024,97,4,4.585581997171028,5.0,0.4144180028289721
augsburg_lfu,dlinear,autumn_2024,98,4,4.600903455537991,5.0,0.39909654446200893
augsburg_lfu,dlinear,autumn_2024,99,4,4.687771198250916,5.0,0.3122288017490842
augsburg_lfu,dlinear,autumn_2024,100,4,5.279587902833549,4.0,1.2795879028335486
augsburg_lfu,dlinear,autumn_2024,101,4,5.681745485654146,4.0,1.6817454856541456
augsburg_lfu,dlinear,autumn_2024,102,4,5.6177779735159294,4.0,1.6177779735159294
augsburg_lfu,dlinear,autumn_2024,103,4,5.9052256420353695,4.0,1.9052256420353695
augsburg_lfu,dlinear,autumn_2024,104,4,6.207228037254398,4.0,2.2072280372543984
augsburg_lfu,dlinear,autumn_2024,105,4,5.733270201238337,4.0,1.7332702012383372
augsburg_lfu,dlinear,autumn_2024,106,4,4.69193200648334,4.0,0.6919320064833396
augsburg_lfu,dlinear,autumn_2024,107,4,4.20395359855301,4.0,0.2039535985530101
augsburg_lfu,dlinear,autumn_2024,108,4,3.677517681519853,4.0,0.3224823184801471
augsburg_lfu,dlinear,autumn_2024,109,4,3.3665465326216855,4.0,0.6334534673783145
augsburg_lfu,dlinear,autumn_2024,110,4,3.1887347303062765,4.0,0.8112652696937235
augsburg_lfu,dlinear,autumn_2024,111,4,3.4137901668249127,4.0,0.5862098331750873
augsburg_lfu,dlinear,autumn_2024,112,4,4.061811754751989,5.0,0.9381882452480106
augsburg_lfu,dlinear,autumn_2024,113,4,4.586488681196636,4.0,0.5864886811966361
augsburg_lfu,dlinear,autumn_2024,114,4,5.186813490019735,4.0,1.186813490019735
augsburg_lfu,dlinear,autumn_2024,115,4,5.46394536967643,4.0,1.4639453696764297
augsburg_lfu,dlinear,autumn_2024,116,4,5.663642621476679,4.0,1.6636426214766793
augsburg_lfu,dlinear,autumn_2024,117,4,5.942109851843649,4.0,1.9421098518436493
augsburg_lfu,dlinear,autumn_2024,118,4,6.044541463318474,4.0,2.044541463318474
augsburg_lfu,dlinear,autumn_2024,119,4,6.095474605614305,4.0,2.0954746056143048
augsburg_lfu,dlinear,autumn_2024,120,5,6.2603972727196915,4.0,2.2603972727196915
augsburg_lfu,dlinear,autumn_2024,121,5,6.098528033293659,4.0,2.0985280332936593
augsburg_lfu,dlinear,autumn_2024,122,5,5.774127126216868,4.0,1.774127126216868
augsburg_lfu,dlinear,autumn_2024,123,5,5.419494758755677,4.0,1.4194947587556772
augsburg_lfu,dlinear,autumn_2024,124,5,5.421962785868004,5.0,0.4219627858680042
augsburg_lfu,dlinear,autumn_2024,125,5,5.503575584314742,5.0,0.503575584314742
augsburg_lfu,dlinear,autumn_2024,126,5,5.458800999632484,5.0,0.45880099963248444
augsburg_lfu,dlinear,autumn_2024,127,5,5.165055105451193,5.0,0.16505510545119328
augsburg_lfu,dlinear,autumn_2024,128,5,4.709286311027057,5.0,0.2907136889729429
augsburg_lfu,dlinear,autumn_2024,129,5,3.864815247907883,4.0,0.13518475209211722
augsburg_lfu,dlinear,autumn_2024,130,5,2.9265191707187874,4.0,1.0734808292812126
augsburg_lfu,dlinear,autumn_2024,131,5,1.8676913420449348,2.0,0.1323086579550652
augsburg_lfu,dlinear,autumn_2024,132,5,1.4977391559333957,0.9,0.5977391559333957
augsburg_lfu,dlinear,autumn_2024,133,5,1.4235944671397336,0.8,0.6235944671397335
augsburg_lfu,dlinear,autumn_2024,134,5,1.548054064544269,1.0,0.5480540645442691
augsburg_lfu,dlinear,autumn_2024,135,5,2.021502373745566,3.0,0.978497626254434
augsburg_lfu,dlinear,autumn_2024,136,5,2.645522364699654,6.0,3.354477635300346
augsburg_lfu,dlinear,autumn_2024,137,5,3.722684349270829,10.0,6.277315650729172
augsburg_lfu,dlinear,autumn_2024,138,5,5.157059447129075,11.0,5.842940552870925
augsburg_lfu,dlinear,autumn_2024,139,5,6.402726476290731,9.0,2.5972735237092692
augsburg_lfu,dlinear,autumn_2024,140,5,7.421607387621859,8.0,0.5783926123781411
augsburg_lfu,dlinear,autumn_2024,141,5,8.087153090585725,8.0,0.08715309058572451
augsburg_lfu,dlinear,autumn_2024,142,5,8.073029259690074,7.0,1.073029259690074
augsburg_lfu,dlinear,autumn_2024,143,5,7.56277901305717,7.0,0.5627790130571704
augsburg_lfu,dlinear,autumn_2024,144,6,6.503119782792631,7.0,0.4968802172073694
augsburg_lfu,dlinear,autumn_2024,145,6,5.593735213699256,9.0,3.406264786300744
augsburg_lfu,dlinear,autumn_2024,146,6,4.741405203344685,8.0,3.2585947966553146
augsburg_lfu,dlinear,autumn_2024,147,6,4.229854276208686,8.0,3.7701457237913143
augsburg_lfu,dlinear,autumn_2024,148,6,3.8883941875065156,7.0,3.1116058124934844
augsburg_lfu,dlinear,autumn_2024,149,6,3.8623642053264877,7.0,3.1376357946735123
augsburg_lfu,dlinear,autumn_2024,150,6,4.133887142096993,6.0,1.8661128579030066
augsburg_lfu,dlinear,autumn_2024,151,6,4.1355389680658305,6.0,1.8644610319341695
augsburg_lfu,dlinear,autumn_2024,152,6,3.8250418344770862,3.0,0.8250418344770862
augsburg_lfu,dlinear,autumn_2024,153,6,2.6297270768565744,1.0,1.6297270768565744
augsburg_lfu,dlinear,autumn_2024,154,6,1.938631117837481,0.8,1.138631117837481
augsburg_lfu,dlinear,autumn_2024,155,6,1.8863456544487556,0.8,1.0863456544487555
augsburg_lfu,dlinear,autumn_2024,156,6,1.634024034634495,4.0,2.365975965365505
augsburg_lfu,dlinear,autumn_2024,157,6,1.6188332704573045,7.0,5.381166729542695
augsburg_lfu,dlinear,autumn_2024,158,6,1.8997197939456212,7.0,5.100280206054379
augsburg_lfu,dlinear,autumn_2024,159,6,2.7025910865535767,8.0,5.297408913446423
augsburg_lfu,dlinear,autumn_2024,160,6,3.6441518978936527,7.0,3.3558481021063473
augsburg_lfu,dlinear,autumn_2024,161,6,5.377826937399104,2.0,3.377826937399104
augsburg_lfu,dlinear,autumn_2024,162,6,7.8200597803129535,2.0,5.8200597803129535
augsburg_lfu,dlinear,autumn_2024,163,6,9.211060524825843,3.0,6.211060524825843
augsburg_lfu,dlinear,autumn_2024,164,6,9.940639172004875,6.0,3.9406391720048752
augsburg_lfu,dlinear,autumn_2024,165,6,10.307956441819957,11.0,0.6920435581800426
augsburg_lfu,dlinear,autumn_2024,166,6,10.142712618767804,10.0,0.1427126187678045
augsburg_lfu,dlinear,autumn_2024,167,6,9.567998600610894,9.0,0.5679986006108937
augsburg_lfu,dlinear,autumn_2024,168,7,8.97962827669984,6.0,2.97962827669984
augsburg_lfu,dlinear,autumn_2024,169,7,8.614063017294956,7.0,1.6140630172949564
augsburg_lfu,dlinear,autumn_2024,170,7,8.284859165169912,8.0,0.2848591651699124
augsburg_lfu,dlinear,autumn_2024,171,7,7.604520819451183,8.0,0.3954791805488167
augsburg_lfu,dlinear,autumn_2024,172,7,7.167343488661132,8.0,0.8326565113388682
augsburg_lfu,dlinear,autumn_2024,173,7,6.751784800646076,7.0,0.24821519935392367
augsburg_lfu,dlinear,autumn_2024,174,7,6.45514133285869,7.0,0.5448586671413098
augsburg_lfu,dlinear,autumn_2024,175,7,6.503477446523299,6.0,0.5034774465232994
augsburg_lfu,dlinear,autumn_2024,176,7,6.752093461077559,4.0,2.7520934610775587
augsburg_lfu,dlinear,autumn_2024,177,7,6.496018285289192,2.0,4.496018285289192
augsburg_lfu,dlinear,autumn_2024,178,7,5.90090943674526,2.0,3.90090943674526
augsburg_lfu,dlinear,autumn_2024,179,7,5.278394785229033,4.0,1.2783947852290334
augsburg_lfu,dlinear,autumn_2024,180,7,4.995679201878245,4.0,0.9956792018782448
augsburg_lfu,dlinear,autumn_2024,181,7,5.289412595494262,3.0,2.2894125954942623
augsburg_lfu,dlinear,autumn_2024,182,7,5.270488664696392,3.0,2.2704886646963924
augsburg_lfu,dlinear,autumn_2024,183,7,5.485102196336622,2.0,3.485102196336622
augsburg_lfu,dlinear,autumn_2024,184,7,5.790427558563561,7.0,1.209572441436439
augsburg_lfu,dlinear,autumn_2024,185,7,6.250002268192874,13.0,6.749997731807126
augsburg_lfu,dlinear,autumn_2024,186,7,6.013342620490888,10.0,3.9866573795091123
augsburg_lfu,dlinear,autumn_2024,187,7,5.608889681319979,8.0,2.3911103186800213
augsburg_lfu,dlinear,autumn_2024,188,7,5.1467624031682355,5.0,0.14676240316823552
augsburg_lfu,dlinear,autumn_2024,189,7,4.2822286324106305,6.0,1.7177713675893695
augsburg_lfu,dlinear,autumn_2024,190,7,3.407933558459055,5.0,1.5920664415409451
augsburg_lfu,dlinear,autumn_2024,191,7,2.5208276508400416,4.0,1.4791723491599584
augsburg_lfu,dlinear,autumn_2024,192,8,1.840444964231032,4.0,2.159555035768968
augsburg_lfu,dlinear,autumn_2024,193,8,1.4101542073362836,5.0,3.5898457926637164
augsburg_lfu,dlinear,autumn_2024,194,8,1.046542634370382,5.0,3.953457365629618
augsburg_lfu,dlinear,autumn_2024,195,8,1.0775431639932194,4.0,2.9224568360067806
augsburg_lfu,dlinear,autumn_2024,196,8,1.644846856150382,3.0,1.355153143849618
augsburg_lfu,dlinear,autumn_2024,197,8,2.459942178761154,3.0,0.5400578212388458
augsburg_lfu,dlinear,autumn_2024,198,8,3.2759018641974533,3.0,0.27590186419745333
augsburg_lfu,dlinear,autumn_2024,199,8,3.403465773599648,3.0,0.4034657735996481
augsburg_lfu,dlinear,autumn_2024,200,8,2.8957530041012367,4.0,1.1042469958987633
augsburg_lfu,dlinear,autumn_2024,201,8,1.8486781041204636,1.0,0.8486781041204636
augsburg_lfu,dlinear,autumn_2024,202,8,1.3714928336075594,1.0,0.37149283360755936
augsburg_lfu,dlinear,autumn_2024,203,8,1.4192353459640128,2.0,0.5807646540359872
augsburg_lfu,dlinear,autumn_2024,204,8,1.6734422644251787,2.0,0.32655773557482126
augsburg_lfu,dlinear,autumn_2024,205,8,1.915052742082052,2.0,0.084947257917948
augsburg_lfu,dlinear,autumn_2024,206,8,2.3613769061594376,2.0,0.3613769061594376
augsburg_lfu,dlinear,autumn_2024,207,8,2.7023495150145393,2.0,0.7023495150145393
augsburg_lfu,dlinear,autumn_2024,208,8,3.0858770466991112,3.0,0.08587704669911123
augsburg_lfu,dlinear,autumn_2024,209,8,3.728627618698343,4.0,0.27137238130165686
augsburg_lfu,dlinear,autumn_2024,210,8,4.444774162509033,4.0,0.4447741625090327
augsburg_lfu,dlinear,autumn_2024,211,8,4.789216141488685,4.0,0.7892161414886854
augsburg_lfu,dlinear,autumn_2024,212,8,4.910998730332432,4.0,0.9109987303324321
augsburg_lfu,dlinear,autumn_2024,213,8,4.616427353948371,4.0,0.6164273539483709
augsburg_lfu,dlinear,autumn_2024,214,8,4.35472043362452,3.0,1.3547204336245198
augsburg_lfu,dlinear,autumn_2024,215,8,3.864781472783833,4.0,0.13521852721616678
augsburg_lfu,dlinear,autumn_2024,216,9,3.137326491684498,3.0,0.13732649168449784
augsburg_lfu,dlinear,autumn_2024,217,9,2.640403364184656,4.0,1.3595966358153442
augsburg_lfu,dlinear,autumn_2024,218,9,2.375830640996805,2.0,0.3758306409968051
augsburg_lfu,dlinear,autumn_2024,219,9,2.3934826129310895,2.0,0.39348261293108955
augsburg_lfu,dlinear,autumn_2024,220,9,2.2904511121650377,2.0,0.2904511121650377
augsburg_lfu,dlinear,autumn_2024,221,9,1.3373776831970967,1.0,0.3373776831970967
augsburg_lfu,dlinear,autumn_2024,222,9,1.114762738505906,0.4,0.714762738505906
augsburg_lfu,dlinear,autumn_2024,223,9,1.3348689480178675,0.3,1.0348689480178674
augsburg_lfu,dlinear,autumn_2024,224,9,1.305749783968323,0.3,1.005749783968323
augsburg_lfu,dlinear,autumn_2024,225,9,1.107052587567223,0.3,0.807052587567223
augsburg_lfu,dlinear,autumn_2024,226,9,0.9134585645046784,0.4,0.5134585645046784
augsburg_lfu,dlinear,autumn_2024,227,9,0.8839394431185448,0.3,0.5839394431185447
augsburg_lfu,dlinear,autumn_2024,228,9,1.0203473463733006,0.3,0.7203473463733006
augsburg_lfu,dlinear,autumn_2024,229,9,1.3332304613696997,0.6,0.7332304613696997
augsburg_lfu,dlinear,autumn_2024,230,9,1.5649537949375767,0.5,1.0649537949375767
augsburg_lfu,dlinear,autumn_2024,231,9,2.1636397010794313,0.5,1.6636397010794313
augsburg_lfu,dlinear,autumn_2024,232,9,2.557842869121652,0.8,1.7578428691216519
augsburg_lfu,dlinear,autumn_2024,233,9,3.2967668265275454,2.0,1.2967668265275454
augsburg_lfu,dlinear,autumn_2024,234,9,3.6475598329091845,3.0,0.6475598329091845
augsburg_lfu,dlinear,autumn_2024,235,9,3.753619240526618,0.7,3.0536192405266185
augsburg_lfu,dlinear,autumn_2024,236,9,3.7826409234961242,1.0,2.7826409234961242
augsburg_lfu,dlinear,autumn_2024,237,9,3.4146782470251633,1.0,2.4146782470251633
augsburg_lfu,dlinear,autumn_2024,238,9,3.008664527381237,1.0,2.008664527381237
augsburg_lfu,dlinear,autumn_2024,239,9,2.5214397754513485,1.0,1.5214397754513485
augsburg_lfu,dlinear,autumn_2024,240,10,1.9490337706671832,0.7,1.2490337706671832
augsburg_lfu,dlinear,autumn_2024,241,10,1.345516973427684,0.9,0.4455169734276839
augsburg_lfu,dlinear,autumn_2024,242,10,1.0269938709200375,1.0,0.026993870920037466
augsburg_lfu,dlinear,autumn_2024,243,10,0.9747164526387788,1.0,0.02528354736122118
augsburg_lfu,dlinear,autumn_2024,244,10,0.9632489093767784,2.0,1.0367510906232216
augsburg_lfu,dlinear,autumn_2024,245,10,1.078090784102574,2.0,0.921909215897426
augsburg_lfu,dlinear,autumn_2024,246,10,1.6268914766325975,2.0,0.3731085233674025
augsburg_lfu,dlinear,autumn_2024,247,10,2.008452097407852,2.0,0.008452097407852133
augsburg_lfu,dlinear,autumn_2024,248,10,1.9384609785919829,0.9,1.0384609785919827
augsburg_lfu,dlinear,autumn_2024,249,10,1.584630851970509,0.3,1.284630851970509
augsburg_lfu,dlinear,autumn_2024,250,10,1.4695771306211711,0.3,1.169577130621171
augsburg_lfu,dlinear,autumn_2024,251,10,1.095745801696264,0.3,0.795745801696264
augsburg_lfu,dlinear,autumn_2024,252,10,1.0325471646561555,0.3,0.7325471646561554
augsburg_lfu,dlinear,autumn_2024,253,10,1.095650539334307,0.4,0.695650539334307
augsburg_lfu,dlinear,autumn_2024,254,10,1.4302842717994944,0.7,0.7302842717994944
augsburg_lfu,dlinear,autumn_2024,255,10,1.9376222957390945,1.0,0.9376222957390945
augsburg_lfu,dlinear,autumn_2024,256,10,2.4776022821405683,1.0,1.4776022821405683
augsburg_lfu,dlinear,autumn_2024,257,10,3.1567138342037095,2.0,1.1567138342037095
augsburg_lfu,dlinear,autumn_2024,258,10,4.385724408541241,4.0,0.38572440854124057
augsburg_lfu,dlinear,autumn_2024,259,10,5.782343232483031,9.0,3.217656767516969
augsburg_lfu,dlinear,autumn_2024,260,10,6.7054699290070285,7.0,0.29453007099297146
augsburg_lfu,dlinear,autumn_2024,261,10,7.27383189947232,7.0,0.2738318994723201
augsburg_lfu,dlinear,autumn_2024,262,10,7.392274147809551,3.0,4.392274147809551
augsburg_lfu,dlinear,autumn_2024,263,10,6.5330232910100605,2.0,4.5330232910100605
augsburg_lfu,dlinear,autumn_2024,264,11,5.781401423328021,2.0,3.7814014233280213
augsburg_lfu,dlinear,autumn_2024,265,11,5.185859994502975,3.0,2.185859994502975
augsburg_lfu,dlinear,autumn_2024,266,11,5.1863918201759445,3.0,2.1863918201759445
augsburg_lfu,dlinear,autumn_2024,267,11,5.246917784456221,4.0,1.2469177844562207
augsburg_lfu,dlinear,autumn_2024,268,11,5.396248284061791,2.0,3.396248284061791
augsburg_lfu,dlinear,autumn_2024,269,11,5.529680512207174,2.0,3.5296805122071744
augsburg_lfu,dlinear,autumn_2024,270,11,5.69827102619271,2.0,3.6982710261927103
augsburg_lfu,dlinear,autumn_2024,271,11,5.691073809240454,1.0,4.691073809240454
augsburg_lfu,dlinear,autumn_2024,272,11,5.257128163878146,2.0,3.2571281638781464
augsburg_lfu,dlinear,autumn_2024,273,11,4.632848491572021,4.0,0.6328484915720214
augsburg_lfu,dlinear,autumn_2024,274,11,3.8955145811971215,6.0,2.1044854188028785
augsburg_lfu,dlinear,autumn_2024,275,11,2.994155670199142,7.0,4.005844329800858
augsburg_lfu,dlinear,autumn_2024,276,11,2.559754180383662,5.0,2.440245819616338
augsburg_lfu,dlinear,autumn_2024,277,11,2.518521431304362,5.0,2.481478568695638
augsburg_lfu,dlinear,autumn_2024,278,11,2.824100940927904,6.0,3.175899059072096
augsburg_lfu,dlinear,autumn_2024,279,11,3.3907568733242757,6.0,2.6092431266757243
augsburg_lfu,dlinear,autumn_2024,280,11,4.791319844609789,5.0,0.20868015539021112
augsburg_lfu,dlinear,autumn_2024,281,11,6.12980796364346,8.0,1.8701920363565403
augsburg_lfu,dlinear,autumn_2024,282,11,7.392442657009678,11.0,3.6075573429903223
augsburg_lfu,dlinear,autumn_2024,283,11,8.569053481934542,9.0,0.4309465180654577
augsburg_lfu,dlinear,autumn_2024,284,11,9.035652321836865,5.0,4.035652321836865
augsburg_lfu,dlinear,autumn_2024,285,11,8.095160183743555,2.0,6.095160183743555
augsburg_lfu,dlinear,autumn_2024,286,11,6.749059303837842,1.0,5.749059303837842
augsburg_lfu,dlinear,autumn_2024,287,11,5.803242296765156,2.0,3.8032422967651556
augsburg_lfu,dlinear,autumn_2024,288,12,4.961449688366905,3.0,1.9614496883669048
augsburg_lfu,dlinear,autumn_2024,289,12,3.9550293376025554,4.0,0.04497066239744463
augsburg_lfu,dlinear,autumn_2024,290,12,2.8163322034153584,4.0,1.1836677965846416
augsburg_lfu,dlinear,autumn_2024,291,12,2.079366149136158,2.0,0.07936614913615792
augsburg_lfu,dlinear,autumn_2024,292,12,1.637431073129085,2.0,0.3625689268709149
augsburg_lfu,dlinear,autumn_2024,293,12,1.3059482960574904,0.7,0.6059482960574905
augsburg_lfu,dlinear,autumn_2024,294,12,1.076119919000755,0.9,0.17611991900075508
augsburg_lfu,dlinear,autumn_2024,295,12,0.8410536747645447,2.0,1.1589463252354553
augsburg_lfu,dlinear,autumn_2024,296,12,0.6410890502753332,2.0,1.3589109497246668
augsburg_lfu,dlinear,autumn_2024,297,12,0.9651166038497814,2.0,1.0348833961502186
augsburg_lfu,dlinear,autumn_2024,298,12,1.068147979789713,6.0,4.931852020210287
augsburg_lfu,dlinear,autumn_2024,299,12,1.447328963098276,6.0,4.5526710369017245
augsburg_lfu,dlinear,autumn_2024,300,12,1.7586373765268977,3.0,1.2413626234731023
augsburg_lfu,dlinear,autumn_2024,301,12,2.1112892058219153,3.0,0.8887107941780847
augsburg_lfu,dlinear,autumn_2024,302,12,2.290859771249173,2.0,0.29085977124917317
augsburg_lfu,dlinear,autumn_2024,303,12,2.8483517811025507,3.0,0.15164821889744928
augsburg_lfu,dlinear,autumn_2024,304,12,3.341925592789992,2.0,1.341925592789992
augsburg_lfu,dlinear,autumn_2024,305,12,4.259604349970202,7.0,2.7403956500297983
augsburg_lfu,dlinear,autumn_2024,306,12,5.3367067898870815,4.0,1.3367067898870815
augsburg_lfu,dlinear,autumn_2024,307,12,6.426639461258629,4.0,2.4266394612586293
augsburg_lfu,dlinear,autumn_2024,308,12,7.225818124855916,4.0,3.225818124855916
augsburg_lfu,dlinear,autumn_2024,309,12,7.940737465747528,7.0,0.940737465747528
augsburg_lfu,dlinear,autumn_2024,310,12,8.130822446893177,6.0,2.130822446893177
augsburg_lfu,dlinear,autumn_2024,311,12,7.973261360661453,3.0,4.973261360661453
augsburg_lfu,dlinear,autumn_2024,312,13,7.461017536352553,4.0,3.4610175363525526
augsburg_lfu,dlinear,autumn_2024,313,13,6.864821695925634,4.0,2.8648216959256336
augsburg_lfu,dlinear,autumn_2024,314,13,5.995087023527491,4.0,1.995087023527491
augsburg_lfu,dlinear,autumn_2024,315,13,5.4364878055273405,3.0,2.4364878055273405
augsburg_lfu,dlinear,autumn_2024,316,13,5.095420892799164,2.0,3.095420892799164
augsburg_lfu,dlinear,autumn_2024,317,13,5.194390716995527,2.0,3.1943907169955272
augsburg_lfu,dlinear,autumn_2024,318,13,5.280494623168744,3.0,2.280494623168744
augsburg_lfu,dlinear,autumn_2024,319,13,4.987995657809708,4.0,0.9879956578097078
augsburg_lfu,dlinear,autumn_2024,320,13,4.467536714989331,6.0,1.5324632850106692
augsburg_lfu,dlinear,autumn_2024,321,13,3.7768034777683366,5.0,1.2231965222316634
augsburg_lfu,dlinear,autumn_2024,322,13,3.302049084260913,6.0,2.697950915739087
augsburg_lfu,dlinear,autumn_2024,323,13,3.427579979055812,8.0,4.572420020944188
augsburg_lfu,dlinear,autumn_2024,324,13,3.9342007877562413,10.0,6.065799212243759
augsburg_lfu,dlinear,autumn_2024,325,13,4.334274391535613,9.0,4.665725608464387
augsburg_lfu,dlinear,autumn_2024,326,13,5.428324495981811,12.0,6.571675504018189
augsburg_lfu,dlinear,autumn_2024,327,13,6.707649925423883,18.0,11.292350074576117
augsburg_lfu,dlinear,autumn_2024,328,13,8.178294084527797,13.0,4.821705915472203
augsburg_lfu,dlinear,autumn_2024,329,13,8.95843176457424,12.0,3.0415682354257605
augsburg_lfu,dlinear,autumn_2024,330,13,10.407310308842586,13.0,2.592689691157414
augsburg_lfu,dlinear,autumn_2024,331,13,11.483856027973571,13.0,1.5161439720264287
augsburg_lfu,dlinear,autumn_2024,332,13,10.437821414006308,3.0,7.437821414006308
augsburg_lfu,dlinear,autumn_2024,333,13,8.459050654894702,4.0,4.4590506548947015
augsburg_lfu,dlinear,autumn_2024,334,13,7.4110689216740635,12.0,4.5889310783259365
augsburg_lfu,dlinear,autumn_2024,335,13,7.158279640243302,14.0,6.841720359756698
augsburg_lfu,dlinear,autumn_2024,336,14,6.755878099494014,12.0,5.244121900505986
augsburg_lfu,dlinear,autumn_2024,337,14,5.746444080301501,12.0,6.253555919698499
augsburg_lfu,dlinear,autumn_2024,338,14,5.295320306732583,13.0,7.704679693267417
augsburg_lfu,dlinear,autumn_2024,339,14,5.247583275683425,10.0,4.752416724316575
augsburg_lfu,dlinear,autumn_2024,340,14,5.530966402317356,6.0,0.4690335976826443
augsburg_lfu,dlinear,autumn_2024,341,14,6.302187877528978,4.0,2.3021878775289784
augsburg_lfu,dlinear,autumn_2024,342,14,7.682013442258673,10.0,2.3179865577413272
augsburg_lfu,dlinear,autumn_2024,343,14,9.360240376029193,15.0,5.639759623970807
augsburg_lfu,dlinear,autumn_2024,344,14,10.820535599213343,16.0,5.179464400786657
augsburg_lfu,dlinear,autumn_2024,345,14,11.371645600913975,16.0,4.6283543990860245
augsburg_lfu,dlinear,autumn_2024,346,14,10.619862951623185,13.0,2.380137048376815
augsburg_lfu,dlinear,autumn_2024,347,14,10.101529472260001,12.0,1.898470527739999
augsburg_lfu,dlinear,autumn_2024,348,14,9.305535309237118,10.0,0.6944646907628815
augsburg_lfu,dlinear,autumn_2024,349,14,8.837557369319097,9.0,0.16244263068090348
augsburg_lfu,dlinear,autumn_2024,350,14,8.987992090128042,11.0,2.012007909871958
augsburg_lfu,dlinear,autumn_2024,351,14,9.320346078198416,7.0,2.3203460781984155
augsburg_lfu,dlinear,autumn_2024,352,14,9.836434025493508,8.0,1.8364340254935083
augsburg_lfu,dlinear,autumn_2024,353,14,10.332828725977821,10.0,0.3328287259778211
augsburg_lfu,dlinear,autumn_2024,354,14,10.72999148782776,11.0,0.27000851217223953
augsburg_lfu,dlinear,autumn_2024,355,14,10.799285438564471,14.0,3.200714561435529
augsburg_lfu,dlinear,autumn_2024,356,14,10.470775540476321,11.0,0.5292244595236788
augsburg_lfu,dlinear,autumn_2024,357,14,9.695474240771873,10.0,0.3045257592281274
augsburg_lfu,dlinear,autumn_2024,358,14,8.840987993365385,9.0,0.15901200663461523
augsburg_lfu,dlinear,autumn_2024,359,14,7.7651469525242875,7.0,0.7651469525242875
augsburg_lfu,dlinear,autumn_2024,360,15,6.751157780551905,8.0,1.248842219448095
augsburg_lfu,dlinear,autumn_2024,361,15,5.893855513831766,7.0,1.1061444861682341
augsburg_lfu,dlinear,autumn_2024,362,15,5.468230146849834,5.0,0.4682301468498338
augsburg_lfu,dlinear,autumn_2024,363,15,5.464164495919784,6.0,0.5358355040802163
augsburg_lfu,dlinear,autumn_2024,364,15,5.380914074635351,5.0,0.380914074635351
augsburg_lfu,dlinear,autumn_2024,365,15,5.76860546136928,4.0,1.7686054613692797
augsburg_lfu,dlinear,autumn_2024,366,15,5.9886250062474655,4.0,1.9886250062474655
augsburg_lfu,dlinear,autumn_2024,367,15,6.0277359887427915,4.0,2.0277359887427915
augsburg_lfu,dlinear,autumn_2024,368,15,6.051453727158121,4.0,2.051453727158121
augsburg_lfu,dlinear,autumn_2024,369,15,5.699603098291517,4.0,1.699603098291517
augsburg_lfu,dlinear,autumn_2024,370,15,5.108384084018536,4.0,1.1083840840185362
augsburg_lfu,dlinear,autumn_2024,371,15,4.762498455221589,4.0,0.7624984552215892
augsburg_lfu,dlinear,autumn_2024,372,15,4.648418784683335,4.0,0.6484187846833347
augsburg_lfu,dlinear,autumn_2024,373,15,4.7519108318589165,4.0,0.7519108318589165
augsburg_lfu,dlinear,autumn_2024,374,15,4.854674978787067,7.0,2.1453250212129333
augsburg_lfu,dlinear,autumn_2024,375,15,6.03867421296649,8.0,1.96132578703351
augsburg_lfu,dlinear,autumn_2024,376,15,7.186884174739616,6.0,1.1868841747396157
augsburg_lfu,dlinear,autumn_2024,377,15,8.461276463080887,7.0,1.4612764630808872
augsburg_lfu,dlinear,autumn_2024,378,15,9.391079676636785,9.0,0.3910796766367852
augsburg_lfu,dlinear,autumn_2024,379,15,9.681309568993841,10.0,0.3186904310061589
augsburg_lfu,dlinear,autumn_2024,380,15,9.83034676316678,9.0,0.83034676316678
augsburg_lfu,dlinear,autumn_2024,381,15,9.92547476896537,8.0,1.9254747689653708
augsburg_lfu,dlinear,autumn_2024,382,15,9.325393246848284,5.0,4.325393246848284
augsburg_lfu,dlinear,autumn_2024,383,15,8.263514052751278,5.0,3.263514052751278
augsburg_lfu,dlinear,autumn_2024,384,16,7.290986812517604,5.0,2.2909868125176036
augsburg_lfu,dlinear,autumn_2024,385,16,6.703352751761502,7.0,0.2966472482384983
augsburg_lfu,dlinear,autumn_2024,386,16,6.3609848402545355,5.0,1.3609848402545355
augsburg_lfu,dlinear,autumn_2024,387,16,6.251002964628646,4.0,2.251002964628646
augsburg_lfu,dlinear,autumn_2024,388,16,6.106049372156594,4.0,2.106049372156594
augsburg_lfu,dlinear,autumn_2024,389,16,6.1998197250740255,5.0,1.1998197250740255
augsburg_lfu,dlinear,autumn_2024,390,16,6.549676147585895,9.0,2.4503238524141047
augsburg_lfu,dlinear,autumn_2024,391,16,7.105704975366367,13.0,5.894295024633633
augsburg_lfu,dlinear,autumn_2024,392,16,7.609719459152511,14.0,6.390280540847489
augsburg_lfu,dlinear,autumn_2024,393,16,7.002640235863544,14.0,6.997359764136456
augsburg_lfu,dlinear,autumn_2024,394,16,6.6152837183740365,19.0,12.384716281625963
augsburg_lfu,dlinear,autumn_2024,395,16,6.507783055955599,18.0,11.4922169440444
augsburg_lfu,dlinear,autumn_2024,396,16,6.382141896758487,15.0,8.617858103241513
augsburg_lfu,dlinear,autumn_2024,397,16,6.643320583166224,14.0,7.356679416833776
augsburg_lfu,dlinear,autumn_2024,398,16,7.683661811944913,18.0,10.316338188055088
augsburg_lfu,dlinear,autumn_2024,399,16,8.522971008920019,21.0,12.477028991079981
augsburg_lfu,dlinear,autumn_2024,400,16,9.245129916173187,22.0,12.754870083826813
augsburg_lfu,dlinear,autumn_2024,401,16,11.83142918634774,23.0,11.16857081365226
augsburg_lfu,dlinear,autumn_2024,402,16,13.573464209306913,22.0,8.426535790693087
augsburg_lfu,dlinear,autumn_2024,403,16,14.370286375849702,17.0,2.6297136241502983
augsburg_lfu,dlinear,autumn_2024,404,16,14.479646379405892,15.0,0.5203536205941077
augsburg_lfu,dlinear,autumn_2024,405,16,13.978447125431092,12.0,1.9784471254310922
augsburg_lfu,dlinear,autumn_2024,406,16,12.894069031695985,11.0,1.8940690316959845
augsburg_lfu,dlinear,autumn_2024,407,16,11.764125839726642,9.0,2.764125839726642
augsburg_lfu,dlinear,autumn_2024,408,17,10.606665886713245,10.0,0.6066658867132446
augsburg_lfu,dlinear,autumn_2024,409,17,9.894910960492044,11.0,1.1050890395079556
augsburg_lfu,dlinear,autumn_2024,410,17,9.709241647483093,11.0,1.2907583525169066
augsburg_lfu,dlinear,autumn_2024,411,17,9.599594396300047,12.0,2.4004056036999533
augsburg_lfu,dlinear,autumn_2024,412,17,9.92753544076802,10.0,0.07246455923197992
augsburg_lfu,dlinear,autumn_2024,413,17,10.154191153409485,12.0,1.845808846590515
augsburg_lfu,dlinear,autumn_2024,414,17,10.424920301879522,14.0,3.5750796981204775
augsburg_lfu,dlinear,autumn_2024,415,17,10.463904103929464,16.0,5.536095896070536
augsburg_lfu,dlinear,autumn_2024,416,17,10.698526521712402,17.0,6.301473478287598
augsburg_lfu,dlinear,autumn_2024,417,17,10.675789957141031,16.0,5.324210042858969
augsburg_lfu,dlinear,autumn_2024,418,17,10.503657230766667,13.0,2.4963427692333333
augsburg_lfu,dlinear,autumn_2024,419,17,10.32325376384975,13.5,3.176746236150249
augsburg_lfu,dlinear,autumn_2024,420,17,10.357731098709003,14.0,3.642268901290997
augsburg_lfu,dlinear,autumn_2024,421,17,11.111369805160077,17.0,5.888630194839923
augsburg_lfu,dlinear,autumn_2024,422,17,11.48811583765411,17.0,5.51188416234589
augsburg_lfu,dlinear,autumn_2024,423,17,12.672588440702288,20.0,7.327411559297712
augsburg_lfu,dlinear,autumn_2024,424,17,14.437319154771776,32.0,17.562680845228222
augsburg_lfu,dlinear,autumn_2024,425,17,17.37329561145383,36.0,18.62670438854617
augsburg_lfu,dlinear,autumn_2024,426,17,19.16017879865619,36.0,16.83982120134381
augsburg_lfu,dlinear,autumn_2024,427,17,19.948775569081427,33.0,13.051224430918573
augsburg_lfu,dlinear,autumn_2024,428,17,20.050327735253,26.0,5.949672264747001
augsburg_lfu,dlinear,autumn_2024,429,17,19.294166622682827,19.0,0.2941666226828268
augsburg_lfu,dlinear,autumn_2024,430,17,17.47526136458175,10.0,7.475261364581751
augsburg_lfu,dlinear,autumn_2024,431,17,14.69215248577615,9.0,5.69215248577615
augsburg_lfu,dlinear,autumn_2024,432,18,12.038903134875914,8.0,4.038903134875914
augsburg_lfu,dlinear,autumn_2024,433,18,10.39747886261918,5.0,5.397478862619179
augsburg_lfu,dlinear,autumn_2024,434,18,9.040457017900453,4.0,5.040457017900453
augsburg_lfu,dlinear,autumn_2024,435,18,8.424165154097144,4.0,4.424165154097144
augsburg_lfu,dlinear,autumn_2024,436,18,7.898992517126866,3.0,4.898992517126866
augsburg_lfu,dlinear,autumn_2024,437,18,7.559670527471387,3.0,4.559670527471387
augsburg_lfu,dlinear,autumn_2024,438,18,7.177337722852686,3.0,4.177337722852686
augsburg_lfu,dlinear,autumn_2024,439,18,6.870139666526278,5.0,1.8701396665262777
augsburg_lfu,dlinear,autumn_2024,440,18,6.733281333579328,7.0,0.26671866642067243
augsburg_lfu,dlinear,autumn_2024,441,18,5.783421587421889,5.0,0.7834215874218886
augsburg_lfu,dlinear,autumn_2024,442,18,4.74506875297566,3.0,1.7450687529756603
augsburg_lfu,dlinear,autumn_2024,443,18,4.256099934997704,2.0,2.256099934997704
augsburg_lfu,dlinear,autumn_2024,444,18,4.365764695843839,2.0,2.365764695843839
augsburg_lfu,dlinear,autumn_2024,445,18,4.85973594776767,5.0,0.14026405223232974
augsburg_lfu,dlinear,autumn_2024,446,18,6.2675475513369845,8.0,1.7324524486630155
augsburg_lfu,dlinear,autumn_2024,447,18,8.577948023499225,8.0,0.5779480234992249
augsburg_lfu,dlinear,autumn_2024,448,18,11.091039363610301,9.0,2.0910393636103013
augsburg_lfu,dlinear,autumn_2024,449,18,13.397348981171813,10.0,3.397348981171813
augsburg_lfu,dlinear,autumn_2024,450,18,15.591703177424026,12.0,3.5917031774240264
augsburg_lfu,dlinear,autumn_2024,451,18,16.680300910303355,12.0,4.680300910303355
augsburg_lfu,dlinear,autumn_2024,452,18,16.77333216989989,15.0,1.7733321698998914
augsburg_lfu,dlinear,autumn_2024,453,18,16.746884313125783,16.0,0.7468843131257827
augsburg_lfu,dlinear,autumn_2024,454,18,16.621190316111985,17.0,0.37880968388801506
augsburg_lfu,dlinear,autumn_2024,455,18,15.924514955467728,14.0,1.9245149554677283
augsburg_lfu,dlinear,autumn_2024,456,19,15.037914864265655,17.0,1.9620851357343447
augsburg_lfu,dlinear,autumn_2024,457,19,14.975781035423907,17.0,2.024218964576093
augsburg_lfu,dlinear,autumn_2024,458,19,14.46951398042475,18.0,3.5304860195752497
augsburg_lfu,dlinear,autumn_2024,459,19,14.376961097061471,17.0,2.6230389029385286
augsburg_lfu,dlinear,autumn_2024,460,19,14.346684348899835,19.0,4.653315651100165
augsburg_lfu,dlinear,autumn_2024,461,19,14.18177155734145,21.0,6.818228442658549
augsburg_lfu,dlinear,autumn_2024,462,19,14.005319042963324,24.0,9.994680957036676
augsburg_lfu,dlinear,autumn_2024,463,19,13.875742564676395,26.0,12.124257435323605
augsburg_lfu,dlinear,autumn_2024,464,19,13.964243260582675,28.0,14.035756739417325
augsburg_lfu,dlinear,autumn_2024,465,19,12.859887774522514,28.0,15.140112225477486
augsburg_lfu,dlinear,autumn_2024,466,19,11.308578627912844,28.0,16.691421372087156
augsburg_lfu,dlinear,autumn_2024,467,19,10.073302118686716,16.0,5.9266978813132845
augsburg_lfu,dlinear,autumn_2024,468,19,8.737910147903166,14.0,5.2620898520968336
augsburg_lfu,dlinear,autumn_2024,469,19,8.335591688369634,18.0,9.664408311630366
augsburg_lfu,dlinear,autumn_2024,470,19,8.367255811357934,16.0,7.632744188642066
augsburg_lfu,dlinear,autumn_2024,471,19,8.703882844058622,12.0,3.2961171559413778
augsburg_lfu,dlinear,autumn_2024,472,19,9.799420520801974,11.0,1.2005794791980264
augsburg_lfu,dlinear,autumn_2024,473,19,10.779129317279537,11.0,0.22087068272046295
augsburg_lfu,dlinear,autumn_2024,474,19,11.745837937935075,14.0,2.2541620620649248
augsburg_lfu,dlinear,autumn_2024,475,19,12.546782962864189,17.0,4.453217037135811
augsburg_lfu,dlinear,autumn_2024,476,19,13.181542442784597,17.0,3.818457557215403
augsburg_lfu,dlinear,autumn_2024,477,19,12.943698923550576,9.0,3.943698923550576
augsburg_lfu,dlinear,autumn_2024,478,19,12.429447273742102,7.0,5.4294472737421025
augsburg_lfu,dlinear,autumn_2024,479,19,11.459185657172704,8.0,3.4591856571727035
augsburg_lfu,dlinear,autumn_2024,480,20,10.408998886362118,7.0,3.4089988863621183
augsburg_lfu,dlinear,autumn_2024,481,20,9.199845638713608,7.0,2.199845638713608
augsburg_lfu,dlinear,autumn_2024,482,20,8.34295379577589,7.0,1.3429537957758892
augsburg_lfu,dlinear,autumn_2024,483,20,7.414745228838733,6.0,1.4147452288387328
augsburg_lfu,dlinear,autumn_2024,484,20,6.45586961746101,6.0,0.4558696174610102
augsburg_lfu,dlinear,autumn_2024,485,20,5.99774300929661,6.0,0.002256990703389583
augsburg_lfu,dlinear,autumn_2024,486,20,5.6488015496605,6.0,0.35119845033950003
augsburg_lfu,dlinear,autumn_2024,487,20,5.608555791560269,6.0,0.39144420843973116
augsburg_lfu,dlinear,autumn_2024,488,20,5.553806280691143,7.0,1.446193719308857
augsburg_lfu,dlinear,autumn_2024,489,20,4.113613901067252,4.0,0.11361390106725189
augsburg_lfu,dlinear,autumn_2024,490,20,3.045374410121438,3.0,0.04537441012143795
augsburg_lfu,dlinear,autumn_2024,491,20,2.695480051089783,3.0,0.30451994891021705
augsburg_lfu,dlinear,autumn_2024,492,20,3.3763608516013934,3.0,0.37636085160139343
augsburg_lfu,dlinear,autumn_2024,493,20,4.515500169542202,8.0,3.484499830457798
augsburg_lfu,dlinear,autumn_2024,494,20,5.987648234641488,10.0,4.012351765358512
augsburg_lfu,dlinear,autumn_2024,495,20,8.054707398356665,19.0,10.945292601643335
augsburg_lfu,dlinear,autumn_2024,496,20,10.185336375257558,25.0,14.814663624742442
augsburg_lfu,dlinear,autumn_2024,497,20,13.554795033072974,30.0,16.445204966927026
augsburg_lfu,dlinear,autumn_2024,498,20,16.127855927085726,33.0,16.872144072914274
augsburg_lfu,dlinear,autumn_2024,499,20,17.329344426558244,34.0,16.670655573441756
augsburg_lfu,dlinear,autumn_2024,500,20,17.904266222503875,23.0,5.095733777496125
augsburg_lfu,dlinear,autumn_2024,501,20,17.34827882518305,14.0,3.3482788251830513
augsburg_lfu,dlinear,autumn_2024,502,20,16.286430150451842,10.0,6.286430150451842
augsburg_lfu,dlinear,autumn_2024,503,20,14.313762679049729,9.0,5.313762679049729
augsburg_lfu,dlinear,autumn_2024,504,21,12.887348716954953,3.0,9.887348716954953
augsburg_lfu,dlinear,autumn_2024,505,21,10.703212896578783,2.0,8.703212896578783
augsburg_lfu,dlinear,autumn_2024,506,21,8.765019870401144,2.0,6.765019870401144
augsburg_lfu,dlinear,autumn_2024,507,21,7.161475297993659,4.0,3.1614752979936593
augsburg_lfu,dlinear,autumn_2024,508,21,6.3975402695254555,5.0,1.3975402695254555
augsburg_lfu,dlinear,autumn_2024,509,21,6.191741715471516,8.0,1.8082582845284838
augsburg_lfu,dlinear,autumn_2024,510,21,6.013078469680954,8.0,1.9869215303190462
augsburg_lfu,dlinear,autumn_2024,511,21,6.087873723711634,5.0,1.0878737237116338
augsburg_lfu,dlinear,autumn_2024,512,21,5.914218050217638,2.0,3.914218050217638
augsburg_lfu,dlinear,autumn_2024,513,21,4.885179301795374,1.0,3.8851793017953744
augsburg_lfu,dlinear,autumn_2024,514,21,3.7598336688925906,0.9,2.8598336688925907
augsburg_lfu,dlinear,autumn_2024,515,21,3.345539150083007,1.0,2.345539150083007
augsburg_lfu,dlinear,autumn_2024,516,21,3.4677675872040665,0.9,2.5677675872040666
augsburg_lfu,dlinear,autumn_2024,517,21,3.9950007146534614,1.0,2.9950007146534614
augsburg_lfu,dlinear,autumn_2024,518,21,4.99834522151627,2.0,2.99834522151627
augsburg_lfu,dlinear,autumn_2024,519,21,6.5318610996258775,4.0,2.5318610996258775
augsburg_lfu,dlinear,autumn_2024,520,21,8.258716070458487,2.0,6.258716070458487
augsburg_lfu,dlinear,autumn_2024,521,21,10.370199695648656,3.0,7.370199695648656
augsburg_lfu,dlinear,autumn_2024,522,21,11.218361478363633,5.0,6.218361478363633
augsburg_lfu,dlinear,autumn_2024,523,21,11.01157403598779,7.0,4.01157403598779
augsburg_lfu,dlinear,autumn_2024,524,21,10.513709614849853,6.0,4.513709614849853
augsburg_lfu,dlinear,autumn_2024,525,21,10.240123350342024,5.0,5.240123350342024
augsburg_lfu,dlinear,autumn_2024,526,21,9.6361111891836,4.0,5.6361111891836
augsburg_lfu,dlinear,autumn_2024,527,21,8.849813360239324,4.0,4.849813360239324
augsburg_lfu,dlinear,autumn_2024,528,22,8.015000834513234,5.0,3.015000834513234
augsburg_lfu,dlinear,autumn_2024,529,22,7.626309496932609,4.0,3.626309496932609
augsburg_lfu,dlinear,autumn_2024,530,22,7.37701364615871,2.0,5.37701364615871
augsburg_lfu,dlinear,autumn_2024,531,22,7.21904881427284,2.0,5.21904881427284
augsburg_lfu,dlinear,autumn_2024,532,22,7.170240398416591,2.0,5.170240398416591
augsburg_lfu,dlinear,autumn_2024,533,22,7.110596033386603,2.0,5.110596033386603
augsburg_lfu,dlinear,autumn_2024,534,22,7.041083067871001,2.0,5.041083067871001
augsburg_lfu,dlinear,autumn_2024,535,22,6.674885254733739,7.0,0.3251147452662613
augsburg_lfu,dlinear,autumn_2024,536,22,6.097880346998713,11.0,4.902119653001287
augsburg_lfu,dlinear,autumn_2024,537,22,5.497041301738587,6.0,0.5029586982614127
augsburg_lfu,dlinear,autumn_2024,538,22,5.473642943483471,4.0,1.4736429434834708
augsburg_lfu,dlinear,autumn_2024,539,22,5.626758756959181,4.0,1.6267587569591813
augsburg_lfu,dlinear,autumn_2024,540,22,6.124407891261643,4.0,2.124407891261643
augsburg_lfu,dlinear,autumn_2024,541,22,7.182461863017899,6.0,1.182461863017899
augsburg_lfu,dlinear,autumn_2024,542,22,8.248355313369535,9.0,0.7516446866304651
augsburg_lfu,dlinear,autumn_2024,543,22,9.328873959379376,7.0,2.3288739593793757
augsburg_lfu,dlinear,autumn_2024,544,22,10.07235139073034,5.0,5.07235139073034
augsburg_lfu,dlinear,autumn_2024,545,22,10.535000589443047,5.0,5.535000589443047
augsburg_lfu,dlinear,autumn_2024,546,22,11.223941571048265,6.0,5.223941571048265
augsburg_lfu,dlinear,autumn_2024,547,22,11.219922186391408,5.0,6.219922186391408
augsburg_lfu,dlinear,autumn_2024,548,22,10.186595254386702,4.0,6.186595254386702
augsburg_lfu,dlinear,autumn_2024,549,22,8.629196771274362,4.0,4.629196771274362
augsburg_lfu,dlinear,autumn_2024,550,22,7.356434682933609,4.0,3.3564346829336094
augsburg_lfu,dlinear,autumn_2024,551,22,6.078911918607711,4.0,2.0789119186077114
augsburg_lfu,dlinear,autumn_2024,552,23,4.929230181911837,4.0,0.9292301819118371
augsburg_lfu,dlinear,autumn_2024,553,23,3.9331734829734755,5.0,1.0668265170265245
augsburg_lfu,dlinear,autumn_2024,554,23,3.452504440455674,6.0,2.547495559544326
augsburg_lfu,dlinear,autumn_2024,555,23,3.6652642612457855,8.0,4.3347357387542145
augsburg_lfu,dlinear,autumn_2024,556,23,4.231155932652433,8.0,3.768844067347567
augsburg_lfu,dlinear,autumn_2024,557,23,4.595558013876206,8.0,3.4044419861237936
augsburg_lfu,dlinear,autumn_2024,558,23,4.719180118192055,8.0,3.280819881807945
augsburg_lfu,dlinear,autumn_2024,559,23,4.650808651474632,9.0,4.349191348525368
augsburg_lfu,dlinear,autumn_2024,560,23,4.5072040195557985,8.0,3.4927959804442015
augsburg_lfu,dlinear,autumn_2024,561,23,3.738937444452042,4.0,0.2610625555479582
augsburg_lfu,dlinear,autumn_2024,562,23,2.539955261343623,1.0,1.5399552613436231
augsburg_lfu,dlinear,autumn_2024,563,23,1.8539151680624324,1.0,0.8539151680624324
augsburg_lfu,dlinear,autumn_2024,564,23,1.6148197902570007,1.0,0.6148197902570007
augsburg_lfu,dlinear,autumn_2024,565,23,1.6851024242515737,1.0,0.6851024242515737
augsburg_lfu,dlinear,autumn_2024,566,23,2.084872399301116,1.0,1.084872399301116
augsburg_lfu,dlinear,autumn_2024,567,23,2.7697894816165967,1.0,1.7697894816165967
augsburg_lfu,dlinear,autumn_2024,568,23,3.717611307593954,2.0,1.717611307593954
augsburg_lfu,dlinear,autumn_2024,569,23,4.756559136758642,2.0,2.756559136758642
augsburg_lfu,dlinear,autumn_2024,570,23,5.704720811237339,2.0,3.7047208112373387
augsburg_lfu,dlinear,autumn_2024,571,23,6.2456460025704255,3.0,3.2456460025704255
augsburg_lfu,dlinear,autumn_2024,572,23,6.49117431390332,6.0,0.4911743139033202
augsburg_lfu,dlinear,autumn_2024,573,23,6.463853487242277,9.0,2.536146512757723
augsburg_lfu,dlinear,autumn_2024,574,23,5.989099214889293,11.0,5.010900785110707
augsburg_lfu,dlinear,autumn_2024,575,23,5.342314401739998,11.0,5.657685598260002
augsburg_lfu,dlinear,autumn_2024,576,24,4.828795547486301,13.0,8.171204452513699
augsburg_lfu,dlinear,autumn_2024,577,24,4.735823907793121,9.0,4.264176092206879
augsburg_lfu,dlinear,autumn_2024,578,24,4.815366160084266,8.0,3.184633839915734
augsburg_lfu,dlinear,autumn_2024,579,24,4.778772369317098,7.0,2.221227630682902
augsburg_lfu,dlinear,autumn_2024,580,24,4.781159140395366,8.0,3.218840859604634
augsburg_lfu,dlinear,autumn_2024,581,24,4.769432989081499,9.0,4.230567010918501
augsburg_lfu,dlinear,autumn_2024,582,24,4.37460352229488,6.0,1.6253964777051202
augsburg_lfu,dlinear,autumn_2024,583,24,3.8797628631333194,4.0,0.12023713686668058
augsburg_lfu,dlinear,autumn_2024,584,24,3.350072058639779,3.0,0.3500720586397792
augsburg_lfu,dlinear,autumn_2024,585,24,2.603095366940392,0.8,1.803095366940392
augsburg_lfu,dlinear,autumn_2024,586,24,2.1362681512292805,2.0,0.1362681512292805
augsburg_lfu,dlinear,autumn_2024,587,24,1.9715199983227714,4.0,2.0284800016772286
augsburg_lfu,dlinear,autumn_2024,588,24,2.1599411776911133,7.0,4.840058822308887
augsburg_lfu,dlinear,autumn_2024,589,24,2.469740681321827,8.0,5.530259318678173
augsburg_lfu,dlinear,autumn_2024,590,24,3.6687152036806387,8.0,4.331284796319361
augsburg_lfu,dlinear,autumn_2024,591,24,4.900254093501339,7.0,2.0997459064986614
augsburg_lfu,dlinear,autumn_2024,592,24,6.225047515578633,8.0,1.7749524844213669
augsburg_lfu,dlinear,autumn_2024,593,24,7.764897089434805,11.0,3.235102910565195
augsburg_lfu,dlinear,autumn_2024,594,24,8.959699653453955,10.0,1.0403003465460454
augsburg_lfu,dlinear,autumn_2024,595,24,9.65940526280575,13.0,3.34059473719425
augsburg_lfu,dlinear,autumn_2024,596,24,10.070201615075202,15.0,4.929798384924798
augsburg_lfu,dlinear,autumn_2024,597,24,10.363975755602155,16.0,5.636024244397845
augsburg_lfu,dlinear,autumn_2024,598,24,10.718212607885581,14.0,3.2817873921144187
augsburg_lfu,dlinear,autumn_2024,599,24,11.05198896770332,17.0,5.94801103229668
augsburg_lfu,dlinear,autumn_2024,600,25,11.303407050907019,16.0,4.696592949092981
augsburg_lfu,dlinear,autumn_2024,601,25,11.133809902604408,15.0,3.8661900973955916
augsburg_lfu,dlinear,autumn_2024,602,25,11.027576679546895,11.0,0.027576679546895022
augsburg_lfu,dlinear,autumn_2024,603,25,10.48641656475937,15.0,4.51358343524063
augsburg_lfu,dlinear,autumn_2024,604,25,9.78632354754545,12.0,2.21367645245455
augsburg_lfu,dlinear,autumn_2024,605,25,8.919495973276476,8.0,0.9194959732764758
augsburg_lfu,dlinear,autumn_2024,606,25,7.847552618450085,5.0,2.8475526184500852
augsburg_lfu,dlinear,autumn_2024,607,25,6.744882395680246,5.0,1.7448823956802464
augsburg_lfu,dlinear,autumn_2024,608,25,5.504083328501268,6.0,0.4959166714987324
augsburg_lfu,dlinear,autumn_2024,609,25,4.522577179914732,4.0,0.5225771799147321
augsburg_lfu,dlinear,autumn_2024,610,25,3.603853738404538,4.0,0.39614626159546207
augsburg_lfu,dlinear,autumn_2024,611,25,3.1036209798770944,6.0,2.8963790201229056
augsburg_lfu,dlinear,autumn_2024,612,25,3.474590035246708,7.0,3.525409964753292
augsburg_lfu,dlinear,autumn_2024,613,25,4.619113253803861,7.0,2.380886746196139
augsburg_lfu,dlinear,autumn_2024,614,25,6.447001664934806,10.0,3.552998335065194
augsburg_lfu,dlinear,autumn_2024,615,25,8.80666558075117,13.0,4.1933344192488295
augsburg_lfu,dlinear,autumn_2024,616,25,10.992815009038855,16.0,5.007184990961145
augsburg_lfu,dlinear,autumn_2024,617,25,12.69359077045004,14.0,1.3064092295499599
augsburg_lfu,dlinear,autumn_2024,618,25,13.971562080887889,13.0,0.9715620808878889
augsburg_lfu,dlinear,autumn_2024,619,25,14.284208003361647,14.0,0.28420800336164653
augsburg_lfu,dlinear,autumn_2024,620,25,14.277808255066558,20.0,5.722191744933442
augsburg_lfu,dlinear,autumn_2024,621,25,14.388074065040072,22.0,7.6119259349599275
augsburg_lfu,dlinear,autumn_2024,622,25,14.144050010098015,24.0,9.855949989901985
augsburg_lfu,dlinear,autumn_2024,623,25,13.515005621475874,19.0,5.484994378524126
augsburg_lfu,dlinear,autumn_2024,624,26,12.926785963829175,17.0,4.073214036170825
augsburg_lfu,dlinear,autumn_2024,625,26,12.206227435140283,17.0,4.793772564859717
augsburg_lfu,dlinear,autumn_2024,626,26,11.315829922920496,15.0,3.6841700770795036
augsburg_lfu,dlinear,autumn_2024,627,26,10.502517048809716,14.0,3.4974829511902836
augsburg_lfu,dlinear,autumn_2024,628,26,9.50851956150205,8.0,1.50851956150205
augsburg_lfu,dlinear,autumn_2024,629,26,8.260092806338465,6.0,2.2600928063384647
augsburg_lfu,dlinear,autumn_2024,630,26,7.162816300161934,5.0,2.162816300161934
augsburg_lfu,dlinear,autumn_2024,631,26,6.161146447777735,6.0,0.16114644777773535
augsburg_lfu,dlinear,autumn_2024,632,26,5.07930637550011,6.0,0.92069362449989
augsburg_lfu,dlinear,autumn_2024,633,26,3.6231097129986316,4.0,0.3768902870013684
augsburg_lfu,dlinear,autumn_2024,634,26,2.426658798259261,4.0,1.5733412017407389
augsburg_lfu,dlinear,autumn_2024,635,26,2.3442865499923533,8.0,5.655713450007647
augsburg_lfu,dlinear,autumn_2024,636,26,2.7575947407488046,9.0,6.242405259251195
augsburg_lfu,dlinear,autumn_2024,637,26,3.4987274107301527,8.0,4.501272589269847
augsburg_lfu,dlinear,autumn_2024,638,26,4.3414521731375375,4.0,0.3414521731375375
augsburg_lfu,dlinear,autumn_2024,639,26,5.534315333145482,4.0,1.5343153331454822
augsburg_lfu,dlinear,autumn_2024,640,26,6.752642874152079,4.0,2.7526428741520794
augsburg_lfu,dlinear,autumn_2024,641,26,9.075907130806963,9.0,0.07590713080696254
augsburg_lfu,dlinear,autumn_2024,642,26,11.042632459042096,11.0,0.042632459042096116
augsburg_lfu,dlinear,autumn_2024,643,26,12.099039720195764,14.0,1.9009602798042362
augsburg_lfu,dlinear,autumn_2024,644,26,12.686668639036563,13.0,0.3133313609634367
augsburg_lfu,dlinear,autumn_2024,645,26,12.632641749688672,11.0,1.6326417496886716
augsburg_lfu,dlinear,autumn_2024,646,26,12.36545609961953,11.0,1.3654560996195304
augsburg_lfu,dlinear,autumn_2024,647,26,11.918219095638207,12.0,0.08178090436179275
augsburg_lfu,dlinear,autumn_2024,648,27,11.321387661702282,12.0,0.678612338297718
augsburg_lfu,dlinear,autumn_2024,649,27,10.5800172674571,11.0,0.4199827325429002
augsburg_lfu,dlinear,autumn_2024,650,27,10.038923267019001,11.0,0.9610767329809988
augsburg_lfu,dlinear,autumn_2024,651,27,9.554084168678754,11.0,1.445915831321246
augsburg_lfu,dlinear,autumn_2024,652,27,8.716339617414217,4.0,4.716339617414217
augsburg_lfu,dlinear,autumn_2024,653,27,7.216691770484554,4.0,3.2166917704845543
augsburg_lfu,dlinear,autumn_2024,654,27,5.793884193495913,3.0,2.793884193495913
augsburg_lfu,dlinear,autumn_2024,655,27,4.709610006545889,2.0,2.709610006545889
augsburg_lfu,dlinear,autumn_2024,656,27,3.75701452608853,1.0,2.75701452608853
augsburg_lfu,dlinear,autumn_2024,657,27,3.186116037516703,3.0,0.1861160375167028
augsburg_lfu,dlinear,autumn_2024,658,27,2.9344153893459435,6.0,3.0655846106540565
augsburg_lfu,dlinear,autumn_2024,659,27,2.804678763191976,10.0,7.195321236808024
augsburg_lfu,dlinear,autumn_2024,660,27,3.5146874060127615,14.0,10.485312593987238
augsburg_lfu,dlinear,autumn_2024,661,27,5.151003906418378,15.0,9.848996093581622
augsburg_lfu,dlinear,autumn_2024,662,27,6.344613361501958,13.0,6.655386638498042
augsburg_lfu,dlinear,autumn_2024,663,27,7.896941356421804,11.0,3.103058643578196
augsburg_lfu,dlinear,autumn_2024,664,27,9.625601144034363,12.0,2.3743988559656373
augsburg_lfu,dlinear,autumn_2024,665,27,12.14300086871956,17.0,4.856999131280441
augsburg_lfu,dlinear,autumn_2024,666,27,13.329619833704676,11.0,2.329619833704676
augsburg_lfu,dlinear,autumn_2024,667,27,13.143490195549406,4.0,9.143490195549406
augsburg_lfu,dlinear,autumn_2024,668,27,11.939239297307974,2.0,9.939239297307974
augsburg_lfu,dlinear,autumn_2024,669,27,10.506325287754647,2.0,8.506325287754647
augsburg_lfu,dlinear,autumn_2024,670,27,9.041537173229104,1.0,8.041537173229104
augsburg_lfu,dlinear,autumn_2024,671,27,7.455401574035196,2.0,5.455401574035196
augsburg_lfu,dlinear,autumn_2024,672,28,6.119046652432632,2.0,4.119046652432632
augsburg_lfu,dlinear,autumn_2024,673,28,4.97319635424379,2.0,2.9731963542437896
augsburg_lfu,dlinear,autumn_2024,674,28,4.100782796196412,2.0,2.1007827961964116
augsburg_lfu,dlinear,autumn_2024,675,28,3.590326002740766,1.0,2.590326002740766
augsburg_lfu,dlinear,autumn_2024,676,28,3.3079051295471453,0.9,2.4079051295471454
augsburg_lfu,dlinear,autumn_2024,677,28,3.002843042839046,1.0,2.002843042839046
augsburg_lfu,dlinear,autumn_2024,678,28,2.859113279393302,3.0,0.14088672060669793
augsburg_lfu,dlinear,autumn_2024,679,28,2.8843178952218995,5.0,2.1156821047781005
augsburg_lfu,dlinear,autumn_2024,680,28,2.7184423549662218,8.0,5.281557645033779
augsburg_lfu,dlinear,autumn_2024,681,28,2.8506968274939486,5.0,2.1493031725060514
augsburg_lfu,dlinear,autumn_2024,682,28,3.217276934822393,4.0,0.7827230651776071
augsburg_lfu,dlinear,autumn_2024,683,28,4.139447671356651,5.0,0.8605523286433492
augsburg_lfu,dlinear,autumn_2024,684,28,5.6937572066042295,5.0,0.6937572066042295
augsburg_lfu,dlinear,autumn_2024,685,28,7.598761162811651,5.0,2.598761162811651
augsburg_lfu,dlinear,autumn_2024,686,28,9.507437715655154,9.0,0.5074377156551542
augsburg_lfu,dlinear,autumn_2024,687,28,11.85247624959454,16.0,4.14752375040546
augsburg_lfu,dlinear,autumn_2024,688,28,14.450693470786836,21.0,6.549306529213164
augsburg_lfu,dlinear,autumn_2024,689,28,17.234382879042194,27.0,9.765617120957806
augsburg_lfu,dlinear,autumn_2024,690,28,18.77423859338228,32.0,13.225761406617721
augsburg_lfu,dlinear,autumn_2024,691,28,18.897686239580107,22.0,3.102313760419893
augsburg_lfu,dlinear,autumn_2024,692,28,17.778225580540592,12.0,5.778225580540592
augsburg_lfu,dlinear,autumn_2024,693,28,15.561859577584782,8.0,7.561859577584782
augsburg_lfu,dlinear,autumn_2024,694,28,12.665408516333148,4.0,8.665408516333148
augsburg_lfu,dlinear,autumn_2024,695,28,9.978827902574828,4.0,5.978827902574828
augsburg_lfu,dlinear,autumn_2024,696,29,7.727203168195712,3.0,4.727203168195712
augsburg_lfu,dlinear,autumn_2024,697,29,5.911566558128185,2.0,3.911566558128185
augsburg_lfu,dlinear,autumn_2024,698,29,5.017200609547312,3.0,2.017200609547312
augsburg_lfu,dlinear,autumn_2024,699,29,4.844203440701188,3.0,1.8442034407011878
augsburg_lfu,dlinear,autumn_2024,700,29,4.580249319509509,3.0,1.5802493195095089
augsburg_lfu,dlinear,autumn_2024,701,29,4.068363041351972,3.0,1.0683630413519722
augsburg_lfu,dlinear,autumn_2024,702,29,4.010967006368254,3.0,1.0109670063682543
augsburg_lfu,dlinear,autumn_2024,703,29,4.196757595554298,3.0,1.1967575955542982
augsburg_lfu,dlinear,autumn_2024,704,29,4.946597236809385,3.0,1.9465972368093851
augsburg_lfu,dlinear,autumn_2024,705,29,6.6044060726466505,10.0,3.3955939273533495
augsburg_lfu,dlinear,autumn_2024,706,29,8.422701946029036,18.0,9.577298053970964
augsburg_lfu,dlinear,autumn_2024,707,29,9.814701815551356,16.0,6.185298184448644
augsburg_lfu,dlinear,autumn_2024,708,29,11.026298131569423,11.0,0.026298131569422623
augsburg_lfu,dlinear,autumn_2024,709,29,12.74039779662042,16.0,3.259602203379581
augsburg_lfu,dlinear,autumn_2024,710,29,13.990106048001733,12.0,1.9901060480017332
augsburg_lfu,dlinear,autumn_2024,711,29,14.527999089296996,10.0,4.527999089296996
augsburg_lfu,dlinear,autumn_2024,712,29,15.719811243673677,15.0,0.7198112436736768
augsburg_lfu,dlinear,autumn_2024,713,29,18.015794719106093,25.0,6.984205280893907
augsburg_lfu,dlinear,autumn_2024,714,29,18.72442678896252,22.0,3.2755732110374787
augsburg_lfu,dlinear,autumn_2024,715,29,18.389217771836247,19.0,0.6107822281637532
augsburg_lfu,dlinear,autumn_2024,716,29,16.978292783886967,14.0,2.9782927838869675
augsburg_lfu,dlinear,autumn_2024,717,29,15.564850547292695,12.0,3.5648505472926946
augsburg_lfu,dlinear,autumn_2024,718,29,13.926651368244453,9.0,4.926651368244453
augsburg_lfu,dlinear,autumn_2024,719,29,12.068712234288379,5.0,7.068712234288379
augsburg_lfu,dlinear,autumn_2024,720,30,10.344340801022836,6.0,4.344340801022836
augsburg_lfu,dlinear,autumn_2024,721,30,9.634702043625516,8.0,1.6347020436255164
augsburg_lfu,dlinear,autumn_2024,722,30,9.56659091872126,6.0,3.5665909187212606
augsburg_lfu,dlinear,autumn_2024,723,30,8.99779411626223,6.0,2.997794116262231
augsburg_lfu,dlinear,autumn_2024,724,30,8.234952957884092,7.0,1.2349529578840919
augsburg_lfu,dlinear,autumn_2024,725,30,7.0860957016775,10.0,2.9139042983224996
augsburg_lfu,dlinear,autumn_2024,726,30,6.467228393851099,11.0,4.532771606148901
augsburg_lfu,dlinear,autumn_2024,727,30,6.555398067648293,13.0,6.444601932351707
augsburg_lfu,dlinear,autumn_2024,728,30,6.809829382798917,13.0,6.190170617201083
augsburg_lfu,dlinear,autumn_2024,729,30,6.964645645676595,10.0,3.035354354323405
augsburg_lfu,dlinear,autumn_2024,730,30,6.941235143593656,8.0,1.058764856406344
augsburg_lfu,dlinear,autumn_2024,731,30,7.080501172758392,6.0,1.0805011727583924
augsburg_lfu,dlinear,autumn_2024,732,30,7.7794644653192915,8.0,0.22053553468070852
augsburg_lfu,dlinear,autumn_2024,733,30,8.767634070286006,9.0,0.2323659297139944
augsburg_lfu,dlinear,autumn_2024,734,30,9.63599656583627,12.0,2.3640034341637293
augsburg_lfu,dlinear,autumn_2024,735,30,10.630877571041252,13.5,2.8691224289587485
augsburg_lfu,dlinear,autumn_2024,736,30,11.869041958012824,15.0,3.130958041987176
augsburg_lfu,dlinear,autumn_2024,737,30,13.128283535150782,15.0,1.871716464849218
augsburg_lfu,dlinear,autumn_2024,738,30,14.14790126369384,19.0,4.852098736306161
augsburg_lfu,dlinear,autumn_2024,739,30,14.995674741035815,16.0,1.004325258964185
augsburg_lfu,dlinear,autumn_2024,740,30,14.819570322494952,14.0,0.8195703224949522
augsburg_lfu,dlinear,autumn_2024,741,30,13.749810046284594,12.0,1.749810046284594
augsburg_lfu,dlinear,autumn_2024,742,30,12.628803060393134,11.0,1.6288030603931336
augsburg_lfu,dlinear,autumn_2024,743,30,11.312370363313114,6.0,5.312370363313114
augsburg_lfu,dlinear,autumn_2024,744,31,10.596275793127786,7.0,3.596275793127786
augsburg_lfu,dlinear,autumn_2024,745,31,10.102741554700327,8.0,2.1027415547003265
augsburg_lfu,dlinear,autumn_2024,746,31,9.381361262392081,6.0,3.3813612623920815
augsburg_lfu,dlinear,autumn_2024,747,31,8.203012548707303,6.0,2.203012548707303
augsburg_lfu,dlinear,autumn_2024,748,31,7.1713078626254445,5.0,2.1713078626254445
augsburg_lfu,dlinear,autumn_2024,749,31,6.2262010419120495,4.0,2.2262010419120495
augsburg_lfu,dlinear,autumn_2024,750,31,5.648564080119252,6.0,0.35143591988074796
augsburg_lfu,dlinear,autumn_2024,751,31,5.404498230122218,6.0,0.5955017698777816
augsburg_lfu,dlinear,autumn_2024,752,31,5.134765475460704,5.0,0.1347654754607044
augsburg_lfu,dlinear,autumn_2024,753,31,4.917389080052242,5.0,0.08261091994775782
augsburg_lfu,dlinear,autumn_2024,754,31,4.621160095976506,7.0,2.3788399040234944
augsburg_lfu,dlinear,autumn_2024,755,31,4.627196205531277,7.0,2.372803794468723
augsburg_lfu,dlinear,autumn_2024,756,31,4.251839403485875,5.0,0.7481605965141247
augsburg_lfu,dlinear,autumn_2024,757,31,4.146974805706533,5.0,0.8530251942934672
augsburg_lfu,dlinear,autumn_2024,758,31,4.571786012743106,4.0,0.5717860127431056
augsburg_lfu,dlinear,autumn_2024,759,31,5.548719353939144,4.0,1.548719353939144
augsburg_lfu,dlinear,autumn_2024,760,31,7.219860377412968,4.0,3.219860377412968
augsburg_lfu,dlinear,autumn_2024,761,31,10.055853785799506,7.0,3.0558537857995063
augsburg_lfu,dlinear,autumn_2024,762,31,12.162087003100162,9.0,3.1620870031001616
augsburg_lfu,dlinear,autumn_2024,763,31,13.06504990679715,12.0,1.0650499067971495
augsburg_lfu,dlinear,autumn_2024,764,31,14.369403172403839,13.0,1.369403172403839
augsburg_lfu,dlinear,autumn_2024,765,31,14.925790387351014,15.0,0.07420961264898551
augsburg_lfu,dlinear,autumn_2024,766,31,15.253312223871145,15.0,0.25331222387114494
augsburg_lfu,dlinear,autumn_2024,767,31,14.633954063772675,12.0,2.6339540637726753
augsburg_lfu,dlinear,autumn_2024,768,32,13.557625701584097,8.0,5.557625701584097
augsburg_lfu,dlinear,autumn_2024,769,32,11.840870893035694,4.0,7.840870893035694
augsburg_lfu,dlinear,autumn_2024,770,32,9.920229654415227,4.0,5.920229654415227
augsburg_lfu,dlinear,autumn_2024,771,32,8.437691215575633,5.0,3.437691215575633
augsburg_lfu,dlinear,autumn_2024,772,32,7.5809612055671245,8.0,0.4190387944328755
augsburg_lfu,dlinear,autumn_2024,773,32,7.148809873280685,7.0,0.14880987328068507
augsburg_lfu,dlinear,autumn_2024,774,32,7.313171240170491,15.0,7.686828759829509
augsburg_lfu,dlinear,autumn_2024,775,32,8.49661153412983,19.0,10.50338846587017
augsburg_lfu,dlinear,autumn_2024,776,32,9.553132230096073,19.0,9.446867769903927
augsburg_lfu,dlinear,autumn_2024,777,32,9.546799466735521,17.0,7.453200533264479
augsburg_lfu,dlinear,autumn_2024,778,32,8.713535867604083,13.0,4.286464132395917
augsburg_lfu,dlinear,autumn_2024,779,32,7.911525532315157,12.0,4.088474467684843
augsburg_lfu,dlinear,autumn_2024,780,32,7.73489224604953,13.0,5.26510775395047
augsburg_lfu,dlinear,autumn_2024,781,32,8.371158463165951,15.0,6.628841536834049
augsburg_lfu,dlinear,autumn_2024,782,32,9.211673368128372,11.0,1.7883266318716284
augsburg_lfu,dlinear,autumn_2024,783,32,9.961607690223667,11.0,1.0383923097763326
augsburg_lfu,dlinear,autumn_2024,784,32,10.858290426943555,11.0,0.1417095730564455
augsburg_lfu,dlinear,autumn_2024,785,32,11.827739102557903,11.0,0.8277391025579028
augsburg_lfu,dlinear,autumn_2024,786,32,12.332853178031755,7.0,5.332853178031755
augsburg_lfu,dlinear,autumn_2024,787,32,12.568391584427303,10.0,2.568391584427303
augsburg_lfu,dlinear,autumn_2024,788,32,12.78295325894266,8.0,4.78295325894266
augsburg_lfu,dlinear,autumn_2024,789,32,12.282191141187466,7.0,5.282191141187466
augsburg_lfu,dlinear,autumn_2024,790,32,11.346822321994008,7.0,4.346822321994008
augsburg_lfu,dlinear,autumn_2024,791,32,10.57815956455436,12.0,1.42184043544564
augsburg_lfu,dlinear,autumn_2024,792,33,10.325540288769597,14.0,3.674459711230403
augsburg_lfu,dlinear,autumn_2024,793,33,10.180399957429824,15.0,4.819600042570176
augsburg_lfu,dlinear,autumn_2024,794,33,10.085889826604706,15.0,4.914110173395294
augsburg_lfu,dlinear,autumn_2024,795,33,10.084582366315221,14.0,3.915417633684779
augsburg_lfu,dlinear,autumn_2024,796,33,10.032573823261878,12.0,1.9674261767381225
augsburg_lfu,dlinear,autumn_2024,797,33,9.97477847266624,12.0,2.025221527333761
augsburg_lfu,dlinear,autumn_2024,798,33,9.776949234536751,11.0,1.223050765463249
augsburg_lfu,dlinear,autumn_2024,799,33,9.530976716349368,11.0,1.4690232836506318
augsburg_lfu,dlinear,autumn_2024,800,33,9.075664492924897,11.0,1.924335507075103
augsburg_lfu,dlinear,autumn_2024,801,33,8.873577868847415,11.0,2.1264221311525855
augsburg_lfu,dlinear,autumn_2024,802,33,8.913183760628558,9.0,0.08681623937144245
augsburg_lfu,dlinear,autumn_2024,803,33,9.22808144091928,9.0,0.2280814409192793
augsburg_lfu,dlinear,autumn_2024,804,33,9.708792152747165,10.0,0.291207847252835
augsburg_lfu,dlinear,autumn_2024,805,33,10.23664440937578,11.0,0.7633555906242204
augsburg_lfu,dlinear,autumn_2024,806,33,10.711774790435529,12.0,1.2882252095644713
augsburg_lfu,dlinear,autumn_2024,807,33,11.207026709177374,13.0,1.7929732908226264
augsburg_lfu,dlinear,autumn_2024,808,33,11.622599971030963,12.0,0.3774000289690367
augsburg_lfu,dlinear,autumn_2024,809,33,12.028622919747596,11.0,1.0286229197475958
augsburg_lfu,dlinear,autumn_2024,810,33,12.556954593483285,12.0,0.5569545934832849
augsburg_lfu,dlinear,autumn_2024,811,33,12.629448991586123,12.0,0.6294489915861234
augsburg_lfu,dlinear,autumn_2024,812,33,12.567221547553112,11.0,1.5672215475531122
augsburg_lfu,dlinear,autumn_2024,813,33,12.583497685131597,11.0,1.5834976851315972
augsburg_lfu,dlinear,autumn_2024,814,33,12.078132575319234,10.0,2.078132575319234
augsburg_lfu,dlinear,autumn_2024,815,33,11.288406958837433,10.0,1.2884069588374327
augsburg_lfu,dlinear,autumn_2024,816,34,10.116937593369432,12.0,1.8830624066305681
augsburg_lfu,dlinear,autumn_2024,817,34,9.773118616265199,15.0,5.226881383734801
augsburg_lfu,dlinear,autumn_2024,818,34,9.65744026547982,15.0,5.342559734520179
augsburg_lfu,dlinear,autumn_2024,819,34,9.62860726121218,15.0,5.37139273878782
augsburg_lfu,dlinear,autumn_2024,820,34,9.862726847325147,12.0,2.1372731526748527
augsburg_lfu,dlinear,autumn_2024,821,34,9.804453325425524,9.0,0.8044533254255235
augsburg_lfu,dlinear,autumn_2024,822,34,9.225688311622342,7.0,2.225688311622342
augsburg_lfu,dlinear,autumn_2024,823,34,9.320592245598627,7.0,2.320592245598627
augsburg_lfu,dlinear,autumn_2024,824,34,9.856920256375895,6.0,3.8569202563758953
augsburg_lfu,dlinear,autumn_2024,825,34,9.715688010097582,5.0,4.7156880100975815
augsburg_lfu,dlinear,autumn_2024,826,34,9.576915784568353,5.0,4.576915784568353
augsburg_lfu,dlinear,autumn_2024,827,34,9.641165428199193,5.0,4.6411654281991925
augsburg_lfu,dlinear,autumn_2024,828,34,9.516795267196702,5.0,4.516795267196702
augsburg_lfu,dlinear,autumn_2024,829,34,9.570540761386633,5.0,4.570540761386633
augsburg_lfu,dlinear,autumn_2024,830,34,9.332894601463153,4.0,5.332894601463153
augsburg_lfu,dlinear,autumn_2024,831,34,10.06300405292866,7.0,3.06300405292866
augsburg_lfu,dlinear,autumn_2024,832,34,11.475192472905668,12.0,0.5248075270943318
augsburg_lfu,dlinear,autumn_2024,833,34,12.737977110474915,14.0,1.2620228895250847
augsburg_lfu,dlinear,autumn_2024,834,34,13.410815171050706,12.0,1.4108151710507055
augsburg_lfu,dlinear,autumn_2024,835,34,12.881842370595404,14.0,1.118157629404596
augsburg_lfu,dlinear,autumn_2024,836,34,12.623739288981028,20.0,7.376260711018972
augsburg_lfu,dlinear,autumn_2024,837,34,12.330717596388146,22.0,9.669282403611854
augsburg_lfu,dlinear,autumn_2024,838,34,11.338271517047533,22.0,10.661728482952467
augsburg_lfu,dlinear,autumn_2024,839,34,10.342719739638481,18.0,7.657280260361519
augsburg_lfu,dlinear,autumn_2024,840,35,9.297074329479114,16.0,6.7029256705208855
augsburg_lfu,dlinear,autumn_2024,841,35,8.601623947227274,15.0,6.398376052772726
augsburg_lfu,dlinear,autumn_2024,842,35,8.71741041897771,16.0,7.28258958102229
augsburg_lfu,dlinear,autumn_2024,843,35,8.930644777260248,13.0,4.069355222739752
augsburg_lfu,dlinear,autumn_2024,844,35,8.906405294146824,10.0,1.0935947058531763
augsburg_lfu,dlinear,autumn_2024,845,35,8.285292812792012,8.0,0.2852928127920116
augsburg_lfu,dlinear,autumn_2024,846,35,7.537956388426659,8.0,0.46204361157334084
augsburg_lfu,dlinear,autumn_2024,847,35,6.901313884768111,6.0,0.9013138847681113
augsburg_lfu,dlinear,autumn_2024,848,35,6.216435967539157,4.0,2.216435967539157
augsburg_lfu,dlinear,autumn_2024,849,35,5.52836548819997,4.0,1.5283654881999702
augsburg_lfu,dlinear,autumn_2024,850,35,4.9000086580188,3.0,1.9000086580188
augsburg_lfu,dlinear,autumn_2024,851,35,5.092454349584125,4.0,1.0924543495841252
augsburg_lfu,dlinear,autumn_2024,852,35,5.084364148598527,7.0,1.9156358514014729
augsburg_lfu,dlinear,autumn_2024,853,35,5.732498542561297,10.0,4.267501457438703
augsburg_lfu,dlinear,autumn_2024,854,35,6.787696499004449,9.0,2.212303500995551
augsburg_lfu,dlinear,autumn_2024,855,35,7.763751371696294,7.0,0.7637513716962943
augsburg_lfu,dlinear,autumn_2024,856,35,9.251574269561537,8.0,1.2515742695615373
augsburg_lfu,dlinear,autumn_2024,857,35,11.152485445991333,10.0,1.1524854459913332
augsburg_lfu,dlinear,autumn_2024,858,35,12.191015069065713,11.0,1.1910150690657133
augsburg_lfu,dlinear,autumn_2024,859,35,12.862824412748946,12.0,0.862824412748946
augsburg_lfu,dlinear,autumn_2024,860,35,12.855621917577036,10.0,2.855621917577036
augsburg_lfu,dlinear,autumn_2024,861,35,11.998699814464748,7.0,4.998699814464748
augsburg_lfu,dlinear,autumn_2024,862,35,10.59152843224013,6.0,4.59152843224013
augsburg_lfu,dlinear,autumn_2024,863,35,9.036341090366182,6.0,3.0363410903661823
augsburg_lfu,dlinear,autumn_2024,864,36,7.369756347979655,6.0,1.3697563479796546
augsburg_lfu,dlinear,autumn_2024,865,36,6.14644857573495,5.0,1.1464485757349498
augsburg_lfu,dlinear,autumn_2024,866,36,5.457060378688487,5.0,0.45706037868848703
augsburg_lfu,dlinear,autumn_2024,867,36,5.0052403778536085,6.0,0.9947596221463915
augsburg_lfu,dlinear,autumn_2024,868,36,4.722636537792263,7.0,2.277363462207737
augsburg_lfu,dlinear,autumn_2024,869,36,4.598759010707733,5.0,0.40124098929226726
augsburg_lfu,dlinear,autumn_2024,870,36,4.4166655771242205,4.0,0.4166655771242205
augsburg_lfu,dlinear,autumn_2024,871,36,4.2079615020273895,2.0,2.2079615020273895
augsburg_lfu,dlinear,autumn_2024,872,36,4.191217856349098,5.0,0.8087821436509017
augsburg_lfu,dlinear,autumn_2024,873,36,4.524042479826772,10.0,5.475957520173228
augsburg_lfu,dlinear,autumn_2024,874,36,5.660191518962041,20.0,14.33980848103796
augsburg_lfu,dlinear,autumn_2024,875,36,7.747318937610446,26.0,18.252681062389556
augsburg_lfu,dlinear,autumn_2024,876,36,9.501180354349827,20.0,10.498819645650173
augsburg_lfu,dlinear,autumn_2024,877,36,11.033171568443507,14.0,2.9668284315564932
augsburg_lfu,dlinear,autumn_2024,878,36,12.260259638501788,15.0,2.739740361498212
augsburg_lfu,dlinear,autumn_2024,879,36,13.61039930385396,15.0,1.38960069614604
augsburg_lfu,dlinear,autumn_2024,880,36,14.575033703165982,10.0,4.575033703165982
augsburg_lfu,dlinear,autumn_2024,881,36,15.071855473756067,10.0,5.071855473756067
augsburg_lfu,dlinear,autumn_2024,882,36,15.4635238469498,11.0,4.4635238469497995
augsburg_lfu,dlinear,autumn_2024,883,36,15.188652059539098,14.0,1.1886520595390984
augsburg_lfu,dlinear,autumn_2024,884,36,14.675574368182861,18.0,3.324425631817139
augsburg_lfu,dlinear,autumn_2024,885,36,14.220301599639722,17.0,2.779698400360278
augsburg_lfu,dlinear,autumn_2024,886,36,13.50511175988336,16.0,2.494888240116641
augsburg_lfu,dlinear,autumn_2024,887,36,12.735153248519715,16.0,3.2648467514802846
augsburg_lfu,dlinear,autumn_2024,888,37,11.66736802787914,15.0,3.3326319721208595
augsburg_lfu,dlinear,autumn_2024,889,37,10.731822835315755,17.0,6.268177164684245
augsburg_lfu,dlinear,autumn_2024,890,37,10.19271314017952,16.0,5.807286859820479
augsburg_lfu,dlinear,autumn_2024,891,37,9.61073085253227,15.0,5.389269147467729
augsburg_lfu,dlinear,autumn_2024,892,37,8.994588014931606,11.0,2.0054119850683936
augsburg_lfu,dlinear,autumn_2024,893,37,8.382456750049563,11.0,2.6175432499504367
augsburg_lfu,dlinear,autumn_2024,894,37,8.227396145831362,11.0,2.772603854168638
augsburg_lfu,dlinear,autumn_2024,895,37,8.445813025480787,15.0,6.554186974519213
augsburg_lfu,dlinear,autumn_2024,896,37,8.594876237238825,10.0,1.4051237627611748
augsburg_lfu,dlinear,autumn_2024,897,37,8.008123460426146,9.0,0.9918765395738536
augsburg_lfu,dlinear,autumn_2024,898,37,7.482459904520823,10.0,2.517540095479177
augsburg_lfu,dlinear,autumn_2024,899,37,7.157770405898869,9.0,1.8422295941011306
augsburg_lfu,dlinear,autumn_2024,900,37,7.348513240341102,11.0,3.651486759658898
augsburg_lfu,dlinear,autumn_2024,901,37,8.028992514452549,15.0,6.971007485547451
augsburg_lfu,dlinear,autumn_2024,902,37,8.744538416826877,10.0,1.2554615831731226
augsburg_lfu,dlinear,autumn_2024,903,37,8.889380037043596,9.0,0.1106199629564042
augsburg_lfu,dlinear,autumn_2024,904,37,8.978736210704033,8.0,0.9787362107040334
augsburg_lfu,dlinear,autumn_2024,905,37,9.085025915434652,9.0,0.08502591543465243
augsburg_lfu,dlinear,autumn_2024,906,37,9.170813926563014,8.0,1.1708139265630138
augsburg_lfu,dlinear,autumn_2024,907,37,8.968021516476558,6.0,2.9680215164765578
augsburg_lfu,dlinear,autumn_2024,908,37,8.801281213567455,5.0,3.8012812135674547
augsburg_lfu,dlinear,autumn_2024,909,37,8.415594623132,4.0,4.415594623132
augsburg_lfu,dlinear,autumn_2024,910,37,7.821388865554807,4.0,3.821388865554807
augsburg_lfu,dlinear,autumn_2024,911,37,6.8015498106182,4.0,2.8015498106181997
augsburg_lfu,dlinear,autumn_2024,912,38,5.911253142073988,4.0,1.9112531420739884
augsburg_lfu,dlinear,autumn_2024,913,38,5.1263299892626435,3.0,2.1263299892626435
augsburg_lfu,dlinear,autumn_2024,914,38,4.490306122875208,4.0,0.49030612287520814
augsburg_lfu,dlinear,autumn_2024,915,38,4.097526322934729,4.0,0.09752632293472896
augsburg_lfu,dlinear,autumn_2024,916,38,3.834625627562323,5.0,1.165374372437677
augsburg_lfu,dlinear,autumn_2024,917,38,3.688257318084859,5.0,1.311742681915141
augsburg_lfu,dlinear,autumn_2024,918,38,3.918237140780816,4.0,0.08176285921918414
augsburg_lfu,dlinear,autumn_2024,919,38,4.202004369865354,4.0,0.20200436986535397
augsburg_lfu,dlinear,autumn_2024,920,38,4.377303264722254,3.0,1.3773032647222543
augsburg_lfu,dlinear,autumn_2024,921,38,4.149256148102446,2.0,2.149256148102446
augsburg_lfu,dlinear,autumn_2024,922,38,4.032717995558928,2.0,2.0327179955589276
augsburg_lfu,dlinear,autumn_2024,923,38,3.835060275976619,3.0,0.8350602759766188
augsburg_lfu,dlinear,autumn_2024,924,38,3.809908758002481,3.0,0.8099087580024809
augsburg_lfu,dlinear,autumn_2024,925,38,4.090360690932036,3.0,1.0903606909320356
augsburg_lfu,dlinear,autumn_2024,926,38,4.771638908107779,3.0,1.7716389081077786
augsburg_lfu,dlinear,autumn_2024,927,38,5.415088400586025,3.0,2.4150884005860247
augsburg_lfu,dlinear,autumn_2024,928,38,6.215428025735296,6.0,0.21542802573529585
augsburg_lfu,dlinear,autumn_2024,929,38,6.897406728003977,8.0,1.1025932719960228
augsburg_lfu,dlinear,autumn_2024,930,38,7.342915986159962,7.0,0.3429159861599622
augsburg_lfu,dlinear,autumn_2024,931,38,7.735070982353754,5.0,2.7350709823537542
augsburg_lfu,dlinear,autumn_2024,932,38,7.888485882536887,3.0,4.888485882536887
augsburg_lfu,dlinear,autumn_2024,933,38,8.153349823117976,3.0,5.153349823117976
augsburg_lfu,dlinear,autumn_2024,934,38,8.38567896997483,3.0,5.38567896997483
augsburg_lfu,dlinear,autumn_2024,935,38,8.282711536017603,3.0,5.282711536017603
augsburg_lfu,dlinear,autumn_2024,936,39,7.948440032830809,4.0,3.948440032830809
augsburg_lfu,dlinear,autumn_2024,937,39,7.813421882892905,8.0,0.1865781171070946
augsburg_lfu,dlinear,autumn_2024,938,39,7.747237575115038,5.0,2.7472375751150384
augsburg_lfu,dlinear,autumn_2024,939,39,7.554393748980955,3.0,4.554393748980955
augsburg_lfu,dlinear,autumn_2024,940,39,7.081202199983996,3.0,4.081202199983996
augsburg_lfu,dlinear,autumn_2024,941,39,6.691742434432077,2.0,4.691742434432077
augsburg_lfu,dlinear,autumn_2024,942,39,6.381799610555227,2.0,4.381799610555227
augsburg_lfu,dlinear,autumn_2024,943,39,6.046316593615154,2.0,4.046316593615154
augsburg_lfu,dlinear,autumn_2024,944,39,5.609025932768694,2.0,3.609025932768694
augsburg_lfu,dlinear,autumn_2024,945,39,5.170077228749205,2.0,3.1700772287492054
augsburg_lfu,dlinear,autumn_2024,946,39,4.775882154594461,2.0,2.775882154594461
augsburg_lfu,dlinear,autumn_2024,947,39,4.674154020113,2.0,2.674154020113
augsburg_lfu,dlinear,autumn_2024,948,39,4.908073854038892,4.0,0.908073854038892
augsburg_lfu,dlinear,autumn_2024,949,39,5.81441562834644,8.0,2.18558437165356
augsburg_lfu,dlinear,autumn_2024,950,39,7.769170527036829,13.0,5.230829472963171
augsburg_lfu,dlinear,autumn_2024,951,39,9.675285676239273,14.0,4.324714323760727
augsburg_lfu,dlinear,autumn_2024,952,39,11.240257774585398,13.0,1.7597422254146018
augsburg_lfu,dlinear,autumn_2024,953,39,12.361708632569446,14.0,1.6382913674305541
augsburg_lfu,dlinear,autumn_2024,954,39,12.769794507829332,12.0,0.7697945078293316
augsburg_lfu,dlinear,autumn_2024,955,39,12.761237554807686,11.5,1.2612375548076855
augsburg_lfu,dlinear,autumn_2024,956,39,12.474232945062447,11.0,1.4742329450624467
augsburg_lfu,dlinear,autumn_2024,957,39,11.868230324662123,14.0,2.1317696753378765
augsburg_lfu,dlinear,autumn_2024,958,39,11.398766032309846,15.0,3.6012339676901544
augsburg_lfu,dlinear,autumn_2024,959,39,11.058790557381236,12.0,0.9412094426187636
augsburg_lfu,dlinear,autumn_2024,960,40,10.259673443932893,8.0,2.2596734439328934
augsburg_lfu,dlinear,autumn_2024,961,40,9.682980074466919,8.0,1.6829800744669186
augsburg_lfu,dlinear,autumn_2024,962,40,8.817095785183295,9.0,0.1829042148167055
augsburg_lfu,dlinear,autumn_2024,963,40,7.8270705813533255,8.0,0.17292941864667455
augsburg_lfu,dlinear,autumn_2024,964,40,7.052032838138641,7.0,0.05203283813864079
augsburg_lfu,dlinear,autumn_2024,965,40,6.304345086403615,6.0,0.3043450864036146
augsburg_lfu,dlinear,autumn_2024,966,40,5.524558387981984,7.0,1.4754416120180158
augsburg_lfu,dlinear,autumn_2024,967,40,5.039790792490172,8.0,2.960209207509828
augsburg_lfu,dlinear,autumn_2024,968,40,4.704180872787669,8.0,3.295819127212331
augsburg_lfu,dlinear,autumn_2024,969,40,4.729186039422267,6.0,1.2708139605777333
augsburg_lfu,dlinear,autumn_2024,970,40,4.966553980633884,7.0,2.0334460193661164
augsburg_lfu,dlinear,autumn_2024,971,40,5.438410447895933,7.0,1.561589552104067
augsburg_lfu,dlinear,autumn_2024,972,40,6.026936716505341,5.0,1.0269367165053414
augsburg_lfu,dlinear,autumn_2024,973,40,6.999454340443474,4.0,2.9994543404434744
augsburg_lfu,dlinear,autumn_2024,974,40,8.099826160078427,8.0,0.09982616007842715
augsburg_lfu,dlinear,autumn_2024,975,40,9.732341700773205,11.0,1.2676582992267953
augsburg_lfu,dlinear,autumn_2024,976,40,10.978192195389843,13.0,2.021807804610157
augsburg_lfu,dlinear,autumn_2024,977,40,11.827314754851951,12.0,0.17268524514804895
augsburg_lfu,dlinear,autumn_2024,978,40,12.33622997223465,12.0,0.33622997223464957
augsburg_lfu,dlinear,autumn_2024,979,40,12.677881600443905,10.0,2.6778816004439054
augsburg_lfu,dlinear,autumn_2024,980,40,12.93757786760024,11.0,1.9375778676002398
augsburg_lfu,dlinear,autumn_2024,981,40,13.156865733599165,13.0,0.15686573359916522
augsburg_lfu,dlinear,autumn_2024,982,40,13.066972469552644,14.0,0.9330275304473563
augsburg_lfu,dlinear,autumn_2024,983,40,13.09747795562013,15.0,1.9025220443798698
augsburg_lfu,dlinear,autumn_2024,984,41,12.860512195705194,17.0,4.139487804294806
augsburg_lfu,dlinear,autumn_2024,985,41,12.73873861332193,19.0,6.26126138667807
augsburg_lfu,dlinear,autumn_2024,986,41,12.988023287431746,18.0,5.011976712568254
augsburg_lfu,dlinear,autumn_2024,987,41,12.851171967461871,18.0,5.148828032538129
augsburg_lfu,dlinear,autumn_2024,988,41,12.996156643086454,17.0,4.003843356913546
augsburg_lfu,dlinear,autumn_2024,989,41,13.100344859359806,17.0,3.899655140640194
augsburg_lfu,dlinear,autumn_2024,990,41,13.203313709990447,18.0,4.7966862900095535
augsburg_lfu,dlinear,autumn_2024,991,41,13.57807064030142,18.0,4.421929359698581
augsburg_lfu,dlinear,autumn_2024,992,41,13.72788402993012,18.0,4.27211597006988
augsburg_lfu,dlinear,autumn_2024,993,41,13.573393362032654,17.0,3.426606637967346
augsburg_lfu,dlinear,autumn_2024,994,41,13.261724737602275,16.0,2.7382752623977247
augsburg_lfu,dlinear,autumn_2024,995,41,14.077963371832833,23.0,8.922036628167167
augsburg_lfu,dlinear,autumn_2024,996,41,14.649204662411348,19.0,4.350795337588652
augsburg_lfu,dlinear,autumn_2024,997,41,15.539084172505724,15.0,0.5390841725057243
augsburg_lfu,dlinear,autumn_2024,998,41,16.81482323736557,10.0,6.8148232373655695
augsburg_lfu,dlinear,autumn_2024,999,41,17.33242234347381,13.0,4.332422343473809
augsburg_lfu,dlinear,autumn_2024,1000,41,18.189697111081582,16.0,2.189697111081582
augsburg_lfu,dlinear,autumn_2024,1001,41,18.97609776862598,15.0,3.97609776862598
augsburg_lfu,dlinear,autumn_2024,1002,41,18.952504411703785,16.0,2.952504411703785
augsburg_lfu,dlinear,autumn_2024,1003,41,18.705347857550905,18.0,0.7053478575509047
augsburg_lfu,dlinear,autumn_2024,1004,41,18.450269198455047,19.0,0.5497308015449534
augsburg_lfu,dlinear,autumn_2024,1005,41,17.744220089087058,17.0,0.7442200890870581
augsburg_lfu,dlinear,autumn_2024,1006,41,17.52922528351653,21.0,3.4707747164834686
augsburg_lfu,dlinear,autumn_2024,1007,41,17.225156356950254,22.0,4.774843643049746
augsburg_lfu,dlinear,autumn_2024,1008,42,16.57305475921285,21.0,4.426945240787148
augsburg_lfu,dlinear,autumn_2024,1009,42,16.779444954266946,20.0,3.220555045733054
augsburg_lfu,dlinear,autumn_2024,1010,42,17.26137963078139,17.0,0.26137963078139137
augsburg_lfu,dlinear,autumn_2024,1011,42,17.380419236160343,13.0,4.380419236160343
augsburg_lfu,dlinear,autumn_2024,1012,42,16.967364065954797,10.0,6.967364065954797
augsburg_lfu,dlinear,autumn_2024,1013,42,16.60993465936729,11.0,5.6099346593672905
augsburg_lfu,dlinear,autumn_2024,1014,42,17.057277218023735,14.0,3.057277218023735
augsburg_lfu,dlinear,autumn_2024,1015,42,18.570146204372904,16.0,2.5701462043729038
augsburg_lfu,dlinear,autumn_2024,1016,42,19.82156899484467,17.0,2.8215689948446716
augsburg_lfu,dlinear,autumn_2024,1017,42,20.22888639026044,16.0,4.228886390260438
augsburg_lfu,dlinear,autumn_2024,1018,42,20.257679248118265,16.0,4.257679248118265
augsburg_lfu,dlinear,autumn_2024,1019,42,19.95751736008789,15.0,4.957517360087891
augsburg_lfu,dlinear,autumn_2024,1020,42,19.120510485328857,12.0,7.120510485328857
augsburg_lfu,dlinear,autumn_2024,1021,42,17.81523752059514,10.0,7.81523752059514
augsburg_lfu,dlinear,autumn_2024,1022,42,17.218125198527176,12.0,5.218125198527176
augsburg_lfu,dlinear,autumn_2024,1023,42,17.12261090603717,12.0,5.1226109060371705
augsburg_lfu,dlinear,autumn_2024,1024,42,16.767151817182036,10.0,6.767151817182036
augsburg_lfu,dlinear,autumn_2024,1025,42,16.412260214927812,10.0,6.412260214927812
augsburg_lfu,dlinear,autumn_2024,1026,42,15.901682564655957,11.0,4.901682564655957
augsburg_lfu,dlinear,autumn_2024,1027,42,15.658968118098699,13.0,2.6589681180986986
augsburg_lfu,dlinear,autumn_2024,1028,42,15.722101064995424,19.0,3.2778989350045755
augsburg_lfu,dlinear,autumn_2024,1029,42,15.676853399629685,17.0,1.3231466003703147
augsburg_lfu,dlinear,autumn_2024,1030,42,15.633318183651316,16.0,0.36668181634868446
augsburg_lfu,dlinear,autumn_2024,1031,42,15.011653704265894,15.0,0.011653704265894405
augsburg_lfu,dlinear,autumn_2024,1032,43,14.273727933552657,18.0,3.7262720664473434
augsburg_lfu,dlinear,autumn_2024,1033,43,14.198578844283452,18.0,3.8014211557165485
augsburg_lfu,dlinear,autumn_2024,1034,43,14.298998002467679,17.0,2.7010019975323214
augsburg_lfu,dlinear,autumn_2024,1035,43,14.309269001074494,16.0,1.6907309989255062
augsburg_lfu,dlinear,autumn_2024,1036,43,14.171765315467171,17.0,2.828234684532829
augsburg_lfu,dlinear,autumn_2024,1037,43,13.958236718723196,16.0,2.041763281276804
augsburg_lfu,dlinear,autumn_2024,1038,43,13.755271821021829,17.0,3.2447281789781712
augsburg_lfu,dlinear,autumn_2024,1039,43,14.26164701847857,18.0,3.7383529815214303
augsburg_lfu,dlinear,autumn_2024,1040,43,14.464379519547004,21.0,6.535620480452996
augsburg_lfu,dlinear,autumn_2024,1041,43,14.612652624233252,24.0,9.387347375766748
augsburg_lfu,dlinear,autumn_2024,1042,43,15.130877971700988,26.0,10.869122028299012
augsburg_lfu,dlinear,autumn_2024,1043,43,15.928951168158953,25.0,9.071048831841047
augsburg_lfu,dlinear,autumn_2024,1044,43,16.512936416819862,22.0,5.487063583180138
augsburg_lfu,dlinear,autumn_2024,1045,43,16.54097360884349,20.0,3.4590263911565096
augsburg_lfu,dlinear,autumn_2024,1046,43,16.450512494484684,18.0,1.5494875055153159
augsburg_lfu,dlinear,autumn_2024,1047,43,16.319518107460713,17.0,0.6804818925392873
augsburg_lfu,dlinear,autumn_2024,1048,43,16.204898453614774,16.0,0.2048984536147742
augsburg_lfu,dlinear,autumn_2024,1049,43,15.955351757792066,15.0,0.9553517577920658
augsburg_lfu,dlinear,autumn_2024,1050,43,15.833531375911226,13.0,2.8335313759112264
augsburg_lfu,dlinear,autumn_2024,1051,43,15.367044251904622,12.0,3.3670442519046215
augsburg_lfu,dlinear,autumn_2024,1052,43,14.709595998668426,11.0,3.7095959986684264
augsburg_lfu,dlinear,autumn_2024,1053,43,13.957535912970386,8.0,5.9575359129703855
augsburg_lfu,dlinear,autumn_2024,1054,43,12.945905850510012,7.0,5.945905850510012
augsburg_lfu,dlinear,autumn_2024,1055,43,11.784666017243358,6.0,5.784666017243358
