station,model,window,hour_index,day_index,pred,actual,abs_error
andechs,xgboost,spring_2024,0,0,11.650718688964844,9.0,2.6507186889648438
andechs,xgboost,spring_2024,1,0,8.355159759521484,6.0,2.3551597595214844
andechs,xgboost,spring_2024,2,0,5.953886032104492,5.0,0.9538860321044922
andechs,xgboost,spring_2024,3,0,4.498562335968018,4.0,0.4985623359680176
andechs,xgboost,spring_2024,4,0,4.458248615264893,4.0,0.4582486152648926
andechs,xgboost,spring_2024,5,0,4.404694557189941,6.0,1.5953054428100586
andechs,xgboost,spring_2024,6,0,4.337098121643066,8.0,3.6629018783569336
andechs,xgboost,spring_2024,7,0,4.630795001983643,7.0,2.3692049980163574
andechs,xgboost,spring_2024,8,0,4.540699005126953,5.0,0.4593009948730469
andechs,xgboost,spring_2024,9,0,4.052579879760742,3.0,1.0525798797607422
andechs,xgboost,spring_2024,10,0,4.015312194824219,3.0,1.0153121948242188
andechs,xgboost,spring_2024,11,0,4.079255104064941,3.0,1.0792551040649414
andechs,xgboost,spring_2024,12,0,4.401554584503174,3.0,1.4015545845031738
andechs,xgboost,spring_2024,13,0,4.431317329406738,3.0,1.4313173294067383
andechs,xgboost,spring_2024,14,0,4.391580581665039,3.0,1.391580581665039
andechs,xgboost,spring_2024,15,0,3.8323144912719727,2.0,1.8323144912719727
andechs,xgboost,spring_2024,16,0,3.9222989082336426,2.0,1.9222989082336426
andechs,xgboost,spring_2024,17,0,3.8818538188934326,2.0,1.8818538188934326
andechs,xgboost,spring_2024,18,0,3.4972171783447266,3.0,0.49721717834472656
andechs,xgboost,spring_2024,19,0,2.907780647277832,3.0,0.09221935272216797
andechs,xgboost,spring_2024,20,0,2.3047947883605957,3.0,0.6952052116394043
andechs,xgboost,spring_2024,21,0,2.428175449371338,4.0,1.571824550628662
andechs,xgboost,spring_2024,22,0,2.440535545349121,4.0,1.559464454650879
andechs,xgboost,spring_2024,23,0,2.3601033687591553,4.0,1.6398966312408447
andechs,xgboost,spring_2024,24,1,2.2417078018188477,4.0,1.7582921981811523
andechs,xgboost,spring_2024,25,1,2.6041173934936523,5.0,2.3958826065063477
andechs,xgboost,spring_2024,26,1,2.5477845668792725,5.0,2.4522154331207275
andechs,xgboost,spring_2024,27,1,2.5153229236602783,5.0,2.4846770763397217
andechs,xgboost,spring_2024,28,1,2.4783451557159424,5.0,2.5216548442840576
andechs,xgboost,spring_2024,29,1,2.430466413497925,4.0,1.5695335865020752
andechs,xgboost,spring_2024,30,1,2.3412253856658936,4.0,1.6587746143341064
andechs,xgboost,spring_2024,31,1,2.3845913410186768,4.0,1.6154086589813232
andechs,xgboost,spring_2024,32,1,2.4218368530273438,5.0,2.5781631469726562
andechs,xgboost,spring_2024,33,1,1.9818763732910156,3.0,1.0181236267089844
andechs,xgboost,spring_2024,34,1,1.6478798389434814,3.0,1.3521201610565186
andechs,xgboost,spring_2024,35,1,1.5128268003463745,2.0,0.4871731996536255
andechs,xgboost,spring_2024,36,1,1.652292013168335,3.0,1.347707986831665
andechs,xgboost,spring_2024,37,1,1.670439600944519,3.0,1.329560399055481
andechs,xgboost,spring_2024,38,1,1.6002579927444458,3.0,1.3997420072555542
andechs,xgboost,spring_2024,39,1,1.7492094039916992,3.0,1.2507905960083008
andechs,xgboost,spring_2024,40,1,1.6206743717193604,4.0,2.3793256282806396
andechs,xgboost,spring_2024,41,1,1.4822444915771484,3.0,1.5177555084228516
andechs,xgboost,spring_2024,42,1,1.5042331218719482,3.0,1.4957668781280518
andechs,xgboost,spring_2024,43,1,1.377661108970642,2.0,0.6223388910293579
andechs,xgboost,spring_2024,44,1,1.4121335744857788,2.0,0.5878664255142212
andechs,xgboost,spring_2024,45,1,1.3171738386154175,2.0,0.6828261613845825
andechs,xgboost,spring_2024,46,1,1.0808712244033813,1.0,0.08087122440338135
andechs,xgboost,spring_2024,47,1,1.0902239084243774,0.7,0.3902239084243775
andechs,xgboost,spring_2024,48,2,1.2087647914886475,0.9,0.30876479148864744
andechs,xgboost,spring_2024,49,2,1.2027100324630737,0.9,0.3027100324630737
andechs,xgboost,spring_2024,50,2,1.1268715858459473,0.6,0.5268715858459473
andechs,xgboost,spring_2024,51,2,1.0658671855926514,0.4,0.6658671855926513
andechs,xgboost,spring_2024,52,2,1.1419037580490112,0.8,0.3419037580490112
andechs,xgboost,spring_2024,53,2,1.1597979068756104,0.8,0.3597979068756103
andechs,xgboost,spring_2024,54,2,1.1006735563278198,0.7,0.40067355632781987
andechs,xgboost,spring_2024,55,2,1.1118762493133545,0.7,0.41187624931335454
andechs,xgboost,spring_2024,56,2,1.1455174684524536,0.5,0.6455174684524536
andechs,xgboost,spring_2024,57,2,1.0889232158660889,0.5,0.5889232158660889
andechs,xgboost,spring_2024,58,2,1.1318799257278442,0.7,0.4318799257278443
andechs,xgboost,spring_2024,59,2,1.1258137226104736,0.8,0.3258137226104736
andechs,xgboost,spring_2024,60,2,1.1107289791107178,0.9,0.21072897911071775
andechs,xgboost,spring_2024,61,2,1.0892502069473267,1.0,0.08925020694732666
andechs,xgboost,spring_2024,62,2,1.2113349437713623,2.0,0.7886650562286377
andechs,xgboost,spring_2024,63,2,1.2106162309646606,2.0,0.7893837690353394
andechs,xgboost,spring_2024,64,2,1.1655462980270386,1.0,0.16554629802703857
andechs,xgboost,spring_2024,65,2,1.1339657306671143,1.0,0.13396573066711426
andechs,xgboost,spring_2024,66,2,1.127942442893982,1.0,0.12794244289398193
andechs,xgboost,spring_2024,67,2,1.1016898155212402,1.0,0.10168981552124023
andechs,xgboost,spring_2024,68,2,1.092513084411621,1.0,0.0925130844116211
andechs,xgboost,spring_2024,69,2,1.0958245992660522,1.0,0.09582459926605225
andechs,xgboost,spring_2024,70,2,1.2400096654891968,1.0,0.24000966548919678
andechs,xgboost,spring_2024,71,2,1.2683019638061523,1.0,0.26830196380615234
andechs,xgboost,spring_2024,72,3,1.4564597606658936,1.0,0.45645976066589355
andechs,xgboost,spring_2024,73,3,1.5924547910690308,2.0,0.40754520893096924
andechs,xgboost,spring_2024,74,3,1.35001540184021,1.0,0.35001540184020996
andechs,xgboost,spring_2024,75,3,1.5193802118301392,2.0,0.48061978816986084
andechs,xgboost,spring_2024,76,3,1.511676549911499,2.0,0.488323450088501
andechs,xgboost,spring_2024,77,3,1.577247977256775,2.0,0.4227520227432251
andechs,xgboost,spring_2024,78,3,1.5789765119552612,2.0,0.42102348804473877
andechs,xgboost,spring_2024,79,3,1.5943578481674194,2.0,0.40564215183258057
andechs,xgboost,spring_2024,80,3,1.753221869468689,2.0,0.24677813053131104
andechs,xgboost,spring_2024,81,3,1.7693641185760498,2.0,0.2306358814239502
andechs,xgboost,spring_2024,82,3,1.8385249376296997,2.0,0.1614750623703003
andechs,xgboost,spring_2024,83,3,2.056400775909424,2.0,0.05640077590942383
andechs,xgboost,spring_2024,84,3,2.576633930206299,2.0,0.5766339302062988
andechs,xgboost,spring_2024,85,3,2.357171058654785,1.0,1.3571710586547852
andechs,xgboost,spring_2024,86,3,2.299438238143921,1.0,1.299438238143921
andechs,xgboost,spring_2024,87,3,2.3336341381073,1.0,1.3336341381072998
andechs,xgboost,spring_2024,88,3,2.3775253295898438,1.0,1.3775253295898438
andechs,xgboost,spring_2024,89,3,2.5350725650787354,1.0,1.5350725650787354
andechs,xgboost,spring_2024,90,3,2.584160804748535,2.0,0.5841608047485352
andechs,xgboost,spring_2024,91,3,2.4807357788085938,2.0,0.48073577880859375
andechs,xgboost,spring_2024,92,3,2.4945709705352783,2.0,0.4945709705352783
andechs,xgboost,spring_2024,93,3,2.265850305557251,2.0,0.265850305557251
andechs,xgboost,spring_2024,94,3,2.3823583126068115,3.0,0.6176416873931885
andechs,xgboost,spring_2024,95,3,2.2509043216705322,3.0,0.7490956783294678
andechs,xgboost,spring_2024,96,4,2.5241305828094482,3.0,0.47586941719055176
andechs,xgboost,spring_2024,97,4,2.624234437942505,3.0,0.3757655620574951
andechs,xgboost,spring_2024,98,4,2.3978524208068848,2.0,0.39785242080688477
andechs,xgboost,spring_2024,99,4,2.4452297687530518,2.0,0.44522976875305176
andechs,xgboost,spring_2024,100,4,2.371438503265381,2.0,0.37143850326538086
andechs,xgboost,spring_2024,101,4,2.30576753616333,2.0,0.3057675361633301
andechs,xgboost,spring_2024,102,4,2.3102786540985107,1.0,1.3102786540985107
andechs,xgboost,spring_2024,103,4,2.4144768714904785,1.0,1.4144768714904785
andechs,xgboost,spring_2024,104,4,2.4612185955047607,2.0,0.46121859550476074
andechs,xgboost,spring_2024,105,4,2.3652374744415283,2.0,0.3652374744415283
andechs,xgboost,spring_2024,106,4,2.467379331588745,3.0,0.5326206684112549
andechs,xgboost,spring_2024,107,4,2.9093456268310547,4.0,1.0906543731689453
andechs,xgboost,spring_2024,108,4,3.100961923599243,4.0,0.8990380764007568
andechs,xgboost,spring_2024,109,4,3.923489809036255,6.0,2.076510190963745
andechs,xgboost,spring_2024,110,4,5.295251369476318,7.0,1.7047486305236816
andechs,xgboost,spring_2024,111,4,6.285841941833496,8.0,1.714158058166504
andechs,xgboost,spring_2024,112,4,6.767946243286133,8.0,1.2320537567138672
andechs,xgboost,spring_2024,113,4,6.961928367614746,7.0,0.038071632385253906
andechs,xgboost,spring_2024,114,4,7.025869846343994,8.0,0.9741301536560059
andechs,xgboost,spring_2024,115,4,7.359619617462158,7.0,0.3596196174621582
andechs,xgboost,spring_2024,116,4,6.162442684173584,6.0,0.16244268417358398
andechs,xgboost,spring_2024,117,4,4.931030750274658,4.0,0.9310307502746582
andechs,xgboost,spring_2024,118,4,4.134815692901611,3.0,1.1348156929016113
andechs,xgboost,spring_2024,119,4,3.3624792098999023,2.0,1.3624792098999023
andechs,xgboost,spring_2024,120,5,2.5714921951293945,1.0,1.5714921951293945
andechs,xgboost,spring_2024,121,5,2.054382085800171,1.0,1.054382085800171
andechs,xgboost,spring_2024,122,5,1.9995129108428955,1.0,0.9995129108428955
andechs,xgboost,spring_2024,123,5,1.5468533039093018,2.0,0.45314669609069824
andechs,xgboost,spring_2024,124,5,1.5405060052871704,2.0,0.4594939947128296
andechs,xgboost,spring_2024,125,5,1.5416064262390137,1.0,0.5416064262390137
andechs,xgboost,spring_2024,126,5,1.5949821472167969,1.0,0.5949821472167969
andechs,xgboost,spring_2024,127,5,1.916548490524292,2.0,0.08345150947570801
andechs,xgboost,spring_2024,128,5,1.6112886667251587,2.0,0.3887113332748413
andechs,xgboost,spring_2024,129,5,1.8150757551193237,3.0,1.1849242448806763
andechs,xgboost,spring_2024,130,5,1.8686027526855469,3.0,1.1313972473144531
andechs,xgboost,spring_2024,131,5,1.9395408630371094,3.0,1.0604591369628906
andechs,xgboost,spring_2024,132,5,1.8996083736419678,2.0,0.10039162635803223
andechs,xgboost,spring_2024,133,5,1.8009928464889526,3.0,1.1990071535110474
andechs,xgboost,spring_2024,134,5,5.010978698730469,7.0,1.9890213012695312
andechs,xgboost,spring_2024,135,5,8.654130935668945,9.0,0.3458690643310547
andechs,xgboost,spring_2024,136,5,10.937058448791504,9.0,1.937058448791504
andechs,xgboost,spring_2024,137,5,10.654712677001953,7.0,3.654712677001953
andechs,xgboost,spring_2024,138,5,5.4384989738464355,3.0,2.4384989738464355
andechs,xgboost,spring_2024,139,5,2.459437608718872,2.0,0.45943760871887207
andechs,xgboost,spring_2024,140,5,1.2114537954330444,1.0,0.21145379543304443
andechs,xgboost,spring_2024,141,5,0.887576699256897,1.0,0.11242330074310303
andechs,xgboost,spring_2024,142,5,0.7305512428283691,1.0,0.26944875717163086
andechs,xgboost,spring_2024,143,5,0.6352365612983704,1.0,0.36476343870162964
andechs,xgboost,spring_2024,144,6,0.7067603468894958,0.9,0.19323965311050417
andechs,xgboost,spring_2024,145,6,0.8128601312637329,0.9,0.08713986873626711
andechs,xgboost,spring_2024,146,6,0.796501100063324,0.8,0.00349889993667607
andechs,xgboost,spring_2024,147,6,0.5765628814697266,0.7,0.1234371185302734
andechs,xgboost,spring_2024,148,6,0.4527222812175751,0.7,0.24727771878242488
andechs,xgboost,spring_2024,149,6,0.949608325958252,0.6,0.349608325958252
andechs,xgboost,spring_2024,150,6,1.78035569190979,0.5,1.28035569190979
andechs,xgboost,spring_2024,151,6,1.1541780233383179,0.3,0.8541780233383178
andechs,xgboost,spring_2024,152,6,1.023236632347107,0.4,0.6232366323471069
andechs,xgboost,spring_2024,153,6,1.0106111764907837,0.7,0.31061117649078374
andechs,xgboost,spring_2024,154,6,1.206334114074707,1.0,0.20633411407470703
andechs,xgboost,spring_2024,155,6,1.079335331916809,1.0,0.07933533191680908
andechs,xgboost,spring_2024,156,6,1.123224139213562,1.0,0.12322413921356201
andechs,xgboost,spring_2024,157,6,1.0668072700500488,0.3,0.7668072700500488
andechs,xgboost,spring_2024,158,6,1.0718309879302979,0.5,0.5718309879302979
andechs,xgboost,spring_2024,159,6,0.8909749984741211,0.8,0.09097499847412105
andechs,xgboost,spring_2024,160,6,0.8069180250167847,1.0,0.19308197498321533
andechs,xgboost,spring_2024,161,6,0.733443021774292,1.0,0.266556978225708
andechs,xgboost,spring_2024,162,6,0.7435593605041504,2.0,1.2564406394958496
andechs,xgboost,spring_2024,163,6,0.7002961039543152,2.0,1.2997038960456848
andechs,xgboost,spring_2024,164,6,0.6933532357215881,2.0,1.3066467642784119
andechs,xgboost,spring_2024,165,6,0.631532609462738,2.0,1.368467390537262
andechs,xgboost,spring_2024,166,6,0.8223993182182312,3.0,2.177600681781769
andechs,xgboost,spring_2024,167,6,0.7939669489860535,2.0,1.2060330510139465
andechs,xgboost,spring_2024,168,7,0.8333846926689148,1.0,0.1666153073310852
andechs,xgboost,spring_2024,169,7,1.5150007009506226,2.0,0.48499929904937744
andechs,xgboost,spring_2024,170,7,1.623132586479187,1.0,0.623132586479187
andechs,xgboost,spring_2024,171,7,1.5645840167999268,1.0,0.5645840167999268
andechs,xgboost,spring_2024,172,7,1.6065319776535034,1.0,0.6065319776535034
andechs,xgboost,spring_2024,173,7,1.5936387777328491,1.0,0.5936387777328491
andechs,xgboost,spring_2024,174,7,1.7094616889953613,1.0,0.7094616889953613
andechs,xgboost,spring_2024,175,7,1.7348270416259766,1.0,0.7348270416259766
andechs,xgboost,spring_2024,176,7,1.8379098176956177,2.0,0.16209018230438232
andechs,xgboost,spring_2024,177,7,1.8300567865371704,2.0,0.1699432134628296
andechs,xgboost,spring_2024,178,7,1.9872374534606934,2.0,0.01276254653930664
andechs,xgboost,spring_2024,179,7,1.957613468170166,2.0,0.042386531829833984
andechs,xgboost,spring_2024,180,7,1.9219987392425537,2.0,0.07800126075744629
andechs,xgboost,spring_2024,181,7,1.4631654024124146,1.0,0.46316540241241455
andechs,xgboost,spring_2024,182,7,1.3446252346038818,1.0,0.34462523460388184
andechs,xgboost,spring_2024,183,7,1.2385404109954834,1.0,0.2385404109954834
andechs,xgboost,spring_2024,184,7,2.0837979316711426,3.0,0.9162020683288574
andechs,xgboost,spring_2024,185,7,10.19435977935791,14.0,3.80564022064209
andechs,xgboost,spring_2024,186,7,15.037667274475098,27.0,11.962332725524902
andechs,xgboost,spring_2024,187,7,16.05546760559082,27.0,10.94453239440918
andechs,xgboost,spring_2024,188,7,17.011356353759766,27.0,9.988643646240234
andechs,xgboost,spring_2024,189,7,18.066858291625977,27.0,8.933141708374023
andechs,xgboost,spring_2024,190,7,18.694795608520508,27.0,8.305204391479492
andechs,xgboost,spring_2024,191,7,19.902374267578125,27.0,7.097625732421875
andechs,xgboost,spring_2024,192,8,20.635251998901367,27.0,6.364748001098633
andechs,xgboost,spring_2024,193,8,20.766536712646484,27.0,6.233463287353516
andechs,xgboost,spring_2024,194,8,20.329206466674805,27.0,6.670793533325195
andechs,xgboost,spring_2024,195,8,20.59494400024414,27.0,6.405055999755859
andechs,xgboost,spring_2024,196,8,20.658580780029297,27.0,6.341419219970703
andechs,xgboost,spring_2024,197,8,20.373525619506836,27.0,6.626474380493164
andechs,xgboost,spring_2024,198,8,19.967065811157227,27.0,7.032934188842773
andechs,xgboost,spring_2024,199,8,20.435810089111328,27.0,6.564189910888672
andechs,xgboost,spring_2024,200,8,20.793819427490234,27.0,6.206180572509766
andechs,xgboost,spring_2024,201,8,21.243770599365234,27.0,5.756229400634766
andechs,xgboost,spring_2024,202,8,20.794694900512695,27.0,6.205305099487305
andechs,xgboost,spring_2024,203,8,19.591405868530273,27.0,7.408594131469727
andechs,xgboost,spring_2024,204,8,19.296478271484375,27.0,7.703521728515625
andechs,xgboost,spring_2024,205,8,18.43113136291504,27.0,8.568868637084961
andechs,xgboost,spring_2024,206,8,17.08751678466797,27.0,9.912483215332031
andechs,xgboost,spring_2024,207,8,16.37535858154297,27.0,10.624641418457031
andechs,xgboost,spring_2024,208,8,15.849608421325684,27.0,11.150391578674316
andechs,xgboost,spring_2024,209,8,14.184589385986328,27.0,12.815410614013672
andechs,xgboost,spring_2024,210,8,14.473191261291504,27.0,12.526808738708496
andechs,xgboost,spring_2024,211,8,14.674176216125488,27.0,12.325823783874512
andechs,xgboost,spring_2024,212,8,14.292354583740234,27.0,12.707645416259766
andechs,xgboost,spring_2024,213,8,13.931916236877441,27.0,13.068083763122559
andechs,xgboost,spring_2024,214,8,14.328615188598633,27.0,12.671384811401367
andechs,xgboost,spring_2024,215,8,15.120473861694336,27.0,11.879526138305664
andechs,xgboost,spring_2024,216,9,18.513896942138672,27.0,8.486103057861328
andechs,xgboost,spring_2024,217,9,21.275110244750977,27.0,5.724889755249023
andechs,xgboost,spring_2024,218,9,21.51327133178711,26.0,4.486728668212891
andechs,xgboost,spring_2024,219,9,21.40987205505371,21.0,0.40987205505371094
andechs,xgboost,spring_2024,220,9,21.23613739013672,17.0,4.236137390136719
andechs,xgboost,spring_2024,221,9,20.806665420532227,15.0,5.806665420532227
andechs,xgboost,spring_2024,222,9,20.130889892578125,15.0,5.130889892578125
andechs,xgboost,spring_2024,223,9,20.515716552734375,16.0,4.515716552734375
andechs,xgboost,spring_2024,224,9,21.481332778930664,17.0,4.481332778930664
andechs,xgboost,spring_2024,225,9,22.38852882385254,20.0,2.388528823852539
andechs,xgboost,spring_2024,226,9,22.319297790527344,19.0,3.3192977905273438
andechs,xgboost,spring_2024,227,9,23.0175838470459,18.0,5.017583847045898
andechs,xgboost,spring_2024,228,9,18.37259864807129,11.0,7.372598648071289
andechs,xgboost,spring_2024,229,9,13.781559944152832,9.0,4.781559944152832
andechs,xgboost,spring_2024,230,9,6.731053352355957,4.0,2.731053352355957
andechs,xgboost,spring_2024,231,9,3.713308811187744,3.0,0.7133088111877441
andechs,xgboost,spring_2024,232,9,2.5429677963256836,2.0,0.5429677963256836
andechs,xgboost,spring_2024,233,9,1.979344367980957,2.0,0.02065563201904297
andechs,xgboost,spring_2024,234,9,1.3672853708267212,2.0,0.6327146291732788
andechs,xgboost,spring_2024,235,9,1.4460262060165405,2.0,0.5539737939834595
andechs,xgboost,spring_2024,236,9,1.5065726041793823,3.0,1.4934273958206177
andechs,xgboost,spring_2024,237,9,1.6120433807373047,3.0,1.3879566192626953
andechs,xgboost,spring_2024,238,9,1.8616796731948853,3.0,1.1383203268051147
andechs,xgboost,spring_2024,239,9,1.9169014692306519,4.0,2.083098530769348
andechs,xgboost,spring_2024,240,10,2.047279119491577,4.0,1.9527208805084229
andechs,xgboost,spring_2024,241,10,2.9016518592834473,4.0,1.0983481407165527
andechs,xgboost,spring_2024,242,10,2.7363016605377197,3.0,0.2636983394622803
andechs,xgboost,spring_2024,243,10,2.1549673080444336,2.0,0.1549673080444336
andechs,xgboost,spring_2024,244,10,2.186035633087158,2.0,0.1860356330871582
andechs,xgboost,spring_2024,245,10,2.2273783683776855,2.0,0.22737836837768555
andechs,xgboost,spring_2024,246,10,2.014923095703125,2.0,0.014923095703125
andechs,xgboost,spring_2024,247,10,2.0174307823181152,2.0,0.017430782318115234
andechs,xgboost,spring_2024,248,10,2.4838666915893555,3.0,0.5161333084106445
andechs,xgboost,spring_2024,249,10,1.5800203084945679,1.0,0.5800203084945679
andechs,xgboost,spring_2024,250,10,1.1022332906723022,1.0,0.10223329067230225
andechs,xgboost,spring_2024,251,10,1.2109771966934204,1.0,0.2109771966934204
andechs,xgboost,spring_2024,252,10,0.9332683086395264,1.0,0.06673169136047363
andechs,xgboost,spring_2024,253,10,0.8765489459037781,1.0,0.12345105409622192
andechs,xgboost,spring_2024,254,10,0.7020233273506165,0.9,0.19797667264938357
andechs,xgboost,spring_2024,255,10,0.6039650440216064,1.0,0.39603495597839355
andechs,xgboost,spring_2024,256,10,0.5732288956642151,0.9,0.32677110433578493
andechs,xgboost,spring_2024,257,10,0.5418549180030823,1.0,0.4581450819969177
andechs,xgboost,spring_2024,258,10,0.6701796054840088,1.0,0.3298203945159912
andechs,xgboost,spring_2024,259,10,0.7251361012458801,1.0,0.2748638987541199
andechs,xgboost,spring_2024,260,10,0.7367133498191833,1.0,0.26328665018081665
andechs,xgboost,spring_2024,261,10,0.6977578401565552,1.0,0.3022421598434448
andechs,xgboost,spring_2024,262,10,0.6485046744346619,1.0,0.35149532556533813
andechs,xgboost,spring_2024,263,10,0.6335402727127075,1.0,0.3664597272872925
andechs,xgboost,spring_2024,264,11,0.827824056148529,0.9,0.07217594385147097
andechs,xgboost,spring_2024,265,11,1.0730983018875122,1.0,0.07309830188751221
andechs,xgboost,spring_2024,266,11,1.2037934064865112,0.9,0.3037934064865112
andechs,xgboost,spring_2024,267,11,1.2446287870407104,0.9,0.3446287870407104
andechs,xgboost,spring_2024,268,11,1.2523910999298096,0.8,0.4523910999298095
andechs,xgboost,spring_2024,269,11,1.2897604703903198,0.8,0.4897604703903198
andechs,xgboost,spring_2024,270,11,1.2770062685012817,0.5,0.7770062685012817
andechs,xgboost,spring_2024,271,11,1.3118457794189453,0.4,0.9118457794189453
andechs,xgboost,spring_2024,272,11,1.2506150007247925,0.4,0.8506150007247925
andechs,xgboost,spring_2024,273,11,2.210589647293091,4.0,1.7894103527069092
andechs,xgboost,spring_2024,274,11,2.834200859069824,4.0,1.1657991409301758
andechs,xgboost,spring_2024,275,11,2.537271022796631,2.0,0.5372710227966309
andechs,xgboost,spring_2024,276,11,2.34600830078125,2.0,0.34600830078125
andechs,xgboost,spring_2024,277,11,2.2462475299835205,2.0,0.2462475299835205
andechs,xgboost,spring_2024,278,11,2.391535997390747,2.0,0.39153599739074707
andechs,xgboost,spring_2024,279,11,2.317671298980713,2.0,0.3176712989807129
andechs,xgboost,spring_2024,280,11,2.243267774581909,2.0,0.24326777458190918
andechs,xgboost,spring_2024,281,11,2.249586582183838,2.0,0.2495865821838379
andechs,xgboost,spring_2024,282,11,2.375062942504883,2.0,0.3750629425048828
andechs,xgboost,spring_2024,283,11,2.260991334915161,2.0,0.26099133491516113
andechs,xgboost,spring_2024,284,11,2.4753599166870117,2.0,0.4753599166870117
andechs,xgboost,spring_2024,285,11,2.370795249938965,2.0,0.37079524993896484
andechs,xgboost,spring_2024,286,11,2.336719036102295,2.0,0.3367190361022949
andechs,xgboost,spring_2024,287,11,2.3503470420837402,2.0,0.35034704208374023
andechs,xgboost,spring_2024,288,12,2.528228282928467,2.0,0.5282282829284668
andechs,xgboost,spring_2024,289,12,2.4080183506011963,2.0,0.4080183506011963
andechs,xgboost,spring_2024,290,12,2.061676502227783,1.0,1.0616765022277832
andechs,xgboost,spring_2024,291,12,2.0408427715301514,1.0,1.0408427715301514
andechs,xgboost,spring_2024,292,12,2.0098085403442383,1.0,1.0098085403442383
andechs,xgboost,spring_2024,293,12,2.1812684535980225,1.0,1.1812684535980225
andechs,xgboost,spring_2024,294,12,2.22247052192688,1.0,1.2224705219268799
andechs,xgboost,spring_2024,295,12,1.804625153541565,0.9,0.9046251535415649
andechs,xgboost,spring_2024,296,12,1.301435947418213,1.0,0.3014359474182129
andechs,xgboost,spring_2024,297,12,1.2665354013442993,0.9,0.3665354013442993
andechs,xgboost,spring_2024,298,12,1.390153169631958,1.0,0.390153169631958
andechs,xgboost,spring_2024,299,12,1.4934760332107544,2.0,0.5065239667892456
andechs,xgboost,spring_2024,300,12,1.5991864204406738,2.0,0.40081357955932617
andechs,xgboost,spring_2024,301,12,1.6503671407699585,2.0,0.3496328592300415
andechs,xgboost,spring_2024,302,12,1.8555314540863037,2.0,0.1444685459136963
andechs,xgboost,spring_2024,303,12,1.8293418884277344,2.0,0.17065811157226562
andechs,xgboost,spring_2024,304,12,1.8817057609558105,3.0,1.1182942390441895
andechs,xgboost,spring_2024,305,12,1.9213738441467285,3.0,1.0786261558532715
andechs,xgboost,spring_2024,306,12,1.636749267578125,2.0,0.363250732421875
andechs,xgboost,spring_2024,307,12,1.520143747329712,2.0,0.4798562526702881
andechs,xgboost,spring_2024,308,12,1.491276502609253,1.0,0.49127650260925293
andechs,xgboost,spring_2024,309,12,1.4033352136611938,1.0,0.40333521366119385
andechs,xgboost,spring_2024,310,12,1.3262097835540771,1.0,0.32620978355407715
andechs,xgboost,spring_2024,311,12,1.3654050827026367,1.0,0.3654050827026367
andechs,xgboost,spring_2024,312,13,1.5628429651260376,1.0,0.5628429651260376
andechs,xgboost,spring_2024,313,13,1.5474755764007568,1.0,0.5474755764007568
andechs,xgboost,spring_2024,314,13,1.5083136558532715,1.0,0.5083136558532715
andechs,xgboost,spring_2024,315,13,1.5273044109344482,1.0,0.5273044109344482
andechs,xgboost,spring_2024,316,13,1.5038058757781982,1.0,0.5038058757781982
andechs,xgboost,spring_2024,317,13,1.4889811277389526,1.0,0.48898112773895264
andechs,xgboost,spring_2024,318,13,1.4714349508285522,0.9,0.5714349508285522
andechs,xgboost,spring_2024,319,13,1.4054545164108276,0.9,0.5054545164108276
andechs,xgboost,spring_2024,320,13,1.4135950803756714,1.0,0.4135950803756714
andechs,xgboost,spring_2024,321,13,1.4634075164794922,2.0,0.5365924835205078
andechs,xgboost,spring_2024,322,13,1.4425960779190063,2.0,0.5574039220809937
andechs,xgboost,spring_2024,323,13,1.4531999826431274,2.0,0.5468000173568726
andechs,xgboost,spring_2024,324,13,1.5720460414886475,2.0,0.42795395851135254
andechs,xgboost,spring_2024,325,13,1.5414974689483643,2.0,0.45850253105163574
andechs,xgboost,spring_2024,326,13,1.6817103624343872,2.0,0.3182896375656128
andechs,xgboost,spring_2024,327,13,1.6163251399993896,2.0,0.38367486000061035
andechs,xgboost,spring_2024,328,13,1.6529046297073364,2.0,0.3470953702926636
andechs,xgboost,spring_2024,329,13,1.7415771484375,2.0,0.2584228515625
andechs,xgboost,spring_2024,330,13,1.6939167976379395,3.0,1.3060832023620605
andechs,xgboost,spring_2024,331,13,1.786013126373291,3.0,1.213986873626709
andechs,xgboost,spring_2024,332,13,1.6317542791366577,3.0,1.3682457208633423
andechs,xgboost,spring_2024,333,13,2.0537261962890625,3.0,0.9462738037109375
andechs,xgboost,spring_2024,334,13,2.6229355335235596,4.0,1.3770644664764404
andechs,xgboost,spring_2024,335,13,2.7302234172821045,4.0,1.2697765827178955
andechs,xgboost,spring_2024,336,14,2.679600954055786,3.0,0.32039904594421387
andechs,xgboost,spring_2024,337,14,2.674670934677124,3.0,0.325329065322876
andechs,xgboost,spring_2024,338,14,2.4937610626220703,3.0,0.5062389373779297
andechs,xgboost,spring_2024,339,14,2.457160711288452,3.0,0.5428392887115479
andechs,xgboost,spring_2024,340,14,2.499366521835327,3.0,0.5006334781646729
andechs,xgboost,spring_2024,341,14,2.686086416244507,3.0,0.31391358375549316
andechs,xgboost,spring_2024,342,14,2.69187068939209,3.0,0.30812931060791016
andechs,xgboost,spring_2024,343,14,2.8652560710906982,4.0,1.1347439289093018
andechs,xgboost,spring_2024,344,14,2.6182210445404053,3.0,0.3817789554595947
andechs,xgboost,spring_2024,345,14,2.649672508239746,3.0,0.3503274917602539
andechs,xgboost,spring_2024,346,14,2.7128047943115234,4.0,1.2871952056884766
andechs,xgboost,spring_2024,347,14,2.6612322330474854,4.0,1.3387677669525146
andechs,xgboost,spring_2024,348,14,2.6097819805145264,4.0,1.3902180194854736
andechs,xgboost,spring_2024,349,14,2.4443838596343994,4.0,1.5556161403656006
andechs,xgboost,spring_2024,350,14,2.5273678302764893,4.0,1.4726321697235107
andechs,xgboost,spring_2024,351,14,2.4267232418060303,4.0,1.5732767581939697
andechs,xgboost,spring_2024,352,14,2.7824902534484863,4.0,1.2175097465515137
andechs,xgboost,spring_2024,353,14,3.1085712909698486,5.0,1.8914287090301514
andechs,xgboost,spring_2024,354,14,3.855405330657959,5.0,1.144594669342041
andechs,xgboost,spring_2024,355,14,4.882771968841553,4.0,0.8827719688415527
andechs,xgboost,spring_2024,356,14,5.206789970397949,3.0,2.206789970397949
andechs,xgboost,spring_2024,357,14,4.805504322052002,2.0,2.805504322052002
andechs,xgboost,spring_2024,358,14,4.395285129547119,2.0,2.395285129547119
andechs,xgboost,spring_2024,359,14,4.054525375366211,2.0,2.054525375366211
andechs,xgboost,spring_2024,360,15,4.063127517700195,2.0,2.0631275177001953
andechs,xgboost,spring_2024,361,15,3.962714195251465,2.0,1.9627141952514648
andechs,xgboost,spring_2024,362,15,3.631675958633423,2.0,1.6316759586334229
andechs,xgboost,spring_2024,363,15,3.171694040298462,2.0,1.171694040298462
andechs,xgboost,spring_2024,364,15,3.023016929626465,3.0,0.023016929626464844
andechs,xgboost,spring_2024,365,15,3.5166587829589844,3.0,0.5166587829589844
andechs,xgboost,spring_2024,366,15,3.4132423400878906,3.0,0.4132423400878906
andechs,xgboost,spring_2024,367,15,3.084609031677246,3.0,0.0846090316772461
andechs,xgboost,spring_2024,368,15,3.0826737880706787,3.0,0.08267378807067871
andechs,xgboost,spring_2024,369,15,3.4221506118774414,3.0,0.4221506118774414
andechs,xgboost,spring_2024,370,15,3.673828601837158,5.0,1.3261713981628418
andechs,xgboost,spring_2024,371,15,4.201574802398682,6.0,1.7984251976013184
andechs,xgboost,spring_2024,372,15,4.656461715698242,6.0,1.3435382843017578
andechs,xgboost,spring_2024,373,15,4.805511474609375,6.0,1.194488525390625
andechs,xgboost,spring_2024,374,15,5.022102355957031,6.0,0.9778976440429688
andechs,xgboost,spring_2024,375,15,5.11100435256958,5.0,0.11100435256958008
andechs,xgboost,spring_2024,376,15,5.11808967590332,5.0,0.11808967590332031
andechs,xgboost,spring_2024,377,15,5.199418544769287,4.0,1.199418544769287
andechs,xgboost,spring_2024,378,15,5.722008228302002,4.0,1.722008228302002
andechs,xgboost,spring_2024,379,15,5.693740367889404,3.0,2.6937403678894043
andechs,xgboost,spring_2024,380,15,5.021982669830322,2.0,3.0219826698303223
andechs,xgboost,spring_2024,381,15,4.64106559753418,2.0,2.6410655975341797
andechs,xgboost,spring_2024,382,15,4.648185729980469,2.0,2.6481857299804688
andechs,xgboost,spring_2024,383,15,4.505330562591553,2.0,2.5053305625915527
andechs,xgboost,spring_2024,384,16,4.476287364959717,2.0,2.476287364959717
andechs,xgboost,spring_2024,385,16,4.2677693367004395,2.0,2.2677693367004395
andechs,xgboost,spring_2024,386,16,3.8210833072662354,2.0,1.8210833072662354
andechs,xgboost,spring_2024,387,16,3.454026937484741,2.0,1.4540269374847412
andechs,xgboost,spring_2024,388,16,2.8834152221679688,2.0,0.8834152221679688
andechs,xgboost,spring_2024,389,16,1.89118230342865,2.0,0.1088176965713501
andechs,xgboost,spring_2024,390,16,1.372454285621643,2.0,0.6275457143783569
andechs,xgboost,spring_2024,391,16,1.5751934051513672,2.0,0.4248065948486328
andechs,xgboost,spring_2024,392,16,1.7585362195968628,2.0,0.2414637804031372
andechs,xgboost,spring_2024,393,16,2.245145797729492,3.0,0.7548542022705078
andechs,xgboost,spring_2024,394,16,5.771696090698242,7.0,1.2283039093017578
andechs,xgboost,spring_2024,395,16,8.146862030029297,10.0,1.8531379699707031
andechs,xgboost,spring_2024,396,16,10.398971557617188,12.0,1.6010284423828125
andechs,xgboost,spring_2024,397,16,12.123740196228027,12.0,0.12374019622802734
andechs,xgboost,spring_2024,398,16,11.995195388793945,11.0,0.9951953887939453
andechs,xgboost,spring_2024,399,16,11.801218032836914,11.0,0.8012180328369141
andechs,xgboost,spring_2024,400,16,11.910240173339844,10.0,1.9102401733398438
andechs,xgboost,spring_2024,401,16,12.040258407592773,10.0,2.0402584075927734
andechs,xgboost,spring_2024,402,16,12.474594116210938,10.0,2.4745941162109375
andechs,xgboost,spring_2024,403,16,13.57777214050293,10.0,3.5777721405029297
andechs,xgboost,spring_2024,404,16,13.624983787536621,8.0,5.624983787536621
andechs,xgboost,spring_2024,405,16,12.361947059631348,7.0,5.361947059631348
andechs,xgboost,spring_2024,406,16,10.961529731750488,6.0,4.961529731750488
andechs,xgboost,spring_2024,407,16,10.241101264953613,7.0,3.2411012649536133
andechs,xgboost,spring_2024,408,17,10.131874084472656,8.0,2.1318740844726562
andechs,xgboost,spring_2024,409,17,10.426346778869629,9.0,1.426346778869629
andechs,xgboost,spring_2024,410,17,10.79835033416748,10.0,0.7983503341674805
andechs,xgboost,spring_2024,411,17,12.362249374389648,14.0,1.6377506256103516
andechs,xgboost,spring_2024,412,17,13.402982711791992,17.0,3.597017288208008
andechs,xgboost,spring_2024,413,17,16.21348762512207,18.0,1.7865123748779297
andechs,xgboost,spring_2024,414,17,18.748472213745117,15.0,3.748472213745117
andechs,xgboost,spring_2024,415,17,20.250944137573242,16.0,4.250944137573242
andechs,xgboost,spring_2024,416,17,21.508018493652344,15.0,6.508018493652344
andechs,xgboost,spring_2024,417,17,21.622295379638672,16.0,5.622295379638672
andechs,xgboost,spring_2024,418,17,20.974105834960938,19.0,1.9741058349609375
andechs,xgboost,spring_2024,419,17,20.52923583984375,23.0,2.47076416015625
andechs,xgboost,spring_2024,420,17,20.581892013549805,21.0,0.4181079864501953
andechs,xgboost,spring_2024,421,17,20.1766414642334,22.0,1.8233585357666016
andechs,xgboost,spring_2024,422,17,19.845775604248047,23.0,3.154224395751953
andechs,xgboost,spring_2024,423,17,20.446264266967773,23.0,2.5537357330322266
andechs,xgboost,spring_2024,424,17,20.68169403076172,25.0,4.318305969238281
andechs,xgboost,spring_2024,425,17,22.036643981933594,21.0,1.0366439819335938
andechs,xgboost,spring_2024,426,17,22.62116813659668,21.0,1.6211681365966797
andechs,xgboost,spring_2024,427,17,22.39314842224121,20.0,2.393148422241211
andechs,xgboost,spring_2024,428,17,22.863296508789062,21.0,1.8632965087890625
andechs,xgboost,spring_2024,429,17,22.610366821289062,20.0,2.6103668212890625
andechs,xgboost,spring_2024,430,17,22.086929321289062,16.0,6.0869293212890625
andechs,xgboost,spring_2024,431,17,21.226146697998047,11.0,10.226146697998047
andechs,xgboost,spring_2024,432,18,19.054100036621094,10.0,9.054100036621094
andechs,xgboost,spring_2024,433,18,17.37584686279297,11.0,6.375846862792969
andechs,xgboost,spring_2024,434,18,14.244757652282715,11.0,3.244757652282715
andechs,xgboost,spring_2024,435,18,13.999557495117188,12.0,1.9995574951171875
andechs,xgboost,spring_2024,436,18,13.680119514465332,13.0,0.680119514465332
andechs,xgboost,spring_2024,437,18,12.816177368164062,12.0,0.8161773681640625
andechs,xgboost,spring_2024,438,18,12.287891387939453,12.0,0.2878913879394531
andechs,xgboost,spring_2024,439,18,13.931161880493164,11.0,2.931161880493164
andechs,xgboost,spring_2024,440,18,15.154882431030273,11.0,4.154882431030273
andechs,xgboost,spring_2024,441,18,16.18745994567871,13.0,3.187459945678711
andechs,xgboost,spring_2024,442,18,16.981903076171875,14.0,2.981903076171875
andechs,xgboost,spring_2024,443,18,16.5893611907959,13.0,3.5893611907958984
andechs,xgboost,spring_2024,444,18,16.82040786743164,15.0,1.8204078674316406
andechs,xgboost,spring_2024,445,18,15.993560791015625,6.0,9.993560791015625
andechs,xgboost,spring_2024,446,18,13.708866119384766,4.0,9.708866119384766
andechs,xgboost,spring_2024,447,18,4.883086204528809,2.0,2.8830862045288086
andechs,xgboost,spring_2024,448,18,3.684603214263916,2.0,1.684603214263916
andechs,xgboost,spring_2024,449,18,2.699185848236084,2.0,0.699185848236084
andechs,xgboost,spring_2024,450,18,2.012850284576416,2.0,0.012850284576416016
andechs,xgboost,spring_2024,451,18,2.1149728298187256,2.0,0.11497282981872559
andechs,xgboost,spring_2024,452,18,2.116304397583008,2.0,0.11630439758300781
andechs,xgboost,spring_2024,453,18,2.0400407314300537,2.0,0.04004073143005371
andechs,xgboost,spring_2024,454,18,2.036529302597046,2.0,0.0365293025970459
andechs,xgboost,spring_2024,455,18,2.023124933242798,2.0,0.02312493324279785
andechs,xgboost,spring_2024,456,19,2.1200368404388428,2.0,0.12003684043884277
andechs,xgboost,spring_2024,457,19,2.3477280139923096,2.0,0.34772801399230957
andechs,xgboost,spring_2024,458,19,2.1465864181518555,2.0,0.14658641815185547
andechs,xgboost,spring_2024,459,19,2.1563608646392822,2.0,0.15636086463928223
andechs,xgboost,spring_2024,460,19,2.1754441261291504,2.0,0.1754441261291504
andechs,xgboost,spring_2024,461,19,2.3140337467193604,2.0,0.31403374671936035
andechs,xgboost,spring_2024,462,19,2.3916516304016113,2.0,0.39165163040161133
andechs,xgboost,spring_2024,463,19,2.5303335189819336,2.0,0.5303335189819336
andechs,xgboost,spring_2024,464,19,2.994117498397827,3.0,0.0058825016021728516
andechs,xgboost,spring_2024,465,19,3.4556591510772705,4.0,0.5443408489227295
andechs,xgboost,spring_2024,466,19,4.454132556915283,5.0,0.5458674430847168
andechs,xgboost,spring_2024,467,19,5.205170631408691,5.0,0.2051706314086914
andechs,xgboost,spring_2024,468,19,5.786665439605713,4.0,1.786665439605713
andechs,xgboost,spring_2024,469,19,6.038992881774902,4.0,2.0389928817749023
andechs,xgboost,spring_2024,470,19,6.0190324783325195,4.0,2.0190324783325195
andechs,xgboost,spring_2024,471,19,5.843907356262207,4.0,1.843907356262207
andechs,xgboost,spring_2024,472,19,5.631024360656738,4.0,1.6310243606567383
andechs,xgboost,spring_2024,473,19,5.05640172958374,4.0,1.0564017295837402
andechs,xgboost,spring_2024,474,19,4.942483901977539,3.0,1.942483901977539
andechs,xgboost,spring_2024,475,19,4.37034273147583,3.0,1.37034273147583
andechs,xgboost,spring_2024,476,19,3.9703304767608643,2.0,1.9703304767608643
andechs,xgboost,spring_2024,477,19,3.685112953186035,2.0,1.6851129531860352
andechs,xgboost,spring_2024,478,19,3.108196973800659,3.0,0.10819697380065918
andechs,xgboost,spring_2024,479,19,3.013949394226074,3.0,0.013949394226074219
andechs,xgboost,spring_2024,480,20,3.1396830081939697,3.0,0.13968300819396973
andechs,xgboost,spring_2024,481,20,3.120516061782837,2.0,1.120516061782837
andechs,xgboost,spring_2024,482,20,3.270070791244507,2.0,1.2700707912445068
andechs,xgboost,spring_2024,483,20,3.1581435203552246,2.0,1.1581435203552246
andechs,xgboost,spring_2024,484,20,3.0953245162963867,3.0,0.09532451629638672
andechs,xgboost,spring_2024,485,20,3.3075876235961914,3.0,0.3075876235961914
andechs,xgboost,spring_2024,486,20,3.398693323135376,3.0,0.398693323135376
andechs,xgboost,spring_2024,487,20,4.145245552062988,4.0,0.14524555206298828
andechs,xgboost,spring_2024,488,20,5.2473554611206055,7.0,1.7526445388793945
andechs,xgboost,spring_2024,489,20,5.915047645568848,6.0,0.08495235443115234
andechs,xgboost,spring_2024,490,20,6.171752452850342,5.0,1.1717524528503418
andechs,xgboost,spring_2024,491,20,6.5912299156188965,5.0,1.5912299156188965
andechs,xgboost,spring_2024,492,20,6.8967108726501465,5.0,1.8967108726501465
andechs,xgboost,spring_2024,493,20,7.502751350402832,7.0,0.502751350402832
andechs,xgboost,spring_2024,494,20,7.827236652374268,7.0,0.8272366523742676
andechs,xgboost,spring_2024,495,20,8.749429702758789,10.0,1.250570297241211
andechs,xgboost,spring_2024,496,20,10.014267921447754,12.0,1.985732078552246
andechs,xgboost,spring_2024,497,20,12.090838432312012,13.0,0.9091615676879883
andechs,xgboost,spring_2024,498,20,12.602910995483398,12.0,0.6029109954833984
andechs,xgboost,spring_2024,499,20,11.775534629821777,7.0,4.775534629821777
andechs,xgboost,spring_2024,500,20,11.202618598937988,8.0,3.2026185989379883
andechs,xgboost,spring_2024,501,20,11.269198417663574,9.0,2.269198417663574
andechs,xgboost,spring_2024,502,20,10.943961143493652,8.0,2.9439611434936523
andechs,xgboost,spring_2024,503,20,9.333053588867188,7.0,2.3330535888671875
andechs,xgboost,spring_2024,504,21,8.357579231262207,6.0,2.357579231262207
andechs,xgboost,spring_2024,505,21,8.370674133300781,6.0,2.3706741333007812
andechs,xgboost,spring_2024,506,21,7.398821830749512,5.0,2.3988218307495117
andechs,xgboost,spring_2024,507,21,7.022036552429199,5.0,2.022036552429199
andechs,xgboost,spring_2024,508,21,6.325830936431885,4.0,2.3258309364318848
andechs,xgboost,spring_2024,509,21,6.050539016723633,4.0,2.050539016723633
andechs,xgboost,spring_2024,510,21,5.547885417938232,5.0,0.5478854179382324
andechs,xgboost,spring_2024,511,21,5.357486724853516,5.0,0.3574867248535156
andechs,xgboost,spring_2024,512,21,5.99246072769165,8.0,2.0075392723083496
andechs,xgboost,spring_2024,513,21,6.972568035125732,8.0,1.0274319648742676
andechs,xgboost,spring_2024,514,21,7.631742000579834,8.0,0.368257999420166
andechs,xgboost,spring_2024,515,21,8.3153657913208,7.0,1.3153657913208008
andechs,xgboost,spring_2024,516,21,8.396454811096191,6.0,2.3964548110961914
andechs,xgboost,spring_2024,517,21,8.333343505859375,5.0,3.333343505859375
andechs,xgboost,spring_2024,518,21,8.566842079162598,5.0,3.5668420791625977
andechs,xgboost,spring_2024,519,21,8.850357055664062,10.0,1.1496429443359375
andechs,xgboost,spring_2024,520,21,10.209918975830078,11.0,0.7900810241699219
andechs,xgboost,spring_2024,521,21,11.402216911315918,11.0,0.40221691131591797
andechs,xgboost,spring_2024,522,21,10.979058265686035,8.0,2.979058265686035
andechs,xgboost,spring_2024,523,21,10.186348915100098,7.0,3.1863489151000977
andechs,xgboost,spring_2024,524,21,9.809484481811523,7.0,2.8094844818115234
andechs,xgboost,spring_2024,525,21,9.626052856445312,8.0,1.6260528564453125
andechs,xgboost,spring_2024,526,21,10.120574951171875,11.0,0.879425048828125
andechs,xgboost,spring_2024,527,21,10.521666526794434,11.0,0.4783334732055664
andechs,xgboost,spring_2024,528,22,10.688054084777832,9.0,1.688054084777832
andechs,xgboost,spring_2024,529,22,10.955618858337402,8.0,2.9556188583374023
andechs,xgboost,spring_2024,530,22,10.934453964233398,7.0,3.9344539642333984
andechs,xgboost,spring_2024,531,22,9.756528854370117,5.0,4.756528854370117
andechs,xgboost,spring_2024,532,22,7.926236629486084,5.0,2.926236629486084
andechs,xgboost,spring_2024,533,22,6.809872150421143,4.0,2.8098721504211426
andechs,xgboost,spring_2024,534,22,5.70719575881958,4.0,1.70719575881958
andechs,xgboost,spring_2024,535,22,4.406077861785889,3.0,1.4060778617858887
andechs,xgboost,spring_2024,536,22,4.596073150634766,3.0,1.5960731506347656
andechs,xgboost,spring_2024,537,22,5.299028396606445,4.0,1.2990283966064453
andechs,xgboost,spring_2024,538,22,6.158829212188721,5.0,1.1588292121887207
andechs,xgboost,spring_2024,539,22,6.926985740661621,5.0,1.926985740661621
andechs,xgboost,spring_2024,540,22,7.125970363616943,5.0,2.1259703636169434
andechs,xgboost,spring_2024,541,22,7.354365825653076,6.0,1.3543658256530762
andechs,xgboost,spring_2024,542,22,7.554502964019775,7.0,0.5545029640197754
andechs,xgboost,spring_2024,543,22,7.5300188064575195,6.0,1.5300188064575195
andechs,xgboost,spring_2024,544,22,7.7105817794799805,6.0,1.7105817794799805
andechs,xgboost,spring_2024,545,22,8.048393249511719,5.0,3.0483932495117188
andechs,xgboost,spring_2024,546,22,8.060879707336426,5.0,3.060879707336426
andechs,xgboost,spring_2024,547,22,7.8935770988464355,5.0,2.8935770988464355
andechs,xgboost,spring_2024,548,22,7.884397029876709,5.0,2.884397029876709
andechs,xgboost,spring_2024,549,22,7.374185562133789,5.0,2.374185562133789
andechs,xgboost,spring_2024,550,22,6.283783912658691,4.0,2.2837839126586914
andechs,xgboost,spring_2024,551,22,5.198606491088867,4.0,1.1986064910888672
andechs,xgboost,spring_2024,552,23,4.475228309631348,3.0,1.4752283096313477
andechs,xgboost,spring_2024,553,23,4.139840602874756,3.0,1.1398406028747559
andechs,xgboost,spring_2024,554,23,3.8388359546661377,3.0,0.8388359546661377
andechs,xgboost,spring_2024,555,23,3.441088914871216,2.0,1.4410889148712158
andechs,xgboost,spring_2024,556,23,2.8553273677825928,3.0,0.14467263221740723
andechs,xgboost,spring_2024,557,23,2.161653995513916,3.0,0.838346004486084
andechs,xgboost,spring_2024,558,23,2.8450257778167725,3.0,0.15497422218322754
andechs,xgboost,spring_2024,559,23,3.188727617263794,3.0,0.18872761726379395
andechs,xgboost,spring_2024,560,23,3.369385004043579,4.0,0.6306149959564209
andechs,xgboost,spring_2024,561,23,3.1474766731262207,5.0,1.8525233268737793
andechs,xgboost,spring_2024,562,23,3.487051486968994,5.0,1.5129485130310059
andechs,xgboost,spring_2024,563,23,3.3384902477264404,6.0,2.6615097522735596
andechs,xgboost,spring_2024,564,23,3.618056297302246,7.0,3.381943702697754
andechs,xgboost,spring_2024,565,23,4.109158992767334,8.0,3.890841007232666
andechs,xgboost,spring_2024,566,23,4.52785062789917,8.0,3.47214937210083
andechs,xgboost,spring_2024,567,23,5.060863018035889,8.0,2.9391369819641113
andechs,xgboost,spring_2024,568,23,5.206583023071289,8.0,2.793416976928711
andechs,xgboost,spring_2024,569,23,5.179028511047363,8.0,2.8209714889526367
andechs,xgboost,spring_2024,570,23,5.426546573638916,7.0,1.573453426361084
andechs,xgboost,spring_2024,571,23,5.6087164878845215,7.0,1.3912835121154785
andechs,xgboost,spring_2024,572,23,5.458484649658203,5.0,0.4584846496582031
andechs,xgboost,spring_2024,573,23,5.603538990020752,5.0,0.603538990020752
andechs,xgboost,spring_2024,574,23,5.291913986206055,4.0,1.2919139862060547
andechs,xgboost,spring_2024,575,23,5.278994083404541,4.0,1.278994083404541
andechs,xgboost,spring_2024,576,24,5.3601393699646,3.0,2.3601393699645996
andechs,xgboost,spring_2024,577,24,5.421637058258057,3.0,2.4216370582580566
andechs,xgboost,spring_2024,578,24,5.006473541259766,3.0,2.0064735412597656
andechs,xgboost,spring_2024,579,24,4.873321533203125,3.0,1.873321533203125
andechs,xgboost,spring_2024,580,24,5.083407878875732,3.0,2.0834078788757324
andechs,xgboost,spring_2024,581,24,5.256769180297852,4.0,1.2567691802978516
andechs,xgboost,spring_2024,582,24,5.1742048263549805,5.0,0.17420482635498047
andechs,xgboost,spring_2024,583,24,5.2531843185424805,6.0,0.7468156814575195
andechs,xgboost,spring_2024,584,24,5.113598823547363,7.0,1.8864011764526367
andechs,xgboost,spring_2024,585,24,5.202491283416748,8.0,2.797508716583252
andechs,xgboost,spring_2024,586,24,5.202341079711914,9.0,3.797658920288086
andechs,xgboost,spring_2024,587,24,5.312321662902832,7.0,1.687678337097168
andechs,xgboost,spring_2024,588,24,5.309925556182861,5.0,0.30992555618286133
andechs,xgboost,spring_2024,589,24,5.056715965270996,4.0,1.056715965270996
andechs,xgboost,spring_2024,590,24,5.115813732147217,5.0,0.1158137321472168
andechs,xgboost,spring_2024,591,24,4.904432773590088,5.0,0.09556722640991211
andechs,xgboost,spring_2024,592,24,5.0839033126831055,5.0,0.08390331268310547
andechs,xgboost,spring_2024,593,24,5.276322841644287,5.0,0.2763228416442871
andechs,xgboost,spring_2024,594,24,4.975560188293457,6.0,1.024439811706543
andechs,xgboost,spring_2024,595,24,4.839583873748779,5.0,0.1604161262512207
andechs,xgboost,spring_2024,596,24,4.909877300262451,5.0,0.09012269973754883
andechs,xgboost,spring_2024,597,24,4.855277061462402,4.0,0.8552770614624023
andechs,xgboost,spring_2024,598,24,4.811269760131836,4.0,0.8112697601318359
andechs,xgboost,spring_2024,599,24,4.58544397354126,3.0,1.5854439735412598
andechs,xgboost,spring_2024,600,25,4.363807201385498,2.0,2.363807201385498
andechs,xgboost,spring_2024,601,25,4.6984381675720215,2.0,2.6984381675720215
andechs,xgboost,spring_2024,602,25,4.950013160705566,2.0,2.9500131607055664
andechs,xgboost,spring_2024,603,25,4.7502641677856445,2.0,2.7502641677856445
andechs,xgboost,spring_2024,604,25,4.839045524597168,2.0,2.839045524597168
andechs,xgboost,spring_2024,605,25,4.811042785644531,2.0,2.8110427856445312
andechs,xgboost,spring_2024,606,25,4.766806125640869,2.0,2.766806125640869
andechs,xgboost,spring_2024,607,25,5.019909381866455,1.0,4.019909381866455
andechs,xgboost,spring_2024,608,25,5.075477600097656,2.0,3.0754776000976562
andechs,xgboost,spring_2024,609,25,5.138754844665527,2.0,3.1387548446655273
andechs,xgboost,spring_2024,610,25,4.883908271789551,2.5,2.383908271789551
andechs,xgboost,spring_2024,611,25,4.820606231689453,3.0,1.8206062316894531
andechs,xgboost,spring_2024,612,25,4.8840012550354,3.25,1.6340012550354004
andechs,xgboost,spring_2024,613,25,4.784079551696777,3.0,1.7840795516967773
andechs,xgboost,spring_2024,614,25,4.638362884521484,4.2,0.4383628845214842
andechs,xgboost,spring_2024,615,25,4.549811840057373,4.2,0.34981184005737287
andechs,xgboost,spring_2024,616,25,4.549627304077148,4.18,0.3696273040771487
andechs,xgboost,spring_2024,617,25,4.65701961517334,3.979999999999999,0.6770196151733407
andechs,xgboost,spring_2024,618,25,4.60977029800415,4.16,0.44977029800415025
andechs,xgboost,spring_2024,619,25,4.684296607971191,3.6,1.0842966079711913
andechs,xgboost,spring_2024,620,25,4.639987468719482,3.5,1.1399874687194824
andechs,xgboost,spring_2024,621,25,4.596266269683838,2.92,1.676266269683838
andechs,xgboost,spring_2024,622,25,4.615475177764893,2.48,2.1354751777648926
andechs,xgboost,spring_2024,623,25,4.684211730957031,2.06,2.624211730957031
andechs,xgboost,spring_2024,624,26,5.017587661743164,1.94,3.077587661743164
andechs,xgboost,spring_2024,625,26,5.1528239250183105,1.42,3.7328239250183106
andechs,xgboost,spring_2024,626,26,4.916811943054199,1.18,3.7368119430541995
andechs,xgboost,spring_2024,627,26,4.7649688720703125,3.0,1.7649688720703125
andechs,xgboost,spring_2024,628,26,4.976104736328125,3.0,1.976104736328125
andechs,xgboost,spring_2024,629,26,5.057534217834473,3.0,2.0575342178344727
andechs,xgboost,spring_2024,630,26,5.209571361541748,3.0,2.209571361541748
andechs,xgboost,spring_2024,631,26,5.054200172424316,3.0,2.0542001724243164
andechs,xgboost,spring_2024,632,26,4.7459917068481445,3.0,1.7459917068481445
andechs,xgboost,spring_2024,633,26,4.755226135253906,3.0,1.7552261352539062
andechs,xgboost,spring_2024,634,26,4.606936931610107,3.0,1.6069369316101074
andechs,xgboost,spring_2024,635,26,4.512856483459473,4.0,0.5128564834594727
andechs,xgboost,spring_2024,636,26,4.853692531585693,5.0,0.14630746841430664
andechs,xgboost,spring_2024,637,26,4.653870105743408,5.0,0.3461298942565918
andechs,xgboost,spring_2024,638,26,4.712522029876709,4.0,0.712522029876709
andechs,xgboost,spring_2024,639,26,4.916848659515381,3.0,1.9168486595153809
andechs,xgboost,spring_2024,640,26,4.801258087158203,3.0,1.8012580871582031
andechs,xgboost,spring_2024,641,26,4.7656474113464355,3.0,1.7656474113464355
andechs,xgboost,spring_2024,642,26,5.042099475860596,2.0,3.0420994758605957
andechs,xgboost,spring_2024,643,26,5.151237964630127,2.0,3.151237964630127
andechs,xgboost,spring_2024,644,26,5.242408752441406,3.0,2.2424087524414062
andechs,xgboost,spring_2024,645,26,4.980585098266602,3.0,1.9805850982666016
andechs,xgboost,spring_2024,646,26,4.85943078994751,3.0,1.8594307899475098
andechs,xgboost,spring_2024,647,26,5.236220359802246,2.0,3.236220359802246
andechs,xgboost,spring_2024,648,27,5.374491214752197,3.0,2.3744912147521973
andechs,xgboost,spring_2024,649,27,5.5030131340026855,3.0,2.5030131340026855
andechs,xgboost,spring_2024,650,27,4.992210865020752,3.0,1.992210865020752
andechs,xgboost,spring_2024,651,27,5.357333183288574,3.0,2.357333183288574
andechs,xgboost,spring_2024,652,27,5.413431644439697,3.0,2.4134316444396973
andechs,xgboost,spring_2024,653,27,5.432078838348389,3.0,2.4320788383483887
andechs,xgboost,spring_2024,654,27,5.59919548034668,3.0,2.5991954803466797
andechs,xgboost,spring_2024,655,27,5.303062915802002,4.0,1.303062915802002
andechs,xgboost,spring_2024,656,27,5.1048054695129395,4.0,1.1048054695129395
andechs,xgboost,spring_2024,657,27,5.0490803718566895,4.0,1.0490803718566895
andechs,xgboost,spring_2024,658,27,5.081607818603516,4.0,1.0816078186035156
andechs,xgboost,spring_2024,659,27,4.952689170837402,3.0,1.9526891708374023
andechs,xgboost,spring_2024,660,27,5.009816646575928,3.0,2.0098166465759277
andechs,xgboost,spring_2024,661,27,4.850292682647705,3.0,1.850292682647705
andechs,xgboost,spring_2024,662,27,4.550346851348877,4.0,0.550346851348877
andechs,xgboost,spring_2024,663,27,4.496304512023926,4.0,0.4963045120239258
andechs,xgboost,spring_2024,664,27,4.334066390991211,3.0,1.334066390991211
andechs,xgboost,spring_2024,665,27,4.513724327087402,3.0,1.5137243270874023
andechs,xgboost,spring_2024,666,27,4.879130840301514,4.0,0.8791308403015137
andechs,xgboost,spring_2024,667,27,5.30663537979126,4.0,1.3066353797912598
andechs,xgboost,spring_2024,668,27,5.320416450500488,3.0,2.3204164505004883
andechs,xgboost,spring_2024,669,27,5.158172130584717,3.0,2.158172130584717
andechs,xgboost,spring_2024,670,27,5.151393413543701,2.0,3.151393413543701
andechs,xgboost,spring_2024,671,27,5.124200344085693,2.0,3.1242003440856934
andechs,xgboost,spring_2024,672,28,5.182289123535156,2.0,3.1822891235351562
andechs,xgboost,spring_2024,673,28,5.325809955596924,3.0,2.325809955596924
andechs,xgboost,spring_2024,674,28,5.2151713371276855,4.0,1.2151713371276855
andechs,xgboost,spring_2024,675,28,5.258194446563721,5.0,0.2581944465637207
andechs,xgboost,spring_2024,676,28,5.117392063140869,6.0,0.8826079368591309
andechs,xgboost,spring_2024,677,28,5.225142955780029,6.0,0.7748570442199707
andechs,xgboost,spring_2024,678,28,5.265376091003418,6.0,0.734623908996582
andechs,xgboost,spring_2024,679,28,5.130560874938965,5.0,0.13056087493896484
andechs,xgboost,spring_2024,680,28,5.233965873718262,7.0,1.7660341262817383
andechs,xgboost,spring_2024,681,28,5.245748996734619,6.0,0.7542510032653809
andechs,xgboost,spring_2024,682,28,4.865331649780273,5.0,0.13466835021972656
andechs,xgboost,spring_2024,683,28,4.801117897033691,4.0,0.8011178970336914
andechs,xgboost,spring_2024,684,28,4.768543720245361,2.0,2.7685437202453613
andechs,xgboost,spring_2024,685,28,4.692010402679443,2.0,2.6920104026794434
andechs,xgboost,spring_2024,686,28,4.722055912017822,2.0,2.7220559120178223
andechs,xgboost,spring_2024,687,28,4.614561557769775,2.0,2.6145615577697754
andechs,xgboost,spring_2024,688,28,4.637425899505615,1.0,3.6374258995056152
andechs,xgboost,spring_2024,689,28,4.843980312347412,1.0,3.843980312347412
andechs,xgboost,spring_2024,690,28,4.778021335601807,1.0,3.7780213356018066
andechs,xgboost,spring_2024,691,28,4.77054500579834,1.0,3.77054500579834
andechs,xgboost,spring_2024,692,28,4.766018867492676,1.0,3.766018867492676
andechs,xgboost,spring_2024,693,28,4.737825393676758,1.0,3.737825393676758
andechs,xgboost,spring_2024,694,28,4.7278666496276855,1.0,3.7278666496276855
andechs,xgboost,spring_2024,695,28,4.8789167404174805,1.0,3.8789167404174805
andechs,xgboost,spring_2024,696,29,4.976441860198975,1.0,3.9764418601989746
andechs,xgboost,spring_2024,697,29,4.990962505340576,1.0,3.990962505340576
andechs,xgboost,spring_2024,698,29,4.848008155822754,1.0,3.848008155822754
andechs,xgboost,spring_2024,699,29,4.722633361816406,2.0,2.7226333618164062
andechs,xgboost,spring_2024,700,29,4.742580413818359,2.0,2.7425804138183594
andechs,xgboost,spring_2024,701,29,4.8963623046875,2.0,2.8963623046875
andechs,xgboost,spring_2024,702,29,4.877216339111328,2.0,2.877216339111328
andechs,xgboost,spring_2024,703,29,5.027655124664307,2.0,3.0276551246643066
andechs,xgboost,spring_2024,704,29,5.001807689666748,2.0,3.001807689666748
andechs,xgboost,spring_2024,705,29,4.821122169494629,2.0,2.821122169494629
andechs,xgboost,spring_2024,706,29,4.932587623596191,2.0,2.9325876235961914
andechs,xgboost,spring_2024,707,29,4.883026599884033,2.0,2.883026599884033
andechs,xgboost,spring_2024,708,29,5.310971736907959,2.0,3.310971736907959
andechs,xgboost,spring_2024,709,29,5.143474102020264,2.0,3.1434741020202637
andechs,xgboost,spring_2024,710,29,5.023509502410889,3.0,2.0235095024108887
andechs,xgboost,spring_2024,711,29,4.803091526031494,3.0,1.8030915260314941
andechs,xgboost,spring_2024,712,29,4.947901248931885,2.0,2.9479012489318848
andechs,xgboost,spring_2024,713,29,4.998933792114258,2.0,2.998933792114258
andechs,xgboost,spring_2024,714,29,4.906449317932129,3.0,1.906449317932129
andechs,xgboost,spring_2024,715,29,4.963809967041016,3.0,1.9638099670410156
andechs,xgboost,spring_2024,716,29,5.170882225036621,4.0,1.170882225036621
andechs,xgboost,spring_2024,717,29,5.026911735534668,3.0,2.026911735534668
andechs,xgboost,spring_2024,718,29,4.8925628662109375,3.0,1.8925628662109375
andechs,xgboost,spring_2024,719,29,5.3177361488342285,3.0,2.3177361488342285
andechs,xgboost,spring_2024,720,30,5.256575584411621,3.0,2.256575584411621
andechs,xgboost,spring_2024,721,30,5.441510200500488,3.0,2.4415102005004883
andechs,xgboost,spring_2024,722,30,5.091281890869141,3.0,2.0912818908691406
andechs,xgboost,spring_2024,723,30,5.0047407150268555,3.0,2.0047407150268555
andechs,xgboost,spring_2024,724,30,4.930527687072754,4.0,0.9305276870727539
andechs,xgboost,spring_2024,725,30,4.756432056427002,4.0,0.756432056427002
andechs,xgboost,spring_2024,726,30,4.841580867767334,4.0,0.841580867767334
andechs,xgboost,spring_2024,727,30,4.886599540710449,4.0,0.8865995407104492
andechs,xgboost,spring_2024,728,30,4.930474758148193,3.0,1.9304747581481934
andechs,xgboost,spring_2024,729,30,4.952223300933838,4.0,0.9522233009338379
andechs,xgboost,spring_2024,730,30,4.745028495788574,3.0,1.7450284957885742
andechs,xgboost,spring_2024,731,30,4.872181415557861,3.0,1.8721814155578613
andechs,xgboost,spring_2024,732,30,5.001805782318115,2.0,3.0018057823181152
andechs,xgboost,spring_2024,733,30,5.047689914703369,2.0,3.047689914703369
andechs,xgboost,spring_2024,734,30,5.126245021820068,2.0,3.1262450218200684
andechs,xgboost,spring_2024,735,30,4.905224800109863,2.0,2.9052248001098633
andechs,xgboost,spring_2024,736,30,4.869837760925293,2.0,2.869837760925293
andechs,xgboost,spring_2024,737,30,5.035824298858643,2.0,3.0358242988586426
andechs,xgboost,spring_2024,738,30,4.854740619659424,3.0,1.8547406196594238
andechs,xgboost,spring_2024,739,30,4.953935623168945,3.0,1.9539356231689453
andechs,xgboost,spring_2024,740,30,4.915532112121582,3.0,1.915532112121582
andechs,xgboost,spring_2024,741,30,5.01755952835083,3.0,2.01755952835083
andechs,xgboost,spring_2024,742,30,5.446857929229736,4.0,1.4468579292297363
andechs,xgboost,spring_2024,743,30,5.511501312255859,3.0,2.5115013122558594
andechs,xgboost,spring_2024,744,31,5.420647621154785,3.0,2.420647621154785
andechs,xgboost,spring_2024,745,31,5.765353679656982,4.0,1.7653536796569824
andechs,xgboost,spring_2024,746,31,5.975342273712158,3.0,2.975342273712158
andechs,xgboost,spring_2024,747,31,6.262596607208252,3.0,3.262596607208252
andechs,xgboost,spring_2024,748,31,6.6245503425598145,3.0,3.6245503425598145
andechs,xgboost,spring_2024,749,31,7.137833118438721,7.0,0.1378331184387207
andechs,xgboost,spring_2024,750,31,7.348028182983398,9.0,1.6519718170166016
andechs,xgboost,spring_2024,751,31,7.227718353271484,8.0,0.7722816467285156
andechs,xgboost,spring_2024,752,31,7.256246566772461,7.0,0.25624656677246094
andechs,xgboost,spring_2024,753,31,6.852096080780029,5.0,1.8520960807800293
andechs,xgboost,spring_2024,754,31,6.215826511383057,6.0,0.21582651138305664
andechs,xgboost,spring_2024,755,31,5.830240249633789,6.0,0.16975975036621094
andechs,xgboost,spring_2024,756,31,5.808669567108154,13.0,7.191330432891846
andechs,xgboost,spring_2024,757,31,5.907220363616943,9.0,3.0927796363830566
andechs,xgboost,spring_2024,758,31,5.6117634773254395,8.0,2.3882365226745605
andechs,xgboost,spring_2024,759,31,5.135178565979004,7.0,1.864821434020996
andechs,xgboost,spring_2024,760,31,5.034918308258057,6.0,0.9650816917419434
andechs,xgboost,spring_2024,761,31,4.937723159790039,5.0,0.06227684020996094
andechs,xgboost,spring_2024,762,31,4.765676975250244,5.0,0.23432302474975586
andechs,xgboost,spring_2024,763,31,4.74051570892334,5.0,0.25948429107666016
andechs,xgboost,spring_2024,764,31,4.685964107513428,5.0,0.31403589248657227
andechs,xgboost,spring_2024,765,31,4.798819065093994,5.0,0.20118093490600586
andechs,xgboost,spring_2024,766,31,4.944750785827637,5.0,0.05524921417236328
andechs,xgboost,spring_2024,767,31,5.0486578941345215,5.0,0.048657894134521484
andechs,xgboost,spring_2024,768,32,5.0602593421936035,6.0,0.9397406578063965
andechs,xgboost,spring_2024,769,32,5.383805751800537,7.0,1.616194248199463
andechs,xgboost,spring_2024,770,32,5.230294227600098,8.0,2.7697057723999023
andechs,xgboost,spring_2024,771,32,5.2139105796813965,9.0,3.7860894203186035
andechs,xgboost,spring_2024,772,32,5.300450325012207,10.0,4.699549674987793
andechs,xgboost,spring_2024,773,32,5.446807861328125,10.0,4.553192138671875
andechs,xgboost,spring_2024,774,32,5.412623405456543,11.0,5.587376594543457
andechs,xgboost,spring_2024,775,32,5.204552173614502,10.0,4.795447826385498
andechs,xgboost,spring_2024,776,32,5.247802734375,7.0,1.752197265625
andechs,xgboost,spring_2024,777,32,5.27230167388916,8.0,2.72769832611084
andechs,xgboost,spring_2024,778,32,5.087751388549805,8.0,2.9122486114501953
andechs,xgboost,spring_2024,779,32,5.140097618103027,8.0,2.8599023818969727
andechs,xgboost,spring_2024,780,32,5.253553867340088,8.0,2.746446132659912
andechs,xgboost,spring_2024,781,32,5.1817545890808105,9.0,3.8182454109191895
andechs,xgboost,spring_2024,782,32,5.466213226318359,10.0,4.533786773681641
andechs,xgboost,spring_2024,783,32,5.49299430847168,10.0,4.50700569152832
andechs,xgboost,spring_2024,784,32,5.337446689605713,10.0,4.662553310394287
andechs,xgboost,spring_2024,785,32,5.549318313598633,11.0,5.450681686401367
andechs,xgboost,spring_2024,786,32,5.524453163146973,11.0,5.475546836853027
andechs,xgboost,spring_2024,787,32,5.592216491699219,12.0,6.407783508300781
andechs,xgboost,spring_2024,788,32,5.399194717407227,11.0,5.600805282592773
andechs,xgboost,spring_2024,789,32,5.612324237823486,11.0,5.387675762176514
andechs,xgboost,spring_2024,790,32,5.513405799865723,11.0,5.486594200134277
andechs,xgboost,spring_2024,791,32,5.740689277648926,12.0,6.259310722351074
andechs,xgboost,spring_2024,792,33,6.361789226531982,12.0,5.638210773468018
andechs,xgboost,spring_2024,793,33,6.7876996994018555,11.0,4.2123003005981445
andechs,xgboost,spring_2024,794,33,6.943890571594238,11.0,4.056109428405762
andechs,xgboost,spring_2024,795,33,6.696767330169678,11.0,4.303232669830322
andechs,xgboost,spring_2024,796,33,6.753180980682373,10.0,3.246819019317627
andechs,xgboost,spring_2024,797,33,6.60496187210083,10.0,3.39503812789917
andechs,xgboost,spring_2024,798,33,6.457790851593018,10.0,3.5422091484069824
andechs,xgboost,spring_2024,799,33,6.186450004577637,9.0,2.8135499954223633
andechs,xgboost,spring_2024,800,33,6.341784954071045,9.0,2.658215045928955
andechs,xgboost,spring_2024,801,33,6.052213191986084,7.0,0.947786808013916
andechs,xgboost,spring_2024,802,33,5.886011123657227,6.0,0.11398887634277344
andechs,xgboost,spring_2024,803,33,5.725982666015625,4.0,1.725982666015625
andechs,xgboost,spring_2024,804,33,5.773306846618652,4.0,1.7733068466186523
andechs,xgboost,spring_2024,805,33,5.339489936828613,4.0,1.3394899368286133
andechs,xgboost,spring_2024,806,33,4.770203590393066,4.0,0.7702035903930664
andechs,xgboost,spring_2024,807,33,4.6230597496032715,5.0,0.3769402503967285
andechs,xgboost,spring_2024,808,33,4.621563911437988,5.0,0.3784360885620117
andechs,xgboost,spring_2024,809,33,4.533303260803223,4.0,0.5333032608032227
andechs,xgboost,spring_2024,810,33,4.46377420425415,2.0,2.4637742042541504
andechs,xgboost,spring_2024,811,33,4.345991611480713,3.0,1.345991611480713
andechs,xgboost,spring_2024,812,33,4.2323174476623535,3.0,1.2323174476623535
andechs,xgboost,spring_2024,813,33,4.00718355178833,3.0,1.00718355178833
andechs,xgboost,spring_2024,814,33,3.9190049171447754,2.0,1.9190049171447754
andechs,xgboost,spring_2024,815,33,4.064532279968262,1.0,3.0645322799682617
andechs,xgboost,spring_2024,816,34,4.426862716674805,2.0,2.4268627166748047
andechs,xgboost,spring_2024,817,34,4.577632904052734,3.0,1.5776329040527344
andechs,xgboost,spring_2024,818,34,4.58458137512207,4.0,0.5845813751220703
andechs,xgboost,spring_2024,819,34,4.637065887451172,4.0,0.6370658874511719
andechs,xgboost,spring_2024,820,34,4.662254333496094,4.0,0.6622543334960938
andechs,xgboost,spring_2024,821,34,4.727325439453125,3.0,1.727325439453125
andechs,xgboost,spring_2024,822,34,4.71483850479126,3.0,1.7148385047912598
andechs,xgboost,spring_2024,823,34,4.591183662414551,3.0,1.5911836624145508
andechs,xgboost,spring_2024,824,34,4.619701385498047,3.0,1.6197013854980469
andechs,xgboost,spring_2024,825,34,4.651980400085449,3.0,1.6519804000854492
andechs,xgboost,spring_2024,826,34,4.600590705871582,3.0,1.600590705871582
andechs,xgboost,spring_2024,827,34,4.695842266082764,3.0,1.6958422660827637
andechs,xgboost,spring_2024,828,34,5.082706451416016,2.0,3.0827064514160156
andechs,xgboost,spring_2024,829,34,5.006519317626953,3.0,2.006519317626953
andechs,xgboost,spring_2024,830,34,4.7136311531066895,2.0,2.7136311531066895
andechs,xgboost,spring_2024,831,34,4.44849967956543,2.0,2.4484996795654297
andechs,xgboost,spring_2024,832,34,4.495479106903076,2.0,2.495479106903076
andechs,xgboost,spring_2024,833,34,4.692774772644043,2.0,2.692774772644043
andechs,xgboost,spring_2024,834,34,4.856389999389648,3.0,1.8563899993896484
andechs,xgboost,spring_2024,835,34,4.6660895347595215,3.0,1.6660895347595215
andechs,xgboost,spring_2024,836,34,4.6835551261901855,3.0,1.6835551261901855
andechs,xgboost,spring_2024,837,34,4.785486698150635,3.0,1.7854866981506348
andechs,xgboost,spring_2024,838,34,4.706783771514893,3.0,1.7067837715148926
andechs,xgboost,spring_2024,839,34,4.790324687957764,3.0,1.7903246879577637
andechs,xgboost,spring_2024,840,35,4.998579978942871,4.0,0.9985799789428711
andechs,xgboost,spring_2024,841,35,5.230215549468994,4.0,1.2302155494689941
andechs,xgboost,spring_2024,842,35,4.928640365600586,4.0,0.9286403656005859
andechs,xgboost,spring_2024,843,35,5.050904750823975,4.0,1.0509047508239746
andechs,xgboost,spring_2024,844,35,5.0134782791137695,3.0,2.0134782791137695
andechs,xgboost,spring_2024,845,35,4.953066825866699,2.0,2.953066825866699
andechs,xgboost,spring_2024,846,35,4.8544440269470215,2.0,2.8544440269470215
andechs,xgboost,spring_2024,847,35,4.6275177001953125,2.0,2.6275177001953125
andechs,xgboost,spring_2024,848,35,4.7255120277404785,2.0,2.7255120277404785
andechs,xgboost,spring_2024,849,35,4.873925685882568,2.0,2.8739256858825684
andechs,xgboost,spring_2024,850,35,5.068467140197754,2.0,3.068467140197754
andechs,xgboost,spring_2024,851,35,4.797347068786621,2.0,2.797347068786621
andechs,xgboost,spring_2024,852,35,4.715628623962402,2.0,2.7156286239624023
andechs,xgboost,spring_2024,853,35,4.646950721740723,2.0,2.6469507217407227
andechs,xgboost,spring_2024,854,35,4.626763820648193,2.0,2.6267638206481934
andechs,xgboost,spring_2024,855,35,4.521463871002197,2.0,2.5214638710021973
andechs,xgboost,spring_2024,856,35,4.505299091339111,2.0,2.5052990913391113
andechs,xgboost,spring_2024,857,35,4.655255317687988,2.0,2.6552553176879883
andechs,xgboost,spring_2024,858,35,4.509089946746826,3.0,1.5090899467468262
andechs,xgboost,spring_2024,859,35,4.614627838134766,3.0,1.6146278381347656
andechs,xgboost,spring_2024,860,35,4.7191691398620605,3.0,1.7191691398620605
andechs,xgboost,spring_2024,861,35,4.8931989669799805,4.0,0.8931989669799805
andechs,xgboost,spring_2024,862,35,5.413805961608887,4.0,1.4138059616088867
andechs,xgboost,spring_2024,863,35,5.495135307312012,5.0,0.4951353073120117
andechs,xgboost,spring_2024,864,36,5.439625263214111,8.0,2.5603747367858887
andechs,xgboost,spring_2024,865,36,5.389215469360352,9.0,3.6107845306396484
andechs,xgboost,spring_2024,866,36,5.144191265106201,9.0,3.855808734893799
andechs,xgboost,spring_2024,867,36,5.140514373779297,7.0,1.8594856262207031
andechs,xgboost,spring_2024,868,36,5.148624897003174,6.0,0.8513751029968262
andechs,xgboost,spring_2024,869,36,5.0049004554748535,5.0,0.004900455474853516
andechs,xgboost,spring_2024,870,36,4.750649452209473,4.0,0.7506494522094727
andechs,xgboost,spring_2024,871,36,4.7731523513793945,2.0,2.7731523513793945
andechs,xgboost,spring_2024,872,36,4.7237958908081055,2.0,2.7237958908081055
andechs,xgboost,spring_2024,873,36,4.844894886016846,3.0,1.8448948860168457
andechs,xgboost,spring_2024,874,36,4.958407878875732,3.0,1.9584078788757324
andechs,xgboost,spring_2024,875,36,5.1009626388549805,2.0,3.1009626388549805
andechs,xgboost,spring_2024,876,36,5.117245197296143,2.0,3.1172451972961426
andechs,xgboost,spring_2024,877,36,4.770272731781006,2.0,2.770272731781006
andechs,xgboost,spring_2024,878,36,4.620637893676758,2.0,2.620637893676758
andechs,xgboost,spring_2024,879,36,4.672580718994141,2.0,2.6725807189941406
andechs,xgboost,spring_2024,880,36,4.66105318069458,2.0,2.66105318069458
andechs,xgboost,spring_2024,881,36,4.499404430389404,2.0,2.4994044303894043
andechs,xgboost,spring_2024,882,36,4.2843828201293945,3.0,1.2843828201293945
andechs,xgboost,spring_2024,883,36,4.303015232086182,3.0,1.3030152320861816
andechs,xgboost,spring_2024,884,36,4.028648853302002,3.0,1.028648853302002
andechs,xgboost,spring_2024,885,36,3.7815232276916504,3.0,0.7815232276916504
andechs,xgboost,spring_2024,886,36,3.585691213607788,3.0,0.5856912136077881
andechs,xgboost,spring_2024,887,36,2.95951509475708,3.0,0.04048490524291992
andechs,xgboost,spring_2024,888,37,2.608243703842163,3.0,0.3917562961578369
andechs,xgboost,spring_2024,889,37,2.7168307304382324,4.0,1.2831692695617676
andechs,xgboost,spring_2024,890,37,2.510357141494751,3.0,0.489642858505249
andechs,xgboost,spring_2024,891,37,2.478193759918213,3.0,0.5218062400817871
andechs,xgboost,spring_2024,892,37,2.5425755977630615,3.0,0.4574244022369385
andechs,xgboost,spring_2024,893,37,2.565225839614868,3.0,0.43477416038513184
andechs,xgboost,spring_2024,894,37,2.5043282508850098,3.0,0.49567174911499023
andechs,xgboost,spring_2024,895,37,2.87042236328125,2.0,0.87042236328125
andechs,xgboost,spring_2024,896,37,3.148677110671997,2.0,1.148677110671997
andechs,xgboost,spring_2024,897,37,3.4466872215270996,2.0,1.4466872215270996
andechs,xgboost,spring_2024,898,37,3.385873794555664,3.0,0.38587379455566406
andechs,xgboost,spring_2024,899,37,3.613950729370117,3.0,0.6139507293701172
andechs,xgboost,spring_2024,900,37,3.715956687927246,3.0,0.7159566879272461
andechs,xgboost,spring_2024,901,37,3.7536733150482178,3.0,0.7536733150482178
andechs,xgboost,spring_2024,902,37,3.9661600589752197,3.0,0.9661600589752197
andechs,xgboost,spring_2024,903,37,4.019339561462402,3.0,1.0193395614624023
andechs,xgboost,spring_2024,904,37,4.148822784423828,3.0,1.1488227844238281
andechs,xgboost,spring_2024,905,37,4.5409464836120605,4.0,0.5409464836120605
andechs,xgboost,spring_2024,906,37,5.048931121826172,5.0,0.048931121826171875
andechs,xgboost,spring_2024,907,37,5.348158836364746,5.0,0.3481588363647461
andechs,xgboost,spring_2024,908,37,5.102474212646484,5.0,0.10247421264648438
andechs,xgboost,spring_2024,909,37,5.077348232269287,5.0,0.07734823226928711
andechs,xgboost,spring_2024,910,37,5.038867473602295,4.0,1.038867473602295
andechs,xgboost,spring_2024,911,37,5.071133613586426,4.0,1.0711336135864258
andechs,xgboost,spring_2024,912,38,5.134037017822266,6.0,0.8659629821777344
andechs,xgboost,spring_2024,913,38,5.0189690589904785,8.0,2.9810309410095215
andechs,xgboost,spring_2024,914,38,4.795119762420654,7.0,2.2048802375793457
andechs,xgboost,spring_2024,915,38,4.733689785003662,7.0,2.266310214996338
andechs,xgboost,spring_2024,916,38,4.966366767883301,6.0,1.0336332321166992
andechs,xgboost,spring_2024,917,38,5.054037094116211,6.0,0.9459629058837891
andechs,xgboost,spring_2024,918,38,5.064066410064697,5.0,0.06406641006469727
andechs,xgboost,spring_2024,919,38,5.088520526885986,4.0,1.0885205268859863
andechs,xgboost,spring_2024,920,38,4.817114353179932,3.0,1.8171143531799316
andechs,xgboost,spring_2024,921,38,4.556282997131348,4.0,0.5562829971313477
andechs,xgboost,spring_2024,922,38,4.636122226715088,4.0,0.6361222267150879
andechs,xgboost,spring_2024,923,38,4.656460762023926,4.0,0.6564607620239258
andechs,xgboost,spring_2024,924,38,4.774499416351318,4.0,0.7744994163513184
andechs,xgboost,spring_2024,925,38,4.873301982879639,4.0,0.8733019828796387
andechs,xgboost,spring_2024,926,38,4.715803623199463,5.0,0.2841963768005371
andechs,xgboost,spring_2024,927,38,4.756448745727539,5.0,0.24355125427246094
andechs,xgboost,spring_2024,928,38,4.813483238220215,5.0,0.18651676177978516
andechs,xgboost,spring_2024,929,38,4.991741180419922,6.0,1.0082588195800781
andechs,xgboost,spring_2024,930,38,5.1842756271362305,7.0,1.8157243728637695
andechs,xgboost,spring_2024,931,38,5.129916667938232,7.0,1.8700833320617676
andechs,xgboost,spring_2024,932,38,5.375427722930908,7.0,1.6245722770690918
andechs,xgboost,spring_2024,933,38,5.432283878326416,8.0,2.567716121673584
andechs,xgboost,spring_2024,934,38,5.130441188812256,7.0,1.8695588111877441
andechs,xgboost,spring_2024,935,38,5.270460605621338,7.0,1.729539394378662
andechs,xgboost,spring_2024,936,39,5.415729522705078,7.0,1.5842704772949219
andechs,xgboost,spring_2024,937,39,5.531991004943848,7.0,1.4680089950561523
andechs,xgboost,spring_2024,938,39,5.124154567718506,7.0,1.8758454322814941
andechs,xgboost,spring_2024,939,39,4.927078723907471,7.0,2.0729212760925293
andechs,xgboost,spring_2024,940,39,4.809690475463867,7.0,2.190309524536133
andechs,xgboost,spring_2024,941,39,5.118189811706543,7.0,1.881810188293457
andechs,xgboost,spring_2024,942,39,5.201722621917725,7.0,1.7982773780822754
andechs,xgboost,spring_2024,943,39,5.073719024658203,6.0,0.9262809753417969
andechs,xgboost,spring_2024,944,39,5.127207279205322,6.0,0.8727927207946777
andechs,xgboost,spring_2024,945,39,4.935914516448975,7.0,2.0640854835510254
andechs,xgboost,spring_2024,946,39,4.67033576965332,8.0,3.3296642303466797
andechs,xgboost,spring_2024,947,39,4.938940525054932,10.0,5.061059474945068
andechs,xgboost,spring_2024,948,39,5.050055503845215,10.0,4.949944496154785
andechs,xgboost,spring_2024,949,39,4.956859111785889,10.0,5.043140888214111
andechs,xgboost,spring_2024,950,39,4.874402046203613,10.0,5.125597953796387
andechs,xgboost,spring_2024,951,39,4.914975643157959,11.0,6.085024356842041
andechs,xgboost,spring_2024,952,39,4.994105815887451,11.0,6.005894184112549
andechs,xgboost,spring_2024,953,39,4.956853866577148,12.0,7.043146133422852
andechs,xgboost,spring_2024,954,39,5.200168132781982,14.0,8.799831867218018
andechs,xgboost,spring_2024,955,39,5.285412788391113,13.0,7.714587211608887
andechs,xgboost,spring_2024,956,39,5.161874771118164,12.0,6.838125228881836
andechs,xgboost,spring_2024,957,39,5.124643802642822,12.0,6.875356197357178
andechs,xgboost,spring_2024,958,39,5.099970817565918,12.0,6.900029182434082
andechs,xgboost,spring_2024,959,39,4.9095377922058105,11.0,6.0904622077941895
andechs,xgboost,spring_2024,960,40,5.51841926574707,10.0,4.48158073425293
andechs,xgboost,spring_2024,961,40,6.00971794128418,9.0,2.9902820587158203
andechs,xgboost,spring_2024,962,40,7.0148115158081055,8.0,0.9851884841918945
andechs,xgboost,spring_2024,963,40,7.768528461456299,8.0,0.23147153854370117
andechs,xgboost,spring_2024,964,40,7.938762187957764,8.0,0.06123781204223633
andechs,xgboost,spring_2024,965,40,8.27255630493164,8.0,0.2725563049316406
andechs,xgboost,spring_2024,966,40,7.924762725830078,8.0,0.07523727416992188
andechs,xgboost,spring_2024,967,40,7.943402290344238,7.0,0.9434022903442383
andechs,xgboost,spring_2024,968,40,7.833305358886719,7.0,0.8333053588867188
andechs,xgboost,spring_2024,969,40,7.2786126136779785,8.0,0.7213873863220215
andechs,xgboost,spring_2024,970,40,6.640845775604248,8.0,1.359154224395752
andechs,xgboost,spring_2024,971,40,6.451831817626953,9.0,2.548168182373047
andechs,xgboost,spring_2024,972,40,6.283090114593506,10.0,3.716909885406494
andechs,xgboost,spring_2024,973,40,6.692907810211182,10.0,3.3070921897888184
andechs,xgboost,spring_2024,974,40,6.884533405303955,10.0,3.115466594696045
andechs,xgboost,spring_2024,975,40,6.461347579956055,9.0,2.5386524200439453
andechs,xgboost,spring_2024,976,40,6.387763023376465,8.0,1.6122369766235352
andechs,xgboost,spring_2024,977,40,6.835301399230957,7.0,0.16469860076904297
andechs,xgboost,spring_2024,978,40,6.982340335845947,6.0,0.9823403358459473
andechs,xgboost,spring_2024,979,40,6.772282123565674,6.0,0.7722821235656738
andechs,xgboost,spring_2024,980,40,6.33059549331665,6.0,0.3305954933166504
andechs,xgboost,spring_2024,981,40,5.823791980743408,6.0,0.1762080192565918
andechs,xgboost,spring_2024,982,40,5.538391590118408,5.0,0.5383915901184082
andechs,xgboost,spring_2024,983,40,5.015500068664551,5.0,0.015500068664550781
andechs,xgboost,spring_2024,984,41,5.248134136199951,3.0,2.248134136199951
andechs,xgboost,spring_2024,985,41,5.184088230133057,3.0,2.1840882301330566
andechs,xgboost,spring_2024,986,41,5.225436210632324,3.0,2.225436210632324
andechs,xgboost,spring_2024,987,41,5.153259754180908,3.0,2.153259754180908
andechs,xgboost,spring_2024,988,41,5.023867130279541,3.0,2.023867130279541
andechs,xgboost,spring_2024,989,41,5.18287992477417,3.0,2.18287992477417
andechs,xgboost,spring_2024,990,41,5.440904140472412,3.0,2.440904140472412
andechs,xgboost,spring_2024,991,41,5.015531539916992,3.0,2.015531539916992
andechs,xgboost,spring_2024,992,41,5.189350128173828,2.5,2.689350128173828
andechs,xgboost,spring_2024,993,41,5.316025257110596,2.0,3.3160252571105957
andechs,xgboost,spring_2024,994,41,5.129817485809326,2.0,3.129817485809326
andechs,xgboost,spring_2024,995,41,5.035317420959473,2.0,3.0353174209594727
andechs,xgboost,spring_2024,996,41,5.008428573608398,2.0,3.0084285736083984
andechs,xgboost,spring_2024,997,41,5.296801567077637,3.0,2.2968015670776367
andechs,xgboost,spring_2024,998,41,5.1496663093566895,2.0,3.1496663093566895
andechs,xgboost,spring_2024,999,41,5.0845160484313965,3.0,2.0845160484313965
andechs,xgboost,spring_2024,1000,41,5.226990699768066,2.0,3.2269906997680664
andechs,xgboost,spring_2024,1001,41,5.0406389236450195,2.0,3.0406389236450195
andechs,xgboost,spring_2024,1002,41,4.7924580574035645,2.0,2.7924580574035645
andechs,xgboost,spring_2024,1003,41,4.771606922149658,2.0,2.771606922149658
andechs,xgboost,spring_2024,1004,41,4.9578704833984375,3.0,1.9578704833984375
andechs,xgboost,spring_2024,1005,41,4.933711528778076,3.0,1.9337115287780762
andechs,xgboost,spring_2024,1006,41,4.959588050842285,2.0,2.959588050842285
andechs,xgboost,spring_2024,1007,41,4.9365434646606445,2.0,2.9365434646606445
andechs,xgboost,spring_2024,1008,42,5.226246356964111,2.0,3.2262463569641113
andechs,xgboost,spring_2024,1009,42,5.401261806488037,2.0,3.401261806488037
andechs,xgboost,spring_2024,1010,42,5.019064903259277,2.0,3.0190649032592773
andechs,xgboost,spring_2024,1011,42,5.02064847946167,2.0,3.02064847946167
andechs,xgboost,spring_2024,1012,42,4.986562728881836,2.0,2.986562728881836
andechs,xgboost,spring_2024,1013,42,5.038966655731201,2.0,3.038966655731201
andechs,xgboost,spring_2024,1014,42,5.182743072509766,2.0,3.1827430725097656
andechs,xgboost,spring_2024,1015,42,5.013856887817383,2.0,3.013856887817383
andechs,xgboost,spring_2024,1016,42,5.1035871505737305,2.0,3.1035871505737305
andechs,xgboost,spring_2024,1017,42,5.057338714599609,2.0,3.0573387145996094
andechs,xgboost,spring_2024,1018,42,5.0976948738098145,2.0,3.0976948738098145
andechs,xgboost,spring_2024,1019,42,5.1113739013671875,2.0,3.1113739013671875
andechs,xgboost,spring_2024,1020,42,5.317185401916504,2.0,3.317185401916504
andechs,xgboost,spring_2024,1021,42,4.9952263832092285,2.0,2.9952263832092285
andechs,xgboost,spring_2024,1022,42,4.7022809982299805,2.0,2.7022809982299805
andechs,xgboost,spring_2024,1023,42,4.786914825439453,2.0,2.786914825439453
andechs,xgboost,spring_2024,1024,42,4.874229431152344,2.0,2.8742294311523438
andechs,xgboost,spring_2024,1025,42,5.033479690551758,2.0,3.033479690551758
andechs,xgboost,spring_2024,1026,42,5.1361002922058105,2.0,3.1361002922058105
andechs,xgboost,spring_2024,1027,42,5.293069839477539,3.0,2.293069839477539
andechs,xgboost,spring_2024,1028,42,5.263052940368652,3.0,2.2630529403686523
andechs,xgboost,spring_2024,1029,42,5.4848504066467285,3.0,2.4848504066467285
andechs,xgboost,spring_2024,1030,42,5.267141342163086,3.0,2.267141342163086
andechs,xgboost,spring_2024,1031,42,5.165548801422119,2.0,3.165548801422119
andechs,xgboost,spring_2024,1032,43,5.207774639129639,3.0,2.2077746391296387
andechs,xgboost,spring_2024,1033,43,5.450122356414795,3.0,2.450122356414795
andechs,xgboost,spring_2024,1034,43,5.146656036376953,4.0,1.1466560363769531
andechs,xgboost,spring_2024,1035,43,4.967330455780029,3.0,1.9673304557800293
andechs,xgboost,spring_2024,1036,43,4.923043251037598,3.0,1.9230432510375977
andechs,xgboost,spring_2024,1037,43,4.683709144592285,3.0,1.6837091445922852
andechs,xgboost,spring_2024,1038,43,5.302981376647949,2.0,3.302981376647949
andechs,xgboost,spring_2024,1039,43,4.9961419105529785,3.0,1.9961419105529785
andechs,xgboost,spring_2024,1040,43,5.1022491455078125,3.0,2.1022491455078125
andechs,xgboost,spring_2024,1041,43,5.254140377044678,2.0,3.2541403770446777
andechs,xgboost,spring_2024,1042,43,4.828151702880859,3.0,1.8281517028808594
andechs,xgboost,spring_2024,1043,43,4.969069480895996,2.0,2.969069480895996
andechs,xgboost,spring_2024,1044,43,5.003227233886719,2.0,3.0032272338867188
andechs,xgboost,spring_2024,1045,43,5.071516036987305,3.0,2.0715160369873047
andechs,xgboost,spring_2024,1046,43,4.959759712219238,2.0,2.9597597122192383
andechs,xgboost,spring_2024,1047,43,4.759979248046875,2.0,2.759979248046875
andechs,xgboost,spring_2024,1048,43,4.814150810241699,2.0,2.814150810241699
andechs,xgboost,spring_2024,1049,43,4.937349319458008,2.0,2.937349319458008
andechs,xgboost,spring_2024,1050,43,5.0491838455200195,3.0,2.0491838455200195
andechs,xgboost,spring_2024,1051,43,5.173564434051514,4.0,1.1735644340515137
andechs,xgboost,spring_2024,1052,43,5.273066520690918,5.0,0.27306652069091797
andechs,xgboost,spring_2024,1053,43,5.586103439331055,5.0,0.5861034393310547
andechs,xgboost,spring_2024,1054,43,5.678778648376465,5.0,0.6787786483764648
andechs,xgboost,spring_2024,1055,43,5.816525936126709,6.0,0.18347406387329102
andechs,xgboost,summer_2024,0,0,3.2007575035095215,1.0,2.2007575035095215
andechs,xgboost,summer_2024,1,0,3.1241555213928223,2.0,1.1241555213928223
andechs,xgboost,summer_2024,2,0,2.5490880012512207,1.0,1.5490880012512207
andechs,xgboost,summer_2024,3,0,1.9211490154266357,1.0,0.9211490154266357
andechs,xgboost,summer_2024,4,0,1.3767813444137573,1.0,0.3767813444137573
andechs,xgboost,summer_2024,5,0,1.3898987770080566,1.0,0.38989877700805664
andechs,xgboost,summer_2024,6,0,1.3761706352233887,1.0,0.37617063522338867
andechs,xgboost,summer_2024,7,0,1.5125166177749634,1.0,0.5125166177749634
andechs,xgboost,summer_2024,8,0,1.7545020580291748,1.0,0.7545020580291748
andechs,xgboost,summer_2024,9,0,1.7013059854507446,1.0,0.7013059854507446
andechs,xgboost,summer_2024,10,0,1.9360570907592773,1.0,0.9360570907592773
andechs,xgboost,summer_2024,11,0,2.098550796508789,2.0,0.09855079650878906
andechs,xgboost,summer_2024,12,0,2.5848355293273926,1.0,1.5848355293273926
andechs,xgboost,summer_2024,13,0,2.705470085144043,1.0,1.705470085144043
andechs,xgboost,summer_2024,14,0,2.7359778881073,1.0,1.7359778881072998
andechs,xgboost,summer_2024,15,0,2.569755792617798,1.0,1.5697557926177979
andechs,xgboost,summer_2024,16,0,2.6019387245178223,1.0,1.6019387245178223
andechs,xgboost,summer_2024,17,0,2.8606903553009033,1.0,1.8606903553009033
andechs,xgboost,summer_2024,18,0,2.855268955230713,2.0,0.8552689552307129
andechs,xgboost,summer_2024,19,0,2.543246269226074,2.0,0.5432462692260742
andechs,xgboost,summer_2024,20,0,2.534816265106201,2.0,0.5348162651062012
andechs,xgboost,summer_2024,21,0,2.440669298171997,2.0,0.44066929817199707
andechs,xgboost,summer_2024,22,0,2.2257392406463623,2.0,0.2257392406463623
andechs,xgboost,summer_2024,23,0,2.5185251235961914,2.0,0.5185251235961914
andechs,xgboost,summer_2024,24,1,2.6412553787231445,2.0,0.6412553787231445
andechs,xgboost,summer_2024,25,1,2.6612870693206787,2.0,0.6612870693206787
andechs,xgboost,summer_2024,26,1,2.531862258911133,2.0,0.5318622589111328
andechs,xgboost,summer_2024,27,1,2.6830973625183105,2.0,0.6830973625183105
andechs,xgboost,summer_2024,28,1,2.8578851222991943,2.0,0.8578851222991943
andechs,xgboost,summer_2024,29,1,2.9512641429901123,2.0,0.9512641429901123
andechs,xgboost,summer_2024,30,1,3.206829309463501,2.0,1.206829309463501
andechs,xgboost,summer_2024,31,1,3.727597713470459,2.0,1.727597713470459
andechs,xgboost,summer_2024,32,1,3.833979368209839,2.0,1.8339793682098389
andechs,xgboost,summer_2024,33,1,4.531700611114502,2.0,2.531700611114502
andechs,xgboost,summer_2024,34,1,5.133151054382324,2.0,3.133151054382324
andechs,xgboost,summer_2024,35,1,4.637522220611572,1.0,3.6375222206115723
andechs,xgboost,summer_2024,36,1,4.459080219268799,1.0,3.459080219268799
andechs,xgboost,summer_2024,37,1,4.665299892425537,1.0,3.665299892425537
andechs,xgboost,summer_2024,38,1,4.3736162185668945,1.0,3.3736162185668945
andechs,xgboost,summer_2024,39,1,4.289217472076416,1.0,3.289217472076416
andechs,xgboost,summer_2024,40,1,4.25756311416626,1.0,3.2575631141662598
andechs,xgboost,summer_2024,41,1,4.267589092254639,2.0,2.2675890922546387
andechs,xgboost,summer_2024,42,1,4.082459926605225,2.0,2.0824599266052246
andechs,xgboost,summer_2024,43,1,4.05071496963501,1.0,3.0507149696350098
andechs,xgboost,summer_2024,44,1,4.419185161590576,2.0,2.419185161590576
andechs,xgboost,summer_2024,45,1,4.5208420753479,2.0,2.5208420753479004
andechs,xgboost,summer_2024,46,1,4.329068183898926,2.0,2.329068183898926
andechs,xgboost,summer_2024,47,1,3.747856855392456,2.0,1.747856855392456
andechs,xgboost,summer_2024,48,2,3.664429187774658,2.0,1.6644291877746582
andechs,xgboost,summer_2024,49,2,2.998478412628174,2.0,0.9984784126281738
andechs,xgboost,summer_2024,50,2,1.9251861572265625,1.0,0.9251861572265625
andechs,xgboost,summer_2024,51,2,1.3117618560791016,1.0,0.31176185607910156
andechs,xgboost,summer_2024,52,2,1.192921757698059,1.0,0.19292175769805908
andechs,xgboost,summer_2024,53,2,1.4454662799835205,1.0,0.4454662799835205
andechs,xgboost,summer_2024,54,2,1.2709286212921143,1.0,0.27092862129211426
andechs,xgboost,summer_2024,55,2,1.2471920251846313,1.0,0.24719202518463135
andechs,xgboost,summer_2024,56,2,1.236917495727539,0.9,0.33691749572753904
andechs,xgboost,summer_2024,57,2,1.232219934463501,0.8,0.43221993446350093
andechs,xgboost,summer_2024,58,2,1.2296806573867798,0.6,0.6296806573867798
andechs,xgboost,summer_2024,59,2,1.2058980464935303,0.7,0.5058980464935303
andechs,xgboost,summer_2024,60,2,1.2721294164657593,0.6,0.6721294164657593
andechs,xgboost,summer_2024,61,2,1.366561770439148,0.7,0.666561770439148
andechs,xgboost,summer_2024,62,2,1.2162457704544067,0.6,0.6162457704544068
andechs,xgboost,summer_2024,63,2,1.4459446668624878,0.8,0.6459446668624877
andechs,xgboost,summer_2024,64,2,1.5886969566345215,1.0,0.5886969566345215
andechs,xgboost,summer_2024,65,2,1.1081523895263672,1.0,0.10815238952636719
andechs,xgboost,summer_2024,66,2,1.1623092889785767,1.0,0.16230928897857666
andechs,xgboost,summer_2024,67,2,1.0910428762435913,1.0,0.09104287624359131
andechs,xgboost,summer_2024,68,2,1.04313063621521,0.9,0.14313063621520994
andechs,xgboost,summer_2024,69,2,1.0642002820968628,0.8,0.26420028209686275
andechs,xgboost,summer_2024,70,2,1.0950508117675781,0.6,0.49505081176757815
andechs,xgboost,summer_2024,71,2,1.0410773754119873,0.5,0.5410773754119873
andechs,xgboost,summer_2024,72,3,1.2975026369094849,0.8,0.4975026369094848
andechs,xgboost,summer_2024,73,3,1.2114754915237427,1.0,0.21147549152374268
andechs,xgboost,summer_2024,74,3,1.1591577529907227,1.0,0.15915775299072266
andechs,xgboost,summer_2024,75,3,1.2430118322372437,1.0,0.24301183223724365
andechs,xgboost,summer_2024,76,3,1.450203537940979,2.0,0.549796462059021
andechs,xgboost,summer_2024,77,3,1.6739869117736816,1.0,0.6739869117736816
andechs,xgboost,summer_2024,78,3,1.5557230710983276,1.0,0.5557230710983276
andechs,xgboost,summer_2024,79,3,1.6433277130126953,3.0,1.3566722869873047
andechs,xgboost,summer_2024,80,3,1.6880773305892944,3.0,1.3119226694107056
andechs,xgboost,summer_2024,81,3,1.7631103992462158,3.0,1.2368896007537842
andechs,xgboost,summer_2024,82,3,1.8827825784683228,3.0,1.1172174215316772
andechs,xgboost,summer_2024,83,3,1.9055653810501099,3.0,1.0944346189498901
andechs,xgboost,summer_2024,84,3,1.6792848110198975,3.0,1.3207151889801025
andechs,xgboost,summer_2024,85,3,1.537774920463562,2.0,0.462225079536438
andechs,xgboost,summer_2024,86,3,1.5706547498703003,2.0,0.4293452501296997
andechs,xgboost,summer_2024,87,3,1.6132909059524536,2.0,0.3867090940475464
andechs,xgboost,summer_2024,88,3,1.8156468868255615,3.0,1.1843531131744385
andechs,xgboost,summer_2024,89,3,1.8598546981811523,3.0,1.1401453018188477
andechs,xgboost,summer_2024,90,3,1.7885938882827759,3.0,1.2114061117172241
andechs,xgboost,summer_2024,91,3,1.887072205543518,3.0,1.112927794456482
andechs,xgboost,summer_2024,92,3,1.917189359664917,4.0,2.082810640335083
andechs,xgboost,summer_2024,93,3,1.591213345527649,3.0,1.408786654472351
andechs,xgboost,summer_2024,94,3,1.6624842882156372,3.0,1.3375157117843628
andechs,xgboost,summer_2024,95,3,1.7284951210021973,3.0,1.2715048789978027
andechs,xgboost,summer_2024,96,4,1.8506889343261719,3.0,1.1493110656738281
andechs,xgboost,summer_2024,97,4,2.114264488220215,4.0,1.8857355117797852
andechs,xgboost,summer_2024,98,4,2.45416259765625,4.0,1.54583740234375
andechs,xgboost,summer_2024,99,4,2.282184362411499,3.0,0.717815637588501
andechs,xgboost,summer_2024,100,4,2.3777856826782227,4.0,1.6222143173217773
andechs,xgboost,summer_2024,101,4,1.9647213220596313,3.0,1.0352786779403687
andechs,xgboost,summer_2024,102,4,1.4875617027282715,3.0,1.5124382972717285
andechs,xgboost,summer_2024,103,4,1.6467286348342896,3.0,1.3532713651657104
andechs,xgboost,summer_2024,104,4,1.7680660486221313,3.0,1.2319339513778687
andechs,xgboost,summer_2024,105,4,1.801344394683838,2.0,0.1986556053161621
andechs,xgboost,summer_2024,106,4,1.7754286527633667,2.0,0.2245713472366333
andechs,xgboost,summer_2024,107,4,1.9217289686203003,2.0,0.07827103137969971
andechs,xgboost,summer_2024,108,4,2.030332326889038,3.0,0.9696676731109619
andechs,xgboost,summer_2024,109,4,2.8468990325927734,3.0,0.15310096740722656
andechs,xgboost,summer_2024,110,4,2.9750094413757324,3.0,0.024990558624267578
andechs,xgboost,summer_2024,111,4,3.206169843673706,3.0,0.20616984367370605
andechs,xgboost,summer_2024,112,4,4.347163677215576,4.0,0.34716367721557617
andechs,xgboost,summer_2024,113,4,5.018411159515381,4.0,1.0184111595153809
andechs,xgboost,summer_2024,114,4,5.295665740966797,4.0,1.2956657409667969
andechs,xgboost,summer_2024,115,4,5.243388652801514,5.0,0.24338865280151367
andechs,xgboost,summer_2024,116,4,5.129842758178711,5.0,0.12984275817871094
andechs,xgboost,summer_2024,117,4,4.790397644042969,5.0,0.20960235595703125
andechs,xgboost,summer_2024,118,4,4.766402244567871,6.0,1.233597755432129
andechs,xgboost,summer_2024,119,4,4.937877178192139,5.0,0.06212282180786133
andechs,xgboost,summer_2024,120,5,5.017963409423828,5.0,0.017963409423828125
andechs,xgboost,summer_2024,121,5,5.2578301429748535,6.0,0.7421698570251465
andechs,xgboost,summer_2024,122,5,4.974899768829346,6.0,1.0251002311706543
andechs,xgboost,summer_2024,123,5,4.791261672973633,6.0,1.2087383270263672
andechs,xgboost,summer_2024,124,5,4.823079586029053,6.0,1.1769204139709473
andechs,xgboost,summer_2024,125,5,5.138526916503906,6.0,0.8614730834960938
andechs,xgboost,summer_2024,126,5,4.656658172607422,5.0,0.3433418273925781
andechs,xgboost,summer_2024,127,5,4.719468593597412,3.0,1.719468593597412
andechs,xgboost,summer_2024,128,5,5.15028190612793,4.0,1.1502819061279297
andechs,xgboost,summer_2024,129,5,5.555891990661621,3.0,2.555891990661621
andechs,xgboost,summer_2024,130,5,5.82404899597168,4.0,1.8240489959716797
andechs,xgboost,summer_2024,131,5,6.45862340927124,4.0,2.4586234092712402
andechs,xgboost,summer_2024,132,5,6.7688164710998535,4.0,2.7688164710998535
andechs,xgboost,summer_2024,133,5,6.955862045288086,5.0,1.955862045288086
andechs,xgboost,summer_2024,134,5,7.579715728759766,5.0,2.5797157287597656
andechs,xgboost,summer_2024,135,5,8.489434242248535,9.0,0.5105657577514648
andechs,xgboost,summer_2024,136,5,8.952569961547852,10.0,1.0474300384521484
andechs,xgboost,summer_2024,137,5,7.379299163818359,7.0,0.3792991638183594
andechs,xgboost,summer_2024,138,5,5.666007041931152,6.0,0.33399295806884766
andechs,xgboost,summer_2024,139,5,4.037245750427246,7.0,2.962754249572754
andechs,xgboost,summer_2024,140,5,3.814279079437256,7.0,3.185720920562744
andechs,xgboost,summer_2024,141,5,3.6511342525482178,6.0,2.3488657474517822
andechs,xgboost,summer_2024,142,5,2.6433935165405273,4.0,1.3566064834594727
andechs,xgboost,summer_2024,143,5,1.5498636960983276,4.0,2.4501363039016724
andechs,xgboost,summer_2024,144,6,1.3262362480163574,3.0,1.6737637519836426
andechs,xgboost,summer_2024,145,6,1.3142917156219482,2.0,0.6857082843780518
andechs,xgboost,summer_2024,146,6,1.2188189029693604,3.0,1.7811810970306396
andechs,xgboost,summer_2024,147,6,1.2071659564971924,3.0,1.7928340435028076
andechs,xgboost,summer_2024,148,6,1.6371052265167236,3.0,1.3628947734832764
andechs,xgboost,summer_2024,149,6,1.2009813785552979,3.0,1.7990186214447021
andechs,xgboost,summer_2024,150,6,1.440704584121704,3.0,1.559295415878296
andechs,xgboost,summer_2024,151,6,1.6728533506393433,3.0,1.3271466493606567
andechs,xgboost,summer_2024,152,6,1.7545955181121826,3.0,1.2454044818878174
andechs,xgboost,summer_2024,153,6,1.8144530057907104,3.0,1.1855469942092896
andechs,xgboost,summer_2024,154,6,1.9393599033355713,4.0,2.0606400966644287
andechs,xgboost,summer_2024,155,6,1.9891356229782104,4.0,2.0108643770217896
andechs,xgboost,summer_2024,156,6,1.8468987941741943,3.0,1.1531012058258057
andechs,xgboost,summer_2024,157,6,1.6717835664749146,3.0,1.3282164335250854
andechs,xgboost,summer_2024,158,6,2.3082573413848877,4.0,1.6917426586151123
andechs,xgboost,summer_2024,159,6,3.0415074825286865,4.0,0.9584925174713135
andechs,xgboost,summer_2024,160,6,3.7722585201263428,5.0,1.2277414798736572
andechs,xgboost,summer_2024,161,6,4.824873447418213,5.0,0.1751265525817871
andechs,xgboost,summer_2024,162,6,5.759897232055664,6.0,0.24010276794433594
andechs,xgboost,summer_2024,163,6,6.588528633117676,6.0,0.5885286331176758
andechs,xgboost,summer_2024,164,6,7.078181266784668,7.0,0.07818126678466797
andechs,xgboost,summer_2024,165,6,7.1963300704956055,7.0,0.19633007049560547
andechs,xgboost,summer_2024,166,6,7.344082832336426,7.0,0.3440828323364258
andechs,xgboost,summer_2024,167,6,7.318399429321289,7.0,0.31839942932128906
andechs,xgboost,summer_2024,168,7,7.182662487030029,6.0,1.1826624870300293
andechs,xgboost,summer_2024,169,7,7.190438747406006,6.0,1.1904387474060059
andechs,xgboost,summer_2024,170,7,6.862382411956787,6.0,0.8623824119567871
andechs,xgboost,summer_2024,171,7,6.570297718048096,6.0,0.5702977180480957
andechs,xgboost,summer_2024,172,7,6.175170421600342,5.0,1.1751704216003418
andechs,xgboost,summer_2024,173,7,6.2910966873168945,7.0,0.7089033126831055
andechs,xgboost,summer_2024,174,7,6.2679443359375,6.0,0.2679443359375
andechs,xgboost,summer_2024,175,7,5.99909782409668,5.0,0.9990978240966797
andechs,xgboost,summer_2024,176,7,4.999586582183838,3.0,1.999586582183838
andechs,xgboost,summer_2024,177,7,4.419310569763184,2.0,2.4193105697631836
andechs,xgboost,summer_2024,178,7,3.967872381210327,2.0,1.9678723812103271
andechs,xgboost,summer_2024,179,7,3.7928965091705322,2.0,1.7928965091705322
andechs,xgboost,summer_2024,180,7,3.4025063514709473,2.0,1.4025063514709473
andechs,xgboost,summer_2024,181,7,3.1553540229797363,2.0,1.1553540229797363
andechs,xgboost,summer_2024,182,7,3.4198434352874756,3.0,0.4198434352874756
andechs,xgboost,summer_2024,183,7,3.458163022994995,3.0,0.4581630229949951
andechs,xgboost,summer_2024,184,7,3.447728157043457,2.0,1.447728157043457
andechs,xgboost,summer_2024,185,7,3.6094443798065186,3.0,0.6094443798065186
andechs,xgboost,summer_2024,186,7,3.9640865325927734,4.0,0.03591346740722656
andechs,xgboost,summer_2024,187,7,4.558166027069092,5.0,0.4418339729309082
andechs,xgboost,summer_2024,188,7,5.229365348815918,6.0,0.770634651184082
andechs,xgboost,summer_2024,189,7,5.179385662078857,6.0,0.8206143379211426
andechs,xgboost,summer_2024,190,7,4.905672550201416,7.0,2.094327449798584
andechs,xgboost,summer_2024,191,7,4.792710304260254,7.0,2.207289695739746
andechs,xgboost,summer_2024,192,8,5.00999116897583,8.0,2.99000883102417
andechs,xgboost,summer_2024,193,8,5.259317398071289,9.0,3.740682601928711
andechs,xgboost,summer_2024,194,8,4.728724956512451,8.0,3.271275043487549
andechs,xgboost,summer_2024,195,8,4.786077976226807,8.0,3.2139220237731934
andechs,xgboost,summer_2024,196,8,4.602756500244141,7.0,2.3972434997558594
andechs,xgboost,summer_2024,197,8,4.616619110107422,7.0,2.383380889892578
andechs,xgboost,summer_2024,198,8,4.484296798706055,6.0,1.5157032012939453
andechs,xgboost,summer_2024,199,8,4.7468953132629395,5.0,0.25310468673706055
andechs,xgboost,summer_2024,200,8,5.225763320922852,5.0,0.22576332092285156
andechs,xgboost,summer_2024,201,8,6.021761894226074,6.0,0.02176189422607422
andechs,xgboost,summer_2024,202,8,6.412665367126465,6.0,0.41266536712646484
andechs,xgboost,summer_2024,203,8,6.559427261352539,6.0,0.5594272613525391
andechs,xgboost,summer_2024,204,8,6.92966890335083,6.0,0.9296689033508301
andechs,xgboost,summer_2024,205,8,8.861533164978027,7.0,1.8615331649780273
andechs,xgboost,summer_2024,206,8,8.983724594116211,6.0,2.983724594116211
andechs,xgboost,summer_2024,207,8,9.24295711517334,6.0,3.24295711517334
andechs,xgboost,summer_2024,208,8,9.523431777954102,7.0,2.5234317779541016
andechs,xgboost,summer_2024,209,8,9.678450584411621,8.0,1.678450584411621
andechs,xgboost,summer_2024,210,8,9.864716529846191,10.0,0.1352834701538086
andechs,xgboost,summer_2024,211,8,9.617362022399902,9.0,0.6173620223999023
andechs,xgboost,summer_2024,212,8,9.258810997009277,8.0,1.2588109970092773
andechs,xgboost,summer_2024,213,8,9.830635070800781,9.0,0.8306350708007812
andechs,xgboost,summer_2024,214,8,10.19664192199707,12.0,1.8033580780029297
andechs,xgboost,summer_2024,215,8,12.086418151855469,13.0,0.9135818481445312
andechs,xgboost,summer_2024,216,9,12.050130844116211,10.0,2.050130844116211
andechs,xgboost,summer_2024,217,9,11.522385597229004,10.0,1.522385597229004
andechs,xgboost,summer_2024,218,9,10.510333061218262,11.0,0.4896669387817383
andechs,xgboost,summer_2024,219,9,9.771785736083984,10.0,0.22821426391601562
andechs,xgboost,summer_2024,220,9,8.040337562561035,8.0,0.040337562561035156
andechs,xgboost,summer_2024,221,9,7.395499229431152,7.0,0.39549922943115234
andechs,xgboost,summer_2024,222,9,6.973321437835693,7.0,0.02667856216430664
andechs,xgboost,summer_2024,223,9,6.714731693267822,7.0,0.28526830673217773
andechs,xgboost,summer_2024,224,9,6.57582950592041,7.0,0.42417049407958984
andechs,xgboost,summer_2024,225,9,7.1298441886901855,7.0,0.12984418869018555
andechs,xgboost,summer_2024,226,9,7.6186370849609375,7.0,0.6186370849609375
andechs,xgboost,summer_2024,227,9,7.758910655975342,7.0,0.7589106559753418
andechs,xgboost,summer_2024,228,9,8.949064254760742,8.0,0.9490642547607422
andechs,xgboost,summer_2024,229,9,10.203332901000977,10.0,0.20333290100097656
andechs,xgboost,summer_2024,230,9,9.433669090270996,8.0,1.433669090270996
andechs,xgboost,summer_2024,231,9,7.906094551086426,10.0,2.093905448913574
andechs,xgboost,summer_2024,232,9,7.285075664520264,9.0,1.7149243354797363
andechs,xgboost,summer_2024,233,9,6.424291133880615,6.0,0.42429113388061523
andechs,xgboost,summer_2024,234,9,6.191173076629639,6.0,0.19117307662963867
andechs,xgboost,summer_2024,235,9,6.314910411834717,8.0,1.6850895881652832
andechs,xgboost,summer_2024,236,9,6.319858551025391,8.0,1.6801414489746094
andechs,xgboost,summer_2024,237,9,5.923020362854004,7.0,1.076979637145996
andechs,xgboost,summer_2024,238,9,5.370850086212158,7.0,1.6291499137878418
andechs,xgboost,summer_2024,239,9,4.799048900604248,7.0,2.200951099395752
andechs,xgboost,summer_2024,240,10,5.090316295623779,8.0,2.9096837043762207
andechs,xgboost,summer_2024,241,10,5.198710918426514,9.0,3.8012890815734863
andechs,xgboost,summer_2024,242,10,5.092421531677246,9.0,3.907578468322754
andechs,xgboost,summer_2024,243,10,5.359289169311523,11.0,5.640710830688477
andechs,xgboost,summer_2024,244,10,5.492146015167236,9.0,3.5078539848327637
andechs,xgboost,summer_2024,245,10,6.068148612976074,11.0,4.931851387023926
andechs,xgboost,summer_2024,246,10,6.5666584968566895,10.0,3.4333415031433105
andechs,xgboost,summer_2024,247,10,6.333547592163086,7.0,0.6664524078369141
andechs,xgboost,summer_2024,248,10,6.782049179077148,8.0,1.2179508209228516
andechs,xgboost,summer_2024,249,10,6.935099124908447,9.0,2.0649008750915527
andechs,xgboost,summer_2024,250,10,7.063621997833252,10.0,2.936378002166748
andechs,xgboost,summer_2024,251,10,7.470103740692139,8.0,0.5298962593078613
andechs,xgboost,summer_2024,252,10,8.227721214294434,9.0,0.7722787857055664
andechs,xgboost,summer_2024,253,10,7.666253566741943,8.0,0.33374643325805664
andechs,xgboost,summer_2024,254,10,7.357334136962891,8.0,0.6426658630371094
andechs,xgboost,summer_2024,255,10,7.372498035430908,8.0,0.6275019645690918
andechs,xgboost,summer_2024,256,10,7.2024736404418945,8.0,0.7975263595581055
andechs,xgboost,summer_2024,257,10,7.0570807456970215,7.0,0.057080745697021484
andechs,xgboost,summer_2024,258,10,6.485555648803711,7.0,0.5144443511962891
andechs,xgboost,summer_2024,259,10,5.864382266998291,6.0,0.13561773300170898
andechs,xgboost,summer_2024,260,10,5.60028076171875,6.0,0.39971923828125
andechs,xgboost,summer_2024,261,10,5.494903087615967,8.0,2.505096912384033
andechs,xgboost,summer_2024,262,10,5.3355021476745605,8.0,2.6644978523254395
andechs,xgboost,summer_2024,263,10,4.709606647491455,7.0,2.290393352508545
andechs,xgboost,summer_2024,264,11,4.761077880859375,5.0,0.238922119140625
andechs,xgboost,summer_2024,265,11,4.925040245056152,6.0,1.0749597549438477
andechs,xgboost,summer_2024,266,11,4.828740119934082,5.0,0.17125988006591797
andechs,xgboost,summer_2024,267,11,4.652802467346191,6.0,1.3471975326538086
andechs,xgboost,summer_2024,268,11,4.761180877685547,6.0,1.2388191223144531
andechs,xgboost,summer_2024,269,11,5.084874629974365,6.0,0.9151253700256348
andechs,xgboost,summer_2024,270,11,4.9825544357299805,5.0,0.01744556427001953
andechs,xgboost,summer_2024,271,11,5.419710636138916,5.0,0.419710636138916
andechs,xgboost,summer_2024,272,11,5.865456581115723,6.0,0.13454341888427734
andechs,xgboost,summer_2024,273,11,6.052918910980225,6.0,0.05291891098022461
andechs,xgboost,summer_2024,274,11,5.6767578125,5.0,0.6767578125
andechs,xgboost,summer_2024,275,11,4.871941089630127,4.0,0.871941089630127
andechs,xgboost,summer_2024,276,11,4.932518482208252,3.0,1.932518482208252
andechs,xgboost,summer_2024,277,11,4.819651126861572,3.0,1.8196511268615723
andechs,xgboost,summer_2024,278,11,4.773151874542236,3.0,1.7731518745422363
andechs,xgboost,summer_2024,279,11,4.914220333099365,3.0,1.9142203330993652
andechs,xgboost,summer_2024,280,11,4.610352039337158,3.0,1.6103520393371582
andechs,xgboost,summer_2024,281,11,5.025936603546143,5.0,0.025936603546142578
andechs,xgboost,summer_2024,282,11,5.17303991317749,5.0,0.17303991317749023
andechs,xgboost,summer_2024,283,11,4.6915178298950195,5.0,0.30848217010498047
andechs,xgboost,summer_2024,284,11,3.4360580444335938,3.0,0.43605804443359375
andechs,xgboost,summer_2024,285,11,2.1978049278259277,3.3333333333333335,1.1355284055074057
andechs,xgboost,summer_2024,286,11,1.3429436683654785,3.6666666666666665,2.323722998301188
andechs,xgboost,summer_2024,287,11,1.1621708869934082,4.0,2.837829113006592
andechs,xgboost,summer_2024,288,12,1.2398713827133179,4.0,2.760128617286682
andechs,xgboost,summer_2024,289,12,1.6893714666366577,4.0,2.3106285333633423
andechs,xgboost,summer_2024,290,12,1.5490491390228271,4.0,2.450950860977173
andechs,xgboost,summer_2024,291,12,1.3881292343139648,4.0,2.611870765686035
andechs,xgboost,summer_2024,292,12,1.4438579082489014,4.0,2.5561420917510986
andechs,xgboost,summer_2024,293,12,1.4840177297592163,5.0,3.5159822702407837
andechs,xgboost,summer_2024,294,12,1.4111822843551636,5.0,3.5888177156448364
andechs,xgboost,summer_2024,295,12,1.4133864641189575,5.0,3.5866135358810425
andechs,xgboost,summer_2024,296,12,1.5725315809249878,5.0,3.427468419075012
andechs,xgboost,summer_2024,297,12,1.8033628463745117,5.0,3.1966371536254883
andechs,xgboost,summer_2024,298,12,1.942626953125,6.0,4.057373046875
andechs,xgboost,summer_2024,299,12,2.285121202468872,5.0,2.714878797531128
andechs,xgboost,summer_2024,300,12,3.326230049133301,6.0,2.673769950866699
andechs,xgboost,summer_2024,301,12,3.234812021255493,4.0,0.7651879787445068
andechs,xgboost,summer_2024,302,12,3.7109949588775635,5.0,1.2890050411224365
andechs,xgboost,summer_2024,303,12,3.2896182537078857,3.0,0.28961825370788574
andechs,xgboost,summer_2024,304,12,3.7610182762145996,3.0,0.7610182762145996
andechs,xgboost,summer_2024,305,12,4.816136360168457,4.0,0.816136360168457
andechs,xgboost,summer_2024,306,12,4.60545539855957,3.0,1.6054553985595703
andechs,xgboost,summer_2024,307,12,4.367811679840088,4.0,0.3678116798400879
andechs,xgboost,summer_2024,308,12,4.28779411315918,4.0,0.2877941131591797
andechs,xgboost,summer_2024,309,12,3.889828681945801,4.0,0.11017131805419922
andechs,xgboost,summer_2024,310,12,3.97998046875,5.0,1.02001953125
andechs,xgboost,summer_2024,311,12,3.916425943374634,5.0,1.0835740566253662
andechs,xgboost,summer_2024,312,13,4.141988277435303,5.0,0.8580117225646973
andechs,xgboost,summer_2024,313,13,4.3758015632629395,6.0,1.6241984367370605
andechs,xgboost,summer_2024,314,13,4.2062458992004395,6.0,1.7937541007995605
andechs,xgboost,summer_2024,315,13,4.048418045043945,5.0,0.9515819549560547
andechs,xgboost,summer_2024,316,13,3.7890727519989014,5.0,1.2109272480010986
andechs,xgboost,summer_2024,317,13,3.892975330352783,5.0,1.1070246696472168
andechs,xgboost,summer_2024,318,13,4.6218743324279785,7.0,2.3781256675720215
andechs,xgboost,summer_2024,319,13,5.227372646331787,6.0,0.7726273536682129
andechs,xgboost,summer_2024,320,13,4.797973155975342,4.0,0.7979731559753418
andechs,xgboost,summer_2024,321,13,4.590548038482666,3.0,1.590548038482666
andechs,xgboost,summer_2024,322,13,4.971856117248535,4.0,0.9718561172485352
andechs,xgboost,summer_2024,323,13,4.911390781402588,3.0,1.911390781402588
andechs,xgboost,summer_2024,324,13,5.1362810134887695,3.0,2.1362810134887695
andechs,xgboost,summer_2024,325,13,5.112555503845215,3.0,2.112555503845215
andechs,xgboost,summer_2024,326,13,4.729947090148926,3.0,1.7299470901489258
andechs,xgboost,summer_2024,327,13,4.672344207763672,3.0,1.6723442077636719
andechs,xgboost,summer_2024,328,13,4.7891130447387695,3.0,1.7891130447387695
andechs,xgboost,summer_2024,329,13,4.875357627868652,3.0,1.8753576278686523
andechs,xgboost,summer_2024,330,13,5.030623912811279,3.0,2.0306239128112793
andechs,xgboost,summer_2024,331,13,5.069599628448486,4.0,1.0695996284484863
andechs,xgboost,summer_2024,332,13,4.5633625984191895,4.0,0.5633625984191895
andechs,xgboost,summer_2024,333,13,4.316687107086182,4.0,0.31668710708618164
andechs,xgboost,summer_2024,334,13,3.9440929889678955,4.0,0.05590701103210449
andechs,xgboost,summer_2024,335,13,3.906681537628174,4.0,0.09331846237182617
andechs,xgboost,summer_2024,336,14,4.087769508361816,6.0,1.9122304916381836
andechs,xgboost,summer_2024,337,14,4.49530029296875,7.0,2.50469970703125
andechs,xgboost,summer_2024,338,14,4.647276878356934,7.0,2.3527231216430664
andechs,xgboost,summer_2024,339,14,4.6408233642578125,7.0,2.3591766357421875
andechs,xgboost,summer_2024,340,14,4.6829400062561035,7.0,2.3170599937438965
andechs,xgboost,summer_2024,341,14,5.149275302886963,7.0,1.850724697113037
andechs,xgboost,summer_2024,342,14,5.022958755493164,6.0,0.9770412445068359
andechs,xgboost,summer_2024,343,14,4.958850383758545,5.0,0.04114961624145508
andechs,xgboost,summer_2024,344,14,5.3550262451171875,5.0,0.3550262451171875
andechs,xgboost,summer_2024,345,14,5.602413654327393,5.0,0.6024136543273926
andechs,xgboost,summer_2024,346,14,5.980804443359375,6.0,0.019195556640625
andechs,xgboost,summer_2024,347,14,6.934253692626953,7.0,0.06574630737304688
andechs,xgboost,summer_2024,348,14,7.516357421875,7.0,0.516357421875
andechs,xgboost,summer_2024,349,14,8.166399002075195,8.0,0.1663990020751953
andechs,xgboost,summer_2024,350,14,8.237715721130371,8.0,0.2377157211303711
andechs,xgboost,summer_2024,351,14,8.261580467224121,8.0,0.2615804672241211
andechs,xgboost,summer_2024,352,14,8.45684814453125,8.0,0.45684814453125
andechs,xgboost,summer_2024,353,14,8.370854377746582,8.0,0.37085437774658203
andechs,xgboost,summer_2024,354,14,8.688939094543457,9.0,0.31106090545654297
andechs,xgboost,summer_2024,355,14,9.150053024291992,10.0,0.8499469757080078
andechs,xgboost,summer_2024,356,14,10.187395095825195,11.0,0.8126049041748047
andechs,xgboost,summer_2024,357,14,10.577840805053711,12.0,1.422159194946289
andechs,xgboost,summer_2024,358,14,9.992789268493652,12.0,2.0072107315063477
andechs,xgboost,summer_2024,359,14,7.289591312408447,10.0,2.7104086875915527
andechs,xgboost,summer_2024,360,15,4.857318878173828,8.0,3.142681121826172
andechs,xgboost,summer_2024,361,15,4.286165237426758,8.0,3.713834762573242
andechs,xgboost,summer_2024,362,15,3.8248300552368164,7.0,3.1751699447631836
andechs,xgboost,summer_2024,363,15,3.979820728302002,8.0,4.020179271697998
andechs,xgboost,summer_2024,364,15,3.7557497024536133,7.0,3.2442502975463867
andechs,xgboost,summer_2024,365,15,3.8326892852783203,7.0,3.1673107147216797
andechs,xgboost,summer_2024,366,15,3.7356820106506348,7.0,3.2643179893493652
andechs,xgboost,summer_2024,367,15,3.670067310333252,6.0,2.329932689666748
andechs,xgboost,summer_2024,368,15,3.3009824752807617,5.2,1.8990175247192385
andechs,xgboost,summer_2024,369,15,3.1538150310516357,4.4,1.2461849689483646
andechs,xgboost,summer_2024,370,15,3.1503636837005615,3.5999999999999996,0.4496363162994381
andechs,xgboost,summer_2024,371,15,3.4487857818603516,2.8,0.6487857818603517
andechs,xgboost,summer_2024,372,15,3.6477465629577637,2.0,1.6477465629577637
andechs,xgboost,summer_2024,373,15,3.750511646270752,2.0,1.750511646270752
andechs,xgboost,summer_2024,374,15,4.293902397155762,2.0,2.2939023971557617
andechs,xgboost,summer_2024,375,15,4.387326240539551,2.0,2.387326240539551
andechs,xgboost,summer_2024,376,15,4.537365913391113,3.0,1.5373659133911133
andechs,xgboost,summer_2024,377,15,4.98066520690918,3.0,1.9806652069091797
andechs,xgboost,summer_2024,378,15,5.388948917388916,4.0,1.388948917388916
andechs,xgboost,summer_2024,379,15,5.382667064666748,5.0,0.38266706466674805
andechs,xgboost,summer_2024,380,15,5.209200859069824,5.0,0.20920085906982422
andechs,xgboost,summer_2024,381,15,5.518765449523926,6.0,0.4812345504760742
andechs,xgboost,summer_2024,382,15,5.174196243286133,6.0,0.8258037567138672
andechs,xgboost,summer_2024,383,15,5.234122276306152,5.0,0.23412227630615234
andechs,xgboost,summer_2024,384,16,4.9649128913879395,4.0,0.9649128913879395
andechs,xgboost,summer_2024,385,16,4.984254837036133,4.0,0.9842548370361328
andechs,xgboost,summer_2024,386,16,4.585958480834961,3.0,1.585958480834961
andechs,xgboost,summer_2024,387,16,4.442357063293457,3.0,1.442357063293457
andechs,xgboost,summer_2024,388,16,4.609062194824219,3.0,1.6090621948242188
andechs,xgboost,summer_2024,389,16,5.085348129272461,5.0,0.08534812927246094
andechs,xgboost,summer_2024,390,16,5.182529449462891,5.0,0.18252944946289062
andechs,xgboost,summer_2024,391,16,5.3411407470703125,7.0,1.6588592529296875
andechs,xgboost,summer_2024,392,16,5.023562908172607,4.0,1.0235629081726074
andechs,xgboost,summer_2024,393,16,5.5204901695251465,7.0,1.4795098304748535
andechs,xgboost,summer_2024,394,16,5.756077766418457,7.0,1.243922233581543
andechs,xgboost,summer_2024,395,16,6.6269989013671875,9.0,2.3730010986328125
andechs,xgboost,summer_2024,396,16,7.02191686630249,8.0,0.9780831336975098
andechs,xgboost,summer_2024,397,16,6.836616039276123,7.0,0.16338396072387695
andechs,xgboost,summer_2024,398,16,7.097474098205566,9.0,1.9025259017944336
andechs,xgboost,summer_2024,399,16,6.982696056365967,8.0,1.0173039436340332
andechs,xgboost,summer_2024,400,16,6.55659294128418,7.0,0.4434070587158203
andechs,xgboost,summer_2024,401,16,6.014697551727295,7.0,0.9853024482727051
andechs,xgboost,summer_2024,402,16,6.134469985961914,6.0,0.13446998596191406
andechs,xgboost,summer_2024,403,16,6.26120662689209,7.0,0.7387933731079102
andechs,xgboost,summer_2024,404,16,6.2857890129089355,7.0,0.7142109870910645
andechs,xgboost,summer_2024,405,16,5.7389421463012695,5.0,0.7389421463012695
andechs,xgboost,summer_2024,406,16,5.08926248550415,5.0,0.08926248550415039
andechs,xgboost,summer_2024,407,16,4.528839588165283,5.0,0.4711604118347168
andechs,xgboost,summer_2024,408,17,4.905640602111816,7.0,2.0943593978881836
andechs,xgboost,summer_2024,409,17,5.064563751220703,9.0,3.935436248779297
andechs,xgboost,summer_2024,410,17,5.228780269622803,10.0,4.771219730377197
andechs,xgboost,summer_2024,411,17,5.018574237823486,9.0,3.9814257621765137
andechs,xgboost,summer_2024,412,17,5.211454391479492,9.0,3.788545608520508
andechs,xgboost,summer_2024,413,17,5.533197402954102,12.0,6.466802597045898
andechs,xgboost,summer_2024,414,17,5.601513862609863,12.0,6.398486137390137
andechs,xgboost,summer_2024,415,17,5.748347759246826,10.0,4.251652240753174
andechs,xgboost,summer_2024,416,17,6.103055477142334,9.0,2.896944522857666
andechs,xgboost,summer_2024,417,17,6.541302680969238,10.0,3.4586973190307617
andechs,xgboost,summer_2024,418,17,6.606688022613525,10.0,3.3933119773864746
andechs,xgboost,summer_2024,419,17,7.11925745010376,10.0,2.8807425498962402
andechs,xgboost,summer_2024,420,17,7.220111846923828,9.0,1.7798881530761719
andechs,xgboost,summer_2024,421,17,7.341647624969482,9.0,1.6583523750305176
andechs,xgboost,summer_2024,422,17,7.684484958648682,10.0,2.3155150413513184
andechs,xgboost,summer_2024,423,17,8.274139404296875,13.0,4.725860595703125
andechs,xgboost,summer_2024,424,17,8.417441368103027,12.0,3.5825586318969727
andechs,xgboost,summer_2024,425,17,8.934747695922852,14.0,5.065252304077148
andechs,xgboost,summer_2024,426,17,9.258292198181152,13.0,3.7417078018188477
andechs,xgboost,summer_2024,427,17,9.205876350402832,13.0,3.794123649597168
andechs,xgboost,summer_2024,428,17,8.521072387695312,15.0,6.4789276123046875
andechs,xgboost,summer_2024,429,17,8.098252296447754,15.0,6.901747703552246
andechs,xgboost,summer_2024,430,17,8.24635124206543,13.0,4.75364875793457
andechs,xgboost,summer_2024,431,17,8.219161033630371,12.0,3.780838966369629
andechs,xgboost,summer_2024,432,18,8.452412605285645,14.0,5.5475873947143555
andechs,xgboost,summer_2024,433,18,8.232185363769531,15.0,6.767814636230469
andechs,xgboost,summer_2024,434,18,7.956911563873291,14.0,6.043088436126709
andechs,xgboost,summer_2024,435,18,7.942320346832275,15.0,7.057679653167725
andechs,xgboost,summer_2024,436,18,7.976971626281738,14.0,6.023028373718262
andechs,xgboost,summer_2024,437,18,8.217373847961426,13.0,4.782626152038574
andechs,xgboost,summer_2024,438,18,8.664731979370117,17.0,8.335268020629883
andechs,xgboost,summer_2024,439,18,8.40471076965332,13.0,4.59528923034668
andechs,xgboost,summer_2024,440,18,8.661346435546875,10.0,1.338653564453125
andechs,xgboost,summer_2024,441,18,8.873610496520996,12.0,3.126389503479004
andechs,xgboost,summer_2024,442,18,9.622965812683105,13.0,3.3770341873168945
andechs,xgboost,summer_2024,443,18,9.979851722717285,14.0,4.020148277282715
andechs,xgboost,summer_2024,444,18,10.238786697387695,14.0,3.7612133026123047
andechs,xgboost,summer_2024,445,18,10.874804496765137,14.0,3.1251955032348633
andechs,xgboost,summer_2024,446,18,11.472362518310547,15.0,3.527637481689453
andechs,xgboost,summer_2024,447,18,11.618064880371094,13.0,1.3819351196289062
andechs,xgboost,summer_2024,448,18,11.883035659790039,14.0,2.116964340209961
andechs,xgboost,summer_2024,449,18,14.115800857543945,20.0,5.884199142456055
andechs,xgboost,summer_2024,450,18,13.625883102416992,15.0,1.3741168975830078
andechs,xgboost,summer_2024,451,18,13.224766731262207,14.0,0.775233268737793
andechs,xgboost,summer_2024,452,18,12.757720947265625,15.0,2.242279052734375
andechs,xgboost,summer_2024,453,18,12.639182090759277,16.0,3.3608179092407227
andechs,xgboost,summer_2024,454,18,11.664531707763672,14.0,2.335468292236328
andechs,xgboost,summer_2024,455,18,10.39586067199707,13.0,2.6041393280029297
andechs,xgboost,summer_2024,456,19,9.842849731445312,12.0,2.1571502685546875
andechs,xgboost,summer_2024,457,19,9.482733726501465,13.0,3.517266273498535
andechs,xgboost,summer_2024,458,19,9.838417053222656,14.0,4.161582946777344
andechs,xgboost,summer_2024,459,19,9.527714729309082,13.0,3.472285270690918
andechs,xgboost,summer_2024,460,19,9.54835319519043,13.0,3.4516468048095703
andechs,xgboost,summer_2024,461,19,9.597860336303711,12.0,2.402139663696289
andechs,xgboost,summer_2024,462,19,9.362689971923828,12.0,2.637310028076172
andechs,xgboost,summer_2024,463,19,9.089486122131348,12.0,2.9105138778686523
andechs,xgboost,summer_2024,464,19,8.521097183227539,9.0,0.47890281677246094
andechs,xgboost,summer_2024,465,19,8.057169914245605,9.0,0.9428300857543945
andechs,xgboost,summer_2024,466,19,8.037531852722168,9.0,0.962468147277832
andechs,xgboost,summer_2024,467,19,8.352884292602539,9.0,0.6471157073974609
andechs,xgboost,summer_2024,468,19,8.347672462463379,9.0,0.6523275375366211
andechs,xgboost,summer_2024,469,19,8.239590644836426,8.0,0.23959064483642578
andechs,xgboost,summer_2024,470,19,8.913521766662598,9.0,0.08647823333740234
andechs,xgboost,summer_2024,471,19,9.150586128234863,8.0,1.1505861282348633
andechs,xgboost,summer_2024,472,19,11.01931095123291,12.0,0.9806890487670898
andechs,xgboost,summer_2024,473,19,11.948836326599121,12.0,0.051163673400878906
andechs,xgboost,summer_2024,474,19,12.153061866760254,12.0,0.1530618667602539
andechs,xgboost,summer_2024,475,19,11.575800895690918,13.0,1.424199104309082
andechs,xgboost,summer_2024,476,19,11.468173027038574,14.0,2.531826972961426
andechs,xgboost,summer_2024,477,19,11.013707160949707,16.0,4.986292839050293
andechs,xgboost,summer_2024,478,19,10.906352043151855,16.0,5.0936479568481445
andechs,xgboost,summer_2024,479,19,10.772686958312988,16.0,5.227313041687012
andechs,xgboost,summer_2024,480,20,10.752039909362793,16.0,5.247960090637207
andechs,xgboost,summer_2024,481,20,9.859723091125488,16.0,6.140276908874512
andechs,xgboost,summer_2024,482,20,9.041328430175781,16.0,6.958671569824219
andechs,xgboost,summer_2024,483,20,9.526998519897461,16.0,6.473001480102539
andechs,xgboost,summer_2024,484,20,8.556105613708496,14.0,5.443894386291504
andechs,xgboost,summer_2024,485,20,8.507603645324707,14.0,5.492396354675293
andechs,xgboost,summer_2024,486,20,7.882645130157471,12.0,4.117354869842529
andechs,xgboost,summer_2024,487,20,7.552603721618652,10.0,2.4473962783813477
andechs,xgboost,summer_2024,488,20,7.516880512237549,10.0,2.483119487762451
andechs,xgboost,summer_2024,489,20,8.225926399230957,11.0,2.774073600769043
andechs,xgboost,summer_2024,490,20,9.096900939941406,11.0,1.9030990600585938
andechs,xgboost,summer_2024,491,20,10.350552558898926,12.0,1.6494474411010742
andechs,xgboost,summer_2024,492,20,11.356922149658203,13.0,1.6430778503417969
andechs,xgboost,summer_2024,493,20,11.889741897583008,13.0,1.1102581024169922
andechs,xgboost,summer_2024,494,20,12.038786888122559,15.0,2.9612131118774414
andechs,xgboost,summer_2024,495,20,12.088403701782227,13.0,0.9115962982177734
andechs,xgboost,summer_2024,496,20,12.126468658447266,14.0,1.8735313415527344
andechs,xgboost,summer_2024,497,20,9.926366806030273,9.0,0.9263668060302734
andechs,xgboost,summer_2024,498,20,6.8237152099609375,9.0,2.1762847900390625
andechs,xgboost,summer_2024,499,20,6.354442596435547,8.0,1.6455574035644531
andechs,xgboost,summer_2024,500,20,6.004619598388672,8.0,1.9953804016113281
andechs,xgboost,summer_2024,501,20,5.951386451721191,7.0,1.0486135482788086
andechs,xgboost,summer_2024,502,20,5.282766342163086,7.0,1.717233657836914
andechs,xgboost,summer_2024,503,20,4.324517726898193,3.0,1.3245177268981934
andechs,xgboost,summer_2024,504,21,3.7033615112304688,2.0,1.7033615112304688
andechs,xgboost,summer_2024,505,21,2.8089489936828613,1.0,1.8089489936828613
andechs,xgboost,summer_2024,506,21,1.9530202150344849,1.0,0.9530202150344849
andechs,xgboost,summer_2024,507,21,1.580112099647522,2.0,0.419887900352478
andechs,xgboost,summer_2024,508,21,1.6371126174926758,3.0,1.3628873825073242
andechs,xgboost,summer_2024,509,21,1.914149284362793,4.0,2.085850715637207
andechs,xgboost,summer_2024,510,21,2.1421563625335693,4.0,1.8578436374664307
andechs,xgboost,summer_2024,511,21,2.604827880859375,4.0,1.395172119140625
andechs,xgboost,summer_2024,512,21,2.795318841934204,5.0,2.204681158065796
andechs,xgboost,summer_2024,513,21,2.9377598762512207,5.0,2.0622401237487793
andechs,xgboost,summer_2024,514,21,3.2145893573760986,6.0,2.7854106426239014
andechs,xgboost,summer_2024,515,21,3.8712875843048096,4.0,0.12871241569519043
andechs,xgboost,summer_2024,516,21,4.38583517074585,4.0,0.3858351707458496
andechs,xgboost,summer_2024,517,21,4.179917812347412,4.0,0.1799178123474121
andechs,xgboost,summer_2024,518,21,4.7474822998046875,8.0,3.2525177001953125
andechs,xgboost,summer_2024,519,21,5.346354007720947,8.0,2.6536459922790527
andechs,xgboost,summer_2024,520,21,5.266868591308594,5.0,0.26686859130859375
andechs,xgboost,summer_2024,521,21,5.502959728240967,6.0,0.4970402717590332
andechs,xgboost,summer_2024,522,21,5.635879039764404,8.0,2.3641209602355957
andechs,xgboost,summer_2024,523,21,4.985355377197266,6.0,1.0146446228027344
andechs,xgboost,summer_2024,524,21,4.656411647796631,5.0,0.34358835220336914
andechs,xgboost,summer_2024,525,21,4.476528644561768,5.0,0.5234713554382324
andechs,xgboost,summer_2024,526,21,4.505331516265869,5.0,0.49466848373413086
andechs,xgboost,summer_2024,527,21,4.641932487487793,5.0,0.35806751251220703
andechs,xgboost,summer_2024,528,22,4.828320026397705,6.0,1.171679973602295
andechs,xgboost,summer_2024,529,22,4.896684169769287,6.0,1.103315830230713
andechs,xgboost,summer_2024,530,22,4.798307418823242,6.0,1.2016925811767578
andechs,xgboost,summer_2024,531,22,4.733743190765381,5.0,0.26625680923461914
andechs,xgboost,summer_2024,532,22,4.8599653244018555,8.0,3.1400346755981445
andechs,xgboost,summer_2024,533,22,5.379221439361572,10.0,4.620778560638428
andechs,xgboost,summer_2024,534,22,5.082971572875977,8.0,2.9170284271240234
andechs,xgboost,summer_2024,535,22,4.8308000564575195,6.0,1.1691999435424805
andechs,xgboost,summer_2024,536,22,4.661612033843994,6.0,1.3383879661560059
andechs,xgboost,summer_2024,537,22,4.422915458679199,4.0,0.4229154586791992
andechs,xgboost,summer_2024,538,22,4.852838516235352,5.0,0.14716148376464844
andechs,xgboost,summer_2024,539,22,5.297061443328857,5.0,0.2970614433288574
andechs,xgboost,summer_2024,540,22,5.4734649658203125,5.0,0.4734649658203125
andechs,xgboost,summer_2024,541,22,5.2664055824279785,5.0,0.2664055824279785
andechs,xgboost,summer_2024,542,22,5.416985988616943,6.0,0.5830140113830566
andechs,xgboost,summer_2024,543,22,5.4072370529174805,5.0,0.40723705291748047
andechs,xgboost,summer_2024,544,22,5.207518100738525,4.0,1.2075181007385254
andechs,xgboost,summer_2024,545,22,5.162101745605469,4.0,1.1621017456054688
andechs,xgboost,summer_2024,546,22,5.178415298461914,5.0,0.17841529846191406
andechs,xgboost,summer_2024,547,22,5.074906826019287,5.0,0.07490682601928711
andechs,xgboost,summer_2024,548,22,4.79213809967041,6.0,1.2078619003295898
andechs,xgboost,summer_2024,549,22,4.549137115478516,6.0,1.4508628845214844
andechs,xgboost,summer_2024,550,22,4.379871368408203,6.0,1.6201286315917969
andechs,xgboost,summer_2024,551,22,4.1043524742126465,6.0,1.8956475257873535
andechs,xgboost,summer_2024,552,23,4.07174825668335,4.0,0.07174825668334961
andechs,xgboost,summer_2024,553,23,3.927640438079834,3.0,0.927640438079834
andechs,xgboost,summer_2024,554,23,3.844642162322998,3.0,0.844642162322998
andechs,xgboost,summer_2024,555,23,3.905128240585327,4.0,0.09487175941467285
andechs,xgboost,summer_2024,556,23,3.856142520904541,5.0,1.143857479095459
andechs,xgboost,summer_2024,557,23,3.943466901779175,5.0,1.0565330982208252
andechs,xgboost,summer_2024,558,23,3.9076669216156006,5.0,1.0923330783843994
andechs,xgboost,summer_2024,559,23,3.993213653564453,4.0,0.006786346435546875
andechs,xgboost,summer_2024,560,23,4.133427619934082,5.0,0.866572380065918
andechs,xgboost,summer_2024,561,23,4.11218786239624,4.0,0.11218786239624023
andechs,xgboost,summer_2024,562,23,4.3632378578186035,5.0,0.6367621421813965
andechs,xgboost,summer_2024,563,23,4.360317707061768,4.0,0.3603177070617676
andechs,xgboost,summer_2024,564,23,4.508725643157959,4.0,0.508725643157959
andechs,xgboost,summer_2024,565,23,4.569793224334717,4.0,0.5697932243347168
andechs,xgboost,summer_2024,566,23,4.6413092613220215,4.0,0.6413092613220215
andechs,xgboost,summer_2024,567,23,4.863364219665527,4.0,0.8633642196655273
andechs,xgboost,summer_2024,568,23,5.002547264099121,3.0,2.002547264099121
andechs,xgboost,summer_2024,569,23,5.129739761352539,4.0,1.129739761352539
andechs,xgboost,summer_2024,570,23,5.20858097076416,5.0,0.20858097076416016
andechs,xgboost,summer_2024,571,23,5.266524314880371,6.0,0.7334756851196289
andechs,xgboost,summer_2024,572,23,4.846273899078369,4.0,0.8462738990783691
andechs,xgboost,summer_2024,573,23,4.931406021118164,5.0,0.06859397888183594
andechs,xgboost,summer_2024,574,23,4.613393306732178,6.0,1.3866066932678223
andechs,xgboost,summer_2024,575,23,4.552877902984619,6.0,1.4471220970153809
andechs,xgboost,summer_2024,576,24,4.954744815826416,8.0,3.045255184173584
andechs,xgboost,summer_2024,577,24,5.179468154907227,9.0,3.8205318450927734
andechs,xgboost,summer_2024,578,24,5.29061222076416,9.0,3.70938777923584
andechs,xgboost,summer_2024,579,24,5.045214653015137,8.0,2.9547853469848633
andechs,xgboost,summer_2024,580,24,4.969914436340332,7.0,2.030085563659668
andechs,xgboost,summer_2024,581,24,4.7585015296936035,6.0,1.2414984703063965
andechs,xgboost,summer_2024,582,24,5.238044261932373,9.0,3.761955738067627
andechs,xgboost,summer_2024,583,24,4.984040260314941,7.0,2.0159597396850586
andechs,xgboost,summer_2024,584,24,5.249958515167236,7.0,1.7500414848327637
andechs,xgboost,summer_2024,585,24,5.9806904792785645,9.0,3.0193095207214355
andechs,xgboost,summer_2024,586,24,6.283575534820557,7.0,0.7164244651794434
andechs,xgboost,summer_2024,587,24,6.655364036560059,9.0,2.3446359634399414
andechs,xgboost,summer_2024,588,24,7.462428569793701,13.0,5.537571430206299
andechs,xgboost,summer_2024,589,24,7.905077934265137,12.0,4.094922065734863
andechs,xgboost,summer_2024,590,24,7.505579471588135,7.0,0.5055794715881348
andechs,xgboost,summer_2024,591,24,7.238927364349365,7.0,0.23892736434936523
andechs,xgboost,summer_2024,592,24,7.031274318695068,6.0,1.0312743186950684
andechs,xgboost,summer_2024,593,24,7.102933883666992,6.0,1.1029338836669922
andechs,xgboost,summer_2024,594,24,7.426074028015137,8.0,0.5739259719848633
andechs,xgboost,summer_2024,595,24,7.547533988952637,7.0,0.5475339889526367
andechs,xgboost,summer_2024,596,24,6.9391913414001465,8.0,1.0608086585998535
andechs,xgboost,summer_2024,597,24,6.846174240112305,8.0,1.1538257598876953
andechs,xgboost,summer_2024,598,24,6.773428440093994,8.0,1.2265715599060059
andechs,xgboost,summer_2024,599,24,6.460374355316162,8.0,1.539625644683838
andechs,xgboost,summer_2024,600,25,6.215890884399414,9.0,2.784109115600586
andechs,xgboost,summer_2024,601,25,6.445641994476318,10.0,3.5543580055236816
andechs,xgboost,summer_2024,602,25,6.469112873077393,11.0,4.530887126922607
andechs,xgboost,summer_2024,603,25,6.360330581665039,11.0,4.639669418334961
andechs,xgboost,summer_2024,604,25,6.708012104034424,12.0,5.291987895965576
andechs,xgboost,summer_2024,605,25,6.354528903961182,10.0,3.6454710960388184
andechs,xgboost,summer_2024,606,25,5.986553192138672,9.0,3.013446807861328
andechs,xgboost,summer_2024,607,25,5.778023719787598,8.0,2.2219762802124023
andechs,xgboost,summer_2024,608,25,6.096490383148193,7.0,0.9035096168518066
andechs,xgboost,summer_2024,609,25,6.507756233215332,6.0,0.507756233215332
andechs,xgboost,summer_2024,610,25,6.893106460571289,9.0,2.106893539428711
andechs,xgboost,summer_2024,611,25,7.43311882019043,9.0,1.5668811798095703
andechs,xgboost,summer_2024,612,25,7.674899101257324,8.0,0.3251008987426758
andechs,xgboost,summer_2024,613,25,8.09414291381836,9.0,0.9058570861816406
andechs,xgboost,summer_2024,614,25,8.50280475616455,10.0,1.4971952438354492
andechs,xgboost,summer_2024,615,25,8.671367645263672,10.0,1.3286323547363281
andechs,xgboost,summer_2024,616,25,8.811837196350098,11.0,2.1881628036499023
andechs,xgboost,summer_2024,617,25,9.577862739562988,13.0,3.4221372604370117
andechs,xgboost,summer_2024,618,25,10.217236518859863,12.0,1.7827634811401367
andechs,xgboost,summer_2024,619,25,10.197444915771484,10.0,0.19744491577148438
andechs,xgboost,summer_2024,620,25,9.851922988891602,11.0,1.1480770111083984
andechs,xgboost,summer_2024,621,25,9.500965118408203,12.0,2.499034881591797
andechs,xgboost,summer_2024,622,25,9.721587181091309,12.0,2.2784128189086914
andechs,xgboost,summer_2024,623,25,9.325753211975098,11.0,1.6742467880249023
andechs,xgboost,summer_2024,624,26,9.548707962036133,13.0,3.451292037963867
andechs,xgboost,summer_2024,625,26,9.461542129516602,15.0,5.538457870483398
andechs,xgboost,summer_2024,626,26,9.398209571838379,14.0,4.601790428161621
andechs,xgboost,summer_2024,627,26,9.15185260772705,16.0,6.848147392272949
andechs,xgboost,summer_2024,628,26,9.493242263793945,15.0,5.506757736206055
andechs,xgboost,summer_2024,629,26,8.974764823913574,14.0,5.025235176086426
andechs,xgboost,summer_2024,630,26,8.655624389648438,13.0,4.3443756103515625
andechs,xgboost,summer_2024,631,26,7.713089466094971,12.0,4.286910533905029
andechs,xgboost,summer_2024,632,26,7.947780609130859,10.0,2.0522193908691406
andechs,xgboost,summer_2024,633,26,8.481986045837402,10.0,1.5180139541625977
andechs,xgboost,summer_2024,634,26,8.458532333374023,9.0,0.5414676666259766
andechs,xgboost,summer_2024,635,26,8.275415420532227,9.0,0.7245845794677734
andechs,xgboost,summer_2024,636,26,8.22097396850586,9.0,0.7790260314941406
andechs,xgboost,summer_2024,637,26,8.105119705200195,9.0,0.8948802947998047
andechs,xgboost,summer_2024,638,26,8.12884521484375,9.0,0.87115478515625
andechs,xgboost,summer_2024,639,26,8.247980117797852,10.0,1.7520198822021484
andechs,xgboost,summer_2024,640,26,8.42263412475586,10.0,1.5773658752441406
andechs,xgboost,summer_2024,641,26,8.37380313873291,10.0,1.6261968612670898
andechs,xgboost,summer_2024,642,26,8.462506294250488,11.0,2.5374937057495117
andechs,xgboost,summer_2024,643,26,8.905054092407227,13.0,4.094945907592773
andechs,xgboost,summer_2024,644,26,9.760009765625,13.0,3.239990234375
andechs,xgboost,summer_2024,645,26,9.618261337280273,12.0,2.3817386627197266
andechs,xgboost,summer_2024,646,26,9.31635570526123,12.0,2.6836442947387695
andechs,xgboost,summer_2024,647,26,9.544535636901855,13.0,3.4554643630981445
andechs,xgboost,summer_2024,648,27,9.596515655517578,12.0,2.403484344482422
andechs,xgboost,summer_2024,649,27,9.6325101852417,12.0,2.367489814758301
andechs,xgboost,summer_2024,650,27,9.018401145935059,12.0,2.9815988540649414
andechs,xgboost,summer_2024,651,27,8.423900604248047,11.0,2.576099395751953
andechs,xgboost,summer_2024,652,27,8.26016902923584,11.0,2.73983097076416
andechs,xgboost,summer_2024,653,27,8.469366073608398,13.0,4.530633926391602
andechs,xgboost,summer_2024,654,27,6.576574325561523,5.0,1.5765743255615234
andechs,xgboost,summer_2024,655,27,5.266939640045166,3.0,2.266939640045166
andechs,xgboost,summer_2024,656,27,4.29016637802124,3.0,1.2901663780212402
andechs,xgboost,summer_2024,657,27,3.568315267562866,3.0,0.5683152675628662
andechs,xgboost,summer_2024,658,27,3.1177279949188232,2.0,1.1177279949188232
andechs,xgboost,summer_2024,659,27,3.0657479763031006,2.0,1.0657479763031006
andechs,xgboost,summer_2024,660,27,3.0191619396209717,3.0,0.01916193962097168
andechs,xgboost,summer_2024,661,27,3.3946967124938965,5.0,1.6053032875061035
andechs,xgboost,summer_2024,662,27,3.669887065887451,6.0,2.330112934112549
andechs,xgboost,summer_2024,663,27,3.7857134342193604,6.0,2.2142865657806396
andechs,xgboost,summer_2024,664,27,4.3371500968933105,5.0,0.6628499031066895
andechs,xgboost,summer_2024,665,27,4.43426513671875,4.0,0.43426513671875
andechs,xgboost,summer_2024,666,27,4.705345153808594,5.0,0.29465484619140625
andechs,xgboost,summer_2024,667,27,4.951103210449219,5.0,0.04889678955078125
andechs,xgboost,summer_2024,668,27,4.762457370758057,5.0,0.23754262924194336
andechs,xgboost,summer_2024,669,27,4.543991565704346,4.0,0.5439915657043457
andechs,xgboost,summer_2024,670,27,4.23892879486084,4.0,0.23892879486083984
andechs,xgboost,summer_2024,671,27,3.9588823318481445,4.0,0.04111766815185547
andechs,xgboost,summer_2024,672,28,3.9137425422668457,4.0,0.0862574577331543
andechs,xgboost,summer_2024,673,28,4.11640739440918,4.0,0.11640739440917969
andechs,xgboost,summer_2024,674,28,4.225494861602783,4.0,0.2254948616027832
andechs,xgboost,summer_2024,675,28,4.196761608123779,5.0,0.8032383918762207
andechs,xgboost,summer_2024,676,28,4.113953113555908,4.0,0.1139531135559082
andechs,xgboost,summer_2024,677,28,4.182845115661621,4.0,0.1828451156616211
andechs,xgboost,summer_2024,678,28,4.870112419128418,6.0,1.129887580871582
andechs,xgboost,summer_2024,679,28,5.342892169952393,6.0,0.6571078300476074
andechs,xgboost,summer_2024,680,28,5.42182731628418,6.0,0.5781726837158203
andechs,xgboost,summer_2024,681,28,5.524758815765381,6.0,0.47524118423461914
andechs,xgboost,summer_2024,682,28,5.8977580070495605,7.0,1.1022419929504395
andechs,xgboost,summer_2024,683,28,6.332650661468506,7.0,0.6673493385314941
andechs,xgboost,summer_2024,684,28,6.6299729347229,7.0,0.3700270652770996
andechs,xgboost,summer_2024,685,28,6.564882755279541,7.0,0.435117244720459
andechs,xgboost,summer_2024,686,28,6.201757431030273,7.0,0.7982425689697266
andechs,xgboost,summer_2024,687,28,6.317684173583984,7.0,0.6823158264160156
andechs,xgboost,summer_2024,688,28,6.3477325439453125,9.0,2.6522674560546875
andechs,xgboost,summer_2024,689,28,6.8553080558776855,9.0,2.1446919441223145
andechs,xgboost,summer_2024,690,28,7.430905818939209,9.0,1.569094181060791
andechs,xgboost,summer_2024,691,28,7.765011787414551,8.0,0.23498821258544922
andechs,xgboost,summer_2024,692,28,7.898568630218506,9.0,1.1014313697814941
andechs,xgboost,summer_2024,693,28,7.837728023529053,8.0,0.16227197647094727
andechs,xgboost,summer_2024,694,28,7.7655463218688965,8.0,0.23445367813110352
andechs,xgboost,summer_2024,695,28,7.403916358947754,8.0,0.5960836410522461
andechs,xgboost,summer_2024,696,29,6.800386905670166,8.0,1.199613094329834
andechs,xgboost,summer_2024,697,29,6.535975456237793,8.0,1.464024543762207
andechs,xgboost,summer_2024,698,29,6.115991592407227,8.0,1.8840084075927734
andechs,xgboost,summer_2024,699,29,5.9417524337768555,8.0,2.0582475662231445
andechs,xgboost,summer_2024,700,29,5.882065773010254,8.0,2.117934226989746
andechs,xgboost,summer_2024,701,29,6.071298122406006,9.0,2.928701877593994
andechs,xgboost,summer_2024,702,29,6.085697174072266,9.0,2.9143028259277344
andechs,xgboost,summer_2024,703,29,6.059920787811279,8.0,1.9400792121887207
andechs,xgboost,summer_2024,704,29,6.3955183029174805,9.0,2.6044816970825195
andechs,xgboost,summer_2024,705,29,6.707448482513428,8.0,1.2925515174865723
andechs,xgboost,summer_2024,706,29,7.097378253936768,9.0,1.9026217460632324
andechs,xgboost,summer_2024,707,29,7.373511791229248,10.0,2.626488208770752
andechs,xgboost,summer_2024,708,29,7.641499042510986,9.0,1.3585009574890137
andechs,xgboost,summer_2024,709,29,7.493969440460205,9.0,1.506030559539795
andechs,xgboost,summer_2024,710,29,7.777373313903809,9.0,1.2226266860961914
andechs,xgboost,summer_2024,711,29,8.643383026123047,10.0,1.3566169738769531
andechs,xgboost,summer_2024,712,29,8.55909252166748,10.0,1.4409074783325195
andechs,xgboost,summer_2024,713,29,8.891911506652832,11.0,2.108088493347168
andechs,xgboost,summer_2024,714,29,8.999537467956543,8.0,0.999537467956543
andechs,xgboost,summer_2024,715,29,9.095861434936523,9.0,0.09586143493652344
andechs,xgboost,summer_2024,716,29,9.310023307800293,12.0,2.689976692199707
andechs,xgboost,summer_2024,717,29,9.503275871276855,13.0,3.4967241287231445
andechs,xgboost,summer_2024,718,29,9.448201179504395,13.0,3.5517988204956055
andechs,xgboost,summer_2024,719,29,9.054412841796875,13.0,3.945587158203125
andechs,xgboost,summer_2024,720,30,9.444433212280273,13.0,3.5555667877197266
andechs,xgboost,summer_2024,721,30,9.335773468017578,13.0,3.664226531982422
andechs,xgboost,summer_2024,722,30,8.92154598236084,14.0,5.07845401763916
andechs,xgboost,summer_2024,723,30,8.64607048034668,13.0,4.35392951965332
andechs,xgboost,summer_2024,724,30,7.782689094543457,13.0,5.217310905456543
andechs,xgboost,summer_2024,725,30,7.737607955932617,11.0,3.262392044067383
andechs,xgboost,summer_2024,726,30,7.433918476104736,9.0,1.5660815238952637
andechs,xgboost,summer_2024,727,30,6.985652923583984,8.0,1.0143470764160156
andechs,xgboost,summer_2024,728,30,7.421804904937744,9.0,1.5781950950622559
andechs,xgboost,summer_2024,729,30,8.64393424987793,12.0,3.3560657501220703
andechs,xgboost,summer_2024,730,30,8.942981719970703,13.0,4.057018280029297
andechs,xgboost,summer_2024,731,30,9.789124488830566,13.0,3.2108755111694336
andechs,xgboost,summer_2024,732,30,10.402817726135254,14.0,3.597182273864746
andechs,xgboost,summer_2024,733,30,11.634547233581543,20.0,8.365452766418457
andechs,xgboost,summer_2024,734,30,11.827672004699707,16.0,4.172327995300293
andechs,xgboost,summer_2024,735,30,12.54745101928711,17.0,4.452548980712891
andechs,xgboost,summer_2024,736,30,13.535995483398438,18.0,4.4640045166015625
andechs,xgboost,summer_2024,737,30,14.111312866210938,17.0,2.8886871337890625
andechs,xgboost,summer_2024,738,30,14.258708000183105,16.0,1.7412919998168945
andechs,xgboost,summer_2024,739,30,13.457262992858887,12.0,1.4572629928588867
andechs,xgboost,summer_2024,740,30,7.874860763549805,6.0,1.8748607635498047
andechs,xgboost,summer_2024,741,30,6.301116943359375,6.0,0.301116943359375
andechs,xgboost,summer_2024,742,30,5.987831115722656,6.0,0.01216888427734375
andechs,xgboost,summer_2024,743,30,5.453924179077148,6.0,0.5460758209228516
andechs,xgboost,summer_2024,744,31,5.037919998168945,6.0,0.9620800018310547
andechs,xgboost,summer_2024,745,31,4.992851734161377,5.0,0.007148265838623047
andechs,xgboost,summer_2024,746,31,4.783960819244385,5.0,0.21603918075561523
andechs,xgboost,summer_2024,747,31,4.569716930389404,4.0,0.5697169303894043
andechs,xgboost,summer_2024,748,31,4.616231441497803,5.0,0.38376855850219727
andechs,xgboost,summer_2024,749,31,4.543021202087402,6.0,1.4569787979125977
andechs,xgboost,summer_2024,750,31,4.818676948547363,7.0,2.1813230514526367
andechs,xgboost,summer_2024,751,31,4.758172035217285,7.0,2.241827964782715
andechs,xgboost,summer_2024,752,31,5.21216344833374,8.0,2.7878365516662598
andechs,xgboost,summer_2024,753,31,5.457881450653076,7.0,1.5421185493469238
andechs,xgboost,summer_2024,754,31,5.387444972991943,6.0,0.6125550270080566
andechs,xgboost,summer_2024,755,31,5.583348751068115,7.0,1.4166512489318848
andechs,xgboost,summer_2024,756,31,5.76961612701416,8.0,2.23038387298584
andechs,xgboost,summer_2024,757,31,6.218180179595947,8.0,1.7818198204040527
andechs,xgboost,summer_2024,758,31,6.009496688842773,6.0,0.009496688842773438
andechs,xgboost,summer_2024,759,31,5.71967077255249,6.0,0.28032922744750977
andechs,xgboost,summer_2024,760,31,5.847617149353027,7.0,1.1523828506469727
andechs,xgboost,summer_2024,761,31,6.303387641906738,8.0,1.6966123580932617
andechs,xgboost,summer_2024,762,31,6.446336269378662,8.0,1.553663730621338
andechs,xgboost,summer_2024,763,31,6.29523229598999,8.0,1.7047677040100098
andechs,xgboost,summer_2024,764,31,6.176243305206299,9.0,2.823756694793701
andechs,xgboost,summer_2024,765,31,6.123356342315674,11.0,4.876643657684326
andechs,xgboost,summer_2024,766,31,6.0878448486328125,13.0,6.9121551513671875
andechs,xgboost,summer_2024,767,31,6.164964199066162,13.0,6.835035800933838
andechs,xgboost,summer_2024,768,32,6.437657833099365,12.0,5.562342166900635
andechs,xgboost,summer_2024,769,32,6.582671642303467,11.0,4.417328357696533
andechs,xgboost,summer_2024,770,32,7.130347728729248,11.0,3.869652271270752
andechs,xgboost,summer_2024,771,32,7.587625503540039,12.0,4.412374496459961
andechs,xgboost,summer_2024,772,32,7.883072376251221,12.0,4.116927623748779
andechs,xgboost,summer_2024,773,32,8.604947090148926,13.0,4.395052909851074
andechs,xgboost,summer_2024,774,32,8.589653015136719,14.0,5.410346984863281
andechs,xgboost,summer_2024,775,32,8.085055351257324,11.0,2.914944648742676
andechs,xgboost,summer_2024,776,32,7.459717750549316,8.0,0.5402822494506836
andechs,xgboost,summer_2024,777,32,6.488399028778076,6.0,0.48839902877807617
andechs,xgboost,summer_2024,778,32,5.673708915710449,6.0,0.3262910842895508
andechs,xgboost,summer_2024,779,32,5.496743202209473,7.0,1.5032567977905273
andechs,xgboost,summer_2024,780,32,5.434812068939209,6.0,0.565187931060791
andechs,xgboost,summer_2024,781,32,5.326311111450195,6.0,0.6736888885498047
andechs,xgboost,summer_2024,782,32,5.2494988441467285,6.0,0.7505011558532715
andechs,xgboost,summer_2024,783,32,5.299416542053223,7.0,1.7005834579467773
andechs,xgboost,summer_2024,784,32,5.237246036529541,8.0,2.762753963470459
andechs,xgboost,summer_2024,785,32,5.239683151245117,6.0,0.7603168487548828
andechs,xgboost,summer_2024,786,32,4.8725433349609375,4.0,0.8725433349609375
andechs,xgboost,summer_2024,787,32,4.967069149017334,5.0,0.032930850982666016
andechs,xgboost,summer_2024,788,32,4.983987331390381,5.0,0.01601266860961914
andechs,xgboost,summer_2024,789,32,4.592767715454102,5.0,0.40723228454589844
andechs,xgboost,summer_2024,790,32,4.601573467254639,6.0,1.3984265327453613
andechs,xgboost,summer_2024,791,32,5.027898788452148,7.0,1.9721012115478516
andechs,xgboost,summer_2024,792,33,5.431529521942139,7.0,1.5684704780578613
andechs,xgboost,summer_2024,793,33,5.596067428588867,8.0,2.403932571411133
andechs,xgboost,summer_2024,794,33,5.569509983062744,8.0,2.430490016937256
andechs,xgboost,summer_2024,795,33,5.537705898284912,9.0,3.462294101715088
andechs,xgboost,summer_2024,796,33,5.227109432220459,8.0,2.772890567779541
andechs,xgboost,summer_2024,797,33,5.354179382324219,8.0,2.6458206176757812
andechs,xgboost,summer_2024,798,33,4.663904190063477,5.0,0.33609580993652344
andechs,xgboost,summer_2024,799,33,4.155510425567627,4.0,0.15551042556762695
andechs,xgboost,summer_2024,800,33,3.910407066345215,4.0,0.08959293365478516
andechs,xgboost,summer_2024,801,33,3.8979382514953613,4.0,0.10206174850463867
andechs,xgboost,summer_2024,802,33,4.175008296966553,4.0,0.17500829696655273
andechs,xgboost,summer_2024,803,33,4.327608108520508,4.0,0.3276081085205078
andechs,xgboost,summer_2024,804,33,4.576225280761719,4.0,0.5762252807617188
andechs,xgboost,summer_2024,805,33,4.918178558349609,5.0,0.08182144165039062
andechs,xgboost,summer_2024,806,33,5.1455888748168945,5.0,0.14558887481689453
andechs,xgboost,summer_2024,807,33,5.196614742279053,7.0,1.8033852577209473
andechs,xgboost,summer_2024,808,33,5.560703277587891,8.0,2.4392967224121094
andechs,xgboost,summer_2024,809,33,5.761079788208008,10.0,4.238920211791992
andechs,xgboost,summer_2024,810,33,6.4715576171875,12.0,5.5284423828125
andechs,xgboost,summer_2024,811,33,6.921561241149902,15.0,8.078438758850098
andechs,xgboost,summer_2024,812,33,7.210075378417969,13.0,5.789924621582031
andechs,xgboost,summer_2024,813,33,7.723048686981201,12.0,4.276951313018799
andechs,xgboost,summer_2024,814,33,7.850972652435303,14.0,6.149027347564697
andechs,xgboost,summer_2024,815,33,8.012969017028809,12.0,3.9870309829711914
andechs,xgboost,summer_2024,816,34,8.423694610595703,11.0,2.576305389404297
andechs,xgboost,summer_2024,817,34,7.740631103515625,7.0,0.740631103515625
andechs,xgboost,summer_2024,818,34,6.875985145568848,6.0,0.8759851455688477
andechs,xgboost,summer_2024,819,34,5.739846229553223,6.0,0.26015377044677734
andechs,xgboost,summer_2024,820,34,5.3440070152282715,6.0,0.6559929847717285
andechs,xgboost,summer_2024,821,34,5.30557918548584,7.0,1.6944208145141602
andechs,xgboost,summer_2024,822,34,5.234898567199707,9.0,3.765101432800293
andechs,xgboost,summer_2024,823,34,5.4131669998168945,10.0,4.5868330001831055
andechs,xgboost,summer_2024,824,34,5.32835054397583,8.0,2.67164945602417
andechs,xgboost,summer_2024,825,34,5.287402629852295,7.0,1.712597370147705
andechs,xgboost,summer_2024,826,34,5.469928741455078,8.0,2.530071258544922
andechs,xgboost,summer_2024,827,34,5.753140926361084,8.0,2.246859073638916
andechs,xgboost,summer_2024,828,34,6.5197319984436035,8.0,1.4802680015563965
andechs,xgboost,summer_2024,829,34,6.386486053466797,8.0,1.6135139465332031
andechs,xgboost,summer_2024,830,34,6.652893543243408,8.0,1.3471064567565918
andechs,xgboost,summer_2024,831,34,6.761595726013184,8.0,1.2384042739868164
andechs,xgboost,summer_2024,832,34,6.923989295959473,9.0,2.0760107040405273
andechs,xgboost,summer_2024,833,34,6.98159122467041,9.0,2.01840877532959
andechs,xgboost,summer_2024,834,34,6.997066497802734,10.0,3.0029335021972656
andechs,xgboost,summer_2024,835,34,6.662969589233398,9.0,2.3370304107666016
andechs,xgboost,summer_2024,836,34,6.388495922088623,10.0,3.611504077911377
andechs,xgboost,summer_2024,837,34,6.267190933227539,9.0,2.732809066772461
andechs,xgboost,summer_2024,838,34,6.280273914337158,9.0,2.719726085662842
andechs,xgboost,summer_2024,839,34,6.258367538452148,9.0,2.7416324615478516
andechs,xgboost,summer_2024,840,35,6.286363124847412,9.0,2.713636875152588
andechs,xgboost,summer_2024,841,35,6.465172290802002,12.0,5.534827709197998
andechs,xgboost,summer_2024,842,35,6.4697771072387695,11.0,4.5302228927612305
andechs,xgboost,summer_2024,843,35,6.286365985870361,9.0,2.7136340141296387
andechs,xgboost,summer_2024,844,35,5.927905559539795,8.0,2.072094440460205
andechs,xgboost,summer_2024,845,35,5.601751327514648,8.0,2.3982486724853516
andechs,xgboost,summer_2024,846,35,4.8963942527771,7.0,2.1036057472229004
andechs,xgboost,summer_2024,847,35,4.622981071472168,4.0,0.622981071472168
andechs,xgboost,summer_2024,848,35,4.281872272491455,4.0,0.2818722724914551
andechs,xgboost,summer_2024,849,35,3.7526981830596924,3.0,0.7526981830596924
andechs,xgboost,summer_2024,850,35,3.8762528896331787,5.0,1.1237471103668213
andechs,xgboost,summer_2024,851,35,4.094663619995117,5.0,0.9053363800048828
andechs,xgboost,summer_2024,852,35,4.906720161437988,7.0,2.0932798385620117
andechs,xgboost,summer_2024,853,35,5.177707195281982,7.0,1.8222928047180176
andechs,xgboost,summer_2024,854,35,5.224780559539795,7.0,1.775219440460205
andechs,xgboost,summer_2024,855,35,5.331174373626709,7.0,1.668825626373291
andechs,xgboost,summer_2024,856,35,5.724588394165039,7.0,1.275411605834961
andechs,xgboost,summer_2024,857,35,5.899801254272461,8.0,2.100198745727539
andechs,xgboost,summer_2024,858,35,6.653532028198242,11.0,4.346467971801758
andechs,xgboost,summer_2024,859,35,6.383572101593018,7.0,0.6164278984069824
andechs,xgboost,summer_2024,860,35,6.1208600997924805,8.0,1.8791399002075195
andechs,xgboost,summer_2024,861,35,6.043173789978027,7.0,0.9568262100219727
andechs,xgboost,summer_2024,862,35,5.6680097579956055,6.0,0.33199024200439453
andechs,xgboost,summer_2024,863,35,5.325501441955566,7.0,1.6744985580444336
andechs,xgboost,summer_2024,864,36,5.275844097137451,8.0,2.724155902862549
andechs,xgboost,summer_2024,865,36,5.010340213775635,9.0,3.9896597862243652
andechs,xgboost,summer_2024,866,36,4.932081699371338,10.0,5.067918300628662
andechs,xgboost,summer_2024,867,36,4.6327128410339355,10.0,5.3672871589660645
andechs,xgboost,summer_2024,868,36,4.477358341217041,8.0,3.522641658782959
andechs,xgboost,summer_2024,869,36,4.604670524597168,8.0,3.395329475402832
andechs,xgboost,summer_2024,870,36,4.736470699310303,10.0,5.263529300689697
andechs,xgboost,summer_2024,871,36,4.856328010559082,9.0,4.143671989440918
andechs,xgboost,summer_2024,872,36,5.239662170410156,9.0,3.7603378295898438
andechs,xgboost,summer_2024,873,36,5.309784412384033,8.0,2.690215587615967
andechs,xgboost,summer_2024,874,36,5.336081504821777,7.0,1.6639184951782227
andechs,xgboost,summer_2024,875,36,5.3374857902526855,7.0,1.6625142097473145
andechs,xgboost,summer_2024,876,36,6.004768371582031,12.0,5.995231628417969
andechs,xgboost,summer_2024,877,36,6.586673259735107,12.0,5.413326740264893
andechs,xgboost,summer_2024,878,36,6.584324359893799,8.0,1.4156756401062012
andechs,xgboost,summer_2024,879,36,6.341124534606934,7.0,0.6588754653930664
andechs,xgboost,summer_2024,880,36,5.985719203948975,8.0,2.0142807960510254
andechs,xgboost,summer_2024,881,36,6.213435173034668,10.0,3.786564826965332
andechs,xgboost,summer_2024,882,36,6.438317775726318,9.0,2.5616822242736816
andechs,xgboost,summer_2024,883,36,6.379500865936279,10.0,3.6204991340637207
andechs,xgboost,summer_2024,884,36,6.576784133911133,10.0,3.423215866088867
andechs,xgboost,summer_2024,885,36,6.539745807647705,11.0,4.460254192352295
andechs,xgboost,summer_2024,886,36,6.173514366149902,10.0,3.8264856338500977
andechs,xgboost,summer_2024,887,36,6.466019630432129,10.0,3.533980369567871
andechs,xgboost,summer_2024,888,37,6.634220600128174,10.0,3.365779399871826
andechs,xgboost,summer_2024,889,37,6.742228031158447,11.0,4.257771968841553
andechs,xgboost,summer_2024,890,37,6.72868013381958,12.0,5.27131986618042
andechs,xgboost,summer_2024,891,37,6.728485584259033,12.0,5.271514415740967
andechs,xgboost,summer_2024,892,37,6.618013858795166,11.0,4.381986141204834
andechs,xgboost,summer_2024,893,37,6.650566101074219,11.0,4.349433898925781
andechs,xgboost,summer_2024,894,37,6.592454433441162,11.0,4.407545566558838
andechs,xgboost,summer_2024,895,37,6.881181240081787,12.0,5.118818759918213
andechs,xgboost,summer_2024,896,37,7.1519880294799805,11.0,3.8480119705200195
andechs,xgboost,summer_2024,897,37,7.602014064788818,12.0,4.397985935211182
andechs,xgboost,summer_2024,898,37,7.980003356933594,11.0,3.0199966430664062
andechs,xgboost,summer_2024,899,37,8.33617115020752,11.0,2.6638288497924805
andechs,xgboost,summer_2024,900,37,8.089494705200195,9.0,0.9105052947998047
andechs,xgboost,summer_2024,901,37,6.904666423797607,6.0,0.9046664237976074
andechs,xgboost,summer_2024,902,37,5.7944464683532715,6.0,0.20555353164672852
andechs,xgboost,summer_2024,903,37,5.137291431427002,5.0,0.13729143142700195
andechs,xgboost,summer_2024,904,37,4.660128593444824,3.0,1.6601285934448242
andechs,xgboost,summer_2024,905,37,4.465141773223877,4.0,0.46514177322387695
andechs,xgboost,summer_2024,906,37,4.548537254333496,4.0,0.5485372543334961
andechs,xgboost,summer_2024,907,37,4.761455059051514,5.0,0.23854494094848633
andechs,xgboost,summer_2024,908,37,4.9391188621521,7.0,2.0608811378479004
andechs,xgboost,summer_2024,909,37,4.8382368087768555,7.0,2.1617631912231445
andechs,xgboost,summer_2024,910,37,4.434538841247559,5.0,0.5654611587524414
andechs,xgboost,summer_2024,911,37,4.060740947723389,4.0,0.06074094772338867
andechs,xgboost,summer_2024,912,38,4.42265510559082,5.0,0.5773448944091797
andechs,xgboost,summer_2024,913,38,4.566768646240234,5.0,0.4332313537597656
andechs,xgboost,summer_2024,914,38,4.67635440826416,6.0,1.3236455917358398
andechs,xgboost,summer_2024,915,38,4.723752975463867,6.0,1.2762470245361328
andechs,xgboost,summer_2024,916,38,4.891623497009277,7.0,2.1083765029907227
andechs,xgboost,summer_2024,917,38,4.70550537109375,6.0,1.29449462890625
andechs,xgboost,summer_2024,918,38,4.7839674949646,7.0,2.2160325050354004
andechs,xgboost,summer_2024,919,38,5.137025356292725,6.0,0.8629746437072754
andechs,xgboost,summer_2024,920,38,5.533936500549316,7.0,1.4660634994506836
andechs,xgboost,summer_2024,921,38,5.484381675720215,6.0,0.5156183242797852
andechs,xgboost,summer_2024,922,38,5.754378318786621,6.0,0.2456216812133789
andechs,xgboost,summer_2024,923,38,6.791614055633545,8.0,1.208385944366455
andechs,xgboost,summer_2024,924,38,9.546311378479004,11.0,1.453688621520996
andechs,xgboost,summer_2024,925,38,10.730772972106934,8.0,2.7307729721069336
andechs,xgboost,summer_2024,926,38,9.704719543457031,7.0,2.7047195434570312
andechs,xgboost,summer_2024,927,38,7.902143478393555,5.0,2.9021434783935547
andechs,xgboost,summer_2024,928,38,7.449429988861084,6.0,1.449429988861084
andechs,xgboost,summer_2024,929,38,8.347182273864746,11.0,2.652817726135254
andechs,xgboost,summer_2024,930,38,8.441123008728027,10.0,1.5588769912719727
andechs,xgboost,summer_2024,931,38,8.396018028259277,9.0,0.6039819717407227
andechs,xgboost,summer_2024,932,38,7.547335147857666,7.0,0.547335147857666
andechs,xgboost,summer_2024,933,38,6.689053535461426,7.0,0.3109464645385742
andechs,xgboost,summer_2024,934,38,5.981348514556885,6.0,0.018651485443115234
andechs,xgboost,summer_2024,935,38,5.127771854400635,5.0,0.12777185440063477
andechs,xgboost,summer_2024,936,39,5.054537773132324,5.0,0.05453777313232422
andechs,xgboost,summer_2024,937,39,4.837009906768799,5.0,0.16299009323120117
andechs,xgboost,summer_2024,938,39,4.468347072601318,5.0,0.5316529273986816
andechs,xgboost,summer_2024,939,39,4.091799259185791,4.0,0.09179925918579102
andechs,xgboost,summer_2024,940,39,3.7809243202209473,4.0,0.21907567977905273
andechs,xgboost,summer_2024,941,39,3.6854310035705566,5.0,1.3145689964294434
andechs,xgboost,summer_2024,942,39,3.8570783138275146,7.0,3.1429216861724854
andechs,xgboost,summer_2024,943,39,4.406663417816162,10.0,5.593336582183838
andechs,xgboost,summer_2024,944,39,4.6778082847595215,8.0,3.3221917152404785
andechs,xgboost,summer_2024,945,39,5.695703029632568,10.0,4.304296970367432
andechs,xgboost,summer_2024,946,39,5.935204982757568,7.0,1.0647950172424316
andechs,xgboost,summer_2024,947,39,6.174939155578613,6.0,0.17493915557861328
andechs,xgboost,summer_2024,948,39,6.316917419433594,5.0,1.3169174194335938
andechs,xgboost,summer_2024,949,39,6.102565765380859,4.0,2.1025657653808594
andechs,xgboost,summer_2024,950,39,6.0072479248046875,4.0,2.0072479248046875
andechs,xgboost,summer_2024,951,39,6.235781192779541,3.0,3.235781192779541
andechs,xgboost,summer_2024,952,39,6.231186866760254,4.0,2.231186866760254
andechs,xgboost,summer_2024,953,39,6.338080406188965,4.0,2.338080406188965
andechs,xgboost,summer_2024,954,39,6.301974296569824,4.0,2.301974296569824
andechs,xgboost,summer_2024,955,39,6.316298961639404,6.0,0.3162989616394043
andechs,xgboost,summer_2024,956,39,6.231380939483643,6.0,0.23138093948364258
andechs,xgboost,summer_2024,957,39,5.987044334411621,6.0,0.012955665588378906
andechs,xgboost,summer_2024,958,39,5.443998336791992,5.0,0.4439983367919922
andechs,xgboost,summer_2024,959,39,5.095113754272461,5.0,0.09511375427246094
andechs,xgboost,summer_2024,960,40,5.598433017730713,5.0,0.5984330177307129
andechs,xgboost,summer_2024,961,40,5.714119911193848,5.0,0.7141199111938477
andechs,xgboost,summer_2024,962,40,5.653013706207275,5.0,0.6530137062072754
andechs,xgboost,summer_2024,963,40,5.360188961029053,5.0,0.36018896102905273
andechs,xgboost,summer_2024,964,40,4.987144947052002,5.0,0.012855052947998047
andechs,xgboost,summer_2024,965,40,4.715818405151367,5.0,0.2841815948486328
andechs,xgboost,summer_2024,966,40,4.712536811828613,5.0,0.2874631881713867
andechs,xgboost,summer_2024,967,40,5.0746870040893555,5.0,0.07468700408935547
andechs,xgboost,summer_2024,968,40,5.3402814865112305,4.0,1.3402814865112305
andechs,xgboost,summer_2024,969,40,5.568626403808594,5.0,0.5686264038085938
andechs,xgboost,summer_2024,970,40,5.7853217124938965,4.0,1.7853217124938965
andechs,xgboost,summer_2024,971,40,6.293366432189941,4.0,2.2933664321899414
andechs,xgboost,summer_2024,972,40,6.593864440917969,5.0,1.5938644409179688
andechs,xgboost,summer_2024,973,40,6.749556064605713,5.0,1.749556064605713
andechs,xgboost,summer_2024,974,40,6.621130466461182,6.0,0.6211304664611816
andechs,xgboost,summer_2024,975,40,6.42119026184082,5.0,1.4211902618408203
andechs,xgboost,summer_2024,976,40,6.475541591644287,5.0,1.475541591644287
andechs,xgboost,summer_2024,977,40,6.273265838623047,5.0,1.2732658386230469
andechs,xgboost,summer_2024,978,40,6.717937469482422,6.0,0.7179374694824219
andechs,xgboost,summer_2024,979,40,6.827258110046387,6.0,0.8272581100463867
andechs,xgboost,summer_2024,980,40,6.724559307098389,7.0,0.27544069290161133
andechs,xgboost,summer_2024,981,40,6.682442665100098,8.0,1.3175573348999023
andechs,xgboost,summer_2024,982,40,6.493707180023193,8.0,1.5062928199768066
andechs,xgboost,summer_2024,983,40,6.508427619934082,9.0,2.491572380065918
andechs,xgboost,summer_2024,984,41,6.783077239990234,10.0,3.2169227600097656
andechs,xgboost,summer_2024,985,41,6.7483415603637695,10.0,3.2516584396362305
andechs,xgboost,summer_2024,986,41,6.275876045227051,10.0,3.724123954772949
andechs,xgboost,summer_2024,987,41,5.879554748535156,10.0,4.120445251464844
andechs,xgboost,summer_2024,988,41,5.723597526550293,11.0,5.276402473449707
andechs,xgboost,summer_2024,989,41,5.876640319824219,12.0,6.123359680175781
andechs,xgboost,summer_2024,990,41,6.222900867462158,11.0,4.777099132537842
andechs,xgboost,summer_2024,991,41,6.120341777801514,7.0,0.8796582221984863
andechs,xgboost,summer_2024,992,41,6.538565635681152,7.0,0.46143436431884766
andechs,xgboost,summer_2024,993,41,6.8410258293151855,9.0,2.1589741706848145
andechs,xgboost,summer_2024,994,41,7.521871566772461,10.0,2.478128433227539
andechs,xgboost,summer_2024,995,41,7.6284332275390625,8.0,0.3715667724609375
andechs,xgboost,summer_2024,996,41,7.703729629516602,8.0,0.29627037048339844
andechs,xgboost,summer_2024,997,41,7.609766483306885,8.0,0.39023351669311523
andechs,xgboost,summer_2024,998,41,7.382508754730225,7.0,0.3825087547302246
andechs,xgboost,summer_2024,999,41,7.435372829437256,8.0,0.5646271705627441
andechs,xgboost,summer_2024,1000,41,7.3864545822143555,8.0,0.6135454177856445
andechs,xgboost,summer_2024,1001,41,7.420818328857422,7.0,0.4208183288574219
andechs,xgboost,summer_2024,1002,41,7.550227165222168,7.0,0.550227165222168
andechs,xgboost,summer_2024,1003,41,7.6865410804748535,9.0,1.3134589195251465
andechs,xgboost,summer_2024,1004,41,8.12172794342041,10.0,1.8782720565795898
andechs,xgboost,summer_2024,1005,41,8.122350692749023,10.0,1.8776493072509766
andechs,xgboost,summer_2024,1006,41,8.007301330566406,9.0,0.9926986694335938
andechs,xgboost,summer_2024,1007,41,7.851836204528809,9.0,1.1481637954711914
andechs,xgboost,summer_2024,1008,42,7.747592926025391,9.0,1.2524070739746094
andechs,xgboost,summer_2024,1009,42,7.545687675476074,10.0,2.454312324523926
andechs,xgboost,summer_2024,1010,42,7.211102485656738,9.0,1.7888975143432617
andechs,xgboost,summer_2024,1011,42,7.396153450012207,9.0,1.603846549987793
andechs,xgboost,summer_2024,1012,42,7.459610462188721,9.0,1.5403895378112793
andechs,xgboost,summer_2024,1013,42,7.168980121612549,10.0,2.831019878387451
andechs,xgboost,summer_2024,1014,42,7.204041957855225,10.0,2.7959580421447754
andechs,xgboost,summer_2024,1015,42,7.305273056030273,10.0,2.6947269439697266
andechs,xgboost,summer_2024,1016,42,7.2323689460754395,10.0,2.7676310539245605
andechs,xgboost,summer_2024,1017,42,7.321995735168457,8.0,0.678004264831543
andechs,xgboost,summer_2024,1018,42,7.946971416473389,11.0,3.0530285835266113
andechs,xgboost,summer_2024,1019,42,8.8043212890625,11.0,2.1956787109375
andechs,xgboost,summer_2024,1020,42,9.565909385681152,12.0,2.4340906143188477
andechs,xgboost,summer_2024,1021,42,10.500755310058594,12.0,1.4992446899414062
andechs,xgboost,summer_2024,1022,42,11.058030128479004,11.0,0.058030128479003906
andechs,xgboost,summer_2024,1023,42,11.39580249786377,11.0,0.39580249786376953
andechs,xgboost,summer_2024,1024,42,11.481439590454102,10.0,1.4814395904541016
andechs,xgboost,summer_2024,1025,42,10.677783966064453,10.0,0.6777839660644531
andechs,xgboost,summer_2024,1026,42,9.96298599243164,9.0,0.9629859924316406
andechs,xgboost,summer_2024,1027,42,9.592245101928711,8.0,1.592245101928711
andechs,xgboost,summer_2024,1028,42,10.180466651916504,10.0,0.1804666519165039
andechs,xgboost,summer_2024,1029,42,11.238718032836914,12.0,0.7612819671630859
andechs,xgboost,summer_2024,1030,42,11.391456604003906,12.0,0.6085433959960938
andechs,xgboost,summer_2024,1031,42,11.524138450622559,11.0,0.5241384506225586
andechs,xgboost,summer_2024,1032,43,11.33311653137207,11.0,0.3331165313720703
andechs,xgboost,summer_2024,1033,43,10.823291778564453,9.0,1.8232917785644531
andechs,xgboost,summer_2024,1034,43,8.921503067016602,8.0,0.9215030670166016
andechs,xgboost,summer_2024,1035,43,8.183159828186035,8.0,0.18315982818603516
andechs,xgboost,summer_2024,1036,43,7.608771800994873,9.0,1.391228199005127
andechs,xgboost,summer_2024,1037,43,7.1333160400390625,9.0,1.8666839599609375
andechs,xgboost,summer_2024,1038,43,6.726253986358643,9.0,2.2737460136413574
andechs,xgboost,summer_2024,1039,43,5.785610675811768,7.0,1.2143893241882324
andechs,xgboost,summer_2024,1040,43,5.908796310424805,6.0,0.09120368957519531
andechs,xgboost,summer_2024,1041,43,6.396469593048096,6.0,0.3964695930480957
andechs,xgboost,summer_2024,1042,43,6.9003190994262695,7.0,0.09968090057373047
andechs,xgboost,summer_2024,1043,43,7.1950836181640625,7.0,0.1950836181640625
andechs,xgboost,summer_2024,1044,43,7.501865386962891,6.0,1.5018653869628906
andechs,xgboost,summer_2024,1045,43,7.241888046264648,6.0,1.2418880462646484
andechs,xgboost,summer_2024,1046,43,7.259639739990234,6.0,1.2596397399902344
andechs,xgboost,summer_2024,1047,43,7.301133632659912,6.0,1.301133632659912
andechs,xgboost,summer_2024,1048,43,7.549415111541748,7.0,0.549415111541748
andechs,xgboost,summer_2024,1049,43,5.643225193023682,5.0,0.6432251930236816
andechs,xgboost,summer_2024,1050,43,4.689377784729004,5.0,0.3106222152709961
andechs,xgboost,summer_2024,1051,43,4.435912609100342,5.0,0.5640873908996582
andechs,xgboost,summer_2024,1052,43,4.317813873291016,6.0,1.6821861267089844
andechs,xgboost,summer_2024,1053,43,4.068655490875244,7.0,2.931344509124756
andechs,xgboost,summer_2024,1054,43,3.8696577548980713,6.0,2.1303422451019287
andechs,xgboost,summer_2024,1055,43,3.5780787467956543,6.0,2.4219212532043457
andechs,xgboost,autumn_2024,0,0,3.121994733810425,3.0,0.1219947338104248
andechs,xgboost,autumn_2024,1,0,3.269066333770752,3.0,0.26906633377075195
andechs,xgboost,autumn_2024,2,0,3.189548969268799,3.0,0.18954896926879883
andechs,xgboost,autumn_2024,3,0,3.181830644607544,3.0,0.18183064460754395
andechs,xgboost,autumn_2024,4,0,3.0888679027557373,4.0,0.9111320972442627
andechs,xgboost,autumn_2024,5,0,3.1587624549865723,3.0,0.15876245498657227
andechs,xgboost,autumn_2024,6,0,2.9839184284210205,2.0,0.9839184284210205
andechs,xgboost,autumn_2024,7,0,2.473367214202881,3.0,0.5266327857971191
andechs,xgboost,autumn_2024,8,0,2.343010187149048,4.0,1.6569898128509521
andechs,xgboost,autumn_2024,9,0,2.4775161743164062,4.0,1.5224838256835938
andechs,xgboost,autumn_2024,10,0,2.5024728775024414,5.0,2.4975271224975586
andechs,xgboost,autumn_2024,11,0,2.566041946411133,5.0,2.433958053588867
andechs,xgboost,autumn_2024,12,0,2.6446125507354736,5.0,2.3553874492645264
andechs,xgboost,autumn_2024,13,0,2.3566627502441406,4.0,1.6433372497558594
andechs,xgboost,autumn_2024,14,0,2.220571756362915,3.0,0.779428243637085
andechs,xgboost,autumn_2024,15,0,2.298762559890747,3.0,0.7012374401092529
andechs,xgboost,autumn_2024,16,0,2.399553060531616,4.0,1.6004469394683838
andechs,xgboost,autumn_2024,17,0,2.324338436126709,3.0,0.675661563873291
andechs,xgboost,autumn_2024,18,0,2.2721221446990967,3.0,0.7278778553009033
andechs,xgboost,autumn_2024,19,0,2.2674715518951416,3.0,0.7325284481048584
andechs,xgboost,autumn_2024,20,0,2.19612455368042,4.0,1.80387544631958
andechs,xgboost,autumn_2024,21,0,2.392108678817749,5.0,2.607891321182251
andechs,xgboost,autumn_2024,22,0,2.304192543029785,4.0,1.6958074569702148
andechs,xgboost,autumn_2024,23,0,2.2550923824310303,4.0,1.7449076175689697
andechs,xgboost,autumn_2024,24,1,2.641716957092285,4.0,1.3582830429077148
andechs,xgboost,autumn_2024,25,1,2.7040584087371826,4.0,1.2959415912628174
andechs,xgboost,autumn_2024,26,1,2.5029191970825195,4.0,1.4970808029174805
andechs,xgboost,autumn_2024,27,1,2.3633182048797607,4.0,1.6366817951202393
andechs,xgboost,autumn_2024,28,1,2.1675093173980713,3.0,0.8324906826019287
andechs,xgboost,autumn_2024,29,1,2.1052234172821045,2.0,0.10522341728210449
andechs,xgboost,autumn_2024,30,1,2.04789400100708,1.0,1.04789400100708
andechs,xgboost,autumn_2024,31,1,2.0742602348327637,0.9,1.1742602348327638
andechs,xgboost,autumn_2024,32,1,2.0919814109802246,0.8,1.2919814109802246
andechs,xgboost,autumn_2024,33,1,2.115281105041504,1.0,1.115281105041504
andechs,xgboost,autumn_2024,34,1,2.0758936405181885,1.0,1.0758936405181885
andechs,xgboost,autumn_2024,35,1,2.0249855518341064,1.0,1.0249855518341064
andechs,xgboost,autumn_2024,36,1,1.9549490213394165,2.0,0.045050978660583496
andechs,xgboost,autumn_2024,37,1,1.4950679540634155,2.0,0.5049320459365845
andechs,xgboost,autumn_2024,38,1,1.4412810802459717,3.0,1.5587189197540283
andechs,xgboost,autumn_2024,39,1,1.333604097366333,2.0,0.666395902633667
andechs,xgboost,autumn_2024,40,1,1.2913057804107666,2.0,0.7086942195892334
andechs,xgboost,autumn_2024,41,1,1.361229419708252,2.0,0.638770580291748
andechs,xgboost,autumn_2024,42,1,1.2961968183517456,2.0,0.7038031816482544
andechs,xgboost,autumn_2024,43,1,1.2351603507995605,2.0,0.7648396492004395
andechs,xgboost,autumn_2024,44,1,1.1916340589523315,2.0,0.8083659410476685
andechs,xgboost,autumn_2024,45,1,1.1226855516433716,2.0,0.8773144483566284
andechs,xgboost,autumn_2024,46,1,1.0971161127090454,2.0,0.9028838872909546
andechs,xgboost,autumn_2024,47,1,0.9827788472175598,2.0,1.0172211527824402
andechs,xgboost,autumn_2024,48,2,1.0249820947647095,1.0,0.024982094764709473
andechs,xgboost,autumn_2024,49,2,1.1419402360916138,1.0,0.14194023609161377
andechs,xgboost,autumn_2024,50,2,1.2206894159317017,0.9,0.32068941593170164
andechs,xgboost,autumn_2024,51,2,1.1663143634796143,0.9,0.26631436347961424
andechs,xgboost,autumn_2024,52,2,1.158213496208191,0.9,0.2582134962081909
andechs,xgboost,autumn_2024,53,2,1.240776538848877,0.7,0.540776538848877
andechs,xgboost,autumn_2024,54,2,1.1809827089309692,0.9,0.2809827089309692
andechs,xgboost,autumn_2024,55,2,1.609175682067871,3.0,1.390824317932129
andechs,xgboost,autumn_2024,56,2,2.1870932579040527,8.0,5.812906742095947
andechs,xgboost,autumn_2024,57,2,2.7543113231658936,9.0,6.2456886768341064
andechs,xgboost,autumn_2024,58,2,2.760870933532715,8.0,5.239129066467285
andechs,xgboost,autumn_2024,59,2,2.8778438568115234,10.0,7.122156143188477
andechs,xgboost,autumn_2024,60,2,2.8619577884674072,11.0,8.138042211532593
andechs,xgboost,autumn_2024,61,2,2.715733289718628,8.0,5.284266710281372
andechs,xgboost,autumn_2024,62,2,2.706895112991333,9.0,6.293104887008667
andechs,xgboost,autumn_2024,63,2,2.669968843460083,7.0,4.330031156539917
andechs,xgboost,autumn_2024,64,2,2.8403773307800293,8.0,5.159622669219971
andechs,xgboost,autumn_2024,65,2,2.8233180046081543,8.0,5.176681995391846
andechs,xgboost,autumn_2024,66,2,2.8494930267333984,8.0,5.150506973266602
andechs,xgboost,autumn_2024,67,2,2.6356828212738037,8.0,5.364317178726196
andechs,xgboost,autumn_2024,68,2,2.5395123958587646,7.0,4.460487604141235
andechs,xgboost,autumn_2024,69,2,2.581063747406006,7.0,4.418936252593994
andechs,xgboost,autumn_2024,70,2,2.5672414302825928,8.0,5.432758569717407
andechs,xgboost,autumn_2024,71,2,2.678961753845215,8.0,5.321038246154785
andechs,xgboost,autumn_2024,72,3,2.8051631450653076,8.0,5.194836854934692
andechs,xgboost,autumn_2024,73,3,2.8518283367156982,8.0,5.148171663284302
andechs,xgboost,autumn_2024,74,3,2.582439422607422,7.0,4.417560577392578
andechs,xgboost,autumn_2024,75,3,2.3091213703155518,5.0,2.6908786296844482
andechs,xgboost,autumn_2024,76,3,2.2352590560913086,4.0,1.7647409439086914
andechs,xgboost,autumn_2024,77,3,2.3436529636383057,4.0,1.6563470363616943
andechs,xgboost,autumn_2024,78,3,2.4865996837615967,4.0,1.5134003162384033
andechs,xgboost,autumn_2024,79,3,2.6647558212280273,4.0,1.3352441787719727
andechs,xgboost,autumn_2024,80,3,2.4059040546417236,4.0,1.5940959453582764
andechs,xgboost,autumn_2024,81,3,2.3964154720306396,3.0,0.6035845279693604
andechs,xgboost,autumn_2024,82,3,2.4204025268554688,2.0,0.42040252685546875
andechs,xgboost,autumn_2024,83,3,2.4802136421203613,2.0,0.48021364212036133
andechs,xgboost,autumn_2024,84,3,2.600735902786255,3.0,0.3992640972137451
andechs,xgboost,autumn_2024,85,3,2.4586994647979736,3.0,0.5413005352020264
andechs,xgboost,autumn_2024,86,3,2.2691938877105713,2.0,0.2691938877105713
andechs,xgboost,autumn_2024,87,3,2.2403817176818848,2.0,0.24038171768188477
andechs,xgboost,autumn_2024,88,3,2.3513615131378174,4.0,1.6486384868621826
andechs,xgboost,autumn_2024,89,3,2.494413137435913,4.0,1.505586862564087
andechs,xgboost,autumn_2024,90,3,2.558805465698242,5.0,2.441194534301758
andechs,xgboost,autumn_2024,91,3,2.4799587726593018,6.0,3.5200412273406982
andechs,xgboost,autumn_2024,92,3,2.431241273880005,7.0,4.568758726119995
andechs,xgboost,autumn_2024,93,3,2.429574489593506,7.0,4.570425510406494
andechs,xgboost,autumn_2024,94,3,2.342301607131958,5.0,2.657698392868042
andechs,xgboost,autumn_2024,95,3,2.4909684658050537,5.0,2.5090315341949463
andechs,xgboost,autumn_2024,96,4,2.733320474624634,9.0,6.266679525375366
andechs,xgboost,autumn_2024,97,4,2.775026321411133,9.0,6.224973678588867
andechs,xgboost,autumn_2024,98,4,2.585277557373047,7.0,4.414722442626953
andechs,xgboost,autumn_2024,99,4,2.3983545303344727,7.0,4.601645469665527
andechs,xgboost,autumn_2024,100,4,7.0212836265563965,27.0,19.978716373443604
andechs,xgboost,autumn_2024,101,4,6.728906154632568,27.0,20.27109384536743
andechs,xgboost,autumn_2024,102,4,5.335128307342529,4.0,1.3351283073425293
andechs,xgboost,autumn_2024,103,4,5.076086521148682,11.0,5.923913478851318
andechs,xgboost,autumn_2024,104,4,6.176206111907959,25.0,18.82379388809204
andechs,xgboost,autumn_2024,105,4,6.2186689376831055,9.0,2.7813310623168945
andechs,xgboost,autumn_2024,106,4,4.9341654777526855,1.0,3.9341654777526855
andechs,xgboost,autumn_2024,107,4,5.562260150909424,15.0,9.437739849090576
andechs,xgboost,autumn_2024,108,4,4.250677585601807,1.0,3.2506775856018066
andechs,xgboost,autumn_2024,109,4,3.6122028827667236,2.0,1.6122028827667236
andechs,xgboost,autumn_2024,110,4,2.7084732055664062,1.0,1.7084732055664062
andechs,xgboost,autumn_2024,111,4,1.7653396129608154,2.0,0.23466038703918457
andechs,xgboost,autumn_2024,112,4,1.5587393045425415,5.0,3.4412606954574585
andechs,xgboost,autumn_2024,113,4,1.4722181558609009,4.0,2.527781844139099
andechs,xgboost,autumn_2024,114,4,1.4055367708206177,4.0,2.5944632291793823
andechs,xgboost,autumn_2024,115,4,1.225110650062561,2.0,0.774889349937439
andechs,xgboost,autumn_2024,116,4,1.2365978956222534,2.0,0.7634021043777466
andechs,xgboost,autumn_2024,117,4,1.3738409280776978,4.0,2.6261590719223022
andechs,xgboost,autumn_2024,118,4,1.1779017448425293,7.0,5.822098255157471
andechs,xgboost,autumn_2024,119,4,1.2316453456878662,5.0,3.768354654312134
andechs,xgboost,autumn_2024,120,5,1.7509363889694214,2.0,0.2490636110305786
andechs,xgboost,autumn_2024,121,5,1.7684749364852905,0.6,1.1684749364852904
andechs,xgboost,autumn_2024,122,5,1.757412075996399,2.0,0.24258792400360107
andechs,xgboost,autumn_2024,123,5,1.7143349647521973,2.0,0.28566503524780273
andechs,xgboost,autumn_2024,124,5,1.553467035293579,2.0,0.4465329647064209
andechs,xgboost,autumn_2024,125,5,1.5604383945465088,2.0,0.4395616054534912
andechs,xgboost,autumn_2024,126,5,1.5620123147964478,2.0,0.43798768520355225
andechs,xgboost,autumn_2024,127,5,1.5494035482406616,2.0,0.4505964517593384
andechs,xgboost,autumn_2024,128,5,1.5081239938735962,1.0,0.5081239938735962
andechs,xgboost,autumn_2024,129,5,1.4664342403411865,1.0,0.4664342403411865
andechs,xgboost,autumn_2024,130,5,1.5515191555023193,1.0,0.5515191555023193
andechs,xgboost,autumn_2024,131,5,1.5535601377487183,1.0,0.5535601377487183
andechs,xgboost,autumn_2024,132,5,1.682111144065857,1.0,0.6821111440658569
andechs,xgboost,autumn_2024,133,5,1.6281696557998657,1.0,0.6281696557998657
andechs,xgboost,autumn_2024,134,5,1.7466012239456177,2.0,0.2533987760543823
andechs,xgboost,autumn_2024,135,5,1.69939124584198,2.0,0.30060875415802
andechs,xgboost,autumn_2024,136,5,1.6270251274108887,1.0,0.6270251274108887
andechs,xgboost,autumn_2024,137,5,1.5623425245285034,1.0,0.5623425245285034
andechs,xgboost,autumn_2024,138,5,1.6173804998397827,1.0,0.6173804998397827
andechs,xgboost,autumn_2024,139,5,1.6391350030899048,0.9,0.7391350030899048
andechs,xgboost,autumn_2024,140,5,1.597274661064148,1.0,0.597274661064148
andechs,xgboost,autumn_2024,141,5,1.6377638578414917,2.0,0.3622361421585083
andechs,xgboost,autumn_2024,142,5,1.5944453477859497,2.0,0.4055546522140503
andechs,xgboost,autumn_2024,143,5,1.5765812397003174,2.0,0.4234187602996826
andechs,xgboost,autumn_2024,144,6,1.6388763189315796,2.0,0.3611236810684204
andechs,xgboost,autumn_2024,145,6,1.6405173540115356,1.0,0.6405173540115356
andechs,xgboost,autumn_2024,146,6,1.458695650100708,0.9,0.558695650100708
andechs,xgboost,autumn_2024,147,6,1.4385675191879272,0.8,0.6385675191879272
andechs,xgboost,autumn_2024,148,6,1.3533596992492676,0.9,0.45335969924926756
andechs,xgboost,autumn_2024,149,6,1.2559196949005127,0.9,0.3559196949005127
andechs,xgboost,autumn_2024,150,6,1.3743679523468018,0.9,0.47436795234680174
andechs,xgboost,autumn_2024,151,6,1.4690101146697998,1.0,0.4690101146697998
andechs,xgboost,autumn_2024,152,6,1.3178352117538452,1.0,0.3178352117538452
andechs,xgboost,autumn_2024,153,6,1.4664379358291626,2.0,0.5335620641708374
andechs,xgboost,autumn_2024,154,6,1.723030686378479,2.0,0.276969313621521
andechs,xgboost,autumn_2024,155,6,1.8154737949371338,2.0,0.1845262050628662
andechs,xgboost,autumn_2024,156,6,1.9103807210922241,2.0,0.08961927890777588
andechs,xgboost,autumn_2024,157,6,1.8863704204559326,1.0,0.8863704204559326
andechs,xgboost,autumn_2024,158,6,1.938616394996643,1.0,0.9386163949966431
andechs,xgboost,autumn_2024,159,6,1.9629579782485962,2.0,0.03704202175140381
andechs,xgboost,autumn_2024,160,6,2.0306637287139893,2.0,0.030663728713989258
andechs,xgboost,autumn_2024,161,6,2.3659868240356445,3.0,0.6340131759643555
andechs,xgboost,autumn_2024,162,6,2.2149806022644043,3.0,0.7850193977355957
andechs,xgboost,autumn_2024,163,6,2.368281602859497,3.0,0.6317183971405029
andechs,xgboost,autumn_2024,164,6,2.525987148284912,3.0,0.4740128517150879
andechs,xgboost,autumn_2024,165,6,2.410931348800659,3.0,0.5890686511993408
andechs,xgboost,autumn_2024,166,6,2.242023468017578,3.0,0.7579765319824219
andechs,xgboost,autumn_2024,167,6,2.239372730255127,3.0,0.760627269744873
andechs,xgboost,autumn_2024,168,7,2.35156512260437,2.0,0.3515651226043701
andechs,xgboost,autumn_2024,169,7,2.4166505336761475,1.0,1.4166505336761475
andechs,xgboost,autumn_2024,170,7,2.2389190196990967,1.0,1.2389190196990967
andechs,xgboost,autumn_2024,171,7,2.2609360218048096,1.0,1.2609360218048096
andechs,xgboost,autumn_2024,172,7,2.1574528217315674,2.0,0.15745282173156738
andechs,xgboost,autumn_2024,173,7,2.178377628326416,2.0,0.17837762832641602
andechs,xgboost,autumn_2024,174,7,2.430804491043091,4.0,1.5691955089569092
andechs,xgboost,autumn_2024,175,7,2.6315317153930664,3.0,0.3684682846069336
andechs,xgboost,autumn_2024,176,7,2.7571442127227783,2.0,0.7571442127227783
andechs,xgboost,autumn_2024,177,7,2.8772976398468018,2.0,0.8772976398468018
andechs,xgboost,autumn_2024,178,7,2.9592578411102295,3.0,0.04074215888977051
andechs,xgboost,autumn_2024,179,7,3.230842113494873,4.0,0.769157886505127
andechs,xgboost,autumn_2024,180,7,7.432950019836426,6.0,1.4329500198364258
andechs,xgboost,autumn_2024,181,7,9.366043090820312,7.0,2.3660430908203125
andechs,xgboost,autumn_2024,182,7,9.98902702331543,5.0,4.98902702331543
andechs,xgboost,autumn_2024,183,7,8.69782543182373,6.0,2.6978254318237305
andechs,xgboost,autumn_2024,184,7,7.660219669342041,4.0,3.660219669342041
andechs,xgboost,autumn_2024,185,7,4.680075645446777,1.0,3.6800756454467773
andechs,xgboost,autumn_2024,186,7,3.247145891189575,1.0,2.247145891189575
andechs,xgboost,autumn_2024,187,7,2.5894393920898438,2.0,0.5894393920898438
andechs,xgboost,autumn_2024,188,7,1.8230705261230469,2.0,0.17692947387695312
andechs,xgboost,autumn_2024,189,7,1.1550925970077515,1.0,0.15509259700775146
andechs,xgboost,autumn_2024,190,7,1.1366931200027466,1.0,0.13669312000274658
andechs,xgboost,autumn_2024,191,7,1.135801076889038,0.8,0.33580107688903804
andechs,xgboost,autumn_2024,192,8,1.2476179599761963,1.0,0.2476179599761963
andechs,xgboost,autumn_2024,193,8,1.3105778694152832,0.8,0.5105778694152832
andechs,xgboost,autumn_2024,194,8,1.1681013107299805,0.8,0.3681013107299804
andechs,xgboost,autumn_2024,195,8,1.1908859014511108,0.7,0.4908859014511109
andechs,xgboost,autumn_2024,196,8,1.1431119441986084,0.7,0.44311194419860844
andechs,xgboost,autumn_2024,197,8,1.0255730152130127,0.6,0.4255730152130127
andechs,xgboost,autumn_2024,198,8,1.0211318731307983,0.5,0.5211318731307983
andechs,xgboost,autumn_2024,199,8,1.0440995693206787,0.3,0.7440995693206787
andechs,xgboost,autumn_2024,200,8,1.0926883220672607,0.8,0.2926883220672607
andechs,xgboost,autumn_2024,201,8,1.0145994424819946,0.9,0.1145994424819946
andechs,xgboost,autumn_2024,202,8,1.2068403959274292,1.0,0.2068403959274292
andechs,xgboost,autumn_2024,203,8,1.3772339820861816,2.0,0.6227660179138184
andechs,xgboost,autumn_2024,204,8,1.422664999961853,2.0,0.577335000038147
andechs,xgboost,autumn_2024,205,8,1.4039911031723022,2.0,0.5960088968276978
andechs,xgboost,autumn_2024,206,8,1.5587337017059326,2.0,0.4412662982940674
andechs,xgboost,autumn_2024,207,8,1.6488847732543945,2.0,0.35111522674560547
andechs,xgboost,autumn_2024,208,8,1.8466237783432007,2.0,0.15337622165679932
andechs,xgboost,autumn_2024,209,8,1.6787770986557007,2.0,0.3212229013442993
andechs,xgboost,autumn_2024,210,8,1.5227609872817993,1.0,0.5227609872817993
andechs,xgboost,autumn_2024,211,8,1.4393254518508911,2.0,0.5606745481491089
andechs,xgboost,autumn_2024,212,8,1.3281466960906982,2.0,0.6718533039093018
andechs,xgboost,autumn_2024,213,8,1.2567625045776367,2.0,0.7432374954223633
andechs,xgboost,autumn_2024,214,8,1.2625770568847656,1.0,0.2625770568847656
andechs,xgboost,autumn_2024,215,8,1.1129372119903564,0.9,0.21293721199035642
andechs,xgboost,autumn_2024,216,9,1.3717385530471802,1.0,0.3717385530471802
andechs,xgboost,autumn_2024,217,9,1.523842215538025,1.0,0.5238422155380249
andechs,xgboost,autumn_2024,218,9,1.4113589525222778,0.8,0.6113589525222778
andechs,xgboost,autumn_2024,219,9,1.3305532932281494,0.7,0.6305532932281495
andechs,xgboost,autumn_2024,220,9,1.3495672941207886,1.0,0.3495672941207886
andechs,xgboost,autumn_2024,221,9,1.353623390197754,1.0,0.3536233901977539
andechs,xgboost,autumn_2024,222,9,1.3103214502334595,0.8,0.5103214502334594
andechs,xgboost,autumn_2024,223,9,1.2897725105285645,0.4,0.8897725105285644
andechs,xgboost,autumn_2024,224,9,1.3182424306869507,0.5,0.8182424306869507
andechs,xgboost,autumn_2024,225,9,1.156295657157898,0.6,0.556295657157898
andechs,xgboost,autumn_2024,226,9,1.1407299041748047,0.7,0.44072990417480473
andechs,xgboost,autumn_2024,227,9,1.117568850517273,0.7,0.417568850517273
andechs,xgboost,autumn_2024,228,9,1.0967814922332764,1.0,0.09678149223327637
andechs,xgboost,autumn_2024,229,9,1.1810264587402344,1.0,0.18102645874023438
andechs,xgboost,autumn_2024,230,9,1.1790356636047363,1.0,0.17903566360473633
andechs,xgboost,autumn_2024,231,9,1.1893938779830933,1.0,0.18939387798309326
andechs,xgboost,autumn_2024,232,9,1.2363755702972412,1.0,0.2363755702972412
andechs,xgboost,autumn_2024,233,9,1.222144365310669,1.0,0.22214436531066895
andechs,xgboost,autumn_2024,234,9,1.2762541770935059,1.0,0.27625417709350586
andechs,xgboost,autumn_2024,235,9,1.2561086416244507,1.0,0.2561086416244507
andechs,xgboost,autumn_2024,236,9,1.2384928464889526,2.0,0.7615071535110474
andechs,xgboost,autumn_2024,237,9,1.267547607421875,1.0,0.267547607421875
andechs,xgboost,autumn_2024,238,9,1.1965805292129517,2.0,0.8034194707870483
andechs,xgboost,autumn_2024,239,9,1.2805601358413696,1.0,0.28056013584136963
andechs,xgboost,autumn_2024,240,10,1.4178861379623413,1.0,0.4178861379623413
andechs,xgboost,autumn_2024,241,10,1.4339847564697266,1.0,0.43398475646972656
andechs,xgboost,autumn_2024,242,10,1.2928025722503662,1.0,0.2928025722503662
andechs,xgboost,autumn_2024,243,10,1.289972186088562,1.0,0.289972186088562
andechs,xgboost,autumn_2024,244,10,1.3071731328964233,1.0,0.30717313289642334
andechs,xgboost,autumn_2024,245,10,1.188677191734314,1.0,0.18867719173431396
andechs,xgboost,autumn_2024,246,10,1.159725308418274,1.0,0.15972530841827393
andechs,xgboost,autumn_2024,247,10,1.1325067281723022,1.0,0.13250672817230225
andechs,xgboost,autumn_2024,248,10,1.1495294570922852,1.0,0.14952945709228516
andechs,xgboost,autumn_2024,249,10,1.30663001537323,1.0,0.30663001537323
andechs,xgboost,autumn_2024,250,10,1.3325107097625732,2.0,0.6674892902374268
andechs,xgboost,autumn_2024,251,10,1.4326726198196411,4.0,2.567327380180359
andechs,xgboost,autumn_2024,252,10,1.5940558910369873,5.0,3.4059441089630127
andechs,xgboost,autumn_2024,253,10,1.410750389099121,1.0,0.4107503890991211
andechs,xgboost,autumn_2024,254,10,1.3948240280151367,2.0,0.6051759719848633
andechs,xgboost,autumn_2024,255,10,1.2914165258407593,2.0,0.7085834741592407
andechs,xgboost,autumn_2024,256,10,1.406131386756897,6.0,4.593868613243103
andechs,xgboost,autumn_2024,257,10,1.2312703132629395,1.0,0.23127031326293945
andechs,xgboost,autumn_2024,258,10,1.23609459400177,1.0,0.23609459400177002
andechs,xgboost,autumn_2024,259,10,1.200709342956543,1.0,0.20070934295654297
andechs,xgboost,autumn_2024,260,10,1.1830137968063354,2.0,0.8169862031936646
andechs,xgboost,autumn_2024,261,10,1.15481698513031,2.0,0.8451830148696899
andechs,xgboost,autumn_2024,262,10,1.0635626316070557,1.0,0.06356263160705566
andechs,xgboost,autumn_2024,263,10,1.1294134855270386,2.0,0.8705865144729614
andechs,xgboost,autumn_2024,264,11,1.6171656847000122,3.0,1.3828343152999878
andechs,xgboost,autumn_2024,265,11,1.7961539030075073,4.0,2.2038460969924927
andechs,xgboost,autumn_2024,266,11,1.860298991203308,6.0,4.139701008796692
andechs,xgboost,autumn_2024,267,11,1.768252968788147,4.0,2.231747031211853
andechs,xgboost,autumn_2024,268,11,1.6551611423492432,2.0,0.34483885765075684
andechs,xgboost,autumn_2024,269,11,1.5748234987258911,2.0,0.4251765012741089
andechs,xgboost,autumn_2024,270,11,1.4962584972381592,1.0,0.4962584972381592
andechs,xgboost,autumn_2024,271,11,1.652785062789917,2.0,0.347214937210083
andechs,xgboost,autumn_2024,272,11,1.7028241157531738,2.0,0.29717588424682617
andechs,xgboost,autumn_2024,273,11,1.722554087638855,2.0,0.277445912361145
andechs,xgboost,autumn_2024,274,11,1.767274260520935,2.0,0.23272573947906494
andechs,xgboost,autumn_2024,275,11,1.7308725118637085,3.0,1.2691274881362915
andechs,xgboost,autumn_2024,276,11,2.0043792724609375,4.0,1.9956207275390625
andechs,xgboost,autumn_2024,277,11,2.4879150390625,4.0,1.5120849609375
andechs,xgboost,autumn_2024,278,11,2.6663434505462646,5.0,2.3336565494537354
andechs,xgboost,autumn_2024,279,11,2.5693469047546387,5.0,2.4306530952453613
andechs,xgboost,autumn_2024,280,11,8.260685920715332,22.0,13.739314079284668
andechs,xgboost,autumn_2024,281,11,7.416602611541748,6.0,1.416602611541748
andechs,xgboost,autumn_2024,282,11,6.312164306640625,5.0,1.312164306640625
andechs,xgboost,autumn_2024,283,11,5.366438865661621,4.0,1.366438865661621
andechs,xgboost,autumn_2024,284,11,4.304431915283203,3.0,1.3044319152832031
andechs,xgboost,autumn_2024,285,11,3.7798707485198975,4.0,0.22012925148010254
andechs,xgboost,autumn_2024,286,11,3.4872183799743652,4.0,0.5127816200256348
andechs,xgboost,autumn_2024,287,11,2.6861801147460938,3.0,0.31381988525390625
andechs,xgboost,autumn_2024,288,12,2.1020901203155518,3.0,0.8979098796844482
andechs,xgboost,autumn_2024,289,12,2.3248348236083984,2.0,0.32483482360839844
andechs,xgboost,autumn_2024,290,12,2.219949245452881,2.0,0.21994924545288086
andechs,xgboost,autumn_2024,291,12,2.1377503871917725,1.0,1.1377503871917725
andechs,xgboost,autumn_2024,292,12,2.1665477752685547,1.0,1.1665477752685547
andechs,xgboost,autumn_2024,293,12,2.1521501541137695,1.0,1.1521501541137695
andechs,xgboost,autumn_2024,294,12,2.154040575027466,0.9,1.254040575027466
andechs,xgboost,autumn_2024,295,12,2.1807219982147217,1.0,1.1807219982147217
andechs,xgboost,autumn_2024,296,12,2.2157812118530273,2.0,0.21578121185302734
andechs,xgboost,autumn_2024,297,12,2.101945638656616,2.0,0.10194563865661621
andechs,xgboost,autumn_2024,298,12,2.4450345039367676,6.0,3.5549654960632324
andechs,xgboost,autumn_2024,299,12,2.214323043823242,2.0,0.2143230438232422
andechs,xgboost,autumn_2024,300,12,2.2872965335845947,3.0,0.7127034664154053
andechs,xgboost,autumn_2024,301,12,2.7889251708984375,15.0,12.211074829101562
andechs,xgboost,autumn_2024,302,12,2.4690279960632324,4.0,1.5309720039367676
andechs,xgboost,autumn_2024,303,12,2.404627799987793,13.0,10.595372200012207
andechs,xgboost,autumn_2024,304,12,2.386458158493042,4.0,1.613541841506958
andechs,xgboost,autumn_2024,305,12,2.6269736289978027,11.0,8.373026371002197
andechs,xgboost,autumn_2024,306,12,2.3632287979125977,3.0,0.6367712020874023
andechs,xgboost,autumn_2024,307,12,2.3517496585845947,2.0,0.3517496585845947
andechs,xgboost,autumn_2024,308,12,2.2429089546203613,2.0,0.24290895462036133
andechs,xgboost,autumn_2024,309,12,2.177313804626465,2.0,0.17731380462646484
andechs,xgboost,autumn_2024,310,12,2.189573049545288,2.0,0.18957304954528809
andechs,xgboost,autumn_2024,311,12,2.1257266998291016,2.0,0.12572669982910156
andechs,xgboost,autumn_2024,312,13,2.312893867492676,2.0,0.3128938674926758
andechs,xgboost,autumn_2024,313,13,2.450815200805664,2.0,0.45081520080566406
andechs,xgboost,autumn_2024,314,13,2.246537923812866,2.0,0.2465379238128662
andechs,xgboost,autumn_2024,315,13,2.2023606300354004,2.0,0.2023606300354004
andechs,xgboost,autumn_2024,316,13,2.1912760734558105,2.0,0.19127607345581055
andechs,xgboost,autumn_2024,317,13,2.171213150024414,1.0,1.171213150024414
andechs,xgboost,autumn_2024,318,13,2.0817322731018066,1.0,1.0817322731018066
andechs,xgboost,autumn_2024,319,13,2.0553417205810547,2.0,0.05534172058105469
andechs,xgboost,autumn_2024,320,13,2.0763514041900635,2.0,0.07635140419006348
andechs,xgboost,autumn_2024,321,13,2.114570140838623,2.0,0.11457014083862305
andechs,xgboost,autumn_2024,322,13,2.215458631515503,2.0,0.21545863151550293
andechs,xgboost,autumn_2024,323,13,2.26347279548645,2.0,0.2634727954864502
andechs,xgboost,autumn_2024,324,13,2.29827880859375,2.0,0.29827880859375
andechs,xgboost,autumn_2024,325,13,2.192873954772949,2.0,0.19287395477294922
andechs,xgboost,autumn_2024,326,13,2.3770182132720947,2.0,0.3770182132720947
andechs,xgboost,autumn_2024,327,13,2.4706966876983643,2.0,0.47069668769836426
andechs,xgboost,autumn_2024,328,13,2.298429012298584,2.0,0.298429012298584
andechs,xgboost,autumn_2024,329,13,2.3173582553863525,2.0,0.31735825538635254
andechs,xgboost,autumn_2024,330,13,2.1534042358398438,2.0,0.15340423583984375
andechs,xgboost,autumn_2024,331,13,2.1860668659210205,2.0,0.1860668659210205
andechs,xgboost,autumn_2024,332,13,2.169464111328125,2.0,0.169464111328125
andechs,xgboost,autumn_2024,333,13,2.214233160018921,2.0,0.2142331600189209
andechs,xgboost,autumn_2024,334,13,2.2016656398773193,2.0,0.20166563987731934
andechs,xgboost,autumn_2024,335,13,2.227224349975586,2.0,0.22722434997558594
andechs,xgboost,autumn_2024,336,14,2.6387741565704346,8.0,5.361225843429565
andechs,xgboost,autumn_2024,337,14,2.5946004390716553,6.0,3.4053995609283447
andechs,xgboost,autumn_2024,338,14,3.6979641914367676,16.0,12.302035808563232
andechs,xgboost,autumn_2024,339,14,4.049681663513184,12.0,7.950318336486816
andechs,xgboost,autumn_2024,340,14,4.445826530456543,16.0,11.554173469543457
andechs,xgboost,autumn_2024,341,14,4.986311912536621,9.0,4.013688087463379
andechs,xgboost,autumn_2024,342,14,4.910911560058594,5.0,0.08908843994140625
andechs,xgboost,autumn_2024,343,14,5.202259540557861,9.0,3.7977404594421387
andechs,xgboost,autumn_2024,344,14,6.343690395355225,11.0,4.656309604644775
andechs,xgboost,autumn_2024,345,14,7.485878944396973,12.0,4.514121055603027
andechs,xgboost,autumn_2024,346,14,8.411593437194824,12.0,3.588406562805176
andechs,xgboost,autumn_2024,347,14,8.784273147583008,15.0,6.215726852416992
andechs,xgboost,autumn_2024,348,14,9.012372016906738,12.0,2.9876279830932617
andechs,xgboost,autumn_2024,349,14,9.6220064163208,12.0,2.377993583679199
andechs,xgboost,autumn_2024,350,14,9.016162872314453,9.0,0.016162872314453125
andechs,xgboost,autumn_2024,351,14,9.048713684082031,9.0,0.04871368408203125
andechs,xgboost,autumn_2024,352,14,9.198519706726074,12.0,2.801480293273926
andechs,xgboost,autumn_2024,353,14,9.202553749084473,13.0,3.7974462509155273
andechs,xgboost,autumn_2024,354,14,9.216047286987305,14.0,4.783952713012695
andechs,xgboost,autumn_2024,355,14,9.10798168182373,14.0,4.8920183181762695
andechs,xgboost,autumn_2024,356,14,8.8569917678833,11.0,2.143008232116699
andechs,xgboost,autumn_2024,357,14,8.154637336730957,9.0,0.845362663269043
andechs,xgboost,autumn_2024,358,14,7.190642356872559,5.0,2.1906423568725586
andechs,xgboost,autumn_2024,359,14,6.1700639724731445,4.0,2.1700639724731445
andechs,xgboost,autumn_2024,360,15,5.838706016540527,4.0,1.8387060165405273
andechs,xgboost,autumn_2024,361,15,5.646749496459961,4.0,1.646749496459961
andechs,xgboost,autumn_2024,362,15,4.788908958435059,2.0,2.7889089584350586
andechs,xgboost,autumn_2024,363,15,4.237651824951172,2.0,2.237651824951172
andechs,xgboost,autumn_2024,364,15,3.6297123432159424,2.0,1.6297123432159424
andechs,xgboost,autumn_2024,365,15,2.7753098011016846,1.0,1.7753098011016846
andechs,xgboost,autumn_2024,366,15,1.9716277122497559,1.0,0.9716277122497559
andechs,xgboost,autumn_2024,367,15,1.4476263523101807,1.0,0.44762635231018066
andechs,xgboost,autumn_2024,368,15,1.5292227268218994,3.0,1.4707772731781006
andechs,xgboost,autumn_2024,369,15,1.6686265468597412,3.0,1.3313734531402588
andechs,xgboost,autumn_2024,370,15,1.7448501586914062,2.0,0.25514984130859375
andechs,xgboost,autumn_2024,371,15,1.8748445510864258,2.0,0.12515544891357422
andechs,xgboost,autumn_2024,372,15,2.048321008682251,3.0,0.951678991317749
andechs,xgboost,autumn_2024,373,15,3.4438438415527344,5.0,1.5561561584472656
andechs,xgboost,autumn_2024,374,15,4.2431440353393555,5.0,0.7568559646606445
andechs,xgboost,autumn_2024,375,15,5.27487850189209,6.0,0.7251214981079102
andechs,xgboost,autumn_2024,376,15,5.601989269256592,6.0,0.3980107307434082
andechs,xgboost,autumn_2024,377,15,5.65621280670166,7.0,1.3437871932983398
andechs,xgboost,autumn_2024,378,15,5.6611223220825195,7.0,1.3388776779174805
andechs,xgboost,autumn_2024,379,15,5.202883243560791,6.0,0.797116756439209
andechs,xgboost,autumn_2024,380,15,5.240479469299316,7.0,1.7595205307006836
andechs,xgboost,autumn_2024,381,15,4.787288665771484,7.0,2.2127113342285156
andechs,xgboost,autumn_2024,382,15,4.502038478851318,6.0,1.4979615211486816
andechs,xgboost,autumn_2024,383,15,4.4760332107543945,5.0,0.5239667892456055
andechs,xgboost,autumn_2024,384,16,4.640047550201416,5.0,0.359952449798584
andechs,xgboost,autumn_2024,385,16,4.728911399841309,5.0,0.2710886001586914
andechs,xgboost,autumn_2024,386,16,4.830679893493652,4.0,0.8306798934936523
andechs,xgboost,autumn_2024,387,16,4.705204010009766,4.0,0.7052040100097656
andechs,xgboost,autumn_2024,388,16,4.711822986602783,4.0,0.7118229866027832
andechs,xgboost,autumn_2024,389,16,4.570557594299316,3.0,1.5705575942993164
andechs,xgboost,autumn_2024,390,16,4.529445171356201,3.0,1.5294451713562012
andechs,xgboost,autumn_2024,391,16,4.461040496826172,2.0,2.461040496826172
andechs,xgboost,autumn_2024,392,16,4.832699298858643,2.0,2.8326992988586426
andechs,xgboost,autumn_2024,393,16,5.9820237159729,5.0,0.9820237159729004
andechs,xgboost,autumn_2024,394,16,6.607480525970459,4.0,2.607480525970459
andechs,xgboost,autumn_2024,395,16,8.142694473266602,6.0,2.1426944732666016
andechs,xgboost,autumn_2024,396,16,9.076653480529785,6.0,3.076653480529785
andechs,xgboost,autumn_2024,397,16,9.79389762878418,7.0,2.7938976287841797
andechs,xgboost,autumn_2024,398,16,11.551788330078125,9.0,2.551788330078125
andechs,xgboost,autumn_2024,399,16,11.636425971984863,6.0,5.636425971984863
andechs,xgboost,autumn_2024,400,16,11.356070518493652,6.0,5.356070518493652
andechs,xgboost,autumn_2024,401,16,11.4998140335083,9.0,2.499814033508301
andechs,xgboost,autumn_2024,402,16,10.549838066101074,9.0,1.5498380661010742
andechs,xgboost,autumn_2024,403,16,10.084465980529785,8.0,2.084465980529785
andechs,xgboost,autumn_2024,404,16,9.728779792785645,8.0,1.7287797927856445
andechs,xgboost,autumn_2024,405,16,9.021626472473145,9.0,0.02162647247314453
andechs,xgboost,autumn_2024,406,16,8.724570274353027,7.0,1.7245702743530273
andechs,xgboost,autumn_2024,407,16,7.587636947631836,6.0,1.587636947631836
andechs,xgboost,autumn_2024,408,17,7.187309265136719,6.0,1.1873092651367188
andechs,xgboost,autumn_2024,409,17,6.932887077331543,6.0,0.932887077331543
andechs,xgboost,autumn_2024,410,17,6.302572727203369,5.0,1.3025727272033691
andechs,xgboost,autumn_2024,411,17,5.828023433685303,4.0,1.8280234336853027
andechs,xgboost,autumn_2024,412,17,5.4259161949157715,4.0,1.4259161949157715
andechs,xgboost,autumn_2024,413,17,4.958253383636475,4.0,0.9582533836364746
andechs,xgboost,autumn_2024,414,17,5.156595706939697,8.0,2.8434042930603027
andechs,xgboost,autumn_2024,415,17,5.624091148376465,4.0,1.6240911483764648
andechs,xgboost,autumn_2024,416,17,6.519689083099365,13.0,6.480310916900635
andechs,xgboost,autumn_2024,417,17,7.582281112670898,9.0,1.4177188873291016
andechs,xgboost,autumn_2024,418,17,8.487370491027832,8.0,0.48737049102783203
andechs,xgboost,autumn_2024,419,17,9.272929191589355,16.0,6.7270708084106445
andechs,xgboost,autumn_2024,420,17,10.239233016967773,15.0,4.760766983032227
andechs,xgboost,autumn_2024,421,17,12.15558910369873,17.0,4.8444108963012695
andechs,xgboost,autumn_2024,422,17,14.22400188446045,23.0,8.77599811553955
andechs,xgboost,autumn_2024,423,17,16.336185455322266,21.0,4.663814544677734
andechs,xgboost,autumn_2024,424,17,17.438087463378906,24.0,6.561912536621094
andechs,xgboost,autumn_2024,425,17,16.590621948242188,20.0,3.4093780517578125
andechs,xgboost,autumn_2024,426,17,14.853236198425293,18.0,3.146763801574707
andechs,xgboost,autumn_2024,427,17,12.12032413482666,14.0,1.8796758651733398
andechs,xgboost,autumn_2024,428,17,9.664521217346191,6.0,3.6645212173461914
andechs,xgboost,autumn_2024,429,17,7.139358043670654,2.0,5.139358043670654
andechs,xgboost,autumn_2024,430,17,6.076496601104736,3.0,3.0764966011047363
andechs,xgboost,autumn_2024,431,17,5.67981481552124,4.0,1.6798148155212402
andechs,xgboost,autumn_2024,432,18,5.1465253829956055,3.0,2.1465253829956055
andechs,xgboost,autumn_2024,433,18,4.750424861907959,1.0,3.750424861907959
andechs,xgboost,autumn_2024,434,18,4.383437633514404,1.0,3.3834376335144043
andechs,xgboost,autumn_2024,435,18,4.185622215270996,1.0,3.185622215270996
andechs,xgboost,autumn_2024,436,18,4.023009777069092,0.9,3.123009777069092
andechs,xgboost,autumn_2024,437,18,3.516078472137451,0.7,2.816078472137451
andechs,xgboost,autumn_2024,438,18,2.6989426612854004,1.0,1.6989426612854004
andechs,xgboost,autumn_2024,439,18,2.512155055999756,0.9,1.612155055999756
andechs,xgboost,autumn_2024,440,18,2.139556884765625,1.0,1.139556884765625
andechs,xgboost,autumn_2024,441,18,2.440519332885742,2.0,0.4405193328857422
andechs,xgboost,autumn_2024,442,18,2.6070621013641357,3.0,0.39293789863586426
andechs,xgboost,autumn_2024,443,18,2.666274070739746,4.0,1.333725929260254
andechs,xgboost,autumn_2024,444,18,2.668713092803955,4.0,1.331286907196045
andechs,xgboost,autumn_2024,445,18,3.1757893562316895,4.0,0.8242106437683105
andechs,xgboost,autumn_2024,446,18,4.151873588562012,5.0,0.8481264114379883
andechs,xgboost,autumn_2024,447,18,6.0674238204956055,6.0,0.06742382049560547
andechs,xgboost,autumn_2024,448,18,7.420003414154053,7.0,0.42000341415405273
andechs,xgboost,autumn_2024,449,18,8.442288398742676,9.0,0.5577116012573242
andechs,xgboost,autumn_2024,450,18,9.429167747497559,12.0,2.5708322525024414
andechs,xgboost,autumn_2024,451,18,10.471417427062988,13.0,2.5285825729370117
andechs,xgboost,autumn_2024,452,18,10.839896202087402,11.0,0.16010379791259766
andechs,xgboost,autumn_2024,453,18,11.618561744689941,13.0,1.3814382553100586
andechs,xgboost,autumn_2024,454,18,12.305868148803711,15.0,2.694131851196289
andechs,xgboost,autumn_2024,455,18,13.586670875549316,13.0,0.5866708755493164
andechs,xgboost,autumn_2024,456,19,13.503271102905273,12.0,1.5032711029052734
andechs,xgboost,autumn_2024,457,19,13.844233512878418,9.0,4.844233512878418
andechs,xgboost,autumn_2024,458,19,12.419106483459473,5.0,7.419106483459473
andechs,xgboost,autumn_2024,459,19,11.142109870910645,5.0,6.1421098709106445
andechs,xgboost,autumn_2024,460,19,11.21456527709961,7.0,4.214565277099609
andechs,xgboost,autumn_2024,461,19,11.848883628845215,6.0,5.848883628845215
andechs,xgboost,autumn_2024,462,19,11.059117317199707,6.0,5.059117317199707
andechs,xgboost,autumn_2024,463,19,10.02053451538086,2.0,8.02053451538086
andechs,xgboost,autumn_2024,464,19,9.321483612060547,2.0,7.321483612060547
andechs,xgboost,autumn_2024,465,19,8.666248321533203,3.0,5.666248321533203
andechs,xgboost,autumn_2024,466,19,8.155892372131348,6.0,2.1558923721313477
andechs,xgboost,autumn_2024,467,19,8.625980377197266,11.0,2.3740196228027344
andechs,xgboost,autumn_2024,468,19,8.444981575012207,11.0,2.555018424987793
andechs,xgboost,autumn_2024,469,19,8.381601333618164,13.0,4.618398666381836
andechs,xgboost,autumn_2024,470,19,8.643978118896484,13.0,4.356021881103516
andechs,xgboost,autumn_2024,471,19,8.702962875366211,13.0,4.297037124633789
andechs,xgboost,autumn_2024,472,19,9.167135238647461,15.0,5.832864761352539
andechs,xgboost,autumn_2024,473,19,10.096746444702148,16.0,5.903253555297852
andechs,xgboost,autumn_2024,474,19,10.857993125915527,15.0,4.142006874084473
andechs,xgboost,autumn_2024,475,19,10.986016273498535,14.0,3.013983726501465
andechs,xgboost,autumn_2024,476,19,10.509281158447266,14.0,3.4907188415527344
andechs,xgboost,autumn_2024,477,19,9.098106384277344,4.0,5.098106384277344
andechs,xgboost,autumn_2024,478,19,7.681233882904053,3.0,4.681233882904053
andechs,xgboost,autumn_2024,479,19,6.436946392059326,2.0,4.436946392059326
andechs,xgboost,autumn_2024,480,20,4.793468952178955,2.0,2.793468952178955
andechs,xgboost,autumn_2024,481,20,3.9479072093963623,2.0,1.9479072093963623
andechs,xgboost,autumn_2024,482,20,3.4689297676086426,2.0,1.4689297676086426
andechs,xgboost,autumn_2024,483,20,2.9320595264434814,2.0,0.9320595264434814
andechs,xgboost,autumn_2024,484,20,2.3633439540863037,2.0,0.3633439540863037
andechs,xgboost,autumn_2024,485,20,2.1795220375061035,2.0,0.17952203750610352
andechs,xgboost,autumn_2024,486,20,2.23211407661438,2.0,0.23211407661437988
andechs,xgboost,autumn_2024,487,20,2.241551160812378,2.0,0.24155116081237793
andechs,xgboost,autumn_2024,488,20,2.607715368270874,2.0,0.607715368270874
andechs,xgboost,autumn_2024,489,20,2.895810842514038,2.0,0.8958108425140381
andechs,xgboost,autumn_2024,490,20,2.9606871604919434,3.0,0.03931283950805664
andechs,xgboost,autumn_2024,491,20,2.938028335571289,3.0,0.06197166442871094
andechs,xgboost,autumn_2024,492,20,3.2290732860565186,3.0,0.22907328605651855
andechs,xgboost,autumn_2024,493,20,4.06053352355957,4.0,0.06053352355957031
andechs,xgboost,autumn_2024,494,20,5.710184097290039,5.0,0.7101840972900391
andechs,xgboost,autumn_2024,495,20,7.271178722381592,6.0,1.2711787223815918
andechs,xgboost,autumn_2024,496,20,10.759408950805664,8.0,2.759408950805664
andechs,xgboost,autumn_2024,497,20,13.0846529006958,11.0,2.084652900695801
andechs,xgboost,autumn_2024,498,20,14.319368362426758,9.0,5.319368362426758
andechs,xgboost,autumn_2024,499,20,12.736899375915527,5.0,7.736899375915527
andechs,xgboost,autumn_2024,500,20,10.9962739944458,5.0,5.996273994445801
andechs,xgboost,autumn_2024,501,20,8.31373119354248,4.0,4.3137311935424805
andechs,xgboost,autumn_2024,502,20,6.833845138549805,4.0,2.8338451385498047
andechs,xgboost,autumn_2024,503,20,6.372311592102051,3.0,3.372311592102051
andechs,xgboost,autumn_2024,504,21,6.200888156890869,9.0,2.799111843109131
andechs,xgboost,autumn_2024,505,21,6.072700500488281,9.0,2.9272994995117188
andechs,xgboost,autumn_2024,506,21,5.66431999206543,8.0,2.3356800079345703
andechs,xgboost,autumn_2024,507,21,5.018694877624512,7.0,1.9813051223754883
andechs,xgboost,autumn_2024,508,21,4.858692646026611,5.0,0.14130735397338867
andechs,xgboost,autumn_2024,509,21,4.570948123931885,5.0,0.42905187606811523
andechs,xgboost,autumn_2024,510,21,4.517385005950928,5.0,0.48261499404907227
andechs,xgboost,autumn_2024,511,21,4.378133296966553,4.0,0.37813329696655273
andechs,xgboost,autumn_2024,512,21,4.193251132965088,4.0,0.1932511329650879
andechs,xgboost,autumn_2024,513,21,4.550296783447266,5.0,0.4497032165527344
andechs,xgboost,autumn_2024,514,21,5.057068347930908,5.0,0.0570683479309082
andechs,xgboost,autumn_2024,515,21,5.57008695602417,6.0,0.4299130439758301
andechs,xgboost,autumn_2024,516,21,5.21321964263916,5.0,0.21321964263916016
andechs,xgboost,autumn_2024,517,21,5.6250433921813965,6.0,0.3749566078186035
andechs,xgboost,autumn_2024,518,21,5.637228488922119,5.0,0.6372284889221191
andechs,xgboost,autumn_2024,519,21,6.428021430969238,7.0,0.5719785690307617
andechs,xgboost,autumn_2024,520,21,6.602814674377441,6.0,0.6028146743774414
andechs,xgboost,autumn_2024,521,21,7.151256084442139,6.0,1.1512560844421387
andechs,xgboost,autumn_2024,522,21,7.20523738861084,8.0,0.7947626113891602
andechs,xgboost,autumn_2024,523,21,6.7513909339904785,7.0,0.24860906600952148
andechs,xgboost,autumn_2024,524,21,6.792380332946777,12.0,5.207619667053223
andechs,xgboost,autumn_2024,525,21,7.23574161529541,15.0,7.76425838470459
andechs,xgboost,autumn_2024,526,21,7.954407215118408,15.0,7.045592784881592
andechs,xgboost,autumn_2024,527,21,8.461023330688477,16.0,7.538976669311523
andechs,xgboost,autumn_2024,528,22,8.31660270690918,11.0,2.6833972930908203
andechs,xgboost,autumn_2024,529,22,8.502763748168945,14.0,5.497236251831055
andechs,xgboost,autumn_2024,530,22,8.53829574584961,15.0,6.461704254150391
andechs,xgboost,autumn_2024,531,22,8.211684226989746,13.0,4.788315773010254
andechs,xgboost,autumn_2024,532,22,7.6902384757995605,10.0,2.3097615242004395
andechs,xgboost,autumn_2024,533,22,7.206059455871582,7.0,0.20605945587158203
andechs,xgboost,autumn_2024,534,22,6.6084771156311035,7.0,0.3915228843688965
andechs,xgboost,autumn_2024,535,22,5.462362289428711,4.0,1.462362289428711
andechs,xgboost,autumn_2024,536,22,4.217456340789795,2.0,2.217456340789795
andechs,xgboost,autumn_2024,537,22,3.8362295627593994,2.0,1.8362295627593994
andechs,xgboost,autumn_2024,538,22,4.248470783233643,3.0,1.2484707832336426
andechs,xgboost,autumn_2024,539,22,4.570300579071045,3.0,1.570300579071045
andechs,xgboost,autumn_2024,540,22,5.063983917236328,6.0,0.9360160827636719
andechs,xgboost,autumn_2024,541,22,5.162591934204102,5.0,0.16259193420410156
andechs,xgboost,autumn_2024,542,22,5.119760513305664,7.0,1.880239486694336
andechs,xgboost,autumn_2024,543,22,5.031512260437012,7.0,1.9684877395629883
andechs,xgboost,autumn_2024,544,22,5.117659568786621,7.0,1.882340431213379
andechs,xgboost,autumn_2024,545,22,4.760854244232178,2.0,2.7608542442321777
andechs,xgboost,autumn_2024,546,22,4.5384907722473145,2.0,2.5384907722473145
andechs,xgboost,autumn_2024,547,22,4.600765228271484,2.0,2.6007652282714844
andechs,xgboost,autumn_2024,548,22,4.016347885131836,1.0,3.016347885131836
andechs,xgboost,autumn_2024,549,22,3.877318859100342,2.0,1.8773188591003418
andechs,xgboost,autumn_2024,550,22,3.586787223815918,2.0,1.586787223815918
andechs,xgboost,autumn_2024,551,22,2.9330480098724365,2.0,0.9330480098724365
andechs,xgboost,autumn_2024,552,23,2.204925060272217,3.0,0.7950749397277832
andechs,xgboost,autumn_2024,553,23,2.4857516288757324,2.0,0.4857516288757324
andechs,xgboost,autumn_2024,554,23,2.3575196266174316,2.0,0.35751962661743164
andechs,xgboost,autumn_2024,555,23,2.3659796714782715,1.0,1.3659796714782715
andechs,xgboost,autumn_2024,556,23,2.3431406021118164,3.0,0.6568593978881836
andechs,xgboost,autumn_2024,557,23,2.4390270709991455,3.0,0.5609729290008545
andechs,xgboost,autumn_2024,558,23,2.4037792682647705,3.0,0.5962207317352295
andechs,xgboost,autumn_2024,559,23,2.2472379207611084,3.0,0.7527620792388916
andechs,xgboost,autumn_2024,560,23,2.3142528533935547,4.0,1.6857471466064453
andechs,xgboost,autumn_2024,561,23,2.3286917209625244,4.0,1.6713082790374756
andechs,xgboost,autumn_2024,562,23,2.3217902183532715,4.0,1.6782097816467285
andechs,xgboost,autumn_2024,563,23,2.4854133129119873,4.0,1.5145866870880127
andechs,xgboost,autumn_2024,564,23,2.47184419631958,4.0,1.52815580368042
andechs,xgboost,autumn_2024,565,23,2.298983573913574,4.0,1.7010164260864258
andechs,xgboost,autumn_2024,566,23,2.3471293449401855,4.0,1.6528706550598145
andechs,xgboost,autumn_2024,567,23,2.3162198066711426,5.0,2.6837801933288574
andechs,xgboost,autumn_2024,568,23,2.297045946121216,5.0,2.702954053878784
andechs,xgboost,autumn_2024,569,23,2.3984215259552,6.0,3.6015784740448
andechs,xgboost,autumn_2024,570,23,2.516530752182007,7.0,4.483469247817993
andechs,xgboost,autumn_2024,571,23,2.518717050552368,8.0,5.481282949447632
andechs,xgboost,autumn_2024,572,23,2.4061930179595947,7.0,4.593806982040405
andechs,xgboost,autumn_2024,573,23,2.3523452281951904,4.0,1.6476547718048096
andechs,xgboost,autumn_2024,574,23,2.329580068588257,2.0,0.32958006858825684
andechs,xgboost,autumn_2024,575,23,2.225809097290039,1.0,1.225809097290039
andechs,xgboost,autumn_2024,576,24,2.3866333961486816,0.7,1.6866333961486817
andechs,xgboost,autumn_2024,577,24,2.437565326690674,0.6,1.8375653266906737
andechs,xgboost,autumn_2024,578,24,2.371859312057495,0.5,1.8718593120574951
andechs,xgboost,autumn_2024,579,24,2.235987901687622,0.5,1.735987901687622
andechs,xgboost,autumn_2024,580,24,2.033999443054199,0.6,1.4339994430541991
andechs,xgboost,autumn_2024,581,24,1.962471604347229,0.6,1.362471604347229
andechs,xgboost,autumn_2024,582,24,1.3662775754928589,0.7,0.6662775754928589
andechs,xgboost,autumn_2024,583,24,1.5264630317687988,0.7,0.8264630317687989
andechs,xgboost,autumn_2024,584,24,1.4176350831985474,0.9,0.5176350831985473
andechs,xgboost,autumn_2024,585,24,1.5363305807113647,2.0,0.46366941928863525
andechs,xgboost,autumn_2024,586,24,1.544152021408081,2.0,0.45584797859191895
andechs,xgboost,autumn_2024,587,24,1.8013819456100464,2.0,0.1986180543899536
andechs,xgboost,autumn_2024,588,24,1.695836067199707,1.0,0.695836067199707
andechs,xgboost,autumn_2024,589,24,1.9994127750396729,2.0,0.0005872249603271484
andechs,xgboost,autumn_2024,590,24,2.1472902297973633,4.0,1.8527097702026367
andechs,xgboost,autumn_2024,591,24,3.0813980102539062,4.0,0.9186019897460938
andechs,xgboost,autumn_2024,592,24,4.12770414352417,4.0,0.12770414352416992
andechs,xgboost,autumn_2024,593,24,4.440003395080566,6.0,1.5599966049194336
andechs,xgboost,autumn_2024,594,24,4.86949348449707,8.0,3.1305065155029297
andechs,xgboost,autumn_2024,595,24,5.213409900665283,8.0,2.786590099334717
andechs,xgboost,autumn_2024,596,24,4.959118366241455,6.0,1.040881633758545
andechs,xgboost,autumn_2024,597,24,4.675590515136719,3.0,1.6755905151367188
andechs,xgboost,autumn_2024,598,24,4.72431755065918,2.0,2.7243175506591797
andechs,xgboost,autumn_2024,599,24,4.637214183807373,2.0,2.637214183807373
andechs,xgboost,autumn_2024,600,25,4.707631587982178,2.0,2.7076315879821777
andechs,xgboost,autumn_2024,601,25,5.116907596588135,2.0,3.1169075965881348
andechs,xgboost,autumn_2024,602,25,4.9542975425720215,2.0,2.9542975425720215
andechs,xgboost,autumn_2024,603,25,4.832558631896973,2.0,2.8325586318969727
andechs,xgboost,autumn_2024,604,25,4.878528594970703,1.0,3.878528594970703
andechs,xgboost,autumn_2024,605,25,4.6164960861206055,2.0,2.6164960861206055
andechs,xgboost,autumn_2024,606,25,4.39997673034668,1.0,3.3999767303466797
andechs,xgboost,autumn_2024,607,25,4.070379734039307,2.0,2.0703797340393066
andechs,xgboost,autumn_2024,608,25,4.291634559631348,3.0,1.2916345596313477
andechs,xgboost,autumn_2024,609,25,4.345251560211182,5.0,0.6547484397888184
andechs,xgboost,autumn_2024,610,25,4.375886917114258,4.0,0.3758869171142578
andechs,xgboost,autumn_2024,611,25,4.678661823272705,4.0,0.6786618232727051
andechs,xgboost,autumn_2024,612,25,4.98193359375,3.0,1.98193359375
andechs,xgboost,autumn_2024,613,25,4.838199138641357,4.0,0.8381991386413574
andechs,xgboost,autumn_2024,614,25,5.328749179840088,4.0,1.328749179840088
andechs,xgboost,autumn_2024,615,25,6.338361740112305,8.0,1.6616382598876953
andechs,xgboost,autumn_2024,616,25,7.254830360412598,12.0,4.745169639587402
andechs,xgboost,autumn_2024,617,25,7.71707010269165,13.0,5.28292989730835
andechs,xgboost,autumn_2024,618,25,7.531294822692871,12.0,4.468705177307129
andechs,xgboost,autumn_2024,619,25,6.953071594238281,6.0,0.9530715942382812
andechs,xgboost,autumn_2024,620,25,6.213135242462158,3.0,3.213135242462158
andechs,xgboost,autumn_2024,621,25,5.940533638000488,3.0,2.9405336380004883
andechs,xgboost,autumn_2024,622,25,5.453493118286133,3.0,2.453493118286133
andechs,xgboost,autumn_2024,623,25,4.887092113494873,3.0,1.887092113494873
andechs,xgboost,autumn_2024,624,26,4.906826019287109,2.0,2.9068260192871094
andechs,xgboost,autumn_2024,625,26,4.966858386993408,2.0,2.966858386993408
andechs,xgboost,autumn_2024,626,26,4.598379611968994,2.0,2.598379611968994
andechs,xgboost,autumn_2024,627,26,4.510002613067627,2.0,2.510002613067627
andechs,xgboost,autumn_2024,628,26,4.396542549133301,1.0,3.396542549133301
andechs,xgboost,autumn_2024,629,26,4.220856666564941,1.0,3.2208566665649414
andechs,xgboost,autumn_2024,630,26,4.353506088256836,2.0,2.353506088256836
andechs,xgboost,autumn_2024,631,26,4.43667459487915,2.0,2.4366745948791504
andechs,xgboost,autumn_2024,632,26,4.035040378570557,3.0,1.0350403785705566
andechs,xgboost,autumn_2024,633,26,3.869035243988037,4.0,0.1309647560119629
andechs,xgboost,autumn_2024,634,26,4.1284661293029785,4.0,0.12846612930297852
andechs,xgboost,autumn_2024,635,26,4.585988998413086,6.0,1.414011001586914
andechs,xgboost,autumn_2024,636,26,5.635360240936279,9.0,3.3646397590637207
andechs,xgboost,autumn_2024,637,26,6.1334991455078125,10.0,3.8665008544921875
andechs,xgboost,autumn_2024,638,26,6.651980400085449,9.0,2.348019599914551
andechs,xgboost,autumn_2024,639,26,6.665501594543457,7.0,0.33449840545654297
andechs,xgboost,autumn_2024,640,26,6.3161821365356445,5.0,1.3161821365356445
andechs,xgboost,autumn_2024,641,26,5.90097713470459,5.0,0.9009771347045898
andechs,xgboost,autumn_2024,642,26,5.460739612579346,5.0,0.4607396125793457
andechs,xgboost,autumn_2024,643,26,4.977169036865234,5.0,0.022830963134765625
andechs,xgboost,autumn_2024,644,26,5.047098159790039,6.0,0.9529018402099609
andechs,xgboost,autumn_2024,645,26,5.047001838684082,8.0,2.952998161315918
andechs,xgboost,autumn_2024,646,26,4.916465759277344,9.0,4.083534240722656
andechs,xgboost,autumn_2024,647,26,4.8309736251831055,8.0,3.1690263748168945
andechs,xgboost,autumn_2024,648,27,4.785912990570068,8.0,3.2140870094299316
andechs,xgboost,autumn_2024,649,27,4.6555070877075195,6.0,1.3444929122924805
andechs,xgboost,autumn_2024,650,27,4.604125499725342,7.0,2.395874500274658
andechs,xgboost,autumn_2024,651,27,4.59586763381958,7.0,2.40413236618042
andechs,xgboost,autumn_2024,652,27,4.82533073425293,7.0,2.1746692657470703
andechs,xgboost,autumn_2024,653,27,4.632293701171875,6.0,1.367706298828125
andechs,xgboost,autumn_2024,654,27,4.73400354385376,4.0,0.7340035438537598
andechs,xgboost,autumn_2024,655,27,4.848488807678223,4.0,0.8484888076782227
andechs,xgboost,autumn_2024,656,27,4.646018028259277,9.0,4.353981971740723
andechs,xgboost,autumn_2024,657,27,5.187894821166992,13.0,7.812105178833008
andechs,xgboost,autumn_2024,658,27,5.751551151275635,9.0,3.2484488487243652
andechs,xgboost,autumn_2024,659,27,6.123891830444336,8.0,1.876108169555664
andechs,xgboost,autumn_2024,660,27,6.550004005432129,7.0,0.4499959945678711
andechs,xgboost,autumn_2024,661,27,6.9849853515625,7.0,0.0150146484375
andechs,xgboost,autumn_2024,662,27,7.588290214538574,8.0,0.4117097854614258
andechs,xgboost,autumn_2024,663,27,8.52694034576416,10.0,1.4730596542358398
andechs,xgboost,autumn_2024,664,27,8.311318397521973,9.0,0.6886816024780273
andechs,xgboost,autumn_2024,665,27,7.771249294281006,7.0,0.7712492942810059
andechs,xgboost,autumn_2024,666,27,7.153897285461426,7.0,0.15389728546142578
andechs,xgboost,autumn_2024,667,27,6.375159740447998,5.0,1.375159740447998
andechs,xgboost,autumn_2024,668,27,6.179626941680908,6.0,0.1796269416809082
andechs,xgboost,autumn_2024,669,27,5.8525614738464355,4.0,1.8525614738464355
andechs,xgboost,autumn_2024,670,27,5.268774032592773,4.0,1.2687740325927734
andechs,xgboost,autumn_2024,671,27,4.863851070404053,4.0,0.8638510704040527
andechs,xgboost,autumn_2024,672,28,4.580268859863281,5.0,0.41973114013671875
andechs,xgboost,autumn_2024,673,28,4.545902729034424,4.0,0.5459027290344238
andechs,xgboost,autumn_2024,674,28,3.871333599090576,3.0,0.8713335990905762
andechs,xgboost,autumn_2024,675,28,3.73007869720459,6.0,2.26992130279541
andechs,xgboost,autumn_2024,676,28,3.2075324058532715,5.0,1.7924675941467285
andechs,xgboost,autumn_2024,677,28,2.6367568969726562,3.0,0.36324310302734375
andechs,xgboost,autumn_2024,678,28,2.132963180541992,3.0,0.8670368194580078
andechs,xgboost,autumn_2024,679,28,2.185033082962036,3.0,0.8149669170379639
andechs,xgboost,autumn_2024,680,28,2.4420900344848633,5.0,2.5579099655151367
andechs,xgboost,autumn_2024,681,28,3.2818145751953125,15.0,11.718185424804688
andechs,xgboost,autumn_2024,682,28,3.9449269771575928,13.0,9.055073022842407
andechs,xgboost,autumn_2024,683,28,5.496331214904785,11.0,5.503668785095215
andechs,xgboost,autumn_2024,684,28,6.640282154083252,9.0,2.359717845916748
andechs,xgboost,autumn_2024,685,28,7.875855922698975,8.0,0.12414407730102539
andechs,xgboost,autumn_2024,686,28,11.544057846069336,10.0,1.544057846069336
andechs,xgboost,autumn_2024,687,28,13.27175521850586,8.0,5.271755218505859
andechs,xgboost,autumn_2024,688,28,15.007576942443848,9.0,6.007576942443848
andechs,xgboost,autumn_2024,689,28,12.921821594238281,7.0,5.921821594238281
andechs,xgboost,autumn_2024,690,28,11.312464714050293,8.0,3.312464714050293
andechs,xgboost,autumn_2024,691,28,9.8063383102417,7.0,2.806338310241699
andechs,xgboost,autumn_2024,692,28,8.337947845458984,7.0,1.3379478454589844
andechs,xgboost,autumn_2024,693,28,6.87654972076416,5.0,1.8765497207641602
andechs,xgboost,autumn_2024,694,28,6.4460673332214355,5.0,1.4460673332214355
andechs,xgboost,autumn_2024,695,28,5.908877849578857,4.0,1.9088778495788574
andechs,xgboost,autumn_2024,696,29,5.731481552124023,3.0,2.7314815521240234
andechs,xgboost,autumn_2024,697,29,5.9136786460876465,4.0,1.9136786460876465
andechs,xgboost,autumn_2024,698,29,5.935804843902588,3.0,2.935804843902588
andechs,xgboost,autumn_2024,699,29,6.012609004974365,4.0,2.0126090049743652
andechs,xgboost,autumn_2024,700,29,6.624270915985107,3.0,3.6242709159851074
andechs,xgboost,autumn_2024,701,29,6.865882873535156,5.0,1.8658828735351562
andechs,xgboost,autumn_2024,702,29,6.662074089050293,4.0,2.662074089050293
andechs,xgboost,autumn_2024,703,29,7.025023937225342,5.0,2.025023937225342
andechs,xgboost,autumn_2024,704,29,7.486732482910156,9.0,1.5132675170898438
andechs,xgboost,autumn_2024,705,29,7.8521504402160645,27.0,19.147849559783936
andechs,xgboost,autumn_2024,706,29,9.599339485168457,27.0,17.400660514831543
andechs,xgboost,autumn_2024,707,29,11.73486614227295,24.0,12.26513385772705
andechs,xgboost,autumn_2024,708,29,13.346677780151367,21.0,7.653322219848633
andechs,xgboost,autumn_2024,709,29,15.501382827758789,20.0,4.498617172241211
andechs,xgboost,autumn_2024,710,29,14.47816276550293,16.0,1.5218372344970703
andechs,xgboost,autumn_2024,711,29,12.969446182250977,11.0,1.9694461822509766
andechs,xgboost,autumn_2024,712,29,13.002233505249023,11.0,2.0022335052490234
andechs,xgboost,autumn_2024,713,29,13.416326522827148,12.0,1.4163265228271484
andechs,xgboost,autumn_2024,714,29,14.301138877868652,15.0,0.6988611221313477
andechs,xgboost,autumn_2024,715,29,14.947290420532227,14.0,0.9472904205322266
andechs,xgboost,autumn_2024,716,29,15.072549819946289,5.0,10.072549819946289
andechs,xgboost,autumn_2024,717,29,14.364816665649414,3.0,11.364816665649414
andechs,xgboost,autumn_2024,718,29,12.70998764038086,2.0,10.70998764038086
andechs,xgboost,autumn_2024,719,29,10.69104290008545,2.0,8.69104290008545
andechs,xgboost,autumn_2024,720,30,8.581339836120605,2.0,6.5813398361206055
andechs,xgboost,autumn_2024,721,30,7.9148077964782715,4.0,3.9148077964782715
andechs,xgboost,autumn_2024,722,30,7.924204349517822,6.0,1.9242043495178223
andechs,xgboost,autumn_2024,723,30,7.629595756530762,4.0,3.6295957565307617
andechs,xgboost,autumn_2024,724,30,7.038804054260254,4.0,3.038804054260254
andechs,xgboost,autumn_2024,725,30,6.570288181304932,3.0,3.5702881813049316
andechs,xgboost,autumn_2024,726,30,6.147474765777588,2.0,4.147474765777588
andechs,xgboost,autumn_2024,727,30,6.191105365753174,3.0,3.191105365753174
andechs,xgboost,autumn_2024,728,30,6.331800937652588,4.0,2.331800937652588
andechs,xgboost,autumn_2024,729,30,6.428378105163574,6.0,0.4283781051635742
andechs,xgboost,autumn_2024,730,30,6.476855278015137,11.0,4.523144721984863
andechs,xgboost,autumn_2024,731,30,6.4463701248168945,14.0,7.5536298751831055
andechs,xgboost,autumn_2024,732,30,6.757861614227295,12.0,5.242138385772705
andechs,xgboost,autumn_2024,733,30,6.73614501953125,9.0,2.26385498046875
andechs,xgboost,autumn_2024,734,30,6.222534656524658,7.0,0.7774653434753418
andechs,xgboost,autumn_2024,735,30,6.145691871643066,8.0,1.8543081283569336
andechs,xgboost,autumn_2024,736,30,6.617010116577148,9.0,2.3829898834228516
andechs,xgboost,autumn_2024,737,30,6.813863754272461,11.0,4.186136245727539
andechs,xgboost,autumn_2024,738,30,6.876175880432129,12.0,5.123824119567871
andechs,xgboost,autumn_2024,739,30,7.165402412414551,13.0,5.834597587585449
andechs,xgboost,autumn_2024,740,30,6.950770854949951,8.0,1.0492291450500488
andechs,xgboost,autumn_2024,741,30,6.391218662261963,3.0,3.391218662261963
andechs,xgboost,autumn_2024,742,30,6.033370018005371,3.0,3.033370018005371
andechs,xgboost,autumn_2024,743,30,5.922337532043457,2.0,3.922337532043457
andechs,xgboost,autumn_2024,744,31,5.742617607116699,8.0,2.257382392883301
andechs,xgboost,autumn_2024,745,31,5.8166961669921875,4.0,1.8166961669921875
andechs,xgboost,autumn_2024,746,31,5.560708999633789,2.0,3.560708999633789
andechs,xgboost,autumn_2024,747,31,5.172881126403809,2.0,3.1728811264038086
andechs,xgboost,autumn_2024,748,31,5.031561851501465,2.0,3.031561851501465
andechs,xgboost,autumn_2024,749,31,4.814731597900391,2.0,2.8147315979003906
andechs,xgboost,autumn_2024,750,31,4.470536231994629,2.0,2.470536231994629
andechs,xgboost,autumn_2024,751,31,4.292675971984863,2.0,2.2926759719848633
andechs,xgboost,autumn_2024,752,31,3.860668897628784,3.0,0.8606688976287842
andechs,xgboost,autumn_2024,753,31,3.6060380935668945,3.0,0.6060380935668945
andechs,xgboost,autumn_2024,754,31,3.031191349029541,2.0,1.031191349029541
andechs,xgboost,autumn_2024,755,31,2.93231201171875,2.0,0.93231201171875
andechs,xgboost,autumn_2024,756,31,2.5291619300842285,2.0,0.5291619300842285
andechs,xgboost,autumn_2024,757,31,2.648400068283081,3.0,0.35159993171691895
andechs,xgboost,autumn_2024,758,31,2.764835834503174,3.0,0.23516416549682617
andechs,xgboost,autumn_2024,759,31,2.5059733390808105,4.0,1.4940266609191895
andechs,xgboost,autumn_2024,760,31,2.3950536251068115,4.0,1.6049463748931885
andechs,xgboost,autumn_2024,761,31,2.5619404315948486,4.0,1.4380595684051514
andechs,xgboost,autumn_2024,762,31,2.5985474586486816,5.0,2.4014525413513184
andechs,xgboost,autumn_2024,763,31,2.709883689880371,5.0,2.290116310119629
andechs,xgboost,autumn_2024,764,31,2.72221040725708,5.0,2.27778959274292
andechs,xgboost,autumn_2024,765,31,2.4826083183288574,6.0,3.5173916816711426
andechs,xgboost,autumn_2024,766,31,2.3031704425811768,6.0,3.6968295574188232
andechs,xgboost,autumn_2024,767,31,2.3362174034118652,6.0,3.6637825965881348
andechs,xgboost,autumn_2024,768,32,2.436638832092285,5.0,2.563361167907715
andechs,xgboost,autumn_2024,769,32,2.4490792751312256,5.0,2.5509207248687744
andechs,xgboost,autumn_2024,770,32,2.7025156021118164,4.0,1.2974843978881836
andechs,xgboost,autumn_2024,771,32,2.375905990600586,5.0,2.624094009399414
andechs,xgboost,autumn_2024,772,32,2.2471582889556885,5.0,2.7528417110443115
andechs,xgboost,autumn_2024,773,32,2.415435314178467,7.0,4.584564685821533
andechs,xgboost,autumn_2024,774,32,2.7871460914611816,4.0,1.2128539085388184
andechs,xgboost,autumn_2024,775,32,3.4230196475982666,6.0,2.5769803524017334
andechs,xgboost,autumn_2024,776,32,4.452852249145508,6.0,1.5471477508544922
andechs,xgboost,autumn_2024,777,32,6.090392112731934,9.0,2.9096078872680664
andechs,xgboost,autumn_2024,778,32,7.354059219360352,12.0,4.645940780639648
andechs,xgboost,autumn_2024,779,32,7.820835590362549,16.0,8.179164409637451
andechs,xgboost,autumn_2024,780,32,7.5913591384887695,12.0,4.4086408615112305
andechs,xgboost,autumn_2024,781,32,7.41208028793335,11.0,3.5879197120666504
andechs,xgboost,autumn_2024,782,32,7.4498090744018555,11.0,3.5501909255981445
andechs,xgboost,autumn_2024,783,32,7.139570713043213,10.0,2.860429286956787
andechs,xgboost,autumn_2024,784,32,7.178477764129639,11.0,3.8215222358703613
andechs,xgboost,autumn_2024,785,32,7.393244743347168,11.0,3.606755256652832
andechs,xgboost,autumn_2024,786,32,7.1529035568237305,10.0,2.8470964431762695
andechs,xgboost,autumn_2024,787,32,7.295602321624756,12.0,4.704397678375244
andechs,xgboost,autumn_2024,788,32,7.789154529571533,14.0,6.210845470428467
andechs,xgboost,autumn_2024,789,32,7.596766471862793,8.0,0.40323352813720703
andechs,xgboost,autumn_2024,790,32,6.903537273406982,8.0,1.0964627265930176
andechs,xgboost,autumn_2024,791,32,6.791821002960205,8.0,1.208178997039795
andechs,xgboost,autumn_2024,792,33,6.9884843826293945,10.0,3.0115156173706055
andechs,xgboost,autumn_2024,793,33,7.1874823570251465,10.0,2.8125176429748535
andechs,xgboost,autumn_2024,794,33,7.4847941398620605,10.0,2.5152058601379395
andechs,xgboost,autumn_2024,795,33,7.622210502624512,11.0,3.3777894973754883
andechs,xgboost,autumn_2024,796,33,7.6166672706604,11.0,3.3833327293395996
andechs,xgboost,autumn_2024,797,33,7.73090934753418,11.0,3.2690906524658203
andechs,xgboost,autumn_2024,798,33,7.928178310394287,10.0,2.071821689605713
andechs,xgboost,autumn_2024,799,33,7.485035419464111,7.0,0.48503541946411133
andechs,xgboost,autumn_2024,800,33,6.867303848266602,6.0,0.8673038482666016
andechs,xgboost,autumn_2024,801,33,6.584283828735352,6.0,0.5842838287353516
andechs,xgboost,autumn_2024,802,33,6.658853054046631,6.0,0.6588530540466309
andechs,xgboost,autumn_2024,803,33,6.9957733154296875,9.0,2.0042266845703125
andechs,xgboost,autumn_2024,804,33,7.6356096267700195,10.0,2.3643903732299805
andechs,xgboost,autumn_2024,805,33,7.861311912536621,9.0,1.138688087463379
andechs,xgboost,autumn_2024,806,33,8.262325286865234,9.0,0.7376747131347656
andechs,xgboost,autumn_2024,807,33,8.130741119384766,8.0,0.13074111938476562
andechs,xgboost,autumn_2024,808,33,8.105626106262207,8.0,0.10562610626220703
andechs,xgboost,autumn_2024,809,33,7.927055358886719,9.0,1.0729446411132812
andechs,xgboost,autumn_2024,810,33,8.016348838806152,9.0,0.9836511611938477
andechs,xgboost,autumn_2024,811,33,8.016145706176758,10.0,1.9838542938232422
andechs,xgboost,autumn_2024,812,33,7.979391098022461,11.0,3.020608901977539
andechs,xgboost,autumn_2024,813,33,7.962251663208008,11.0,3.037748336791992
andechs,xgboost,autumn_2024,814,33,7.809654712677002,10.0,2.190345287322998
andechs,xgboost,autumn_2024,815,33,7.655146598815918,6.0,1.655146598815918
andechs,xgboost,autumn_2024,816,34,7.3337788581848145,8.0,0.6662211418151855
andechs,xgboost,autumn_2024,817,34,7.329252243041992,4.0,3.329252243041992
andechs,xgboost,autumn_2024,818,34,6.977200508117676,2.0,4.977200508117676
andechs,xgboost,autumn_2024,819,34,6.346980094909668,3.0,3.346980094909668
andechs,xgboost,autumn_2024,820,34,5.923638343811035,3.0,2.923638343811035
andechs,xgboost,autumn_2024,821,34,5.646218299865723,1.0,4.646218299865723
andechs,xgboost,autumn_2024,822,34,5.661797523498535,1.0,4.661797523498535
andechs,xgboost,autumn_2024,823,34,5.343446254730225,2.0,3.3434462547302246
andechs,xgboost,autumn_2024,824,34,5.173151016235352,4.0,1.1731510162353516
andechs,xgboost,autumn_2024,825,34,5.362808704376221,9.0,3.6371912956237793
andechs,xgboost,autumn_2024,826,34,5.455718517303467,10.0,4.544281482696533
andechs,xgboost,autumn_2024,827,34,5.272059917449951,9.0,3.727940082550049
andechs,xgboost,autumn_2024,828,34,5.182961940765381,7.0,1.8170380592346191
andechs,xgboost,autumn_2024,829,34,5.49336051940918,8.0,2.5066394805908203
andechs,xgboost,autumn_2024,830,34,5.656712055206299,8.0,2.343287944793701
andechs,xgboost,autumn_2024,831,34,6.237766742706299,8.0,1.7622332572937012
andechs,xgboost,autumn_2024,832,34,6.715127944946289,9.0,2.284872055053711
andechs,xgboost,autumn_2024,833,34,6.1567063331604,8.0,1.8432936668395996
andechs,xgboost,autumn_2024,834,34,5.7481608390808105,7.0,1.2518391609191895
andechs,xgboost,autumn_2024,835,34,5.300395488739014,2.0,3.3003954887390137
andechs,xgboost,autumn_2024,836,34,4.510979175567627,2.0,2.510979175567627
andechs,xgboost,autumn_2024,837,34,4.454315185546875,2.0,2.454315185546875
andechs,xgboost,autumn_2024,838,34,4.463662147521973,2.0,2.4636621475219727
andechs,xgboost,autumn_2024,839,34,4.441619873046875,2.0,2.441619873046875
andechs,xgboost,autumn_2024,840,35,4.844489574432373,2.0,2.844489574432373
andechs,xgboost,autumn_2024,841,35,5.13740873336792,2.0,3.13740873336792
andechs,xgboost,autumn_2024,842,35,4.9943671226501465,2.0,2.9943671226501465
andechs,xgboost,autumn_2024,843,35,5.024533271789551,2.0,3.024533271789551
andechs,xgboost,autumn_2024,844,35,4.897673606872559,2.0,2.8976736068725586
andechs,xgboost,autumn_2024,845,35,4.730164051055908,1.0,3.730164051055908
andechs,xgboost,autumn_2024,846,35,4.782294273376465,0.3,4.482294273376465
andechs,xgboost,autumn_2024,847,35,4.6056647300720215,0.5,4.1056647300720215
andechs,xgboost,autumn_2024,848,35,4.305596828460693,1.0,3.3055968284606934
andechs,xgboost,autumn_2024,849,35,3.9043216705322266,3.0,0.9043216705322266
andechs,xgboost,autumn_2024,850,35,3.8396849632263184,3.0,0.8396849632263184
andechs,xgboost,autumn_2024,851,35,3.8718981742858887,3.0,0.8718981742858887
andechs,xgboost,autumn_2024,852,35,3.993304967880249,3.0,0.993304967880249
andechs,xgboost,autumn_2024,853,35,3.866304874420166,4.0,0.13369512557983398
andechs,xgboost,autumn_2024,854,35,4.36668062210083,5.0,0.6333193778991699
andechs,xgboost,autumn_2024,855,35,4.57325553894043,5.0,0.4267444610595703
andechs,xgboost,autumn_2024,856,35,4.658285140991211,4.0,0.6582851409912109
andechs,xgboost,autumn_2024,857,35,4.627734661102295,3.0,1.627734661102295
andechs,xgboost,autumn_2024,858,35,4.624544620513916,3.0,1.624544620513916
andechs,xgboost,autumn_2024,859,35,4.714641571044922,3.0,1.7146415710449219
andechs,xgboost,autumn_2024,860,35,4.614556312561035,3.0,1.6145563125610352
andechs,xgboost,autumn_2024,861,35,4.564960479736328,2.0,2.564960479736328
andechs,xgboost,autumn_2024,862,35,4.604806900024414,2.0,2.604806900024414
andechs,xgboost,autumn_2024,863,35,4.3644280433654785,2.0,2.3644280433654785
andechs,xgboost,autumn_2024,864,36,4.460357189178467,4.0,0.4603571891784668
andechs,xgboost,autumn_2024,865,36,4.621625900268555,4.0,0.6216259002685547
andechs,xgboost,autumn_2024,866,36,4.586121559143066,5.0,0.4138784408569336
andechs,xgboost,autumn_2024,867,36,4.730893611907959,5.0,0.269106388092041
andechs,xgboost,autumn_2024,868,36,4.842207908630371,5.0,0.1577920913696289
andechs,xgboost,autumn_2024,869,36,4.667832374572754,5.0,0.3321676254272461
andechs,xgboost,autumn_2024,870,36,4.404548168182373,5.0,0.595451831817627
andechs,xgboost,autumn_2024,871,36,4.0227460861206055,4.0,0.02274608612060547
andechs,xgboost,autumn_2024,872,36,4.419692039489746,6.0,1.580307960510254
andechs,xgboost,autumn_2024,873,36,5.175632953643799,7.0,1.8243670463562012
andechs,xgboost,autumn_2024,874,36,6.458470344543457,11.0,4.541529655456543
andechs,xgboost,autumn_2024,875,36,8.327957153320312,12.0,3.6720428466796875
andechs,xgboost,autumn_2024,876,36,9.877384185791016,11.0,1.1226158142089844
andechs,xgboost,autumn_2024,877,36,11.777291297912598,14.0,2.2227087020874023
andechs,xgboost,autumn_2024,878,36,14.159369468688965,15.0,0.8406305313110352
andechs,xgboost,autumn_2024,879,36,17.04540252685547,18.0,0.9545974731445312
andechs,xgboost,autumn_2024,880,36,18.677265167236328,20.0,1.3227348327636719
andechs,xgboost,autumn_2024,881,36,17.45260238647461,11.0,6.452602386474609
andechs,xgboost,autumn_2024,882,36,14.640032768249512,6.0,8.640032768249512
andechs,xgboost,autumn_2024,883,36,11.519636154174805,4.0,7.519636154174805
andechs,xgboost,autumn_2024,884,36,8.764670372009277,3.0,5.764670372009277
andechs,xgboost,autumn_2024,885,36,7.847927093505859,5.0,2.8479270935058594
andechs,xgboost,autumn_2024,886,36,7.137479782104492,5.0,2.137479782104492
andechs,xgboost,autumn_2024,887,36,6.640955448150635,4.0,2.6409554481506348
andechs,xgboost,autumn_2024,888,37,5.905905723571777,5.0,0.9059057235717773
andechs,xgboost,autumn_2024,889,37,5.559415340423584,4.0,1.559415340423584
andechs,xgboost,autumn_2024,890,37,4.943084716796875,4.0,0.943084716796875
andechs,xgboost,autumn_2024,891,37,4.553361415863037,3.0,1.553361415863037
andechs,xgboost,autumn_2024,892,37,4.461356163024902,2.0,2.4613561630249023
andechs,xgboost,autumn_2024,893,37,4.74417781829834,3.0,1.7441778182983398
andechs,xgboost,autumn_2024,894,37,4.900066375732422,2.0,2.900066375732422
andechs,xgboost,autumn_2024,895,37,4.996263027191162,1.0,3.996263027191162
andechs,xgboost,autumn_2024,896,37,4.997392654418945,1.0,3.9973926544189453
andechs,xgboost,autumn_2024,897,37,4.846521377563477,2.0,2.8465213775634766
andechs,xgboost,autumn_2024,898,37,4.862205982208252,4.0,0.862205982208252
andechs,xgboost,autumn_2024,899,37,4.917804718017578,5.0,0.08219528198242188
andechs,xgboost,autumn_2024,900,37,5.004621505737305,6.0,0.9953784942626953
andechs,xgboost,autumn_2024,901,37,5.209392070770264,6.0,0.7906079292297363
andechs,xgboost,autumn_2024,902,37,5.187426567077637,9.0,3.8125734329223633
andechs,xgboost,autumn_2024,903,37,4.831840991973877,7.0,2.168159008026123
andechs,xgboost,autumn_2024,904,37,4.804296016693115,5.0,0.19570398330688477
andechs,xgboost,autumn_2024,905,37,4.609345436096191,6.0,1.3906545639038086
andechs,xgboost,autumn_2024,906,37,4.468989372253418,7.0,2.531010627746582
andechs,xgboost,autumn_2024,907,37,4.392483234405518,5.0,0.6075167655944824
andechs,xgboost,autumn_2024,908,37,4.31932258605957,8.0,3.6806774139404297
andechs,xgboost,autumn_2024,909,37,4.177784442901611,6.0,1.8222155570983887
andechs,xgboost,autumn_2024,910,37,4.201797962188721,6.0,1.7982020378112793
andechs,xgboost,autumn_2024,911,37,4.0146660804748535,4.0,0.014666080474853516
andechs,xgboost,autumn_2024,912,38,3.9576170444488525,4.0,0.04238295555114746
andechs,xgboost,autumn_2024,913,38,4.416531562805176,2.0,2.416531562805176
andechs,xgboost,autumn_2024,914,38,4.47471284866333,2.0,2.47471284866333
andechs,xgboost,autumn_2024,915,38,4.537916660308838,5.0,0.4620833396911621
andechs,xgboost,autumn_2024,916,38,4.561821460723877,5.0,0.43817853927612305
andechs,xgboost,autumn_2024,917,38,4.5854268074035645,3.0,1.5854268074035645
andechs,xgboost,autumn_2024,918,38,4.561106204986572,3.0,1.5611062049865723
andechs,xgboost,autumn_2024,919,38,4.631631374359131,2.0,2.631631374359131
andechs,xgboost,autumn_2024,920,38,4.617846488952637,2.0,2.6178464889526367
andechs,xgboost,autumn_2024,921,38,4.743296146392822,3.0,1.7432961463928223
andechs,xgboost,autumn_2024,922,38,4.960227012634277,5.0,0.039772987365722656
andechs,xgboost,autumn_2024,923,38,4.807178974151611,5.0,0.19282102584838867
andechs,xgboost,autumn_2024,924,38,4.9517645835876465,7.0,2.0482354164123535
andechs,xgboost,autumn_2024,925,38,4.89359188079834,6.0,1.1064081192016602
andechs,xgboost,autumn_2024,926,38,4.84852933883667,5.0,0.15147066116333008
andechs,xgboost,autumn_2024,927,38,5.029080867767334,6.0,0.970919132232666
andechs,xgboost,autumn_2024,928,38,5.2623114585876465,10.0,4.7376885414123535
andechs,xgboost,autumn_2024,929,38,4.8578386306762695,5.0,0.14216136932373047
andechs,xgboost,autumn_2024,930,38,4.832974433898926,2.0,2.832974433898926
andechs,xgboost,autumn_2024,931,38,4.75036096572876,2.0,2.7503609657287598
andechs,xgboost,autumn_2024,932,38,4.606822967529297,2.0,2.606822967529297
andechs,xgboost,autumn_2024,933,38,4.768357276916504,2.0,2.768357276916504
andechs,xgboost,autumn_2024,934,38,4.842997074127197,2.0,2.8429970741271973
andechs,xgboost,autumn_2024,935,38,4.63102912902832,1.0,3.6310291290283203
andechs,xgboost,autumn_2024,936,39,4.393650054931641,2.0,2.3936500549316406
andechs,xgboost,autumn_2024,937,39,4.572574138641357,1.0,3.5725741386413574
andechs,xgboost,autumn_2024,938,39,4.783253192901611,1.0,3.7832531929016113
andechs,xgboost,autumn_2024,939,39,4.836682319641113,1.0,3.8366823196411133
andechs,xgboost,autumn_2024,940,39,4.603804588317871,1.0,3.603804588317871
andechs,xgboost,autumn_2024,941,39,4.457205772399902,1.0,3.4572057723999023
andechs,xgboost,autumn_2024,942,39,4.330898761749268,1.0,3.3308987617492676
andechs,xgboost,autumn_2024,943,39,3.787278652191162,1.0,2.787278652191162
andechs,xgboost,autumn_2024,944,39,3.5485780239105225,1.0,2.5485780239105225
andechs,xgboost,autumn_2024,945,39,3.119683027267456,2.0,1.119683027267456
andechs,xgboost,autumn_2024,946,39,3.2675957679748535,3.0,0.2675957679748535
andechs,xgboost,autumn_2024,947,39,3.3138511180877686,3.0,0.31385111808776855
andechs,xgboost,autumn_2024,948,39,3.7421252727508545,4.0,0.2578747272491455
andechs,xgboost,autumn_2024,949,39,4.829957485198975,4.0,0.8299574851989746
andechs,xgboost,autumn_2024,950,39,5.820034503936768,5.0,0.8200345039367676
andechs,xgboost,autumn_2024,951,39,6.933014869689941,8.0,1.0669851303100586
andechs,xgboost,autumn_2024,952,39,7.511195659637451,9.0,1.4888043403625488
andechs,xgboost,autumn_2024,953,39,7.204835891723633,8.0,0.7951641082763672
andechs,xgboost,autumn_2024,954,39,7.516887187957764,5.0,2.5168871879577637
andechs,xgboost,autumn_2024,955,39,7.337652683258057,4.0,3.3376526832580566
andechs,xgboost,autumn_2024,956,39,6.944063663482666,4.0,2.944063663482666
andechs,xgboost,autumn_2024,957,39,6.3394646644592285,3.0,3.3394646644592285
andechs,xgboost,autumn_2024,958,39,6.039103031158447,3.0,3.0391030311584473
andechs,xgboost,autumn_2024,959,39,5.819816589355469,3.0,2.8198165893554688
andechs,xgboost,autumn_2024,960,40,6.106018543243408,3.0,3.106018543243408
andechs,xgboost,autumn_2024,961,40,6.425086975097656,3.0,3.4250869750976562
andechs,xgboost,autumn_2024,962,40,5.805917263031006,3.0,2.805917263031006
andechs,xgboost,autumn_2024,963,40,5.628587245941162,4.0,1.628587245941162
andechs,xgboost,autumn_2024,964,40,5.12536096572876,4.0,1.1253609657287598
andechs,xgboost,autumn_2024,965,40,5.0736260414123535,4.0,1.0736260414123535
andechs,xgboost,autumn_2024,966,40,4.781841278076172,4.0,0.7818412780761719
andechs,xgboost,autumn_2024,967,40,4.534332752227783,2.0,2.534332752227783
andechs,xgboost,autumn_2024,968,40,4.406675815582275,2.0,2.4066758155822754
andechs,xgboost,autumn_2024,969,40,4.2444329261779785,4.0,0.24443292617797852
andechs,xgboost,autumn_2024,970,40,4.449581623077393,6.0,1.5504183769226074
andechs,xgboost,autumn_2024,971,40,4.851406574249268,8.0,3.1485934257507324
andechs,xgboost,autumn_2024,972,40,5.281417369842529,8.0,2.7185826301574707
andechs,xgboost,autumn_2024,973,40,5.520221710205078,10.0,4.479778289794922
andechs,xgboost,autumn_2024,974,40,5.495053768157959,9.0,3.504946231842041
andechs,xgboost,autumn_2024,975,40,5.63784122467041,9.0,3.36215877532959
andechs,xgboost,autumn_2024,976,40,5.457080364227295,9.0,3.542919635772705
andechs,xgboost,autumn_2024,977,40,5.398038864135742,6.0,0.6019611358642578
andechs,xgboost,autumn_2024,978,40,5.397544860839844,6.0,0.6024551391601562
andechs,xgboost,autumn_2024,979,40,5.371391296386719,10.0,4.628608703613281
andechs,xgboost,autumn_2024,980,40,5.431080341339111,13.0,7.568919658660889
andechs,xgboost,autumn_2024,981,40,5.458592891693115,14.0,8.541407108306885
andechs,xgboost,autumn_2024,982,40,5.4493794441223145,13.0,7.5506205558776855
andechs,xgboost,autumn_2024,983,40,5.597874164581299,13.0,7.402125835418701
andechs,xgboost,autumn_2024,984,41,6.127878665924072,12.0,5.872121334075928
andechs,xgboost,autumn_2024,985,41,6.728066444396973,10.0,3.2719335556030273
andechs,xgboost,autumn_2024,986,41,7.047515392303467,3.0,4.047515392303467
andechs,xgboost,autumn_2024,987,41,7.269110202789307,2.0,5.269110202789307
andechs,xgboost,autumn_2024,988,41,7.455193042755127,2.0,5.455193042755127
andechs,xgboost,autumn_2024,989,41,6.962361812591553,2.0,4.962361812591553
andechs,xgboost,autumn_2024,990,41,6.457377910614014,1.0,5.457377910614014
andechs,xgboost,autumn_2024,991,41,6.251786708831787,0.8,5.451786708831787
andechs,xgboost,autumn_2024,992,41,6.532790184020996,1.0,5.532790184020996
andechs,xgboost,autumn_2024,993,41,6.41973876953125,2.0,4.41973876953125
andechs,xgboost,autumn_2024,994,41,6.395681381225586,7.0,0.6043186187744141
andechs,xgboost,autumn_2024,995,41,6.626143455505371,14.0,7.373856544494629
andechs,xgboost,autumn_2024,996,41,7.109346866607666,15.0,7.890653133392334
andechs,xgboost,autumn_2024,997,41,7.48258638381958,17.0,9.51741361618042
andechs,xgboost,autumn_2024,998,41,6.951323986053467,12.0,5.048676013946533
andechs,xgboost,autumn_2024,999,41,6.530104637145996,8.0,1.469895362854004
andechs,xgboost,autumn_2024,1000,41,6.042095184326172,8.0,1.9579048156738281
andechs,xgboost,autumn_2024,1001,41,6.290999889373779,11.0,4.709000110626221
andechs,xgboost,autumn_2024,1002,41,6.2630414962768555,12.0,5.7369585037231445
andechs,xgboost,autumn_2024,1003,41,6.103713035583496,11.0,4.896286964416504
andechs,xgboost,autumn_2024,1004,41,5.9561767578125,12.0,6.0438232421875
andechs,xgboost,autumn_2024,1005,41,5.991360664367676,14.0,8.008639335632324
andechs,xgboost,autumn_2024,1006,41,6.277761936187744,19.0,12.722238063812256
andechs,xgboost,autumn_2024,1007,41,6.810614585876465,17.0,10.189385414123535
andechs,xgboost,autumn_2024,1008,42,7.058360576629639,13.0,5.941639423370361
andechs,xgboost,autumn_2024,1009,42,7.551146030426025,10.0,2.4488539695739746
andechs,xgboost,autumn_2024,1010,42,7.442904949188232,9.0,1.5570950508117676
andechs,xgboost,autumn_2024,1011,42,7.134618759155273,5.0,2.1346187591552734
andechs,xgboost,autumn_2024,1012,42,6.70732307434082,7.0,0.2926769256591797
andechs,xgboost,autumn_2024,1013,42,6.504986763000488,9.0,2.4950132369995117
andechs,xgboost,autumn_2024,1014,42,7.035462379455566,8.0,0.9645376205444336
andechs,xgboost,autumn_2024,1015,42,8.765013694763184,12.0,3.2349863052368164
andechs,xgboost,autumn_2024,1016,42,10.717181205749512,16.0,5.282818794250488
andechs,xgboost,autumn_2024,1017,42,12.812692642211914,17.0,4.187307357788086
andechs,xgboost,autumn_2024,1018,42,15.057257652282715,21.0,5.942742347717285
andechs,xgboost,autumn_2024,1019,42,15.993017196655273,24.0,8.006982803344727
andechs,xgboost,autumn_2024,1020,42,13.866332054138184,18.0,4.133667945861816
andechs,xgboost,autumn_2024,1021,42,13.693421363830566,18.0,4.306578636169434
andechs,xgboost,autumn_2024,1022,42,13.635564804077148,17.0,3.3644351959228516
andechs,xgboost,autumn_2024,1023,42,13.13387680053711,11.0,2.1338768005371094
andechs,xgboost,autumn_2024,1024,42,12.606925010681152,7.0,5.606925010681152
andechs,xgboost,autumn_2024,1025,42,12.3529634475708,9.0,3.352963447570801
andechs,xgboost,autumn_2024,1026,42,12.652796745300293,13.0,0.34720325469970703
andechs,xgboost,autumn_2024,1027,42,13.224231719970703,14.0,0.7757682800292969
andechs,xgboost,autumn_2024,1028,42,13.765376091003418,15.0,1.234623908996582
andechs,xgboost,autumn_2024,1029,42,13.71788501739502,14.0,0.28211498260498047
andechs,xgboost,autumn_2024,1030,42,13.758719444274902,14.0,0.24128055572509766
andechs,xgboost,autumn_2024,1031,42,12.976282119750977,13.0,0.023717880249023438
andechs,xgboost,autumn_2024,1032,43,12.345709800720215,12.0,0.34570980072021484
andechs,xgboost,autumn_2024,1033,43,12.486308097839355,12.0,0.48630809783935547
andechs,xgboost,autumn_2024,1034,43,12.26359748840332,12.0,0.2635974884033203
andechs,xgboost,autumn_2024,1035,43,12.698647499084473,11.0,1.6986474990844727
andechs,xgboost,autumn_2024,1036,43,12.5911226272583,11.0,1.5911226272583008
andechs,xgboost,autumn_2024,1037,43,12.171619415283203,11.0,1.1716194152832031
andechs,xgboost,autumn_2024,1038,43,11.14960765838623,9.0,2.1496076583862305
andechs,xgboost,autumn_2024,1039,43,11.484038352966309,15.0,3.5159616470336914
andechs,xgboost,autumn_2024,1040,43,12.252168655395508,16.0,3.747831344604492
andechs,xgboost,autumn_2024,1041,43,12.731659889221191,14.0,1.2683401107788086
andechs,xgboost,autumn_2024,1042,43,13.423874855041504,15.0,1.576125144958496
andechs,xgboost,autumn_2024,1043,43,14.748133659362793,16.0,1.251866340637207
andechs,xgboost,autumn_2024,1044,43,14.095579147338867,13.0,1.0955791473388672
andechs,xgboost,autumn_2024,1045,43,13.15412712097168,11.0,2.1541271209716797
andechs,xgboost,autumn_2024,1046,43,13.006178855895996,12.0,1.006178855895996
andechs,xgboost,autumn_2024,1047,43,14.397696495056152,18.0,3.6023035049438477
andechs,xgboost,autumn_2024,1048,43,15.775282859802246,16.0,0.2247171401977539
andechs,xgboost,autumn_2024,1049,43,15.026674270629883,12.0,3.026674270629883
andechs,xgboost,autumn_2024,1050,43,13.294960021972656,12.0,1.2949600219726562
andechs,xgboost,autumn_2024,1051,43,12.49696159362793,12.0,0.4969615936279297
andechs,xgboost,autumn_2024,1052,43,12.36601734161377,13.0,0.6339826583862305
andechs,xgboost,autumn_2024,1053,43,11.848814010620117,12.0,0.1511859893798828
andechs,xgboost,autumn_2024,1054,43,10.327008247375488,12.0,1.6729917526245117
andechs,xgboost,autumn_2024,1055,43,9.546021461486816,12.0,2.4539785385131836
