station,model,window,hour_index,day_index,pred,actual,abs_error
lothstrasse,lightgbm,spring_2024,0,0,15.087275153332085,15.0,0.0872751533320848
lothstrasse,lightgbm,spring_2024,1,0,13.980309053892706,15.0,1.0196909461072945
lothstrasse,lightgbm,spring_2024,2,0,13.188962996968243,15.0,1.8110370030317569
lothstrasse,lightgbm,spring_2024,3,0,12.907886480785077,15.0,2.092113519214923
lothstrasse,lightgbm,spring_2024,4,0,12.869806320747525,15.0,2.130193679252475
lothstrasse,lightgbm,spring_2024,5,0,12.858584830841348,14.0,1.1414151691586518
lothstrasse,lightgbm,spring_2024,6,0,12.600355922207099,12.0,0.6003559222070987
lothstrasse,lightgbm,spring_2024,7,0,11.382688343266551,10.0,1.382688343266551
lothstrasse,lightgbm,spring_2024,8,0,9.649676403608282,8.0,1.6496764036082823
lothstrasse,lightgbm,spring_2024,9,0,7.300705457155892,7.0,0.3007054571558916
lothstrasse,lightgbm,spring_2024,10,0,6.568382010242356,5.0,1.568382010242356
lothstrasse,lightgbm,spring_2024,11,0,6.136244861031113,4.0,2.1362448610311127
lothstrasse,lightgbm,spring_2024,12,0,5.5278228476267675,5.0,0.5278228476267675
lothstrasse,lightgbm,spring_2024,13,0,5.899923607867621,5.0,0.8999236078676214
lothstrasse,lightgbm,spring_2024,14,0,5.810212495099753,4.0,1.8102124950997531
lothstrasse,lightgbm,spring_2024,15,0,5.4907630650954244,3.0,2.4907630650954244
lothstrasse,lightgbm,spring_2024,16,0,5.55571492970711,2.0,3.5557149297071096
lothstrasse,lightgbm,spring_2024,17,0,5.664857673909419,2.0,3.6648576739094194
lothstrasse,lightgbm,spring_2024,18,0,6.639038934511374,3.0,3.6390389345113743
lothstrasse,lightgbm,spring_2024,19,0,8.4546871102119,7.0,1.4546871102119
lothstrasse,lightgbm,spring_2024,20,0,8.95595290195374,7.0,1.95595290195374
lothstrasse,lightgbm,spring_2024,21,0,8.374627628955533,6.0,2.3746276289555333
lothstrasse,lightgbm,spring_2024,22,0,7.6737292263578505,5.0,2.6737292263578505
lothstrasse,lightgbm,spring_2024,23,0,6.721181654033249,4.0,2.7211816540332494
lothstrasse,lightgbm,spring_2024,24,1,6.4823831451102825,5.0,1.4823831451102825
lothstrasse,lightgbm,spring_2024,25,1,6.678392545082176,6.0,0.6783925450821764
lothstrasse,lightgbm,spring_2024,26,1,6.205645269379441,4.0,2.205645269379441
lothstrasse,lightgbm,spring_2024,27,1,6.234881745335955,4.0,2.2348817453359553
lothstrasse,lightgbm,spring_2024,28,1,6.125698710916428,4.0,2.125698710916428
lothstrasse,lightgbm,spring_2024,29,1,5.270034680066835,5.0,0.27003468006683473
lothstrasse,lightgbm,spring_2024,30,1,5.23714821762401,4.0,1.2371482176240098
lothstrasse,lightgbm,spring_2024,31,1,5.239116595252316,4.0,1.239116595252316
lothstrasse,lightgbm,spring_2024,32,1,5.564769640662791,3.0,2.5647696406627913
lothstrasse,lightgbm,spring_2024,33,1,5.520087309136322,3.0,2.520087309136322
lothstrasse,lightgbm,spring_2024,34,1,5.610949358126138,3.0,2.6109493581261383
lothstrasse,lightgbm,spring_2024,35,1,5.0391081995880365,2.0,3.0391081995880365
lothstrasse,lightgbm,spring_2024,36,1,4.274823710993545,2.0,2.2748237109935454
lothstrasse,lightgbm,spring_2024,37,1,4.282497089549042,3.0,1.2824970895490422
lothstrasse,lightgbm,spring_2024,38,1,4.379638840592766,3.0,1.379638840592766
lothstrasse,lightgbm,spring_2024,39,1,4.710655881821345,5.0,0.28934411817865513
lothstrasse,lightgbm,spring_2024,40,1,4.749245797042594,3.0,1.7492457970425939
lothstrasse,lightgbm,spring_2024,41,1,4.636321300993288,3.0,1.6363213009932878
lothstrasse,lightgbm,spring_2024,42,1,4.425492999191022,3.0,1.4254929991910217
lothstrasse,lightgbm,spring_2024,43,1,4.020514734569618,2.0,2.020514734569618
lothstrasse,lightgbm,spring_2024,44,1,3.493170362890999,2.0,1.4931703628909991
lothstrasse,lightgbm,spring_2024,45,1,2.968271936307811,2.0,0.9682719363078109
lothstrasse,lightgbm,spring_2024,46,1,2.5398208675444445,2.0,0.5398208675444445
lothstrasse,lightgbm,spring_2024,47,1,2.585584284485209,1.0,1.585584284485209
lothstrasse,lightgbm,spring_2024,48,2,2.7824241556003306,1.0,1.7824241556003306
lothstrasse,lightgbm,spring_2024,49,2,2.799609501694004,2.0,0.7996095016940039
lothstrasse,lightgbm,spring_2024,50,2,2.721811845952433,2.0,0.7218118459524332
lothstrasse,lightgbm,spring_2024,51,2,2.7109926796389874,2.0,0.7109926796389874
lothstrasse,lightgbm,spring_2024,52,2,2.700289320574962,2.0,0.7002893205749618
lothstrasse,lightgbm,spring_2024,53,2,2.755874169222456,2.0,0.755874169222456
lothstrasse,lightgbm,spring_2024,54,2,2.755874169222456,2.0,0.755874169222456
lothstrasse,lightgbm,spring_2024,55,2,2.7635092015033638,2.0,0.7635092015033638
lothstrasse,lightgbm,spring_2024,56,2,2.7610390777187264,2.0,0.7610390777187264
lothstrasse,lightgbm,spring_2024,57,2,2.7444094213065924,2.0,0.7444094213065924
lothstrasse,lightgbm,spring_2024,58,2,2.804589356213005,2.0,0.8045893562130049
lothstrasse,lightgbm,spring_2024,59,2,2.7240135195871975,2.0,0.7240135195871975
lothstrasse,lightgbm,spring_2024,60,2,2.851273850288331,2.0,0.8512738502883308
lothstrasse,lightgbm,spring_2024,61,2,2.8934877989199586,2.0,0.8934877989199586
lothstrasse,lightgbm,spring_2024,62,2,2.8400529823998446,4.0,1.1599470176001554
lothstrasse,lightgbm,spring_2024,63,2,2.8711281810637868,3.0,0.12887181893621324
lothstrasse,lightgbm,spring_2024,64,2,2.9639743054327172,3.0,0.03602569456728277
lothstrasse,lightgbm,spring_2024,65,2,2.9475348427166357,3.0,0.052465157283364316
lothstrasse,lightgbm,spring_2024,66,2,3.0535144472944795,4.0,0.9464855527055205
lothstrasse,lightgbm,spring_2024,67,2,2.8724297383371327,4.0,1.1275702616628673
lothstrasse,lightgbm,spring_2024,68,2,2.7640342524511574,4.0,1.2359657475488426
lothstrasse,lightgbm,spring_2024,69,2,2.6209110457293248,3.0,0.37908895427067524
lothstrasse,lightgbm,spring_2024,70,2,2.5955253383705186,2.0,0.5955253383705186
lothstrasse,lightgbm,spring_2024,71,2,2.615327015858374,2.0,0.6153270158583739
lothstrasse,lightgbm,spring_2024,72,3,2.7787592305243916,3.0,0.22124076947560845
lothstrasse,lightgbm,spring_2024,73,3,2.794124352972492,4.0,1.2058756470275078
lothstrasse,lightgbm,spring_2024,74,3,2.671641573312184,4.0,1.328358426687816
lothstrasse,lightgbm,spring_2024,75,3,2.6788945531231825,3.0,0.3211054468768175
lothstrasse,lightgbm,spring_2024,76,3,2.669465912891819,3.0,0.3305340871081812
lothstrasse,lightgbm,spring_2024,77,3,2.713243572964874,3.0,0.28675642703512594
lothstrasse,lightgbm,spring_2024,78,3,2.733883489396656,3.0,0.26611651060334385
lothstrasse,lightgbm,spring_2024,79,3,2.6154138003931,3.0,0.3845861996069
lothstrasse,lightgbm,spring_2024,80,3,2.7547642238536416,3.0,0.2452357761463584
lothstrasse,lightgbm,spring_2024,81,3,2.8902696425102663,3.0,0.1097303574897337
lothstrasse,lightgbm,spring_2024,82,3,2.940681987866689,3.0,0.059318012133311004
lothstrasse,lightgbm,spring_2024,83,3,2.8837122064747875,2.0,0.8837122064747875
lothstrasse,lightgbm,spring_2024,84,3,3.1042966352041166,3.0,0.10429663520411658
lothstrasse,lightgbm,spring_2024,85,3,3.2001761286213757,3.0,0.20017612862137568
lothstrasse,lightgbm,spring_2024,86,3,3.2267739364002863,3.0,0.2267739364002863
lothstrasse,lightgbm,spring_2024,87,3,3.596168531703711,4.0,0.40383146829628913
lothstrasse,lightgbm,spring_2024,88,3,3.883899107732819,6.0,2.116100892267181
lothstrasse,lightgbm,spring_2024,89,3,4.385955210892398,6.0,1.6140447891076022
lothstrasse,lightgbm,spring_2024,90,3,4.970267281196474,7.0,2.029732718803526
lothstrasse,lightgbm,spring_2024,91,3,5.781771145243543,7.0,1.2182288547564566
lothstrasse,lightgbm,spring_2024,92,3,6.397906216706256,7.0,0.6020937832937436
lothstrasse,lightgbm,spring_2024,93,3,6.411070812079137,6.0,0.41107081207913687
lothstrasse,lightgbm,spring_2024,94,3,6.087255833797285,5.0,1.0872558337972853
lothstrasse,lightgbm,spring_2024,95,3,5.3699557641805,5.0,0.36995576418050025
lothstrasse,lightgbm,spring_2024,96,4,5.7359735903847735,6.0,0.2640264096152265
lothstrasse,lightgbm,spring_2024,97,4,6.285900894581798,7.0,0.7140991054182022
lothstrasse,lightgbm,spring_2024,98,4,6.724697219346677,6.0,0.7246972193466767
lothstrasse,lightgbm,spring_2024,99,4,6.73756358587405,5.0,1.7375635858740504
lothstrasse,lightgbm,spring_2024,100,4,6.483688996375786,4.0,2.483688996375786
lothstrasse,lightgbm,spring_2024,101,4,6.260417246217251,4.0,2.2604172462172514
lothstrasse,lightgbm,spring_2024,102,4,6.39020374150551,4.0,2.39020374150551
lothstrasse,lightgbm,spring_2024,103,4,5.348075069514856,3.0,2.348075069514856
lothstrasse,lightgbm,spring_2024,104,4,5.8320287939311495,3.0,2.8320287939311495
lothstrasse,lightgbm,spring_2024,105,4,5.63360132839522,4.0,1.63360132839522
lothstrasse,lightgbm,spring_2024,106,4,5.360816682644931,4.0,1.3608166826449306
lothstrasse,lightgbm,spring_2024,107,4,5.4668407845747495,5.0,0.46684078457474953
lothstrasse,lightgbm,spring_2024,108,4,5.562158965968653,6.0,0.4378410340313472
lothstrasse,lightgbm,spring_2024,109,4,5.9388554319756075,6.0,0.0611445680243925
lothstrasse,lightgbm,spring_2024,110,4,6.539281757445982,6.0,0.5392817574459823
lothstrasse,lightgbm,spring_2024,111,4,7.084240866480781,7.0,0.08424086648078077
lothstrasse,lightgbm,spring_2024,112,4,7.311981591585291,7.0,0.31198159158529126
lothstrasse,lightgbm,spring_2024,113,4,7.76142360389667,6.0,1.7614236038966702
lothstrasse,lightgbm,spring_2024,114,4,8.285896572600825,8.0,0.2858965726008247
lothstrasse,lightgbm,spring_2024,115,4,10.105194601970487,10.0,0.1051946019704868
lothstrasse,lightgbm,spring_2024,116,4,10.83704772208307,13.0,2.1629522779169292
lothstrasse,lightgbm,spring_2024,117,4,10.859068622072284,30.0,19.140931377927714
lothstrasse,lightgbm,spring_2024,118,4,10.215683882067928,13.0,2.7843161179320717
lothstrasse,lightgbm,spring_2024,119,4,8.846004543295289,7.0,1.8460045432952885
lothstrasse,lightgbm,spring_2024,120,5,8.201541227776868,6.0,2.2015412277768682
lothstrasse,lightgbm,spring_2024,121,5,8.321355636738925,8.0,0.3213556367389252
lothstrasse,lightgbm,spring_2024,122,5,7.6207130940420065,7.0,0.6207130940420065
lothstrasse,lightgbm,spring_2024,123,5,6.66714679744444,4.0,2.66714679744444
lothstrasse,lightgbm,spring_2024,124,5,5.560357003148264,3.0,2.5603570031482636
lothstrasse,lightgbm,spring_2024,125,5,5.207091272430337,3.0,2.207091272430337
lothstrasse,lightgbm,spring_2024,126,5,5.755123787699469,4.0,1.7551237876994694
lothstrasse,lightgbm,spring_2024,127,5,6.062731691350024,5.0,1.0627316913500238
lothstrasse,lightgbm,spring_2024,128,5,5.6565087232650235,4.0,1.6565087232650235
lothstrasse,lightgbm,spring_2024,129,5,6.115565892645206,4.0,2.115565892645206
lothstrasse,lightgbm,spring_2024,130,5,4.287618428629934,2.0,2.2876184286299344
lothstrasse,lightgbm,spring_2024,131,5,4.003985961249612,2.0,2.0039859612496116
lothstrasse,lightgbm,spring_2024,132,5,3.86860263479192,2.0,1.86860263479192
lothstrasse,lightgbm,spring_2024,133,5,3.900342159581802,2.0,1.9003421595818022
lothstrasse,lightgbm,spring_2024,134,5,4.150151016032673,3.0,1.1501510160326731
lothstrasse,lightgbm,spring_2024,135,5,6.103514261004866,9.0,2.8964857389951337
lothstrasse,lightgbm,spring_2024,136,5,10.759826403662103,16.0,5.240173596337897
lothstrasse,lightgbm,spring_2024,137,5,15.8953733380593,22.0,6.104626661940699
lothstrasse,lightgbm,spring_2024,138,5,10.819225071867939,10.0,0.8192250718679386
lothstrasse,lightgbm,spring_2024,139,5,3.406421852292202,4.0,0.5935781477077979
lothstrasse,lightgbm,spring_2024,140,5,1.8265203845729012,3.0,1.1734796154270988
lothstrasse,lightgbm,spring_2024,141,5,1.4593305584944503,2.0,0.5406694415055497
lothstrasse,lightgbm,spring_2024,142,5,1.4322648521594386,5.0,3.5677351478405614
lothstrasse,lightgbm,spring_2024,143,5,0.831949310477456,2.0,1.168050689522544
lothstrasse,lightgbm,spring_2024,144,6,0.6630819755364217,1.0,0.3369180244635783
lothstrasse,lightgbm,spring_2024,145,6,0.7106081605774217,0.9,0.1893918394225783
lothstrasse,lightgbm,spring_2024,146,6,0.5812684478521238,0.8,0.2187315521478762
lothstrasse,lightgbm,spring_2024,147,6,0.5144099796944873,0.7,0.18559002030551264
lothstrasse,lightgbm,spring_2024,148,6,0.41511561970645683,0.8,0.3848843802935432
lothstrasse,lightgbm,spring_2024,149,6,0.5811448274393078,1.0,0.41885517256069216
lothstrasse,lightgbm,spring_2024,150,6,0.8370384686120349,0.9,0.06296153138796512
lothstrasse,lightgbm,spring_2024,151,6,0.3183335401157934,1.0,0.6816664598842066
lothstrasse,lightgbm,spring_2024,152,6,0.2872866407556592,1.0,0.7127133592443409
lothstrasse,lightgbm,spring_2024,153,6,0.5678130797947999,0.9,0.33218692020520013
lothstrasse,lightgbm,spring_2024,154,6,0.7187186872617303,1.0,0.28128131273826973
lothstrasse,lightgbm,spring_2024,155,6,1.171085005126994,1.0,0.1710850051269941
lothstrasse,lightgbm,spring_2024,156,6,1.1995450690456564,1.0,0.1995450690456564
lothstrasse,lightgbm,spring_2024,157,6,1.0510738146520895,2.0,0.9489261853479105
lothstrasse,lightgbm,spring_2024,158,6,1.1092155845330491,3.0,1.8907844154669509
lothstrasse,lightgbm,spring_2024,159,6,1.2744991735833562,1.0,0.2744991735833562
lothstrasse,lightgbm,spring_2024,160,6,1.4578738479168443,2.0,0.5421261520831557
lothstrasse,lightgbm,spring_2024,161,6,1.497417506033599,2.0,0.502582493966401
lothstrasse,lightgbm,spring_2024,162,6,2.129619971264466,5.0,2.870380028735534
lothstrasse,lightgbm,spring_2024,163,6,2.3013843858078493,3.0,0.6986156141921507
lothstrasse,lightgbm,spring_2024,164,6,2.895176420618384,3.0,0.10482357938161613
lothstrasse,lightgbm,spring_2024,165,6,3.0276401074737067,4.0,0.9723598925262933
lothstrasse,lightgbm,spring_2024,166,6,3.06007944405468,3.0,0.06007944405468013
lothstrasse,lightgbm,spring_2024,167,6,2.871629916368532,3.0,0.12837008363146785
lothstrasse,lightgbm,spring_2024,168,7,2.702722439133735,2.0,0.7027224391337352
lothstrasse,lightgbm,spring_2024,169,7,2.674246370073755,2.0,0.6742463700737549
lothstrasse,lightgbm,spring_2024,170,7,2.609639147884908,1.0,1.609639147884908
lothstrasse,lightgbm,spring_2024,171,7,2.6817927426879264,1.0,1.6817927426879264
lothstrasse,lightgbm,spring_2024,172,7,2.6592846395081486,1.0,1.6592846395081486
lothstrasse,lightgbm,spring_2024,173,7,2.713962839876725,1.0,1.713962839876725
lothstrasse,lightgbm,spring_2024,174,7,2.5749521931988526,2.0,0.5749521931988526
lothstrasse,lightgbm,spring_2024,175,7,2.1987088198342075,2.0,0.19870881983420752
lothstrasse,lightgbm,spring_2024,176,7,1.9185792355724451,2.0,0.08142076442755486
lothstrasse,lightgbm,spring_2024,177,7,1.8744843051329763,1.0,0.8744843051329763
lothstrasse,lightgbm,spring_2024,178,7,1.8020550242809987,1.0,0.8020550242809987
lothstrasse,lightgbm,spring_2024,179,7,2.1159467398138094,2.0,0.11594673981380943
lothstrasse,lightgbm,spring_2024,180,7,1.9998383661805963,2.0,0.00016163381940370591
lothstrasse,lightgbm,spring_2024,181,7,1.9415694384959294,2.0,0.058430561504070555
lothstrasse,lightgbm,spring_2024,182,7,1.9984257305671116,2.0,0.0015742694328884088
lothstrasse,lightgbm,spring_2024,183,7,2.1721280845670536,1.0,1.1721280845670536
lothstrasse,lightgbm,spring_2024,184,7,3.0626239873717704,2.0,1.0626239873717704
lothstrasse,lightgbm,spring_2024,185,7,5.328989257994443,10.0,4.671010742005557
lothstrasse,lightgbm,spring_2024,186,7,15.694326312098296,32.0,16.305673687901702
lothstrasse,lightgbm,spring_2024,187,7,25.490530628474794,32.0,6.509469371525206
lothstrasse,lightgbm,spring_2024,188,7,29.4225495085561,32.0,2.5774504914439014
lothstrasse,lightgbm,spring_2024,189,7,28.732994592462568,32.0,3.2670054075374324
lothstrasse,lightgbm,spring_2024,190,7,29.424204509862204,32.0,2.5757954901377964
lothstrasse,lightgbm,spring_2024,191,7,29.285473815645847,32.0,2.7145261843541526
lothstrasse,lightgbm,spring_2024,192,8,28.7232905225266,32.0,3.2767094774734
lothstrasse,lightgbm,spring_2024,193,8,28.84916344916084,32.0,3.150836550839159
lothstrasse,lightgbm,spring_2024,194,8,28.9279582753139,32.0,3.0720417246860983
lothstrasse,lightgbm,spring_2024,195,8,28.714363628443866,32.0,3.2856363715561336
lothstrasse,lightgbm,spring_2024,196,8,28.544179372497087,32.0,3.455820627502913
lothstrasse,lightgbm,spring_2024,197,8,28.621855146998467,32.0,3.378144853001533
lothstrasse,lightgbm,spring_2024,198,8,28.833927033810916,32.0,3.166072966189084
lothstrasse,lightgbm,spring_2024,199,8,29.127952378484775,32.0,2.8720476215152253
lothstrasse,lightgbm,spring_2024,200,8,28.958944356110145,32.0,3.0410556438898553
lothstrasse,lightgbm,spring_2024,201,8,28.287203207232107,27.0,1.287203207232107
lothstrasse,lightgbm,spring_2024,202,8,28.554815135146296,29.0,0.44518486485370445
lothstrasse,lightgbm,spring_2024,203,8,28.80712348069582,27.0,1.8071234806958216
lothstrasse,lightgbm,spring_2024,204,8,29.373483973320237,26.0,3.373483973320237
lothstrasse,lightgbm,spring_2024,205,8,29.208920897997388,29.0,0.20892089799738756
lothstrasse,lightgbm,spring_2024,206,8,29.33661264158516,32.0,2.663387358414841
lothstrasse,lightgbm,spring_2024,207,8,30.004217607963778,32.0,1.9957823920362223
lothstrasse,lightgbm,spring_2024,208,8,31.20608879655746,32.0,0.7939112034425406
lothstrasse,lightgbm,spring_2024,209,8,31.911644378523057,32.0,0.08835562147694276
lothstrasse,lightgbm,spring_2024,210,8,31.526400059290054,32.0,0.4735999407099456
lothstrasse,lightgbm,spring_2024,211,8,31.359796908082355,32.0,0.6402030919176447
lothstrasse,lightgbm,spring_2024,212,8,31.144216787492997,32.0,0.8557832125070028
lothstrasse,lightgbm,spring_2024,213,8,31.275457633823954,32.0,0.7245423661760455
lothstrasse,lightgbm,spring_2024,214,8,28.562785537534317,21.0,7.562785537534317
lothstrasse,lightgbm,spring_2024,215,8,25.32480606548047,17.0,8.32480606548047
lothstrasse,lightgbm,spring_2024,216,9,27.94742108848557,32.0,4.052578911514431
lothstrasse,lightgbm,spring_2024,217,9,30.746868494282666,32.0,1.2531315057173344
lothstrasse,lightgbm,spring_2024,218,9,30.174386954209552,32.0,1.8256130457904476
lothstrasse,lightgbm,spring_2024,219,9,26.911456807270735,19.0,7.911456807270735
lothstrasse,lightgbm,spring_2024,220,9,24.89958563589789,17.0,7.899585635897889
lothstrasse,lightgbm,spring_2024,221,9,23.630625388669944,16.0,7.630625388669944
lothstrasse,lightgbm,spring_2024,222,9,23.673666832756492,17.0,6.673666832756492
lothstrasse,lightgbm,spring_2024,223,9,23.220639505617825,17.0,6.220639505617825
lothstrasse,lightgbm,spring_2024,224,9,23.085775609564024,17.0,6.085775609564024
lothstrasse,lightgbm,spring_2024,225,9,24.215228602930708,17.0,7.215228602930708
lothstrasse,lightgbm,spring_2024,226,9,23.257955204836737,16.0,7.257955204836737
lothstrasse,lightgbm,spring_2024,227,9,22.54479293706767,15.0,7.544792937067669
lothstrasse,lightgbm,spring_2024,228,9,22.32458771870751,14.0,8.324587718707509
lothstrasse,lightgbm,spring_2024,229,9,21.136327418329326,11.0,10.136327418329326
lothstrasse,lightgbm,spring_2024,230,9,19.918064554926843,11.0,8.918064554926843
lothstrasse,lightgbm,spring_2024,231,9,13.30792362964947,7.0,6.307923629649469
lothstrasse,lightgbm,spring_2024,232,9,5.7271274293623256,2.0,3.7271274293623256
lothstrasse,lightgbm,spring_2024,233,9,4.658672637519297,2.0,2.658672637519297
lothstrasse,lightgbm,spring_2024,234,9,4.761290508504831,2.0,2.761290508504831
lothstrasse,lightgbm,spring_2024,235,9,5.384702480283243,3.0,2.3847024802832433
lothstrasse,lightgbm,spring_2024,236,9,5.686171407052004,4.0,1.6861714070520044
lothstrasse,lightgbm,spring_2024,237,9,5.540370079564861,4.0,1.5403700795648607
lothstrasse,lightgbm,spring_2024,238,9,5.415471817135103,4.0,1.4154718171351028
lothstrasse,lightgbm,spring_2024,239,9,5.2804869822617135,3.0,2.2804869822617135
lothstrasse,lightgbm,spring_2024,240,10,5.399460941731357,3.0,2.3994609417313573
lothstrasse,lightgbm,spring_2024,241,10,4.971664685622777,2.0,2.971664685622777
lothstrasse,lightgbm,spring_2024,242,10,4.149766708141709,2.0,2.1497667081417093
lothstrasse,lightgbm,spring_2024,243,10,3.1968857497403245,2.0,1.1968857497403245
lothstrasse,lightgbm,spring_2024,244,10,3.113616231437299,2.0,1.113616231437299
lothstrasse,lightgbm,spring_2024,245,10,3.147291744976944,2.0,1.1472917449769442
lothstrasse,lightgbm,spring_2024,246,10,3.157730757231084,2.0,1.157730757231084
lothstrasse,lightgbm,spring_2024,247,10,2.8906007993025846,2.0,0.8906007993025846
lothstrasse,lightgbm,spring_2024,248,10,3.127440460687348,2.0,1.1274404606873478
lothstrasse,lightgbm,spring_2024,249,10,2.561447533286021,1.0,1.561447533286021
lothstrasse,lightgbm,spring_2024,250,10,2.3809071317714117,0.9,1.4809071317714118
lothstrasse,lightgbm,spring_2024,251,10,2.380460360508324,0.9,1.480460360508324
lothstrasse,lightgbm,spring_2024,252,10,2.540419881653952,0.9,1.6404198816539521
lothstrasse,lightgbm,spring_2024,253,10,2.5188267828148887,0.9,1.6188267828148888
lothstrasse,lightgbm,spring_2024,254,10,2.5653064652263367,0.8,1.7653064652263366
lothstrasse,lightgbm,spring_2024,255,10,2.627636396521455,0.8,1.827636396521455
lothstrasse,lightgbm,spring_2024,256,10,2.8730688264851727,0.9,1.9730688264851728
lothstrasse,lightgbm,spring_2024,257,10,2.9326618018824577,1.0,1.9326618018824577
lothstrasse,lightgbm,spring_2024,258,10,2.8917463551013127,1.0,1.8917463551013127
lothstrasse,lightgbm,spring_2024,259,10,2.9099775655636817,1.0,1.9099775655636817
lothstrasse,lightgbm,spring_2024,260,10,2.7510792275579834,1.0,1.7510792275579834
lothstrasse,lightgbm,spring_2024,261,10,2.575041223467458,0.9,1.675041223467458
lothstrasse,lightgbm,spring_2024,262,10,2.606667415847296,0.8,1.806667415847296
lothstrasse,lightgbm,spring_2024,263,10,2.569233370123064,0.7,1.869233370123064
lothstrasse,lightgbm,spring_2024,264,11,2.717643966975691,0.6,2.117643966975691
lothstrasse,lightgbm,spring_2024,265,11,2.7077013340157032,0.5,2.2077013340157032
lothstrasse,lightgbm,spring_2024,266,11,2.6165464016791717,0.6,2.0165464016791717
lothstrasse,lightgbm,spring_2024,267,11,2.750092108957941,0.6,2.150092108957941
lothstrasse,lightgbm,spring_2024,268,11,2.958645217652878,0.7,2.2586452176528784
lothstrasse,lightgbm,spring_2024,269,11,3.0518154173610132,1.0,2.0518154173610132
lothstrasse,lightgbm,spring_2024,270,11,2.9087474456923217,1.0,1.9087474456923217
lothstrasse,lightgbm,spring_2024,271,11,2.696312324224467,1.0,1.696312324224467
lothstrasse,lightgbm,spring_2024,272,11,2.7672037927696276,0.7,2.067203792769628
lothstrasse,lightgbm,spring_2024,273,11,2.913463965366002,1.0,1.913463965366002
lothstrasse,lightgbm,spring_2024,274,11,3.0779030956064197,1.0,2.0779030956064197
lothstrasse,lightgbm,spring_2024,275,11,3.0272083734527504,1.0,2.0272083734527504
lothstrasse,lightgbm,spring_2024,276,11,2.9983937021941043,1.0,1.9983937021941043
lothstrasse,lightgbm,spring_2024,277,11,3.1199278225656197,1.0,2.1199278225656197
lothstrasse,lightgbm,spring_2024,278,11,3.4865003410340067,1.0,2.4865003410340067
lothstrasse,lightgbm,spring_2024,279,11,3.5607076628347456,1.0,2.5607076628347456
lothstrasse,lightgbm,spring_2024,280,11,3.4759664622784774,2.0,1.4759664622784774
lothstrasse,lightgbm,spring_2024,281,11,3.559878768112913,2.0,1.5598787681129131
lothstrasse,lightgbm,spring_2024,282,11,3.6455838274198786,2.0,1.6455838274198786
lothstrasse,lightgbm,spring_2024,283,11,3.923923087780071,3.0,0.923923087780071
lothstrasse,lightgbm,spring_2024,284,11,4.248814162703379,5.0,0.7511858372966209
lothstrasse,lightgbm,spring_2024,285,11,4.208762017795859,3.0,1.2087620177958591
lothstrasse,lightgbm,spring_2024,286,11,4.123939015138094,3.0,1.1239390151380944
lothstrasse,lightgbm,spring_2024,287,11,3.5700057660153273,3.0,0.5700057660153273
lothstrasse,lightgbm,spring_2024,288,12,3.3266867367704567,3.0,0.3266867367704567
lothstrasse,lightgbm,spring_2024,289,12,3.279319174066739,5.0,1.720680825933261
lothstrasse,lightgbm,spring_2024,290,12,3.144565496832463,5.0,1.8554345031675372
lothstrasse,lightgbm,spring_2024,291,12,2.960296131925734,4.0,1.039703868074266
lothstrasse,lightgbm,spring_2024,292,12,2.7303963671660574,3.0,0.2696036328339426
lothstrasse,lightgbm,spring_2024,293,12,2.8886368908263993,3.0,0.1113631091736007
lothstrasse,lightgbm,spring_2024,294,12,3.0747646186791107,4.0,0.9252353813208893
lothstrasse,lightgbm,spring_2024,295,12,2.994927858468637,3.0,0.005072141531362817
lothstrasse,lightgbm,spring_2024,296,12,3.4283039372633874,3.0,0.42830393726338745
lothstrasse,lightgbm,spring_2024,297,12,3.7278908551442087,3.0,0.7278908551442087
lothstrasse,lightgbm,spring_2024,298,12,3.9357265458463115,2.0,1.9357265458463115
lothstrasse,lightgbm,spring_2024,299,12,4.034879797690437,2.0,2.0348797976904374
lothstrasse,lightgbm,spring_2024,300,12,3.8967102725019074,2.0,1.8967102725019074
lothstrasse,lightgbm,spring_2024,301,12,3.926653671579579,1.0,2.926653671579579
lothstrasse,lightgbm,spring_2024,302,12,4.021677311551386,2.0,2.021677311551386
lothstrasse,lightgbm,spring_2024,303,12,4.035888641714491,2.0,2.0358886417144912
lothstrasse,lightgbm,spring_2024,304,12,4.0929838757514965,3.0,1.0929838757514965
lothstrasse,lightgbm,spring_2024,305,12,4.772728124466232,6.0,1.2272718755337682
lothstrasse,lightgbm,spring_2024,306,12,5.0561188196065014,4.0,1.0561188196065014
lothstrasse,lightgbm,spring_2024,307,12,4.291282533545666,3.0,1.2912825335456661
lothstrasse,lightgbm,spring_2024,308,12,3.7208433388872515,2.0,1.7208433388872515
lothstrasse,lightgbm,spring_2024,309,12,3.222717192110131,2.0,1.2227171921101312
lothstrasse,lightgbm,spring_2024,310,12,2.8268977509689854,2.0,0.8268977509689854
lothstrasse,lightgbm,spring_2024,311,12,2.4681661356018574,2.0,0.4681661356018574
lothstrasse,lightgbm,spring_2024,312,13,2.6652945327953974,1.0,1.6652945327953974
lothstrasse,lightgbm,spring_2024,313,13,2.6560162914178465,1.0,1.6560162914178465
lothstrasse,lightgbm,spring_2024,314,13,2.615308177551225,1.0,1.615308177551225
lothstrasse,lightgbm,spring_2024,315,13,2.638863437869462,1.0,1.6388634378694622
lothstrasse,lightgbm,spring_2024,316,13,2.6858462914137773,2.0,0.6858462914137773
lothstrasse,lightgbm,spring_2024,317,13,2.723768406891326,1.0,1.7237684068913262
lothstrasse,lightgbm,spring_2024,318,13,2.765238083597916,1.0,1.7652380835979158
lothstrasse,lightgbm,spring_2024,319,13,2.449610881500342,1.0,1.449610881500342
lothstrasse,lightgbm,spring_2024,320,13,2.6806298465891745,2.0,0.6806298465891745
lothstrasse,lightgbm,spring_2024,321,13,2.738449164249465,2.0,0.7384491642494648
lothstrasse,lightgbm,spring_2024,322,13,2.806723166799408,2.0,0.8067231667994079
lothstrasse,lightgbm,spring_2024,323,13,2.974524748571487,2.0,0.9745247485714872
lothstrasse,lightgbm,spring_2024,324,13,3.2014844041301362,3.0,0.20148440413013624
lothstrasse,lightgbm,spring_2024,325,13,3.344418460513715,3.0,0.34441846051371483
lothstrasse,lightgbm,spring_2024,326,13,3.6639993085229716,4.0,0.3360006914770284
lothstrasse,lightgbm,spring_2024,327,13,4.086013789808658,4.0,0.08601378980865793
lothstrasse,lightgbm,spring_2024,328,13,4.132587908565605,4.0,0.13258790856560498
lothstrasse,lightgbm,spring_2024,329,13,4.162675761090097,5.0,0.8373242389099032
lothstrasse,lightgbm,spring_2024,330,13,4.359937529805711,6.0,1.6400624701942892
lothstrasse,lightgbm,spring_2024,331,13,5.0734514976602005,5.0,0.07345149766020054
lothstrasse,lightgbm,spring_2024,332,13,5.550448573648215,7.0,1.4495514263517846
lothstrasse,lightgbm,spring_2024,333,13,6.126402651321514,7.0,0.8735973486784863
lothstrasse,lightgbm,spring_2024,334,13,6.1604590004295074,7.0,0.8395409995704926
lothstrasse,lightgbm,spring_2024,335,13,5.541268374892706,5.0,0.5412683748927059
lothstrasse,lightgbm,spring_2024,336,14,5.584763825171536,3.0,2.584763825171536
lothstrasse,lightgbm,spring_2024,337,14,6.365393585419908,3.0,3.365393585419908
lothstrasse,lightgbm,spring_2024,338,14,6.696739748380583,4.0,2.6967397483805833
lothstrasse,lightgbm,spring_2024,339,14,6.642914425036455,3.0,3.642914425036455
lothstrasse,lightgbm,spring_2024,340,14,6.721312095363452,3.0,3.7213120953634524
lothstrasse,lightgbm,spring_2024,341,14,6.697962730068985,3.0,3.6979627300689852
lothstrasse,lightgbm,spring_2024,342,14,6.723410437006779,3.0,3.7234104370067787
lothstrasse,lightgbm,spring_2024,343,14,6.682978391298623,3.0,3.682978391298623
lothstrasse,lightgbm,spring_2024,344,14,6.716770604228013,3.0,3.716770604228013
lothstrasse,lightgbm,spring_2024,345,14,6.336336975934597,3.0,3.3363369759345973
lothstrasse,lightgbm,spring_2024,346,14,5.701373890677731,2.0,3.701373890677731
lothstrasse,lightgbm,spring_2024,347,14,4.964624713655252,2.0,2.964624713655252
lothstrasse,lightgbm,spring_2024,348,14,4.167514581572625,2.0,2.1675145815726253
lothstrasse,lightgbm,spring_2024,349,14,3.95623581322573,2.0,1.9562358132257298
lothstrasse,lightgbm,spring_2024,350,14,3.6993481035721554,3.0,0.6993481035721554
lothstrasse,lightgbm,spring_2024,351,14,3.9511585553452266,4.0,0.04884144465477336
lothstrasse,lightgbm,spring_2024,352,14,4.4655687698655155,6.0,1.5344312301344845
lothstrasse,lightgbm,spring_2024,353,14,5.221156705771775,7.0,1.778843294228225
lothstrasse,lightgbm,spring_2024,354,14,6.922102829482855,9.0,2.0778971705171454
lothstrasse,lightgbm,spring_2024,355,14,8.194806069330975,9.0,0.8051939306690254
lothstrasse,lightgbm,spring_2024,356,14,8.675123712680149,9.0,0.3248762873198512
lothstrasse,lightgbm,spring_2024,357,14,8.810787785856641,8.0,0.8107877858566415
lothstrasse,lightgbm,spring_2024,358,14,7.733627091929377,7.0,0.7336270919293773
lothstrasse,lightgbm,spring_2024,359,14,6.627623194124071,6.0,0.6276231941240713
lothstrasse,lightgbm,spring_2024,360,15,6.275871910989199,7.0,0.7241280890108008
lothstrasse,lightgbm,spring_2024,361,15,6.539958575829551,8.0,1.4600414241704494
lothstrasse,lightgbm,spring_2024,362,15,6.627856807475595,7.0,0.37214319252440475
lothstrasse,lightgbm,spring_2024,363,15,6.709488829213547,10.0,3.290511170786453
lothstrasse,lightgbm,spring_2024,364,15,6.8384299244199,6.0,0.8384299244199003
lothstrasse,lightgbm,spring_2024,365,15,7.00711283975036,8.0,0.9928871602496399
lothstrasse,lightgbm,spring_2024,366,15,6.15376466387903,5.0,1.1537646638790298
lothstrasse,lightgbm,spring_2024,367,15,5.229855123079923,4.0,1.2298551230799228
lothstrasse,lightgbm,spring_2024,368,15,4.988691894753899,3.0,1.9886918947538987
lothstrasse,lightgbm,spring_2024,369,15,4.771031557743193,3.0,1.7710315577431928
lothstrasse,lightgbm,spring_2024,370,15,4.912022082222013,4.0,0.9120220822220126
lothstrasse,lightgbm,spring_2024,371,15,4.851876979896515,4.0,0.8518769798965149
lothstrasse,lightgbm,spring_2024,372,15,4.86426842526577,4.0,0.8642684252657702
lothstrasse,lightgbm,spring_2024,373,15,4.9828383294118925,3.0,1.9828383294118925
lothstrasse,lightgbm,spring_2024,374,15,5.080066132737084,4.0,1.080066132737084
lothstrasse,lightgbm,spring_2024,375,15,5.098359697869873,4.0,1.0983596978698733
lothstrasse,lightgbm,spring_2024,376,15,5.974716247060611,4.0,1.974716247060611
lothstrasse,lightgbm,spring_2024,377,15,6.358714406512776,6.0,0.3587144065127763
lothstrasse,lightgbm,spring_2024,378,15,9.822767334582213,13.0,3.1772326654177867
lothstrasse,lightgbm,spring_2024,379,15,14.866238599903163,21.0,6.133761400096837
lothstrasse,lightgbm,spring_2024,380,15,18.729977950808404,25.0,6.270022049191596
lothstrasse,lightgbm,spring_2024,381,15,18.662984437988168,17.0,1.6629844379881682
lothstrasse,lightgbm,spring_2024,382,15,17.08174764352318,14.0,3.0817476435231796
lothstrasse,lightgbm,spring_2024,383,15,14.170828135119834,11.0,3.1708281351198337
lothstrasse,lightgbm,spring_2024,384,16,10.41486322258798,8.0,2.4148632225879805
lothstrasse,lightgbm,spring_2024,385,16,6.464493761336182,6.0,0.4644937613361817
lothstrasse,lightgbm,spring_2024,386,16,6.489129058643852,7.0,0.5108709413561483
lothstrasse,lightgbm,spring_2024,387,16,5.938007412150415,6.0,0.06199258784958506
lothstrasse,lightgbm,spring_2024,388,16,5.062045596597728,5.0,0.062045596597728014
lothstrasse,lightgbm,spring_2024,389,16,3.984857694748602,4.0,0.015142305251397925
lothstrasse,lightgbm,spring_2024,390,16,3.527461229745835,3.0,0.527461229745835
lothstrasse,lightgbm,spring_2024,391,16,3.3133501870934126,3.0,0.31335018709341256
lothstrasse,lightgbm,spring_2024,392,16,3.683440099053518,3.0,0.6834400990535179
lothstrasse,lightgbm,spring_2024,393,16,3.4400569897540256,3.0,0.44005698975402563
lothstrasse,lightgbm,spring_2024,394,16,4.035242397566889,4.0,0.03524239756688896
lothstrasse,lightgbm,spring_2024,395,16,5.984744864057335,6.0,0.015255135942664921
lothstrasse,lightgbm,spring_2024,396,16,8.025118117910711,8.0,0.02511811791071139
lothstrasse,lightgbm,spring_2024,397,16,9.799249768712661,9.0,0.7992497687126612
lothstrasse,lightgbm,spring_2024,398,16,10.94495580658164,9.0,1.9449558065816408
lothstrasse,lightgbm,spring_2024,399,16,11.875003134792559,10.0,1.8750031347925589
lothstrasse,lightgbm,spring_2024,400,16,13.000222943547719,10.0,3.000222943547719
lothstrasse,lightgbm,spring_2024,401,16,14.708510337262505,12.0,2.7085103372625046
lothstrasse,lightgbm,spring_2024,402,16,16.913276454088994,13.0,3.9132764540889937
lothstrasse,lightgbm,spring_2024,403,16,20.159958817843883,16.0,4.159958817843883
lothstrasse,lightgbm,spring_2024,404,16,20.822641432922442,12.0,8.822641432922442
lothstrasse,lightgbm,spring_2024,405,16,16.022973116432652,10.0,6.022973116432652
lothstrasse,lightgbm,spring_2024,406,16,13.761315826720262,9.0,4.761315826720262
lothstrasse,lightgbm,spring_2024,407,16,11.875343003112087,7.0,4.8753430031120875
lothstrasse,lightgbm,spring_2024,408,17,11.48953053292468,8.0,3.4895305329246806
lothstrasse,lightgbm,spring_2024,409,17,10.952358110977661,8.0,2.952358110977661
lothstrasse,lightgbm,spring_2024,410,17,10.733002189040164,7.0,3.733002189040164
lothstrasse,lightgbm,spring_2024,411,17,9.901154044221705,7.0,2.9011540442217054
lothstrasse,lightgbm,spring_2024,412,17,11.367812788690554,8.0,3.3678127886905536
lothstrasse,lightgbm,spring_2024,413,17,12.97887052946585,9.0,3.9788705294658495
lothstrasse,lightgbm,spring_2024,414,17,14.715647436761579,10.0,4.715647436761579
lothstrasse,lightgbm,spring_2024,415,17,16.23238229627242,11.0,5.232382296272419
lothstrasse,lightgbm,spring_2024,416,17,19.97752511206939,12.0,7.97752511206939
lothstrasse,lightgbm,spring_2024,417,17,20.722163872202074,12.0,8.722163872202074
lothstrasse,lightgbm,spring_2024,418,17,20.345602282639458,11.0,9.345602282639458
lothstrasse,lightgbm,spring_2024,419,17,21.859916253211182,14.0,7.859916253211182
lothstrasse,lightgbm,spring_2024,420,17,22.343039964721235,15.0,7.343039964721235
lothstrasse,lightgbm,spring_2024,421,17,23.15055394311316,18.0,5.1505539431131595
lothstrasse,lightgbm,spring_2024,422,17,23.790122876430885,19.0,4.790122876430885
lothstrasse,lightgbm,spring_2024,423,17,25.44242089572065,21.0,4.442420895720652
lothstrasse,lightgbm,spring_2024,424,17,26.144124179768536,22.0,4.144124179768536
lothstrasse,lightgbm,spring_2024,425,17,26.837104219471303,21.0,5.837104219471303
lothstrasse,lightgbm,spring_2024,426,17,27.81972018161094,23.0,4.81972018161094
lothstrasse,lightgbm,spring_2024,427,17,27.428710155199045,23.0,4.428710155199045
lothstrasse,lightgbm,spring_2024,428,17,26.160221000768523,20.0,6.160221000768523
lothstrasse,lightgbm,spring_2024,429,17,26.975071668672552,20.0,6.975071668672552
lothstrasse,lightgbm,spring_2024,430,17,23.7680101673758,18.0,5.768010167375799
lothstrasse,lightgbm,spring_2024,431,17,21.12800264452463,14.0,7.128002644524631
lothstrasse,lightgbm,spring_2024,432,18,18.18237351352185,12.0,6.182373513521849
lothstrasse,lightgbm,spring_2024,433,18,15.905035551325778,10.0,5.905035551325778
lothstrasse,lightgbm,spring_2024,434,18,15.462675855522097,10.0,5.462675855522097
lothstrasse,lightgbm,spring_2024,435,18,16.09856648609373,11.0,5.0985664860937305
lothstrasse,lightgbm,spring_2024,436,18,16.197337875239207,11.0,5.1973378752392065
lothstrasse,lightgbm,spring_2024,437,18,15.681833330278588,11.0,4.681833330278588
lothstrasse,lightgbm,spring_2024,438,18,15.878328201229436,10.0,5.8783282012294364
lothstrasse,lightgbm,spring_2024,439,18,17.37299435000088,11.0,6.37299435000088
lothstrasse,lightgbm,spring_2024,440,18,17.801351866241713,11.0,6.801351866241713
lothstrasse,lightgbm,spring_2024,441,18,18.191203401621074,11.0,7.191203401621074
lothstrasse,lightgbm,spring_2024,442,18,18.84223987437115,11.0,7.842239874371149
lothstrasse,lightgbm,spring_2024,443,18,18.492312457725006,11.0,7.492312457725006
lothstrasse,lightgbm,spring_2024,444,18,18.288872707147988,12.0,6.288872707147988
lothstrasse,lightgbm,spring_2024,445,18,15.325835179201864,9.0,6.325835179201864
lothstrasse,lightgbm,spring_2024,446,18,7.561001796867797,4.0,3.5610017968677967
lothstrasse,lightgbm,spring_2024,447,18,3.837160489332743,3.0,0.8371604893327431
lothstrasse,lightgbm,spring_2024,448,18,3.3523127929792977,2.0,1.3523127929792977
lothstrasse,lightgbm,spring_2024,449,18,3.1427176169219737,2.0,1.1427176169219737
lothstrasse,lightgbm,spring_2024,450,18,3.0391826982328434,2.0,1.0391826982328434
lothstrasse,lightgbm,spring_2024,451,18,2.718698302750172,2.0,0.7186983027501719
lothstrasse,lightgbm,spring_2024,452,18,2.5931213505514807,1.0,1.5931213505514807
lothstrasse,lightgbm,spring_2024,453,18,2.749733579614694,1.0,1.749733579614694
lothstrasse,lightgbm,spring_2024,454,18,2.6432648414466944,1.0,1.6432648414466944
lothstrasse,lightgbm,spring_2024,455,18,2.535391477113582,0.9,1.6353914771135822
lothstrasse,lightgbm,spring_2024,456,19,2.818971093966357,0.8,2.018971093966357
lothstrasse,lightgbm,spring_2024,457,19,2.7688714406315302,0.8,1.9688714406315302
lothstrasse,lightgbm,spring_2024,458,19,2.7253509088856833,0.9,1.8253509088856834
lothstrasse,lightgbm,spring_2024,459,19,2.722459810701729,0.9,1.8224598107017291
lothstrasse,lightgbm,spring_2024,460,19,2.7821796897705195,0.8,1.9821796897705195
lothstrasse,lightgbm,spring_2024,461,19,2.8843533551974554,1.0,1.8843533551974554
lothstrasse,lightgbm,spring_2024,462,19,3.0397595419880417,1.0,2.0397595419880417
lothstrasse,lightgbm,spring_2024,463,19,3.177591718313672,1.0,2.177591718313672
lothstrasse,lightgbm,spring_2024,464,19,3.558585744236278,1.0,2.558585744236278
lothstrasse,lightgbm,spring_2024,465,19,3.579824854220019,2.0,1.579824854220019
lothstrasse,lightgbm,spring_2024,466,19,3.7848114049966015,2.0,1.7848114049966015
lothstrasse,lightgbm,spring_2024,467,19,3.833743277963608,2.0,1.8337432779636078
lothstrasse,lightgbm,spring_2024,468,19,3.7758580164144995,2.0,1.7758580164144995
lothstrasse,lightgbm,spring_2024,469,19,4.008175822691428,2.0,2.0081758226914284
lothstrasse,lightgbm,spring_2024,470,19,3.967904751626377,2.0,1.967904751626377
lothstrasse,lightgbm,spring_2024,471,19,4.709301177143041,3.0,1.7093011771430406
lothstrasse,lightgbm,spring_2024,472,19,5.837327327613872,3.0,2.837327327613872
lothstrasse,lightgbm,spring_2024,473,19,6.360905007930467,3.0,3.3609050079304668
lothstrasse,lightgbm,spring_2024,474,19,6.851520069525895,3.0,3.851520069525895
lothstrasse,lightgbm,spring_2024,475,19,7.382458939860196,4.0,3.3824589398601956
lothstrasse,lightgbm,spring_2024,476,19,7.989454745002046,5.0,2.989454745002046
lothstrasse,lightgbm,spring_2024,477,19,7.6624836819062185,5.0,2.6624836819062185
lothstrasse,lightgbm,spring_2024,478,19,7.820851556035668,5.0,2.8208515560356684
lothstrasse,lightgbm,spring_2024,479,19,8.118413939198694,6.0,2.1184139391986943
lothstrasse,lightgbm,spring_2024,480,20,8.73107614540527,8.0,0.7310761454052699
lothstrasse,lightgbm,spring_2024,481,20,9.213974533848306,9.0,0.21397453384830634
lothstrasse,lightgbm,spring_2024,482,20,9.189327431309628,10.0,0.8106725686903715
lothstrasse,lightgbm,spring_2024,483,20,9.65611826478438,11.0,1.3438817352156196
lothstrasse,lightgbm,spring_2024,484,20,9.694053296763496,10.0,0.3059467032365042
lothstrasse,lightgbm,spring_2024,485,20,10.383282195463341,9.0,1.383282195463341
lothstrasse,lightgbm,spring_2024,486,20,10.05066350737828,9.0,1.05066350737828
lothstrasse,lightgbm,spring_2024,487,20,10.562057717834426,9.0,1.562057717834426
lothstrasse,lightgbm,spring_2024,488,20,9.29961839326621,6.0,3.2996183932662095
lothstrasse,lightgbm,spring_2024,489,20,8.868237762548086,6.0,2.8682377625480857
lothstrasse,lightgbm,spring_2024,490,20,8.996342213546622,7.0,1.9963422135466224
lothstrasse,lightgbm,spring_2024,491,20,8.711635067963696,6.0,2.7116350679636962
lothstrasse,lightgbm,spring_2024,492,20,8.78729235637134,6.0,2.7872923563713403
lothstrasse,lightgbm,spring_2024,493,20,8.777359212486852,7.0,1.7773592124868518
lothstrasse,lightgbm,spring_2024,494,20,8.746302449001007,7.0,1.746302449001007
lothstrasse,lightgbm,spring_2024,495,20,9.50084229627238,8.0,1.5008422962723795
lothstrasse,lightgbm,spring_2024,496,20,10.121089737267075,9.0,1.1210897372670754
lothstrasse,lightgbm,spring_2024,497,20,10.793971756875713,10.0,0.7939717568757132
lothstrasse,lightgbm,spring_2024,498,20,10.69321154621347,10.0,0.6932115462134707
lothstrasse,lightgbm,spring_2024,499,20,10.936526343387545,12.0,1.0634736566124552
lothstrasse,lightgbm,spring_2024,500,20,12.204933149235398,13.0,0.7950668507646022
lothstrasse,lightgbm,spring_2024,501,20,13.466548588831053,14.0,0.5334514111689472
lothstrasse,lightgbm,spring_2024,502,20,14.116557885104921,14.0,0.11655788510492116
lothstrasse,lightgbm,spring_2024,503,20,13.566662145253051,12.0,1.5666621452530514
lothstrasse,lightgbm,spring_2024,504,21,12.701504029040228,11.0,1.701504029040228
lothstrasse,lightgbm,spring_2024,505,21,11.83095045352844,11.0,0.8309504535284393
lothstrasse,lightgbm,spring_2024,506,21,11.589356697996909,11.0,0.5893566979969087
lothstrasse,lightgbm,spring_2024,507,21,11.663139041332364,11.0,0.6631390413323643
lothstrasse,lightgbm,spring_2024,508,21,12.067766516427836,10.0,2.0677665164278363
lothstrasse,lightgbm,spring_2024,509,21,11.797338805595812,8.0,3.797338805595812
lothstrasse,lightgbm,spring_2024,510,21,11.48920103704296,7.0,4.48920103704296
lothstrasse,lightgbm,spring_2024,511,21,10.546292302188718,7.0,3.546292302188718
lothstrasse,lightgbm,spring_2024,512,21,9.77866013558849,8.0,1.7786601355884901
lothstrasse,lightgbm,spring_2024,513,21,10.716553101820416,8.0,2.7165531018204163
lothstrasse,lightgbm,spring_2024,514,21,10.577061317871337,10.0,0.5770613178713369
lothstrasse,lightgbm,spring_2024,515,21,10.925261760633216,9.0,1.9252617606332159
lothstrasse,lightgbm,spring_2024,516,21,11.277109042902227,9.0,2.277109042902227
lothstrasse,lightgbm,spring_2024,517,21,11.410756237815393,8.0,3.4107562378153933
lothstrasse,lightgbm,spring_2024,518,21,11.37111432081336,11.0,0.37111432081336027
lothstrasse,lightgbm,spring_2024,519,21,11.400672736773336,10.0,1.4006727367733358
lothstrasse,lightgbm,spring_2024,520,21,11.588685104298504,19.0,7.411314895701496
lothstrasse,lightgbm,spring_2024,521,21,12.530454510852893,15.0,2.469545489147107
lothstrasse,lightgbm,spring_2024,522,21,12.899499169548958,17.0,4.1005008304510415
lothstrasse,lightgbm,spring_2024,523,21,14.392727998604908,15.0,0.6072720013950921
lothstrasse,lightgbm,spring_2024,524,21,16.99638621063519,16.0,0.9963862106351904
lothstrasse,lightgbm,spring_2024,525,21,18.126166007011136,16.0,2.126166007011136
lothstrasse,lightgbm,spring_2024,526,21,17.751199543830037,16.0,1.7511995438300367
lothstrasse,lightgbm,spring_2024,527,21,16.296955371084298,15.9675,0.3294553710842987
lothstrasse,lightgbm,spring_2024,528,22,14.752281551930318,15.935,1.1827184480696822
lothstrasse,lightgbm,spring_2024,529,22,13.088931813585305,15.9025,2.8135681864146953
lothstrasse,lightgbm,spring_2024,530,22,11.894882241821493,15.87,3.9751177581785058
lothstrasse,lightgbm,spring_2024,531,22,10.903646130797556,15.8375,4.933853869202444
lothstrasse,lightgbm,spring_2024,532,22,10.412533187694775,15.805,5.392466812305225
lothstrasse,lightgbm,spring_2024,533,22,3.9954900732431295,12.0,8.004509926756871
lothstrasse,lightgbm,spring_2024,534,22,8.264154515096843,14.0,5.735845484903157
lothstrasse,lightgbm,spring_2024,535,22,14.297855905135735,16.0,1.7021440948642645
lothstrasse,lightgbm,spring_2024,536,22,19.040914004688354,17.0,2.0409140046883536
lothstrasse,lightgbm,spring_2024,537,22,20.885927733137304,17.0,3.8859277331373043
lothstrasse,lightgbm,spring_2024,538,22,20.950599256148678,16.0,4.950599256148678
lothstrasse,lightgbm,spring_2024,539,22,20.30999192914903,13.0,7.309991929149032
lothstrasse,lightgbm,spring_2024,540,22,18.95837260519499,12.0,6.958372605194992
lothstrasse,lightgbm,spring_2024,541,22,16.89753117404384,10.0,6.897531174043841
lothstrasse,lightgbm,spring_2024,542,22,15.757502409774292,10.0,5.7575024097742915
lothstrasse,lightgbm,spring_2024,543,22,16.514473393092914,9.0,7.5144733930929135
lothstrasse,lightgbm,spring_2024,544,22,18.39937140717296,9.0,9.39937140717296
lothstrasse,lightgbm,spring_2024,545,22,18.784825327561073,8.0,10.784825327561073
lothstrasse,lightgbm,spring_2024,546,22,17.73039701655587,7.0,10.73039701655587
lothstrasse,lightgbm,spring_2024,547,22,17.554568345735557,9.0,8.554568345735557
lothstrasse,lightgbm,spring_2024,548,22,17.362507782361277,9.0,8.362507782361277
lothstrasse,lightgbm,spring_2024,549,22,15.91323848679718,7.0,8.91323848679718
lothstrasse,lightgbm,spring_2024,550,22,12.396931671473382,7.0,5.396931671473382
lothstrasse,lightgbm,spring_2024,551,22,10.884927111272827,8.0,2.8849271112728267
lothstrasse,lightgbm,spring_2024,552,23,9.51865579086256,8.0,1.5186557908625602
lothstrasse,lightgbm,spring_2024,553,23,8.09570294901657,8.0,0.0957029490165695
lothstrasse,lightgbm,spring_2024,554,23,8.667738054810277,8.0,0.6677380548102771
lothstrasse,lightgbm,spring_2024,555,23,9.179868022833244,10.0,0.8201319771667563
lothstrasse,lightgbm,spring_2024,556,23,9.244575243488313,9.0,0.24457524348831328
lothstrasse,lightgbm,spring_2024,557,23,9.644567572508986,9.0,0.6445675725089863
lothstrasse,lightgbm,spring_2024,558,23,9.76712201734629,10.0,0.23287798265370974
lothstrasse,lightgbm,spring_2024,559,23,10.697023479029372,9.0,1.6970234790293723
lothstrasse,lightgbm,spring_2024,560,23,10.286770293449866,9.0,1.286770293449866
lothstrasse,lightgbm,spring_2024,561,23,10.590665484642495,9.0,1.5906654846424946
lothstrasse,lightgbm,spring_2024,562,23,10.90636750961174,10.0,0.9063675096117407
lothstrasse,lightgbm,spring_2024,563,23,9.753863496616454,7.0,2.7538634966164537
lothstrasse,lightgbm,spring_2024,564,23,8.63020731741428,6.0,2.63020731741428
lothstrasse,lightgbm,spring_2024,565,23,7.7959264175854734,5.0,2.7959264175854734
lothstrasse,lightgbm,spring_2024,566,23,7.146677709971598,5.0,2.1466777099715983
lothstrasse,lightgbm,spring_2024,567,23,6.46160914877097,5.0,1.46160914877097
lothstrasse,lightgbm,spring_2024,568,23,6.628592229485973,5.0,1.6285922294859727
lothstrasse,lightgbm,spring_2024,569,23,6.58243752098005,5.0,1.5824375209800499
lothstrasse,lightgbm,spring_2024,570,23,6.662970308813858,5.0,1.6629703088138577
lothstrasse,lightgbm,spring_2024,571,23,6.782899894542986,4.0,2.782899894542986
lothstrasse,lightgbm,spring_2024,572,23,6.768287684510655,4.0,2.768287684510655
lothstrasse,lightgbm,spring_2024,573,23,6.376491588072027,4.0,2.376491588072027
lothstrasse,lightgbm,spring_2024,574,23,6.519732324686498,4.0,2.5197323246864984
lothstrasse,lightgbm,spring_2024,575,23,6.139287844158564,4.0,2.139287844158564
lothstrasse,lightgbm,spring_2024,576,24,5.7716482993482146,4.0,1.7716482993482146
lothstrasse,lightgbm,spring_2024,577,24,5.402480150815343,3.0,2.402480150815343
lothstrasse,lightgbm,spring_2024,578,24,5.400477025050225,3.0,2.4004770250502254
lothstrasse,lightgbm,spring_2024,579,24,5.5865553260666525,3.0,2.5865553260666525
lothstrasse,lightgbm,spring_2024,580,24,6.009782419067748,4.0,2.009782419067748
lothstrasse,lightgbm,spring_2024,581,24,5.979552455899826,4.0,1.9795524558998263
lothstrasse,lightgbm,spring_2024,582,24,6.019124000677572,4.0,2.0191240006775724
lothstrasse,lightgbm,spring_2024,583,24,6.85814933675512,6.0,0.8581493367551198
lothstrasse,lightgbm,spring_2024,584,24,6.691620758474416,4.0,2.691620758474416
lothstrasse,lightgbm,spring_2024,585,24,6.689980111165495,3.0,3.689980111165495
lothstrasse,lightgbm,spring_2024,586,24,6.4860862025496875,3.0,3.4860862025496875
lothstrasse,lightgbm,spring_2024,587,24,5.7633136492435435,2.0,3.7633136492435435
lothstrasse,lightgbm,spring_2024,588,24,4.723653055991167,1.0,3.723653055991167
lothstrasse,lightgbm,spring_2024,589,24,3.629730914540756,1.0,2.629730914540756
lothstrasse,lightgbm,spring_2024,590,24,2.713978484435015,0.7,2.0139784844350155
lothstrasse,lightgbm,spring_2024,591,24,2.576041741952369,0.6,1.9760417419523688
lothstrasse,lightgbm,spring_2024,592,24,2.6200941547148195,0.5,2.1200941547148195
lothstrasse,lightgbm,spring_2024,593,24,2.5873997126330157,0.6,1.9873997126330156
lothstrasse,lightgbm,spring_2024,594,24,2.5788982994159766,0.6,1.9788982994159765
lothstrasse,lightgbm,spring_2024,595,24,2.577029416226316,0.7,1.8770294162263161
lothstrasse,lightgbm,spring_2024,596,24,2.73693347709403,0.8,1.93693347709403
lothstrasse,lightgbm,spring_2024,597,24,2.805130966799109,0.8,2.0051309667991086
lothstrasse,lightgbm,spring_2024,598,24,2.8705889441139982,0.9,1.9705889441139983
lothstrasse,lightgbm,spring_2024,599,24,2.8362066426503065,0.8,2.0362066426503063
lothstrasse,lightgbm,spring_2024,600,25,2.8431190637730537,0.9,1.9431190637730538
lothstrasse,lightgbm,spring_2024,601,25,2.8711248573389887,1.0,1.8711248573389887
lothstrasse,lightgbm,spring_2024,602,25,3.086071451989444,1.0,2.086071451989444
lothstrasse,lightgbm,spring_2024,603,25,3.314705633512863,2.0,1.314705633512863
lothstrasse,lightgbm,spring_2024,604,25,3.495156838187124,2.0,1.4951568381871239
lothstrasse,lightgbm,spring_2024,605,25,3.627988519205074,2.0,1.6279885192050738
lothstrasse,lightgbm,spring_2024,606,25,4.010141242415182,2.0,2.010141242415182
lothstrasse,lightgbm,spring_2024,607,25,4.874552076015566,3.0,1.8745520760155658
lothstrasse,lightgbm,spring_2024,608,25,6.198542141099407,4.0,2.1985421410994066
lothstrasse,lightgbm,spring_2024,609,25,7.671245980275537,4.0,3.671245980275537
lothstrasse,lightgbm,spring_2024,610,25,8.09598809656363,4.0,4.09598809656363
lothstrasse,lightgbm,spring_2024,611,25,8.154620502970813,4.0,4.154620502970813
lothstrasse,lightgbm,spring_2024,612,25,8.870034486291653,4.0,4.870034486291653
lothstrasse,lightgbm,spring_2024,613,25,7.903548526129492,4.0,3.9035485261294918
lothstrasse,lightgbm,spring_2024,614,25,7.06798786627702,4.0,3.0679878662770204
lothstrasse,lightgbm,spring_2024,615,25,6.1801548805930615,3.0,3.1801548805930615
lothstrasse,lightgbm,spring_2024,616,25,6.556891815135018,2.0,4.556891815135018
lothstrasse,lightgbm,spring_2024,617,25,6.387856943411369,2.0,4.387856943411369
lothstrasse,lightgbm,spring_2024,618,25,6.163990195514548,2.0,4.163990195514548
lothstrasse,lightgbm,spring_2024,619,25,5.21805130857652,2.0,3.21805130857652
lothstrasse,lightgbm,spring_2024,620,25,5.140739501719253,2.0,3.1407395017192528
lothstrasse,lightgbm,spring_2024,621,25,5.175517681757446,1.0,4.175517681757446
lothstrasse,lightgbm,spring_2024,622,25,4.747573386746992,1.0,3.747573386746992
lothstrasse,lightgbm,spring_2024,623,25,4.378741993679614,2.0,2.378741993679614
lothstrasse,lightgbm,spring_2024,624,26,4.315375874877969,3.0,1.3153758748779687
lothstrasse,lightgbm,spring_2024,625,26,4.589268638879912,3.0,1.5892686388799122
lothstrasse,lightgbm,spring_2024,626,26,5.054002065387874,4.0,1.0540020653878743
lothstrasse,lightgbm,spring_2024,627,26,4.6749448570856105,4.0,0.6749448570856105
lothstrasse,lightgbm,spring_2024,628,26,4.650008305367196,4.0,0.6500083053671961
lothstrasse,lightgbm,spring_2024,629,26,4.571956920294986,4.0,0.5719569202949861
lothstrasse,lightgbm,spring_2024,630,26,4.556232314421104,5.0,0.4437676855788961
lothstrasse,lightgbm,spring_2024,631,26,4.95318114890901,7.0,2.0468188510909897
lothstrasse,lightgbm,spring_2024,632,26,5.538652767038913,7.0,1.4613472329610868
lothstrasse,lightgbm,spring_2024,633,26,6.891136874330741,8.0,1.1088631256692594
lothstrasse,lightgbm,spring_2024,634,26,8.666199868489617,10.0,1.3338001315103831
lothstrasse,lightgbm,spring_2024,635,26,10.936358117842314,12.0,1.063641882157686
lothstrasse,lightgbm,spring_2024,636,26,11.540783672951763,12.0,0.459216327048237
lothstrasse,lightgbm,spring_2024,637,26,12.261283232630012,10.0,2.261283232630012
lothstrasse,lightgbm,spring_2024,638,26,12.080118422928411,10.0,2.080118422928411
lothstrasse,lightgbm,summer_2024,0,0,2.9437724002988004,2.0,0.9437724002988004
lothstrasse,lightgbm,summer_2024,1,0,3.290045117751524,2.0,1.2900451177515242
lothstrasse,lightgbm,summer_2024,2,0,3.3962469102286734,2.0,1.3962469102286734
lothstrasse,lightgbm,summer_2024,3,0,3.290401770999361,2.0,1.290401770999361
lothstrasse,lightgbm,summer_2024,4,0,3.3903529257291067,1.0,2.3903529257291067
lothstrasse,lightgbm,summer_2024,5,0,3.172182319971612,1.0,2.172182319971612
lothstrasse,lightgbm,summer_2024,6,0,3.295789793970265,2.0,1.2957897939702652
lothstrasse,lightgbm,summer_2024,7,0,3.214452188953678,1.0,2.214452188953678
lothstrasse,lightgbm,summer_2024,8,0,3.2933909268623114,2.0,1.2933909268623114
lothstrasse,lightgbm,summer_2024,9,0,3.30748919326918,3.0,0.3074891932691801
lothstrasse,lightgbm,summer_2024,10,0,3.6410020733241883,4.0,0.35899792667581165
lothstrasse,lightgbm,summer_2024,11,0,3.380438010121653,4.0,0.6195619898783469
lothstrasse,lightgbm,summer_2024,12,0,3.214269565197711,4.0,0.7857304348022889
lothstrasse,lightgbm,summer_2024,13,0,3.392867838544486,5.0,1.6071321614555139
lothstrasse,lightgbm,summer_2024,14,0,3.3599943330335758,6.0,2.6400056669664242
lothstrasse,lightgbm,summer_2024,15,0,3.7163730848028615,6.0,2.2836269151971385
lothstrasse,lightgbm,summer_2024,16,0,4.557369810668999,6.0,1.442630189331001
lothstrasse,lightgbm,summer_2024,17,0,5.723858090500407,9.0,3.276141909499593
lothstrasse,lightgbm,summer_2024,18,0,7.1917743868861645,5.0,2.1917743868861645
lothstrasse,lightgbm,summer_2024,19,0,7.384277898187837,4.0,3.384277898187837
lothstrasse,lightgbm,summer_2024,20,0,7.2161570854938875,4.0,3.2161570854938875
lothstrasse,lightgbm,summer_2024,21,0,6.710295734782615,5.0,1.7102957347826147
lothstrasse,lightgbm,summer_2024,22,0,6.328775842241589,4.0,2.3287758422415887
lothstrasse,lightgbm,summer_2024,23,0,6.210241313427321,4.0,2.2102413134273213
lothstrasse,lightgbm,summer_2024,24,1,6.383291520101446,4.0,2.383291520101446
lothstrasse,lightgbm,summer_2024,25,1,6.975645007667308,4.0,2.9756450076673078
lothstrasse,lightgbm,summer_2024,26,1,7.014489649322364,3.0,4.014489649322364
lothstrasse,lightgbm,summer_2024,27,1,7.029612216019484,3.0,4.029612216019484
lothstrasse,lightgbm,summer_2024,28,1,7.410778206203365,3.0,4.410778206203365
lothstrasse,lightgbm,summer_2024,29,1,7.634324892769064,2.0,5.634324892769064
lothstrasse,lightgbm,summer_2024,30,1,7.348676278855423,2.0,5.348676278855423
lothstrasse,lightgbm,summer_2024,31,1,6.654876597274639,2.0,4.654876597274639
lothstrasse,lightgbm,summer_2024,32,1,6.149779327107944,3.0,3.149779327107944
lothstrasse,lightgbm,summer_2024,33,1,5.556444757529262,4.0,1.5564447575292624
lothstrasse,lightgbm,summer_2024,34,1,5.4796687539517235,4.0,1.4796687539517235
lothstrasse,lightgbm,summer_2024,35,1,5.393083103866379,4.0,1.3930831038663793
lothstrasse,lightgbm,summer_2024,36,1,5.488929331817727,5.0,0.4889293318177268
lothstrasse,lightgbm,summer_2024,37,1,5.559266252863676,5.0,0.5592662528636758
lothstrasse,lightgbm,summer_2024,38,1,5.482588247822601,3.0,2.4825882478226013
lothstrasse,lightgbm,summer_2024,39,1,5.637541200722934,3.0,2.637541200722934
lothstrasse,lightgbm,summer_2024,40,1,5.95569650808816,4.0,1.9556965080881596
lothstrasse,lightgbm,summer_2024,41,1,5.977729379184683,5.0,0.9777293791846828
lothstrasse,lightgbm,summer_2024,42,1,6.009392515006745,5.0,1.0093925150067449
lothstrasse,lightgbm,summer_2024,43,1,6.143420909775796,4.0,2.143420909775796
lothstrasse,lightgbm,summer_2024,44,1,6.1717200650905815,3.0,3.1717200650905815
lothstrasse,lightgbm,summer_2024,45,1,7.076725367392086,4.0,3.0767253673920862
lothstrasse,lightgbm,summer_2024,46,1,6.7276102870506564,3.0,3.7276102870506564
lothstrasse,lightgbm,summer_2024,47,1,6.073489477652659,2.0,4.073489477652659
lothstrasse,lightgbm,summer_2024,48,2,5.8582649188587865,3.0,2.8582649188587865
lothstrasse,lightgbm,summer_2024,49,2,5.5603918612141445,3.0,2.5603918612141445
lothstrasse,lightgbm,summer_2024,50,2,5.297596068590974,2.0,3.297596068590974
lothstrasse,lightgbm,summer_2024,51,2,5.222914265266041,2.0,3.2229142652660414
lothstrasse,lightgbm,summer_2024,52,2,5.035019139567511,2.0,3.0350191395675106
lothstrasse,lightgbm,summer_2024,53,2,4.497178385274471,1.0,3.497178385274471
lothstrasse,lightgbm,summer_2024,54,2,4.176844714908171,1.0,3.176844714908171
lothstrasse,lightgbm,summer_2024,55,2,3.881516484194397,1.0,2.881516484194397
lothstrasse,lightgbm,summer_2024,56,2,3.394364445987591,1.0,2.394364445987591
lothstrasse,lightgbm,summer_2024,57,2,2.970887162105486,1.0,1.9708871621054862
lothstrasse,lightgbm,summer_2024,58,2,2.8086314418513294,2.0,0.8086314418513294
lothstrasse,lightgbm,summer_2024,59,2,2.7293516775605267,2.0,0.7293516775605267
lothstrasse,lightgbm,summer_2024,60,2,2.7433928593935155,2.0,0.7433928593935155
lothstrasse,lightgbm,summer_2024,61,2,2.746930338895589,3.0,0.2530696611044112
lothstrasse,lightgbm,summer_2024,62,2,2.818356561736897,2.0,0.8183565617368971
lothstrasse,lightgbm,summer_2024,63,2,2.839661696600239,1.0,1.8396616966002388
lothstrasse,lightgbm,summer_2024,64,2,3.0409981744001326,1.0,2.0409981744001326
lothstrasse,lightgbm,summer_2024,65,2,3.1001160208556544,2.0,1.1001160208556544
lothstrasse,lightgbm,summer_2024,66,2,3.328918643676174,1.0,2.328918643676174
lothstrasse,lightgbm,summer_2024,67,2,3.506022821088254,2.0,1.506022821088254
lothstrasse,lightgbm,summer_2024,68,2,3.203155835676385,2.0,1.2031558356763852
lothstrasse,lightgbm,summer_2024,69,2,3.093637708831276,2.0,1.093637708831276
lothstrasse,lightgbm,summer_2024,70,2,2.587750367880514,1.0,1.5877503678805138
lothstrasse,lightgbm,summer_2024,71,2,2.560256546686065,1.0,1.5602565466860652
lothstrasse,lightgbm,summer_2024,72,3,2.7295832868831336,1.0,1.7295832868831336
lothstrasse,lightgbm,summer_2024,73,3,2.7844733024227226,1.0,1.7844733024227226
lothstrasse,lightgbm,summer_2024,74,3,2.6990272530510704,1.0,1.6990272530510704
lothstrasse,lightgbm,summer_2024,75,3,2.7090856135472827,2.0,0.7090856135472827
lothstrasse,lightgbm,summer_2024,76,3,2.752685849840263,2.0,0.7526858498402631
lothstrasse,lightgbm,summer_2024,77,3,2.7301461335576582,3.0,0.26985386644234177
lothstrasse,lightgbm,summer_2024,78,3,2.784917850030013,3.0,0.21508214996998687
lothstrasse,lightgbm,summer_2024,79,3,2.8987670771474217,5.0,2.1012329228525783
lothstrasse,lightgbm,summer_2024,80,3,2.860743744728576,5.0,2.139256255271424
lothstrasse,lightgbm,summer_2024,81,3,2.9819008399811087,6.0,3.0180991600188913
lothstrasse,lightgbm,summer_2024,82,3,3.072780036072827,7.0,3.927219963927173
lothstrasse,lightgbm,summer_2024,83,3,3.141791883455815,8.0,4.858208116544185
lothstrasse,lightgbm,summer_2024,84,3,3.4535021094792695,5.0,1.5464978905207305
lothstrasse,lightgbm,summer_2024,85,3,3.3723824524606587,3.0,0.3723824524606587
lothstrasse,lightgbm,summer_2024,86,3,3.5722954974161123,3.0,0.5722954974161123
lothstrasse,lightgbm,summer_2024,87,3,3.720863133127372,4.0,0.2791368668726282
lothstrasse,lightgbm,summer_2024,88,3,4.073563349102499,5.0,0.926436650897501
lothstrasse,lightgbm,summer_2024,89,3,4.316783191415954,5.0,0.6832168085840458
lothstrasse,lightgbm,summer_2024,90,3,4.612877968971215,3.0,1.6128779689712154
lothstrasse,lightgbm,summer_2024,91,3,4.73780728968791,3.0,1.7378072896879102
lothstrasse,lightgbm,summer_2024,92,3,4.5164027062131895,2.0,2.5164027062131895
lothstrasse,lightgbm,summer_2024,93,3,3.9579239474371155,2.0,1.9579239474371155
lothstrasse,lightgbm,summer_2024,94,3,3.688065063476806,2.0,1.688065063476806
lothstrasse,lightgbm,summer_2024,95,3,3.8331749393396306,3.0,0.8331749393396306
lothstrasse,lightgbm,summer_2024,96,4,3.881297650604303,3.0,0.8812976506043029
lothstrasse,lightgbm,summer_2024,97,4,3.9026879470996083,2.0,1.9026879470996083
lothstrasse,lightgbm,summer_2024,98,4,3.7471278628257187,2.0,1.7471278628257187
lothstrasse,lightgbm,summer_2024,99,4,3.7418035442700868,2.0,1.7418035442700868
lothstrasse,lightgbm,summer_2024,100,4,3.618121368181018,2.0,1.618121368181018
lothstrasse,lightgbm,summer_2024,101,4,3.2249708166096966,2.0,1.2249708166096966
lothstrasse,lightgbm,summer_2024,102,4,3.363170437871696,2.0,1.363170437871696
lothstrasse,lightgbm,summer_2024,103,4,3.2548589884307795,2.0,1.2548589884307795
lothstrasse,lightgbm,summer_2024,104,4,3.1727089386760294,2.0,1.1727089386760294
lothstrasse,lightgbm,summer_2024,105,4,3.221232970889027,2.0,1.221232970889027
lothstrasse,lightgbm,summer_2024,106,4,3.2628414766113307,2.0,1.2628414766113307
lothstrasse,lightgbm,summer_2024,107,4,3.335811463753832,3.0,0.33581146375383186
lothstrasse,lightgbm,summer_2024,108,4,3.437523433068496,5.0,1.5624765669315042
lothstrasse,lightgbm,summer_2024,109,4,3.5764290887774774,4.0,0.42357091122252255
lothstrasse,lightgbm,summer_2024,110,4,3.6319952943936893,5.0,1.3680047056063107
lothstrasse,lightgbm,summer_2024,111,4,3.916031964721076,6.0,2.083968035278924
lothstrasse,lightgbm,summer_2024,112,4,4.610938550510821,5.0,0.3890614494891791
lothstrasse,lightgbm,summer_2024,113,4,5.440480499924534,4.0,1.4404804999245338
lothstrasse,lightgbm,summer_2024,114,4,6.427295670469559,5.0,1.427295670469559
lothstrasse,lightgbm,summer_2024,115,4,7.532361769728999,7.0,0.5323617697289986
lothstrasse,lightgbm,summer_2024,116,4,7.940143899856555,5.0,2.9401438998565554
lothstrasse,lightgbm,summer_2024,117,4,7.952113664347961,7.0,0.9521136643479613
lothstrasse,lightgbm,summer_2024,118,4,7.724265550967764,5.0,2.724265550967764
lothstrasse,lightgbm,summer_2024,119,4,7.54466388898727,5.0,2.5446638889872704
lothstrasse,lightgbm,summer_2024,120,5,7.915150220621548,8.0,0.08484977937845173
lothstrasse,lightgbm,summer_2024,121,5,7.915310508902938,8.0,0.0846894910970617
lothstrasse,lightgbm,summer_2024,122,5,7.826714399806861,6.0,1.8267143998068613
lothstrasse,lightgbm,summer_2024,123,5,7.47044968168111,3.0,4.47044968168111
lothstrasse,lightgbm,summer_2024,124,5,7.168029146616702,3.0,4.168029146616702
lothstrasse,lightgbm,summer_2024,125,5,6.937785235996041,2.0,4.937785235996041
lothstrasse,lightgbm,summer_2024,126,5,6.235956548216744,3.0,3.235956548216744
lothstrasse,lightgbm,summer_2024,127,5,5.87207524261003,5.0,0.8720752426100304
lothstrasse,lightgbm,summer_2024,128,5,5.4510948745422825,6.0,0.5489051254577175
lothstrasse,lightgbm,summer_2024,129,5,5.832254907182049,6.0,0.1677450928179507
lothstrasse,lightgbm,summer_2024,130,5,5.967995672364423,6.0,0.032004327635577035
lothstrasse,lightgbm,summer_2024,131,5,5.724178188380973,6.0,0.27582181161902675
lothstrasse,lightgbm,summer_2024,132,5,5.85008545448068,8.0,2.1499145455193203
lothstrasse,lightgbm,summer_2024,133,5,6.216777735634918,8.0,1.7832222643650821
lothstrasse,lightgbm,summer_2024,134,5,6.835173698210346,8.0,1.1648263017896543
lothstrasse,lightgbm,summer_2024,135,5,7.846374319436345,7.0,0.8463743194363449
lothstrasse,lightgbm,summer_2024,136,5,10.464359254187308,7.0,3.4643592541873076
lothstrasse,lightgbm,summer_2024,137,5,9.730953943198854,6.0,3.7309539431988537
lothstrasse,lightgbm,summer_2024,138,5,8.970634896823675,6.0,2.9706348968236753
lothstrasse,lightgbm,summer_2024,139,5,7.5376662935209655,5.0,2.5376662935209655
lothstrasse,lightgbm,summer_2024,140,5,6.8151134515782195,5.0,1.8151134515782195
lothstrasse,lightgbm,summer_2024,141,5,6.478618282495366,4.0,2.4786182824953658
lothstrasse,lightgbm,summer_2024,142,5,6.2710470439487835,4.0,2.2710470439487835
lothstrasse,lightgbm,summer_2024,143,5,5.597631642605301,3.0,2.597631642605301
lothstrasse,lightgbm,summer_2024,144,6,4.820726421110806,1.0,3.8207264211108063
lothstrasse,lightgbm,summer_2024,145,6,4.094133406299159,1.0,3.094133406299159
lothstrasse,lightgbm,summer_2024,146,6,3.662868614102658,2.0,1.662868614102658
lothstrasse,lightgbm,summer_2024,147,6,4.164001121275229,2.0,2.164001121275229
lothstrasse,lightgbm,summer_2024,148,6,4.172802564354114,3.0,1.1728025643541136
lothstrasse,lightgbm,summer_2024,149,6,4.431252702127965,3.0,1.4312527021279653
lothstrasse,lightgbm,summer_2024,150,6,4.1951011020632185,3.0,1.1951011020632185
lothstrasse,lightgbm,summer_2024,151,6,4.055818559481295,2.0,2.0558185594812954
lothstrasse,lightgbm,summer_2024,152,6,3.9367665172305637,3.0,0.9367665172305637
lothstrasse,lightgbm,summer_2024,153,6,4.0345556986430955,2.0,2.0345556986430955
lothstrasse,lightgbm,summer_2024,154,6,4.3241593480310705,2.0,2.3241593480310705
lothstrasse,lightgbm,summer_2024,155,6,4.8572148368334815,3.0,1.8572148368334815
lothstrasse,lightgbm,summer_2024,156,6,5.129432702610662,3.0,2.1294327026106616
lothstrasse,lightgbm,summer_2024,157,6,5.507894151403441,2.0,3.507894151403441
lothstrasse,lightgbm,summer_2024,158,6,5.303769246651488,2.0,3.3037692466514876
lothstrasse,lightgbm,summer_2024,159,6,5.243269643688527,2.0,3.243269643688527
lothstrasse,lightgbm,summer_2024,160,6,5.782784996074987,5.0,0.7827849960749873
lothstrasse,lightgbm,summer_2024,161,6,5.651945305452144,4.0,1.651945305452144
lothstrasse,lightgbm,summer_2024,162,6,5.822889824993861,3.0,2.8228898249938608
lothstrasse,lightgbm,summer_2024,163,6,5.806410666685389,2.0,3.806410666685389
lothstrasse,lightgbm,summer_2024,164,6,5.820815191099361,2.0,3.820815191099361
lothstrasse,lightgbm,summer_2024,165,6,5.498608110467166,2.0,3.498608110467166
lothstrasse,lightgbm,summer_2024,166,6,5.536373867724744,2.0,3.536373867724744
lothstrasse,lightgbm,summer_2024,167,6,5.925028226470323,2.0,3.9250282264703227
lothstrasse,lightgbm,summer_2024,168,7,6.3239561997359335,3.0,3.3239561997359335
lothstrasse,lightgbm,summer_2024,169,7,7.084105918836301,3.0,4.084105918836301
lothstrasse,lightgbm,summer_2024,170,7,6.653198767105592,3.0,3.653198767105592
lothstrasse,lightgbm,summer_2024,171,7,6.754346605948578,4.0,2.7543466059485784
lothstrasse,lightgbm,summer_2024,172,7,6.526837387520914,5.0,1.5268373875209136
lothstrasse,lightgbm,summer_2024,173,7,6.7994166925987924,5.0,1.7994166925987924
lothstrasse,lightgbm,summer_2024,174,7,6.948125822535234,3.0,3.948125822535234
lothstrasse,lightgbm,summer_2024,175,7,6.93849603068357,4.0,2.93849603068357
lothstrasse,lightgbm,summer_2024,176,7,6.2548875325428615,3.0,3.2548875325428615
lothstrasse,lightgbm,summer_2024,177,7,5.582581352916966,2.0,3.582581352916966
lothstrasse,lightgbm,summer_2024,178,7,4.809938660180948,2.0,2.809938660180948
lothstrasse,lightgbm,summer_2024,179,7,4.19943424654449,2.0,2.19943424654449
lothstrasse,lightgbm,summer_2024,180,7,4.133367437797873,3.0,1.1333674377978733
lothstrasse,lightgbm,summer_2024,181,7,4.1658469957266,4.0,0.1658469957266
lothstrasse,lightgbm,summer_2024,182,7,4.254579540403455,6.0,1.745420459596545
lothstrasse,lightgbm,summer_2024,183,7,5.160428736937822,8.0,2.8395712630621777
lothstrasse,lightgbm,summer_2024,184,7,6.98801941156052,11.0,4.01198058843948
lothstrasse,lightgbm,summer_2024,185,7,7.597417880976242,8.0,0.40258211902375773
lothstrasse,lightgbm,summer_2024,186,7,7.912156611779205,8.0,0.0878433882207954
lothstrasse,lightgbm,summer_2024,187,7,8.22542622217247,8.0,0.22542622217246944
lothstrasse,lightgbm,summer_2024,188,7,9.33511694445772,7.0,2.3351169444577202
lothstrasse,lightgbm,summer_2024,189,7,9.736046963814097,5.0,4.736046963814097
lothstrasse,lightgbm,summer_2024,190,7,9.880176981214364,5.0,4.880176981214364
lothstrasse,lightgbm,summer_2024,191,7,10.290480334607532,5.0,5.2904803346075315
lothstrasse,lightgbm,summer_2024,192,8,10.322363942757258,7.0,3.322363942757258
lothstrasse,lightgbm,summer_2024,193,8,10.217785533067916,9.0,1.2177855330679161
lothstrasse,lightgbm,summer_2024,194,8,10.40687648589916,8.0,2.4068764858991596
lothstrasse,lightgbm,summer_2024,195,8,10.28106118614844,10.0,0.28106118614844
lothstrasse,lightgbm,summer_2024,196,8,10.34165516993935,9.0,1.3416551699393509
lothstrasse,lightgbm,summer_2024,197,8,9.659419090941336,7.0,2.659419090941336
lothstrasse,lightgbm,summer_2024,198,8,7.946677525313091,6.0,1.946677525313091
lothstrasse,lightgbm,summer_2024,199,8,6.267879097344028,5.0,1.2678790973440277
lothstrasse,lightgbm,summer_2024,200,8,5.924352108819064,5.0,0.9243521088190638
lothstrasse,lightgbm,summer_2024,201,8,6.213252607618462,7.0,0.786747392381538
lothstrasse,lightgbm,summer_2024,202,8,7.130715707689351,8.0,0.869284292310649
lothstrasse,lightgbm,summer_2024,203,8,6.895524770876971,6.0,0.8955247708769711
lothstrasse,lightgbm,summer_2024,204,8,6.758607726106602,5.0,1.758607726106602
lothstrasse,lightgbm,summer_2024,205,8,6.646530615213307,5.0,1.6465306152133072
lothstrasse,lightgbm,summer_2024,206,8,6.834775954502708,6.0,0.8347759545027076
lothstrasse,lightgbm,summer_2024,207,8,7.589757458872033,8.0,0.41024254112796665
lothstrasse,lightgbm,summer_2024,208,8,9.08657010925677,9.0,0.08657010925677078
lothstrasse,lightgbm,summer_2024,209,8,10.398888090789574,11.0,0.6011119092104256
lothstrasse,lightgbm,summer_2024,210,8,11.495717932320284,11.0,0.49571793232028405
lothstrasse,lightgbm,summer_2024,211,8,12.459304581025648,12.0,0.4593045810256484
lothstrasse,lightgbm,summer_2024,212,8,12.56191243408743,14.0,1.4380875659125696
lothstrasse,lightgbm,summer_2024,213,8,12.30198084266073,15.0,2.698019157339269
lothstrasse,lightgbm,summer_2024,214,8,13.58268629651487,14.0,0.41731370348512975
lothstrasse,lightgbm,summer_2024,215,8,16.478239496949936,15.0,1.4782394969499357
lothstrasse,lightgbm,summer_2024,216,9,16.697209680910365,17.0,0.3027903190896346
lothstrasse,lightgbm,summer_2024,217,9,16.203585166193353,16.0,0.20358516619335276
lothstrasse,lightgbm,summer_2024,218,9,15.449786211802538,13.0,2.4497862118025377
lothstrasse,lightgbm,summer_2024,219,9,16.453040438754027,13.0,3.4530404387540266
lothstrasse,lightgbm,summer_2024,220,9,15.298182314136866,12.0,3.2981823141368665
lothstrasse,lightgbm,summer_2024,221,9,13.916881582242652,8.0,5.916881582242652
lothstrasse,lightgbm,summer_2024,222,9,11.545427279537732,6.0,5.545427279537732
lothstrasse,lightgbm,summer_2024,223,9,10.208652636863945,5.0,5.208652636863945
lothstrasse,lightgbm,summer_2024,224,9,9.67166633350028,6.0,3.67166633350028
lothstrasse,lightgbm,summer_2024,225,9,10.374269804035519,8.0,2.374269804035519
lothstrasse,lightgbm,summer_2024,226,9,9.67413324606559,7.0,2.6741332460655904
lothstrasse,lightgbm,summer_2024,227,9,9.342117787765389,6.0,3.342117787765389
lothstrasse,lightgbm,summer_2024,228,9,8.371703297390026,6.0,2.3717032973900256
lothstrasse,lightgbm,summer_2024,229,9,8.61965838868408,6.0,2.61965838868408
lothstrasse,lightgbm,summer_2024,230,9,8.975288205237156,8.0,0.9752882052371561
lothstrasse,lightgbm,summer_2024,231,9,9.044193027534567,8.0,1.0441930275345666
lothstrasse,lightgbm,summer_2024,232,9,9.919962475726933,10.0,0.08003752427306665
lothstrasse,lightgbm,summer_2024,233,9,9.512789837267984,10.0,0.48721016273201556
lothstrasse,lightgbm,summer_2024,234,9,8.48234658289637,7.0,1.4823465828963691
lothstrasse,lightgbm,summer_2024,235,9,9.180909988503457,7.0,2.1809099885034566
lothstrasse,lightgbm,summer_2024,236,9,9.561469016147644,7.0,2.561469016147644
lothstrasse,lightgbm,summer_2024,237,9,9.389434936321496,7.0,2.3894349363214964
lothstrasse,lightgbm,summer_2024,238,9,8.647750512328189,7.0,1.647750512328189
lothstrasse,lightgbm,summer_2024,239,9,8.163223191628527,5.0,3.1632231916285267
lothstrasse,lightgbm,summer_2024,240,10,7.991921216566292,4.0,3.9919212165662916
lothstrasse,lightgbm,summer_2024,241,10,7.827466904454713,5.0,2.827466904454713
lothstrasse,lightgbm,summer_2024,242,10,7.20684609321822,5.0,2.2068460932182203
lothstrasse,lightgbm,summer_2024,243,10,7.157660493133475,4.0,3.1576604931334753
lothstrasse,lightgbm,summer_2024,244,10,7.346204676079655,5.0,2.3462046760796547
lothstrasse,lightgbm,summer_2024,245,10,7.570369859790441,8.0,0.42963014020955903
lothstrasse,lightgbm,summer_2024,246,10,7.222526721661372,10.0,2.7774732783386282
lothstrasse,lightgbm,summer_2024,247,10,7.120361406407331,7.0,0.12036140640733084
lothstrasse,lightgbm,summer_2024,248,10,7.8556237184135655,8.0,0.14437628158643445
lothstrasse,lightgbm,summer_2024,249,10,8.826900361092626,11.0,2.173099638907374
lothstrasse,lightgbm,summer_2024,250,10,9.246541814246655,9.0,0.24654181424665467
lothstrasse,lightgbm,summer_2024,251,10,9.617026473098356,11.0,1.3829735269016439
lothstrasse,lightgbm,summer_2024,252,10,9.240192914410379,12.0,2.759807085589621
lothstrasse,lightgbm,summer_2024,253,10,8.507754729782805,9.0,0.4922452702171949
lothstrasse,lightgbm,summer_2024,254,10,8.106499011913526,6.0,2.1064990119135256
lothstrasse,lightgbm,summer_2024,255,10,8.339226354555253,6.0,2.3392263545552527
lothstrasse,lightgbm,summer_2024,256,10,8.613219632442982,8.0,0.6132196324429824
lothstrasse,lightgbm,summer_2024,257,10,8.55406942175545,9.0,0.44593057824454974
lothstrasse,lightgbm,summer_2024,258,10,8.455720958859994,9.0,0.5442790411400065
lothstrasse,lightgbm,summer_2024,259,10,8.833108131973033,8.0,0.8331081319730327
lothstrasse,lightgbm,summer_2024,260,10,9.184619087700323,10.0,0.8153809122996769
lothstrasse,lightgbm,summer_2024,261,10,9.052694737741183,11.0,1.9473052622588174
lothstrasse,lightgbm,summer_2024,262,10,8.88032539705303,14.0,5.11967460294697
lothstrasse,lightgbm,summer_2024,263,10,7.831819014293661,13.0,5.168180985706339
lothstrasse,lightgbm,summer_2024,264,11,7.2655941445506125,12.0,4.7344058554493875
lothstrasse,lightgbm,summer_2024,265,11,7.652382425746845,12.0,4.347617574253155
lothstrasse,lightgbm,summer_2024,266,11,8.437598905926494,10.0,1.5624010940735058
lothstrasse,lightgbm,summer_2024,267,11,9.425994088475322,9.0,0.4259940884753224
lothstrasse,lightgbm,summer_2024,268,11,9.427122994919,9.0,0.4271229949189994
lothstrasse,lightgbm,summer_2024,269,11,8.475613230638412,8.0,0.47561323063841243
lothstrasse,lightgbm,summer_2024,270,11,7.380358481016747,6.0,1.3803584810167466
lothstrasse,lightgbm,summer_2024,271,11,6.834081584790098,6.0,0.8340815847900984
lothstrasse,lightgbm,summer_2024,272,11,7.138324973867902,7.0,0.13832497386790177
lothstrasse,lightgbm,summer_2024,273,11,7.2110424666874975,8.0,0.7889575333125025
lothstrasse,lightgbm,summer_2024,274,11,7.277046099494041,7.0,0.2770460994940409
lothstrasse,lightgbm,summer_2024,275,11,7.192039801046566,8.0,0.8079601989534337
lothstrasse,lightgbm,summer_2024,276,11,6.587013378500246,5.0,1.587013378500246
lothstrasse,lightgbm,summer_2024,277,11,6.233001763150194,4.0,2.2330017631501944
lothstrasse,lightgbm,summer_2024,278,11,6.376211649154584,5.0,1.376211649154584
lothstrasse,lightgbm,summer_2024,279,11,6.43447083581681,4.0,2.4344708358168097
lothstrasse,lightgbm,summer_2024,280,11,6.635058729757128,4.0,2.6350587297571284
lothstrasse,lightgbm,summer_2024,281,11,6.550371073765677,4.0,2.5503710737656773
lothstrasse,lightgbm,summer_2024,282,11,6.357916060814035,5.0,1.357916060814035
lothstrasse,lightgbm,summer_2024,283,11,6.544744070677185,5.0,1.5447440706771847
lothstrasse,lightgbm,summer_2024,284,11,6.120163415630567,4.0,2.120163415630567
lothstrasse,lightgbm,summer_2024,285,11,5.28311276802746,3.0,2.2831127680274603
lothstrasse,lightgbm,summer_2024,286,11,4.724052452069564,3.0,1.7240524520695644
lothstrasse,lightgbm,summer_2024,287,11,3.940568493610514,2.0,1.940568493610514
lothstrasse,lightgbm,summer_2024,288,12,3.6329337528302035,2.0,1.6329337528302035
lothstrasse,lightgbm,summer_2024,289,12,3.384053002766817,2.0,1.3840530027668172
lothstrasse,lightgbm,summer_2024,290,12,3.187444946501192,1.0,2.187444946501192
lothstrasse,lightgbm,summer_2024,291,12,3.0990050280438513,1.0,2.0990050280438513
lothstrasse,lightgbm,summer_2024,292,12,2.9354468052065465,1.0,1.9354468052065465
lothstrasse,lightgbm,summer_2024,293,12,3.1598396068890957,1.0,2.1598396068890957
lothstrasse,lightgbm,summer_2024,294,12,3.096812896481607,1.0,2.096812896481607
lothstrasse,lightgbm,summer_2024,295,12,2.653316389475386,1.0,1.653316389475386
lothstrasse,lightgbm,summer_2024,296,12,3.021589023624606,1.0,2.021589023624606
lothstrasse,lightgbm,summer_2024,297,12,3.1713767176438057,1.0,2.1713767176438057
lothstrasse,lightgbm,summer_2024,298,12,3.3914656446843385,1.0,2.3914656446843385
lothstrasse,lightgbm,summer_2024,299,12,3.5416471170410158,2.0,1.5416471170410158
lothstrasse,lightgbm,summer_2024,300,12,3.4974597347729968,1.0,2.4974597347729968
lothstrasse,lightgbm,summer_2024,301,12,3.508868662283608,1.0,2.508868662283608
lothstrasse,lightgbm,summer_2024,302,12,4.26938547065612,2.0,2.26938547065612
lothstrasse,lightgbm,summer_2024,303,12,4.514240655789893,2.0,2.5142406557898926
lothstrasse,lightgbm,summer_2024,304,12,4.764775980208589,3.0,1.7647759802085892
lothstrasse,lightgbm,summer_2024,305,12,5.104990237901755,3.0,2.104990237901755
lothstrasse,lightgbm,summer_2024,306,12,6.296065678144993,5.0,1.296065678144993
lothstrasse,lightgbm,summer_2024,307,12,7.309633795010916,5.0,2.3096337950109156
lothstrasse,lightgbm,summer_2024,308,12,7.09551556963871,4.0,3.09551556963871
lothstrasse,lightgbm,summer_2024,309,12,6.492850051252282,3.0,3.492850051252282
lothstrasse,lightgbm,summer_2024,310,12,6.240332217985541,2.0,4.240332217985541
lothstrasse,lightgbm,summer_2024,311,12,6.553432214860793,2.0,4.553432214860793
lothstrasse,lightgbm,summer_2024,312,13,6.872285154018102,3.0,3.872285154018102
lothstrasse,lightgbm,summer_2024,313,13,7.20611912378024,3.0,4.20611912378024
lothstrasse,lightgbm,summer_2024,314,13,7.503617329660502,3.0,4.503617329660502
lothstrasse,lightgbm,summer_2024,315,13,7.394989926756083,3.0,4.394989926756083
lothstrasse,lightgbm,summer_2024,316,13,7.428379031190679,4.0,3.428379031190679
lothstrasse,lightgbm,summer_2024,317,13,7.318040460773077,5.0,2.3180404607730773
lothstrasse,lightgbm,summer_2024,318,13,6.82446798313126,7.0,0.17553201686873976
lothstrasse,lightgbm,summer_2024,319,13,6.08331333838412,8.0,1.9166866616158797
lothstrasse,lightgbm,summer_2024,320,13,5.570573701850755,7.0,1.4294262981492452
lothstrasse,lightgbm,summer_2024,321,13,5.360872505685133,8.0,2.6391274943148666
lothstrasse,lightgbm,summer_2024,322,13,5.927398298206987,6.0,0.07260170179301273
lothstrasse,lightgbm,summer_2024,323,13,5.6843249934945055,4.0,1.6843249934945055
lothstrasse,lightgbm,summer_2024,324,13,5.6962849971695055,4.0,1.6962849971695055
lothstrasse,lightgbm,summer_2024,325,13,5.778793741006893,4.0,1.7787937410068926
lothstrasse,lightgbm,summer_2024,326,13,5.597384344617167,3.0,2.5973843446171667
lothstrasse,lightgbm,summer_2024,327,13,5.6772270251933925,3.0,2.6772270251933925
lothstrasse,lightgbm,summer_2024,328,13,5.689205074589279,3.0,2.689205074589279
lothstrasse,lightgbm,summer_2024,329,13,5.874177408481045,3.0,2.874177408481045
lothstrasse,lightgbm,summer_2024,330,13,6.102550628879069,4.0,2.1025506288790687
lothstrasse,lightgbm,summer_2024,331,13,6.400532799918481,4.0,2.400532799918481
lothstrasse,lightgbm,summer_2024,332,13,7.160836942526336,5.0,2.160836942526336
lothstrasse,lightgbm,summer_2024,333,13,7.057808860687295,4.0,3.0578088606872953
lothstrasse,lightgbm,summer_2024,334,13,6.4151867335653066,4.0,2.4151867335653066
lothstrasse,lightgbm,summer_2024,335,13,6.529952442851389,5.0,1.529952442851389
lothstrasse,lightgbm,summer_2024,336,14,6.558127785151883,3.0,3.558127785151883
lothstrasse,lightgbm,summer_2024,337,14,6.517302262631635,2.0,4.517302262631635
lothstrasse,lightgbm,summer_2024,338,14,6.784370115421005,3.0,3.784370115421005
lothstrasse,lightgbm,summer_2024,339,14,6.698989333966914,3.0,3.6989893339669138
lothstrasse,lightgbm,summer_2024,340,14,6.8811606198284325,2.0,4.8811606198284325
lothstrasse,lightgbm,summer_2024,341,14,6.795178550628168,2.0,4.795178550628168
lothstrasse,lightgbm,summer_2024,342,14,6.118008029402787,3.0,3.1180080294027874
lothstrasse,lightgbm,summer_2024,343,14,4.990865386271693,2.0,2.990865386271693
lothstrasse,lightgbm,summer_2024,344,14,5.453282094074881,3.0,2.453282094074881
lothstrasse,lightgbm,summer_2024,345,14,6.067030581734279,4.0,2.0670305817342793
lothstrasse,lightgbm,summer_2024,346,14,6.301479702070621,6.0,0.3014797020706208
lothstrasse,lightgbm,summer_2024,347,14,6.8233185624574135,6.0,0.8233185624574135
lothstrasse,lightgbm,summer_2024,348,14,6.54695938370959,6.0,0.5469593837095896
lothstrasse,lightgbm,summer_2024,349,14,7.051360679980482,7.0,0.05136067998048244
lothstrasse,lightgbm,summer_2024,350,14,7.4240205014872735,6.0,1.4240205014872735
lothstrasse,lightgbm,summer_2024,351,14,8.144499449883346,6.0,2.1444994498833463
lothstrasse,lightgbm,summer_2024,352,14,9.882622403324362,8.0,1.882622403324362
lothstrasse,lightgbm,summer_2024,353,14,10.785135234324763,11.0,0.21486476567523738
lothstrasse,lightgbm,summer_2024,354,14,10.679009376339133,11.0,0.32099062366086706
lothstrasse,lightgbm,summer_2024,355,14,11.056391112181414,11.0,0.056391112181414016
lothstrasse,lightgbm,summer_2024,356,14,11.772548707874659,11.0,0.7725487078746589
lothstrasse,lightgbm,summer_2024,357,14,12.287314627928758,11.0,1.2873146279287582
lothstrasse,lightgbm,summer_2024,358,14,11.81428688243879,11.0,0.8142868824387897
lothstrasse,lightgbm,summer_2024,359,14,10.198893516802928,9.0,1.1988935168029276
lothstrasse,lightgbm,summer_2024,360,15,8.863602051899202,7.0,1.8636020518992016
lothstrasse,lightgbm,summer_2024,361,15,8.024234921832974,6.0,2.0242349218329743
lothstrasse,lightgbm,summer_2024,362,15,7.285612524289978,6.0,1.285612524289978
lothstrasse,lightgbm,summer_2024,363,15,7.446687586294258,6.0,1.4466875862942583
lothstrasse,lightgbm,summer_2024,364,15,7.658364637554648,6.0,1.658364637554648
lothstrasse,lightgbm,summer_2024,365,15,7.410774403248547,5.0,2.4107744032485474
lothstrasse,lightgbm,summer_2024,366,15,7.409354485107705,4.0,3.4093544851077047
lothstrasse,lightgbm,summer_2024,367,15,6.983432697924945,4.0,2.983432697924945
lothstrasse,lightgbm,summer_2024,368,15,6.452691987630902,3.0,3.452691987630902
lothstrasse,lightgbm,summer_2024,369,15,6.63972984272141,4.0,2.63972984272141
lothstrasse,lightgbm,summer_2024,370,15,6.739496629384509,4.0,2.739496629384509
lothstrasse,lightgbm,summer_2024,371,15,6.641848505712522,4.0,2.641848505712522
lothstrasse,lightgbm,summer_2024,372,15,6.588915555782093,4.0,2.5889155557820933
lothstrasse,lightgbm,summer_2024,373,15,6.393187207998224,5.0,1.3931872079982242
lothstrasse,lightgbm,summer_2024,374,15,6.434063719343056,5.0,1.4340637193430563
lothstrasse,lightgbm,summer_2024,375,15,6.410167434095381,3.0,3.4101674340953814
lothstrasse,lightgbm,summer_2024,376,15,6.946696533284029,4.0,2.9466965332840287
lothstrasse,lightgbm,summer_2024,377,15,6.808227749183347,5.0,1.808227749183347
lothstrasse,lightgbm,summer_2024,378,15,6.9751071195506595,5.0,1.9751071195506595
lothstrasse,lightgbm,summer_2024,379,15,7.290525025675581,5.0,2.2905250256755814
lothstrasse,lightgbm,summer_2024,380,15,7.741349122432422,5.0,2.741349122432422
lothstrasse,lightgbm,summer_2024,381,15,7.820862763265398,6.0,1.8208627632653984
lothstrasse,lightgbm,summer_2024,382,15,7.203720950460606,5.0,2.203720950460606
lothstrasse,lightgbm,summer_2024,383,15,6.009038871058111,4.0,2.0090388710581113
lothstrasse,lightgbm,summer_2024,384,16,5.324689590705997,3.0,2.3246895907059972
lothstrasse,lightgbm,summer_2024,385,16,5.789567616481677,3.0,2.789567616481677
lothstrasse,lightgbm,summer_2024,386,16,6.0661054901901075,2.0,4.0661054901901075
lothstrasse,lightgbm,summer_2024,387,16,5.545159744344791,2.0,3.545159744344791
lothstrasse,lightgbm,summer_2024,388,16,5.467696472114024,2.0,3.4676964721140244
lothstrasse,lightgbm,summer_2024,389,16,5.439495539080403,3.0,2.4394955390804034
lothstrasse,lightgbm,summer_2024,390,16,5.199435930649026,4.0,1.1994359306490257
lothstrasse,lightgbm,summer_2024,391,16,5.577752051287465,5.0,0.5777520512874652
lothstrasse,lightgbm,summer_2024,392,16,5.679791211779455,5.0,0.6797912117794551
lothstrasse,lightgbm,summer_2024,393,16,5.750610939274785,6.0,0.24938906072521494
lothstrasse,lightgbm,summer_2024,394,16,5.558171896945441,5.0,0.5581718969454412
lothstrasse,lightgbm,summer_2024,395,16,5.601399787220095,4.0,1.6013997872200951
lothstrasse,lightgbm,summer_2024,396,16,5.7828685515427285,2.0,3.7828685515427285
lothstrasse,lightgbm,summer_2024,397,16,5.888541378331748,2.0,3.888541378331748
lothstrasse,lightgbm,summer_2024,398,16,6.083417836020898,3.0,3.0834178360208977
lothstrasse,lightgbm,summer_2024,399,16,6.304106175820343,4.0,2.304106175820343
lothstrasse,lightgbm,summer_2024,400,16,7.181314317581815,4.0,3.1813143175818146
lothstrasse,lightgbm,summer_2024,401,16,7.595192377327384,4.0,3.5951923773273844
lothstrasse,lightgbm,summer_2024,402,16,7.7566523615741785,5.0,2.7566523615741785
lothstrasse,lightgbm,summer_2024,403,16,8.068778820910083,5.0,3.068778820910083
lothstrasse,lightgbm,summer_2024,404,16,8.097689962503729,6.0,2.097689962503729
lothstrasse,lightgbm,summer_2024,405,16,8.234067304002522,6.0,2.2340673040025223
lothstrasse,lightgbm,summer_2024,406,16,8.306052777459403,5.0,3.306052777459403
lothstrasse,lightgbm,summer_2024,407,16,8.332588825535394,5.0,3.332588825535394
lothstrasse,lightgbm,summer_2024,408,17,8.528130249798123,5.0,3.5281302497981226
lothstrasse,lightgbm,summer_2024,409,17,9.167969239159122,6.0,3.167969239159122
lothstrasse,lightgbm,summer_2024,410,17,9.48237898317494,6.0,3.4823789831749394
lothstrasse,lightgbm,summer_2024,411,17,9.41123667031815,6.0,3.41123667031815
lothstrasse,lightgbm,summer_2024,412,17,9.408876714773191,5.0,4.408876714773191
lothstrasse,lightgbm,summer_2024,413,17,9.505000446437714,4.0,5.505000446437714
lothstrasse,lightgbm,summer_2024,414,17,8.294957950894235,4.0,4.294957950894235
lothstrasse,lightgbm,summer_2024,415,17,7.419153656207364,5.0,2.4191536562073637
lothstrasse,lightgbm,summer_2024,416,17,7.064587292096092,5.25,1.8145872920960917
lothstrasse,lightgbm,summer_2024,417,17,6.796867857527433,5.5,1.2968678575274328
lothstrasse,lightgbm,summer_2024,418,17,7.122000531115715,5.75,1.3720005311157148
lothstrasse,lightgbm,summer_2024,419,17,7.007644940433518,6.0,1.0076449404335177
lothstrasse,lightgbm,summer_2024,420,17,6.821472897921525,6.0,0.8214728979215247
lothstrasse,lightgbm,summer_2024,421,17,6.890841894510116,6.0,0.8908418945101158
lothstrasse,lightgbm,summer_2024,422,17,6.984580559436344,6.0,0.9845805594363437
lothstrasse,lightgbm,summer_2024,423,17,7.688955543011861,8.0,0.31104445698813876
lothstrasse,lightgbm,summer_2024,424,17,8.643825747724337,9.0,0.3561742522756628
lothstrasse,lightgbm,summer_2024,425,17,9.395255596185534,7.0,2.3952555961855335
lothstrasse,lightgbm,summer_2024,426,17,9.435704473216017,5.0,4.435704473216017
lothstrasse,lightgbm,summer_2024,427,17,10.15958751715106,4.0,6.15958751715106
lothstrasse,lightgbm,summer_2024,428,17,10.88904851333625,5.0,5.889048513336251
lothstrasse,lightgbm,summer_2024,429,17,10.691078954871857,6.0,4.691078954871857
lothstrasse,lightgbm,summer_2024,430,17,11.051349626837219,11.0,0.051349626837218665
lothstrasse,lightgbm,summer_2024,431,17,11.330379309051045,8.0,3.330379309051045
lothstrasse,lightgbm,summer_2024,432,18,11.333412566550786,7.0,4.333412566550786
lothstrasse,lightgbm,summer_2024,433,18,11.868576503534673,12.0,0.13142349646532736
lothstrasse,lightgbm,summer_2024,434,18,12.215304097830067,11.0,1.2153040978300673
lothstrasse,lightgbm,summer_2024,435,18,12.858658472685306,10.0,2.858658472685306
lothstrasse,lightgbm,summer_2024,436,18,13.448553632681973,10.0,3.448553632681973
lothstrasse,lightgbm,summer_2024,437,18,14.851704652944196,11.0,3.8517046529441963
lothstrasse,lightgbm,summer_2024,438,18,15.541567205006576,11.0,4.541567205006576
lothstrasse,lightgbm,summer_2024,439,18,14.484048991340092,11.0,3.4840489913400923
lothstrasse,lightgbm,summer_2024,440,18,13.430101637059362,10.0,3.430101637059362
lothstrasse,lightgbm,summer_2024,441,18,12.63976348926676,11.0,1.6397634892667607
lothstrasse,lightgbm,summer_2024,442,18,11.494870687833666,9.0,2.494870687833666
lothstrasse,lightgbm,summer_2024,443,18,10.800588065182398,9.0,1.8005880651823976
lothstrasse,lightgbm,summer_2024,444,18,10.792951867845664,11.0,0.20704813215433582
lothstrasse,lightgbm,summer_2024,445,18,10.824441886432126,9.0,1.8244418864321261
lothstrasse,lightgbm,summer_2024,446,18,10.285343580023214,8.0,2.2853435800232145
lothstrasse,lightgbm,summer_2024,447,18,10.369848449487252,9.0,1.369848449487252
lothstrasse,lightgbm,summer_2024,448,18,11.177730108818364,12.0,0.8222698911816355
lothstrasse,lightgbm,summer_2024,449,18,12.0563862175904,13.0,0.9436137824095994
lothstrasse,lightgbm,summer_2024,450,18,12.469392142220627,10.0,2.4693921422206273
lothstrasse,lightgbm,summer_2024,451,18,12.689894813237709,8.0,4.689894813237709
lothstrasse,lightgbm,summer_2024,452,18,13.26631743810065,8.0,5.26631743810065
lothstrasse,lightgbm,summer_2024,453,18,14.647702885838669,10.0,4.647702885838669
lothstrasse,lightgbm,summer_2024,454,18,14.655526904426422,11.0,3.655526904426422
lothstrasse,lightgbm,summer_2024,455,18,11.968245453249864,8.0,3.968245453249864
lothstrasse,lightgbm,summer_2024,456,19,10.548517919921942,8.0,2.5485179199219417
lothstrasse,lightgbm,summer_2024,457,19,10.02148382438723,9.0,1.0214838243872304
lothstrasse,lightgbm,summer_2024,458,19,10.684839936619731,8.0,2.6848399366197313
lothstrasse,lightgbm,summer_2024,459,19,10.550917316943737,8.0,2.550917316943737
lothstrasse,lightgbm,summer_2024,460,19,10.32595709817392,10.0,0.3259570981739195
lothstrasse,lightgbm,summer_2024,461,19,10.403389234518604,11.0,0.5966107654813957
lothstrasse,lightgbm,summer_2024,462,19,10.263196610398616,11.0,0.7368033896013841
lothstrasse,lightgbm,summer_2024,463,19,9.981654052728752,9.0,0.9816540527287518
lothstrasse,lightgbm,summer_2024,464,19,9.970411513333291,10.0,0.029588486666709102
lothstrasse,lightgbm,summer_2024,465,19,10.225391118698848,11.0,0.7746088813011518
lothstrasse,lightgbm,summer_2024,466,19,10.161362088581305,11.0,0.8386379114186955
lothstrasse,lightgbm,summer_2024,467,19,10.092569107776024,12.0,1.9074308922239762
lothstrasse,lightgbm,summer_2024,468,19,9.986326377160287,12.0,2.013673622839713
lothstrasse,lightgbm,summer_2024,469,19,9.99462102436401,12.0,2.00537897563599
lothstrasse,lightgbm,summer_2024,470,19,11.580246456491157,14.0,2.4197535435088433
lothstrasse,lightgbm,summer_2024,471,19,12.320569399177828,13.0,0.6794306008221724
lothstrasse,lightgbm,summer_2024,472,19,11.615604412774937,10.0,1.6156044127749372
lothstrasse,lightgbm,summer_2024,473,19,12.155891901962292,9.0,3.155891901962292
lothstrasse,lightgbm,summer_2024,474,19,12.734071325062587,10.0,2.7340713250625868
lothstrasse,lightgbm,summer_2024,475,19,13.37285515201802,7.0,6.372855152018021
lothstrasse,lightgbm,summer_2024,476,19,14.246608317926803,6.0,8.246608317926803
lothstrasse,lightgbm,summer_2024,477,19,14.251527979760334,5.0,9.251527979760334
lothstrasse,lightgbm,summer_2024,478,19,14.709541874134098,6.0,8.709541874134098
lothstrasse,lightgbm,summer_2024,479,19,15.10689241634319,7.0,8.10689241634319
lothstrasse,lightgbm,summer_2024,480,20,15.15808343413011,6.0,9.15808343413011
lothstrasse,lightgbm,summer_2024,481,20,15.2037136001321,6.0,9.2037136001321
lothstrasse,lightgbm,summer_2024,482,20,15.873458103589362,8.0,7.873458103589362
lothstrasse,lightgbm,summer_2024,483,20,15.861805371723205,10.0,5.8618053717232055
lothstrasse,lightgbm,summer_2024,484,20,15.056371590951821,9.0,6.056371590951821
lothstrasse,lightgbm,summer_2024,485,20,13.873571463371304,6.0,7.873571463371304
lothstrasse,lightgbm,summer_2024,486,20,12.20581040614416,5.0,7.20581040614416
lothstrasse,lightgbm,summer_2024,487,20,10.364069336585397,4.0,6.364069336585397
lothstrasse,lightgbm,summer_2024,488,20,10.353486598423043,6.0,4.353486598423043
lothstrasse,lightgbm,summer_2024,489,20,11.407098552437814,10.0,1.4070985524378141
lothstrasse,lightgbm,summer_2024,490,20,12.55608758735467,12.0,0.5560875873546696
lothstrasse,lightgbm,summer_2024,491,20,12.552924039353138,10.0,2.5529240393531385
lothstrasse,lightgbm,summer_2024,492,20,12.1385057113863,9.0,3.1385057113862995
lothstrasse,lightgbm,summer_2024,493,20,12.031297720464368,9.0,3.0312977204643676
lothstrasse,lightgbm,summer_2024,494,20,12.387015590552284,9.0,3.3870155905522843
lothstrasse,lightgbm,summer_2024,495,20,12.157960104812824,9.0,3.1579601048128243
lothstrasse,lightgbm,summer_2024,496,20,12.865729027945758,10.0,2.8657290279457577
lothstrasse,lightgbm,summer_2024,497,20,12.091503305331988,10.0,2.0915033053319885
lothstrasse,lightgbm,summer_2024,498,20,8.959207599188062,4.0,4.959207599188062
lothstrasse,lightgbm,summer_2024,499,20,8.38255905192353,7.0,1.3825590519235291
lothstrasse,lightgbm,summer_2024,500,20,8.32465772257176,8.0,0.32465772257176084
lothstrasse,lightgbm,summer_2024,501,20,7.240329717815516,7.0,0.24032971781551637
lothstrasse,lightgbm,summer_2024,502,20,6.205486804180165,4.0,2.2054868041801647
lothstrasse,lightgbm,summer_2024,503,20,5.7513475295092205,4.0,1.7513475295092205
lothstrasse,lightgbm,summer_2024,504,21,4.948106796377169,2.0,2.9481067963771688
lothstrasse,lightgbm,summer_2024,505,21,3.9795329817492866,1.0,2.9795329817492866
lothstrasse,lightgbm,summer_2024,506,21,3.2402367412347477,0.8,2.440236741234748
lothstrasse,lightgbm,summer_2024,507,21,2.9646147044824716,0.8,2.1646147044824717
lothstrasse,lightgbm,summer_2024,508,21,2.7368190271580386,1.0,1.7368190271580386
lothstrasse,lightgbm,summer_2024,509,21,2.9780790471494663,2.0,0.9780790471494663
lothstrasse,lightgbm,summer_2024,510,21,3.15606417428085,2.0,1.15606417428085
lothstrasse,lightgbm,summer_2024,511,21,3.4308705826091255,2.0,1.4308705826091255
lothstrasse,lightgbm,summer_2024,512,21,3.8576274162020674,3.0,0.8576274162020674
lothstrasse,lightgbm,summer_2024,513,21,4.527566551934282,4.0,0.5275665519342816
lothstrasse,lightgbm,summer_2024,514,21,5.422747142702016,5.0,0.42274714270201574
lothstrasse,lightgbm,summer_2024,515,21,6.294459092309714,7.0,0.7055409076902857
lothstrasse,lightgbm,summer_2024,516,21,6.970360503192814,7.0,0.029639496807186028
lothstrasse,lightgbm,summer_2024,517,21,6.964530694672425,8.0,1.0354693053275748
lothstrasse,lightgbm,summer_2024,518,21,7.240314294060329,9.0,1.7596857059396713
lothstrasse,lightgbm,summer_2024,519,21,7.579714009925676,10.0,2.4202859900743237
lothstrasse,lightgbm,summer_2024,520,21,8.158268306893557,11.0,2.8417316931064427
lothstrasse,lightgbm,summer_2024,521,21,8.454566297645485,8.0,0.45456629764548495
lothstrasse,lightgbm,summer_2024,522,21,8.900463141062822,9.0,0.0995368589371779
lothstrasse,lightgbm,summer_2024,523,21,8.616394629957739,9.0,0.38360537004226103
lothstrasse,lightgbm,summer_2024,524,21,8.34971867061115,10.0,1.65028132938885
lothstrasse,lightgbm,summer_2024,525,21,6.549478126829195,5.0,1.5494781268291948
lothstrasse,lightgbm,summer_2024,526,21,6.088532948936629,4.0,2.0885329489366287
lothstrasse,lightgbm,summer_2024,527,21,5.7272466425583755,3.0,2.7272466425583755
lothstrasse,lightgbm,summer_2024,528,22,6.093754865839976,2.0,4.093754865839976
lothstrasse,lightgbm,summer_2024,529,22,5.757666243854068,1.0,4.757666243854068
lothstrasse,lightgbm,summer_2024,530,22,5.245380139638063,1.0,4.245380139638063
lothstrasse,lightgbm,summer_2024,531,22,5.630528254161407,2.0,3.6305282541614066
lothstrasse,lightgbm,summer_2024,532,22,5.885455888755225,2.0,3.8854558887552253
lothstrasse,lightgbm,summer_2024,533,22,5.73832983854886,1.0,4.73832983854886
lothstrasse,lightgbm,summer_2024,534,22,5.738523007779502,2.0,3.738523007779502
lothstrasse,lightgbm,summer_2024,535,22,6.630802846008291,4.0,2.630802846008291
lothstrasse,lightgbm,summer_2024,536,22,6.58014670838018,3.0,3.5801467083801803
lothstrasse,lightgbm,summer_2024,537,22,5.945924258230566,2.0,3.9459242582305656
lothstrasse,lightgbm,summer_2024,538,22,5.5044937820998046,2.0,3.5044937820998046
lothstrasse,lightgbm,summer_2024,539,22,5.551110358780381,2.0,3.551110358780381
lothstrasse,lightgbm,summer_2024,540,22,5.634239690729822,2.0,3.634239690729822
lothstrasse,lightgbm,summer_2024,541,22,5.684589743038058,3.0,2.6845897430380576
lothstrasse,lightgbm,summer_2024,542,22,5.672122875141423,3.0,2.672122875141423
lothstrasse,lightgbm,summer_2024,543,22,5.721982915102816,3.0,2.7219829151028163
lothstrasse,lightgbm,summer_2024,544,22,6.059184984709763,4.0,2.0591849847097627
lothstrasse,lightgbm,summer_2024,545,22,5.904768080296753,2.0,3.904768080296753
lothstrasse,lightgbm,summer_2024,546,22,6.421308932880869,2.0,4.421308932880869
lothstrasse,lightgbm,summer_2024,547,22,6.88159000485832,3.0,3.88159000485832
lothstrasse,lightgbm,summer_2024,548,22,5.595832885516557,0.8,4.795832885516557
lothstrasse,lightgbm,summer_2024,549,22,5.264179717333764,1.0,4.264179717333764
lothstrasse,lightgbm,summer_2024,550,22,5.434993252128739,3.0,2.4349932521287387
lothstrasse,lightgbm,summer_2024,551,22,5.328055807845413,4.0,1.3280558078454128
lothstrasse,lightgbm,summer_2024,552,23,5.6877831769728635,3.0,2.6877831769728635
lothstrasse,lightgbm,summer_2024,553,23,5.195897935761216,1.0,4.195897935761216
lothstrasse,lightgbm,summer_2024,554,23,5.207522952576159,2.0,3.2075229525761593
lothstrasse,lightgbm,summer_2024,555,23,5.453254934349427,3.0,2.4532549343494274
lothstrasse,lightgbm,summer_2024,556,23,5.635493694714259,2.0,3.635493694714259
lothstrasse,lightgbm,summer_2024,557,23,5.93301628488084,3.0,2.93301628488084
lothstrasse,lightgbm,summer_2024,558,23,5.933904981478895,4.0,1.9339049814788947
lothstrasse,lightgbm,summer_2024,559,23,5.307622299124351,3.0,2.3076222991243514
lothstrasse,lightgbm,summer_2024,560,23,5.399849724107672,2.0,3.399849724107672
lothstrasse,lightgbm,summer_2024,561,23,5.587748449803399,3.0,2.5877484498033994
lothstrasse,lightgbm,summer_2024,562,23,5.442635945134164,3.0,2.442635945134164
lothstrasse,lightgbm,summer_2024,563,23,5.172836247266892,3.0,2.1728362472668916
lothstrasse,lightgbm,summer_2024,564,23,5.276469115547456,4.0,1.2764691155474557
lothstrasse,lightgbm,summer_2024,565,23,5.22407851922641,5.0,0.22407851922640987
lothstrasse,lightgbm,summer_2024,566,23,5.226266247595278,5.0,0.22626624759527836
lothstrasse,lightgbm,summer_2024,567,23,5.3967926162109565,5.0,0.3967926162109565
lothstrasse,lightgbm,summer_2024,568,23,5.811608675593874,7.0,1.1883913244061262
lothstrasse,lightgbm,summer_2024,569,23,5.9757114353974865,8.0,2.0242885646025135
lothstrasse,lightgbm,summer_2024,570,23,5.928965009884931,8.0,2.071034990115069
lothstrasse,lightgbm,summer_2024,571,23,6.134059424842509,7.0,0.8659405751574907
lothstrasse,lightgbm,summer_2024,572,23,6.157316051546352,9.0,2.842683948453648
lothstrasse,lightgbm,summer_2024,573,23,6.053721690413008,8.0,1.946278309586992
lothstrasse,lightgbm,summer_2024,574,23,5.976534836135237,7.0,1.0234651638647634
lothstrasse,lightgbm,summer_2024,575,23,5.977307625699291,6.0,0.022692374300708806
lothstrasse,lightgbm,summer_2024,576,24,6.410387061525087,4.0,2.4103870615250873
lothstrasse,lightgbm,summer_2024,577,24,7.018587349455797,4.0,3.018587349455797
lothstrasse,lightgbm,summer_2024,578,24,6.83866160858549,5.0,1.8386616085854897
lothstrasse,lightgbm,summer_2024,579,24,7.067555210665426,6.0,1.067555210665426
lothstrasse,lightgbm,summer_2024,580,24,7.358677841474527,6.0,1.3586778414745266
lothstrasse,lightgbm,summer_2024,581,24,7.467951699928654,4.0,3.467951699928654
lothstrasse,lightgbm,summer_2024,582,24,7.031307554707952,3.0,4.031307554707952
lothstrasse,lightgbm,summer_2024,583,24,6.261110898952343,4.0,2.261110898952343
lothstrasse,lightgbm,summer_2024,584,24,6.421439470746795,4.0,2.4214394707467948
lothstrasse,lightgbm,summer_2024,585,24,6.663621874558272,6.0,0.663621874558272
lothstrasse,lightgbm,summer_2024,586,24,6.507558065813004,4.0,2.5075580658130043
lothstrasse,lightgbm,summer_2024,587,24,6.229738717652193,2.0,4.229738717652193
lothstrasse,lightgbm,summer_2024,588,24,6.457563668645505,4.0,2.4575636686455047
lothstrasse,lightgbm,summer_2024,589,24,6.376124308953292,4.0,2.376124308953292
lothstrasse,lightgbm,summer_2024,590,24,6.332918888228532,3.0,3.332918888228532
lothstrasse,lightgbm,summer_2024,591,24,6.510641800628038,3.0,3.510641800628038
lothstrasse,lightgbm,summer_2024,592,24,6.9274848086756915,5.0,1.9274848086756915
lothstrasse,lightgbm,summer_2024,593,24,7.531505405562342,7.0,0.531505405562342
lothstrasse,lightgbm,summer_2024,594,24,8.252946174359986,5.0,3.2529461743599857
lothstrasse,lightgbm,summer_2024,595,24,9.73795275527636,5.0,4.7379527552763605
lothstrasse,lightgbm,summer_2024,596,24,9.892469291079609,5.0,4.892469291079609
lothstrasse,lightgbm,summer_2024,597,24,9.547412103719452,4.0,5.547412103719452
lothstrasse,lightgbm,summer_2024,598,24,8.73428176012674,4.0,4.7342817601267395
lothstrasse,lightgbm,summer_2024,599,24,8.473530772709616,3.0,5.473530772709616
lothstrasse,lightgbm,summer_2024,600,25,8.55306722468159,5.0,3.5530672246815893
lothstrasse,lightgbm,summer_2024,601,25,9.070855682493375,7.0,2.0708556824933755
lothstrasse,lightgbm,summer_2024,602,25,9.665893136191146,10.0,0.334106863808854
lothstrasse,lightgbm,summer_2024,603,25,9.705192954516667,9.0,0.7051929545166669
lothstrasse,lightgbm,summer_2024,604,25,10.180600835976968,8.0,2.1806008359769677
lothstrasse,lightgbm,summer_2024,605,25,9.669512822904837,7.0,2.669512822904837
lothstrasse,lightgbm,summer_2024,606,25,9.354349892181391,7.0,2.354349892181391
lothstrasse,lightgbm,summer_2024,607,25,7.512660102832396,6.0,1.5126601028323963
lothstrasse,lightgbm,summer_2024,608,25,7.319790415576558,8.0,0.6802095844234417
lothstrasse,lightgbm,summer_2024,609,25,7.523730516446266,9.0,1.4762694835537342
lothstrasse,lightgbm,summer_2024,610,25,7.640390338222469,8.0,0.3596096617775313
lothstrasse,lightgbm,summer_2024,611,25,7.534267227367665,7.0,0.534267227367665
lothstrasse,lightgbm,summer_2024,612,25,7.4842440193747155,8.0,0.5157559806252845
lothstrasse,lightgbm,summer_2024,613,25,7.5887707253456815,8.0,0.41122927465431847
lothstrasse,lightgbm,summer_2024,614,25,8.005878011644327,9.0,0.9941219883556727
lothstrasse,lightgbm,summer_2024,615,25,8.550923955004366,9.0,0.4490760449956337
lothstrasse,lightgbm,summer_2024,616,25,9.365089121525177,8.0,1.3650891215251768
lothstrasse,lightgbm,summer_2024,617,25,9.590433813733119,10.0,0.4095661862668809
lothstrasse,lightgbm,summer_2024,618,25,9.722324741325465,10.0,0.2776752586745346
lothstrasse,lightgbm,summer_2024,619,25,10.602355737401417,9.0,1.6023557374014175
lothstrasse,lightgbm,summer_2024,620,25,10.786592420115168,11.0,0.21340757988483183
lothstrasse,lightgbm,summer_2024,621,25,11.047227286715412,12.0,0.9527727132845882
lothstrasse,lightgbm,summer_2024,622,25,11.544080303166664,11.0,0.5440803031666643
lothstrasse,lightgbm,summer_2024,623,25,11.772912278825753,8.0,3.7729122788257534
lothstrasse,lightgbm,summer_2024,624,26,12.646829150437325,6.0,6.646829150437325
lothstrasse,lightgbm,summer_2024,625,26,13.166976380363476,5.0,8.166976380363476
lothstrasse,lightgbm,summer_2024,626,26,13.582306467257391,4.0,9.582306467257391
lothstrasse,lightgbm,summer_2024,627,26,14.457409322045145,5.0,9.457409322045145
lothstrasse,lightgbm,summer_2024,628,26,15.349094637496245,5.0,10.349094637496245
lothstrasse,lightgbm,summer_2024,629,26,15.483660513325159,6.0,9.483660513325159
lothstrasse,lightgbm,summer_2024,630,26,14.04883462444866,6.0,8.04883462444866
lothstrasse,lightgbm,summer_2024,631,26,10.985430984472213,5.0,5.985430984472213
lothstrasse,lightgbm,summer_2024,632,26,10.567252620592194,6.0,4.567252620592194
lothstrasse,lightgbm,summer_2024,633,26,10.002546755865735,8.0,2.002546755865735
lothstrasse,lightgbm,summer_2024,634,26,10.137482640292678,9.0,1.1374826402926779
lothstrasse,lightgbm,summer_2024,635,26,9.79777406655863,9.0,0.7977740665586293
lothstrasse,lightgbm,summer_2024,636,26,9.49266713546986,8.0,1.4926671354698602
lothstrasse,lightgbm,summer_2024,637,26,8.87302703867271,7.0,1.87302703867271
lothstrasse,lightgbm,summer_2024,638,26,9.152320125794287,8.0,1.1523201257942866
lothstrasse,lightgbm,summer_2024,639,26,9.673344960948276,10.0,0.3266550390517242
lothstrasse,lightgbm,summer_2024,640,26,11.30947225975716,12.0,0.6905277402428407
lothstrasse,lightgbm,summer_2024,641,26,11.484671362664626,12.0,0.515328637335374
lothstrasse,lightgbm,summer_2024,642,26,11.77096580579216,13.0,1.2290341942078395
lothstrasse,lightgbm,summer_2024,643,26,13.226955201360273,13.0,0.2269552013602727
lothstrasse,lightgbm,summer_2024,644,26,12.297451535227038,8.0,4.297451535227038
lothstrasse,lightgbm,summer_2024,645,26,11.596892823602015,9.0,2.5968928236020155
lothstrasse,lightgbm,summer_2024,646,26,11.19810787877535,9.0,2.1981078787753496
lothstrasse,lightgbm,summer_2024,647,26,11.187043370681696,11.0,0.18704337068169608
lothstrasse,lightgbm,summer_2024,648,27,10.157469816628442,11.0,0.8425301833715579
lothstrasse,lightgbm,summer_2024,649,27,9.71943458528709,8.0,1.7194345852870896
lothstrasse,lightgbm,summer_2024,650,27,10.726275225773364,7.0,3.726275225773364
lothstrasse,lightgbm,summer_2024,651,27,10.796441510282534,8.0,2.796441510282534
lothstrasse,lightgbm,summer_2024,652,27,10.61751144592519,8.0,2.6175114459251905
lothstrasse,lightgbm,summer_2024,653,27,10.743339187934389,7.0,3.7433391879343887
lothstrasse,lightgbm,summer_2024,654,27,6.738850829183214,2.0,4.738850829183214
lothstrasse,lightgbm,summer_2024,655,27,4.953996668015513,0.7,4.253996668015513
lothstrasse,lightgbm,summer_2024,656,27,3.86169758253895,0.8,3.06169758253895
lothstrasse,lightgbm,summer_2024,657,27,3.8108598193293988,2.0,1.8108598193293988
lothstrasse,lightgbm,summer_2024,658,27,3.8975028677396946,2.0,1.8975028677396946
lothstrasse,lightgbm,summer_2024,659,27,4.93534982370122,4.0,0.9353498237012197
lothstrasse,lightgbm,summer_2024,660,27,5.215493615244593,3.0,2.2154936152445934
lothstrasse,lightgbm,summer_2024,661,27,5.2474336186619635,1.0,4.2474336186619635
lothstrasse,lightgbm,summer_2024,662,27,5.4889258563529015,2.0,3.4889258563529015
lothstrasse,lightgbm,summer_2024,663,27,5.473824479165403,2.0,3.473824479165403
lothstrasse,lightgbm,summer_2024,664,27,5.810610098803654,3.0,2.8106100988036538
lothstrasse,lightgbm,summer_2024,665,27,6.02321535228962,4.0,2.02321535228962
lothstrasse,lightgbm,summer_2024,666,27,6.2082438919729945,4.0,2.2082438919729945
lothstrasse,lightgbm,summer_2024,667,27,6.9139641355527095,5.0,1.9139641355527095
lothstrasse,lightgbm,summer_2024,668,27,7.465297770240067,5.0,2.465297770240067
lothstrasse,lightgbm,summer_2024,669,27,7.595079995209479,7.0,0.5950799952094794
lothstrasse,lightgbm,summer_2024,670,27,7.747015708375354,7.0,0.7470157083753541
lothstrasse,lightgbm,summer_2024,671,27,7.76405000621186,8.0,0.2359499937881404
lothstrasse,lightgbm,summer_2024,672,28,8.212906824537129,6.0,2.2129068245371286
lothstrasse,lightgbm,summer_2024,673,28,9.696675745291078,4.0,5.696675745291078
lothstrasse,lightgbm,summer_2024,674,28,10.554109631948526,3.0,7.554109631948526
lothstrasse,lightgbm,summer_2024,675,28,10.277965607746511,3.0,7.277965607746511
lothstrasse,lightgbm,summer_2024,676,28,10.165033286721709,3.0,7.165033286721709
lothstrasse,lightgbm,summer_2024,677,28,10.229287974372191,4.0,6.229287974372191
lothstrasse,lightgbm,summer_2024,678,28,9.974752172853599,8.0,1.9747521728535986
lothstrasse,lightgbm,summer_2024,679,28,7.496440350382113,4.0,3.4964403503821133
lothstrasse,lightgbm,summer_2024,680,28,6.629345890223376,4.0,2.6293458902233757
lothstrasse,lightgbm,summer_2024,681,28,6.340364058573454,6.0,0.34036405857345375
lothstrasse,lightgbm,summer_2024,682,28,6.817732360399005,6.0,0.8177323603990052
lothstrasse,lightgbm,summer_2024,683,28,6.778111195620081,7.0,0.22188880437991898
lothstrasse,lightgbm,summer_2024,684,28,6.766994455851837,8.0,1.2330055441481633
lothstrasse,lightgbm,summer_2024,685,28,6.755726907594364,7.0,0.24427309240563577
lothstrasse,lightgbm,summer_2024,686,28,6.74916139426907,6.0,0.7491613942690698
lothstrasse,lightgbm,summer_2024,687,28,7.077161390570816,6.0,1.077161390570816
lothstrasse,lightgbm,summer_2024,688,28,7.440253599627902,5.0,2.4402535996279022
lothstrasse,lightgbm,summer_2024,689,28,7.94719138082837,5.0,2.94719138082837
lothstrasse,lightgbm,summer_2024,690,28,8.43912775687021,7.0,1.43912775687021
lothstrasse,lightgbm,summer_2024,691,28,9.278886487925533,8.0,1.2788864879255328
lothstrasse,lightgbm,summer_2024,692,28,9.752022330886774,11.0,1.2479776691132258
lothstrasse,lightgbm,summer_2024,693,28,10.18599294783658,11.0,0.8140070521634204
lothstrasse,lightgbm,summer_2024,694,28,10.13913354385046,10.0,0.13913354385046084
lothstrasse,lightgbm,summer_2024,695,28,9.778038201962605,8.0,1.7780382019626053
lothstrasse,lightgbm,summer_2024,696,29,9.65246352140752,7.0,2.6524635214075207
lothstrasse,lightgbm,summer_2024,697,29,9.151352111201305,8.0,1.1513521112013052
lothstrasse,lightgbm,summer_2024,698,29,9.06922913147863,8.0,1.0692291314786306
lothstrasse,lightgbm,summer_2024,699,29,9.182030269102881,7.0,2.1820302691028814
lothstrasse,lightgbm,summer_2024,700,29,9.52644789923554,9.0,0.5264478992355404
lothstrasse,lightgbm,summer_2024,701,29,10.395957034225116,13.0,2.604042965774884
lothstrasse,lightgbm,summer_2024,702,29,9.955360939006564,11.0,1.0446390609934362
lothstrasse,lightgbm,summer_2024,703,29,8.872748555898497,7.0,1.8727485558984966
lothstrasse,lightgbm,summer_2024,704,29,8.44200973554607,9.0,0.5579902644539292
lothstrasse,lightgbm,summer_2024,705,29,9.109180055005979,13.0,3.8908199449940213
lothstrasse,lightgbm,summer_2024,706,29,9.117256344122508,11.0,1.8827436558774924
lothstrasse,lightgbm,summer_2024,707,29,8.950315842932469,9.0,0.04968415706753149
lothstrasse,lightgbm,summer_2024,708,29,9.038703960549583,8.0,1.038703960549583
lothstrasse,lightgbm,summer_2024,709,29,8.709517652733899,7.0,1.7095176527338989
lothstrasse,lightgbm,summer_2024,710,29,9.154233099963516,9.0,0.1542330999635162
lothstrasse,lightgbm,summer_2024,711,29,9.732794959205263,11.0,1.267205040794737
lothstrasse,lightgbm,summer_2024,712,29,11.175461979729613,11.0,0.1754619797296133
lothstrasse,lightgbm,summer_2024,713,29,11.434040524540452,9.0,2.4340405245404515
lothstrasse,lightgbm,summer_2024,714,29,11.540857957157082,9.0,2.5408579571570815
lothstrasse,lightgbm,summer_2024,715,29,13.021745440139446,11.0,2.021745440139446
lothstrasse,lightgbm,summer_2024,716,29,14.021061526222882,14.0,0.02106152622288171
lothstrasse,lightgbm,summer_2024,717,29,14.601045014647976,15.0,0.3989549853520238
lothstrasse,lightgbm,summer_2024,718,29,15.354272408566137,14.0,1.3542724085661373
lothstrasse,lightgbm,summer_2024,719,29,15.175066486169143,11.0,4.175066486169143
lothstrasse,lightgbm,summer_2024,720,30,14.938760250969874,10.0,4.9387602509698745
lothstrasse,lightgbm,summer_2024,721,30,14.526343369742907,9.0,5.526343369742907
lothstrasse,lightgbm,summer_2024,722,30,14.130170585806916,7.0,7.1301705858069155
lothstrasse,lightgbm,summer_2024,723,30,13.554066047359296,6.0,7.554066047359296
lothstrasse,lightgbm,summer_2024,724,30,14.151004249809239,6.0,8.151004249809239
lothstrasse,lightgbm,summer_2024,725,30,13.549254520296586,5.0,8.549254520296586
lothstrasse,lightgbm,summer_2024,726,30,13.17838913570662,7.0,6.17838913570662
lothstrasse,lightgbm,summer_2024,727,30,11.763401016184469,7.0,4.763401016184469
lothstrasse,lightgbm,summer_2024,728,30,11.42861777424063,9.0,2.42861777424063
lothstrasse,lightgbm,summer_2024,729,30,11.895299696324317,11.0,0.8952996963243169
lothstrasse,lightgbm,summer_2024,730,30,12.46071503533473,12.0,0.46071503533472935
lothstrasse,lightgbm,summer_2024,731,30,12.08149981305604,12.0,0.08149981305603937
lothstrasse,lightgbm,summer_2024,732,30,11.831210174999455,12.0,0.16878982500054462
lothstrasse,lightgbm,summer_2024,733,30,12.294466117821253,12.0,0.2944661178212531
lothstrasse,lightgbm,summer_2024,734,30,12.41791881188371,12.0,0.4179188118837107
lothstrasse,lightgbm,summer_2024,735,30,12.615491190988678,13.0,0.38450880901132223
lothstrasse,lightgbm,summer_2024,736,30,12.990305210998645,13.0,0.009694789001354565
lothstrasse,lightgbm,summer_2024,737,30,13.315475020369385,15.0,1.6845249796306145
lothstrasse,lightgbm,summer_2024,738,30,13.587227975726174,14.0,0.412772024273826
lothstrasse,lightgbm,summer_2024,739,30,14.630860519409847,14.0,0.6308605194098469
lothstrasse,lightgbm,summer_2024,740,30,10.786154740328886,7.0,3.786154740328886
lothstrasse,lightgbm,summer_2024,741,30,6.098084383637354,4.0,2.098084383637354
lothstrasse,lightgbm,summer_2024,742,30,5.134009990823625,4.0,1.1340099908236247
lothstrasse,lightgbm,summer_2024,743,30,5.079935168327815,3.0,2.0799351683278147
lothstrasse,lightgbm,summer_2024,744,31,4.880513174439023,3.0,1.8805131744390229
lothstrasse,lightgbm,summer_2024,745,31,5.0084669188792335,3.0,2.0084669188792335
lothstrasse,lightgbm,summer_2024,746,31,5.010027994114993,3.0,2.010027994114993
lothstrasse,lightgbm,summer_2024,747,31,4.921615890341579,4.0,0.9216158903415792
lothstrasse,lightgbm,summer_2024,748,31,5.173651365240073,3.0,2.1736513652400733
lothstrasse,lightgbm,summer_2024,749,31,6.006234031586638,3.0,3.0062340315866383
lothstrasse,lightgbm,summer_2024,750,31,5.801104292642757,4.0,1.8011042926427567
lothstrasse,lightgbm,summer_2024,751,31,5.36129264354816,5.0,0.36129264354816026
lothstrasse,lightgbm,summer_2024,752,31,5.998564288683186,8.0,2.001435711316814
lothstrasse,lightgbm,summer_2024,753,31,6.572641494617834,10.0,3.4273585053821662
lothstrasse,lightgbm,summer_2024,754,31,7.226056193407033,12.0,4.773943806592967
lothstrasse,lightgbm,summer_2024,755,31,7.658648031286525,11.0,3.341351968713475
lothstrasse,lightgbm,summer_2024,756,31,8.10535769010087,9.0,0.8946423098991296
lothstrasse,lightgbm,summer_2024,757,31,8.21118400343793,8.0,0.2111840034379302
lothstrasse,lightgbm,summer_2024,758,31,7.724066084840979,6.0,1.7240660848409792
lothstrasse,lightgbm,summer_2024,759,31,7.017889683496853,6.0,1.0178896834968532
lothstrasse,lightgbm,summer_2024,760,31,7.034835225031702,7.0,0.03483522503170189
lothstrasse,lightgbm,summer_2024,761,31,7.847562387420522,7.0,0.8475623874205223
lothstrasse,lightgbm,summer_2024,762,31,8.594593930538455,6.0,2.594593930538455
lothstrasse,lightgbm,summer_2024,763,31,9.392564189441769,5.0,4.392564189441769
lothstrasse,lightgbm,summer_2024,764,31,9.069038346331567,5.0,4.069038346331567
lothstrasse,lightgbm,summer_2024,765,31,8.704682024393328,5.0,3.7046820243933283
lothstrasse,lightgbm,summer_2024,766,31,8.941998866948754,5.0,3.9419988669487545
lothstrasse,lightgbm,summer_2024,767,31,8.512423928743882,2.0,6.512423928743882
lothstrasse,lightgbm,summer_2024,768,32,8.11649675750932,2.0,6.116496757509321
lothstrasse,lightgbm,summer_2024,769,32,8.514026666775992,2.0,6.514026666775992
lothstrasse,lightgbm,summer_2024,770,32,10.310802629478053,3.0,7.310802629478053
lothstrasse,lightgbm,summer_2024,771,32,10.6422646876654,5.0,5.642264687665399
lothstrasse,lightgbm,summer_2024,772,32,10.305743007638124,8.0,2.3057430076381245
lothstrasse,lightgbm,summer_2024,773,32,10.685298960748895,7.0,3.685298960748895
lothstrasse,lightgbm,summer_2024,774,32,10.874124253069631,7.0,3.874124253069631
lothstrasse,lightgbm,summer_2024,775,32,10.07080973113939,5.0,5.07080973113939
lothstrasse,lightgbm,summer_2024,776,32,9.414721441699752,4.0,5.4147214416997524
lothstrasse,lightgbm,summer_2024,777,32,8.546992696789994,4.0,4.546992696789994
lothstrasse,lightgbm,summer_2024,778,32,8.140173260235715,4.0,4.140173260235715
lothstrasse,lightgbm,summer_2024,779,32,7.963238031560136,4.0,3.9632380315601363
lothstrasse,lightgbm,summer_2024,780,32,7.497385240795398,5.0,2.4973852407953983
lothstrasse,lightgbm,summer_2024,781,32,7.523325674758721,6.0,1.5233256747587207
lothstrasse,lightgbm,summer_2024,782,32,7.231056261258311,7.0,0.2310562612583107
lothstrasse,lightgbm,summer_2024,783,32,7.022753264324274,6.0,1.0227532643242743
lothstrasse,lightgbm,summer_2024,784,32,7.000683073021568,5.0,2.000683073021568
lothstrasse,lightgbm,summer_2024,785,32,7.133257187423613,5.0,2.133257187423613
lothstrasse,lightgbm,summer_2024,786,32,7.241181822898326,5.0,2.2411818228983256
lothstrasse,lightgbm,summer_2024,787,32,7.164362489540435,4.0,3.1643624895404354
lothstrasse,lightgbm,summer_2024,788,32,6.911477290048916,3.0,3.911477290048916
lothstrasse,lightgbm,summer_2024,789,32,6.4990574268493235,3.0,3.4990574268493235
lothstrasse,lightgbm,summer_2024,790,32,6.73851155257338,4.0,2.73851155257338
lothstrasse,lightgbm,summer_2024,791,32,6.743854168638026,5.0,1.743854168638026
lothstrasse,lightgbm,summer_2024,792,33,6.771894608893529,4.0,2.771894608893529
lothstrasse,lightgbm,summer_2024,793,33,7.500224791833529,5.0,2.5002247918335287
lothstrasse,lightgbm,summer_2024,794,33,7.122828199784529,5.0,2.1228281997845286
lothstrasse,lightgbm,summer_2024,795,33,5.982456682832802,3.0,2.982456682832802
lothstrasse,lightgbm,summer_2024,796,33,5.431919620272082,3.0,2.4319196202720823
lothstrasse,lightgbm,summer_2024,797,33,5.549460872044078,3.0,2.5494608720440777
lothstrasse,lightgbm,summer_2024,798,33,5.571629373927783,4.0,1.5716293739277827
lothstrasse,lightgbm,summer_2024,799,33,5.427465391530905,4.0,1.4274653915309052
lothstrasse,lightgbm,summer_2024,800,33,5.5187702311195785,5.0,0.5187702311195785
lothstrasse,lightgbm,summer_2024,801,33,6.144901467519616,5.0,1.1449014675196159
lothstrasse,lightgbm,summer_2024,802,33,6.26381897179416,3.0,3.2638189717941604
lothstrasse,lightgbm,summer_2024,803,33,6.539862016544535,3.0,3.539862016544535
lothstrasse,lightgbm,summer_2024,804,33,6.450088597340927,2.0,4.450088597340927
lothstrasse,lightgbm,summer_2024,805,33,6.392734419590858,3.0,3.392734419590858
lothstrasse,lightgbm,summer_2024,806,33,6.214632944467023,4.0,2.2146329444670227
lothstrasse,lightgbm,summer_2024,807,33,6.744950415531309,5.0,1.7449504155313091
lothstrasse,lightgbm,summer_2024,808,33,7.218922189818559,9.0,1.7810778101814408
lothstrasse,lightgbm,summer_2024,809,33,7.751031680697789,7.0,0.751031680697789
lothstrasse,lightgbm,summer_2024,810,33,8.528541165401027,8.0,0.5285411654010268
lothstrasse,lightgbm,summer_2024,811,33,10.0463808640491,9.0,1.0463808640491
lothstrasse,lightgbm,summer_2024,812,33,10.687039285586645,9.0,1.6870392855866445
lothstrasse,lightgbm,summer_2024,813,33,10.096881054419892,8.0,2.0968810544198924
lothstrasse,lightgbm,summer_2024,814,33,10.114238780632075,10.0,0.11423878063207482
lothstrasse,lightgbm,summer_2024,815,33,10.022268372862001,12.0,1.9777316271379988
lothstrasse,lightgbm,summer_2024,816,34,10.26449377001831,14.0,3.7355062299816897
lothstrasse,lightgbm,summer_2024,817,34,10.174038775869985,13.0,2.8259612241300154
lothstrasse,lightgbm,summer_2024,818,34,7.370431818177695,3.0,4.370431818177695
lothstrasse,lightgbm,summer_2024,819,34,6.173875155620873,4.0,2.1738751556208733
lothstrasse,lightgbm,summer_2024,820,34,6.83934156762966,6.0,0.8393415676296598
lothstrasse,lightgbm,summer_2024,821,34,6.81174485751065,5.0,1.81174485751065
lothstrasse,lightgbm,summer_2024,822,34,6.474901773526908,5.0,1.4749017735269083
lothstrasse,lightgbm,summer_2024,823,34,6.770484926039662,5.0,1.7704849260396616
lothstrasse,lightgbm,summer_2024,824,34,6.885832914207012,6.0,0.885832914207012
lothstrasse,lightgbm,summer_2024,825,34,6.942724799189253,7.0,0.05727520081074733
lothstrasse,lightgbm,summer_2024,826,34,7.053083387331188,8.0,0.9469166126688124
lothstrasse,lightgbm,summer_2024,827,34,6.918546579016739,9.0,2.0814534209832614
lothstrasse,lightgbm,summer_2024,828,34,7.0938726218905455,9.0,1.9061273781094545
lothstrasse,lightgbm,summer_2024,829,34,7.04369286583774,8.0,0.9563071341622598
lothstrasse,lightgbm,summer_2024,830,34,7.0868554008107445,7.0,0.0868554008107445
lothstrasse,lightgbm,summer_2024,831,34,7.079721662213096,9.0,1.920278337786904
lothstrasse,lightgbm,summer_2024,832,34,7.472102137901322,9.0,1.527897862098678
lothstrasse,lightgbm,summer_2024,833,34,7.882482986876658,8.0,0.11751701312334184
lothstrasse,lightgbm,summer_2024,834,34,8.131784731911955,7.0,1.1317847319119547
lothstrasse,lightgbm,summer_2024,835,34,8.727753012251256,6.0,2.727753012251256
lothstrasse,lightgbm,summer_2024,836,34,8.880173572206242,7.0,1.8801735722062425
lothstrasse,lightgbm,summer_2024,837,34,8.25497253454577,7.0,1.2549725345457698
lothstrasse,lightgbm,summer_2024,838,34,8.084447127385932,6.0,2.084447127385932
lothstrasse,lightgbm,summer_2024,839,34,8.11802546980461,6.0,2.1180254698046106
lothstrasse,lightgbm,summer_2024,840,35,7.75528345126721,5.0,2.7552834512672097
lothstrasse,lightgbm,summer_2024,841,35,7.282616829754852,5.0,2.2826168297548524
lothstrasse,lightgbm,summer_2024,842,35,7.031643473334647,5.0,2.031643473334647
lothstrasse,lightgbm,summer_2024,843,35,6.553744857736524,5.0,1.5537448577365236
lothstrasse,lightgbm,summer_2024,844,35,6.507322740610453,4.0,2.5073227406104532
lothstrasse,lightgbm,summer_2024,845,35,6.504647233817946,4.0,2.5046472338179457
lothstrasse,lightgbm,summer_2024,846,35,6.273762425410147,3.0,3.2737624254101467
lothstrasse,lightgbm,summer_2024,847,35,5.749148879495401,2.0,3.749148879495401
lothstrasse,lightgbm,summer_2024,848,35,4.705251567871567,2.0,2.705251567871567
lothstrasse,lightgbm,summer_2024,849,35,4.16781675005676,2.0,2.16781675005676
lothstrasse,lightgbm,summer_2024,850,35,4.125571411657752,2.0,2.125571411657752
lothstrasse,lightgbm,summer_2024,851,35,4.000067226581572,2.0,2.0000672265815718
lothstrasse,lightgbm,summer_2024,852,35,4.096067533455569,2.0,2.096067533455569
lothstrasse,lightgbm,summer_2024,853,35,4.172558954917606,4.0,0.17255895491760587
lothstrasse,lightgbm,summer_2024,854,35,4.755231588163926,3.0,1.7552315881639258
lothstrasse,lightgbm,summer_2024,855,35,5.225260379083182,4.0,1.2252603790831822
lothstrasse,lightgbm,summer_2024,856,35,6.252546150243123,4.0,2.2525461502431234
lothstrasse,lightgbm,summer_2024,857,35,7.119753772644316,5.0,2.119753772644316
lothstrasse,lightgbm,summer_2024,858,35,7.102230630099484,5.0,2.102230630099484
lothstrasse,lightgbm,summer_2024,859,35,7.310517551540434,5.0,2.3105175515404337
lothstrasse,lightgbm,summer_2024,860,35,7.974259057096792,5.0,2.974259057096792
lothstrasse,lightgbm,summer_2024,861,35,8.392399547805217,7.0,1.3923995478052174
lothstrasse,lightgbm,summer_2024,862,35,8.944317060188174,6.0,2.9443170601881743
lothstrasse,lightgbm,summer_2024,863,35,8.810436445567934,5.0,3.810436445567934
lothstrasse,lightgbm,summer_2024,864,36,9.0086013585971,2.0,7.008601358597099
lothstrasse,lightgbm,summer_2024,865,36,9.137581060494261,3.0,6.137581060494261
lothstrasse,lightgbm,summer_2024,866,36,9.127296675409651,3.0,6.127296675409651
lothstrasse,lightgbm,summer_2024,867,36,9.398366495205607,4.0,5.398366495205607
lothstrasse,lightgbm,summer_2024,868,36,9.204039764040823,3.0,6.204039764040823
lothstrasse,lightgbm,summer_2024,869,36,9.564752805405421,4.0,5.564752805405421
lothstrasse,lightgbm,summer_2024,870,36,9.422282217682936,6.0,3.4222822176829357
lothstrasse,lightgbm,summer_2024,871,36,7.919744533188366,6.0,1.919744533188366
lothstrasse,lightgbm,summer_2024,872,36,7.8734981513486435,8.0,0.1265018486513565
lothstrasse,lightgbm,summer_2024,873,36,7.7695366004597215,10.0,2.2304633995402785
lothstrasse,lightgbm,summer_2024,874,36,7.872777277045484,10.0,2.1272227229545164
lothstrasse,lightgbm,summer_2024,875,36,7.950074300502914,9.0,1.049925699497086
lothstrasse,lightgbm,summer_2024,876,36,8.184518006238031,9.0,0.8154819937619688
lothstrasse,lightgbm,summer_2024,877,36,8.545923526917614,8.0,0.5459235269176137
lothstrasse,lightgbm,summer_2024,878,36,8.42958967168564,9.0,0.5704103283143596
lothstrasse,lightgbm,summer_2024,879,36,8.592782274541195,8.0,0.5927822745411948
lothstrasse,lightgbm,summer_2024,880,36,9.2644902400474,8.0,1.2644902400473992
lothstrasse,lightgbm,summer_2024,881,36,8.922937857120733,8.0,0.9229378571207327
lothstrasse,lightgbm,summer_2024,882,36,9.073267770862028,8.0,1.073267770862028
lothstrasse,lightgbm,summer_2024,883,36,9.559536297629231,9.0,0.5595362976292311
lothstrasse,lightgbm,summer_2024,884,36,9.960521172936293,10.0,0.0394788270637072
lothstrasse,lightgbm,summer_2024,885,36,9.665038088654502,10.0,0.33496191134549846
lothstrasse,lightgbm,summer_2024,886,36,8.724407358797379,9.0,0.2755926412026213
lothstrasse,lightgbm,summer_2024,887,36,8.443834439544965,9.0,0.5561655604550353
lothstrasse,lightgbm,summer_2024,888,37,8.891880761729372,9.0,0.10811923827062841
lothstrasse,lightgbm,summer_2024,889,37,9.013819856720904,10.0,0.9861801432790962
lothstrasse,lightgbm,summer_2024,890,37,8.94288443051464,10.0,1.0571155694853598
lothstrasse,lightgbm,summer_2024,891,37,9.506425195741489,9.0,0.5064251957414889
lothstrasse,lightgbm,summer_2024,892,37,9.312348135670764,9.0,0.3123481356707636
lothstrasse,lightgbm,summer_2024,893,37,9.619657648924546,9.0,0.6196576489245462
lothstrasse,lightgbm,summer_2024,894,37,9.02822830791967,8.0,1.0282283079196706
lothstrasse,lightgbm,summer_2024,895,37,8.735503598586657,9.0,0.26449640141334285
lothstrasse,lightgbm,summer_2024,896,37,9.507220400738246,11.0,1.4927795992617536
lothstrasse,lightgbm,summer_2024,897,37,9.611586966873631,10.0,0.3884130331263691
lothstrasse,lightgbm,summer_2024,898,37,9.79756475373917,8.0,1.7975647537391701
lothstrasse,lightgbm,summer_2024,899,37,9.934512041048517,5.0,4.934512041048517
lothstrasse,lightgbm,summer_2024,900,37,9.776343264818854,6.0,3.7763432648188537
lothstrasse,lightgbm,summer_2024,901,37,8.908472470053068,6.0,2.908472470053068
lothstrasse,lightgbm,summer_2024,902,37,6.750417059504181,2.0,4.750417059504181
lothstrasse,lightgbm,summer_2024,903,37,6.040624136126454,0.9,5.140624136126454
lothstrasse,lightgbm,summer_2024,904,37,5.657684804920458,0.9,4.757684804920458
lothstrasse,lightgbm,summer_2024,905,37,5.9360958300757405,1.0,4.9360958300757405
lothstrasse,lightgbm,summer_2024,906,37,5.8037130796601035,2.0,3.8037130796601035
lothstrasse,lightgbm,summer_2024,907,37,5.925687110559883,2.0,3.925687110559883
lothstrasse,lightgbm,summer_2024,908,37,6.471285241886467,4.0,2.4712852418864673
lothstrasse,lightgbm,summer_2024,909,37,6.690998331354461,5.0,1.6909983313544608
lothstrasse,lightgbm,summer_2024,910,37,6.133465963783941,4.0,2.133465963783941
lothstrasse,lightgbm,summer_2024,911,37,5.15745537886753,3.0,2.15745537886753
lothstrasse,lightgbm,summer_2024,912,38,5.613627124189882,2.0,3.6136271241898816
lothstrasse,lightgbm,summer_2024,913,38,5.904998197471712,3.0,2.904998197471712
lothstrasse,lightgbm,summer_2024,914,38,5.626594725838657,3.0,2.6265947258386566
lothstrasse,lightgbm,summer_2024,915,38,5.6443222492906955,3.0,2.6443222492906955
lothstrasse,lightgbm,summer_2024,916,38,5.9425866685206,2.0,3.9425866685206
lothstrasse,lightgbm,summer_2024,917,38,6.184889464233736,3.0,3.184889464233736
lothstrasse,lightgbm,summer_2024,918,38,6.922934711647222,3.0,3.9229347116472217
lothstrasse,lightgbm,summer_2024,919,38,5.801707675341551,3.0,2.801707675341551
lothstrasse,lightgbm,summer_2024,920,38,5.966061498516304,4.0,1.9660614985163036
lothstrasse,lightgbm,summer_2024,921,38,6.270891872523487,6.0,0.270891872523487
lothstrasse,lightgbm,summer_2024,922,38,6.835320514285401,7.0,0.16467948571459878
lothstrasse,lightgbm,summer_2024,923,38,6.959019056283311,8.0,1.040980943716689
lothstrasse,lightgbm,summer_2024,924,38,7.072293547785111,8.0,0.9277064522148892
lothstrasse,lightgbm,summer_2024,925,38,7.074508037321705,7.0,0.07450803732170463
lothstrasse,lightgbm,summer_2024,926,38,7.198225461577808,8.0,0.8017745384221922
lothstrasse,lightgbm,summer_2024,927,38,7.656970594727619,10.0,2.3430294052723806
lothstrasse,lightgbm,summer_2024,928,38,7.479547146050156,8.0,0.5204528539498439
lothstrasse,lightgbm,summer_2024,929,38,7.458330668632,8.0,0.5416693313680003
lothstrasse,lightgbm,summer_2024,930,38,7.572640174802862,9.0,1.4273598251971382
lothstrasse,lightgbm,summer_2024,931,38,8.636059728488764,8.0,0.6360597284887639
lothstrasse,lightgbm,summer_2024,932,38,9.670425739903022,7.0,2.6704257399030222
lothstrasse,lightgbm,summer_2024,933,38,9.242060824518948,4.0,5.242060824518948
lothstrasse,lightgbm,summer_2024,934,38,8.98810454439117,4.0,4.98810454439117
lothstrasse,lightgbm,summer_2024,935,38,8.53484017258571,4.0,4.53484017258571
lothstrasse,lightgbm,summer_2024,936,39,8.816608340612415,5.0,3.816608340612415
lothstrasse,lightgbm,summer_2024,937,39,9.348660147987648,6.0,3.3486601479876477
lothstrasse,lightgbm,summer_2024,938,39,9.354871353988406,5.0,4.354871353988406
lothstrasse,lightgbm,summer_2024,939,39,9.04938017784512,3.0,6.049380177845119
lothstrasse,lightgbm,summer_2024,940,39,8.666927698175707,2.0,6.666927698175707
lothstrasse,lightgbm,summer_2024,941,39,8.894180522839836,2.0,6.894180522839836
lothstrasse,lightgbm,summer_2024,942,39,8.841933228242477,2.0,6.8419332282424765
lothstrasse,lightgbm,summer_2024,943,39,7.868477356004218,2.0,5.868477356004218
lothstrasse,lightgbm,summer_2024,944,39,7.034619849568462,3.0,4.034619849568462
lothstrasse,lightgbm,summer_2024,945,39,7.13270508764079,5.0,2.1327050876407903
lothstrasse,lightgbm,summer_2024,946,39,6.818512640653224,5.0,1.818512640653224
lothstrasse,lightgbm,summer_2024,947,39,6.553408820781372,6.0,0.5534088207813719
lothstrasse,lightgbm,summer_2024,948,39,6.723096244807018,7.0,0.2769037551929818
lothstrasse,lightgbm,summer_2024,949,39,6.449307022894559,6.0,0.44930702289455926
lothstrasse,lightgbm,summer_2024,950,39,6.2982709812229,5.0,1.2982709812228999
lothstrasse,lightgbm,summer_2024,951,39,6.309935882682885,5.0,1.3099358826828853
lothstrasse,lightgbm,summer_2024,952,39,6.598434545228966,4.0,2.598434545228966
lothstrasse,lightgbm,summer_2024,953,39,6.632999898005815,6.0,0.6329998980058154
lothstrasse,lightgbm,summer_2024,954,39,6.959263251676745,8.0,1.0407367483232548
lothstrasse,lightgbm,summer_2024,955,39,7.7152440576817405,9.0,1.2847559423182595
lothstrasse,lightgbm,summer_2024,956,39,8.64872317107687,9.0,0.3512768289231296
lothstrasse,lightgbm,summer_2024,957,39,8.846891697695794,8.0,0.8468916976957939
lothstrasse,lightgbm,summer_2024,958,39,7.794460230665105,5.0,2.7944602306651047
lothstrasse,lightgbm,summer_2024,959,39,7.257589436881724,4.0,3.257589436881724
lothstrasse,lightgbm,summer_2024,960,40,7.375337291173346,4.0,3.375337291173346
lothstrasse,lightgbm,summer_2024,961,40,7.154232056707842,5.0,2.1542320567078423
lothstrasse,lightgbm,summer_2024,962,40,6.9330342995098775,5.0,1.9330342995098775
lothstrasse,lightgbm,summer_2024,963,40,6.622616312171602,3.0,3.622616312171602
lothstrasse,lightgbm,summer_2024,964,40,6.732609830176051,3.0,3.7326098301760506
lothstrasse,lightgbm,summer_2024,965,40,6.712127951778593,3.0,3.7121279517785926
lothstrasse,lightgbm,summer_2024,966,40,6.604033265569944,3.0,3.604033265569944
lothstrasse,lightgbm,summer_2024,967,40,6.380322529433878,3.0,3.3803225294338777
lothstrasse,lightgbm,summer_2024,968,40,6.624363790859875,4.0,2.624363790859875
lothstrasse,lightgbm,summer_2024,969,40,6.854305530151463,5.0,1.8543055301514633
lothstrasse,lightgbm,summer_2024,970,40,6.855166484567857,6.0,0.8551664845678566
lothstrasse,lightgbm,summer_2024,971,40,6.915063912559054,5.0,1.915063912559054
lothstrasse,lightgbm,summer_2024,972,40,6.81200500909675,5.0,1.81200500909675
lothstrasse,lightgbm,summer_2024,973,40,6.86769059182566,5.0,1.86769059182566
lothstrasse,lightgbm,summer_2024,974,40,6.940874930804246,2.0,4.940874930804246
lothstrasse,lightgbm,summer_2024,975,40,6.945673917163356,2.0,4.945673917163356
lothstrasse,lightgbm,summer_2024,976,40,7.430574043590865,4.0,3.430574043590865
lothstrasse,lightgbm,summer_2024,977,40,7.698644318079576,6.0,1.6986443180795758
lothstrasse,lightgbm,summer_2024,978,40,7.931419410011228,7.0,0.9314194100112276
lothstrasse,lightgbm,summer_2024,979,40,8.672785961706591,7.0,1.672785961706591
lothstrasse,lightgbm,summer_2024,980,40,10.179638627695693,10.0,0.1796386276956934
lothstrasse,lightgbm,summer_2024,981,40,10.606645737264008,12.0,1.3933542627359916
lothstrasse,lightgbm,summer_2024,982,40,10.440808516579342,12.0,1.5591914834206584
lothstrasse,lightgbm,summer_2024,983,40,12.10881832043301,9.0,3.1088183204330093
lothstrasse,lightgbm,summer_2024,984,41,13.92089601055558,10.0,3.9208960105555803
lothstrasse,lightgbm,summer_2024,985,41,15.188874367752758,10.0,5.188874367752758
lothstrasse,lightgbm,summer_2024,986,41,15.071583333557648,9.0,6.071583333557648
lothstrasse,lightgbm,summer_2024,987,41,14.975323898075805,8.0,6.975323898075805
lothstrasse,lightgbm,summer_2024,988,41,14.912869270974761,8.0,6.9128692709747614
lothstrasse,lightgbm,summer_2024,989,41,14.86193304301845,8.0,6.86193304301845
lothstrasse,lightgbm,summer_2024,990,41,13.582959541682378,8.0,5.582959541682378
lothstrasse,lightgbm,summer_2024,991,41,11.188323296781462,6.0,5.188323296781462
lothstrasse,lightgbm,summer_2024,992,41,9.706207066216727,6.0,3.7062070662167272
lothstrasse,lightgbm,summer_2024,993,41,9.640212646665976,7.0,2.640212646665976
lothstrasse,lightgbm,summer_2024,994,41,9.35861031965457,6.0,3.35861031965457
lothstrasse,lightgbm,summer_2024,995,41,9.017039416429935,5.0,4.017039416429935
lothstrasse,lightgbm,summer_2024,996,41,8.741117349865242,4.0,4.741117349865242
lothstrasse,lightgbm,summer_2024,997,41,8.670720327541908,5.0,3.6707203275419076
lothstrasse,lightgbm,summer_2024,998,41,8.06682642053583,6.0,2.066826420535831
lothstrasse,lightgbm,summer_2024,999,41,7.564276513589789,7.0,0.5642765135897889
lothstrasse,lightgbm,summer_2024,1000,41,7.901784658589209,6.0,1.901784658589209
lothstrasse,lightgbm,summer_2024,1001,41,8.213298442139177,7.0,1.2132984421391768
lothstrasse,lightgbm,summer_2024,1002,41,9.100792269693805,8.0,1.1007922696938053
lothstrasse,lightgbm,summer_2024,1003,41,9.95415301503262,8.0,1.9541530150326203
lothstrasse,lightgbm,summer_2024,1004,41,10.871288433485137,9.0,1.8712884334851374
lothstrasse,lightgbm,summer_2024,1005,41,10.382578432019987,7.0,3.3825784320199865
lothstrasse,lightgbm,summer_2024,1006,41,10.027884282662274,4.0,6.027884282662274
lothstrasse,lightgbm,summer_2024,1007,41,9.973938638677362,2.0,7.973938638677362
lothstrasse,lightgbm,summer_2024,1008,42,9.984312464603066,2.0,7.984312464603066
lothstrasse,lightgbm,summer_2024,1009,42,10.100712528595087,2.0,8.100712528595087
lothstrasse,lightgbm,summer_2024,1010,42,10.33836538631975,4.0,6.338365386319751
lothstrasse,lightgbm,summer_2024,1011,42,10.186314905397415,5.0,5.186314905397415
lothstrasse,lightgbm,summer_2024,1012,42,10.793353226726904,5.0,5.793353226726904
lothstrasse,lightgbm,summer_2024,1013,42,10.515965145129618,4.0,6.515965145129618
lothstrasse,lightgbm,summer_2024,1014,42,9.853476911227128,4.0,5.853476911227128
lothstrasse,lightgbm,summer_2024,1015,42,9.681082812829665,5.0,4.681082812829665
lothstrasse,lightgbm,summer_2024,1016,42,9.659448848916607,7.0,2.6594488489166075
lothstrasse,lightgbm,summer_2024,1017,42,9.446238471448437,9.0,0.44623847144843687
lothstrasse,lightgbm,summer_2024,1018,42,9.5292217144415,11.0,1.4707782855585005
lothstrasse,lightgbm,summer_2024,1019,42,9.798000411826958,13.0,3.2019995881730416
lothstrasse,lightgbm,summer_2024,1020,42,11.237405645378558,12.0,0.7625943546214415
lothstrasse,lightgbm,summer_2024,1021,42,11.327017007257412,11.0,0.3270170072574121
lothstrasse,lightgbm,summer_2024,1022,42,11.085884449337783,9.0,2.085884449337783
lothstrasse,lightgbm,summer_2024,1023,42,10.891486585319285,9.0,1.891486585319285
lothstrasse,lightgbm,summer_2024,1024,42,10.735359600697059,8.0,2.735359600697059
lothstrasse,lightgbm,summer_2024,1025,42,10.709006376393143,6.0,4.709006376393143
lothstrasse,lightgbm,summer_2024,1026,42,10.537952547945856,7.0,3.5379525479458565
lothstrasse,lightgbm,summer_2024,1027,42,10.614933584111759,8.0,2.6149335841117587
lothstrasse,lightgbm,summer_2024,1028,42,10.502778230202924,12.0,1.4972217697970756
lothstrasse,lightgbm,summer_2024,1029,42,10.523675196867156,13.0,2.4763248031328438
lothstrasse,lightgbm,summer_2024,1030,42,10.407631732596995,13.0,2.592368267403005
lothstrasse,lightgbm,summer_2024,1031,42,10.75066545086159,11.0,0.24933454913841047
lothstrasse,lightgbm,summer_2024,1032,43,11.412103472237987,13.0,1.5878965277620125
lothstrasse,lightgbm,summer_2024,1033,43,11.173780511290925,12.0,0.826219488709075
lothstrasse,lightgbm,summer_2024,1034,43,10.554959845803674,10.0,0.5549598458036744
lothstrasse,lightgbm,summer_2024,1035,43,10.10403019563075,9.0,1.1040301956307506
lothstrasse,lightgbm,summer_2024,1036,43,10.146916623281085,8.0,2.1469166232810846
lothstrasse,lightgbm,summer_2024,1037,43,9.800334664224016,7.0,2.8003346642240157
lothstrasse,lightgbm,summer_2024,1038,43,9.291074157022317,7.0,2.291074157022317
lothstrasse,lightgbm,summer_2024,1039,43,7.2911592902375855,7.0,0.29115929023758547
lothstrasse,lightgbm,summer_2024,1040,43,7.773630829367987,9.0,1.2263691706320126
lothstrasse,lightgbm,summer_2024,1041,43,7.885946627982927,9.0,1.1140533720170733
lothstrasse,lightgbm,summer_2024,1042,43,8.174710612935007,10.0,1.825289387064993
lothstrasse,lightgbm,summer_2024,1043,43,8.652569921668182,9.0,0.3474300783318185
lothstrasse,lightgbm,summer_2024,1044,43,8.740183692079484,7.0,1.7401836920794835
lothstrasse,lightgbm,summer_2024,1045,43,8.552274802746638,7.0,1.5522748027466378
lothstrasse,lightgbm,summer_2024,1046,43,8.537169888274885,8.0,0.5371698882748852
lothstrasse,lightgbm,summer_2024,1047,43,8.964469368141806,9.0,0.03553063185819383
lothstrasse,lightgbm,summer_2024,1048,43,9.46587090973387,9.0,0.46587090973386935
lothstrasse,lightgbm,summer_2024,1049,43,8.806556584833812,7.0,1.806556584833812
lothstrasse,lightgbm,summer_2024,1050,43,7.185605741230207,4.0,3.185605741230207
lothstrasse,lightgbm,summer_2024,1051,43,6.637433764600551,3.0,3.6374337646005506
lothstrasse,lightgbm,summer_2024,1052,43,6.90108002878169,3.0,3.9010800287816902
lothstrasse,lightgbm,summer_2024,1053,43,6.161564556635204,3.0,3.161564556635204
lothstrasse,lightgbm,summer_2024,1054,43,5.2189997623396955,2.0,3.2189997623396955
lothstrasse,lightgbm,summer_2024,1055,43,5.235406112976608,3.0,2.235406112976608
lothstrasse,lightgbm,autumn_2024,0,0,3.098945156899309,2.0,1.0989451568993092
lothstrasse,lightgbm,autumn_2024,1,0,3.500135149730225,3.0,0.5001351497302249
lothstrasse,lightgbm,autumn_2024,2,0,3.5225604292547943,1.0,2.5225604292547943
lothstrasse,lightgbm,autumn_2024,3,0,3.579841556683626,1.0,2.579841556683626
lothstrasse,lightgbm,autumn_2024,4,0,3.7466444832857793,1.0,2.7466444832857793
lothstrasse,lightgbm,autumn_2024,5,0,4.629720439030826,2.0,2.6297204390308258
lothstrasse,lightgbm,autumn_2024,6,0,5.562058044635365,2.0,3.562058044635365
lothstrasse,lightgbm,autumn_2024,7,0,6.352344008660332,4.0,2.3523440086603324
lothstrasse,lightgbm,autumn_2024,8,0,6.374139220070344,3.0,3.3741392200703437
lothstrasse,lightgbm,autumn_2024,9,0,6.321887078185764,5.0,1.321887078185764
lothstrasse,lightgbm,autumn_2024,10,0,6.5121423469077735,8.0,1.4878576530922265
lothstrasse,lightgbm,autumn_2024,11,0,6.747573793799205,10.0,3.252426206200795
lothstrasse,lightgbm,autumn_2024,12,0,6.74142744879209,10.0,3.2585725512079096
lothstrasse,lightgbm,autumn_2024,13,0,6.4790461029948085,9.0,2.5209538970051915
lothstrasse,lightgbm,autumn_2024,14,0,6.177413412356129,8.0,1.8225865876438707
lothstrasse,lightgbm,autumn_2024,15,0,5.904569834100145,6.0,0.09543016589985509
lothstrasse,lightgbm,autumn_2024,16,0,5.547781962083557,7.0,1.4522180379164427
lothstrasse,lightgbm,autumn_2024,17,0,5.689384739184746,6.0,0.31061526081525415
lothstrasse,lightgbm,autumn_2024,18,0,6.041628726022374,4.0,2.041628726022374
lothstrasse,lightgbm,autumn_2024,19,0,5.970965972270361,2.0,3.9709659722703607
lothstrasse,lightgbm,autumn_2024,20,0,5.815844470940962,2.0,3.815844470940962
lothstrasse,lightgbm,autumn_2024,21,0,5.908976193513051,5.0,0.9089761935130509
lothstrasse,lightgbm,autumn_2024,22,0,6.043140963013152,5.0,1.043140963013152
lothstrasse,lightgbm,autumn_2024,23,0,5.990994232133468,3.0,2.9909942321334677
lothstrasse,lightgbm,autumn_2024,24,1,6.1899761900355585,2.0,4.1899761900355585
lothstrasse,lightgbm,autumn_2024,25,1,7.086173587626099,4.0,3.0861735876260994
lothstrasse,lightgbm,autumn_2024,26,1,7.215446234574279,5.0,2.215446234574279
lothstrasse,lightgbm,autumn_2024,27,1,7.4209698966617745,3.0,4.4209698966617745
lothstrasse,lightgbm,autumn_2024,28,1,7.124544149886471,3.0,4.124544149886471
lothstrasse,lightgbm,autumn_2024,29,1,6.336366610889462,2.0,4.336366610889462
lothstrasse,lightgbm,autumn_2024,30,1,6.054467309130648,1.0,5.054467309130648
lothstrasse,lightgbm,autumn_2024,31,1,4.558236668267523,1.0,3.558236668267523
lothstrasse,lightgbm,autumn_2024,32,1,3.838265768488095,0.9,2.9382657684880953
lothstrasse,lightgbm,autumn_2024,33,1,3.2843238180096694,0.8,2.4843238180096696
lothstrasse,lightgbm,autumn_2024,34,1,2.9868071052973955,0.5,2.4868071052973955
lothstrasse,lightgbm,autumn_2024,35,1,2.4602887336274675,0.5,1.9602887336274675
lothstrasse,lightgbm,autumn_2024,36,1,2.645751425980552,0.5,2.145751425980552
lothstrasse,lightgbm,autumn_2024,37,1,2.7022080104809154,0.6,2.1022080104809153
lothstrasse,lightgbm,autumn_2024,38,1,2.700607591491325,0.8,1.900607591491325
lothstrasse,lightgbm,autumn_2024,39,1,2.7340229723546643,1.0,1.7340229723546643
lothstrasse,lightgbm,autumn_2024,40,1,2.966487162946998,2.0,0.966487162946998
lothstrasse,lightgbm,autumn_2024,41,1,3.1360636477121804,3.0,0.13606364771218038
lothstrasse,lightgbm,autumn_2024,42,1,4.015920683201432,5.0,0.9840793167985682
lothstrasse,lightgbm,autumn_2024,43,1,5.000110468229297,10.0,4.999889531770703
lothstrasse,lightgbm,autumn_2024,44,1,5.827883877297225,12.0,6.172116122702775
lothstrasse,lightgbm,autumn_2024,45,1,6.457331360779959,12.0,5.542668639220041
lothstrasse,lightgbm,autumn_2024,46,1,7.554003829969894,7.0,0.5540038299698944
lothstrasse,lightgbm,autumn_2024,47,1,7.956370376070701,4.0,3.9563703760707014
lothstrasse,lightgbm,autumn_2024,48,2,8.374646351528567,6.0,2.3746463515285665
lothstrasse,lightgbm,autumn_2024,49,2,8.617737906529532,6.0,2.6177379065295323
lothstrasse,lightgbm,autumn_2024,50,2,8.417216687142824,2.0,6.417216687142824
lothstrasse,lightgbm,autumn_2024,51,2,8.087309617308309,2.0,6.087309617308309
lothstrasse,lightgbm,autumn_2024,52,2,8.165394941353046,2.0,6.165394941353046
lothstrasse,lightgbm,autumn_2024,53,2,8.106109097340386,2.0,6.106109097340386
lothstrasse,lightgbm,autumn_2024,54,2,8.419666893584864,2.0,6.419666893584864
lothstrasse,lightgbm,autumn_2024,55,2,9.137892896939999,3.0,6.137892896939999
lothstrasse,lightgbm,autumn_2024,56,2,10.749165063033304,5.0,5.749165063033304
lothstrasse,lightgbm,autumn_2024,57,2,10.269225141407981,4.0,6.269225141407981
lothstrasse,lightgbm,autumn_2024,58,2,9.509424142374064,3.0,6.509424142374064
lothstrasse,lightgbm,autumn_2024,59,2,8.605321357849121,4.0,4.605321357849121
lothstrasse,lightgbm,autumn_2024,60,2,7.746289266713397,3.0,4.746289266713397
lothstrasse,lightgbm,autumn_2024,61,2,6.7631253830778935,3.0,3.7631253830778935
lothstrasse,lightgbm,autumn_2024,62,2,6.336039300538078,2.0,4.336039300538078
lothstrasse,lightgbm,autumn_2024,63,2,6.55219080866572,2.0,4.55219080866572
lothstrasse,lightgbm,autumn_2024,64,2,6.876442604074592,2.0,4.876442604074592
lothstrasse,lightgbm,autumn_2024,65,2,7.279095399959241,4.0,3.2790953999592407
lothstrasse,lightgbm,autumn_2024,66,2,7.376767127215733,3.0,4.376767127215733
lothstrasse,lightgbm,autumn_2024,67,2,7.179463934835899,2.0,5.179463934835899
lothstrasse,lightgbm,autumn_2024,68,2,7.35342340306747,4.0,3.3534234030674703
lothstrasse,lightgbm,autumn_2024,69,2,7.069491662783939,5.0,2.069491662783939
lothstrasse,lightgbm,autumn_2024,70,2,6.219410577820244,6.0,0.21941057782024398
lothstrasse,lightgbm,autumn_2024,71,2,6.510809771174518,8.0,1.489190228825482
lothstrasse,lightgbm,autumn_2024,72,3,6.341914947125993,10.0,3.658085052874007
lothstrasse,lightgbm,autumn_2024,73,3,6.496714906768045,9.0,2.5032850932319546
lothstrasse,lightgbm,autumn_2024,74,3,6.223073399530684,7.0,0.7769266004693156
lothstrasse,lightgbm,autumn_2024,75,3,6.008276295105641,6.0,0.008276295105640763
lothstrasse,lightgbm,autumn_2024,76,3,5.181105751691295,5.0,0.18110575169129461
lothstrasse,lightgbm,autumn_2024,77,3,5.250739010337841,6.0,0.7492609896621589
lothstrasse,lightgbm,autumn_2024,78,3,5.485950291663537,7.0,1.5140497083364632
lothstrasse,lightgbm,autumn_2024,79,3,5.4545664727608845,9.0,3.5454335272391155
lothstrasse,lightgbm,autumn_2024,80,3,5.52596627380862,10.0,4.47403372619138
lothstrasse,lightgbm,autumn_2024,81,3,5.558692031878478,8.0,2.4413079681215217
lothstrasse,lightgbm,autumn_2024,82,3,5.33507345922941,9.0,3.6649265407705904
lothstrasse,lightgbm,autumn_2024,83,3,5.247003316136033,8.0,2.752996683863967
lothstrasse,lightgbm,autumn_2024,84,3,5.26425004010886,7.0,1.7357499598911401
lothstrasse,lightgbm,autumn_2024,85,3,5.221145671186629,6.0,0.7788543288133711
lothstrasse,lightgbm,autumn_2024,86,3,5.0843777559612455,4.0,1.0843777559612455
lothstrasse,lightgbm,autumn_2024,87,3,5.189502201294897,3.0,2.1895022012948973
lothstrasse,lightgbm,autumn_2024,88,3,5.4755814150550295,2.0,3.4755814150550295
lothstrasse,lightgbm,autumn_2024,89,3,5.788529424549393,2.0,3.7885294245493926
lothstrasse,lightgbm,autumn_2024,90,3,6.107461028674796,2.0,4.107461028674796
lothstrasse,lightgbm,autumn_2024,91,3,6.021355323204387,2.0,4.021355323204387
lothstrasse,lightgbm,autumn_2024,92,3,5.842895430024776,2.0,3.842895430024776
lothstrasse,lightgbm,autumn_2024,93,3,5.63930749700537,2.0,3.63930749700537
lothstrasse,lightgbm,autumn_2024,94,3,5.357625520537924,2.0,3.3576255205379244
lothstrasse,lightgbm,autumn_2024,95,3,5.815497845871936,3.0,2.8154978458719357
lothstrasse,lightgbm,autumn_2024,96,4,6.435535942454082,2.0,4.435535942454082
lothstrasse,lightgbm,autumn_2024,97,4,7.290732954193628,2.0,5.290732954193628
lothstrasse,lightgbm,autumn_2024,98,4,7.251011900055079,3.0,4.251011900055079
lothstrasse,lightgbm,autumn_2024,99,4,6.954980312620158,2.0,4.954980312620158
lothstrasse,lightgbm,autumn_2024,100,4,7.281028343207691,3.0,4.281028343207691
lothstrasse,lightgbm,autumn_2024,101,4,7.52466755411374,2.0,5.52466755411374
lothstrasse,lightgbm,autumn_2024,102,4,7.015992600987723,2.0,5.015992600987723
lothstrasse,lightgbm,autumn_2024,103,4,6.736962979982458,5.0,1.736962979982458
lothstrasse,lightgbm,autumn_2024,104,4,6.986458133271393,6.0,0.9864581332713929
lothstrasse,lightgbm,autumn_2024,105,4,5.91682585244415,5.0,0.9168258524441502
lothstrasse,lightgbm,autumn_2024,106,4,4.719989808547419,2.0,2.7199898085474192
lothstrasse,lightgbm,autumn_2024,107,4,4.701082710474621,2.0,2.701082710474621
lothstrasse,lightgbm,autumn_2024,108,4,4.29830568218318,3.0,1.2983056821831802
lothstrasse,lightgbm,autumn_2024,109,4,4.25113308598608,4.0,0.25113308598607986
lothstrasse,lightgbm,autumn_2024,110,4,4.4659744925343245,3.0,1.4659744925343245
lothstrasse,lightgbm,autumn_2024,111,4,4.782383096601078,7.0,2.2176169033989224
lothstrasse,lightgbm,autumn_2024,112,4,5.4637293367877735,9.0,3.5362706632122265
lothstrasse,lightgbm,autumn_2024,113,4,5.850491014873899,6.0,0.14950898512610067
lothstrasse,lightgbm,autumn_2024,114,4,6.143926897664719,10.0,3.856073102335281
lothstrasse,lightgbm,autumn_2024,115,4,5.565720950740902,7.0,1.4342790492590982
lothstrasse,lightgbm,autumn_2024,116,4,5.606161492957626,7.0,1.393838507042374
lothstrasse,lightgbm,autumn_2024,117,4,5.9642298343155735,8.0,2.0357701656844265
lothstrasse,lightgbm,autumn_2024,118,4,6.293793281690726,4.0,2.293793281690726
lothstrasse,lightgbm,autumn_2024,119,4,6.976653760596245,5.0,1.9766537605962453
lothstrasse,lightgbm,autumn_2024,120,5,7.361802010358942,5.0,2.361802010358942
lothstrasse,lightgbm,autumn_2024,121,5,7.885585539305534,3.0,4.885585539305534
lothstrasse,lightgbm,autumn_2024,122,5,7.595969074740584,3.0,4.595969074740584
lothstrasse,lightgbm,autumn_2024,123,5,6.262982323481861,2.0,4.262982323481861
lothstrasse,lightgbm,autumn_2024,124,5,5.674039689760992,3.0,2.674039689760992
lothstrasse,lightgbm,autumn_2024,125,5,5.107279607810041,4.0,1.1072796078100406
lothstrasse,lightgbm,autumn_2024,126,5,5.190440814247891,5.0,0.19044081424789105
lothstrasse,lightgbm,autumn_2024,127,5,5.388941008525459,6.0,0.6110589914745406
lothstrasse,lightgbm,autumn_2024,128,5,5.382453987021353,4.0,1.3824539870213526
lothstrasse,lightgbm,autumn_2024,129,5,5.126017602848767,3.0,2.1260176028487674
lothstrasse,lightgbm,autumn_2024,130,5,5.021518723011489,2.0,3.0215187230114893
lothstrasse,lightgbm,autumn_2024,131,5,3.733044078229804,1.0,2.733044078229804
lothstrasse,lightgbm,autumn_2024,132,5,3.6241868356608196,0.9,2.7241868356608196
lothstrasse,lightgbm,autumn_2024,133,5,3.1816834763639177,2.0,1.1816834763639177
lothstrasse,lightgbm,autumn_2024,134,5,3.135097827869734,2.0,1.1350978278697341
lothstrasse,lightgbm,autumn_2024,135,5,3.379479906995404,1.0,2.379479906995404
lothstrasse,lightgbm,autumn_2024,136,5,3.7843616375368074,2.0,1.7843616375368074
lothstrasse,lightgbm,autumn_2024,137,5,4.620136050404548,3.0,1.6201360504045477
lothstrasse,lightgbm,autumn_2024,138,5,5.797611811449967,3.0,2.7976118114499666
lothstrasse,lightgbm,autumn_2024,139,5,6.478329952858414,2.0,4.478329952858414
lothstrasse,lightgbm,autumn_2024,140,5,6.848445062140176,4.0,2.8484450621401756
lothstrasse,lightgbm,autumn_2024,141,5,6.632930884392038,6.0,0.6329308843920378
lothstrasse,lightgbm,autumn_2024,142,5,6.188441371960794,7.0,0.8115586280392062
lothstrasse,lightgbm,autumn_2024,143,5,5.795092515227269,4.0,1.7950925152272692
lothstrasse,lightgbm,autumn_2024,144,6,5.219878464235446,5.0,0.2198784642354461
lothstrasse,lightgbm,autumn_2024,145,6,5.220629866248324,5.0,0.22062986624832437
lothstrasse,lightgbm,autumn_2024,146,6,5.171703346962482,4.0,1.1717033469624818
lothstrasse,lightgbm,autumn_2024,147,6,5.12812489726338,2.0,3.1281248972633797
lothstrasse,lightgbm,autumn_2024,148,6,5.046498003954176,3.0,2.0464980039541762
lothstrasse,lightgbm,autumn_2024,149,6,4.178144634921202,1.0,3.1781446349212024
lothstrasse,lightgbm,autumn_2024,150,6,4.159507038930763,1.0,3.159507038930763
lothstrasse,lightgbm,autumn_2024,151,6,3.6091394169424955,1.0,2.6091394169424955
lothstrasse,lightgbm,autumn_2024,152,6,3.3178597472604716,1.0,2.3178597472604716
lothstrasse,lightgbm,autumn_2024,153,6,2.829353893428487,1.0,1.829353893428487
lothstrasse,lightgbm,autumn_2024,154,6,3.0117319345861406,2.0,1.0117319345861406
lothstrasse,lightgbm,autumn_2024,155,6,2.939820939505273,3.0,0.06017906049472721
lothstrasse,lightgbm,autumn_2024,156,6,3.099981051769406,4.0,0.9000189482305938
lothstrasse,lightgbm,autumn_2024,157,6,3.2639220349043483,3.0,0.2639220349043483
lothstrasse,lightgbm,autumn_2024,158,6,3.3838501092828825,4.0,0.6161498907171175
lothstrasse,lightgbm,autumn_2024,159,6,3.8258098710946933,5.0,1.1741901289053067
lothstrasse,lightgbm,autumn_2024,160,6,4.728179867413261,6.0,1.2718201325867389
lothstrasse,lightgbm,autumn_2024,161,6,6.189454886198963,8.0,1.8105451138010373
lothstrasse,lightgbm,autumn_2024,162,6,8.872135879915007,10.0,1.1278641200849933
lothstrasse,lightgbm,autumn_2024,163,6,9.694920187685579,12.0,2.305079812314421
lothstrasse,lightgbm,autumn_2024,164,6,10.005086632982122,11.0,0.9949133670178778
lothstrasse,lightgbm,autumn_2024,165,6,9.704678827736416,11.0,1.2953211722635842
lothstrasse,lightgbm,autumn_2024,166,6,9.681422881674349,12.0,2.318577118325651
lothstrasse,lightgbm,autumn_2024,167,6,9.299186412256661,13.0,3.7008135877433386
lothstrasse,lightgbm,autumn_2024,168,7,8.689507940691646,14.0,5.310492059308354
lothstrasse,lightgbm,autumn_2024,169,7,8.615134203047939,13.0,4.384865796952061
lothstrasse,lightgbm,autumn_2024,170,7,8.33511151505682,11.0,2.66488848494318
lothstrasse,lightgbm,autumn_2024,171,7,7.990194005957252,9.0,1.0098059940427477
lothstrasse,lightgbm,autumn_2024,172,7,7.5358429663027175,7.0,0.5358429663027175
lothstrasse,lightgbm,autumn_2024,173,7,7.325158401796565,7.0,0.32515840179656497
lothstrasse,lightgbm,autumn_2024,174,7,7.378397729761018,6.0,1.3783977297610184
lothstrasse,lightgbm,autumn_2024,175,7,7.526464438356238,5.0,2.5264644383562382
lothstrasse,lightgbm,autumn_2024,176,7,7.064862684481119,7.0,0.06486268448111865
lothstrasse,lightgbm,autumn_2024,177,7,7.194125308805331,12.0,4.805874691194669
lothstrasse,lightgbm,autumn_2024,178,7,7.456143176881261,10.0,2.5438568231187393
lothstrasse,lightgbm,autumn_2024,179,7,7.221791691353958,5.0,2.2217916913539577
lothstrasse,lightgbm,autumn_2024,180,7,7.283178962226113,5.0,2.2831789622261134
lothstrasse,lightgbm,autumn_2024,181,7,7.257159287006026,2.0,5.257159287006026
lothstrasse,lightgbm,autumn_2024,182,7,7.183346667070528,1.0,6.183346667070528
lothstrasse,lightgbm,autumn_2024,183,7,7.329784959217041,3.0,4.329784959217041
lothstrasse,lightgbm,autumn_2024,184,7,7.804720321227732,4.0,3.804720321227732
lothstrasse,lightgbm,autumn_2024,185,7,7.22729710174364,2.0,5.22729710174364
lothstrasse,lightgbm,autumn_2024,186,7,6.702074520801613,1.0,5.702074520801613
lothstrasse,lightgbm,autumn_2024,187,7,6.078543143914166,0.7,5.3785431439141655
lothstrasse,lightgbm,autumn_2024,188,7,5.306515045193886,0.8,4.506515045193886
lothstrasse,lightgbm,autumn_2024,189,7,4.877391167438996,1.0,3.8773911674389963
lothstrasse,lightgbm,autumn_2024,190,7,3.8851540347662885,1.0,2.8851540347662885
lothstrasse,lightgbm,autumn_2024,191,7,3.288773309018156,1.0,2.288773309018156
lothstrasse,lightgbm,autumn_2024,192,8,3.0558393638474284,1.0,2.0558393638474284
lothstrasse,lightgbm,autumn_2024,193,8,2.706980960134732,0.8,1.9069809601347318
lothstrasse,lightgbm,autumn_2024,194,8,2.6178965193429797,0.8,1.8178965193429797
lothstrasse,lightgbm,autumn_2024,195,8,2.695949462654849,0.8,1.8959494626548488
lothstrasse,lightgbm,autumn_2024,196,8,2.796589449062714,2.0,0.7965894490627141
lothstrasse,lightgbm,autumn_2024,197,8,2.7736058440858584,2.0,0.7736058440858584
lothstrasse,lightgbm,autumn_2024,198,8,2.995359707885942,3.0,0.004640292114058031
lothstrasse,lightgbm,autumn_2024,199,8,2.790769312270545,3.0,0.20923068772945497
lothstrasse,lightgbm,autumn_2024,200,8,2.7595856273913983,3.0,0.24041437260860166
lothstrasse,lightgbm,autumn_2024,201,8,1.9328279564804862,2.0,0.06717204351951378
lothstrasse,lightgbm,autumn_2024,202,8,2.0723364343338107,3.0,0.9276635656661893
lothstrasse,lightgbm,autumn_2024,203,8,2.0978075253923074,3.0,0.9021924746076926
lothstrasse,lightgbm,autumn_2024,204,8,2.2093082092839142,4.0,1.7906917907160858
lothstrasse,lightgbm,autumn_2024,205,8,2.8428012153066775,4.0,1.1571987846933225
lothstrasse,lightgbm,autumn_2024,206,8,2.954612569508104,4.0,1.0453874304918962
lothstrasse,lightgbm,autumn_2024,207,8,3.2563690143638975,4.0,0.7436309856361025
lothstrasse,lightgbm,autumn_2024,208,8,3.7105175497874296,4.0,0.28948245021257035
lothstrasse,lightgbm,autumn_2024,209,8,4.606049474624888,7.0,2.3939505253751117
lothstrasse,lightgbm,autumn_2024,210,8,5.740145427681367,7.0,1.2598545723186332
lothstrasse,lightgbm,autumn_2024,211,8,5.991536899831968,3.0,2.991536899831968
lothstrasse,lightgbm,autumn_2024,212,8,5.622000626015443,2.0,3.622000626015443
lothstrasse,lightgbm,autumn_2024,213,8,5.324537890697184,2.0,3.324537890697184
lothstrasse,lightgbm,autumn_2024,214,8,4.972307499427207,2.0,2.972307499427207
lothstrasse,lightgbm,autumn_2024,215,8,4.198218967512449,2.0,2.1982189675124486
lothstrasse,lightgbm,autumn_2024,216,9,4.108598712551895,1.0,3.1085987125518946
lothstrasse,lightgbm,autumn_2024,217,9,3.6976486317678634,1.0,2.6976486317678634
lothstrasse,lightgbm,autumn_2024,218,9,3.526753752344996,1.0,2.526753752344996
lothstrasse,lightgbm,autumn_2024,219,9,3.1279961988994716,1.0,2.1279961988994716
lothstrasse,lightgbm,autumn_2024,220,9,3.032945375423356,1.0,2.032945375423356
lothstrasse,lightgbm,autumn_2024,221,9,1.9130499693553846,1.0,0.9130499693553846
lothstrasse,lightgbm,autumn_2024,222,9,2.2429626641103484,0.9,1.3429626641103485
lothstrasse,lightgbm,autumn_2024,223,9,2.7590351696670297,0.8,1.9590351696670296
lothstrasse,lightgbm,autumn_2024,224,9,2.871441126642802,0.8,2.071441126642802
lothstrasse,lightgbm,autumn_2024,225,9,2.718622761908914,0.9,1.8186227619089141
lothstrasse,lightgbm,autumn_2024,226,9,2.8323831424945305,1.0,1.8323831424945305
lothstrasse,lightgbm,autumn_2024,227,9,2.8024789584057785,1.0,1.8024789584057785
lothstrasse,lightgbm,autumn_2024,228,9,2.8253393883184503,1.0,1.8253393883184503
lothstrasse,lightgbm,autumn_2024,229,9,2.89163631099558,1.0,1.89163631099558
lothstrasse,lightgbm,autumn_2024,230,9,2.8800127379040155,1.0,1.8800127379040155
lothstrasse,lightgbm,autumn_2024,231,9,3.118175740807117,2.0,1.118175740807117
lothstrasse,lightgbm,autumn_2024,232,9,3.4897764144973142,2.0,1.4897764144973142
lothstrasse,lightgbm,autumn_2024,233,9,3.6225103360482827,2.0,1.6225103360482827
lothstrasse,lightgbm,autumn_2024,234,9,3.583726323012599,2.0,1.5837263230125989
lothstrasse,lightgbm,autumn_2024,235,9,3.1434484759461343,1.0,2.1434484759461343
lothstrasse,lightgbm,autumn_2024,236,9,2.9575122762417463,1.0,1.9575122762417463
lothstrasse,lightgbm,autumn_2024,237,9,2.8495776624405083,1.0,1.8495776624405083
lothstrasse,lightgbm,autumn_2024,238,9,3.010097443451086,1.0,2.010097443451086
lothstrasse,lightgbm,autumn_2024,239,9,3.01478120787291,1.0,2.01478120787291
lothstrasse,lightgbm,autumn_2024,240,10,3.209143050577452,1.0,2.209143050577452
lothstrasse,lightgbm,autumn_2024,241,10,3.412309437734622,1.0,2.412309437734622
lothstrasse,lightgbm,autumn_2024,242,10,3.1720708371411193,0.9,2.2720708371411193
lothstrasse,lightgbm,autumn_2024,243,10,3.186998591027929,0.9,2.286998591027929
lothstrasse,lightgbm,autumn_2024,244,10,2.9649245638868567,1.0,1.9649245638868567
lothstrasse,lightgbm,autumn_2024,245,10,2.693407219904636,1.0,1.693407219904636
lothstrasse,lightgbm,autumn_2024,246,10,2.860049676482861,1.0,1.860049676482861
lothstrasse,lightgbm,autumn_2024,247,10,2.812324818741534,1.0,1.812324818741534
lothstrasse,lightgbm,autumn_2024,248,10,2.6286699839658394,1.0,1.6286699839658394
lothstrasse,lightgbm,autumn_2024,249,10,2.7294460767389466,1.0,1.7294460767389466
lothstrasse,lightgbm,autumn_2024,250,10,2.7490307365204245,1.0,1.7490307365204245
lothstrasse,lightgbm,autumn_2024,251,10,2.6118863833425094,1.0,1.6118863833425094
lothstrasse,lightgbm,autumn_2024,252,10,2.718306858141435,1.0,1.718306858141435
lothstrasse,lightgbm,autumn_2024,253,10,2.6683702380585865,1.0,1.6683702380585865
lothstrasse,lightgbm,autumn_2024,254,10,2.7490788209165644,1.0,1.7490788209165644
lothstrasse,lightgbm,autumn_2024,255,10,2.8386498202581008,2.0,0.8386498202581008
lothstrasse,lightgbm,autumn_2024,256,10,2.9735383247081164,2.0,0.9735383247081164
lothstrasse,lightgbm,autumn_2024,257,10,3.0837438212917827,2.0,1.0837438212917827
lothstrasse,lightgbm,autumn_2024,258,10,3.228564940743963,2.0,1.2285649407439632
lothstrasse,lightgbm,autumn_2024,259,10,3.9780647580888133,3.0,0.9780647580888133
lothstrasse,lightgbm,autumn_2024,260,10,4.4827423538077955,5.0,0.5172576461922045
lothstrasse,lightgbm,autumn_2024,261,10,5.262912192565962,5.0,0.2629121925659623
lothstrasse,lightgbm,autumn_2024,262,10,6.408491722441701,12.0,5.591508277558299
lothstrasse,lightgbm,autumn_2024,263,10,6.972028680211239,10.0,3.0279713197887608
lothstrasse,lightgbm,autumn_2024,264,11,6.169305622984869,11.0,4.830694377015131
lothstrasse,lightgbm,autumn_2024,265,11,6.006819257733709,12.0,5.993180742266291
lothstrasse,lightgbm,autumn_2024,266,11,5.737925287018143,13.0,7.262074712981857
lothstrasse,lightgbm,autumn_2024,267,11,5.764495840300284,11.0,5.235504159699716
lothstrasse,lightgbm,autumn_2024,268,11,5.692831611192259,9.0,3.3071683888077414
lothstrasse,lightgbm,autumn_2024,269,11,5.902925206375631,5.0,0.902925206375631
lothstrasse,lightgbm,autumn_2024,270,11,5.880469030327446,4.0,1.880469030327446
lothstrasse,lightgbm,autumn_2024,271,11,5.526082873587914,2.0,3.5260828735879137
lothstrasse,lightgbm,autumn_2024,272,11,4.941340049056869,1.0,3.941340049056869
lothstrasse,lightgbm,autumn_2024,273,11,4.135115860393363,1.0,3.1351158603933627
lothstrasse,lightgbm,autumn_2024,274,11,3.5315456360945685,1.0,2.5315456360945685
lothstrasse,lightgbm,autumn_2024,275,11,2.806213184632401,2.0,0.806213184632401
lothstrasse,lightgbm,autumn_2024,276,11,2.773936458634988,2.0,0.7739364586349882
lothstrasse,lightgbm,autumn_2024,277,11,2.8396151729493515,1.0,1.8396151729493515
lothstrasse,lightgbm,autumn_2024,278,11,3.1673290567500754,2.0,1.1673290567500754
lothstrasse,lightgbm,autumn_2024,279,11,3.7485367170075863,1.0,2.7485367170075863
lothstrasse,lightgbm,autumn_2024,280,11,5.231693922856217,2.0,3.231693922856217
lothstrasse,lightgbm,autumn_2024,281,11,7.438872811640587,6.0,1.4388728116405867
lothstrasse,lightgbm,autumn_2024,282,11,9.381118416476115,7.0,2.3811184164761148
lothstrasse,lightgbm,autumn_2024,283,11,10.004632547318524,11.0,0.9953674526814762
lothstrasse,lightgbm,autumn_2024,284,11,9.034653214513787,8.0,1.0346532145137868
lothstrasse,lightgbm,autumn_2024,285,11,6.836848925239118,6.0,0.836848925239118
lothstrasse,lightgbm,autumn_2024,286,11,5.4230000941523056,5.0,0.42300009415230555
lothstrasse,lightgbm,autumn_2024,287,11,4.955585138348568,6.0,1.0444148616514317
lothstrasse,lightgbm,autumn_2024,288,12,4.610414414095847,4.0,0.610414414095847
lothstrasse,lightgbm,autumn_2024,289,12,4.3913820752338415,3.0,1.3913820752338415
lothstrasse,lightgbm,autumn_2024,290,12,3.531943870541106,2.0,1.531943870541106
lothstrasse,lightgbm,autumn_2024,291,12,2.826329012884364,2.0,0.8263290128843641
lothstrasse,lightgbm,autumn_2024,292,12,2.5661257163360816,1.0,1.5661257163360816
lothstrasse,lightgbm,autumn_2024,293,12,2.603707933729327,1.0,1.6037079337293272
lothstrasse,lightgbm,autumn_2024,294,12,2.63020487321985,1.0,1.6302048732198502
lothstrasse,lightgbm,autumn_2024,295,12,2.591942524183515,1.0,1.5919425241835148
lothstrasse,lightgbm,autumn_2024,296,12,2.7225074948704107,2.0,0.7225074948704107
lothstrasse,lightgbm,autumn_2024,297,12,2.7382631046007004,2.0,0.7382631046007004
lothstrasse,lightgbm,autumn_2024,298,12,3.036070823669606,2.0,1.036070823669606
lothstrasse,lightgbm,autumn_2024,299,12,3.2377110197895425,2.0,1.2377110197895425
lothstrasse,lightgbm,autumn_2024,300,12,3.506034075037119,1.0,2.506034075037119
lothstrasse,lightgbm,autumn_2024,301,12,3.6595924319963427,1.0,2.6595924319963427
lothstrasse,lightgbm,autumn_2024,302,12,3.5357870364906545,1.0,2.5357870364906545
lothstrasse,lightgbm,autumn_2024,303,12,3.5264718201570404,1.0,2.5264718201570404
lothstrasse,lightgbm,autumn_2024,304,12,3.192606416496495,1.0,2.192606416496495
lothstrasse,lightgbm,autumn_2024,305,12,3.841243479214013,3.0,0.8412434792140129
lothstrasse,lightgbm,autumn_2024,306,12,4.2152759499918995,5.0,0.7847240500081005
lothstrasse,lightgbm,autumn_2024,307,12,5.057074447315365,6.0,0.9429255526846347
lothstrasse,lightgbm,autumn_2024,308,12,5.18875924282694,4.0,1.18875924282694
lothstrasse,lightgbm,autumn_2024,309,12,5.632459639413422,5.0,0.6324596394134216
lothstrasse,lightgbm,autumn_2024,310,12,5.751476364676538,8.0,2.248523635323462
lothstrasse,lightgbm,autumn_2024,311,12,5.3920730823750365,7.0,1.6079269176249635
lothstrasse,lightgbm,autumn_2024,312,13,5.510648393840973,5.0,0.5106483938409729
lothstrasse,lightgbm,autumn_2024,313,13,5.439648531633008,2.0,3.439648531633008
lothstrasse,lightgbm,autumn_2024,314,13,5.376708998451602,2.0,3.376708998451602
lothstrasse,lightgbm,autumn_2024,315,13,5.227934301609686,2.0,3.227934301609686
lothstrasse,lightgbm,autumn_2024,316,13,5.180714771028331,1.0,4.180714771028331
lothstrasse,lightgbm,autumn_2024,317,13,5.400009609955595,1.0,4.400009609955595
lothstrasse,lightgbm,autumn_2024,318,13,5.596487987900412,2.0,3.596487987900412
lothstrasse,lightgbm,autumn_2024,319,13,6.089764239848155,2.0,4.089764239848155
lothstrasse,lightgbm,autumn_2024,320,13,5.91477163131277,3.0,2.91477163131277
lothstrasse,lightgbm,autumn_2024,321,13,5.78370106145925,6.0,0.2162989385407501
lothstrasse,lightgbm,autumn_2024,322,13,4.836940853408275,5.0,0.16305914659172505
lothstrasse,lightgbm,autumn_2024,323,13,4.659399162579015,7.0,2.3406008374209852
lothstrasse,lightgbm,autumn_2024,324,13,5.3528225801553395,8.0,2.6471774198446605
lothstrasse,lightgbm,autumn_2024,325,13,6.2461458508830985,9.0,2.7538541491169015
lothstrasse,lightgbm,autumn_2024,326,13,8.25705743294219,8.0,0.2570574329421902
lothstrasse,lightgbm,autumn_2024,327,13,10.439303925078729,7.0,3.439303925078729
lothstrasse,lightgbm,autumn_2024,328,13,10.883050962296911,9.0,1.8830509622969114
lothstrasse,lightgbm,autumn_2024,329,13,10.878716876141155,9.0,1.878716876141155
lothstrasse,lightgbm,autumn_2024,330,13,11.528447131335446,14.0,2.4715528686645545
lothstrasse,lightgbm,autumn_2024,331,13,12.214299659679217,10.0,2.2142996596792166
lothstrasse,lightgbm,autumn_2024,332,13,8.451663117892917,5.0,3.4516631178929167
lothstrasse,lightgbm,autumn_2024,333,13,5.963744620401946,3.0,2.963744620401946
lothstrasse,lightgbm,autumn_2024,334,13,6.528940422401135,2.0,4.528940422401135
lothstrasse,lightgbm,autumn_2024,335,13,8.200555404165366,2.0,6.200555404165366
lothstrasse,lightgbm,autumn_2024,336,14,9.448497412496089,2.0,7.4484974124960885
lothstrasse,lightgbm,autumn_2024,337,14,9.1232004417583,2.0,7.1232004417583
lothstrasse,lightgbm,autumn_2024,338,14,9.075143458994265,2.0,7.075143458994265
lothstrasse,lightgbm,autumn_2024,339,14,8.99881739326575,2.0,6.99881739326575
lothstrasse,lightgbm,autumn_2024,340,14,9.482777491073128,2.0,7.4827774910731275
lothstrasse,lightgbm,autumn_2024,341,14,10.296673320222846,4.0,6.296673320222846
lothstrasse,lightgbm,autumn_2024,342,14,13.627348054643358,5.0,8.627348054643358
lothstrasse,lightgbm,autumn_2024,343,14,17.23728400850608,5.0,12.23728400850608
lothstrasse,lightgbm,autumn_2024,344,14,19.373888568281497,7.0,12.373888568281497
lothstrasse,lightgbm,autumn_2024,345,14,20.022874092755114,7.0,13.022874092755114
lothstrasse,lightgbm,autumn_2024,346,14,18.310232941065646,5.0,13.310232941065646
lothstrasse,lightgbm,autumn_2024,347,14,14.657464195103548,7.0,7.6574641951035485
lothstrasse,lightgbm,autumn_2024,348,14,11.715263719964613,7.0,4.715263719964613
lothstrasse,lightgbm,autumn_2024,349,14,10.933147582980883,5.0,5.933147582980883
lothstrasse,lightgbm,autumn_2024,350,14,10.61185090633989,6.0,4.611850906339891
lothstrasse,lightgbm,autumn_2024,351,14,10.196099629888462,6.0,4.196099629888462
lothstrasse,lightgbm,autumn_2024,352,14,10.883614524526735,7.0,3.8836145245267346
lothstrasse,lightgbm,autumn_2024,353,14,11.123831618180745,8.0,3.123831618180745
lothstrasse,lightgbm,autumn_2024,354,14,11.58978901452849,8.0,3.58978901452849
lothstrasse,lightgbm,autumn_2024,355,14,12.009086826373839,9.0,3.0090868263738386
lothstrasse,lightgbm,autumn_2024,356,14,11.824444910445656,9.0,2.8244449104456564
lothstrasse,lightgbm,autumn_2024,357,14,10.454241832624202,7.0,3.454241832624202
lothstrasse,lightgbm,autumn_2024,358,14,9.171827081898744,7.0,2.171827081898744
lothstrasse,lightgbm,autumn_2024,359,14,8.816919593855118,6.0,2.8169195938551184
lothstrasse,lightgbm,autumn_2024,360,15,8.779805619540673,8.0,0.7798056195406726
lothstrasse,lightgbm,autumn_2024,361,15,8.24127678191958,5.0,3.2412767819195807
lothstrasse,lightgbm,autumn_2024,362,15,7.750437347319502,5.0,2.750437347319502
lothstrasse,lightgbm,autumn_2024,363,15,6.5278038852595595,6.0,0.5278038852595595
lothstrasse,lightgbm,autumn_2024,364,15,6.028211693814413,7.0,0.9717883061855872
lothstrasse,lightgbm,autumn_2024,365,15,6.087475897635182,8.0,1.9125241023648183
lothstrasse,lightgbm,autumn_2024,366,15,6.065582171707742,8.0,1.9344178282922577
lothstrasse,lightgbm,autumn_2024,367,15,6.130793343388204,7.0,0.8692066566117962
lothstrasse,lightgbm,autumn_2024,368,15,6.263739587682336,9.0,2.736260412317664
lothstrasse,lightgbm,autumn_2024,369,15,6.521280016176486,8.0,1.478719983823514
lothstrasse,lightgbm,autumn_2024,370,15,6.461504061635972,8.0,1.5384959383640284
lothstrasse,lightgbm,autumn_2024,371,15,6.597731102432176,9.0,2.402268897567824
lothstrasse,lightgbm,autumn_2024,372,15,6.5488336417011785,9.0,2.4511663582988215
lothstrasse,lightgbm,autumn_2024,373,15,6.742616131777396,7.0,0.25738386822260395
lothstrasse,lightgbm,autumn_2024,374,15,6.603550172053888,2.0,4.603550172053888
lothstrasse,lightgbm,autumn_2024,375,15,7.022042975480619,4.0,3.022042975480619
lothstrasse,lightgbm,autumn_2024,376,15,7.410864413417655,6.0,1.410864413417655
lothstrasse,lightgbm,autumn_2024,377,15,8.205548284465808,8.0,0.20554828446580764
lothstrasse,lightgbm,autumn_2024,378,15,9.183706696887151,9.0,0.18370669688715147
lothstrasse,lightgbm,autumn_2024,379,15,9.652395009194722,10.0,0.3476049908052783
lothstrasse,lightgbm,autumn_2024,380,15,9.191063170251702,9.0,0.19106317025170227
lothstrasse,lightgbm,autumn_2024,381,15,9.011522169302307,9.0,0.01152216930230665
lothstrasse,lightgbm,autumn_2024,382,15,8.712325296403852,9.0,0.28767470359614755
lothstrasse,lightgbm,autumn_2024,383,15,8.626636685570455,10.0,1.373363314429545
lothstrasse,lightgbm,autumn_2024,384,16,8.800294508781683,9.0,0.19970549121831738
lothstrasse,lightgbm,autumn_2024,385,16,8.813743253568667,8.0,0.8137432535686671
lothstrasse,lightgbm,autumn_2024,386,16,8.732142201596659,9.0,0.267857798403341
lothstrasse,lightgbm,autumn_2024,387,16,8.656430772453753,8.0,0.6564307724537528
lothstrasse,lightgbm,autumn_2024,388,16,8.761693600095487,6.0,2.7616936000954873
lothstrasse,lightgbm,autumn_2024,389,16,8.966128868471543,6.0,2.966128868471543
lothstrasse,lightgbm,autumn_2024,390,16,9.653642459064145,6.0,3.6536424590641445
lothstrasse,lightgbm,autumn_2024,391,16,10.622614180524389,8.0,2.6226141805243888
lothstrasse,lightgbm,autumn_2024,392,16,11.598166218079719,8.0,3.5981662180797187
lothstrasse,lightgbm,autumn_2024,393,16,12.970928754559598,8.0,4.970928754559598
lothstrasse,lightgbm,autumn_2024,394,16,12.896725372314961,8.0,4.896725372314961
lothstrasse,lightgbm,autumn_2024,395,16,11.818106418141674,6.0,5.818106418141674
lothstrasse,lightgbm,autumn_2024,396,16,10.284504694265635,5.0,5.284504694265635
lothstrasse,lightgbm,autumn_2024,397,16,8.323924226626367,3.0,5.323924226626367
lothstrasse,lightgbm,autumn_2024,398,16,8.81849324140699,5.0,3.8184932414069905
lothstrasse,lightgbm,autumn_2024,399,16,9.644770178799558,7.0,2.6447701787995577
lothstrasse,lightgbm,autumn_2024,400,16,10.108324819866052,7.0,3.108324819866052
lothstrasse,lightgbm,autumn_2024,401,16,11.43384819537891,8.0,3.4338481953789106
lothstrasse,lightgbm,autumn_2024,402,16,12.0317295889491,9.0,3.0317295889490996
lothstrasse,lightgbm,autumn_2024,403,16,12.723227034727095,11.0,1.7232270347270955
lothstrasse,lightgbm,autumn_2024,404,16,12.740849382305964,10.0,2.7408493823059636
lothstrasse,lightgbm,autumn_2024,405,16,12.176756268706013,7.0,5.176756268706013
lothstrasse,lightgbm,autumn_2024,406,16,11.92572428315429,6.0,5.92572428315429
lothstrasse,lightgbm,autumn_2024,407,16,11.601388410337218,7.0,4.6013884103372185
lothstrasse,lightgbm,autumn_2024,408,17,12.299739414939625,9.0,3.2997394149396246
lothstrasse,lightgbm,autumn_2024,409,17,12.552455873892706,12.0,0.5524558738927059
lothstrasse,lightgbm,autumn_2024,410,17,12.427711670584468,14.0,1.5722883294155316
lothstrasse,lightgbm,autumn_2024,411,17,12.662424542804938,15.0,2.3375754571950615
lothstrasse,lightgbm,autumn_2024,412,17,12.563391217644908,13.0,0.4366087823550924
lothstrasse,lightgbm,autumn_2024,413,17,12.65317123164962,12.0,0.6531712316496208
lothstrasse,lightgbm,autumn_2024,414,17,13.298356921972461,13.0,0.2983569219724611
lothstrasse,lightgbm,autumn_2024,415,17,13.300048291248839,14.0,0.6999517087511613
lothstrasse,lightgbm,autumn_2024,416,17,13.702150625491422,10.0,3.702150625491422
lothstrasse,lightgbm,autumn_2024,417,17,14.504048778676353,7.0,7.504048778676353
lothstrasse,lightgbm,autumn_2024,418,17,15.647216703701355,3.0,12.647216703701355
lothstrasse,lightgbm,autumn_2024,419,17,16.142164455483403,3.0,13.142164455483403
lothstrasse,lightgbm,autumn_2024,420,17,17.005103775332497,9.0,8.005103775332497
lothstrasse,lightgbm,autumn_2024,421,17,17.07474671803471,14.0,3.07474671803471
lothstrasse,lightgbm,autumn_2024,422,17,15.671383535124498,13.0,2.671383535124498
lothstrasse,lightgbm,autumn_2024,423,17,15.324481857545278,14.0,1.324481857545278
lothstrasse,lightgbm,autumn_2024,424,17,17.475694858876544,16.0,1.475694858876544
lothstrasse,lightgbm,autumn_2024,425,17,20.397086789882653,22.0,1.6029132101173467
lothstrasse,lightgbm,autumn_2024,426,17,22.04180308329338,24.0,1.958196916706619
lothstrasse,lightgbm,autumn_2024,427,17,22.90496985705279,22.0,0.9049698570527909
lothstrasse,lightgbm,autumn_2024,428,17,21.306767625576104,20.0,1.3067676255761036
lothstrasse,lightgbm,autumn_2024,429,17,19.4276413964716,16.0,3.4276413964716
lothstrasse,lightgbm,autumn_2024,430,17,15.668712602880621,12.0,3.668712602880621
lothstrasse,lightgbm,autumn_2024,431,17,14.901120291031154,9.0,5.9011202910311535
lothstrasse,lightgbm,autumn_2024,432,18,12.535940119584977,5.0,7.535940119584977
lothstrasse,lightgbm,autumn_2024,433,18,9.395174508939808,6.0,3.3951745089398084
lothstrasse,lightgbm,autumn_2024,434,18,7.494091075033806,5.0,2.494091075033806
lothstrasse,lightgbm,autumn_2024,435,18,6.886964230643205,6.0,0.8869642306432048
lothstrasse,lightgbm,autumn_2024,436,18,6.25552181282534,6.0,0.25552181282534026
lothstrasse,lightgbm,autumn_2024,437,18,6.150315071461108,6.0,0.15031507146110812
lothstrasse,lightgbm,autumn_2024,438,18,5.69989148158379,6.0,0.3001085184162102
lothstrasse,lightgbm,autumn_2024,439,18,5.754096148733486,6.0,0.24590385126651437
lothstrasse,lightgbm,autumn_2024,440,18,9.050910946678265,9.0,0.05091094667826468
lothstrasse,lightgbm,autumn_2024,441,18,6.900468243345303,0.8,6.100468243345303
lothstrasse,lightgbm,autumn_2024,442,18,5.89579903415106,1.0,4.89579903415106
lothstrasse,lightgbm,autumn_2024,443,18,5.530100070271906,1.0,4.530100070271906
lothstrasse,lightgbm,autumn_2024,444,18,5.6463094895079164,1.0,4.6463094895079164
lothstrasse,lightgbm,autumn_2024,445,18,6.122422954499416,2.0,4.122422954499416
lothstrasse,lightgbm,autumn_2024,446,18,6.4717307962313875,5.0,1.4717307962313875
lothstrasse,lightgbm,autumn_2024,447,18,8.731971441528186,12.0,3.268028558471814
lothstrasse,lightgbm,autumn_2024,448,18,11.470236615669554,16.0,4.529763384330446
lothstrasse,lightgbm,autumn_2024,449,18,12.449259137916739,13.0,0.550740862083261
lothstrasse,lightgbm,autumn_2024,450,18,14.163179457484482,13.0,1.1631794574844818
lothstrasse,lightgbm,autumn_2024,451,18,15.139370695635998,15.0,0.13937069563599813
lothstrasse,lightgbm,autumn_2024,452,18,15.935968694320263,20.0,4.0640313056797375
lothstrasse,lightgbm,autumn_2024,453,18,16.614132931565734,23.0,6.3858670684342655
lothstrasse,lightgbm,autumn_2024,454,18,17.444941380770388,22.0,4.555058619229612
lothstrasse,lightgbm,autumn_2024,455,18,17.872684270024145,17.0,0.8726842700241448
lothstrasse,lightgbm,autumn_2024,456,19,18.01575811318962,15.0,3.0157581131896194
lothstrasse,lightgbm,autumn_2024,457,19,17.988409760284277,15.0,2.988409760284277
lothstrasse,lightgbm,autumn_2024,458,19,18.09195474676867,15.0,3.091954746768671
lothstrasse,lightgbm,autumn_2024,459,19,18.644067759075043,15.0,3.6440677590750425
lothstrasse,lightgbm,autumn_2024,460,19,19.72370973407815,16.0,3.723709734078149
lothstrasse,lightgbm,autumn_2024,461,19,21.276544971635786,15.0,6.276544971635786
lothstrasse,lightgbm,autumn_2024,462,19,19.79761769893484,11.0,8.79761769893484
lothstrasse,lightgbm,autumn_2024,463,19,20.624486530876954,13.0,7.624486530876954
lothstrasse,lightgbm,autumn_2024,464,19,19.122043743004273,11.0,8.122043743004273
lothstrasse,lightgbm,autumn_2024,465,19,16.394587664601175,9.0,7.3945876646011754
lothstrasse,lightgbm,autumn_2024,466,19,13.297912139303337,7.0,6.297912139303337
lothstrasse,lightgbm,autumn_2024,467,19,10.655206287580226,4.0,6.655206287580226
lothstrasse,lightgbm,autumn_2024,468,19,8.895984960832996,2.0,6.895984960832996
lothstrasse,lightgbm,autumn_2024,469,19,8.389009642834061,0.9,7.489009642834061
lothstrasse,lightgbm,autumn_2024,470,19,8.789423386087288,1.0,7.789423386087288
lothstrasse,lightgbm,autumn_2024,471,19,8.91062574448567,1.0,7.910625744485669
lothstrasse,lightgbm,autumn_2024,472,19,8.909706619317495,1.0,7.909706619317495
lothstrasse,lightgbm,autumn_2024,473,19,9.359064623914474,1.0,8.359064623914474
lothstrasse,lightgbm,autumn_2024,474,19,9.810348171376713,3.0,6.810348171376713
lothstrasse,lightgbm,autumn_2024,475,19,10.112128653293256,4.0,6.112128653293256
lothstrasse,lightgbm,autumn_2024,476,19,10.804875134860787,5.0,5.8048751348607865
lothstrasse,lightgbm,autumn_2024,477,19,10.1508155586426,6.0,4.1508155586426
lothstrasse,lightgbm,autumn_2024,478,19,10.150199951217596,6.0,4.150199951217596
lothstrasse,lightgbm,autumn_2024,479,19,10.14267881872284,5.0,5.142678818722841
lothstrasse,lightgbm,autumn_2024,480,20,9.836519452833018,7.0,2.836519452833018
lothstrasse,lightgbm,autumn_2024,481,20,9.379590769412411,7.0,2.3795907694124114
lothstrasse,lightgbm,autumn_2024,482,20,7.824842519746116,6.0,1.8248425197461158
lothstrasse,lightgbm,autumn_2024,483,20,6.891427272002948,6.0,0.8914272720029484
lothstrasse,lightgbm,autumn_2024,484,20,6.02691674224412,4.0,2.0269167422441203
lothstrasse,lightgbm,autumn_2024,485,20,5.452548955761915,5.0,0.4525489557619151
lothstrasse,lightgbm,autumn_2024,486,20,5.638770833228404,4.0,1.6387708332284037
lothstrasse,lightgbm,autumn_2024,487,20,5.697568805056081,3.0,2.697568805056081
lothstrasse,lightgbm,autumn_2024,488,20,5.684862443704617,2.0,3.684862443704617
lothstrasse,lightgbm,autumn_2024,489,20,5.556136763536836,1.0,4.556136763536836
lothstrasse,lightgbm,autumn_2024,490,20,6.543706804945762,2.0,4.543706804945762
lothstrasse,lightgbm,autumn_2024,491,20,7.1043936570820945,3.0,4.1043936570820945
lothstrasse,lightgbm,autumn_2024,492,20,7.389695289804229,7.0,0.3896952898042292
lothstrasse,lightgbm,autumn_2024,493,20,7.887888244363139,10.0,2.112111755636861
lothstrasse,lightgbm,autumn_2024,494,20,8.285356263104491,10.0,1.7146437368955088
lothstrasse,lightgbm,autumn_2024,495,20,10.728492892621295,11.0,0.27150710737870476
lothstrasse,lightgbm,autumn_2024,496,20,12.093275404292145,11.0,1.0932754042921449
lothstrasse,lightgbm,autumn_2024,497,20,15.673030542106813,17.0,1.3269694578931865
lothstrasse,lightgbm,autumn_2024,498,20,19.53938412328375,20.0,0.4606158767162505
lothstrasse,lightgbm,autumn_2024,499,20,22.138651337434187,23.0,0.8613486625658133
lothstrasse,lightgbm,autumn_2024,500,20,22.10168555354915,22.0,0.10168555354914943
lothstrasse,lightgbm,autumn_2024,501,20,20.50772842943596,22.0,1.4922715705640393
lothstrasse,lightgbm,autumn_2024,502,20,18.595800743558762,18.0,0.5958007435587618
lothstrasse,lightgbm,autumn_2024,503,20,16.118093991620707,11.0,5.118093991620707
lothstrasse,lightgbm,autumn_2024,504,21,13.114630136975887,5.0,8.114630136975887
lothstrasse,lightgbm,autumn_2024,505,21,9.303672738387288,5.0,4.303672738387288
lothstrasse,lightgbm,autumn_2024,506,21,7.258483970050416,4.0,3.258483970050416
lothstrasse,lightgbm,autumn_2024,507,21,7.161633109030913,3.0,4.161633109030913
lothstrasse,lightgbm,autumn_2024,508,21,7.113915909167704,3.0,4.113915909167704
lothstrasse,lightgbm,autumn_2024,509,21,6.700599052426422,3.0,3.700599052426422
lothstrasse,lightgbm,autumn_2024,510,21,6.284282604559141,3.0,3.2842826045591407
lothstrasse,lightgbm,autumn_2024,511,21,6.22529187342349,4.0,2.2252918734234903
lothstrasse,lightgbm,autumn_2024,512,21,6.382890620442105,4.0,2.3828906204421054
lothstrasse,lightgbm,autumn_2024,513,21,6.242972748220679,4.0,2.242972748220679
lothstrasse,lightgbm,autumn_2024,514,21,5.963131587892057,5.0,0.9631315878920574
lothstrasse,lightgbm,autumn_2024,515,21,5.489621490142322,5.0,0.4896214901423219
lothstrasse,lightgbm,autumn_2024,516,21,6.065410694084202,4.0,2.0654106940842016
lothstrasse,lightgbm,autumn_2024,517,21,6.043971318113866,2.0,4.043971318113866
lothstrasse,lightgbm,autumn_2024,518,21,5.81258762249013,3.0,2.8125876224901303
lothstrasse,lightgbm,autumn_2024,519,21,6.057044012528723,5.0,1.0570440125287233
lothstrasse,lightgbm,autumn_2024,520,21,6.658488937375545,5.0,1.6584889373755454
lothstrasse,lightgbm,autumn_2024,521,21,8.058574147332811,5.0,3.058574147332811
lothstrasse,lightgbm,autumn_2024,522,21,7.8604691808556995,4.0,3.8604691808556995
lothstrasse,lightgbm,autumn_2024,523,21,8.284055505967546,6.0,2.2840555059675456
lothstrasse,lightgbm,autumn_2024,524,21,9.131024493364633,9.0,0.13102449336463273
lothstrasse,lightgbm,autumn_2024,525,21,9.35380270917245,7.0,2.3538027091724505
lothstrasse,lightgbm,autumn_2024,526,21,9.331672207642955,4.0,5.331672207642955
lothstrasse,lightgbm,autumn_2024,527,21,9.367921060182507,5.0,4.367921060182507
lothstrasse,lightgbm,autumn_2024,528,22,9.372926290207205,7.0,2.3729262902072055
lothstrasse,lightgbm,autumn_2024,529,22,9.821466648176113,4.0,5.821466648176113
lothstrasse,lightgbm,autumn_2024,530,22,10.405760937472037,3.0,7.405760937472037
lothstrasse,lightgbm,autumn_2024,531,22,10.066403662527486,6.0,4.066403662527486
lothstrasse,lightgbm,autumn_2024,532,22,9.841206886271449,3.0,6.841206886271449
lothstrasse,lightgbm,autumn_2024,533,22,9.35132526473742,4.0,5.3513252647374205
lothstrasse,lightgbm,autumn_2024,534,22,8.803384166837587,5.0,3.8033841668375867
lothstrasse,lightgbm,autumn_2024,535,22,8.309261293379048,4.0,4.309261293379048
lothstrasse,lightgbm,autumn_2024,536,22,8.261273829939846,5.0,3.261273829939846
lothstrasse,lightgbm,autumn_2024,537,22,8.27393072480503,5.0,3.2739307248050302
lothstrasse,lightgbm,autumn_2024,538,22,8.436818861197482,10.0,1.563181138802518
lothstrasse,lightgbm,autumn_2024,539,22,8.632210168200142,11.0,2.3677898317998576
lothstrasse,lightgbm,autumn_2024,540,22,9.125256503034958,12.0,2.874743496965042
lothstrasse,lightgbm,autumn_2024,541,22,8.889102137776986,8.0,0.8891021377769857
lothstrasse,lightgbm,autumn_2024,542,22,8.846491147096323,8.0,0.846491147096323
lothstrasse,lightgbm,autumn_2024,543,22,8.195543088635866,6.0,2.1955430886358656
lothstrasse,lightgbm,autumn_2024,544,22,8.325051970121633,6.0,2.325051970121633
lothstrasse,lightgbm,autumn_2024,545,22,8.153437861056826,6.0,2.153437861056826
lothstrasse,lightgbm,autumn_2024,546,22,8.336123853489486,6.0,2.336123853489486
lothstrasse,lightgbm,autumn_2024,547,22,8.776675169275787,8.0,0.7766751692757872
lothstrasse,lightgbm,autumn_2024,548,22,8.796459109239718,8.0,0.7964591092397182
lothstrasse,lightgbm,autumn_2024,549,22,7.530096541427546,2.0,5.530096541427546
lothstrasse,lightgbm,autumn_2024,550,22,6.258758615603045,2.0,4.258758615603045
lothstrasse,lightgbm,autumn_2024,551,22,5.844079923706864,2.0,3.8440799237068637
lothstrasse,lightgbm,autumn_2024,552,23,5.766796528941788,3.0,2.7667965289417884
lothstrasse,lightgbm,autumn_2024,553,23,5.8567050843805974,5.0,0.8567050843805974
lothstrasse,lightgbm,autumn_2024,554,23,5.733608133022081,7.0,1.2663918669779193
lothstrasse,lightgbm,autumn_2024,555,23,6.1943641430117236,10.0,3.8056358569882764
lothstrasse,lightgbm,autumn_2024,556,23,7.322969344590193,12.0,4.677030655409807
lothstrasse,lightgbm,autumn_2024,557,23,7.533674054330946,10.0,2.4663259456690536
lothstrasse,lightgbm,autumn_2024,558,23,7.016768347128884,5.0,2.0167683471288838
lothstrasse,lightgbm,autumn_2024,559,23,6.011510729572946,5.0,1.0115107295729464
lothstrasse,lightgbm,autumn_2024,560,23,5.136323754647025,5.0,0.13632375464702484
lothstrasse,lightgbm,autumn_2024,561,23,4.9015518132946685,3.0,1.9015518132946685
lothstrasse,lightgbm,autumn_2024,562,23,3.944361765086649,2.0,1.944361765086649
lothstrasse,lightgbm,autumn_2024,563,23,3.6085263241106578,3.0,0.6085263241106578
lothstrasse,lightgbm,autumn_2024,564,23,3.2126860484991027,2.0,1.2126860484991027
lothstrasse,lightgbm,autumn_2024,565,23,3.1409948940123833,0.9,2.2409948940123834
lothstrasse,lightgbm,autumn_2024,566,23,3.1932363176717873,1.0,2.1932363176717873
lothstrasse,lightgbm,autumn_2024,567,23,3.641715253216599,1.0,2.641715253216599
lothstrasse,lightgbm,autumn_2024,568,23,3.8891207682049638,1.0,2.8891207682049638
lothstrasse,lightgbm,autumn_2024,569,23,4.623179653017209,1.0,3.6231796530172087
lothstrasse,lightgbm,autumn_2024,570,23,5.660490308166405,1.0,4.660490308166405
lothstrasse,lightgbm,autumn_2024,571,23,6.8292181347605,3.0,3.8292181347604997
lothstrasse,lightgbm,autumn_2024,572,23,7.538455285920879,7.0,0.5384552859208789
lothstrasse,lightgbm,autumn_2024,573,23,7.606396558180169,9.0,1.393603441819831
lothstrasse,lightgbm,autumn_2024,574,23,7.434649800625259,8.0,0.5653501993747412
lothstrasse,lightgbm,autumn_2024,575,23,7.0674326947742125,3.0,4.0674326947742125
lothstrasse,lightgbm,autumn_2024,576,24,6.979289188627067,3.0,3.9792891886270674
lothstrasse,lightgbm,autumn_2024,577,24,7.2211555093420685,5.0,2.2211555093420685
lothstrasse,lightgbm,autumn_2024,578,24,7.713444087145367,7.0,0.7134440871453673
lothstrasse,lightgbm,autumn_2024,579,24,7.015835334485933,6.0,1.0158353344859332
lothstrasse,lightgbm,autumn_2024,580,24,6.344377705233471,6.0,0.34437770523347133
lothstrasse,lightgbm,autumn_2024,581,24,7.007135829345681,7.0,0.007135829345680911
lothstrasse,lightgbm,autumn_2024,582,24,7.0128565019328555,8.0,0.9871434980671445
lothstrasse,lightgbm,autumn_2024,583,24,6.796358305118788,10.0,3.2036416948812123
lothstrasse,lightgbm,autumn_2024,584,24,6.297819573042841,8.0,1.7021804269571588
lothstrasse,lightgbm,autumn_2024,585,24,6.291938150300659,8.0,1.708061849699341
lothstrasse,lightgbm,autumn_2024,586,24,6.397297636125671,10.0,3.6027023638743287
lothstrasse,lightgbm,autumn_2024,587,24,6.565707564539648,8.0,1.4342924354603523
lothstrasse,lightgbm,autumn_2024,588,24,6.870725317153144,7.0,0.12927468284685606
lothstrasse,lightgbm,autumn_2024,589,24,6.6068243414779575,2.0,4.6068243414779575
lothstrasse,lightgbm,autumn_2024,590,24,6.940534776493686,2.0,4.940534776493686
lothstrasse,lightgbm,autumn_2024,591,24,6.915490882933479,2.0,4.915490882933479
lothstrasse,lightgbm,autumn_2024,592,24,7.39088894457656,2.0,5.39088894457656
lothstrasse,lightgbm,autumn_2024,593,24,8.254022550505603,2.0,6.254022550505603
lothstrasse,lightgbm,autumn_2024,594,24,8.888913497558166,2.0,6.888913497558166
lothstrasse,lightgbm,autumn_2024,595,24,9.535570266290675,2.0,7.535570266290675
lothstrasse,lightgbm,autumn_2024,596,24,10.510251044531126,4.0,6.510251044531126
lothstrasse,lightgbm,autumn_2024,597,24,11.653368330859985,12.0,0.34663166914001486
lothstrasse,lightgbm,autumn_2024,598,24,13.521114177191572,16.0,2.4788858228084276
lothstrasse,lightgbm,autumn_2024,599,24,14.994990069945317,14.0,0.9949900699453167
lothstrasse,lightgbm,autumn_2024,600,25,15.895853345152673,16.0,0.10414665484732666
lothstrasse,lightgbm,autumn_2024,601,25,14.717616972527729,16.0,1.282383027472271
lothstrasse,lightgbm,autumn_2024,602,25,11.875111189611907,15.0,3.124888810388093
lothstrasse,lightgbm,autumn_2024,603,25,10.369158578145662,13.0,2.6308414218543383
lothstrasse,lightgbm,autumn_2024,604,25,9.027204394126143,13.0,3.9727956058738574
lothstrasse,lightgbm,autumn_2024,605,25,8.062206637270432,13.0,4.937793362729568
lothstrasse,lightgbm,autumn_2024,606,25,6.816163206279132,8.0,1.183836793720868
lothstrasse,lightgbm,autumn_2024,607,25,5.803672010457834,6.0,0.19632798954216568
lothstrasse,lightgbm,autumn_2024,608,25,5.052162349682511,5.0,0.05216234968251143
lothstrasse,lightgbm,autumn_2024,609,25,4.577375890480015,5.0,0.42262410951998497
lothstrasse,lightgbm,autumn_2024,610,25,4.558027721434611,5.0,0.44197227856538923
lothstrasse,lightgbm,autumn_2024,611,25,4.974621113260472,4.0,0.9746211132604721
lothstrasse,lightgbm,autumn_2024,612,25,5.8551627917115265,8.0,2.1448372082884735
lothstrasse,lightgbm,autumn_2024,613,25,7.040933924632573,12.0,4.959066075367427
lothstrasse,lightgbm,autumn_2024,614,25,8.63070701328425,14.0,5.369292986715751
lothstrasse,lightgbm,autumn_2024,615,25,11.727035253912373,20.0,8.272964746087627
lothstrasse,lightgbm,autumn_2024,616,25,14.213436439007717,20.0,5.786563560992283
lothstrasse,lightgbm,autumn_2024,617,25,15.027974174780454,14.0,1.0279741747804536
lothstrasse,lightgbm,autumn_2024,618,25,15.17295921062558,16.0,0.8270407893744203
lothstrasse,lightgbm,autumn_2024,619,25,14.358354371842257,12.0,2.358354371842257
lothstrasse,lightgbm,autumn_2024,620,25,13.992634427971845,11.0,2.9926344279718453
lothstrasse,lightgbm,autumn_2024,621,25,13.378608170973383,11.0,2.378608170973383
lothstrasse,lightgbm,autumn_2024,622,25,13.6431708951211,10.0,3.6431708951211004
lothstrasse,lightgbm,autumn_2024,623,25,13.534006457495432,11.0,2.5340064574954315
lothstrasse,lightgbm,autumn_2024,624,26,13.31962907093707,12.0,1.3196290709370704
lothstrasse,lightgbm,autumn_2024,625,26,12.304714876763924,13.0,0.6952851232360757
lothstrasse,lightgbm,autumn_2024,626,26,10.86151184185674,12.0,1.1384881581432609
lothstrasse,lightgbm,autumn_2024,627,26,9.847278825542503,11.0,1.152721174457497
lothstrasse,lightgbm,autumn_2024,628,26,9.167158054123703,8.0,1.1671580541237034
lothstrasse,lightgbm,autumn_2024,629,26,8.257747379259726,6.0,2.257747379259726
lothstrasse,lightgbm,autumn_2024,630,26,8.247781176115941,6.0,2.247781176115941
lothstrasse,lightgbm,autumn_2024,631,26,8.442750596061657,9.0,0.5572494039383429
lothstrasse,lightgbm,autumn_2024,632,26,7.282091288718526,6.0,1.2820912887185258
lothstrasse,lightgbm,autumn_2024,633,26,5.5773112833638185,3.0,2.5773112833638185
lothstrasse,lightgbm,autumn_2024,634,26,4.631193012922934,4.0,0.6311930129229344
lothstrasse,lightgbm,autumn_2024,635,26,4.380235561657884,5.0,0.6197644383421164
lothstrasse,lightgbm,autumn_2024,636,26,4.998055713422716,7.0,2.0019442865772836
lothstrasse,lightgbm,autumn_2024,637,26,5.720870084120475,7.0,1.2791299158795253
lothstrasse,lightgbm,autumn_2024,638,26,6.419639563679872,5.0,1.4196395636798718
lothstrasse,lightgbm,autumn_2024,639,26,7.239986609578377,6.0,1.2399866095783771
lothstrasse,lightgbm,autumn_2024,640,26,7.871851781075437,8.0,0.1281482189245633
lothstrasse,lightgbm,autumn_2024,641,26,9.043145852414721,12.0,2.956854147585279
lothstrasse,lightgbm,autumn_2024,642,26,9.95432323232288,10.0,0.04567676767712037
lothstrasse,lightgbm,autumn_2024,643,26,11.169045008855193,7.0,4.169045008855193
lothstrasse,lightgbm,autumn_2024,644,26,11.089579992150929,9.0,2.089579992150929
lothstrasse,lightgbm,autumn_2024,645,26,10.396098278483311,9.0,1.3960982784833114
lothstrasse,lightgbm,autumn_2024,646,26,9.387943155304656,9.0,0.3879431553046562
lothstrasse,lightgbm,autumn_2024,647,26,8.255554162476068,7.0,1.2555541624760682
lothstrasse,lightgbm,autumn_2024,648,27,9.029998574796117,9.0,0.02999857479611734
lothstrasse,lightgbm,autumn_2024,649,27,9.169902673304492,12.0,2.8300973266955083
lothstrasse,lightgbm,autumn_2024,650,27,9.111079228187497,13.0,3.8889207718125025
lothstrasse,lightgbm,autumn_2024,651,27,9.460400059348794,12.0,2.5395999406512058
lothstrasse,lightgbm,autumn_2024,652,27,8.429281816564787,6.0,2.429281816564787
lothstrasse,lightgbm,autumn_2024,653,27,7.741946943341843,7.0,0.7419469433418433
lothstrasse,lightgbm,autumn_2024,654,27,7.050720801067344,6.0,1.0507208010673441
lothstrasse,lightgbm,autumn_2024,655,27,6.425362878312454,5.0,1.4253628783124537
lothstrasse,lightgbm,autumn_2024,656,27,6.964293097934331,6.0,0.9642930979343314
lothstrasse,lightgbm,autumn_2024,657,27,7.050132085986858,7.0,0.050132085986858144
lothstrasse,lightgbm,autumn_2024,658,27,6.879898433683163,8.0,1.120101566316837
lothstrasse,lightgbm,autumn_2024,659,27,7.055289099445626,7.0,0.0552890994456261
lothstrasse,lightgbm,autumn_2024,660,27,7.620511803053899,7.0,0.6205118030538994
lothstrasse,lightgbm,autumn_2024,661,27,9.029229507804775,9.0,0.029229507804775068
lothstrasse,lightgbm,autumn_2024,662,27,9.916946944391531,11.0,1.0830530556084685
lothstrasse,lightgbm,autumn_2024,663,27,10.963867326427723,12.0,1.0361326735722773
lothstrasse,lightgbm,autumn_2024,664,27,11.428504942714113,10.0,1.4285049427141132
lothstrasse,lightgbm,autumn_2024,665,27,11.908726497282382,11.0,0.9087264972823821
lothstrasse,lightgbm,autumn_2024,666,27,13.050285866944648,11.0,2.050285866944648
lothstrasse,lightgbm,autumn_2024,667,27,13.287069526793983,9.0,4.287069526793983
lothstrasse,lightgbm,autumn_2024,668,27,11.1785805182139,5.0,6.1785805182139
lothstrasse,lightgbm,autumn_2024,669,27,9.319460027646914,4.0,5.3194600276469135
lothstrasse,lightgbm,autumn_2024,670,27,8.261788527044436,2.0,6.261788527044436
lothstrasse,lightgbm,autumn_2024,671,27,8.10042042036939,2.0,6.100420420369391
lothstrasse,lightgbm,autumn_2024,672,28,7.916729349927728,2.0,5.916729349927728
lothstrasse,lightgbm,autumn_2024,673,28,7.582236891461634,1.0,6.582236891461634
lothstrasse,lightgbm,autumn_2024,674,28,7.017752111312553,2.0,5.017752111312553
lothstrasse,lightgbm,autumn_2024,675,28,5.9369807586726715,1.0,4.9369807586726715
lothstrasse,lightgbm,autumn_2024,676,28,5.7532786119447135,1.0,4.7532786119447135
lothstrasse,lightgbm,autumn_2024,677,28,5.493872779557163,1.0,4.493872779557163
lothstrasse,lightgbm,autumn_2024,678,28,5.597759821492881,1.0,4.597759821492881
lothstrasse,lightgbm,autumn_2024,679,28,5.951548025459322,1.0,4.951548025459322
lothstrasse,lightgbm,autumn_2024,680,28,6.06805154561679,2.0,4.06805154561679
lothstrasse,lightgbm,autumn_2024,681,28,6.408834622873752,5.0,1.4088346228737523
lothstrasse,lightgbm,autumn_2024,682,28,7.645051050360817,14.0,6.354948949639183
lothstrasse,lightgbm,autumn_2024,683,28,9.337020887158054,14.0,4.6629791128419456
lothstrasse,lightgbm,autumn_2024,684,28,10.276175195683317,17.0,6.723824804316683
lothstrasse,lightgbm,autumn_2024,685,28,10.264471390658342,15.0,4.735528609341658
lothstrasse,lightgbm,autumn_2024,686,28,10.474492127122744,16.0,5.525507872877256
lothstrasse,lightgbm,autumn_2024,687,28,11.734536028921724,19.0,7.265463971078276
lothstrasse,lightgbm,autumn_2024,688,28,14.943833134800261,18.0,3.0561668651997387
lothstrasse,lightgbm,autumn_2024,689,28,18.00907180507052,20.0,1.9909281949294808
lothstrasse,lightgbm,autumn_2024,690,28,19.849865371022563,24.0,4.150134628977437
lothstrasse,lightgbm,autumn_2024,691,28,20.490431643529057,22.0,1.5095683564709432
lothstrasse,lightgbm,autumn_2024,692,28,19.25257949971199,17.0,2.2525794997119917
lothstrasse,lightgbm,autumn_2024,693,28,10.723404717685362,11.0,0.2765952823146378
lothstrasse,lightgbm,autumn_2024,694,28,7.656629702660988,11.0,3.3433702973390123
lothstrasse,lightgbm,autumn_2024,695,28,7.603387426264442,10.0,2.396612573735558
lothstrasse,lightgbm,autumn_2024,696,29,7.481734719035711,10.0,2.5182652809642887
lothstrasse,lightgbm,autumn_2024,697,29,6.848112874158421,8.0,1.1518871258415793
lothstrasse,lightgbm,autumn_2024,698,29,6.628976127312262,7.0,0.3710238726877382
lothstrasse,lightgbm,autumn_2024,699,29,7.022289974491778,8.0,0.9777100255082223
lothstrasse,lightgbm,autumn_2024,700,29,7.152973481848322,8.0,0.8470265181516776
lothstrasse,lightgbm,autumn_2024,701,29,7.2906997470701915,2.0,5.2906997470701915
lothstrasse,lightgbm,autumn_2024,702,29,7.706524589413651,5.0,2.706524589413651
lothstrasse,lightgbm,autumn_2024,703,29,8.03869538607582,8.0,0.03869538607582079
lothstrasse,lightgbm,autumn_2024,704,29,8.975075534293932,11.0,2.024924465706068
lothstrasse,lightgbm,autumn_2024,705,29,11.325734160916896,16.0,4.674265839083104
lothstrasse,lightgbm,autumn_2024,706,29,14.474851510546575,19.0,4.525148489453425
lothstrasse,lightgbm,autumn_2024,707,29,17.517949930073065,21.0,3.4820500699269346
lothstrasse,lightgbm,autumn_2024,708,29,18.229917816346006,20.0,1.7700821836539937
lothstrasse,lightgbm,autumn_2024,709,29,16.60602465941292,14.0,2.6060246594129204
lothstrasse,lightgbm,autumn_2024,710,29,14.900813431084716,6.0,8.900813431084716
lothstrasse,lightgbm,autumn_2024,711,29,13.395951525007677,6.0,7.395951525007677
lothstrasse,lightgbm,autumn_2024,712,29,15.807359845336457,12.0,3.8073598453364568
lothstrasse,lightgbm,autumn_2024,713,29,18.708224038173146,14.0,4.708224038173146
lothstrasse,lightgbm,autumn_2024,714,29,21.011686386915038,17.0,4.011686386915038
lothstrasse,lightgbm,autumn_2024,715,29,21.32142700024742,16.0,5.3214270002474215
lothstrasse,lightgbm,autumn_2024,716,29,20.799930967214287,16.0,4.799930967214287
lothstrasse,lightgbm,autumn_2024,717,29,20.812933759982457,19.0,1.8129337599824566
lothstrasse,lightgbm,autumn_2024,718,29,20.068306572149364,16.0,4.068306572149364
lothstrasse,lightgbm,autumn_2024,719,29,16.565836268735854,17.0,0.434163731264146
lothstrasse,lightgbm,autumn_2024,720,30,16.003238672703016,17.0,0.9967613272969835
lothstrasse,lightgbm,autumn_2024,721,30,17.852422337660766,18.0,0.1475776623392342
lothstrasse,lightgbm,autumn_2024,722,30,18.97015110181436,13.0,5.970151101814359
lothstrasse,lightgbm,autumn_2024,723,30,16.866498670332156,11.0,5.866498670332156
lothstrasse,lightgbm,autumn_2024,724,30,15.105645861455043,9.0,6.105645861455043
lothstrasse,lightgbm,autumn_2024,725,30,12.177156956972285,6.0,6.177156956972285
lothstrasse,lightgbm,autumn_2024,726,30,10.608635499322322,6.0,4.608635499322322
lothstrasse,lightgbm,autumn_2024,727,30,10.373590178715745,8.0,2.3735901787157445
lothstrasse,lightgbm,autumn_2024,728,30,11.474822883851068,9.0,2.4748228838510684
lothstrasse,lightgbm,autumn_2024,729,30,11.395206631650053,9.0,2.395206631650053
lothstrasse,lightgbm,autumn_2024,730,30,9.904264047686505,7.0,2.904264047686505
lothstrasse,lightgbm,autumn_2024,731,30,8.880337191633517,9.0,0.11966280836648302
lothstrasse,lightgbm,autumn_2024,732,30,9.182893393363514,12.0,2.817106606636486
lothstrasse,lightgbm,autumn_2024,733,30,9.529414054944716,10.0,0.4705859450552836
lothstrasse,lightgbm,autumn_2024,734,30,9.516747013498561,10.0,0.483252986501439
lothstrasse,lightgbm,autumn_2024,735,30,9.176370302740006,11.0,1.8236296972599941
lothstrasse,lightgbm,autumn_2024,736,30,10.065415626690262,10.0,0.06541562669026213
lothstrasse,lightgbm,autumn_2024,737,30,10.653462486204074,9.0,1.6534624862040737
lothstrasse,lightgbm,autumn_2024,738,30,11.735644721797483,10.0,1.7356447217974829
lothstrasse,lightgbm,autumn_2024,739,30,13.312984117171577,12.0,1.3129841171715775
lothstrasse,lightgbm,autumn_2024,740,30,12.635502352864734,11.0,1.6355023528647337
lothstrasse,lightgbm,autumn_2024,741,30,11.912159953347118,11.0,0.9121599533471176
lothstrasse,lightgbm,autumn_2024,742,30,11.904346974688062,10.0,1.9043469746880621
lothstrasse,lightgbm,autumn_2024,743,30,11.664541133405692,9.0,2.6645411334056917
lothstrasse,lightgbm,autumn_2024,744,31,12.20979463244788,9.0,3.2097946324478794
lothstrasse,lightgbm,autumn_2024,745,31,12.566356144068632,8.0,4.5663561440686316
lothstrasse,lightgbm,autumn_2024,746,31,11.360656050897607,6.0,5.360656050897607
lothstrasse,lightgbm,autumn_2024,747,31,9.533969261393759,4.0,5.533969261393759
lothstrasse,lightgbm,autumn_2024,748,31,8.271676940122694,4.0,4.271676940122694
lothstrasse,lightgbm,autumn_2024,749,31,8.752027336195688,6.0,2.752027336195688
lothstrasse,lightgbm,autumn_2024,750,31,9.117695968214967,4.0,5.117695968214967
lothstrasse,lightgbm,autumn_2024,751,31,8.629794790865637,2.0,6.6297947908656365
lothstrasse,lightgbm,autumn_2024,752,31,8.005506603779997,2.0,6.005506603779997
lothstrasse,lightgbm,autumn_2024,753,31,7.389365301174282,3.0,4.389365301174282
lothstrasse,lightgbm,autumn_2024,754,31,6.65585857493681,4.0,2.6558585749368104
lothstrasse,lightgbm,autumn_2024,755,31,5.959772237098513,4.0,1.9597722370985133
lothstrasse,lightgbm,autumn_2024,756,31,5.234614636750993,3.0,2.234614636750993
lothstrasse,lightgbm,autumn_2024,757,31,5.063468688201157,2.0,3.063468688201157
lothstrasse,lightgbm,autumn_2024,758,31,4.467789291533813,2.0,2.467789291533813
lothstrasse,lightgbm,autumn_2024,759,31,4.516287395289871,4.0,0.5162873952898712
lothstrasse,lightgbm,autumn_2024,760,31,5.077497490710523,5.0,0.07749749071052303
lothstrasse,lightgbm,autumn_2024,761,31,6.876598793339955,6.0,0.876598793339955
lothstrasse,lightgbm,autumn_2024,762,31,9.293173346028718,5.0,4.293173346028718
lothstrasse,lightgbm,autumn_2024,763,31,11.804183349259572,3.0,8.804183349259572
lothstrasse,lightgbm,autumn_2024,764,31,14.714392888855887,10.0,4.714392888855887
lothstrasse,lightgbm,autumn_2024,765,31,16.299184016035912,13.0,3.2991840160359125
lothstrasse,lightgbm,autumn_2024,766,31,16.056454966060265,14.0,2.056454966060265
lothstrasse,lightgbm,autumn_2024,767,31,14.359954460952675,13.0,1.3599544609526752
lothstrasse,lightgbm,autumn_2024,768,32,12.291852095721325,10.0,2.2918520957213246
lothstrasse,lightgbm,autumn_2024,769,32,10.56750062093376,10.0,0.5675006209337603
lothstrasse,lightgbm,autumn_2024,770,32,10.505495788892347,5.0,5.505495788892347
lothstrasse,lightgbm,autumn_2024,771,32,10.588611988886532,2.0,8.588611988886532
lothstrasse,lightgbm,autumn_2024,772,32,11.085416041954288,3.0,8.085416041954288
lothstrasse,lightgbm,autumn_2024,773,32,11.754138483351309,8.0,3.7541384833513085
lothstrasse,lightgbm,autumn_2024,774,32,12.837054349569124,11.0,1.837054349569124
lothstrasse,lightgbm,autumn_2024,775,32,16.420345564439412,17.0,0.5796544355605882
lothstrasse,lightgbm,autumn_2024,776,32,17.169854063459383,15.0,2.1698540634593826
lothstrasse,lightgbm,autumn_2024,777,32,15.432190661878607,11.0,4.432190661878607
lothstrasse,lightgbm,autumn_2024,778,32,13.18203418122728,6.0,7.18203418122728
lothstrasse,lightgbm,autumn_2024,779,32,9.497079057646706,1.0,8.497079057646706
lothstrasse,lightgbm,autumn_2024,780,32,8.673582468470462,2.0,6.673582468470462
lothstrasse,lightgbm,autumn_2024,781,32,10.291348468012625,2.0,8.291348468012625
lothstrasse,lightgbm,autumn_2024,782,32,10.51968631301028,2.0,8.51968631301028
lothstrasse,lightgbm,autumn_2024,783,32,10.471797731834004,2.0,8.471797731834004
lothstrasse,lightgbm,autumn_2024,784,32,10.676225306687007,2.0,8.676225306687007
lothstrasse,lightgbm,autumn_2024,785,32,10.503414004983087,2.0,8.503414004983087
lothstrasse,lightgbm,autumn_2024,786,32,10.379619013105662,3.0,7.379619013105662
lothstrasse,lightgbm,autumn_2024,787,32,10.993720672865713,9.0,1.993720672865713
lothstrasse,lightgbm,autumn_2024,788,32,12.269882526673596,15.0,2.7301174733264038
lothstrasse,lightgbm,autumn_2024,789,32,11.504363878578914,9.0,2.504363878578914
lothstrasse,lightgbm,autumn_2024,790,32,11.68434309469035,6.0,5.68434309469035
lothstrasse,lightgbm,autumn_2024,791,32,12.434909809048678,5.0,7.434909809048678
lothstrasse,lightgbm,autumn_2024,792,33,12.977338246855968,2.0,10.977338246855968
lothstrasse,lightgbm,autumn_2024,793,33,13.332958953894169,2.0,11.332958953894169
lothstrasse,lightgbm,autumn_2024,794,33,13.327524278931518,2.0,11.327524278931518
lothstrasse,lightgbm,autumn_2024,795,33,13.619796361592282,3.0,10.619796361592282
lothstrasse,lightgbm,autumn_2024,796,33,14.28130185645433,5.0,9.28130185645433
lothstrasse,lightgbm,autumn_2024,797,33,14.317298724878524,7.0,7.317298724878524
lothstrasse,lightgbm,autumn_2024,798,33,13.977244219881714,8.0,5.9772442198817135
lothstrasse,lightgbm,autumn_2024,799,33,13.308506749051881,7.0,6.308506749051881
lothstrasse,lightgbm,autumn_2024,800,33,12.951496375249462,6.0,6.951496375249462
lothstrasse,lightgbm,autumn_2024,801,33,13.144357811812393,8.0,5.144357811812393
lothstrasse,lightgbm,autumn_2024,802,33,13.327002209038705,10.0,3.327002209038705
lothstrasse,lightgbm,autumn_2024,803,33,12.899285516614347,10.0,2.8992855166143467
lothstrasse,lightgbm,autumn_2024,804,33,12.531672873480717,10.0,2.5316728734807175
lothstrasse,lightgbm,autumn_2024,805,33,11.77286953072769,10.0,1.7728695307276894
lothstrasse,lightgbm,autumn_2024,806,33,11.028364078517743,8.0,3.0283640785177433
lothstrasse,lightgbm,autumn_2024,807,33,10.37826022173606,7.0,3.3782602217360598
lothstrasse,lightgbm,autumn_2024,808,33,9.986318214843994,6.0,3.986318214843994
lothstrasse,lightgbm,autumn_2024,809,33,9.623141916812516,6.0,3.623141916812516
lothstrasse,lightgbm,autumn_2024,810,33,9.46512584944255,9.0,0.46512584944255053
lothstrasse,lightgbm,autumn_2024,811,33,9.771030384751901,10.0,0.2289696152480989
lothstrasse,lightgbm,autumn_2024,812,33,11.021296413585178,10.0,1.021296413585178
lothstrasse,lightgbm,autumn_2024,813,33,11.079556301513747,12.0,0.9204436984862525
lothstrasse,lightgbm,autumn_2024,814,33,10.745240223581508,14.0,3.254759776418492
lothstrasse,lightgbm,autumn_2024,815,33,10.436405567344014,17.0,6.563594432655986
lothstrasse,lightgbm,autumn_2024,816,34,10.691777479674254,17.0,6.308222520325746
lothstrasse,lightgbm,autumn_2024,817,34,10.735082460016068,17.0,6.264917539983932
lothstrasse,lightgbm,autumn_2024,818,34,10.919936948661793,16.0,5.0800630513382075
lothstrasse,lightgbm,autumn_2024,819,34,11.455990223076078,15.0,3.5440097769239216
lothstrasse,lightgbm,autumn_2024,820,34,12.093150882387624,17.0,4.906849117612376
lothstrasse,lightgbm,autumn_2024,821,34,12.911186487284247,17.0,4.0888135127157526
lothstrasse,lightgbm,autumn_2024,822,34,12.729601460289048,13.0,0.2703985397109516
lothstrasse,lightgbm,autumn_2024,823,34,12.60687965145182,9.0,3.6068796514518198
lothstrasse,lightgbm,autumn_2024,824,34,12.800513955334635,9.0,3.800513955334635
lothstrasse,lightgbm,autumn_2024,825,34,13.022633890418126,7.0,6.022633890418126
lothstrasse,lightgbm,autumn_2024,826,34,13.295020020513192,6.0,7.295020020513192
lothstrasse,lightgbm,autumn_2024,827,34,11.405566865839612,4.0,7.405566865839612
lothstrasse,lightgbm,autumn_2024,828,34,9.49632683487611,5.0,4.496326834876109
lothstrasse,lightgbm,autumn_2024,829,34,8.28235293035034,4.0,4.28235293035034
lothstrasse,lightgbm,autumn_2024,830,34,8.24330881755073,2.0,6.24330881755073
lothstrasse,lightgbm,autumn_2024,831,34,9.744678689841997,5.0,4.744678689841997
lothstrasse,lightgbm,autumn_2024,832,34,11.511493412135442,6.0,5.511493412135442
lothstrasse,lightgbm,autumn_2024,833,34,12.940993724618878,8.0,4.9409937246188775
lothstrasse,lightgbm,autumn_2024,834,34,13.699007180812083,9.0,4.6990071808120835
lothstrasse,lightgbm,autumn_2024,835,34,14.501432681372334,3.0,11.501432681372334
lothstrasse,lightgbm,autumn_2024,836,34,15.661887173508536,4.0,11.661887173508536
lothstrasse,lightgbm,autumn_2024,837,34,14.551873985088127,6.0,8.551873985088127
lothstrasse,lightgbm,autumn_2024,838,34,12.95149263213347,6.0,6.951492632133469
lothstrasse,lightgbm,autumn_2024,839,34,12.30421730699083,10.0,2.3042173069908305
lothstrasse,lightgbm,autumn_2024,840,35,12.152582982139617,12.0,0.15258298213961652
lothstrasse,lightgbm,autumn_2024,841,35,12.122203172009721,12.0,0.12220317200972097
lothstrasse,lightgbm,autumn_2024,842,35,12.58940187346059,12.0,0.5894018734605897
lothstrasse,lightgbm,autumn_2024,843,35,12.093404724271151,10.0,2.093404724271151
lothstrasse,lightgbm,autumn_2024,844,35,11.56749979586593,5.0,6.567499795865929
lothstrasse,lightgbm,autumn_2024,845,35,10.88460760329838,4.0,6.884607603298379
lothstrasse,lightgbm,autumn_2024,846,35,8.7859482199047,3.0,5.7859482199047
lothstrasse,lightgbm,autumn_2024,847,35,8.443442166928337,3.0,5.443442166928337
lothstrasse,lightgbm,autumn_2024,848,35,8.765872632494169,5.0,3.765872632494169
lothstrasse,lightgbm,autumn_2024,849,35,8.288683280837832,7.0,1.288683280837832
lothstrasse,lightgbm,autumn_2024,850,35,8.082932248485292,8.0,0.08293224848529235
lothstrasse,lightgbm,autumn_2024,851,35,7.906286925790163,10.0,2.0937130742098367
lothstrasse,lightgbm,autumn_2024,852,35,8.029056828262734,10.0,1.9709431717372663
lothstrasse,lightgbm,autumn_2024,853,35,8.813382911022082,8.0,0.8133829110220816
lothstrasse,lightgbm,autumn_2024,854,35,9.595279606491337,10.0,0.4047203935086632
lothstrasse,lightgbm,autumn_2024,855,35,9.796193957754982,11.0,1.2038060422450183
lothstrasse,lightgbm,autumn_2024,856,35,10.084531960739081,9.0,1.0845319607390813
lothstrasse,lightgbm,autumn_2024,857,35,10.515234760376375,13.0,2.4847652396236253
lothstrasse,lightgbm,autumn_2024,858,35,10.745802067577413,16.0,5.254197932422587
lothstrasse,lightgbm,autumn_2024,859,35,11.635701851674655,21.0,9.364298148325345
lothstrasse,lightgbm,autumn_2024,860,35,12.906440195504139,18.0,5.093559804495861
lothstrasse,lightgbm,autumn_2024,861,35,12.964937350086045,14.0,1.0350626499139555
lothstrasse,lightgbm,autumn_2024,862,35,12.202382404562444,9.0,3.202382404562444
lothstrasse,lightgbm,autumn_2024,863,35,10.875919572767236,8.0,2.875919572767236
lothstrasse,lightgbm,autumn_2024,864,36,8.99704026105374,7.0,1.9970402610537406
lothstrasse,lightgbm,autumn_2024,865,36,7.95481297744064,5.0,2.95481297744064
lothstrasse,lightgbm,autumn_2024,866,36,7.203562017120735,6.0,1.2035620171207349
lothstrasse,lightgbm,autumn_2024,867,36,7.384221891357119,6.0,1.384221891357119
lothstrasse,lightgbm,autumn_2024,868,36,7.454236837976209,6.0,1.4542368379762092
lothstrasse,lightgbm,autumn_2024,869,36,7.42956033439894,7.0,0.42956033439894004
lothstrasse,lightgbm,autumn_2024,870,36,7.427039009793329,5.0,2.4270390097933294
lothstrasse,lightgbm,autumn_2024,871,36,7.078008954951405,5.0,2.0780089549514047
lothstrasse,lightgbm,autumn_2024,872,36,7.323696331359436,4.0,3.323696331359436
lothstrasse,lightgbm,autumn_2024,873,36,8.966045337181233,5.0,3.9660453371812334
lothstrasse,lightgbm,autumn_2024,874,36,11.029980845038795,7.0,4.029980845038795
lothstrasse,lightgbm,autumn_2024,875,36,13.616346324679558,9.0,4.616346324679558
lothstrasse,lightgbm,autumn_2024,876,36,14.585681737373577,12.0,2.5856817373735765
lothstrasse,lightgbm,autumn_2024,877,36,17.10688647036249,13.0,4.10688647036249
lothstrasse,lightgbm,autumn_2024,878,36,18.04461065355606,8.0,10.04461065355606
lothstrasse,lightgbm,autumn_2024,879,36,18.11315597423099,6.0,12.113155974230992
lothstrasse,lightgbm,autumn_2024,880,36,17.947431984897918,6.0,11.947431984897918
lothstrasse,lightgbm,autumn_2024,881,36,16.89955076768013,8.0,8.899550767680129
lothstrasse,lightgbm,autumn_2024,882,36,16.22728272378602,12.0,4.227282723786018
lothstrasse,lightgbm,autumn_2024,883,36,16.493077651131298,13.0,3.4930776511312978
lothstrasse,lightgbm,autumn_2024,884,36,14.775905240363667,13.0,1.7759052403636666
lothstrasse,lightgbm,autumn_2024,885,36,14.137887740393317,17.0,2.8621122596066826
lothstrasse,lightgbm,autumn_2024,886,36,14.172480251617753,15.0,0.8275197483822474
lothstrasse,lightgbm,autumn_2024,887,36,13.911859790223382,10.0,3.9118597902233816
lothstrasse,lightgbm,autumn_2024,888,37,12.56238924887669,11.0,1.5623892488766895
lothstrasse,lightgbm,autumn_2024,889,37,12.030831075914108,11.0,1.030831075914108
lothstrasse,lightgbm,autumn_2024,890,37,11.008901059990757,8.0,3.008901059990757
lothstrasse,lightgbm,autumn_2024,891,37,10.259329500183295,8.0,2.259329500183295
lothstrasse,lightgbm,autumn_2024,892,37,9.338906882670699,8.0,1.338906882670699
lothstrasse,lightgbm,autumn_2024,893,37,8.64706741949014,7.0,1.6470674194901402
lothstrasse,lightgbm,autumn_2024,894,37,8.79874776723695,6.0,2.79874776723695
lothstrasse,lightgbm,autumn_2024,895,37,9.150506359211132,5.0,4.150506359211132
lothstrasse,lightgbm,autumn_2024,896,37,8.83754495999504,5.0,3.8375449599950393
lothstrasse,lightgbm,autumn_2024,897,37,8.217214407202967,4.0,4.217214407202967
lothstrasse,lightgbm,autumn_2024,898,37,8.030638332933716,3.0,5.030638332933716
lothstrasse,lightgbm,autumn_2024,899,37,7.915845734819805,5.0,2.915845734819805
lothstrasse,lightgbm,autumn_2024,900,37,8.48817029698444,6.0,2.488170296984441
lothstrasse,lightgbm,autumn_2024,901,37,9.638179737873099,7.0,2.6381797378730987
lothstrasse,lightgbm,autumn_2024,902,37,9.305740688462997,7.0,2.305740688462997
lothstrasse,lightgbm,autumn_2024,903,37,8.83391092444931,6.0,2.8339109244493095
lothstrasse,lightgbm,autumn_2024,904,37,8.990250666311642,8.0,0.9902506663116419
lothstrasse,lightgbm,autumn_2024,905,37,8.992113390681808,9.0,0.007886609318191518
lothstrasse,lightgbm,autumn_2024,906,37,9.000155846092097,8.0,1.0001558460920972
lothstrasse,lightgbm,autumn_2024,907,37,8.901901810090772,10.0,1.0980981899092281
lothstrasse,lightgbm,autumn_2024,908,37,8.76976044256654,10.0,1.2302395574334604
lothstrasse,lightgbm,autumn_2024,909,37,7.7870471000519235,10.0,2.2129528999480765
lothstrasse,lightgbm,autumn_2024,910,37,7.241167578417791,9.0,1.758832421582209
lothstrasse,lightgbm,autumn_2024,911,37,6.694071450435823,5.0,1.694071450435823
lothstrasse,lightgbm,autumn_2024,912,38,6.430592656267769,4.0,2.430592656267769
lothstrasse,lightgbm,autumn_2024,913,38,6.569406553567278,2.0,4.569406553567278
lothstrasse,lightgbm,autumn_2024,914,38,6.636576507177873,2.0,4.636576507177873
lothstrasse,lightgbm,autumn_2024,915,38,6.700147489356252,1.0,5.700147489356252
lothstrasse,lightgbm,autumn_2024,916,38,6.7643858819274785,1.0,5.7643858819274785
lothstrasse,lightgbm,autumn_2024,917,38,6.340448133467248,1.0,5.340448133467248
lothstrasse,lightgbm,autumn_2024,918,38,6.437187268933576,2.0,4.437187268933576
lothstrasse,lightgbm,autumn_2024,919,38,6.778742864880988,2.0,4.778742864880988
lothstrasse,lightgbm,autumn_2024,920,38,6.696558151944566,2.0,4.696558151944566
lothstrasse,lightgbm,autumn_2024,921,38,6.333507088628384,1.0,5.333507088628384
lothstrasse,lightgbm,autumn_2024,922,38,6.0921785510745945,1.0,5.0921785510745945
lothstrasse,lightgbm,autumn_2024,923,38,5.196196163477449,1.0,4.196196163477449
lothstrasse,lightgbm,autumn_2024,924,38,5.206430212305017,1.0,4.206430212305017
lothstrasse,lightgbm,autumn_2024,925,38,5.918370059751467,1.0,4.918370059751467
lothstrasse,lightgbm,autumn_2024,926,38,5.985699421930448,1.0,4.985699421930448
lothstrasse,lightgbm,autumn_2024,927,38,6.087573340138751,1.0,5.087573340138751
lothstrasse,lightgbm,autumn_2024,928,38,6.369324601614089,1.0,5.369324601614089
lothstrasse,lightgbm,autumn_2024,929,38,7.07088858685693,1.0,6.07088858685693
lothstrasse,lightgbm,autumn_2024,930,38,7.381093452242352,1.0,6.381093452242352
lothstrasse,lightgbm,autumn_2024,931,38,8.239014838793194,2.0,6.239014838793194
lothstrasse,lightgbm,autumn_2024,932,38,9.214945392902283,3.0,6.214945392902283
lothstrasse,lightgbm,autumn_2024,933,38,9.43156816597336,7.0,2.43156816597336
lothstrasse,lightgbm,autumn_2024,934,38,9.257833701577354,11.0,1.7421662984226458
lothstrasse,lightgbm,autumn_2024,935,38,8.733842319586623,12.0,3.266157680413377
lothstrasse,lightgbm,autumn_2024,936,39,9.345174862780144,10.0,0.6548251372198557
lothstrasse,lightgbm,autumn_2024,937,39,9.75298506070529,9.0,0.7529850607052904
lothstrasse,lightgbm,autumn_2024,938,39,9.813820217816435,9.0,0.8138202178164349
lothstrasse,lightgbm,autumn_2024,939,39,9.059603028575909,9.0,0.05960302857590882
lothstrasse,lightgbm,autumn_2024,940,39,8.147436043994214,11.0,2.8525639560057865
lothstrasse,lightgbm,autumn_2024,941,39,8.302602097866982,12.0,3.6973979021330177
lothstrasse,lightgbm,autumn_2024,942,39,8.46011752654738,13.0,4.53988247345262
lothstrasse,lightgbm,autumn_2024,943,39,8.458010046927408,14.0,5.5419899530725925
lothstrasse,lightgbm,autumn_2024,944,39,8.307464389313774,12.0,3.6925356106862264
lothstrasse,lightgbm,autumn_2024,945,39,7.643977989212329,10.0,2.3560220107876706
lothstrasse,lightgbm,autumn_2024,946,39,6.565776364462356,9.0,2.434223635537644
lothstrasse,lightgbm,autumn_2024,947,39,6.303213789925307,8.0,1.696786210074693
lothstrasse,lightgbm,autumn_2024,948,39,7.126785085163986,9.0,1.873214914836014
lothstrasse,lightgbm,autumn_2024,949,39,8.165453574245287,13.0,4.834546425754713
lothstrasse,lightgbm,autumn_2024,950,39,10.361284161108339,16.0,5.638715838891661
lothstrasse,lightgbm,autumn_2024,951,39,11.88125285532082,15.0,3.1187471446791797
lothstrasse,lightgbm,autumn_2024,952,39,13.602482751210086,11.0,2.6024827512100863
lothstrasse,lightgbm,autumn_2024,953,39,14.264177051065083,13.0,1.264177051065083
lothstrasse,lightgbm,autumn_2024,954,39,15.078495881705852,12.0,3.0784958817058516
lothstrasse,lightgbm,autumn_2024,955,39,14.735350110666438,13.0,1.7353501106664382
lothstrasse,lightgbm,autumn_2024,956,39,14.467770382530937,12.0,2.4677703825309365
lothstrasse,lightgbm,autumn_2024,957,39,14.065256192061446,13.0,1.0652561920614456
lothstrasse,lightgbm,autumn_2024,958,39,13.903185407137121,14.0,0.09681459286287897
lothstrasse,lightgbm,autumn_2024,959,39,14.236003160764223,14.0,0.23600316076422345
lothstrasse,lightgbm,autumn_2024,960,40,14.694807427771517,14.0,0.6948074277715168
lothstrasse,lightgbm,autumn_2024,961,40,15.268743329478681,18.0,2.7312566705213186
lothstrasse,lightgbm,autumn_2024,962,40,12.391186910280426,7.0,5.391186910280426
lothstrasse,lightgbm,autumn_2024,963,40,7.597912343825773,2.0,5.597912343825773
lothstrasse,lightgbm,autumn_2024,964,40,6.57003472179382,3.0,3.57003472179382
lothstrasse,lightgbm,autumn_2024,965,40,6.7240215607179925,4.0,2.7240215607179925
lothstrasse,lightgbm,autumn_2024,966,40,6.891009827198937,4.0,2.8910098271989373
lothstrasse,lightgbm,autumn_2024,967,40,7.315266899187295,2.0,5.315266899187295
lothstrasse,lightgbm,autumn_2024,968,40,7.499559755384725,2.0,5.499559755384725
lothstrasse,lightgbm,autumn_2024,969,40,7.628969325419392,4.0,3.6289693254193924
lothstrasse,lightgbm,autumn_2024,970,40,8.011942415837378,6.0,2.011942415837378
lothstrasse,lightgbm,autumn_2024,971,40,8.258651503324124,7.0,1.2586515033241241
lothstrasse,lightgbm,autumn_2024,972,40,8.56103353178618,6.0,2.5610335317861797
lothstrasse,lightgbm,autumn_2024,973,40,8.761922607197285,4.0,4.761922607197285
lothstrasse,lightgbm,autumn_2024,974,40,8.883112174150925,3.0,5.883112174150925
lothstrasse,lightgbm,autumn_2024,975,40,9.383771858716004,3.0,6.383771858716004
lothstrasse,lightgbm,autumn_2024,976,40,9.699457531767733,3.0,6.699457531767733
lothstrasse,lightgbm,autumn_2024,977,40,10.183375921380796,5.0,5.1833759213807955
lothstrasse,lightgbm,autumn_2024,978,40,10.542081661905629,8.0,2.5420816619056286
lothstrasse,lightgbm,autumn_2024,979,40,11.019044618337725,9.0,2.019044618337725
lothstrasse,lightgbm,autumn_2024,980,40,12.35150838061977,11.0,1.3515083806197694
lothstrasse,lightgbm,autumn_2024,981,40,13.138715237391715,14.0,0.8612847626082853
lothstrasse,lightgbm,autumn_2024,982,40,13.42380848512412,12.0,1.4238084851241197
lothstrasse,lightgbm,autumn_2024,983,40,14.850608883622682,12.0,2.850608883622682
lothstrasse,lightgbm,autumn_2024,984,41,15.737841381699479,11.0,4.737841381699479
lothstrasse,lightgbm,autumn_2024,985,41,16.626335762500254,13.0,3.626335762500254
lothstrasse,lightgbm,autumn_2024,986,41,16.89679031584043,12.0,4.8967903158404305
lothstrasse,lightgbm,autumn_2024,987,41,16.53497756793464,11.0,5.534977567934639
lothstrasse,lightgbm,autumn_2024,988,41,17.31382956796816,15.0,2.3138295679681598
lothstrasse,lightgbm,autumn_2024,989,41,17.05765902010168,13.0,4.057659020101681
lothstrasse,lightgbm,autumn_2024,990,41,17.655260701668894,13.0,4.655260701668894
lothstrasse,lightgbm,autumn_2024,991,41,18.468514489987605,13.0,5.468514489987605
lothstrasse,lightgbm,autumn_2024,992,41,16.543632603792755,11.0,5.543632603792755
lothstrasse,lightgbm,autumn_2024,993,41,14.947338325396311,10.0,4.947338325396311
lothstrasse,lightgbm,autumn_2024,994,41,14.199588973806284,13.0,1.199588973806284
lothstrasse,lightgbm,autumn_2024,995,41,15.875316296985432,17.0,1.1246837030145684
lothstrasse,lightgbm,autumn_2024,996,41,18.032997352780146,21.0,2.9670026472198536
lothstrasse,lightgbm,autumn_2024,997,41,18.51686271245818,24.0,5.483137287541819
lothstrasse,lightgbm,autumn_2024,998,41,18.016608588176474,25.0,6.983391411823526
lothstrasse,lightgbm,autumn_2024,999,41,18.62293675569219,24.0,5.377063244307809
lothstrasse,lightgbm,autumn_2024,1000,41,20.152942674670093,21.0,0.8470573253299065
lothstrasse,lightgbm,autumn_2024,1001,41,21.428832729895696,21.0,0.42883272989569576
lothstrasse,lightgbm,autumn_2024,1002,41,21.248582069927174,18.0,3.248582069927174
lothstrasse,lightgbm,autumn_2024,1003,41,19.99202500014587,17.0,2.992025000145869
lothstrasse,lightgbm,autumn_2024,1004,41,19.046675405464615,14.0,5.046675405464615
lothstrasse,lightgbm,autumn_2024,1005,41,19.36222627319449,14.0,5.362226273194491
lothstrasse,lightgbm,autumn_2024,1006,41,19.84254236935838,16.0,3.8425423693583802
lothstrasse,lightgbm,autumn_2024,1007,41,19.782610681441692,17.0,2.7826106814416924
lothstrasse,lightgbm,autumn_2024,1008,42,19.463372616803714,14.0,5.4633726168037136
lothstrasse,lightgbm,autumn_2024,1009,42,20.86078748492289,12.0,8.860787484922891
lothstrasse,lightgbm,autumn_2024,1010,42,22.334444576112958,10.0,12.334444576112958
lothstrasse,lightgbm,autumn_2024,1011,42,23.56768217577769,6.0,17.56768217577769
lothstrasse,lightgbm,autumn_2024,1012,42,23.53576076148155,3.0,20.53576076148155
lothstrasse,lightgbm,autumn_2024,1013,42,24.154009464421616,3.0,21.154009464421616
lothstrasse,lightgbm,autumn_2024,1014,42,27.700164318471593,5.0,22.700164318471593
lothstrasse,lightgbm,autumn_2024,1015,42,31.088599763336067,10.0,21.088599763336067
lothstrasse,lightgbm,autumn_2024,1016,42,31.836232635249395,14.0,17.836232635249395
lothstrasse,lightgbm,autumn_2024,1017,42,30.472596268011184,13.0,17.472596268011184
lothstrasse,lightgbm,autumn_2024,1018,42,28.113262326248933,12.0,16.113262326248933
lothstrasse,lightgbm,autumn_2024,1019,42,26.943581247189467,13.0,13.943581247189467
lothstrasse,lightgbm,autumn_2024,1020,42,22.33906253964598,12.0,10.33906253964598
lothstrasse,lightgbm,autumn_2024,1021,42,19.093646709568134,10.0,9.093646709568134
lothstrasse,lightgbm,autumn_2024,1022,42,17.329850013079408,12.0,5.329850013079408
lothstrasse,lightgbm,autumn_2024,1023,42,17.696814013882076,16.0,1.6968140138820758
lothstrasse,lightgbm,autumn_2024,1024,42,17.60164146255656,17.0,0.6016414625565609
lothstrasse,lightgbm,autumn_2024,1025,42,16.836495391922014,15.0,1.8364953919220142
lothstrasse,lightgbm,autumn_2024,1026,42,16.902224331727087,15.0,1.902224331727087
lothstrasse,lightgbm,autumn_2024,1027,42,17.353487848735362,14.0,3.3534878487353623
lothstrasse,lightgbm,autumn_2024,1028,42,18.483672012211667,14.0,4.483672012211667
lothstrasse,lightgbm,autumn_2024,1029,42,19.18180067016092,13.0,6.181800670160921
lothstrasse,lightgbm,autumn_2024,1030,42,19.451690571245198,12.0,7.451690571245198
lothstrasse,lightgbm,autumn_2024,1031,42,19.281562019109078,11.0,8.281562019109078
lothstrasse,lightgbm,autumn_2024,1032,43,19.39565519682645,9.0,10.39565519682645
lothstrasse,lightgbm,autumn_2024,1033,43,20.059270587833634,11.0,9.059270587833634
lothstrasse,lightgbm,autumn_2024,1034,43,20.801868532161503,12.0,8.801868532161503
lothstrasse,lightgbm,autumn_2024,1035,43,21.298930364556103,15.0,6.298930364556103
lothstrasse,lightgbm,autumn_2024,1036,43,21.295439051533595,15.0,6.295439051533595
lothstrasse,lightgbm,autumn_2024,1037,43,20.923193406081616,15.0,5.923193406081616
lothstrasse,lightgbm,autumn_2024,1038,43,20.162771748871087,15.0,5.162771748871087
lothstrasse,lightgbm,autumn_2024,1039,43,21.225805184322834,19.0,2.2258051843228337
lothstrasse,lightgbm,autumn_2024,1040,43,21.483649885246937,18.0,3.483649885246937
lothstrasse,lightgbm,autumn_2024,1041,43,21.423324240682355,19.0,2.423324240682355
lothstrasse,lightgbm,autumn_2024,1042,43,21.75785338053742,21.0,0.7578533805374192
lothstrasse,lightgbm,autumn_2024,1043,43,21.948126653679832,22.0,0.05187334632016771
lothstrasse,lightgbm,autumn_2024,1044,43,21.684110774187676,23.0,1.3158892258123238
lothstrasse,lightgbm,autumn_2024,1045,43,21.37244672963447,22.0,0.6275532703655315
lothstrasse,lightgbm,autumn_2024,1046,43,20.245901104875536,18.0,2.2459011048755357
lothstrasse,lightgbm,autumn_2024,1047,43,19.39189187823247,14.0,5.391891878232471
lothstrasse,lightgbm,autumn_2024,1048,43,18.944672389613395,13.0,5.944672389613395
lothstrasse,lightgbm,autumn_2024,1049,43,18.95930873198742,10.0,8.95930873198742
lothstrasse,lightgbm,autumn_2024,1050,43,19.908727533843326,12.0,7.908727533843326
lothstrasse,lightgbm,autumn_2024,1051,43,19.884140192566537,11.0,8.884140192566537
lothstrasse,lightgbm,autumn_2024,1052,43,18.247721136656498,9.0,9.247721136656498
lothstrasse,lightgbm,autumn_2024,1053,43,16.26609716750746,10.0,6.266097167507461
lothstrasse,lightgbm,autumn_2024,1054,43,14.651529085152326,10.0,4.651529085152326
lothstrasse,lightgbm,autumn_2024,1055,43,13.382468775392875,10.0,3.3824687753928746
