station,model,window,hour_index,day_index,pred,actual,abs_error
stachus,xgboost,spring_2024,0,0,16.27193832397461,15.0,1.2719383239746094
stachus,xgboost,spring_2024,1,0,15.046380043029785,14.0,1.0463800430297852
stachus,xgboost,spring_2024,2,0,15.123830795288086,14.0,1.123830795288086
stachus,xgboost,spring_2024,3,0,15.17142391204834,13.0,2.17142391204834
stachus,xgboost,spring_2024,4,0,14.716978073120117,13.0,1.7169780731201172
stachus,xgboost,spring_2024,5,0,13.536864280700684,11.0,2.5368642807006836
stachus,xgboost,spring_2024,6,0,12.65196418762207,11.0,1.6519641876220703
stachus,xgboost,spring_2024,7,0,11.603017807006836,10.0,1.603017807006836
stachus,xgboost,spring_2024,8,0,10.13493537902832,9.0,1.1349353790283203
stachus,xgboost,spring_2024,9,0,8.707514762878418,8.0,0.707514762878418
stachus,xgboost,spring_2024,10,0,7.768857002258301,7.0,0.7688570022583008
stachus,xgboost,spring_2024,11,0,7.586970806121826,7.0,0.5869708061218262
stachus,xgboost,spring_2024,12,0,7.5570759773254395,7.0,0.5570759773254395
stachus,xgboost,spring_2024,13,0,7.68930721282959,7.0,0.6893072128295898
stachus,xgboost,spring_2024,14,0,7.1603007316589355,6.0,1.1603007316589355
stachus,xgboost,spring_2024,15,0,5.915189266204834,4.0,1.915189266204834
stachus,xgboost,spring_2024,16,0,5.287024021148682,3.0,2.2870240211486816
stachus,xgboost,spring_2024,17,0,5.458678245544434,4.0,1.4586782455444336
stachus,xgboost,spring_2024,18,0,6.614439010620117,8.0,1.3855609893798828
stachus,xgboost,spring_2024,19,0,7.77344274520874,6.0,1.7734427452087402
stachus,xgboost,spring_2024,20,0,10.4520845413208,11.0,0.5479154586791992
stachus,xgboost,spring_2024,21,0,11.523219108581543,14.0,2.476780891418457
stachus,xgboost,spring_2024,22,0,9.7911958694458,9.0,0.7911958694458008
stachus,xgboost,spring_2024,23,0,7.576837539672852,6.0,1.5768375396728516
stachus,xgboost,spring_2024,24,1,7.902497291564941,8.0,0.0975027084350586
stachus,xgboost,spring_2024,25,1,7.9708452224731445,10.0,2.0291547775268555
stachus,xgboost,spring_2024,26,1,6.994176864624023,6.0,0.9941768646240234
stachus,xgboost,spring_2024,27,1,6.119911193847656,6.0,0.11991119384765625
stachus,xgboost,spring_2024,28,1,5.803680419921875,5.0,0.803680419921875
stachus,xgboost,spring_2024,29,1,5.336452960968018,5.0,0.3364529609680176
stachus,xgboost,spring_2024,30,1,5.07224702835083,5.0,0.07224702835083008
stachus,xgboost,spring_2024,31,1,4.807311058044434,4.0,0.8073110580444336
stachus,xgboost,spring_2024,32,1,4.573803424835205,4.0,0.5738034248352051
stachus,xgboost,spring_2024,33,1,4.109279155731201,4.0,0.10927915573120117
stachus,xgboost,spring_2024,34,1,4.668833255767822,4.0,0.6688332557678223
stachus,xgboost,spring_2024,35,1,4.410297393798828,2.0,2.410297393798828
stachus,xgboost,spring_2024,36,1,4.412402629852295,3.0,1.412402629852295
stachus,xgboost,spring_2024,37,1,4.553332805633545,5.0,0.4466671943664551
stachus,xgboost,spring_2024,38,1,4.547000408172607,5.0,0.4529995918273926
stachus,xgboost,spring_2024,39,1,5.011323928833008,6.0,0.9886760711669922
stachus,xgboost,spring_2024,40,1,5.063064098358154,4.0,1.0630640983581543
stachus,xgboost,spring_2024,41,1,4.585928916931152,3.0,1.5859289169311523
stachus,xgboost,spring_2024,42,1,4.466723442077637,6.0,1.5332765579223633
stachus,xgboost,spring_2024,43,1,4.937708377838135,6.0,1.0622916221618652
stachus,xgboost,spring_2024,44,1,3.910827875137329,2.0,1.910827875137329
stachus,xgboost,spring_2024,45,1,3.074157953262329,2.0,1.074157953262329
stachus,xgboost,spring_2024,46,1,2.714893341064453,2.0,0.7148933410644531
stachus,xgboost,spring_2024,47,1,2.023479700088501,2.0,0.023479700088500977
stachus,xgboost,spring_2024,48,2,2.165459156036377,3.0,0.834540843963623
stachus,xgboost,spring_2024,49,2,2.345221996307373,4.0,1.654778003692627
stachus,xgboost,spring_2024,50,2,2.164698839187622,3.0,0.8353011608123779
stachus,xgboost,spring_2024,51,2,1.783315896987915,2.0,0.21668410301208496
stachus,xgboost,spring_2024,52,2,1.9089856147766113,2.0,0.09101438522338867
stachus,xgboost,spring_2024,53,2,1.7403267621994019,1.0,0.7403267621994019
stachus,xgboost,spring_2024,54,2,1.738111972808838,1.0,0.7381119728088379
stachus,xgboost,spring_2024,55,2,1.6983280181884766,0.6,1.0983280181884765
stachus,xgboost,spring_2024,56,2,1.6844476461410522,0.6,1.0844476461410522
stachus,xgboost,spring_2024,57,2,1.7609853744506836,0.4,1.3609853744506837
stachus,xgboost,spring_2024,58,2,1.7843049764633179,0.3,1.4843049764633178
stachus,xgboost,spring_2024,59,2,1.788496494293213,0.8,0.9884964942932128
stachus,xgboost,spring_2024,60,2,1.835601568222046,0.7,1.135601568222046
stachus,xgboost,spring_2024,61,2,1.8234537839889526,1.0,0.8234537839889526
stachus,xgboost,spring_2024,62,2,2.255542755126953,3.0,0.7444572448730469
stachus,xgboost,spring_2024,63,2,3.061166286468506,4.0,0.9388337135314941
stachus,xgboost,spring_2024,64,2,3.7867331504821777,5.0,1.2132668495178223
stachus,xgboost,spring_2024,65,2,3.837843418121338,4.0,0.1621565818786621
stachus,xgboost,spring_2024,66,2,4.7388386726379395,5.0,0.26116132736206055
stachus,xgboost,spring_2024,67,2,5.067963123321533,4.0,1.0679631233215332
stachus,xgboost,spring_2024,68,2,5.17153787612915,3.0,2.1715378761291504
stachus,xgboost,spring_2024,69,2,5.056423664093018,3.0,2.0564236640930176
stachus,xgboost,spring_2024,70,2,4.8853302001953125,3.0,1.8853302001953125
stachus,xgboost,spring_2024,71,2,4.177454471588135,2.0,2.1774544715881348
stachus,xgboost,spring_2024,72,3,3.997558116912842,1.0,2.997558116912842
stachus,xgboost,spring_2024,73,3,4.036643981933594,1.0,3.0366439819335938
stachus,xgboost,spring_2024,74,3,3.3428072929382324,1.0,2.3428072929382324
stachus,xgboost,spring_2024,75,3,2.708787202835083,0.7,2.008787202835083
stachus,xgboost,spring_2024,76,3,2.216444253921509,1.0,1.2164442539215088
stachus,xgboost,spring_2024,77,3,2.0434272289276123,1.0,1.0434272289276123
stachus,xgboost,spring_2024,78,3,2.32503342628479,2.0,0.32503342628479004
stachus,xgboost,spring_2024,79,3,2.885014772415161,2.0,0.8850147724151611
stachus,xgboost,spring_2024,80,3,3.1416494846343994,3.0,0.14164948463439941
stachus,xgboost,spring_2024,81,3,3.8846704959869385,3.0,0.8846704959869385
stachus,xgboost,spring_2024,82,3,4.393825531005859,4.0,0.3938255310058594
stachus,xgboost,spring_2024,83,3,4.544552803039551,5.0,0.4554471969604492
stachus,xgboost,spring_2024,84,3,4.447903633117676,3.0,1.4479036331176758
stachus,xgboost,spring_2024,85,3,4.228742599487305,3.0,1.2287425994873047
stachus,xgboost,spring_2024,86,3,3.6945583820343018,3.0,0.6945583820343018
stachus,xgboost,spring_2024,87,3,3.342007875442505,3.0,0.3420078754425049
stachus,xgboost,spring_2024,88,3,3.312920093536377,5.0,1.687079906463623
stachus,xgboost,spring_2024,89,3,3.492446184158325,4.0,0.5075538158416748
stachus,xgboost,spring_2024,90,3,3.7658283710479736,4.0,0.23417162895202637
stachus,xgboost,spring_2024,91,3,4.117362022399902,6.0,1.8826379776000977
stachus,xgboost,spring_2024,92,3,5.036108493804932,6.0,0.9638915061950684
stachus,xgboost,spring_2024,93,3,5.4937005043029785,4.0,1.4937005043029785
stachus,xgboost,spring_2024,94,3,5.231873512268066,4.0,1.2318735122680664
stachus,xgboost,spring_2024,95,3,5.339876174926758,5.0,0.3398761749267578
stachus,xgboost,spring_2024,96,4,5.309828281402588,5.0,0.3098282814025879
stachus,xgboost,spring_2024,97,4,5.340513229370117,5.0,0.3405132293701172
stachus,xgboost,spring_2024,98,4,5.324092864990234,7.0,1.6759071350097656
stachus,xgboost,spring_2024,99,4,5.57283878326416,6.0,0.42716121673583984
stachus,xgboost,spring_2024,100,4,5.5116682052612305,6.0,0.48833179473876953
stachus,xgboost,spring_2024,101,4,5.542419910430908,5.0,0.5424199104309082
stachus,xgboost,spring_2024,102,4,5.619636535644531,5.0,0.6196365356445312
stachus,xgboost,spring_2024,103,4,5.016667366027832,5.0,0.01666736602783203
stachus,xgboost,spring_2024,104,4,5.398127555847168,6.0,0.601872444152832
stachus,xgboost,spring_2024,105,4,4.9594597816467285,7.0,2.0405402183532715
stachus,xgboost,spring_2024,106,4,4.595434665679932,7.0,2.4045653343200684
stachus,xgboost,spring_2024,107,4,4.2777299880981445,6.0,1.7222700119018555
stachus,xgboost,spring_2024,108,4,4.4120402336120605,7.0,2.5879597663879395
stachus,xgboost,spring_2024,109,4,4.355472087860107,6.0,1.6445279121398926
stachus,xgboost,spring_2024,110,4,4.955018043518066,8.0,3.0449819564819336
stachus,xgboost,spring_2024,111,4,5.340231895446777,7.0,1.6597681045532227
stachus,xgboost,spring_2024,112,4,6.0211710929870605,8.0,1.9788289070129395
stachus,xgboost,spring_2024,113,4,6.522680282592773,7.0,0.47731971740722656
stachus,xgboost,spring_2024,114,4,7.186431407928467,9.0,1.8135685920715332
stachus,xgboost,spring_2024,115,4,8.047637939453125,11.0,2.952362060546875
stachus,xgboost,spring_2024,116,4,9.117752075195312,13.0,3.8822479248046875
stachus,xgboost,spring_2024,117,4,10.813019752502441,14.0,3.1869802474975586
stachus,xgboost,spring_2024,118,4,11.23896312713623,15.0,3.7610368728637695
stachus,xgboost,spring_2024,119,4,9.604283332824707,9.0,0.604283332824707
stachus,xgboost,spring_2024,120,5,8.673895835876465,9.0,0.32610416412353516
stachus,xgboost,spring_2024,121,5,8.41258430480957,9.0,0.5874156951904297
stachus,xgboost,spring_2024,122,5,8.433978080749512,7.0,1.4339780807495117
stachus,xgboost,spring_2024,123,5,7.491062641143799,4.0,3.491062641143799
stachus,xgboost,spring_2024,124,5,6.4699931144714355,3.0,3.4699931144714355
stachus,xgboost,spring_2024,125,5,6.272714138031006,3.0,3.272714138031006
stachus,xgboost,spring_2024,126,5,6.758806228637695,4.0,2.7588062286376953
stachus,xgboost,spring_2024,127,5,7.14072847366333,6.0,1.14072847366333
stachus,xgboost,spring_2024,128,5,7.121938228607178,8.0,0.8780617713928223
stachus,xgboost,spring_2024,129,5,7.172255039215088,7.0,0.1722550392150879
stachus,xgboost,spring_2024,130,5,4.9510602951049805,2.0,2.9510602951049805
stachus,xgboost,spring_2024,131,5,3.6555140018463135,3.0,0.6555140018463135
stachus,xgboost,spring_2024,132,5,2.9300992488861084,3.0,0.0699007511138916
stachus,xgboost,spring_2024,133,5,1.6969034671783447,3.0,1.3030965328216553
stachus,xgboost,spring_2024,134,5,1.7428795099258423,4.0,2.2571204900741577
stachus,xgboost,spring_2024,135,5,4.290709972381592,12.0,7.709290027618408
stachus,xgboost,spring_2024,136,5,8.334800720214844,18.0,9.665199279785156
stachus,xgboost,spring_2024,137,5,11.756525039672852,25.0,13.243474960327148
stachus,xgboost,spring_2024,138,5,12.512866973876953,15.0,2.487133026123047
stachus,xgboost,spring_2024,139,5,8.898996353149414,8.0,0.8989963531494141
stachus,xgboost,spring_2024,140,5,6.351998805999756,6.0,0.35199880599975586
stachus,xgboost,spring_2024,141,5,4.6676812171936035,3.0,1.6676812171936035
stachus,xgboost,spring_2024,142,5,3.560896396636963,3.0,0.5608963966369629
stachus,xgboost,spring_2024,143,5,2.139192819595337,0.5,1.639192819595337
stachus,xgboost,spring_2024,144,6,1.5009045600891113,0.5,1.0009045600891113
stachus,xgboost,spring_2024,145,6,2.1973583698272705,0.3,1.8973583698272705
stachus,xgboost,spring_2024,146,6,2.4812936782836914,0.3,2.1812936782836916
stachus,xgboost,spring_2024,147,6,1.7288482189178467,0.5,1.2288482189178467
stachus,xgboost,spring_2024,148,6,1.4838628768920898,0.3,1.1838628768920898
stachus,xgboost,spring_2024,149,6,1.4834579229354858,0.3,1.1834579229354858
stachus,xgboost,spring_2024,150,6,2.30617618560791,0.5,1.8061761856079102
stachus,xgboost,spring_2024,151,6,1.6423723697662354,0.3,1.3423723697662353
stachus,xgboost,spring_2024,152,6,1.6383336782455444,0.3,1.3383336782455444
stachus,xgboost,spring_2024,153,6,1.764127254486084,0.6,1.164127254486084
stachus,xgboost,spring_2024,154,6,2.143069267272949,2.0,0.14306926727294922
stachus,xgboost,spring_2024,155,6,3.3680810928344727,4.0,0.6319189071655273
stachus,xgboost,spring_2024,156,6,4.512074947357178,4.0,0.5120749473571777
stachus,xgboost,spring_2024,157,6,3.426807403564453,2.0,1.4268074035644531
stachus,xgboost,spring_2024,158,6,2.956691265106201,1.0,1.9566912651062012
stachus,xgboost,spring_2024,159,6,3.1761281490325928,2.0,1.1761281490325928
stachus,xgboost,spring_2024,160,6,3.8809611797332764,2.0,1.8809611797332764
stachus,xgboost,spring_2024,161,6,4.4746785163879395,3.0,1.4746785163879395
stachus,xgboost,spring_2024,162,6,3.863823175430298,3.0,0.8638231754302979
stachus,xgboost,spring_2024,163,6,4.435641765594482,4.0,0.4356417655944824
stachus,xgboost,spring_2024,164,6,4.776011943817139,4.0,0.7760119438171387
stachus,xgboost,spring_2024,165,6,4.822551250457764,4.0,0.8225512504577637
stachus,xgboost,spring_2024,166,6,3.806056022644043,4.0,0.19394397735595703
stachus,xgboost,spring_2024,167,6,3.2512452602386475,4.0,0.7487547397613525
stachus,xgboost,spring_2024,168,7,3.275940179824829,4.0,0.7240598201751709
stachus,xgboost,spring_2024,169,7,3.435697555541992,3.0,0.4356975555419922
stachus,xgboost,spring_2024,170,7,3.0322816371917725,0.8,2.2322816371917726
stachus,xgboost,spring_2024,171,7,2.702116012573242,0.4,2.3021160125732423
stachus,xgboost,spring_2024,172,7,2.249335765838623,0.8,1.449335765838623
stachus,xgboost,spring_2024,173,7,1.8157540559768677,0.6,1.2157540559768676
stachus,xgboost,spring_2024,174,7,1.9653939008712769,1.0,0.9653939008712769
stachus,xgboost,spring_2024,175,7,1.8217957019805908,2.0,0.17820429801940918
stachus,xgboost,spring_2024,176,7,1.7581535577774048,2.0,0.24184644222259521
stachus,xgboost,spring_2024,177,7,1.427533745765686,2.0,0.572466254234314
stachus,xgboost,spring_2024,178,7,1.3692587614059448,1.0,0.3692587614059448
stachus,xgboost,spring_2024,179,7,1.5639008283615112,1.0,0.5639008283615112
stachus,xgboost,spring_2024,180,7,1.3143290281295776,1.0,0.31432902812957764
stachus,xgboost,spring_2024,181,7,1.017704963684082,0.9,0.11770496368408201
stachus,xgboost,spring_2024,182,7,0.8068947196006775,2.0,1.1931052803993225
stachus,xgboost,spring_2024,183,7,0.7678171992301941,2.0,1.232182800769806
stachus,xgboost,spring_2024,184,7,0.6512476801872253,2.0,1.3487523198127747
stachus,xgboost,spring_2024,185,7,3.9765586853027344,10.0,6.023441314697266
stachus,xgboost,spring_2024,186,7,13.04131031036377,32.0,18.95868968963623
stachus,xgboost,spring_2024,187,7,16.635690689086914,37.0,20.364309310913086
stachus,xgboost,spring_2024,188,7,22.46673011779785,37.0,14.533269882202148
stachus,xgboost,spring_2024,189,7,27.845767974853516,37.0,9.154232025146484
stachus,xgboost,spring_2024,190,7,29.746875762939453,37.0,7.253124237060547
stachus,xgboost,spring_2024,191,7,29.873313903808594,37.0,7.126686096191406
stachus,xgboost,spring_2024,192,8,34.54804611206055,37.0,2.451953887939453
stachus,xgboost,spring_2024,193,8,35.1582145690918,37.0,1.8417854309082031
stachus,xgboost,spring_2024,194,8,36.89691162109375,37.0,0.10308837890625
stachus,xgboost,spring_2024,195,8,36.71031951904297,37.0,0.28968048095703125
stachus,xgboost,spring_2024,196,8,36.42686462402344,37.0,0.5731353759765625
stachus,xgboost,spring_2024,197,8,37.11686706542969,36.0,1.1168670654296875
stachus,xgboost,spring_2024,198,8,37.57823944091797,35.0,2.5782394409179688
stachus,xgboost,spring_2024,199,8,37.00725555419922,33.0,4.007255554199219
stachus,xgboost,spring_2024,200,8,35.8586311340332,28.0,7.858631134033203
stachus,xgboost,spring_2024,201,8,35.155513763427734,24.0,11.155513763427734
stachus,xgboost,spring_2024,202,8,34.721336364746094,25.0,9.721336364746094
stachus,xgboost,spring_2024,203,8,32.91033172607422,24.0,8.910331726074219
stachus,xgboost,spring_2024,204,8,32.12602996826172,24.0,8.126029968261719
stachus,xgboost,spring_2024,205,8,32.80987548828125,27.0,5.80987548828125
stachus,xgboost,spring_2024,206,8,32.27782440185547,32.0,0.27782440185546875
stachus,xgboost,spring_2024,207,8,32.916778564453125,31.0,1.916778564453125
stachus,xgboost,spring_2024,208,8,32.40248489379883,30.0,2.402484893798828
stachus,xgboost,spring_2024,209,8,33.02427673339844,34.0,0.9757232666015625
stachus,xgboost,spring_2024,210,8,32.14973068237305,37.0,4.850269317626953
stachus,xgboost,spring_2024,211,8,32.44410705566406,37.0,4.5558929443359375
stachus,xgboost,spring_2024,212,8,33.08749771118164,37.0,3.9125022888183594
stachus,xgboost,spring_2024,213,8,32.65018844604492,32.0,0.6501884460449219
stachus,xgboost,spring_2024,214,8,29.65675163269043,21.0,8.65675163269043
stachus,xgboost,spring_2024,215,8,25.814895629882812,16.0,9.814895629882812
stachus,xgboost,spring_2024,216,9,30.547863006591797,33.0,2.452136993408203
stachus,xgboost,spring_2024,217,9,34.27867889404297,37.0,2.7213211059570312
stachus,xgboost,spring_2024,218,9,33.46479415893555,36.0,2.535205841064453
stachus,xgboost,spring_2024,219,9,31.19101905822754,19.0,12.191019058227539
stachus,xgboost,spring_2024,220,9,30.596921920776367,17.0,13.596921920776367
stachus,xgboost,spring_2024,221,9,27.972625732421875,16.0,11.972625732421875
stachus,xgboost,spring_2024,222,9,27.098108291625977,17.0,10.098108291625977
stachus,xgboost,spring_2024,223,9,27.537689208984375,16.0,11.537689208984375
stachus,xgboost,spring_2024,224,9,28.85281753540039,17.0,11.85281753540039
stachus,xgboost,spring_2024,225,9,28.896413803100586,16.0,12.896413803100586
stachus,xgboost,spring_2024,226,9,27.54265785217285,16.0,11.542657852172852
stachus,xgboost,spring_2024,227,9,26.3547420501709,15.0,11.354742050170898
stachus,xgboost,spring_2024,228,9,26.4659481048584,14.0,12.465948104858398
stachus,xgboost,spring_2024,229,9,22.573169708251953,12.0,10.573169708251953
stachus,xgboost,spring_2024,230,9,19.89936065673828,11.0,8.899360656738281
stachus,xgboost,spring_2024,231,9,12.050328254699707,6.0,6.050328254699707
stachus,xgboost,spring_2024,232,9,4.748045444488525,2.0,2.7480454444885254
stachus,xgboost,spring_2024,233,9,2.762388229370117,2.0,0.7623882293701172
stachus,xgboost,spring_2024,234,9,2.6699750423431396,2.0,0.6699750423431396
stachus,xgboost,spring_2024,235,9,3.542259693145752,4.0,0.45774030685424805
stachus,xgboost,spring_2024,236,9,4.689332962036133,4.0,0.6893329620361328
stachus,xgboost,spring_2024,237,9,5.399892807006836,4.0,1.399892807006836
stachus,xgboost,spring_2024,238,9,5.970614910125732,4.0,1.9706149101257324
stachus,xgboost,spring_2024,239,9,5.693548679351807,4.0,1.6935486793518066
stachus,xgboost,spring_2024,240,10,5.663144111633301,4.0,1.6631441116333008
stachus,xgboost,spring_2024,241,10,5.272922992706299,3.0,2.272922992706299
stachus,xgboost,spring_2024,242,10,5.208291053771973,3.0,2.2082910537719727
stachus,xgboost,spring_2024,243,10,4.987553596496582,3.0,1.987553596496582
stachus,xgboost,spring_2024,244,10,4.5972981452941895,3.0,1.5972981452941895
stachus,xgboost,spring_2024,245,10,4.162881374359131,3.0,1.1628813743591309
stachus,xgboost,spring_2024,246,10,4.248508453369141,3.0,1.2485084533691406
stachus,xgboost,spring_2024,247,10,4.311272144317627,2.0,2.311272144317627
stachus,xgboost,spring_2024,248,10,4.101243495941162,3.0,1.101243495941162
stachus,xgboost,spring_2024,249,10,3.223018169403076,1.0,2.223018169403076
stachus,xgboost,spring_2024,250,10,2.310609817504883,0.6,1.7106098175048827
stachus,xgboost,spring_2024,251,10,1.5754168033599854,0.6,0.9754168033599854
stachus,xgboost,spring_2024,252,10,1.629663109779358,0.6,1.0296631097793578
stachus,xgboost,spring_2024,253,10,1.6609220504760742,0.7,0.9609220504760743
stachus,xgboost,spring_2024,254,10,1.5773260593414307,1.0,0.5773260593414307
stachus,xgboost,spring_2024,255,10,1.8360095024108887,2.0,0.16399049758911133
stachus,xgboost,spring_2024,256,10,1.978228211402893,2.0,0.021771788597106934
stachus,xgboost,spring_2024,257,10,2.0221455097198486,3.0,0.9778544902801514
stachus,xgboost,spring_2024,258,10,2.4229238033294678,5.0,2.5770761966705322
stachus,xgboost,spring_2024,259,10,2.532254695892334,4.0,1.467745304107666
stachus,xgboost,spring_2024,260,10,2.191169500350952,2.0,0.19116950035095215
stachus,xgboost,spring_2024,261,10,2.017612934112549,3.0,0.9823870658874512
stachus,xgboost,spring_2024,262,10,1.812780499458313,1.0,0.812780499458313
stachus,xgboost,spring_2024,263,10,2.886697292327881,2.0,0.8866972923278809
stachus,xgboost,spring_2024,264,11,2.967733144760132,1.0,1.9677331447601318
stachus,xgboost,spring_2024,265,11,2.9163684844970703,0.3,2.6163684844970705
stachus,xgboost,spring_2024,266,11,2.7965664863586426,0.3,2.4965664863586428
stachus,xgboost,spring_2024,267,11,2.8917396068573,0.4,2.4917396068573
stachus,xgboost,spring_2024,268,11,3.048750400543213,0.3,2.748750400543213
stachus,xgboost,spring_2024,269,11,2.728296995162964,0.3,2.428296995162964
stachus,xgboost,spring_2024,270,11,3.036736249923706,1.0,2.036736249923706
stachus,xgboost,spring_2024,271,11,3.4639041423797607,2.0,1.4639041423797607
stachus,xgboost,spring_2024,272,11,3.3269524574279785,2.0,1.3269524574279785
stachus,xgboost,spring_2024,273,11,3.47625994682312,2.0,1.4762599468231201
stachus,xgboost,spring_2024,274,11,4.6816887855529785,4.0,0.6816887855529785
stachus,xgboost,spring_2024,275,11,4.471062183380127,4.0,0.47106218338012695
stachus,xgboost,spring_2024,276,11,4.568340301513672,4.0,0.5683403015136719
stachus,xgboost,spring_2024,277,11,4.739598274230957,4.0,0.739598274230957
stachus,xgboost,spring_2024,278,11,4.606563568115234,6.0,1.3934364318847656
stachus,xgboost,spring_2024,279,11,5.132689952850342,4.0,1.1326899528503418
stachus,xgboost,spring_2024,280,11,5.723815441131592,4.0,1.7238154411315918
stachus,xgboost,spring_2024,281,11,5.7716064453125,4.0,1.7716064453125
stachus,xgboost,spring_2024,282,11,6.150782108306885,7.0,0.8492178916931152
stachus,xgboost,spring_2024,283,11,6.788566589355469,7.0,0.21143341064453125
stachus,xgboost,spring_2024,284,11,5.946061611175537,3.0,2.946061611175537
stachus,xgboost,spring_2024,285,11,5.333639144897461,5.0,0.33363914489746094
stachus,xgboost,spring_2024,286,11,4.942922115325928,3.0,1.9429221153259277
stachus,xgboost,spring_2024,287,11,4.241504669189453,2.0,2.241504669189453
stachus,xgboost,spring_2024,288,12,4.047464370727539,1.0,3.047464370727539
stachus,xgboost,spring_2024,289,12,4.112717628479004,2.0,2.112717628479004
stachus,xgboost,spring_2024,290,12,3.855999708175659,1.0,2.855999708175659
stachus,xgboost,spring_2024,291,12,3.65140962600708,0.8,2.8514096260070803
stachus,xgboost,spring_2024,292,12,3.4450631141662598,0.6,2.8450631141662597
stachus,xgboost,spring_2024,293,12,3.629225730895996,0.9,2.729225730895996
stachus,xgboost,spring_2024,294,12,4.098028182983398,2.0,2.0980281829833984
stachus,xgboost,spring_2024,295,12,4.343686580657959,2.0,2.343686580657959
stachus,xgboost,spring_2024,296,12,4.018731117248535,3.0,1.0187311172485352
stachus,xgboost,spring_2024,297,12,3.9656577110290527,3.0,0.9656577110290527
stachus,xgboost,spring_2024,298,12,3.7828502655029297,3.0,0.7828502655029297
stachus,xgboost,spring_2024,299,12,3.611018419265747,3.0,0.6110184192657471
stachus,xgboost,spring_2024,300,12,3.4048655033111572,2.0,1.4048655033111572
stachus,xgboost,spring_2024,301,12,3.1914052963256836,2.0,1.1914052963256836
stachus,xgboost,spring_2024,302,12,3.4161531925201416,3.0,0.4161531925201416
stachus,xgboost,spring_2024,303,12,3.660097599029541,5.0,1.339902400970459
stachus,xgboost,spring_2024,304,12,3.7819318771362305,4.0,0.21806812286376953
stachus,xgboost,spring_2024,305,12,4.0057759284973145,4.0,0.005775928497314453
stachus,xgboost,spring_2024,306,12,4.874049663543701,5.0,0.12595033645629883
stachus,xgboost,spring_2024,307,12,4.3524932861328125,4.0,0.3524932861328125
stachus,xgboost,spring_2024,308,12,4.117055416107178,3.0,1.1170554161071777
stachus,xgboost,spring_2024,309,12,3.9680113792419434,3.0,0.9680113792419434
stachus,xgboost,spring_2024,310,12,3.31040620803833,2.0,1.31040620803833
stachus,xgboost,spring_2024,311,12,2.8033673763275146,0.7,2.1033673763275145
stachus,xgboost,spring_2024,312,13,1.9485292434692383,1.0,0.9485292434692383
stachus,xgboost,spring_2024,313,13,2.0158541202545166,2.0,0.0158541202545166
stachus,xgboost,spring_2024,314,13,2.068977117538452,2.0,0.06897711753845215
stachus,xgboost,spring_2024,315,13,2.2549057006835938,2.0,0.25490570068359375
stachus,xgboost,spring_2024,316,13,2.3132543563842773,1.0,1.3132543563842773
stachus,xgboost,spring_2024,317,13,2.248167037963867,1.0,1.2481670379638672
stachus,xgboost,spring_2024,318,13,2.8924670219421387,4.0,1.1075329780578613
stachus,xgboost,spring_2024,319,13,2.8860158920288086,2.0,0.8860158920288086
stachus,xgboost,spring_2024,320,13,2.445362091064453,2.0,0.4453620910644531
stachus,xgboost,spring_2024,321,13,2.530763864517212,3.0,0.4692361354827881
stachus,xgboost,spring_2024,322,13,2.501110553741455,4.0,1.498889446258545
stachus,xgboost,spring_2024,323,13,2.3968992233276367,3.0,0.6031007766723633
stachus,xgboost,spring_2024,324,13,3.374899387359619,5.0,1.6251006126403809
stachus,xgboost,spring_2024,325,13,3.578153610229492,5.0,1.4218463897705078
stachus,xgboost,spring_2024,326,13,4.0337324142456055,8.0,3.9662675857543945
stachus,xgboost,spring_2024,327,13,4.968777179718018,8.0,3.0312228202819824
stachus,xgboost,spring_2024,328,13,4.805833339691162,6.0,1.194166660308838
stachus,xgboost,spring_2024,329,13,4.923222064971924,7.0,2.076777935028076
stachus,xgboost,spring_2024,330,13,5.016071319580078,9.0,3.983928680419922
stachus,xgboost,spring_2024,331,13,6.0981597900390625,13.0,6.9018402099609375
stachus,xgboost,spring_2024,332,13,7.12403678894043,8.0,0.8759632110595703
stachus,xgboost,spring_2024,333,13,8.041496276855469,8.0,0.04149627685546875
stachus,xgboost,spring_2024,334,13,8.082980155944824,8.0,0.08298015594482422
stachus,xgboost,spring_2024,335,13,7.3558807373046875,5.0,2.3558807373046875
stachus,xgboost,spring_2024,336,14,6.79232120513916,5.0,1.7923212051391602
stachus,xgboost,spring_2024,337,14,6.41852331161499,5.0,1.4185233116149902
stachus,xgboost,spring_2024,338,14,5.6365766525268555,4.0,1.6365766525268555
stachus,xgboost,spring_2024,339,14,5.319816589355469,3.0,2.3198165893554688
stachus,xgboost,spring_2024,340,14,5.469361305236816,4.0,1.4693613052368164
stachus,xgboost,spring_2024,341,14,5.927659034729004,5.0,0.9276590347290039
stachus,xgboost,spring_2024,342,14,5.821992874145508,5.0,0.8219928741455078
stachus,xgboost,spring_2024,343,14,5.464667797088623,5.0,0.46466779708862305
stachus,xgboost,spring_2024,344,14,5.00651216506958,4.0,1.00651216506958
stachus,xgboost,spring_2024,345,14,4.444235324859619,3.0,1.4442353248596191
stachus,xgboost,spring_2024,346,14,3.7786922454833984,3.0,0.7786922454833984
stachus,xgboost,spring_2024,347,14,3.341295003890991,3.0,0.3412950038909912
stachus,xgboost,spring_2024,348,14,3.1826508045196533,5.0,1.8173491954803467
stachus,xgboost,spring_2024,349,14,2.8585894107818604,3.0,0.14141058921813965
stachus,xgboost,spring_2024,350,14,1.9516373872756958,4.0,2.048362612724304
stachus,xgboost,spring_2024,351,14,2.3877716064453125,6.0,3.6122283935546875
stachus,xgboost,spring_2024,352,14,3.9206597805023193,9.0,5.079340219497681
stachus,xgboost,spring_2024,353,14,5.1816816329956055,9.0,3.8183183670043945
stachus,xgboost,spring_2024,354,14,7.276490211486816,16.0,8.723509788513184
stachus,xgboost,spring_2024,355,14,9.716629981994629,16.0,6.283370018005371
stachus,xgboost,spring_2024,356,14,8.96040153503418,10.0,1.0395984649658203
stachus,xgboost,spring_2024,357,14,8.224994659423828,10.0,1.7750053405761719
stachus,xgboost,spring_2024,358,14,7.47636604309082,7.0,0.4763660430908203
stachus,xgboost,spring_2024,359,14,7.072408199310303,8.0,0.9275918006896973
stachus,xgboost,spring_2024,360,15,7.772658824920654,9.0,1.2273411750793457
stachus,xgboost,spring_2024,361,15,7.725955009460449,7.0,0.7259550094604492
stachus,xgboost,spring_2024,362,15,8.154519081115723,6.0,2.1545190811157227
stachus,xgboost,spring_2024,363,15,7.7385663986206055,5.0,2.7385663986206055
stachus,xgboost,spring_2024,364,15,7.874436855316162,6.0,1.874436855316162
stachus,xgboost,spring_2024,365,15,9.1978120803833,8.0,1.1978120803833008
stachus,xgboost,spring_2024,366,15,8.51840877532959,7.0,1.5184087753295898
stachus,xgboost,spring_2024,367,15,7.395078659057617,6.0,1.3950786590576172
stachus,xgboost,spring_2024,368,15,5.847008228302002,5.0,0.847008228302002
stachus,xgboost,spring_2024,369,15,5.197447776794434,4.0,1.1974477767944336
stachus,xgboost,spring_2024,370,15,5.197836875915527,4.0,1.1978368759155273
stachus,xgboost,spring_2024,371,15,4.793292999267578,5.0,0.20670700073242188
stachus,xgboost,spring_2024,372,15,4.173433303833008,5.0,0.8265666961669922
stachus,xgboost,spring_2024,373,15,3.997154951095581,4.0,0.0028450489044189453
stachus,xgboost,spring_2024,374,15,3.615446090698242,5.0,1.3845539093017578
stachus,xgboost,spring_2024,375,15,3.996368169784546,6.0,2.003631830215454
stachus,xgboost,spring_2024,376,15,4.210193634033203,7.0,2.789806365966797
stachus,xgboost,spring_2024,377,15,5.357296943664551,9.0,3.642703056335449
stachus,xgboost,spring_2024,378,15,9.409324645996094,11.0,1.5906753540039062
stachus,xgboost,spring_2024,379,15,14.418153762817383,16.0,1.5818462371826172
stachus,xgboost,spring_2024,380,15,18.47037696838379,19.0,0.5296230316162109
stachus,xgboost,spring_2024,381,15,20.195497512817383,22.0,1.8045024871826172
stachus,xgboost,spring_2024,382,15,19.854001998901367,19.0,0.8540019989013672
stachus,xgboost,spring_2024,383,15,17.483928680419922,17.0,0.4839286804199219
stachus,xgboost,spring_2024,384,16,13.592437744140625,12.0,1.592437744140625
stachus,xgboost,spring_2024,385,16,9.038979530334473,7.0,2.0389795303344727
stachus,xgboost,spring_2024,386,16,9.21373176574707,9.0,0.2137317657470703
stachus,xgboost,spring_2024,387,16,7.973325729370117,7.0,0.9733257293701172
stachus,xgboost,spring_2024,388,16,6.491300106048584,5.0,1.491300106048584
stachus,xgboost,spring_2024,389,16,5.53893518447876,5.0,0.5389351844787598
stachus,xgboost,spring_2024,390,16,5.179254531860352,5.0,0.17925453186035156
stachus,xgboost,spring_2024,391,16,4.813863754272461,4.0,0.8138637542724609
stachus,xgboost,spring_2024,392,16,4.437131881713867,4.0,0.4371318817138672
stachus,xgboost,spring_2024,393,16,4.086223125457764,4.0,0.08622312545776367
stachus,xgboost,spring_2024,394,16,4.228718280792236,5.0,0.7712817192077637
stachus,xgboost,spring_2024,395,16,6.716366767883301,8.0,1.2836332321166992
stachus,xgboost,spring_2024,396,16,9.205426216125488,9.0,0.20542621612548828
stachus,xgboost,spring_2024,397,16,11.909780502319336,9.0,2.909780502319336
stachus,xgboost,spring_2024,398,16,13.076574325561523,9.0,4.076574325561523
stachus,xgboost,spring_2024,399,16,13.664000511169434,9.0,4.664000511169434
stachus,xgboost,spring_2024,400,16,13.844351768493652,10.0,3.8443517684936523
stachus,xgboost,spring_2024,401,16,14.23353099822998,11.0,3.2335309982299805
stachus,xgboost,spring_2024,402,16,14.87453842163086,12.0,2.8745384216308594
stachus,xgboost,spring_2024,403,16,16.80349349975586,14.0,2.8034934997558594
stachus,xgboost,spring_2024,404,16,17.012264251708984,12.0,5.012264251708984
stachus,xgboost,spring_2024,405,16,16.046669006347656,10.0,6.046669006347656
stachus,xgboost,spring_2024,406,16,14.229378700256348,10.0,4.229378700256348
stachus,xgboost,spring_2024,407,16,12.35079574584961,8.0,4.350795745849609
stachus,xgboost,spring_2024,408,17,11.573592185974121,9.0,2.573592185974121
stachus,xgboost,spring_2024,409,17,11.706445693969727,9.0,2.7064456939697266
stachus,xgboost,spring_2024,410,17,11.76503849029541,9.0,2.76503849029541
stachus,xgboost,spring_2024,411,17,12.14670181274414,10.0,2.1467018127441406
stachus,xgboost,spring_2024,412,17,13.113207817077637,9.0,4.113207817077637
stachus,xgboost,spring_2024,413,17,15.834868431091309,11.0,4.834868431091309
stachus,xgboost,spring_2024,414,17,19.265188217163086,13.0,6.265188217163086
stachus,xgboost,spring_2024,415,17,20.137784957885742,13.0,7.137784957885742
stachus,xgboost,spring_2024,416,17,21.85849952697754,14.0,7.858499526977539
stachus,xgboost,spring_2024,417,17,24.061012268066406,14.0,10.061012268066406
stachus,xgboost,spring_2024,418,17,24.925151824951172,14.0,10.925151824951172
stachus,xgboost,spring_2024,419,17,28.00528907775879,17.0,11.005289077758789
stachus,xgboost,spring_2024,420,17,29.721986770629883,17.0,12.721986770629883
stachus,xgboost,spring_2024,421,17,30.983104705810547,18.0,12.983104705810547
stachus,xgboost,spring_2024,422,17,30.79981231689453,19.0,11.799812316894531
stachus,xgboost,spring_2024,423,17,31.206172943115234,21.0,10.206172943115234
stachus,xgboost,spring_2024,424,17,30.714336395263672,21.0,9.714336395263672
stachus,xgboost,spring_2024,425,17,31.445301055908203,20.0,11.445301055908203
stachus,xgboost,spring_2024,426,17,31.507286071777344,22.0,9.507286071777344
stachus,xgboost,spring_2024,427,17,31.516984939575195,23.0,8.516984939575195
stachus,xgboost,spring_2024,428,17,31.19389533996582,20.0,11.19389533996582
stachus,xgboost,spring_2024,429,17,30.988370895385742,21.0,9.988370895385742
stachus,xgboost,spring_2024,430,17,27.419145584106445,19.0,8.419145584106445
stachus,xgboost,spring_2024,431,17,24.65753746032715,15.0,9.657537460327148
stachus,xgboost,spring_2024,432,18,21.854326248168945,13.0,8.854326248168945
stachus,xgboost,spring_2024,433,18,18.953123092651367,12.0,6.953123092651367
stachus,xgboost,spring_2024,434,18,17.479923248291016,11.0,6.479923248291016
stachus,xgboost,spring_2024,435,18,17.982952117919922,12.0,5.982952117919922
stachus,xgboost,spring_2024,436,18,18.56106185913086,13.0,5.561061859130859
stachus,xgboost,spring_2024,437,18,19.075531005859375,12.0,7.075531005859375
stachus,xgboost,spring_2024,438,18,19.848060607910156,12.0,7.848060607910156
stachus,xgboost,spring_2024,439,18,21.365026473999023,14.0,7.365026473999023
stachus,xgboost,spring_2024,440,18,23.586090087890625,14.0,9.586090087890625
stachus,xgboost,spring_2024,441,18,24.504337310791016,14.0,10.504337310791016
stachus,xgboost,spring_2024,442,18,23.093698501586914,14.0,9.093698501586914
stachus,xgboost,spring_2024,443,18,21.8988094329834,15.0,6.898809432983398
stachus,xgboost,spring_2024,444,18,21.312488555908203,16.0,5.312488555908203
stachus,xgboost,spring_2024,445,18,18.14942169189453,13.0,5.149421691894531
stachus,xgboost,spring_2024,446,18,13.795022010803223,6.0,7.795022010803223
stachus,xgboost,spring_2024,447,18,9.397184371948242,5.0,4.397184371948242
stachus,xgboost,spring_2024,448,18,8.783964157104492,5.0,3.783964157104492
stachus,xgboost,spring_2024,449,18,9.234663009643555,6.0,3.2346630096435547
stachus,xgboost,spring_2024,450,18,9.09679889678955,6.0,3.096798896789551
stachus,xgboost,spring_2024,451,18,10.224929809570312,6.0,4.2249298095703125
stachus,xgboost,spring_2024,452,18,8.976855278015137,5.0,3.9768552780151367
stachus,xgboost,spring_2024,453,18,6.993463516235352,2.0,4.993463516235352
stachus,xgboost,spring_2024,454,18,5.546142578125,2.0,3.546142578125
stachus,xgboost,spring_2024,455,18,4.593373775482178,1.0,3.5933737754821777
stachus,xgboost,spring_2024,456,19,4.743307113647461,1.0,3.743307113647461
stachus,xgboost,spring_2024,457,19,4.5819783210754395,0.8,3.7819783210754396
stachus,xgboost,spring_2024,458,19,4.498457431793213,0.8,3.698457431793213
stachus,xgboost,spring_2024,459,19,4.259851932525635,0.8,3.459851932525635
stachus,xgboost,spring_2024,460,19,4.238082408905029,0.8,3.4380824089050295
stachus,xgboost,spring_2024,461,19,4.261898994445801,1.0,3.261898994445801
stachus,xgboost,spring_2024,462,19,5.083957672119141,2.0,3.0839576721191406
stachus,xgboost,spring_2024,463,19,6.435333728790283,2.0,4.435333728790283
stachus,xgboost,spring_2024,464,19,7.5822672843933105,3.0,4.5822672843933105
stachus,xgboost,spring_2024,465,19,7.962760925292969,3.0,4.962760925292969
stachus,xgboost,spring_2024,466,19,7.844986438751221,4.0,3.8449864387512207
stachus,xgboost,spring_2024,467,19,7.203508377075195,4.0,3.2035083770751953
stachus,xgboost,spring_2024,468,19,6.109433174133301,2.0,4.109433174133301
stachus,xgboost,spring_2024,469,19,5.7946085929870605,2.0,3.7946085929870605
stachus,xgboost,spring_2024,470,19,5.224928855895996,3.0,2.224928855895996
stachus,xgboost,spring_2024,471,19,5.310600280761719,3.0,2.3106002807617188
stachus,xgboost,spring_2024,472,19,5.422780990600586,3.0,2.422780990600586
stachus,xgboost,spring_2024,473,19,5.440779685974121,3.0,2.440779685974121
stachus,xgboost,spring_2024,474,19,5.338835716247559,4.0,1.3388357162475586
stachus,xgboost,spring_2024,475,19,6.32359504699707,4.0,2.3235950469970703
stachus,xgboost,spring_2024,476,19,6.996381759643555,4.0,2.9963817596435547
stachus,xgboost,spring_2024,477,19,7.428055286407471,4.0,3.4280552864074707
stachus,xgboost,spring_2024,478,19,8.605596542358398,6.0,2.6055965423583984
stachus,xgboost,spring_2024,479,19,9.539298057556152,6.0,3.5392980575561523
stachus,xgboost,spring_2024,480,20,10.296550750732422,7.0,3.296550750732422
stachus,xgboost,spring_2024,481,20,10.1986722946167,7.0,3.198672294616699
stachus,xgboost,spring_2024,482,20,11.129755020141602,8.0,3.1297550201416016
stachus,xgboost,spring_2024,483,20,13.60642147064209,11.0,2.60642147064209
stachus,xgboost,spring_2024,484,20,14.410313606262207,11.0,3.410313606262207
stachus,xgboost,spring_2024,485,20,14.165830612182617,9.0,5.165830612182617
stachus,xgboost,spring_2024,486,20,13.937139511108398,9.0,4.937139511108398
stachus,xgboost,spring_2024,487,20,13.588093757629395,11.0,2.5880937576293945
stachus,xgboost,spring_2024,488,20,12.194039344787598,9.0,3.1940393447875977
stachus,xgboost,spring_2024,489,20,10.681364059448242,9.0,1.6813640594482422
stachus,xgboost,spring_2024,490,20,9.563556671142578,9.0,0.5635566711425781
stachus,xgboost,spring_2024,491,20,9.107467651367188,10.0,0.8925323486328125
stachus,xgboost,spring_2024,492,20,8.822305679321289,10.0,1.177694320678711
stachus,xgboost,spring_2024,493,20,8.28558349609375,10.0,1.71441650390625
stachus,xgboost,spring_2024,494,20,7.951282024383545,9.0,1.048717975616455
stachus,xgboost,spring_2024,495,20,8.312295913696289,10.0,1.687704086303711
stachus,xgboost,spring_2024,496,20,8.806166648864746,12.0,3.193833351135254
stachus,xgboost,spring_2024,497,20,9.352437973022461,13.0,3.647562026977539
stachus,xgboost,spring_2024,498,20,9.752806663513184,13.0,3.2471933364868164
stachus,xgboost,spring_2024,499,20,10.154376983642578,13.0,2.845623016357422
stachus,xgboost,spring_2024,500,20,11.617344856262207,14.0,2.382655143737793
stachus,xgboost,spring_2024,501,20,13.798999786376953,19.0,5.201000213623047
stachus,xgboost,spring_2024,502,20,13.754352569580078,16.0,2.245647430419922
stachus,xgboost,spring_2024,503,20,13.451889038085938,14.0,0.5481109619140625
stachus,xgboost,spring_2024,504,21,12.236238479614258,12.0,0.2362384796142578
stachus,xgboost,spring_2024,505,21,12.75417709350586,13.0,0.24582290649414062
stachus,xgboost,spring_2024,506,21,12.773998260498047,14.0,1.2260017395019531
stachus,xgboost,spring_2024,507,21,11.977119445800781,10.0,1.9771194458007812
stachus,xgboost,spring_2024,508,21,11.815845489501953,9.0,2.815845489501953
stachus,xgboost,spring_2024,509,21,12.389937400817871,9.0,3.389937400817871
stachus,xgboost,spring_2024,510,21,12.252974510192871,8.0,4.252974510192871
stachus,xgboost,spring_2024,511,21,12.608325004577637,9.0,3.6083250045776367
stachus,xgboost,spring_2024,512,21,11.431617736816406,9.0,2.4316177368164062
stachus,xgboost,spring_2024,513,21,11.544631004333496,10.0,1.544631004333496
stachus,xgboost,spring_2024,514,21,11.479785919189453,10.0,1.4797859191894531
stachus,xgboost,spring_2024,515,21,11.714259147644043,12.0,0.28574085235595703
stachus,xgboost,spring_2024,516,21,11.659684181213379,12.0,0.3403158187866211
stachus,xgboost,spring_2024,517,21,11.075758934020996,11.0,0.0757589340209961
stachus,xgboost,spring_2024,518,21,11.75948429107666,12.0,0.24051570892333984
stachus,xgboost,spring_2024,519,21,11.857830047607422,12.0,0.14216995239257812
stachus,xgboost,spring_2024,520,21,11.962737083435059,12.0,0.037262916564941406
stachus,xgboost,spring_2024,521,21,12.6696138381958,16.0,3.330386161804199
stachus,xgboost,spring_2024,522,21,12.548555374145508,16.0,3.451444625854492
stachus,xgboost,spring_2024,523,21,14.0794095993042,18.0,3.920590400695801
stachus,xgboost,spring_2024,524,21,16.53371810913086,19.0,2.4662818908691406
stachus,xgboost,spring_2024,525,21,20.131715774536133,22.0,1.8682842254638672
stachus,xgboost,spring_2024,526,21,18.992874145507812,18.0,0.9928741455078125
stachus,xgboost,spring_2024,527,21,16.652523040771484,14.0,2.6525230407714844
stachus,xgboost,spring_2024,528,22,16.288095474243164,12.0,4.288095474243164
stachus,xgboost,spring_2024,529,22,15.323226928710938,10.0,5.3232269287109375
stachus,xgboost,spring_2024,530,22,14.096406936645508,10.0,4.096406936645508
stachus,xgboost,spring_2024,531,22,13.856392860412598,10.0,3.8563928604125977
stachus,xgboost,spring_2024,532,22,14.669227600097656,11.0,3.6692276000976562
stachus,xgboost,spring_2024,533,22,14.820067405700684,11.0,3.8200674057006836
stachus,xgboost,spring_2024,534,22,13.50041675567627,9.0,4.5004167556762695
stachus,xgboost,spring_2024,535,22,11.084646224975586,8.0,3.084646224975586
stachus,xgboost,spring_2024,536,22,9.89944839477539,8.0,1.8994483947753906
stachus,xgboost,spring_2024,537,22,9.861038208007812,9.0,0.8610382080078125
stachus,xgboost,spring_2024,538,22,10.542604446411133,9.0,1.5426044464111328
stachus,xgboost,spring_2024,539,22,10.68768310546875,9.0,1.68768310546875
stachus,xgboost,spring_2024,540,22,9.874772071838379,7.0,2.874772071838379
stachus,xgboost,spring_2024,541,22,8.550586700439453,7.0,1.5505867004394531
stachus,xgboost,spring_2024,542,22,7.767419338226318,7.0,0.7674193382263184
stachus,xgboost,spring_2024,543,22,8.241464614868164,7.0,1.241464614868164
stachus,xgboost,spring_2024,544,22,9.528362274169922,11.0,1.4716377258300781
stachus,xgboost,spring_2024,545,22,10.32810115814209,10.0,0.32810115814208984
stachus,xgboost,spring_2024,546,22,13.53282356262207,16.0,2.4671764373779297
stachus,xgboost,spring_2024,547,22,16.90276336669922,18.0,1.0972366333007812
stachus,xgboost,spring_2024,548,22,23.67291259765625,27.0,3.32708740234375
stachus,xgboost,spring_2024,549,22,21.26458740234375,19.0,2.26458740234375
stachus,xgboost,spring_2024,550,22,17.755149841308594,16.0,1.7551498413085938
stachus,xgboost,spring_2024,551,22,13.669580459594727,12.0,1.6695804595947266
stachus,xgboost,spring_2024,552,23,12.02117919921875,12.0,0.02117919921875
stachus,xgboost,spring_2024,553,23,11.399898529052734,11.0,0.3998985290527344
stachus,xgboost,spring_2024,554,23,11.16067123413086,10.0,1.1606712341308594
stachus,xgboost,spring_2024,555,23,10.774224281311035,9.0,1.7742242813110352
stachus,xgboost,spring_2024,556,23,9.719207763671875,7.0,2.719207763671875
stachus,xgboost,spring_2024,557,23,9.217896461486816,7.0,2.2178964614868164
stachus,xgboost,spring_2024,558,23,8.440437316894531,6.0,2.4404373168945312
stachus,xgboost,spring_2024,559,23,7.052692890167236,5.0,2.0526928901672363
stachus,xgboost,spring_2024,560,23,6.385404586791992,5.0,1.3854045867919922
stachus,xgboost,spring_2024,561,23,6.270330429077148,4.0,2.2703304290771484
stachus,xgboost,spring_2024,562,23,6.662023067474365,4.0,2.6620230674743652
stachus,xgboost,spring_2024,563,23,6.991547584533691,5.0,1.9915475845336914
stachus,xgboost,spring_2024,564,23,7.632702350616455,6.0,1.632702350616455
stachus,xgboost,spring_2024,565,23,8.10202407836914,8.0,0.10202407836914062
stachus,xgboost,spring_2024,566,23,8.00384521484375,7.0,1.00384521484375
stachus,xgboost,spring_2024,567,23,8.89578914642334,9.0,0.10421085357666016
stachus,xgboost,spring_2024,568,23,9.012877464294434,9.0,0.012877464294433594
stachus,xgboost,spring_2024,569,23,10.690635681152344,12.0,1.3093643188476562
stachus,xgboost,spring_2024,570,23,11.5197114944458,12.0,0.4802885055541992
stachus,xgboost,spring_2024,571,23,12.39533805847168,12.0,0.3953380584716797
stachus,xgboost,spring_2024,572,23,12.140913009643555,10.0,2.1409130096435547
stachus,xgboost,spring_2024,573,23,12.336498260498047,10.0,2.336498260498047
stachus,xgboost,spring_2024,574,23,13.357126235961914,12.0,1.357126235961914
stachus,xgboost,spring_2024,575,23,14.478883743286133,14.0,0.4788837432861328
stachus,xgboost,spring_2024,576,24,13.612221717834473,12.0,1.6122217178344727
stachus,xgboost,spring_2024,577,24,12.142184257507324,9.0,3.142184257507324
stachus,xgboost,spring_2024,578,24,10.29221248626709,7.0,3.29221248626709
stachus,xgboost,spring_2024,579,24,8.566697120666504,6.0,2.566697120666504
stachus,xgboost,spring_2024,580,24,7.831381320953369,6.0,1.8313813209533691
stachus,xgboost,spring_2024,581,24,8.772015571594238,7.0,1.7720155715942383
stachus,xgboost,spring_2024,582,24,10.16669750213623,9.0,1.1666975021362305
stachus,xgboost,spring_2024,583,24,11.402082443237305,9.0,2.4020824432373047
stachus,xgboost,spring_2024,584,24,11.144685745239258,9.0,2.144685745239258
stachus,xgboost,spring_2024,585,24,12.173189163208008,10.0,2.173189163208008
stachus,xgboost,spring_2024,586,24,12.812134742736816,11.0,1.8121347427368164
stachus,xgboost,spring_2024,587,24,13.3300142288208,11.0,2.330014228820801
stachus,xgboost,spring_2024,588,24,11.760968208312988,10.0,1.7609682083129883
stachus,xgboost,spring_2024,589,24,11.4216890335083,10.0,1.4216890335083008
stachus,xgboost,spring_2024,590,24,10.190838813781738,8.0,2.1908388137817383
stachus,xgboost,spring_2024,591,24,8.30316162109375,7.0,1.30316162109375
stachus,xgboost,spring_2024,592,24,7.921339511871338,8.0,0.07866048812866211
stachus,xgboost,spring_2024,593,24,7.642776966094971,8.0,0.3572230339050293
stachus,xgboost,spring_2024,594,24,8.313740730285645,9.0,0.6862592697143555
stachus,xgboost,spring_2024,595,24,8.705229759216309,9.0,0.2947702407836914
stachus,xgboost,spring_2024,596,24,7.370038032531738,7.0,0.3700380325317383
stachus,xgboost,spring_2024,597,24,6.215742588043213,6.0,0.2157425880432129
stachus,xgboost,spring_2024,598,24,6.042525768280029,6.0,0.0425257682800293
stachus,xgboost,spring_2024,599,24,5.238094329833984,4.0,1.2380943298339844
stachus,xgboost,spring_2024,600,25,4.363147735595703,2.0,2.363147735595703
stachus,xgboost,spring_2024,601,25,3.4441111087799072,2.0,1.4441111087799072
stachus,xgboost,spring_2024,602,25,2.8839166164398193,1.0,1.8839166164398193
stachus,xgboost,spring_2024,603,25,2.2500829696655273,2.0,0.25008296966552734
stachus,xgboost,spring_2024,604,25,2.1693551540374756,2.0,0.16935515403747559
stachus,xgboost,spring_2024,605,25,2.0071969032287598,1.0,1.0071969032287598
stachus,xgboost,spring_2024,606,25,2.3153724670410156,1.0,1.3153724670410156
stachus,xgboost,spring_2024,607,25,2.178987741470337,0.6,1.5789877414703368
stachus,xgboost,spring_2024,608,25,2.1492905616760254,1.0,1.1492905616760254
stachus,xgboost,spring_2024,609,25,2.1795530319213867,2.0,0.17955303192138672
stachus,xgboost,spring_2024,610,25,2.369175434112549,3.0,0.6308245658874512
stachus,xgboost,spring_2024,611,25,2.3959012031555176,4.0,1.6040987968444824
stachus,xgboost,spring_2024,612,25,2.6996097564697266,5.0,2.3003902435302734
stachus,xgboost,spring_2024,613,25,2.7582366466522217,6.0,3.2417633533477783
stachus,xgboost,spring_2024,614,25,2.804034471511841,7.0,4.195965528488159
stachus,xgboost,spring_2024,615,25,2.890083074569702,7.0,4.109916925430298
stachus,xgboost,spring_2024,616,25,3.0801565647125244,7.0,3.9198434352874756
stachus,xgboost,spring_2024,617,25,3.480881452560425,7.0,3.519118547439575
stachus,xgboost,spring_2024,618,25,3.558408737182617,8.0,4.441591262817383
stachus,xgboost,spring_2024,619,25,3.5135035514831543,6.0,2.4864964485168457
stachus,xgboost,spring_2024,620,25,3.460705518722534,6.0,2.539294481277466
stachus,xgboost,spring_2024,621,25,3.0875349044799805,4.0,0.9124650955200195
stachus,xgboost,spring_2024,622,25,2.8109238147735596,3.0,0.18907618522644043
stachus,xgboost,spring_2024,623,25,2.1168389320373535,2.0,0.11683893203735352
stachus,xgboost,spring_2024,624,26,1.7319269180297852,2.0,0.26807308197021484
stachus,xgboost,spring_2024,625,26,1.733788013458252,0.8,0.9337880134582519
stachus,xgboost,spring_2024,626,26,1.6614362001419067,0.6,1.0614362001419066
stachus,xgboost,spring_2024,627,26,1.5481189489364624,0.8,0.7481189489364624
stachus,xgboost,spring_2024,628,26,2.0427699089050293,0.4,1.6427699089050294
stachus,xgboost,spring_2024,629,26,2.48128080368042,1.0,1.48128080368042
stachus,xgboost,spring_2024,630,26,3.515056610107422,2.0,1.5150566101074219
stachus,xgboost,spring_2024,631,26,3.940054416656494,3.0,0.9400544166564941
stachus,xgboost,spring_2024,632,26,3.768897533416748,2.0,1.768897533416748
stachus,xgboost,spring_2024,633,26,3.8091893196105957,3.0,0.8091893196105957
stachus,xgboost,spring_2024,634,26,3.9830939769744873,5.0,1.0169060230255127
stachus,xgboost,spring_2024,635,26,4.5292863845825195,11.0,6.4707136154174805
stachus,xgboost,spring_2024,636,26,5.829919815063477,8.0,2.1700801849365234
stachus,xgboost,spring_2024,637,26,6.432647705078125,7.0,0.567352294921875
stachus,xgboost,spring_2024,638,26,6.953214168548584,5.0,1.953214168548584
stachus,xgboost,spring_2024,639,26,7.9501237869262695,8.0,0.04987621307373047
stachus,xgboost,spring_2024,640,26,7.304361820220947,8.0,0.6956381797790527
stachus,xgboost,spring_2024,641,26,7.442331314086914,7.0,0.44233131408691406
stachus,xgboost,spring_2024,642,26,6.123566627502441,5.0,1.1235666275024414
stachus,xgboost,spring_2024,643,26,5.012212753295898,2.0,3.0122127532958984
stachus,xgboost,spring_2024,644,26,4.2483744621276855,2.0,2.2483744621276855
stachus,xgboost,spring_2024,645,26,3.8249621391296387,3.0,0.8249621391296387
stachus,xgboost,spring_2024,646,26,3.6557767391204834,3.0,0.6557767391204834
stachus,xgboost,spring_2024,647,26,4.709390163421631,8.0,3.290609836578369
stachus,xgboost,spring_2024,648,27,4.514528274536133,4.0,0.5145282745361328
stachus,xgboost,spring_2024,649,27,4.713868141174316,5.0,0.2861318588256836
stachus,xgboost,spring_2024,650,27,4.416719436645508,4.0,0.4167194366455078
stachus,xgboost,spring_2024,651,27,4.995882034301758,5.0,0.0041179656982421875
stachus,xgboost,spring_2024,652,27,5.4589104652404785,6.0,0.5410895347595215
stachus,xgboost,spring_2024,653,27,6.692678928375244,8.0,1.3073210716247559
stachus,xgboost,spring_2024,654,27,7.66599702835083,8.0,0.3340029716491699
stachus,xgboost,spring_2024,655,27,7.052733898162842,5.0,2.052733898162842
stachus,xgboost,spring_2024,656,27,7.7784647941589355,8.0,0.22153520584106445
stachus,xgboost,spring_2024,657,27,7.9067840576171875,9.0,1.0932159423828125
stachus,xgboost,spring_2024,658,27,7.122464656829834,6.0,1.122464656829834
stachus,xgboost,spring_2024,659,27,6.353099346160889,5.0,1.3530993461608887
stachus,xgboost,spring_2024,660,27,6.216239929199219,6.0,0.21623992919921875
stachus,xgboost,spring_2024,661,27,7.116177082061768,6.0,1.1161770820617676
stachus,xgboost,spring_2024,662,27,8.160018920898438,9.0,0.8399810791015625
stachus,xgboost,spring_2024,663,27,9.095739364624023,6.0,3.0957393646240234
stachus,xgboost,spring_2024,664,27,8.261940002441406,7.0,1.2619400024414062
stachus,xgboost,spring_2024,665,27,8.52351188659668,7.0,1.5235118865966797
stachus,xgboost,spring_2024,666,27,7.3662543296813965,5.0,2.3662543296813965
stachus,xgboost,spring_2024,667,27,7.427062511444092,6.0,1.4270625114440918
stachus,xgboost,spring_2024,668,27,7.531721115112305,6.0,1.5317211151123047
stachus,xgboost,spring_2024,669,27,7.402686595916748,5.0,2.402686595916748
stachus,xgboost,spring_2024,670,27,6.746056079864502,5.0,1.746056079864502
stachus,xgboost,spring_2024,671,27,6.075286388397217,4.0,2.075286388397217
stachus,xgboost,spring_2024,672,28,5.682197093963623,5.0,0.682197093963623
stachus,xgboost,spring_2024,673,28,5.658759593963623,5.0,0.658759593963623
stachus,xgboost,spring_2024,674,28,6.672141075134277,7.0,0.32785892486572266
stachus,xgboost,spring_2024,675,28,8.606407165527344,8.0,0.6064071655273438
stachus,xgboost,spring_2024,676,28,8.14116096496582,6.0,2.1411609649658203
stachus,xgboost,spring_2024,677,28,9.193265914916992,8.0,1.1932659149169922
stachus,xgboost,spring_2024,678,28,10.862701416015625,9.0,1.862701416015625
stachus,xgboost,spring_2024,679,28,10.285096168518066,8.0,2.2850961685180664
stachus,xgboost,spring_2024,680,28,10.400225639343262,8.0,2.4002256393432617
stachus,xgboost,spring_2024,681,28,9.0355806350708,8.0,1.0355806350708008
stachus,xgboost,spring_2024,682,28,8.515421867370605,6.0,2.5154218673706055
stachus,xgboost,spring_2024,683,28,6.50388240814209,5.0,1.5038824081420898
stachus,xgboost,spring_2024,684,28,5.7881269454956055,5.0,0.7881269454956055
stachus,xgboost,spring_2024,685,28,5.025040626525879,5.0,0.025040626525878906
stachus,xgboost,spring_2024,686,28,4.841623306274414,5.0,0.15837669372558594
stachus,xgboost,spring_2024,687,28,4.275440216064453,3.0,1.2754402160644531
stachus,xgboost,spring_2024,688,28,4.089141845703125,4.0,0.089141845703125
stachus,xgboost,spring_2024,689,28,3.4229493141174316,2.0,1.4229493141174316
stachus,xgboost,spring_2024,690,28,3.385054349899292,4.0,0.614945650100708
stachus,xgboost,spring_2024,691,28,3.3470592498779297,4.0,0.6529407501220703
stachus,xgboost,spring_2024,692,28,3.5114059448242188,4.0,0.48859405517578125
stachus,xgboost,spring_2024,693,28,3.593479871749878,5.0,1.406520128250122
stachus,xgboost,spring_2024,694,28,3.668517827987671,5.0,1.331482172012329
stachus,xgboost,spring_2024,695,28,3.817390203475952,5.0,1.1826097965240479
stachus,xgboost,spring_2024,696,29,3.522350311279297,4.0,0.4776496887207031
stachus,xgboost,spring_2024,697,29,2.9277939796447754,5.0,2.0722060203552246
stachus,xgboost,spring_2024,698,29,2.146012783050537,3.0,0.8539872169494629
stachus,xgboost,spring_2024,699,29,2.1521761417388916,3.0,0.8478238582611084
stachus,xgboost,spring_2024,700,29,2.328528642654419,2.0,0.32852864265441895
stachus,xgboost,spring_2024,701,29,2.4538803100585938,2.0,0.45388031005859375
stachus,xgboost,spring_2024,702,29,2.6962945461273193,3.0,0.30370545387268066
stachus,xgboost,spring_2024,703,29,2.788729190826416,3.0,0.21127080917358398
stachus,xgboost,spring_2024,704,29,2.798462152481079,3.0,0.2015378475189209
stachus,xgboost,spring_2024,705,29,2.737757444381714,3.0,0.26224255561828613
stachus,xgboost,spring_2024,706,29,2.6948087215423584,3.0,0.3051912784576416
stachus,xgboost,spring_2024,707,29,2.523930788040161,3.0,0.47606921195983887
stachus,xgboost,spring_2024,708,29,2.822758197784424,3.0,0.17724180221557617
stachus,xgboost,spring_2024,709,29,3.044842004776001,7.0,3.955157995223999
stachus,xgboost,spring_2024,710,29,3.783736228942871,6.0,2.216263771057129
stachus,xgboost,spring_2024,711,29,3.9684925079345703,7.0,3.0315074920654297
stachus,xgboost,spring_2024,712,29,3.475644588470459,4.0,0.524355411529541
stachus,xgboost,spring_2024,713,29,3.8674778938293457,6.0,2.1325221061706543
stachus,xgboost,spring_2024,714,29,4.528299808502197,7.0,2.4717001914978027
stachus,xgboost,spring_2024,715,29,4.932554244995117,7.0,2.067445755004883
stachus,xgboost,spring_2024,716,29,4.870090961456299,6.0,1.1299090385437012
stachus,xgboost,spring_2024,717,29,4.821987628936768,6.0,1.1780123710632324
stachus,xgboost,spring_2024,718,29,4.150066375732422,5.0,0.8499336242675781
stachus,xgboost,spring_2024,719,29,4.028807640075684,4.0,0.028807640075683594
stachus,xgboost,spring_2024,720,30,5.47182035446167,9.0,3.52817964553833
stachus,xgboost,spring_2024,721,30,8.109038352966309,11.0,2.8909616470336914
stachus,xgboost,spring_2024,722,30,8.25694465637207,8.0,0.2569446563720703
stachus,xgboost,spring_2024,723,30,7.657968521118164,7.0,0.6579685211181641
stachus,xgboost,spring_2024,724,30,7.2294535636901855,5.0,2.2294535636901855
stachus,xgboost,spring_2024,725,30,6.88375186920166,6.0,0.8837518692016602
stachus,xgboost,spring_2024,726,30,5.612529754638672,4.0,1.6125297546386719
stachus,xgboost,spring_2024,727,30,4.608860969543457,3.0,1.608860969543457
stachus,xgboost,spring_2024,728,30,3.6363933086395264,2.0,1.6363933086395264
stachus,xgboost,spring_2024,729,30,2.974947452545166,2.0,0.974947452545166
stachus,xgboost,spring_2024,730,30,2.3390626907348633,2.0,0.3390626907348633
stachus,xgboost,spring_2024,731,30,2.649735927581787,3.0,0.3502640724182129
stachus,xgboost,spring_2024,732,30,2.5541036128997803,2.0,0.5541036128997803
stachus,xgboost,spring_2024,733,30,2.2416276931762695,2.0,0.24162769317626953
stachus,xgboost,spring_2024,734,30,2.5199697017669678,3.0,0.4800302982330322
stachus,xgboost,spring_2024,735,30,2.736370086669922,2.0,0.7363700866699219
stachus,xgboost,spring_2024,736,30,2.709486722946167,3.0,0.290513277053833
stachus,xgboost,spring_2024,737,30,3.3522655963897705,6.0,2.6477344036102295
stachus,xgboost,spring_2024,738,30,4.520552635192871,7.0,2.479447364807129
stachus,xgboost,spring_2024,739,30,5.623966693878174,7.0,1.3760333061218262
stachus,xgboost,spring_2024,740,30,6.586633682250977,7.0,0.41336631774902344
stachus,xgboost,spring_2024,741,30,4.512788772583008,2.0,2.512788772583008
stachus,xgboost,spring_2024,742,30,3.5094871520996094,1.0,2.5094871520996094
stachus,xgboost,spring_2024,743,30,3.3755524158477783,3.0,0.3755524158477783
stachus,xgboost,spring_2024,744,31,3.287083148956299,1.0,2.287083148956299
stachus,xgboost,spring_2024,745,31,3.0815694332122803,0.9,2.1815694332122804
stachus,xgboost,spring_2024,746,31,3.884538412094116,3.0,0.8845384120941162
stachus,xgboost,spring_2024,747,31,5.272416591644287,7.0,1.727583408355713
stachus,xgboost,spring_2024,748,31,6.391106605529785,8.0,1.6088933944702148
stachus,xgboost,spring_2024,749,31,7.75332498550415,8.0,0.2466750144958496
stachus,xgboost,spring_2024,750,31,8.871149063110352,8.0,0.8711490631103516
stachus,xgboost,spring_2024,751,31,9.061930656433105,8.0,1.0619306564331055
stachus,xgboost,spring_2024,752,31,9.187163352966309,7.0,2.1871633529663086
stachus,xgboost,spring_2024,753,31,8.305240631103516,7.0,1.3052406311035156
stachus,xgboost,spring_2024,754,31,7.250306606292725,6.0,1.2503066062927246
stachus,xgboost,spring_2024,755,31,7.069376468658447,7.0,0.06937646865844727
stachus,xgboost,spring_2024,756,31,7.649078369140625,7.0,0.649078369140625
stachus,xgboost,spring_2024,757,31,7.59158992767334,7.0,0.5915899276733398
stachus,xgboost,spring_2024,758,31,6.7974772453308105,7.0,0.20252275466918945
stachus,xgboost,spring_2024,759,31,6.162156105041504,6.0,0.1621561050415039
stachus,xgboost,spring_2024,760,31,6.064530849456787,4.0,2.064530849456787
stachus,xgboost,spring_2024,761,31,5.731821537017822,4.0,1.7318215370178223
stachus,xgboost,spring_2024,762,31,5.364047050476074,4.0,1.3640470504760742
stachus,xgboost,spring_2024,763,31,5.695013523101807,5.0,0.6950135231018066
stachus,xgboost,spring_2024,764,31,5.709201335906982,4.0,1.7092013359069824
stachus,xgboost,spring_2024,765,31,5.403739929199219,4.0,1.4037399291992188
stachus,xgboost,spring_2024,766,31,5.759446620941162,5.0,0.7594466209411621
stachus,xgboost,spring_2024,767,31,6.181659698486328,5.0,1.1816596984863281
stachus,xgboost,spring_2024,768,32,6.821735382080078,5.0,1.8217353820800781
stachus,xgboost,spring_2024,769,32,8.216658592224121,7.0,1.216658592224121
stachus,xgboost,spring_2024,770,32,10.080855369567871,7.0,3.080855369567871
stachus,xgboost,spring_2024,771,32,11.373592376708984,6.0,5.373592376708984
stachus,xgboost,spring_2024,772,32,12.705949783325195,8.0,4.705949783325195
stachus,xgboost,spring_2024,773,32,12.797837257385254,9.0,3.797837257385254
stachus,xgboost,spring_2024,774,32,12.8487548828125,8.0,4.8487548828125
stachus,xgboost,spring_2024,775,32,12.787150382995605,9.0,3.7871503829956055
stachus,xgboost,spring_2024,776,32,12.27060317993164,8.0,4.270603179931641
stachus,xgboost,spring_2024,777,32,11.823379516601562,9.0,2.8233795166015625
stachus,xgboost,spring_2024,778,32,10.675095558166504,8.0,2.675095558166504
stachus,xgboost,spring_2024,779,32,10.647109985351562,8.0,2.6471099853515625
stachus,xgboost,spring_2024,780,32,10.258094787597656,8.0,2.2580947875976562
stachus,xgboost,spring_2024,781,32,10.382612228393555,9.0,1.3826122283935547
stachus,xgboost,spring_2024,782,32,11.206933975219727,11.0,0.20693397521972656
stachus,xgboost,spring_2024,783,32,12.486990928649902,12.0,0.48699092864990234
stachus,xgboost,spring_2024,784,32,12.810001373291016,10.0,2.8100013732910156
stachus,xgboost,spring_2024,785,32,13.83001708984375,13.0,0.83001708984375
stachus,xgboost,spring_2024,786,32,14.72226333618164,11.0,3.7222633361816406
stachus,xgboost,spring_2024,787,32,15.227073669433594,12.0,3.2270736694335938
stachus,xgboost,spring_2024,788,32,16.688495635986328,14.0,2.688495635986328
stachus,xgboost,spring_2024,789,32,18.16126251220703,14.0,4.161262512207031
stachus,xgboost,spring_2024,790,32,18.201303482055664,14.0,4.201303482055664
stachus,xgboost,spring_2024,791,32,18.003671646118164,14.0,4.003671646118164
stachus,xgboost,spring_2024,792,33,16.557117462158203,13.0,3.557117462158203
stachus,xgboost,spring_2024,793,33,15.670308113098145,14.0,1.6703081130981445
stachus,xgboost,spring_2024,794,33,15.465346336364746,14.0,1.465346336364746
stachus,xgboost,spring_2024,795,33,15.257664680480957,14.0,1.257664680480957
stachus,xgboost,spring_2024,796,33,14.879241943359375,14.0,0.879241943359375
stachus,xgboost,spring_2024,797,33,14.610662460327148,14.0,0.6106624603271484
stachus,xgboost,spring_2024,798,33,14.23052978515625,13.0,1.23052978515625
stachus,xgboost,spring_2024,799,33,13.705896377563477,13.0,0.7058963775634766
stachus,xgboost,spring_2024,800,33,12.313000679016113,11.0,1.3130006790161133
stachus,xgboost,spring_2024,801,33,10.449949264526367,9.0,1.4499492645263672
stachus,xgboost,spring_2024,802,33,8.391607284545898,7.0,1.3916072845458984
stachus,xgboost,spring_2024,803,33,6.734044551849365,6.0,0.7340445518493652
stachus,xgboost,spring_2024,804,33,5.71157169342041,5.0,0.7115716934204102
stachus,xgboost,spring_2024,805,33,4.977145671844482,5.0,0.022854328155517578
stachus,xgboost,spring_2024,806,33,5.271554946899414,6.0,0.7284450531005859
stachus,xgboost,spring_2024,807,33,6.129820346832275,7.0,0.8701796531677246
stachus,xgboost,spring_2024,808,33,6.917044639587402,7.0,0.08295536041259766
stachus,xgboost,spring_2024,809,33,7.362699508666992,7.0,0.3626995086669922
stachus,xgboost,spring_2024,810,33,6.643311023712158,7.0,0.3566889762878418
stachus,xgboost,spring_2024,811,33,5.366428375244141,5.0,0.3664283752441406
stachus,xgboost,spring_2024,812,33,5.211591720581055,5.0,0.2115917205810547
stachus,xgboost,spring_2024,813,33,5.298773765563965,6.0,0.7012262344360352
stachus,xgboost,spring_2024,814,33,4.836282253265381,4.0,0.8362822532653809
stachus,xgboost,spring_2024,815,33,3.432654857635498,2.0,1.432654857635498
stachus,xgboost,spring_2024,816,34,3.1902735233306885,2.0,1.1902735233306885
stachus,xgboost,spring_2024,817,34,4.058609485626221,3.0,1.0586094856262207
stachus,xgboost,spring_2024,818,34,4.222494125366211,3.0,1.222494125366211
stachus,xgboost,spring_2024,819,34,4.637927055358887,3.0,1.6379270553588867
stachus,xgboost,spring_2024,820,34,4.772952556610107,3.0,1.7729525566101074
stachus,xgboost,spring_2024,821,34,4.729831218719482,3.0,1.7298312187194824
stachus,xgboost,spring_2024,822,34,5.740100383758545,4.0,1.740100383758545
stachus,xgboost,spring_2024,823,34,6.685969352722168,4.0,2.685969352722168
stachus,xgboost,spring_2024,824,34,7.489013671875,5.0,2.489013671875
stachus,xgboost,spring_2024,825,34,7.228294849395752,5.0,2.228294849395752
stachus,xgboost,spring_2024,826,34,6.8584699630737305,4.0,2.8584699630737305
stachus,xgboost,spring_2024,827,34,6.072692394256592,6.0,0.0726923942565918
stachus,xgboost,spring_2024,828,34,6.412315368652344,6.0,0.41231536865234375
stachus,xgboost,spring_2024,829,34,5.853983402252197,4.0,1.8539834022521973
stachus,xgboost,spring_2024,830,34,5.359228610992432,4.0,1.3592286109924316
stachus,xgboost,spring_2024,831,34,6.371562480926514,6.0,0.37156248092651367
stachus,xgboost,spring_2024,832,34,6.086056709289551,5.0,1.0860567092895508
stachus,xgboost,spring_2024,833,34,6.081246852874756,6.0,0.08124685287475586
stachus,xgboost,spring_2024,834,34,6.983353614807129,8.0,1.016646385192871
stachus,xgboost,spring_2024,835,34,6.778609752655029,6.0,0.7786097526550293
stachus,xgboost,spring_2024,836,34,6.9718098640441895,5.0,1.9718098640441895
stachus,xgboost,spring_2024,837,34,7.037524223327637,6.0,1.0375242233276367
stachus,xgboost,spring_2024,838,34,7.260228157043457,6.0,1.260228157043457
stachus,xgboost,spring_2024,839,34,7.4336323738098145,5.0,2.4336323738098145
stachus,xgboost,spring_2024,840,35,6.992446422576904,5.0,1.9924464225769043
stachus,xgboost,spring_2024,841,35,6.254601955413818,5.0,1.2546019554138184
stachus,xgboost,spring_2024,842,35,5.809668064117432,4.0,1.8096680641174316
stachus,xgboost,spring_2024,843,35,7.297800540924072,7.0,0.29780054092407227
stachus,xgboost,spring_2024,844,35,6.596645832061768,4.0,2.5966458320617676
stachus,xgboost,spring_2024,845,35,6.638739585876465,5.0,1.6387395858764648
stachus,xgboost,spring_2024,846,35,6.500962734222412,4.0,2.500962734222412
stachus,xgboost,spring_2024,847,35,5.678932189941406,4.0,1.6789321899414062
stachus,xgboost,spring_2024,848,35,5.418145179748535,5.0,0.41814517974853516
stachus,xgboost,spring_2024,849,35,4.885534763336182,4.0,0.8855347633361816
stachus,xgboost,spring_2024,850,35,4.137417316436768,4.0,0.13741731643676758
stachus,xgboost,spring_2024,851,35,3.988560438156128,4.0,0.01143956184387207
stachus,xgboost,spring_2024,852,35,4.905580043792725,9.0,4.094419956207275
stachus,xgboost,spring_2024,853,35,4.297630310058594,5.0,0.7023696899414062
stachus,xgboost,spring_2024,854,35,5.41568660736084,9.0,3.58431339263916
stachus,xgboost,spring_2024,855,35,4.594265937805176,5.0,0.4057340621948242
stachus,xgboost,spring_2024,856,35,5.043310165405273,8.0,2.9566898345947266
stachus,xgboost,spring_2024,857,35,5.095262050628662,5.0,0.09526205062866211
stachus,xgboost,spring_2024,858,35,5.554783344268799,7.0,1.4452166557312012
stachus,xgboost,spring_2024,859,35,7.189724922180176,11.0,3.810275077819824
stachus,xgboost,spring_2024,860,35,8.698452949523926,11.0,2.301547050476074
stachus,xgboost,spring_2024,861,35,9.646574020385742,12.0,2.353425979614258
stachus,xgboost,spring_2024,862,35,12.911251068115234,14.0,1.0887489318847656
stachus,xgboost,spring_2024,863,35,12.415467262268066,12.0,0.4154672622680664
stachus,xgboost,spring_2024,864,36,11.351157188415527,8.0,3.3511571884155273
stachus,xgboost,spring_2024,865,36,10.585904121398926,8.0,2.585904121398926
stachus,xgboost,spring_2024,866,36,9.607081413269043,6.0,3.607081413269043
stachus,xgboost,spring_2024,867,36,9.032312393188477,6.0,3.0323123931884766
stachus,xgboost,spring_2024,868,36,8.018887519836426,5.0,3.018887519836426
stachus,xgboost,spring_2024,869,36,8.373251914978027,5.0,3.3732519149780273
stachus,xgboost,spring_2024,870,36,7.999040603637695,6.0,1.9990406036376953
stachus,xgboost,spring_2024,871,36,6.878562927246094,4.0,2.8785629272460938
stachus,xgboost,spring_2024,872,36,5.288549900054932,3.0,2.2885499000549316
stachus,xgboost,spring_2024,873,36,4.862605094909668,3.0,1.862605094909668
stachus,xgboost,spring_2024,874,36,3.8951759338378906,3.0,0.8951759338378906
stachus,xgboost,spring_2024,875,36,3.3430047035217285,3.0,0.3430047035217285
stachus,xgboost,spring_2024,876,36,3.3705639839172363,3.0,0.37056398391723633
stachus,xgboost,spring_2024,877,36,2.8628616333007812,3.0,0.13713836669921875
stachus,xgboost,spring_2024,878,36,2.164194345474243,4.0,1.8358056545257568
stachus,xgboost,spring_2024,879,36,1.917155385017395,4.0,2.082844614982605
stachus,xgboost,spring_2024,880,36,1.9852867126464844,5.0,3.0147132873535156
stachus,xgboost,spring_2024,881,36,2.165130853652954,5.0,2.834869146347046
stachus,xgboost,spring_2024,882,36,2.118739128112793,7.0,4.881260871887207
stachus,xgboost,spring_2024,883,36,4.124255180358887,9.0,4.875744819641113
stachus,xgboost,spring_2024,884,36,4.615010738372803,7.0,2.3849892616271973
stachus,xgboost,spring_2024,885,36,5.575547218322754,8.0,2.424452781677246
stachus,xgboost,spring_2024,886,36,5.515427112579346,5.0,0.5154271125793457
stachus,xgboost,spring_2024,887,36,4.722143173217773,4.0,0.7221431732177734
stachus,xgboost,spring_2024,888,37,4.509768009185791,5.0,0.490231990814209
stachus,xgboost,spring_2024,889,37,4.609043121337891,6.0,1.3909568786621094
stachus,xgboost,spring_2024,890,37,4.745386123657227,5.0,0.25461387634277344
stachus,xgboost,spring_2024,891,37,5.4994306564331055,4.0,1.4994306564331055
stachus,xgboost,spring_2024,892,37,5.724764347076416,4.0,1.724764347076416
stachus,xgboost,spring_2024,893,37,5.0946550369262695,4.0,1.0946550369262695
stachus,xgboost,spring_2024,894,37,4.933664321899414,4.0,0.9336643218994141
stachus,xgboost,spring_2024,895,37,4.192529201507568,3.0,1.1925292015075684
stachus,xgboost,spring_2024,896,37,4.131422519683838,4.0,0.1314225196838379
stachus,xgboost,spring_2024,897,37,3.6595711708068848,3.0,0.6595711708068848
stachus,xgboost,spring_2024,898,37,3.227396011352539,3.0,0.22739601135253906
stachus,xgboost,spring_2024,899,37,2.866403341293335,3.0,0.13359665870666504
stachus,xgboost,spring_2024,900,37,2.399094343185425,3.0,0.6009056568145752
stachus,xgboost,spring_2024,901,37,2.246304750442505,4.0,1.7536952495574951
stachus,xgboost,spring_2024,902,37,1.9325858354568481,4.0,2.067414164543152
stachus,xgboost,spring_2024,903,37,2.01425838470459,4.0,1.9857416152954102
stachus,xgboost,spring_2024,904,37,2.362353563308716,6.0,3.637646436691284
stachus,xgboost,spring_2024,905,37,4.920361518859863,10.0,5.079638481140137
stachus,xgboost,spring_2024,906,37,7.402458667755127,13.0,5.597541332244873
stachus,xgboost,spring_2024,907,37,10.075791358947754,15.0,4.924208641052246
stachus,xgboost,spring_2024,908,37,12.227262496948242,14.0,1.7727375030517578
stachus,xgboost,spring_2024,909,37,11.488704681396484,11.0,0.4887046813964844
stachus,xgboost,spring_2024,910,37,10.756426811218262,11.0,0.24357318878173828
stachus,xgboost,spring_2024,911,37,8.708578109741211,8.0,0.7085781097412109
stachus,xgboost,spring_2024,912,38,6.4856977462768555,6.0,0.48569774627685547
stachus,xgboost,spring_2024,913,38,5.669156551361084,6.0,0.330843448638916
stachus,xgboost,spring_2024,914,38,6.555179595947266,4.0,2.5551795959472656
stachus,xgboost,spring_2024,915,38,8.321784973144531,6.0,2.3217849731445312
stachus,xgboost,spring_2024,916,38,8.21936321258545,5.0,3.219363212585449
stachus,xgboost,spring_2024,917,38,10.437393188476562,8.0,2.4373931884765625
stachus,xgboost,spring_2024,918,38,11.016166687011719,7.0,4.016166687011719
stachus,xgboost,spring_2024,919,38,10.724957466125488,6.0,4.724957466125488
stachus,xgboost,spring_2024,920,38,8.752175331115723,5.0,3.7521753311157227
stachus,xgboost,spring_2024,921,38,6.951452732086182,4.0,2.9514527320861816
stachus,xgboost,spring_2024,922,38,5.759411811828613,4.0,1.7594118118286133
stachus,xgboost,spring_2024,923,38,5.436305046081543,5.0,0.43630504608154297
stachus,xgboost,spring_2024,924,38,6.853604793548584,8.0,1.146395206451416
stachus,xgboost,spring_2024,925,38,7.370798110961914,7.0,0.37079811096191406
stachus,xgboost,spring_2024,926,38,7.789884567260742,7.0,0.7898845672607422
stachus,xgboost,spring_2024,927,38,8.30239200592041,7.0,1.3023920059204102
stachus,xgboost,spring_2024,928,38,8.785510063171387,8.0,0.7855100631713867
stachus,xgboost,spring_2024,929,38,9.036250114440918,10.0,0.963749885559082
stachus,xgboost,spring_2024,930,38,9.945658683776855,10.0,0.05434131622314453
stachus,xgboost,spring_2024,931,38,10.748647689819336,12.0,1.251352310180664
stachus,xgboost,spring_2024,932,38,12.368507385253906,13.0,0.6314926147460938
stachus,xgboost,spring_2024,933,38,12.91045093536377,12.0,0.9104509353637695
stachus,xgboost,spring_2024,934,38,13.22756290435791,13.0,0.22756290435791016
stachus,xgboost,spring_2024,935,38,16.370956420898438,16.0,0.3709564208984375
stachus,xgboost,spring_2024,936,39,17.695131301879883,17.0,0.6951313018798828
stachus,xgboost,spring_2024,937,39,17.343107223510742,17.0,0.3431072235107422
stachus,xgboost,spring_2024,938,39,13.773833274841309,11.0,2.7738332748413086
stachus,xgboost,spring_2024,939,39,11.828896522521973,10.0,1.8288965225219727
stachus,xgboost,spring_2024,940,39,12.245450019836426,10.0,2.245450019836426
stachus,xgboost,spring_2024,941,39,13.006754875183105,12.0,1.0067548751831055
stachus,xgboost,spring_2024,942,39,14.826333045959473,12.0,2.8263330459594727
stachus,xgboost,spring_2024,943,39,13.690057754516602,11.0,2.6900577545166016
stachus,xgboost,spring_2024,944,39,12.417993545532227,10.0,2.4179935455322266
stachus,xgboost,spring_2024,945,39,10.962751388549805,9.0,1.9627513885498047
stachus,xgboost,spring_2024,946,39,9.6484956741333,8.0,1.6484956741333008
stachus,xgboost,spring_2024,947,39,9.52074909210205,10.0,0.4792509078979492
stachus,xgboost,spring_2024,948,39,9.817028999328613,12.0,2.1829710006713867
stachus,xgboost,spring_2024,949,39,9.594145774841309,13.0,3.4058542251586914
stachus,xgboost,spring_2024,950,39,9.856367111206055,14.0,4.143632888793945
stachus,xgboost,spring_2024,951,39,10.203319549560547,15.0,4.796680450439453
stachus,xgboost,spring_2024,952,39,13.211408615112305,17.0,3.7885913848876953
stachus,xgboost,spring_2024,953,39,15.09760856628418,19.0,3.9023914337158203
stachus,xgboost,spring_2024,954,39,17.319093704223633,20.0,2.680906295776367
stachus,xgboost,spring_2024,955,39,18.561996459960938,21.0,2.4380035400390625
stachus,xgboost,spring_2024,956,39,18.544452667236328,19.0,0.4555473327636719
stachus,xgboost,spring_2024,957,39,18.338525772094727,17.0,1.3385257720947266
stachus,xgboost,spring_2024,958,39,18.25113296508789,16.0,2.2511329650878906
stachus,xgboost,spring_2024,959,39,16.642040252685547,16.0,0.6420402526855469
stachus,xgboost,spring_2024,960,40,17.931045532226562,16.0,1.9310455322265625
stachus,xgboost,spring_2024,961,40,19.229581832885742,15.0,4.229581832885742
stachus,xgboost,spring_2024,962,40,19.391103744506836,14.0,5.391103744506836
stachus,xgboost,spring_2024,963,40,18.840377807617188,13.0,5.8403778076171875
stachus,xgboost,spring_2024,964,40,19.08464241027832,14.0,5.08464241027832
stachus,xgboost,spring_2024,965,40,19.77498435974121,16.0,3.774984359741211
stachus,xgboost,spring_2024,966,40,18.6546573638916,12.0,6.654657363891602
stachus,xgboost,spring_2024,967,40,16.195213317871094,11.0,5.195213317871094
stachus,xgboost,spring_2024,968,40,13.619298934936523,10.0,3.6192989349365234
stachus,xgboost,spring_2024,969,40,12.231039047241211,9.0,3.231039047241211
stachus,xgboost,spring_2024,970,40,10.987497329711914,9.0,1.987497329711914
stachus,xgboost,spring_2024,971,40,10.563031196594238,9.0,1.5630311965942383
stachus,xgboost,spring_2024,972,40,11.024625778198242,11.0,0.024625778198242188
stachus,xgboost,spring_2024,973,40,11.192403793334961,11.0,0.19240379333496094
stachus,xgboost,spring_2024,974,40,11.27239990234375,11.0,0.27239990234375
stachus,xgboost,spring_2024,975,40,11.1404390335083,11.0,0.14043903350830078
stachus,xgboost,spring_2024,976,40,11.004290580749512,11.0,0.004290580749511719
stachus,xgboost,spring_2024,977,40,11.502386093139648,11.0,0.5023860931396484
stachus,xgboost,spring_2024,978,40,11.29710865020752,11.0,0.29710865020751953
stachus,xgboost,spring_2024,979,40,12.186453819274902,12.0,0.18645381927490234
stachus,xgboost,spring_2024,980,40,11.490705490112305,10.0,1.4907054901123047
stachus,xgboost,spring_2024,981,40,10.001941680908203,8.0,2.001941680908203
stachus,xgboost,spring_2024,982,40,9.025222778320312,8.0,1.0252227783203125
stachus,xgboost,spring_2024,983,40,8.54460334777832,7.0,1.5446033477783203
stachus,xgboost,spring_2024,984,41,8.251749992370605,8.0,0.25174999237060547
stachus,xgboost,spring_2024,985,41,7.658786296844482,8.0,0.3412137031555176
stachus,xgboost,spring_2024,986,41,7.662402153015137,8.0,0.3375978469848633
stachus,xgboost,spring_2024,987,41,7.983901500701904,8.0,0.016098499298095703
stachus,xgboost,spring_2024,988,41,7.7841925621032715,8.0,0.21580743789672852
stachus,xgboost,spring_2024,989,41,8.19719123840332,8.0,0.1971912384033203
stachus,xgboost,spring_2024,990,41,8.684670448303223,8.0,0.6846704483032227
stachus,xgboost,spring_2024,991,41,8.936120986938477,9.0,0.06387901306152344
stachus,xgboost,spring_2024,992,41,7.208441734313965,7.0,0.20844173431396484
stachus,xgboost,spring_2024,993,41,6.143038272857666,5.0,1.143038272857666
stachus,xgboost,spring_2024,994,41,5.316303253173828,4.0,1.3163032531738281
stachus,xgboost,spring_2024,995,41,4.751164436340332,4.0,0.751164436340332
stachus,xgboost,spring_2024,996,41,4.637517929077148,4.0,0.6375179290771484
stachus,xgboost,spring_2024,997,41,5.9774169921875,7.0,1.0225830078125
stachus,xgboost,spring_2024,998,41,6.5711588859558105,8.0,1.4288411140441895
stachus,xgboost,spring_2024,999,41,8.083313941955566,6.0,2.0833139419555664
stachus,xgboost,spring_2024,1000,41,8.842595100402832,8.0,0.842595100402832
stachus,xgboost,spring_2024,1001,41,7.946858882904053,6.0,1.9468588829040527
stachus,xgboost,spring_2024,1002,41,7.5478363037109375,7.0,0.5478363037109375
stachus,xgboost,spring_2024,1003,41,8.336712837219238,8.0,0.3367128372192383
stachus,xgboost,spring_2024,1004,41,7.6479668617248535,6.0,1.6479668617248535
stachus,xgboost,spring_2024,1005,41,7.740187644958496,7.0,0.7401876449584961
stachus,xgboost,spring_2024,1006,41,6.308403968811035,5.0,1.3084039688110352
stachus,xgboost,spring_2024,1007,41,4.763542652130127,3.0,1.763542652130127
stachus,xgboost,spring_2024,1008,42,3.9044952392578125,3.0,0.9044952392578125
stachus,xgboost,spring_2024,1009,42,3.1827776432037354,3.0,0.18277764320373535
stachus,xgboost,spring_2024,1010,42,2.9608609676361084,2.0,0.9608609676361084
stachus,xgboost,spring_2024,1011,42,2.3225157260894775,2.0,0.32251572608947754
stachus,xgboost,spring_2024,1012,42,2.2717318534851074,2.0,0.2717318534851074
stachus,xgboost,spring_2024,1013,42,2.4978647232055664,2.0,0.4978647232055664
stachus,xgboost,spring_2024,1014,42,3.5016019344329834,2.0,1.5016019344329834
stachus,xgboost,spring_2024,1015,42,5.440923690795898,3.0,2.4409236907958984
stachus,xgboost,spring_2024,1016,42,6.658580780029297,3.0,3.658580780029297
stachus,xgboost,spring_2024,1017,42,7.04895544052124,3.0,4.04895544052124
stachus,xgboost,spring_2024,1018,42,7.078670024871826,3.0,4.078670024871826
stachus,xgboost,spring_2024,1019,42,7.978274822235107,4.0,3.9782748222351074
stachus,xgboost,spring_2024,1020,42,9.172444343566895,6.0,3.1724443435668945
stachus,xgboost,spring_2024,1021,42,9.25720500946045,5.0,4.257205009460449
stachus,xgboost,spring_2024,1022,42,8.601332664489746,5.0,3.601332664489746
stachus,xgboost,spring_2024,1023,42,8.020380020141602,5.0,3.0203800201416016
stachus,xgboost,spring_2024,1024,42,8.083505630493164,5.0,3.083505630493164
stachus,xgboost,spring_2024,1025,42,9.399971008300781,8.0,1.3999710083007812
stachus,xgboost,spring_2024,1026,42,10.117716789245605,9.0,1.1177167892456055
stachus,xgboost,spring_2024,1027,42,9.917343139648438,7.0,2.9173431396484375
stachus,xgboost,spring_2024,1028,42,9.835282325744629,8.0,1.835282325744629
stachus,xgboost,spring_2024,1029,42,15.51382827758789,29.0,13.48617172241211
stachus,xgboost,spring_2024,1030,42,9.959419250488281,7.0,2.9594192504882812
stachus,xgboost,spring_2024,1031,42,7.663985729217529,7.0,0.6639857292175293
stachus,xgboost,spring_2024,1032,43,7.589982986450195,6.0,1.5899829864501953
stachus,xgboost,spring_2024,1033,43,8.08104133605957,6.0,2.0810413360595703
stachus,xgboost,spring_2024,1034,43,7.561100006103516,5.0,2.5611000061035156
stachus,xgboost,spring_2024,1035,43,7.044290065765381,6.0,1.0442900657653809
stachus,xgboost,spring_2024,1036,43,6.773221969604492,5.0,1.7732219696044922
stachus,xgboost,spring_2024,1037,43,6.5239667892456055,4.0,2.5239667892456055
stachus,xgboost,spring_2024,1038,43,5.987924575805664,4.0,1.987924575805664
stachus,xgboost,spring_2024,1039,43,5.44713020324707,4.0,1.4471302032470703
stachus,xgboost,spring_2024,1040,43,5.186600208282471,3.0,2.1866002082824707
stachus,xgboost,spring_2024,1041,43,5.18604850769043,3.0,2.1860485076904297
stachus,xgboost,spring_2024,1042,43,5.230778217315674,3.0,2.230778217315674
stachus,xgboost,spring_2024,1043,43,5.281527519226074,4.0,1.2815275192260742
stachus,xgboost,spring_2024,1044,43,5.151082515716553,5.0,0.15108251571655273
stachus,xgboost,spring_2024,1045,43,4.882137775421143,4.0,0.8821377754211426
stachus,xgboost,spring_2024,1046,43,4.284452438354492,5.0,0.7155475616455078
stachus,xgboost,spring_2024,1047,43,4.22316837310791,5.0,0.7768316268920898
stachus,xgboost,spring_2024,1048,43,4.471520900726318,6.0,1.5284790992736816
stachus,xgboost,spring_2024,1049,43,5.181231498718262,8.0,2.8187685012817383
stachus,xgboost,spring_2024,1050,43,6.5668745040893555,9.0,2.4331254959106445
stachus,xgboost,spring_2024,1051,43,9.061823844909668,12.0,2.938176155090332
stachus,xgboost,spring_2024,1052,43,11.648884773254395,14.0,2.3511152267456055
stachus,xgboost,spring_2024,1053,43,14.37236499786377,17.0,2.6276350021362305
stachus,xgboost,spring_2024,1054,43,15.628010749816895,18.0,2.3719892501831055
stachus,xgboost,spring_2024,1055,43,16.767122268676758,17.0,0.2328777313232422
stachus,xgboost,summer_2024,0,0,5.104586124420166,6.0,0.895413875579834
stachus,xgboost,summer_2024,1,0,5.448083877563477,6.0,0.5519161224365234
stachus,xgboost,summer_2024,2,0,5.36703634262085,4.0,1.3670363426208496
stachus,xgboost,summer_2024,3,0,5.196804046630859,4.0,1.1968040466308594
stachus,xgboost,summer_2024,4,0,5.484251499176025,5.0,0.4842514991760254
stachus,xgboost,summer_2024,5,0,5.363131046295166,4.0,1.363131046295166
stachus,xgboost,summer_2024,6,0,5.524833679199219,4.0,1.5248336791992188
stachus,xgboost,summer_2024,7,0,5.503403186798096,4.0,1.5034031867980957
stachus,xgboost,summer_2024,8,0,5.552855968475342,4.0,1.5528559684753418
stachus,xgboost,summer_2024,9,0,5.67631721496582,4.0,1.6763172149658203
stachus,xgboost,summer_2024,10,0,6.040010452270508,6.0,0.04001045227050781
stachus,xgboost,summer_2024,11,0,6.09578275680542,6.0,0.09578275680541992
stachus,xgboost,summer_2024,12,0,5.535699844360352,4.0,1.5356998443603516
stachus,xgboost,summer_2024,13,0,5.146388530731201,3.0,2.146388530731201
stachus,xgboost,summer_2024,14,0,4.881871700286865,4.0,0.8818717002868652
stachus,xgboost,summer_2024,15,0,4.44326639175415,4.0,0.4432663917541504
stachus,xgboost,summer_2024,16,0,4.5214457511901855,5.0,0.47855424880981445
stachus,xgboost,summer_2024,17,0,6.1109700202941895,9.0,2.8890299797058105
stachus,xgboost,summer_2024,18,0,8.220186233520508,11.0,2.779813766479492
stachus,xgboost,summer_2024,19,0,9.019133567810059,9.0,0.019133567810058594
stachus,xgboost,summer_2024,20,0,9.023144721984863,9.0,0.02314472198486328
stachus,xgboost,summer_2024,21,0,8.02258014678955,6.0,2.022580146789551
stachus,xgboost,summer_2024,22,0,6.630128383636475,5.0,1.6301283836364746
stachus,xgboost,summer_2024,23,0,6.150631904602051,6.0,0.15063190460205078
stachus,xgboost,summer_2024,24,1,5.7940568923950195,4.0,1.7940568923950195
stachus,xgboost,summer_2024,25,1,5.792644500732422,5.0,0.7926445007324219
stachus,xgboost,summer_2024,26,1,6.182947158813477,5.0,1.1829471588134766
stachus,xgboost,summer_2024,27,1,6.643094539642334,6.0,0.643094539642334
stachus,xgboost,summer_2024,28,1,7.561269283294678,6.0,1.5612692832946777
stachus,xgboost,summer_2024,29,1,8.019247055053711,6.0,2.019247055053711
stachus,xgboost,summer_2024,30,1,7.7708330154418945,5.0,2.7708330154418945
stachus,xgboost,summer_2024,31,1,7.308183670043945,5.0,2.3081836700439453
stachus,xgboost,summer_2024,32,1,6.614004611968994,4.0,2.614004611968994
stachus,xgboost,summer_2024,33,1,6.073416709899902,4.0,2.0734167098999023
stachus,xgboost,summer_2024,34,1,6.059045791625977,5.0,1.0590457916259766
stachus,xgboost,summer_2024,35,1,5.864030361175537,4.0,1.864030361175537
stachus,xgboost,summer_2024,36,1,5.761960029602051,5.0,0.7619600296020508
stachus,xgboost,summer_2024,37,1,6.159497261047363,7.0,0.8405027389526367
stachus,xgboost,summer_2024,38,1,5.904539585113525,5.0,0.9045395851135254
stachus,xgboost,summer_2024,39,1,6.004887580871582,6.0,0.004887580871582031
stachus,xgboost,summer_2024,40,1,6.211880683898926,6.0,0.21188068389892578
stachus,xgboost,summer_2024,41,1,6.695024490356445,7.0,0.3049755096435547
stachus,xgboost,summer_2024,42,1,6.435271263122559,6.0,0.4352712631225586
stachus,xgboost,summer_2024,43,1,6.624415397644043,7.0,0.37558460235595703
stachus,xgboost,summer_2024,44,1,6.851285934448242,7.0,0.1487140655517578
stachus,xgboost,summer_2024,45,1,8.248486518859863,9.0,0.7515134811401367
stachus,xgboost,summer_2024,46,1,8.39226245880127,9.0,0.6077375411987305
stachus,xgboost,summer_2024,47,1,7.7125396728515625,8.0,0.2874603271484375
stachus,xgboost,summer_2024,48,2,7.6375732421875,7.0,0.6375732421875
stachus,xgboost,summer_2024,49,2,7.484123229980469,6.0,1.4841232299804688
stachus,xgboost,summer_2024,50,2,6.578101634979248,5.0,1.578101634979248
stachus,xgboost,summer_2024,51,2,6.016604900360107,5.0,1.0166049003601074
stachus,xgboost,summer_2024,52,2,5.8795061111450195,4.0,1.8795061111450195
stachus,xgboost,summer_2024,53,2,5.649901390075684,5.0,0.6499013900756836
stachus,xgboost,summer_2024,54,2,6.236933708190918,5.0,1.236933708190918
stachus,xgboost,summer_2024,55,2,5.700571060180664,4.0,1.700571060180664
stachus,xgboost,summer_2024,56,2,5.868654251098633,4.0,1.8686542510986328
stachus,xgboost,summer_2024,57,2,5.01488733291626,3.0,2.0148873329162598
stachus,xgboost,summer_2024,58,2,5.122109413146973,3.0,2.1221094131469727
stachus,xgboost,summer_2024,59,2,5.024005889892578,3.0,2.024005889892578
stachus,xgboost,summer_2024,60,2,4.853490352630615,3.0,1.8534903526306152
stachus,xgboost,summer_2024,61,2,4.817802906036377,4.0,0.817802906036377
stachus,xgboost,summer_2024,62,2,5.3724470138549805,5.0,0.37244701385498047
stachus,xgboost,summer_2024,63,2,5.1685638427734375,3.0,2.1685638427734375
stachus,xgboost,summer_2024,64,2,5.320557117462158,5.0,0.3205571174621582
stachus,xgboost,summer_2024,65,2,5.376702308654785,4.0,1.3767023086547852
stachus,xgboost,summer_2024,66,2,5.345130920410156,5.0,0.34513092041015625
stachus,xgboost,summer_2024,67,2,5.678829193115234,5.0,0.6788291931152344
stachus,xgboost,summer_2024,68,2,5.522091865539551,5.0,0.5220918655395508
stachus,xgboost,summer_2024,69,2,5.359906196594238,4.0,1.3599061965942383
stachus,xgboost,summer_2024,70,2,4.504624843597412,2.0,2.504624843597412
stachus,xgboost,summer_2024,71,2,3.6945345401763916,1.0,2.6945345401763916
stachus,xgboost,summer_2024,72,3,3.2073099613189697,2.0,1.2073099613189697
stachus,xgboost,summer_2024,73,3,3.186863660812378,1.0,2.186863660812378
stachus,xgboost,summer_2024,74,3,2.906068801879883,1.0,1.9060688018798828
stachus,xgboost,summer_2024,75,3,2.568000316619873,2.0,0.568000316619873
stachus,xgboost,summer_2024,76,3,2.761449098587036,2.0,0.7614490985870361
stachus,xgboost,summer_2024,77,3,2.8101110458374023,2.0,0.8101110458374023
stachus,xgboost,summer_2024,78,3,3.031298875808716,2.0,1.0312988758087158
stachus,xgboost,summer_2024,79,3,3.710922956466675,2.0,1.7109229564666748
stachus,xgboost,summer_2024,80,3,3.596550464630127,2.0,1.596550464630127
stachus,xgboost,summer_2024,81,3,3.5965726375579834,3.0,0.5965726375579834
stachus,xgboost,summer_2024,82,3,3.5989036560058594,3.0,0.5989036560058594
stachus,xgboost,summer_2024,83,3,3.534883737564087,4.0,0.4651162624359131
stachus,xgboost,summer_2024,84,3,3.697317600250244,4.0,0.30268239974975586
stachus,xgboost,summer_2024,85,3,3.7502501010894775,5.0,1.2497498989105225
stachus,xgboost,summer_2024,86,3,4.521971702575684,7.0,2.4780282974243164
stachus,xgboost,summer_2024,87,3,4.823731899261475,7.0,2.1762681007385254
stachus,xgboost,summer_2024,88,3,4.824594974517822,4.0,0.8245949745178223
stachus,xgboost,summer_2024,89,3,4.845367908477783,6.0,1.1546320915222168
stachus,xgboost,summer_2024,90,3,4.676497459411621,5.0,0.3235025405883789
stachus,xgboost,summer_2024,91,3,4.702115058898926,7.0,2.297884941101074
stachus,xgboost,summer_2024,92,3,5.135896682739258,7.0,1.8641033172607422
stachus,xgboost,summer_2024,93,3,5.639416217803955,6.0,0.3605837821960449
stachus,xgboost,summer_2024,94,3,5.438722610473633,5.0,0.4387226104736328
stachus,xgboost,summer_2024,95,3,5.834130764007568,6.0,0.16586923599243164
stachus,xgboost,summer_2024,96,4,5.395387649536133,4.0,1.3953876495361328
stachus,xgboost,summer_2024,97,4,5.4889445304870605,5.0,0.48894453048706055
stachus,xgboost,summer_2024,98,4,5.5408759117126465,5.0,0.5408759117126465
stachus,xgboost,summer_2024,99,4,5.582333564758301,5.0,0.5823335647583008
stachus,xgboost,summer_2024,100,4,5.573998928070068,5.0,0.5739989280700684
stachus,xgboost,summer_2024,101,4,5.546451091766357,5.0,0.5464510917663574
stachus,xgboost,summer_2024,102,4,5.651737689971924,5.0,0.6517376899719238
stachus,xgboost,summer_2024,103,4,5.851997375488281,5.0,0.8519973754882812
stachus,xgboost,summer_2024,104,4,5.427618980407715,4.0,1.4276189804077148
stachus,xgboost,summer_2024,105,4,5.2985711097717285,4.0,1.2985711097717285
stachus,xgboost,summer_2024,106,4,5.246391773223877,4.0,1.246391773223877
stachus,xgboost,summer_2024,107,4,5.157469272613525,5.0,0.1574692726135254
stachus,xgboost,summer_2024,108,4,5.265271186828613,6.0,0.7347288131713867
stachus,xgboost,summer_2024,109,4,5.436696529388428,6.0,0.5633034706115723
stachus,xgboost,summer_2024,110,4,5.600157737731934,7.0,1.3998422622680664
stachus,xgboost,summer_2024,111,4,6.038658142089844,7.0,0.9613418579101562
stachus,xgboost,summer_2024,112,4,6.398837566375732,6.0,0.3988375663757324
stachus,xgboost,summer_2024,113,4,6.203134059906006,6.0,0.20313405990600586
stachus,xgboost,summer_2024,114,4,6.163480758666992,7.0,0.8365192413330078
stachus,xgboost,summer_2024,115,4,6.296814918518066,6.0,0.2968149185180664
stachus,xgboost,summer_2024,116,4,6.776252746582031,8.0,1.2237472534179688
stachus,xgboost,summer_2024,117,4,7.14865255355835,8.0,0.8513474464416504
stachus,xgboost,summer_2024,118,4,7.941677093505859,9.0,1.0583229064941406
stachus,xgboost,summer_2024,119,4,8.067669868469238,9.0,0.9323301315307617
stachus,xgboost,summer_2024,120,5,9.109506607055664,8.0,1.109506607055664
stachus,xgboost,summer_2024,121,5,9.959046363830566,7.0,2.9590463638305664
stachus,xgboost,summer_2024,122,5,10.048699378967285,7.0,3.048699378967285
stachus,xgboost,summer_2024,123,5,9.98680305480957,7.0,2.9868030548095703
stachus,xgboost,summer_2024,124,5,9.487227439880371,7.0,2.487227439880371
stachus,xgboost,summer_2024,125,5,8.987377166748047,7.0,1.9873771667480469
stachus,xgboost,summer_2024,126,5,7.808868885040283,6.0,1.8088688850402832
stachus,xgboost,summer_2024,127,5,7.294363975524902,6.0,1.2943639755249023
stachus,xgboost,summer_2024,128,5,6.60201358795166,6.0,0.6020135879516602
stachus,xgboost,summer_2024,129,5,6.0341362953186035,6.0,0.034136295318603516
stachus,xgboost,summer_2024,130,5,5.930448055267334,6.0,0.06955194473266602
stachus,xgboost,summer_2024,131,5,5.665623664855957,6.0,0.33437633514404297
stachus,xgboost,summer_2024,132,5,5.540585517883301,7.0,1.4594144821166992
stachus,xgboost,summer_2024,133,5,5.869398593902588,7.0,1.130601406097412
stachus,xgboost,summer_2024,134,5,5.6927056312561035,7.0,1.3072943687438965
stachus,xgboost,summer_2024,135,5,8.177943229675293,9.0,0.822056770324707
stachus,xgboost,summer_2024,136,5,13.417350769042969,14.0,0.5826492309570312
stachus,xgboost,summer_2024,137,5,13.690056800842285,13.0,0.6900568008422852
stachus,xgboost,summer_2024,138,5,12.52139949798584,14.0,1.4786005020141602
stachus,xgboost,summer_2024,139,5,9.947736740112305,8.0,1.9477367401123047
stachus,xgboost,summer_2024,140,5,7.663181781768799,6.0,1.6631817817687988
stachus,xgboost,summer_2024,141,5,7.312368869781494,7.0,0.31236886978149414
stachus,xgboost,summer_2024,142,5,6.907267093658447,7.0,0.09273290634155273
stachus,xgboost,summer_2024,143,5,6.167755603790283,6.0,0.1677556037902832
stachus,xgboost,summer_2024,144,6,6.19397497177124,5.0,1.1939749717712402
stachus,xgboost,summer_2024,145,6,6.26876163482666,5.0,1.2687616348266602
stachus,xgboost,summer_2024,146,6,6.098476409912109,4.0,2.0984764099121094
stachus,xgboost,summer_2024,147,6,5.548008918762207,4.0,1.548008918762207
stachus,xgboost,summer_2024,148,6,5.256713390350342,4.0,1.2567133903503418
stachus,xgboost,summer_2024,149,6,4.8782429695129395,4.0,0.8782429695129395
stachus,xgboost,summer_2024,150,6,4.148947238922119,3.0,1.1489472389221191
stachus,xgboost,summer_2024,151,6,3.8161063194274902,2.0,1.8161063194274902
stachus,xgboost,summer_2024,152,6,3.7002952098846436,2.0,1.7002952098846436
stachus,xgboost,summer_2024,153,6,3.920734167098999,3.0,0.920734167098999
stachus,xgboost,summer_2024,154,6,4.199498653411865,4.0,0.19949865341186523
stachus,xgboost,summer_2024,155,6,4.7820353507995605,4.0,0.7820353507995605
stachus,xgboost,summer_2024,156,6,4.636098861694336,3.0,1.636098861694336
stachus,xgboost,summer_2024,157,6,4.266805171966553,3.0,1.2668051719665527
stachus,xgboost,summer_2024,158,6,3.6653754711151123,2.0,1.6653754711151123
stachus,xgboost,summer_2024,159,6,3.504321575164795,2.0,1.504321575164795
stachus,xgboost,summer_2024,160,6,3.6287178993225098,3.0,0.6287178993225098
stachus,xgboost,summer_2024,161,6,3.7048332691192627,3.0,0.7048332691192627
stachus,xgboost,summer_2024,162,6,3.741344690322876,4.0,0.258655309677124
stachus,xgboost,summer_2024,163,6,3.859433889389038,3.0,0.8594338893890381
stachus,xgboost,summer_2024,164,6,4.198500633239746,4.0,0.1985006332397461
stachus,xgboost,summer_2024,165,6,4.4377007484436035,3.0,1.4377007484436035
stachus,xgboost,summer_2024,166,6,4.417666435241699,3.0,1.4176664352416992
stachus,xgboost,summer_2024,167,6,4.4099955558776855,4.0,0.40999555587768555
stachus,xgboost,summer_2024,168,7,4.735825061798096,4.0,0.7358250617980957
stachus,xgboost,summer_2024,169,7,4.895923137664795,4.0,0.8959231376647949
stachus,xgboost,summer_2024,170,7,4.91836404800415,4.0,0.9183640480041504
stachus,xgboost,summer_2024,171,7,5.132575988769531,3.0,2.1325759887695312
stachus,xgboost,summer_2024,172,7,5.466955661773682,4.0,1.4669556617736816
stachus,xgboost,summer_2024,173,7,6.088865280151367,4.0,2.088865280151367
stachus,xgboost,summer_2024,174,7,7.243387699127197,5.0,2.2433876991271973
stachus,xgboost,summer_2024,175,7,7.368290901184082,5.0,2.368290901184082
stachus,xgboost,summer_2024,176,7,6.368616104125977,4.0,2.3686161041259766
stachus,xgboost,summer_2024,177,7,5.419536113739014,3.0,2.4195361137390137
stachus,xgboost,summer_2024,178,7,4.834477424621582,3.0,1.834477424621582
stachus,xgboost,summer_2024,179,7,4.076174736022949,3.0,1.0761747360229492
stachus,xgboost,summer_2024,180,7,4.187769889831543,3.0,1.187769889831543
stachus,xgboost,summer_2024,181,7,4.274238586425781,4.0,0.27423858642578125
stachus,xgboost,summer_2024,182,7,4.227403163909912,4.0,0.2274031639099121
stachus,xgboost,summer_2024,183,7,4.623494625091553,6.0,1.3765053749084473
stachus,xgboost,summer_2024,184,7,5.077374458312988,7.0,1.9226255416870117
stachus,xgboost,summer_2024,185,7,5.653756141662598,7.0,1.3462438583374023
stachus,xgboost,summer_2024,186,7,5.890715599060059,7.0,1.1092844009399414
stachus,xgboost,summer_2024,187,7,6.430658340454102,8.0,1.5693416595458984
stachus,xgboost,summer_2024,188,7,7.7186360359191895,10.0,2.2813639640808105
stachus,xgboost,summer_2024,189,7,9.04490852355957,11.0,1.9550914764404297
stachus,xgboost,summer_2024,190,7,9.82189655303955,11.0,1.1781034469604492
stachus,xgboost,summer_2024,191,7,10.19522476196289,10.0,0.19522476196289062
stachus,xgboost,summer_2024,192,8,10.914685249328613,10.0,0.9146852493286133
stachus,xgboost,summer_2024,193,8,11.696059226989746,10.0,1.696059226989746
stachus,xgboost,summer_2024,194,8,12.355247497558594,11.0,1.3552474975585938
stachus,xgboost,summer_2024,195,8,12.23349380493164,9.0,3.2334938049316406
stachus,xgboost,summer_2024,196,8,12.445655822753906,10.0,2.4456558227539062
stachus,xgboost,summer_2024,197,8,11.581428527832031,9.0,2.5814285278320312
stachus,xgboost,summer_2024,198,8,11.193734169006348,8.0,3.1937341690063477
stachus,xgboost,summer_2024,199,8,9.821343421936035,7.0,2.821343421936035
stachus,xgboost,summer_2024,200,8,8.386283874511719,6.0,2.3862838745117188
stachus,xgboost,summer_2024,201,8,7.726217746734619,7.0,0.7262177467346191
stachus,xgboost,summer_2024,202,8,7.500585079193115,7.0,0.5005850791931152
stachus,xgboost,summer_2024,203,8,7.7496867179870605,7.0,0.7496867179870605
stachus,xgboost,summer_2024,204,8,7.326455116271973,7.0,0.32645511627197266
stachus,xgboost,summer_2024,205,8,6.485782146453857,7.0,0.5142178535461426
stachus,xgboost,summer_2024,206,8,6.230624198913574,7.0,0.7693758010864258
stachus,xgboost,summer_2024,207,8,6.823387145996094,9.0,2.1766128540039062
stachus,xgboost,summer_2024,208,8,7.933276653289795,11.0,3.066723346710205
stachus,xgboost,summer_2024,209,8,9.30267333984375,13.0,3.69732666015625
stachus,xgboost,summer_2024,210,8,11.040034294128418,14.0,2.959965705871582
stachus,xgboost,summer_2024,211,8,12.781295776367188,14.0,1.2187042236328125
stachus,xgboost,summer_2024,212,8,12.494600296020508,13.0,0.5053997039794922
stachus,xgboost,summer_2024,213,8,13.017248153686523,15.0,1.9827518463134766
stachus,xgboost,summer_2024,214,8,15.61629581451416,21.0,5.38370418548584
stachus,xgboost,summer_2024,215,8,18.11729621887207,20.0,1.8827037811279297
stachus,xgboost,summer_2024,216,9,17.182098388671875,15.0,2.182098388671875
stachus,xgboost,summer_2024,217,9,17.095678329467773,14.0,3.0956783294677734
stachus,xgboost,summer_2024,218,9,17.404733657836914,17.0,0.40473365783691406
stachus,xgboost,summer_2024,219,9,17.828630447387695,16.0,1.8286304473876953
stachus,xgboost,summer_2024,220,9,16.708372116088867,16.0,0.7083721160888672
stachus,xgboost,summer_2024,221,9,15.132452964782715,13.0,2.132452964782715
stachus,xgboost,summer_2024,222,9,13.903912544250488,12.0,1.9039125442504883
stachus,xgboost,summer_2024,223,9,12.490087509155273,10.0,2.4900875091552734
stachus,xgboost,summer_2024,224,9,11.260704040527344,9.0,2.2607040405273438
stachus,xgboost,summer_2024,225,9,11.1211519241333,9.0,2.121151924133301
stachus,xgboost,summer_2024,226,9,10.24826431274414,8.0,2.2482643127441406
stachus,xgboost,summer_2024,227,9,8.928579330444336,8.0,0.9285793304443359
stachus,xgboost,summer_2024,228,9,7.796159267425537,7.0,0.7961592674255371
stachus,xgboost,summer_2024,229,9,7.624639987945557,7.0,0.6246399879455566
stachus,xgboost,summer_2024,230,9,8.051793098449707,8.0,0.05179309844970703
stachus,xgboost,summer_2024,231,9,9.529901504516602,9.0,0.5299015045166016
stachus,xgboost,summer_2024,232,9,10.64197063446045,11.0,0.3580293655395508
stachus,xgboost,summer_2024,233,9,9.983588218688965,8.0,1.9835882186889648
stachus,xgboost,summer_2024,234,9,8.778788566589355,6.0,2.7787885665893555
stachus,xgboost,summer_2024,235,9,8.93393325805664,6.0,2.9339332580566406
stachus,xgboost,summer_2024,236,9,9.177803039550781,9.0,0.17780303955078125
stachus,xgboost,summer_2024,237,9,10.549434661865234,12.0,1.4505653381347656
stachus,xgboost,summer_2024,238,9,10.233865737915039,12.0,1.766134262084961
stachus,xgboost,summer_2024,239,9,8.794644355773926,7.0,1.7946443557739258
stachus,xgboost,summer_2024,240,10,8.294405937194824,6.0,2.294405937194824
stachus,xgboost,summer_2024,241,10,8.769540786743164,7.0,1.769540786743164
stachus,xgboost,summer_2024,242,10,8.402117729187012,5.0,3.4021177291870117
stachus,xgboost,summer_2024,243,10,8.171637535095215,5.0,3.171637535095215
stachus,xgboost,summer_2024,244,10,8.908260345458984,7.0,1.9082603454589844
stachus,xgboost,summer_2024,245,10,9.141969680786133,6.0,3.141969680786133
stachus,xgboost,summer_2024,246,10,9.597488403320312,6.0,3.5974884033203125
stachus,xgboost,summer_2024,247,10,9.96544361114502,7.0,2.9654436111450195
stachus,xgboost,summer_2024,248,10,10.409156799316406,9.0,1.4091567993164062
stachus,xgboost,summer_2024,249,10,10.814939498901367,11.0,0.1850605010986328
stachus,xgboost,summer_2024,250,10,10.40707778930664,10.0,0.4070777893066406
stachus,xgboost,summer_2024,251,10,10.887694358825684,13.0,2.1123056411743164
stachus,xgboost,summer_2024,252,10,10.687067985534668,11.0,0.31293201446533203
stachus,xgboost,summer_2024,253,10,9.436182022094727,8.0,1.4361820220947266
stachus,xgboost,summer_2024,254,10,8.074653625488281,7.0,1.0746536254882812
stachus,xgboost,summer_2024,255,10,7.673222064971924,9.0,1.3267779350280762
stachus,xgboost,summer_2024,256,10,7.193564414978027,7.0,0.19356441497802734
stachus,xgboost,summer_2024,257,10,6.920932292938232,7.0,0.07906770706176758
stachus,xgboost,summer_2024,258,10,6.577905654907227,8.0,1.4220943450927734
stachus,xgboost,summer_2024,259,10,7.375553131103516,9.0,1.6244468688964844
stachus,xgboost,summer_2024,260,10,8.265021324157715,11.0,2.734978675842285
stachus,xgboost,summer_2024,261,10,9.309043884277344,12.0,2.6909561157226562
stachus,xgboost,summer_2024,262,10,9.315540313720703,10.0,0.6844596862792969
stachus,xgboost,summer_2024,263,10,8.957552909851074,8.0,0.9575529098510742
stachus,xgboost,summer_2024,264,11,9.196808815002441,7.0,2.1968088150024414
stachus,xgboost,summer_2024,265,11,10.04853630065918,9.0,1.0485363006591797
stachus,xgboost,summer_2024,266,11,10.928589820861816,11.0,0.0714101791381836
stachus,xgboost,summer_2024,267,11,11.47564697265625,12.0,0.52435302734375
stachus,xgboost,summer_2024,268,11,11.36750316619873,10.0,1.3675031661987305
stachus,xgboost,summer_2024,269,11,10.667860984802246,8.0,2.667860984802246
stachus,xgboost,summer_2024,270,11,9.449979782104492,7.0,2.449979782104492
stachus,xgboost,summer_2024,271,11,8.696311950683594,7.0,1.6963119506835938
stachus,xgboost,summer_2024,272,11,8.78781509399414,9.0,0.21218490600585938
stachus,xgboost,summer_2024,273,11,8.29827880859375,6.0,2.29827880859375
stachus,xgboost,summer_2024,274,11,7.3984222412109375,4.0,3.3984222412109375
stachus,xgboost,summer_2024,275,11,7.045577049255371,4.0,3.045577049255371
stachus,xgboost,summer_2024,276,11,6.695361137390137,5.0,1.6953611373901367
stachus,xgboost,summer_2024,277,11,6.183684349060059,6.0,0.1836843490600586
stachus,xgboost,summer_2024,278,11,5.639919281005859,6.0,0.3600807189941406
stachus,xgboost,summer_2024,279,11,5.087386608123779,5.0,0.0873866081237793
stachus,xgboost,summer_2024,280,11,4.754694938659668,4.0,0.754694938659668
stachus,xgboost,summer_2024,281,11,4.305992603302002,4.0,0.30599260330200195
stachus,xgboost,summer_2024,282,11,4.003970146179199,4.0,0.003970146179199219
stachus,xgboost,summer_2024,283,11,4.160240650177002,5.0,0.839759349822998
stachus,xgboost,summer_2024,284,11,5.118281841278076,6.0,0.8817181587219238
stachus,xgboost,summer_2024,285,11,5.6517462730407715,6.0,0.3482537269592285
stachus,xgboost,summer_2024,286,11,5.14627742767334,4.0,1.1462774276733398
stachus,xgboost,summer_2024,287,11,5.063126087188721,4.0,1.0631260871887207
stachus,xgboost,summer_2024,288,12,4.648130893707275,4.0,0.6481308937072754
stachus,xgboost,summer_2024,289,12,4.2516279220581055,4.0,0.25162792205810547
stachus,xgboost,summer_2024,290,12,3.892857789993286,4.0,0.10714221000671387
stachus,xgboost,summer_2024,291,12,3.3286588191986084,4.0,0.6713411808013916
stachus,xgboost,summer_2024,292,12,3.528682231903076,4.0,0.47131776809692383
stachus,xgboost,summer_2024,293,12,3.6140828132629395,4.0,0.38591718673706055
stachus,xgboost,summer_2024,294,12,3.4331302642822266,3.0,0.43313026428222656
stachus,xgboost,summer_2024,295,12,3.2343602180480957,3.0,0.2343602180480957
stachus,xgboost,summer_2024,296,12,3.435370922088623,3.0,0.43537092208862305
stachus,xgboost,summer_2024,297,12,3.5682289600372314,3.0,0.5682289600372314
stachus,xgboost,summer_2024,298,12,3.7715065479278564,3.0,0.7715065479278564
stachus,xgboost,summer_2024,299,12,3.7676451206207275,4.0,0.23235487937927246
stachus,xgboost,summer_2024,300,12,3.63142991065979,4.0,0.36857008934020996
stachus,xgboost,summer_2024,301,12,3.5912396907806396,5.0,1.4087603092193604
stachus,xgboost,summer_2024,302,12,4.106043338775635,4.0,0.10604333877563477
stachus,xgboost,summer_2024,303,12,4.201013565063477,5.0,0.7989864349365234
stachus,xgboost,summer_2024,304,12,4.251773357391357,5.0,0.7482266426086426
stachus,xgboost,summer_2024,305,12,4.31927490234375,5.0,0.68072509765625
stachus,xgboost,summer_2024,306,12,4.740573406219482,6.0,1.2594265937805176
stachus,xgboost,summer_2024,307,12,5.117977142333984,6.0,0.8820228576660156
stachus,xgboost,summer_2024,308,12,5.541449546813965,6.0,0.45855045318603516
stachus,xgboost,summer_2024,309,12,6.04210901260376,7.0,0.9578909873962402
stachus,xgboost,summer_2024,310,12,5.809389591217041,6.0,0.19061040878295898
stachus,xgboost,summer_2024,311,12,6.11845064163208,6.0,0.11845064163208008
stachus,xgboost,summer_2024,312,13,6.6162590980529785,6.0,0.6162590980529785
stachus,xgboost,summer_2024,313,13,7.249705791473389,7.0,0.24970579147338867
stachus,xgboost,summer_2024,314,13,7.342438697814941,6.0,1.3424386978149414
stachus,xgboost,summer_2024,315,13,7.100870609283447,5.0,2.1008706092834473
stachus,xgboost,summer_2024,316,13,7.284120082855225,4.0,3.2841200828552246
stachus,xgboost,summer_2024,317,13,7.445006370544434,5.0,2.4450063705444336
stachus,xgboost,summer_2024,318,13,7.342087268829346,5.0,2.3420872688293457
stachus,xgboost,summer_2024,319,13,7.021997928619385,4.0,3.0219979286193848
stachus,xgboost,summer_2024,320,13,6.409486770629883,4.0,2.409486770629883
stachus,xgboost,summer_2024,321,13,5.550663948059082,4.0,1.550663948059082
stachus,xgboost,summer_2024,322,13,5.235590934753418,4.0,1.235590934753418
stachus,xgboost,summer_2024,323,13,4.820320129394531,4.0,0.8203201293945312
stachus,xgboost,summer_2024,324,13,4.366621494293213,4.0,0.3666214942932129
stachus,xgboost,summer_2024,325,13,4.094944477081299,4.0,0.09494447708129883
stachus,xgboost,summer_2024,326,13,3.8996152877807617,5.0,1.1003847122192383
stachus,xgboost,summer_2024,327,13,3.732961416244507,4.0,0.26703858375549316
stachus,xgboost,summer_2024,328,13,3.609896183013916,4.0,0.390103816986084
stachus,xgboost,summer_2024,329,13,3.613114833831787,5.0,1.386885166168213
stachus,xgboost,summer_2024,330,13,3.8212482929229736,6.0,2.1787517070770264
stachus,xgboost,summer_2024,331,13,4.205596446990967,6.0,1.7944035530090332
stachus,xgboost,summer_2024,332,13,4.649019718170166,6.0,1.350980281829834
stachus,xgboost,summer_2024,333,13,4.824842929840088,7.0,2.175157070159912
stachus,xgboost,summer_2024,334,13,4.3673996925354,5.0,0.6326003074645996
stachus,xgboost,summer_2024,335,13,4.669497013092041,5.0,0.330502986907959
stachus,xgboost,summer_2024,336,14,4.781307220458984,6.0,1.2186927795410156
stachus,xgboost,summer_2024,337,14,4.968480110168457,7.0,2.031519889831543
stachus,xgboost,summer_2024,338,14,5.042827606201172,8.0,2.957172393798828
stachus,xgboost,summer_2024,339,14,5.807356834411621,7.0,1.192643165588379
stachus,xgboost,summer_2024,340,14,6.480922222137451,9.0,2.519077777862549
stachus,xgboost,summer_2024,341,14,6.7566022872924805,8.0,1.2433977127075195
stachus,xgboost,summer_2024,342,14,6.694246292114258,7.0,0.3057537078857422
stachus,xgboost,summer_2024,343,14,6.117775917053223,8.0,1.8822240829467773
stachus,xgboost,summer_2024,344,14,5.9928154945373535,7.0,1.0071845054626465
stachus,xgboost,summer_2024,345,14,5.4103851318359375,6.0,0.5896148681640625
stachus,xgboost,summer_2024,346,14,5.491784572601318,6.0,0.5082154273986816
stachus,xgboost,summer_2024,347,14,5.574615478515625,6.0,0.425384521484375
stachus,xgboost,summer_2024,348,14,5.710686683654785,7.0,1.2893133163452148
stachus,xgboost,summer_2024,349,14,5.749319076538086,8.0,2.250680923461914
stachus,xgboost,summer_2024,350,14,5.734025955200195,9.0,3.2659740447998047
stachus,xgboost,summer_2024,351,14,6.122260093688965,9.0,2.877739906311035
stachus,xgboost,summer_2024,352,14,6.967899322509766,10.0,3.0321006774902344
stachus,xgboost,summer_2024,353,14,7.708856105804443,12.0,4.291143894195557
stachus,xgboost,summer_2024,354,14,8.767226219177246,11.0,2.232773780822754
stachus,xgboost,summer_2024,355,14,9.38854694366455,13.0,3.611453056335449
stachus,xgboost,summer_2024,356,14,10.067901611328125,12.0,1.932098388671875
stachus,xgboost,summer_2024,357,14,10.52015209197998,11.0,0.47984790802001953
stachus,xgboost,summer_2024,358,14,10.942237854003906,13.0,2.0577621459960938
stachus,xgboost,summer_2024,359,14,11.269660949707031,12.0,0.7303390502929688
stachus,xgboost,summer_2024,360,15,10.958123207092285,10.0,0.9581232070922852
stachus,xgboost,summer_2024,361,15,10.262138366699219,6.0,4.262138366699219
stachus,xgboost,summer_2024,362,15,9.97591781616211,5.0,4.975917816162109
stachus,xgboost,summer_2024,363,15,9.376105308532715,6.0,3.376105308532715
stachus,xgboost,summer_2024,364,15,9.748985290527344,8.0,1.7489852905273438
stachus,xgboost,summer_2024,365,15,9.685189247131348,6.0,3.6851892471313477
stachus,xgboost,summer_2024,366,15,9.57718276977539,7.0,2.5771827697753906
stachus,xgboost,summer_2024,367,15,9.208094596862793,6.0,3.208094596862793
stachus,xgboost,summer_2024,368,15,8.662639617919922,5.0,3.662639617919922
stachus,xgboost,summer_2024,369,15,8.407804489135742,8.0,0.4078044891357422
stachus,xgboost,summer_2024,370,15,7.999700546264648,8.0,0.0002994537353515625
stachus,xgboost,summer_2024,371,15,7.359818935394287,7.0,0.3598189353942871
stachus,xgboost,summer_2024,372,15,7.000172138214111,6.0,1.0001721382141113
stachus,xgboost,summer_2024,373,15,6.406093597412109,5.0,1.4060935974121094
stachus,xgboost,summer_2024,374,15,5.924255847930908,5.0,0.9242558479309082
stachus,xgboost,summer_2024,375,15,5.33123254776001,5.0,0.33123254776000977
stachus,xgboost,summer_2024,376,15,5.474239826202393,5.0,0.4742398262023926
stachus,xgboost,summer_2024,377,15,5.721385478973389,7.0,1.2786145210266113
stachus,xgboost,summer_2024,378,15,6.124924659729004,7.0,0.8750753402709961
stachus,xgboost,summer_2024,379,15,6.496731281280518,6.0,0.4967312812805176
stachus,xgboost,summer_2024,380,15,6.729938983917236,7.0,0.27006101608276367
stachus,xgboost,summer_2024,381,15,7.3362202644348145,7.0,0.33622026443481445
stachus,xgboost,summer_2024,382,15,6.972487449645996,5.0,1.972487449645996
stachus,xgboost,summer_2024,383,15,6.339466571807861,4.0,2.3394665718078613
stachus,xgboost,summer_2024,384,16,6.0308332443237305,5.0,1.0308332443237305
stachus,xgboost,summer_2024,385,16,6.367188453674316,5.0,1.3671884536743164
stachus,xgboost,summer_2024,386,16,6.000548362731934,5.0,1.0005483627319336
stachus,xgboost,summer_2024,387,16,5.760936737060547,5.0,0.7609367370605469
stachus,xgboost,summer_2024,388,16,5.426306247711182,4.0,1.4263062477111816
stachus,xgboost,summer_2024,389,16,5.365792751312256,3.0,2.365792751312256
stachus,xgboost,summer_2024,390,16,5.439908504486084,3.0,2.439908504486084
stachus,xgboost,summer_2024,391,16,5.339192867279053,3.0,2.3391928672790527
stachus,xgboost,summer_2024,392,16,5.311130046844482,4.0,1.3111300468444824
stachus,xgboost,summer_2024,393,16,5.4113450050354,4.0,1.4113450050354004
stachus,xgboost,summer_2024,394,16,5.4231133460998535,4.0,1.4231133460998535
stachus,xgboost,summer_2024,395,16,5.280412197113037,4.0,1.280412197113037
stachus,xgboost,summer_2024,396,16,5.163012981414795,5.0,0.16301298141479492
stachus,xgboost,summer_2024,397,16,5.023625373840332,5.0,0.02362537384033203
stachus,xgboost,summer_2024,398,16,5.200750350952148,4.0,1.2007503509521484
stachus,xgboost,summer_2024,399,16,5.439608573913574,4.0,1.4396085739135742
stachus,xgboost,summer_2024,400,16,5.473763465881348,5.0,0.47376346588134766
stachus,xgboost,summer_2024,401,16,5.673087120056152,5.0,0.6730871200561523
stachus,xgboost,summer_2024,402,16,5.460249423980713,5.0,0.4602494239807129
stachus,xgboost,summer_2024,403,16,6.130674362182617,5.0,1.1306743621826172
stachus,xgboost,summer_2024,404,16,6.750415802001953,7.0,0.24958419799804688
stachus,xgboost,summer_2024,405,16,6.699214935302734,7.0,0.3007850646972656
stachus,xgboost,summer_2024,406,16,6.8798933029174805,7.0,0.12010669708251953
stachus,xgboost,summer_2024,407,16,7.381648063659668,7.0,0.38164806365966797
stachus,xgboost,summer_2024,408,17,8.018184661865234,9.0,0.9818153381347656
stachus,xgboost,summer_2024,409,17,8.952980041503906,11.0,2.0470199584960938
stachus,xgboost,summer_2024,410,17,9.580612182617188,11.0,1.4193878173828125
stachus,xgboost,summer_2024,411,17,10.639338493347168,10.0,0.639338493347168
stachus,xgboost,summer_2024,412,17,11.302312850952148,10.0,1.3023128509521484
stachus,xgboost,summer_2024,413,17,11.725152969360352,10.0,1.7251529693603516
stachus,xgboost,summer_2024,414,17,11.288247108459473,9.0,2.2882471084594727
stachus,xgboost,summer_2024,415,17,10.369444847106934,8.0,2.3694448471069336
stachus,xgboost,summer_2024,416,17,9.053329467773438,7.0,2.0533294677734375
stachus,xgboost,summer_2024,417,17,8.625268936157227,7.0,1.6252689361572266
stachus,xgboost,summer_2024,418,17,8.126239776611328,8.0,0.12623977661132812
stachus,xgboost,summer_2024,419,17,8.116641998291016,9.0,0.8833580017089844
stachus,xgboost,summer_2024,420,17,7.827853679656982,8.0,0.17214632034301758
stachus,xgboost,summer_2024,421,17,7.226963996887207,7.0,0.22696399688720703
stachus,xgboost,summer_2024,422,17,6.819849014282227,7.0,0.18015098571777344
stachus,xgboost,summer_2024,423,17,6.685426235198975,7.0,0.3145737648010254
stachus,xgboost,summer_2024,424,17,6.8419508934021,8.0,1.1580491065979004
stachus,xgboost,summer_2024,425,17,6.949456214904785,9.0,2.050543785095215
stachus,xgboost,summer_2024,426,17,6.710400104522705,9.0,2.289599895477295
stachus,xgboost,summer_2024,427,17,7.640007495880127,10.0,2.359992504119873
stachus,xgboost,summer_2024,428,17,8.712991714477539,10.0,1.287008285522461
stachus,xgboost,summer_2024,429,17,10.194836616516113,12.0,1.8051633834838867
stachus,xgboost,summer_2024,430,17,10.581676483154297,10.0,0.5816764831542969
stachus,xgboost,summer_2024,431,17,11.16470718383789,10.0,1.1647071838378906
stachus,xgboost,summer_2024,432,18,11.534184455871582,8.0,3.534184455871582
stachus,xgboost,summer_2024,433,18,12.314302444458008,8.0,4.314302444458008
stachus,xgboost,summer_2024,434,18,12.875441551208496,10.0,2.875441551208496
stachus,xgboost,summer_2024,435,18,13.76948356628418,10.0,3.7694835662841797
stachus,xgboost,summer_2024,436,18,15.45225715637207,14.0,1.4522571563720703
stachus,xgboost,summer_2024,437,18,16.428329467773438,14.0,2.4283294677734375
stachus,xgboost,summer_2024,438,18,17.88945960998535,15.0,2.8894596099853516
stachus,xgboost,summer_2024,439,18,16.668718338012695,14.0,2.6687183380126953
stachus,xgboost,summer_2024,440,18,15.242290496826172,12.0,3.242290496826172
stachus,xgboost,summer_2024,441,18,13.868766784667969,11.0,2.8687667846679688
stachus,xgboost,summer_2024,442,18,11.949398040771484,9.0,2.9493980407714844
stachus,xgboost,summer_2024,443,18,11.771570205688477,10.0,1.7715702056884766
stachus,xgboost,summer_2024,444,18,11.886185646057129,11.0,0.8861856460571289
stachus,xgboost,summer_2024,445,18,11.101541519165039,11.0,0.10154151916503906
stachus,xgboost,summer_2024,446,18,10.407706260681152,10.0,0.40770626068115234
stachus,xgboost,summer_2024,447,18,10.315049171447754,10.0,0.3150491714477539
stachus,xgboost,summer_2024,448,18,9.775352478027344,10.0,0.22464752197265625
stachus,xgboost,summer_2024,449,18,10.49211597442627,11.0,0.5078840255737305
stachus,xgboost,summer_2024,450,18,10.7468900680542,12.0,1.2531099319458008
stachus,xgboost,summer_2024,451,18,11.732491493225098,13.0,1.2675085067749023
stachus,xgboost,summer_2024,452,18,13.171883583068848,13.0,0.17188358306884766
stachus,xgboost,summer_2024,453,18,14.123059272766113,16.0,1.8769407272338867
stachus,xgboost,summer_2024,454,18,14.115893363952637,16.0,1.8841066360473633
stachus,xgboost,summer_2024,455,18,12.561247825622559,13.0,0.4387521743774414
stachus,xgboost,summer_2024,456,19,12.702266693115234,12.0,0.7022666931152344
stachus,xgboost,summer_2024,457,19,12.420260429382324,11.0,1.4202604293823242
stachus,xgboost,summer_2024,458,19,12.827156066894531,11.0,1.8271560668945312
stachus,xgboost,summer_2024,459,19,12.334827423095703,10.0,2.334827423095703
stachus,xgboost,summer_2024,460,19,12.11948299407959,10.0,2.11948299407959
stachus,xgboost,summer_2024,461,19,12.32892894744873,10.0,2.3289289474487305
stachus,xgboost,summer_2024,462,19,12.143402099609375,9.0,3.143402099609375
stachus,xgboost,summer_2024,463,19,12.073260307312012,9.0,3.0732603073120117
stachus,xgboost,summer_2024,464,19,11.494585990905762,9.0,2.4945859909057617
stachus,xgboost,summer_2024,465,19,11.367728233337402,9.0,2.3677282333374023
stachus,xgboost,summer_2024,466,19,11.128226280212402,9.0,2.1282262802124023
stachus,xgboost,summer_2024,467,19,10.916692733764648,9.0,1.9166927337646484
stachus,xgboost,summer_2024,468,19,10.437804222106934,9.0,1.4378042221069336
stachus,xgboost,summer_2024,469,19,9.858277320861816,9.0,0.8582773208618164
stachus,xgboost,summer_2024,470,19,11.079710006713867,11.0,0.07971000671386719
stachus,xgboost,summer_2024,471,19,11.82315444946289,10.0,1.8231544494628906
stachus,xgboost,summer_2024,472,19,11.785511016845703,9.0,2.785511016845703
stachus,xgboost,summer_2024,473,19,11.705063819885254,10.0,1.705063819885254
stachus,xgboost,summer_2024,474,19,12.484932899475098,11.0,1.4849328994750977
stachus,xgboost,summer_2024,475,19,13.244292259216309,14.0,0.7557077407836914
stachus,xgboost,summer_2024,476,19,12.696844100952148,12.0,0.6968441009521484
stachus,xgboost,summer_2024,477,19,12.428820610046387,11.0,1.4288206100463867
stachus,xgboost,summer_2024,478,19,13.866687774658203,16.0,2.133312225341797
stachus,xgboost,summer_2024,479,19,15.27694034576416,16.0,0.7230596542358398
stachus,xgboost,summer_2024,480,20,15.75347900390625,15.5,0.25347900390625
stachus,xgboost,summer_2024,481,20,17.023555755615234,15.0,2.0235557556152344
stachus,xgboost,summer_2024,482,20,18.03870964050293,14.5,3.5387096405029297
stachus,xgboost,summer_2024,483,20,17.981691360473633,14.0,3.981691360473633
stachus,xgboost,summer_2024,484,20,16.915767669677734,13.5,3.4157676696777344
stachus,xgboost,summer_2024,485,20,16.459524154663086,13.0,3.459524154663086
stachus,xgboost,summer_2024,486,20,8.733304023742676,3.0,5.733304023742676
stachus,xgboost,summer_2024,487,20,6.244531631469727,4.0,2.2445316314697266
stachus,xgboost,summer_2024,488,20,5.739232063293457,4.0,1.739232063293457
stachus,xgboost,summer_2024,489,20,5.780282020568848,4.0,1.7802820205688477
stachus,xgboost,summer_2024,490,20,8.452811241149902,5.0,3.4528112411499023
stachus,xgboost,summer_2024,491,20,6.802999973297119,6.0,0.8029999732971191
stachus,xgboost,summer_2024,492,20,6.6349334716796875,7.0,0.3650665283203125
stachus,xgboost,summer_2024,493,20,6.480337619781494,6.0,0.48033761978149414
stachus,xgboost,summer_2024,494,20,6.394877910614014,6.0,0.39487791061401367
stachus,xgboost,summer_2024,495,20,6.601073265075684,6.0,0.6010732650756836
stachus,xgboost,summer_2024,496,20,7.004917621612549,6.0,1.0049176216125488
stachus,xgboost,summer_2024,497,20,6.599232196807861,6.0,0.5992321968078613
stachus,xgboost,summer_2024,498,20,6.0746283531188965,5.0,1.0746283531188965
stachus,xgboost,summer_2024,499,20,5.844509124755859,5.0,0.8445091247558594
stachus,xgboost,summer_2024,500,20,5.751394271850586,5.0,0.7513942718505859
stachus,xgboost,summer_2024,501,20,5.683155059814453,5.0,0.6831550598144531
stachus,xgboost,summer_2024,502,20,5.722364902496338,6.0,0.2776350975036621
stachus,xgboost,summer_2024,503,20,6.035589694976807,7.0,0.9644103050231934
stachus,xgboost,summer_2024,504,21,6.508932113647461,6.0,0.5089321136474609
stachus,xgboost,summer_2024,505,21,6.768153190612793,6.0,0.768153190612793
stachus,xgboost,summer_2024,506,21,6.6245880126953125,7.0,0.3754119873046875
stachus,xgboost,summer_2024,507,21,6.495834827423096,7.0,0.5041651725769043
stachus,xgboost,summer_2024,508,21,6.759683609008789,8.0,1.240316390991211
stachus,xgboost,summer_2024,509,21,6.643246650695801,6.0,0.6432466506958008
stachus,xgboost,summer_2024,510,21,6.956597328186035,6.0,0.9565973281860352
stachus,xgboost,summer_2024,511,21,6.2969560623168945,5.0,1.2969560623168945
stachus,xgboost,summer_2024,512,21,5.990784168243408,4.0,1.9907841682434082
stachus,xgboost,summer_2024,513,21,5.676882743835449,6.0,0.3231172561645508
stachus,xgboost,summer_2024,514,21,5.498476505279541,5.0,0.498476505279541
stachus,xgboost,summer_2024,515,21,5.499627590179443,5.0,0.49962759017944336
stachus,xgboost,summer_2024,516,21,5.526454448699951,5.0,0.5264544486999512
stachus,xgboost,summer_2024,517,21,5.649299144744873,5.0,0.649299144744873
stachus,xgboost,summer_2024,518,21,5.71377420425415,5.0,0.7137742042541504
stachus,xgboost,summer_2024,519,21,5.977454662322998,5.0,0.977454662322998
stachus,xgboost,summer_2024,520,21,5.611841678619385,5.0,0.6118416786193848
stachus,xgboost,summer_2024,521,21,5.573976039886475,4.0,1.5739760398864746
stachus,xgboost,summer_2024,522,21,5.551490783691406,4.0,1.5514907836914062
stachus,xgboost,summer_2024,523,21,5.476846694946289,4.0,1.476846694946289
stachus,xgboost,summer_2024,524,21,5.089151859283447,4.0,1.0891518592834473
stachus,xgboost,summer_2024,525,21,5.1978535652160645,5.0,0.19785356521606445
stachus,xgboost,summer_2024,526,21,4.886413097381592,4.0,0.8864130973815918
stachus,xgboost,summer_2024,527,21,4.297274589538574,4.0,0.2972745895385742
stachus,xgboost,summer_2024,528,22,4.272518634796143,4.0,0.2725186347961426
stachus,xgboost,summer_2024,529,22,4.55438756942749,5.0,0.44561243057250977
stachus,xgboost,summer_2024,530,22,4.940763473510742,6.0,1.0592365264892578
stachus,xgboost,summer_2024,531,22,4.610006332397461,5.0,0.38999366760253906
stachus,xgboost,summer_2024,532,22,4.859735488891602,6.0,1.1402645111083984
stachus,xgboost,summer_2024,533,22,5.142138481140137,5.0,0.14213848114013672
stachus,xgboost,summer_2024,534,22,5.851926803588867,6.0,0.1480731964111328
stachus,xgboost,summer_2024,535,22,6.177892684936523,6.0,0.17789268493652344
stachus,xgboost,summer_2024,536,22,6.432079315185547,5.0,1.4320793151855469
stachus,xgboost,summer_2024,537,22,6.49812126159668,5.0,1.4981212615966797
stachus,xgboost,summer_2024,538,22,6.9955573081970215,6.0,0.9955573081970215
stachus,xgboost,summer_2024,539,22,7.364892959594727,6.0,1.3648929595947266
stachus,xgboost,summer_2024,540,22,7.6666340827941895,6.0,1.6666340827941895
stachus,xgboost,summer_2024,541,22,8.153266906738281,7.0,1.1532669067382812
stachus,xgboost,summer_2024,542,22,8.4559326171875,7.0,1.4559326171875
stachus,xgboost,summer_2024,543,22,8.766268730163574,8.0,0.7662687301635742
stachus,xgboost,summer_2024,544,22,8.148113250732422,7.0,1.1481132507324219
stachus,xgboost,summer_2024,545,22,7.255362033843994,7.0,0.25536203384399414
stachus,xgboost,summer_2024,546,22,6.464493751525879,6.0,0.4644937515258789
stachus,xgboost,summer_2024,547,22,6.12174129486084,6.0,0.12174129486083984
stachus,xgboost,summer_2024,548,22,5.73763370513916,5.0,0.7376337051391602
stachus,xgboost,summer_2024,549,22,5.549798011779785,5.0,0.5497980117797852
stachus,xgboost,summer_2024,550,22,5.263441562652588,4.0,1.263441562652588
stachus,xgboost,summer_2024,551,22,4.7993292808532715,5.0,0.20067071914672852
stachus,xgboost,summer_2024,552,23,4.720904350280762,4.0,0.7209043502807617
stachus,xgboost,summer_2024,553,23,4.662274360656738,5.0,0.3377256393432617
stachus,xgboost,summer_2024,554,23,4.785157203674316,6.0,1.2148427963256836
stachus,xgboost,summer_2024,555,23,4.819581985473633,5.0,0.1804180145263672
stachus,xgboost,summer_2024,556,23,5.307095527648926,6.0,0.6929044723510742
stachus,xgboost,summer_2024,557,23,6.170076370239258,6.0,0.1700763702392578
stachus,xgboost,summer_2024,558,23,7.080275535583496,6.0,1.080275535583496
stachus,xgboost,summer_2024,559,23,7.958518981933594,7.0,0.9585189819335938
stachus,xgboost,summer_2024,560,23,8.534086227416992,8.0,0.5340862274169922
stachus,xgboost,summer_2024,561,23,8.850455284118652,9.0,0.14954471588134766
stachus,xgboost,summer_2024,562,23,9.570242881774902,10.0,0.42975711822509766
stachus,xgboost,summer_2024,563,23,10.302469253540039,12.0,1.697530746459961
stachus,xgboost,summer_2024,564,23,10.843531608581543,12.0,1.156468391418457
stachus,xgboost,summer_2024,565,23,10.908554077148438,11.0,0.0914459228515625
stachus,xgboost,summer_2024,566,23,10.323639869689941,9.0,1.3236398696899414
stachus,xgboost,summer_2024,567,23,9.998620986938477,9.0,0.9986209869384766
stachus,xgboost,summer_2024,568,23,9.416482925415039,9.0,0.41648292541503906
stachus,xgboost,summer_2024,569,23,8.550948143005371,7.0,1.550948143005371
stachus,xgboost,summer_2024,570,23,7.928182125091553,8.0,0.07181787490844727
stachus,xgboost,summer_2024,571,23,8.063984870910645,8.0,0.06398487091064453
stachus,xgboost,summer_2024,572,23,8.135418891906738,8.0,0.13541889190673828
stachus,xgboost,summer_2024,573,23,8.060810089111328,8.0,0.060810089111328125
stachus,xgboost,summer_2024,574,23,8.234006881713867,9.0,0.7659931182861328
stachus,xgboost,summer_2024,575,23,8.01290225982666,9.0,0.9870977401733398
stachus,xgboost,summer_2024,576,24,8.28332805633545,9.0,0.7166719436645508
stachus,xgboost,summer_2024,577,24,8.404141426086426,9.0,0.5958585739135742
stachus,xgboost,summer_2024,578,24,8.535726547241211,10.0,1.464273452758789
stachus,xgboost,summer_2024,579,24,8.487470626831055,10.0,1.5125293731689453
stachus,xgboost,summer_2024,580,24,8.529433250427246,10.0,1.470566749572754
stachus,xgboost,summer_2024,581,24,9.451318740844727,10.0,0.5486812591552734
stachus,xgboost,summer_2024,582,24,10.66467571258545,11.0,0.3353242874145508
stachus,xgboost,summer_2024,583,24,11.582996368408203,11.0,0.5829963684082031
stachus,xgboost,summer_2024,584,24,11.938210487365723,10.0,1.9382104873657227
stachus,xgboost,summer_2024,585,24,12.99652099609375,11.0,1.99652099609375
stachus,xgboost,summer_2024,586,24,14.40723991394043,13.0,1.4072399139404297
stachus,xgboost,summer_2024,587,24,15.976415634155273,14.0,1.9764156341552734
stachus,xgboost,summer_2024,588,24,16.100847244262695,14.0,2.1008472442626953
stachus,xgboost,summer_2024,589,24,16.56742286682129,15.0,1.567422866821289
stachus,xgboost,summer_2024,590,24,16.47234535217285,13.0,3.4723453521728516
stachus,xgboost,summer_2024,591,24,16.171951293945312,13.0,3.1719512939453125
stachus,xgboost,summer_2024,592,24,14.88390064239502,12.0,2.8839006423950195
stachus,xgboost,summer_2024,593,24,12.77975082397461,11.0,1.7797508239746094
stachus,xgboost,summer_2024,594,24,11.646374702453613,10.0,1.6463747024536133
stachus,xgboost,summer_2024,595,24,11.608746528625488,10.0,1.6087465286254883
stachus,xgboost,summer_2024,596,24,11.686955451965332,9.0,2.686955451965332
stachus,xgboost,summer_2024,597,24,11.067323684692383,9.0,2.067323684692383
stachus,xgboost,summer_2024,598,24,10.921404838562012,10.0,0.9214048385620117
stachus,xgboost,summer_2024,599,24,11.121651649475098,10.0,1.1216516494750977
stachus,xgboost,summer_2024,600,25,12.00997257232666,11.0,1.0099725723266602
stachus,xgboost,summer_2024,601,25,12.078664779663086,10.0,2.078664779663086
stachus,xgboost,summer_2024,602,25,12.23657512664795,12.0,0.23657512664794922
stachus,xgboost,summer_2024,603,25,12.162910461425781,13.0,0.8370895385742188
stachus,xgboost,summer_2024,604,25,13.532649040222168,14.0,0.46735095977783203
stachus,xgboost,summer_2024,605,25,12.694321632385254,10.0,2.694321632385254
stachus,xgboost,summer_2024,606,25,11.761207580566406,11.0,0.7612075805664062
stachus,xgboost,summer_2024,607,25,12.374095916748047,11.0,1.3740959167480469
stachus,xgboost,summer_2024,608,25,12.353031158447266,11.0,1.3530311584472656
stachus,xgboost,summer_2024,609,25,11.792882919311523,8.0,3.7928829193115234
stachus,xgboost,summer_2024,610,25,11.630937576293945,8.0,3.6309375762939453
stachus,xgboost,summer_2024,611,25,12.618644714355469,8.0,4.618644714355469
stachus,xgboost,summer_2024,612,25,12.693243980407715,11.0,1.6932439804077148
stachus,xgboost,summer_2024,613,25,12.987467765808105,13.0,0.012532234191894531
stachus,xgboost,summer_2024,614,25,13.335013389587402,13.0,0.33501338958740234
stachus,xgboost,summer_2024,615,25,9.336986541748047,7.0,2.336986541748047
stachus,xgboost,summer_2024,616,25,7.113653659820557,5.0,2.1136536598205566
stachus,xgboost,summer_2024,617,25,6.5471062660217285,4.0,2.5471062660217285
stachus,xgboost,summer_2024,618,25,5.987957954406738,5.0,0.9879579544067383
stachus,xgboost,summer_2024,619,25,5.667713642120361,5.0,0.6677136421203613
stachus,xgboost,summer_2024,620,25,6.365024089813232,7.0,0.6349759101867676
stachus,xgboost,summer_2024,621,25,6.031491279602051,6.0,0.03149127960205078
stachus,xgboost,summer_2024,622,25,5.195274829864502,4.0,1.195274829864502
stachus,xgboost,summer_2024,623,25,4.861849308013916,3.0,1.861849308013916
stachus,xgboost,summer_2024,624,26,4.326508522033691,3.0,1.3265085220336914
stachus,xgboost,summer_2024,625,26,4.198699474334717,3.0,1.1986994743347168
stachus,xgboost,summer_2024,626,26,4.226945400238037,4.0,0.2269454002380371
stachus,xgboost,summer_2024,627,26,4.243566036224365,3.0,1.2435660362243652
stachus,xgboost,summer_2024,628,26,4.529616355895996,4.0,0.5296163558959961
stachus,xgboost,summer_2024,629,26,4.942114353179932,4.0,0.9421143531799316
stachus,xgboost,summer_2024,630,26,5.106843948364258,5.0,0.10684394836425781
stachus,xgboost,summer_2024,631,26,5.8727030754089355,5.0,0.8727030754089355
stachus,xgboost,summer_2024,632,26,6.256558418273926,5.0,1.2565584182739258
stachus,xgboost,summer_2024,633,26,7.742107391357422,7.0,0.7421073913574219
stachus,xgboost,summer_2024,634,26,8.676064491271973,8.0,0.6760644912719727
stachus,xgboost,summer_2024,635,26,8.994658470153809,8.0,0.9946584701538086
stachus,xgboost,summer_2024,636,26,9.93122386932373,10.0,0.06877613067626953
stachus,xgboost,summer_2024,637,26,10.842430114746094,10.0,0.8424301147460938
stachus,xgboost,summer_2024,638,26,11.685824394226074,9.0,2.685824394226074
stachus,xgboost,summer_2024,639,26,12.251439094543457,8.0,4.251439094543457
stachus,xgboost,summer_2024,640,26,10.447864532470703,6.0,4.447864532470703
stachus,xgboost,summer_2024,641,26,8.518954277038574,5.0,3.518954277038574
stachus,xgboost,summer_2024,642,26,7.2294087409973145,5.0,2.2294087409973145
stachus,xgboost,summer_2024,643,26,6.701746463775635,5.0,1.7017464637756348
stachus,xgboost,summer_2024,644,26,6.6813859939575195,6.0,0.6813859939575195
stachus,xgboost,summer_2024,645,26,6.706726551055908,6.0,0.7067265510559082
stachus,xgboost,summer_2024,646,26,6.240453720092773,6.0,0.24045372009277344
stachus,xgboost,summer_2024,647,26,5.757533550262451,6.0,0.24246644973754883
stachus,xgboost,summer_2024,648,27,5.739553928375244,6.0,0.26044607162475586
stachus,xgboost,summer_2024,649,27,5.882144927978516,5.0,0.8821449279785156
stachus,xgboost,summer_2024,650,27,6.047178745269775,6.0,0.04717874526977539
stachus,xgboost,summer_2024,651,27,6.5896711349487305,7.0,0.41032886505126953
stachus,xgboost,summer_2024,652,27,6.872877597808838,7.0,0.1271224021911621
stachus,xgboost,summer_2024,653,27,7.080277919769287,8.0,0.9197220802307129
stachus,xgboost,summer_2024,654,27,8.455883026123047,9.0,0.5441169738769531
stachus,xgboost,summer_2024,655,27,9.124319076538086,8.0,1.124319076538086
stachus,xgboost,summer_2024,656,27,9.731317520141602,9.0,0.7313175201416016
stachus,xgboost,summer_2024,657,27,10.148412704467773,9.333333333333334,0.8150793711344395
stachus,xgboost,summer_2024,658,27,11.237350463867188,10.0,1.2373504638671875
stachus,xgboost,summer_2024,659,27,11.62240219116211,9.833333333333334,1.7890688578287754
stachus,xgboost,summer_2024,660,27,11.77023696899414,9.666666666666666,2.1035703023274746
stachus,xgboost,summer_2024,661,27,12.029281616210938,10.333333333333334,1.6959482828776036
stachus,xgboost,summer_2024,662,27,12.932755470275879,11.833333333333334,1.099422136942545
stachus,xgboost,summer_2024,663,27,12.550509452819824,11.0,1.5505094528198242
stachus,xgboost,summer_2024,664,27,11.616419792175293,9.0,2.616419792175293
stachus,xgboost,summer_2024,665,27,9.9629545211792,8.0,1.9629545211791992
stachus,xgboost,summer_2024,666,27,9.1511812210083,8.333333333333334,0.8178478876749669
stachus,xgboost,summer_2024,667,27,8.989471435546875,9.0,0.010528564453125
stachus,xgboost,summer_2024,668,27,8.393659591674805,9.0,0.6063404083251953
stachus,xgboost,summer_2024,669,27,7.910333633422852,8.0,0.08966636657714844
stachus,xgboost,summer_2024,670,27,7.449665546417236,8.0,0.5503344535827637
stachus,xgboost,summer_2024,671,27,7.179060935974121,10.0,2.820939064025879
stachus,xgboost,summer_2024,672,28,7.4038004875183105,11.0,3.5961995124816895
stachus,xgboost,summer_2024,673,28,7.813765048980713,12.0,4.186234951019287
stachus,xgboost,summer_2024,674,28,8.709425926208496,13.0,4.290574073791504
stachus,xgboost,summer_2024,675,28,9.070569038391113,13.0,3.9294309616088867
stachus,xgboost,summer_2024,676,28,10.302424430847168,14.0,3.697575569152832
stachus,xgboost,summer_2024,677,28,12.024861335754395,16.0,3.9751386642456055
stachus,xgboost,summer_2024,678,28,13.871231079101562,19.0,5.1287689208984375
stachus,xgboost,summer_2024,679,28,15.046958923339844,18.0,2.9530410766601562
stachus,xgboost,summer_2024,680,28,15.204939842224121,17.0,1.795060157775879
stachus,xgboost,summer_2024,681,28,15.287949562072754,16.0,0.7120504379272461
stachus,xgboost,summer_2024,682,28,14.560896873474121,13.0,1.560896873474121
stachus,xgboost,summer_2024,683,28,14.01813793182373,11.0,3.0181379318237305
stachus,xgboost,summer_2024,684,28,14.083894729614258,12.0,2.083894729614258
stachus,xgboost,summer_2024,685,28,15.185359954833984,15.0,0.18535995483398438
stachus,xgboost,summer_2024,686,28,15.266791343688965,14.0,1.2667913436889648
stachus,xgboost,summer_2024,687,28,14.332709312438965,12.0,2.332709312438965
stachus,xgboost,summer_2024,688,28,13.61337661743164,12.0,1.6133766174316406
stachus,xgboost,summer_2024,689,28,12.904125213623047,12.0,0.9041252136230469
stachus,xgboost,summer_2024,690,28,12.127799987792969,11.0,1.1277999877929688
stachus,xgboost,summer_2024,691,28,11.48766803741455,10.0,1.4876680374145508
stachus,xgboost,summer_2024,692,28,11.377737045288086,10.0,1.377737045288086
stachus,xgboost,summer_2024,693,28,11.27155876159668,10.0,1.2715587615966797
stachus,xgboost,summer_2024,694,28,11.128433227539062,10.0,1.1284332275390625
stachus,xgboost,summer_2024,695,28,11.29366683959961,10.0,1.2936668395996094
stachus,xgboost,summer_2024,696,29,11.533415794372559,10.0,1.5334157943725586
stachus,xgboost,summer_2024,697,29,11.895645141601562,11.0,0.8956451416015625
stachus,xgboost,summer_2024,698,29,12.16208553314209,12.0,0.16208553314208984
stachus,xgboost,summer_2024,699,29,12.397618293762207,13.0,0.602381706237793
stachus,xgboost,summer_2024,700,29,12.895505905151367,13.0,0.10449409484863281
stachus,xgboost,summer_2024,701,29,11.15502643585205,9.0,2.155026435852051
stachus,xgboost,summer_2024,702,29,9.103959083557129,7.0,2.103959083557129
stachus,xgboost,summer_2024,703,29,8.037169456481934,5.0,3.0371694564819336
stachus,xgboost,summer_2024,704,29,7.3519792556762695,4.0,3.3519792556762695
stachus,xgboost,summer_2024,705,29,7.575632572174072,4.0,3.5756325721740723
stachus,xgboost,summer_2024,706,29,8.029791831970215,6.0,2.029791831970215
stachus,xgboost,summer_2024,707,29,8.03597354888916,6.0,2.03597354888916
stachus,xgboost,summer_2024,708,29,7.7813615798950195,5.0,2.7813615798950195
stachus,xgboost,summer_2024,709,29,7.8871307373046875,6.0,1.8871307373046875
stachus,xgboost,summer_2024,710,29,8.249340057373047,6.0,2.249340057373047
stachus,xgboost,summer_2024,711,29,8.663028717041016,6.0,2.6630287170410156
stachus,xgboost,summer_2024,712,29,8.25490665435791,6.0,2.25490665435791
stachus,xgboost,summer_2024,713,29,7.846020221710205,6.0,1.846020221710205
stachus,xgboost,summer_2024,714,29,7.774900436401367,6.0,1.7749004364013672
stachus,xgboost,summer_2024,715,29,7.823401927947998,7.0,0.823401927947998
stachus,xgboost,summer_2024,716,29,7.852540493011475,6.0,1.8525404930114746
stachus,xgboost,summer_2024,717,29,8.293058395385742,8.0,0.2930583953857422
stachus,xgboost,summer_2024,718,29,8.809067726135254,9.0,0.1909322738647461
stachus,xgboost,summer_2024,719,29,7.800250053405762,7.0,0.8002500534057617
stachus,xgboost,summer_2024,720,30,7.785183429718018,8.0,0.21481657028198242
stachus,xgboost,summer_2024,721,30,7.886318206787109,8.0,0.11368179321289062
stachus,xgboost,summer_2024,722,30,8.58100414276123,9.0,0.41899585723876953
stachus,xgboost,summer_2024,723,30,8.447685241699219,10.0,1.5523147583007812
stachus,xgboost,summer_2024,724,30,8.510204315185547,8.0,0.5102043151855469
stachus,xgboost,summer_2024,725,30,8.547420501708984,8.0,0.5474205017089844
stachus,xgboost,summer_2024,726,30,8.581768989562988,8.0,0.5817689895629883
stachus,xgboost,summer_2024,727,30,8.899771690368652,9.0,0.10022830963134766
stachus,xgboost,summer_2024,728,30,8.3262939453125,7.0,1.3262939453125
stachus,xgboost,summer_2024,729,30,8.122072219848633,6.0,2.122072219848633
stachus,xgboost,summer_2024,730,30,8.736762046813965,8.0,0.7367620468139648
stachus,xgboost,summer_2024,731,30,10.108552932739258,11.0,0.8914470672607422
stachus,xgboost,summer_2024,732,30,10.894124984741211,10.0,0.8941249847412109
stachus,xgboost,summer_2024,733,30,11.627503395080566,9.0,2.6275033950805664
stachus,xgboost,summer_2024,734,30,13.00525188446045,12.0,1.0052518844604492
stachus,xgboost,summer_2024,735,30,15.257190704345703,17.0,1.7428092956542969
stachus,xgboost,summer_2024,736,30,15.444686889648438,13.0,2.4446868896484375
stachus,xgboost,summer_2024,737,30,13.178089141845703,10.0,3.178089141845703
stachus,xgboost,summer_2024,738,30,11.764389991760254,9.0,2.764389991760254
stachus,xgboost,summer_2024,739,30,10.749731063842773,8.0,2.7497310638427734
stachus,xgboost,summer_2024,740,30,10.206314086914062,8.0,2.2063140869140625
stachus,xgboost,summer_2024,741,30,9.846738815307617,8.0,1.8467388153076172
stachus,xgboost,summer_2024,742,30,9.931093215942383,9.0,0.9310932159423828
stachus,xgboost,summer_2024,743,30,10.374974250793457,10.0,0.37497425079345703
stachus,xgboost,summer_2024,744,31,10.139507293701172,9.0,1.1395072937011719
stachus,xgboost,summer_2024,745,31,9.96430492401123,9.0,0.9643049240112305
stachus,xgboost,summer_2024,746,31,9.901482582092285,10.0,0.09851741790771484
stachus,xgboost,summer_2024,747,31,9.754054069519043,10.0,0.24594593048095703
stachus,xgboost,summer_2024,748,31,8.72075080871582,7.0,1.7207508087158203
stachus,xgboost,summer_2024,749,31,7.776860237121582,6.0,1.776860237121582
stachus,xgboost,summer_2024,750,31,7.864919185638428,7.0,0.8649191856384277
stachus,xgboost,summer_2024,751,31,8.725634574890137,9.0,0.2743654251098633
stachus,xgboost,summer_2024,752,31,8.561822891235352,8.0,0.5618228912353516
stachus,xgboost,summer_2024,753,31,8.805035591125488,8.0,0.8050355911254883
stachus,xgboost,summer_2024,754,31,9.207409858703613,9.0,0.20740985870361328
stachus,xgboost,summer_2024,755,31,9.448673248291016,9.0,0.4486732482910156
stachus,xgboost,summer_2024,756,31,8.820234298706055,7.0,1.8202342987060547
stachus,xgboost,summer_2024,757,31,8.18094539642334,6.0,2.18094539642334
stachus,xgboost,summer_2024,758,31,8.000304222106934,7.0,1.0003042221069336
stachus,xgboost,summer_2024,759,31,8.273422241210938,6.0,2.2734222412109375
stachus,xgboost,summer_2024,760,31,8.131429672241211,5.0,3.131429672241211
stachus,xgboost,summer_2024,761,31,8.623376846313477,6.0,2.6233768463134766
stachus,xgboost,summer_2024,762,31,9.028594017028809,7.0,2.0285940170288086
stachus,xgboost,summer_2024,763,31,9.96113109588623,7.0,2.9611310958862305
stachus,xgboost,summer_2024,764,31,9.076061248779297,8.0,1.0760612487792969
stachus,xgboost,summer_2024,765,31,8.859148979187012,9.0,0.14085102081298828
stachus,xgboost,summer_2024,766,31,8.256590843200684,7.0,1.2565908432006836
stachus,xgboost,summer_2024,767,31,7.515865325927734,7.0,0.5158653259277344
stachus,xgboost,summer_2024,768,32,7.737382888793945,7.0,0.7373828887939453
stachus,xgboost,summer_2024,769,32,9.343262672424316,10.0,0.6567373275756836
stachus,xgboost,summer_2024,770,32,9.340977668762207,7.0,2.340977668762207
stachus,xgboost,summer_2024,771,32,9.625750541687012,9.0,0.6257505416870117
stachus,xgboost,summer_2024,772,32,11.213253021240234,14.0,2.7867469787597656
stachus,xgboost,summer_2024,773,32,11.987055778503418,13.0,1.012944221496582
stachus,xgboost,summer_2024,774,32,11.422780990600586,12.0,0.5772190093994141
stachus,xgboost,summer_2024,775,32,11.732460975646973,12.0,0.26753902435302734
stachus,xgboost,summer_2024,776,32,12.14465045928955,12.0,0.14465045928955078
stachus,xgboost,summer_2024,777,32,13.689690589904785,14.0,0.31030941009521484
stachus,xgboost,summer_2024,778,32,13.778857231140137,14.0,0.22114276885986328
stachus,xgboost,summer_2024,779,32,10.037818908691406,6.0,4.037818908691406
stachus,xgboost,summer_2024,780,32,8.868024826049805,6.0,2.8680248260498047
stachus,xgboost,summer_2024,781,32,8.74360466003418,8.0,0.7436046600341797
stachus,xgboost,summer_2024,782,32,9.061458587646484,8.0,1.0614585876464844
stachus,xgboost,summer_2024,783,32,9.429555892944336,7.0,2.429555892944336
stachus,xgboost,summer_2024,784,32,9.247611045837402,8.0,1.2476110458374023
stachus,xgboost,summer_2024,785,32,9.105854034423828,8.0,1.1058540344238281
stachus,xgboost,summer_2024,786,32,8.78801441192627,8.0,0.7880144119262695
stachus,xgboost,summer_2024,787,32,8.331539154052734,8.0,0.3315391540527344
stachus,xgboost,summer_2024,788,32,7.995141506195068,7.0,0.9951415061950684
stachus,xgboost,summer_2024,789,32,7.9262566566467285,8.0,0.07374334335327148
stachus,xgboost,summer_2024,790,32,7.534518718719482,8.0,0.4654812812805176
stachus,xgboost,summer_2024,791,32,7.457978248596191,8.0,0.5420217514038086
stachus,xgboost,summer_2024,792,33,7.445362567901611,7.0,0.44536256790161133
stachus,xgboost,summer_2024,793,33,7.5671305656433105,8.0,0.43286943435668945
stachus,xgboost,summer_2024,794,33,7.955016613006592,9.0,1.0449833869934082
stachus,xgboost,summer_2024,795,33,7.939661502838135,9.0,1.0603384971618652
stachus,xgboost,summer_2024,796,33,8.130141258239746,9.0,0.8698587417602539
stachus,xgboost,summer_2024,797,33,8.130099296569824,9.0,0.8699007034301758
stachus,xgboost,summer_2024,798,33,8.373708724975586,8.0,0.37370872497558594
stachus,xgboost,summer_2024,799,33,7.924017906188965,8.0,0.07598209381103516
stachus,xgboost,summer_2024,800,33,7.649799346923828,7.0,0.6497993469238281
stachus,xgboost,summer_2024,801,33,7.367860794067383,6.0,1.3678607940673828
stachus,xgboost,summer_2024,802,33,7.611108303070068,6.0,1.6111083030700684
stachus,xgboost,summer_2024,803,33,7.9426589012146,7.0,0.9426589012145996
stachus,xgboost,summer_2024,804,33,8.032958030700684,7.0,1.0329580307006836
stachus,xgboost,summer_2024,805,33,8.028678894042969,6.0,2.0286788940429688
stachus,xgboost,summer_2024,806,33,8.077622413635254,6.0,2.077622413635254
stachus,xgboost,summer_2024,807,33,8.210454940795898,7.0,1.2104549407958984
stachus,xgboost,summer_2024,808,33,7.919284343719482,6.0,1.9192843437194824
stachus,xgboost,summer_2024,809,33,7.157491683959961,5.0,2.157491683959961
stachus,xgboost,summer_2024,810,33,6.839865207672119,5.0,1.8398652076721191
stachus,xgboost,summer_2024,811,33,6.758886814117432,5.0,1.7588868141174316
stachus,xgboost,summer_2024,812,33,6.721842288970947,6.0,0.7218422889709473
stachus,xgboost,summer_2024,813,33,6.759108066558838,6.0,0.7591080665588379
stachus,xgboost,summer_2024,814,33,6.6519551277160645,6.0,0.6519551277160645
stachus,xgboost,summer_2024,815,33,6.47437047958374,7.0,0.5256295204162598
stachus,xgboost,summer_2024,816,34,6.730778217315674,8.0,1.2692217826843262
stachus,xgboost,summer_2024,817,34,6.607118606567383,7.0,0.3928813934326172
stachus,xgboost,summer_2024,818,34,6.459544658660889,7.0,0.5404553413391113
stachus,xgboost,summer_2024,819,34,6.28019905090332,7.0,0.7198009490966797
stachus,xgboost,summer_2024,820,34,6.506953716278076,6.0,0.5069537162780762
stachus,xgboost,summer_2024,821,34,7.140134334564209,7.0,0.14013433456420898
stachus,xgboost,summer_2024,822,34,8.169638633728027,8.0,0.16963863372802734
stachus,xgboost,summer_2024,823,34,9.065629959106445,10.0,0.9343700408935547
stachus,xgboost,summer_2024,824,34,9.214591979980469,9.0,0.21459197998046875
stachus,xgboost,summer_2024,825,34,9.88313102722168,9.0,0.8831310272216797
stachus,xgboost,summer_2024,826,34,10.150089263916016,10.0,0.15008926391601562
stachus,xgboost,summer_2024,827,34,10.717390060424805,10.0,0.7173900604248047
stachus,xgboost,summer_2024,828,34,10.832756996154785,10.0,0.8327569961547852
stachus,xgboost,summer_2024,829,34,10.754631042480469,11.0,0.24536895751953125
stachus,xgboost,summer_2024,830,34,11.17172908782959,11.0,0.17172908782958984
stachus,xgboost,summer_2024,831,34,11.695964813232422,10.0,1.6959648132324219
stachus,xgboost,summer_2024,832,34,10.682759284973145,10.0,0.6827592849731445
stachus,xgboost,summer_2024,833,34,9.48148250579834,9.0,0.48148250579833984
stachus,xgboost,summer_2024,834,34,8.451772689819336,8.0,0.45177268981933594
stachus,xgboost,summer_2024,835,34,7.82394552230835,8.0,0.1760544776916504
stachus,xgboost,summer_2024,836,34,7.693385601043701,8.0,0.30661439895629883
stachus,xgboost,summer_2024,837,34,7.769232273101807,8.0,0.23076772689819336
stachus,xgboost,summer_2024,838,34,7.005697250366211,7.0,0.0056972503662109375
stachus,xgboost,summer_2024,839,34,6.8846893310546875,7.0,0.1153106689453125
stachus,xgboost,summer_2024,840,35,6.184670925140381,6.0,0.18467092514038086
stachus,xgboost,summer_2024,841,35,6.312511920928955,6.0,0.3125119209289551
stachus,xgboost,summer_2024,842,35,6.818180084228516,8.0,1.1818199157714844
stachus,xgboost,summer_2024,843,35,7.583211421966553,8.0,0.41678857803344727
stachus,xgboost,summer_2024,844,35,8.448739051818848,9.0,0.5512609481811523
stachus,xgboost,summer_2024,845,35,8.863173484802246,10.0,1.136826515197754
stachus,xgboost,summer_2024,846,35,8.83082103729248,10.0,1.1691789627075195
stachus,xgboost,summer_2024,847,35,8.875201225280762,10.0,1.1247987747192383
stachus,xgboost,summer_2024,848,35,8.597936630249023,9.0,0.40206336975097656
stachus,xgboost,summer_2024,849,35,8.879006385803223,9.0,0.12099361419677734
stachus,xgboost,summer_2024,850,35,8.967536926269531,10.0,1.0324630737304688
stachus,xgboost,summer_2024,851,35,9.030462265014648,9.0,0.030462265014648438
stachus,xgboost,summer_2024,852,35,9.529796600341797,9.0,0.5297966003417969
stachus,xgboost,summer_2024,853,35,10.272658348083496,11.0,0.7273416519165039
stachus,xgboost,summer_2024,854,35,10.68657112121582,12.0,1.3134288787841797
stachus,xgboost,summer_2024,855,35,11.03324031829834,11.0,0.033240318298339844
stachus,xgboost,summer_2024,856,35,11.683045387268066,12.0,0.3169546127319336
stachus,xgboost,summer_2024,857,35,12.153044700622559,12.6,0.44695529937744105
stachus,xgboost,summer_2024,858,35,12.051725387573242,13.2,1.148274612426757
stachus,xgboost,summer_2024,859,35,12.340978622436523,13.8,1.4590213775634773
stachus,xgboost,summer_2024,860,35,11.946064949035645,14.4,2.453935050964356
stachus,xgboost,summer_2024,861,35,11.651469230651855,15.0,3.3485307693481445
stachus,xgboost,summer_2024,862,35,10.305333137512207,13.0,2.694666862487793
stachus,xgboost,summer_2024,863,35,7.694575786590576,7.0,0.6945757865905762
stachus,xgboost,summer_2024,864,36,6.679705619812012,7.0,0.3202943801879883
stachus,xgboost,summer_2024,865,36,5.759573459625244,7.0,1.2404265403747559
stachus,xgboost,summer_2024,866,36,5.299694061279297,7.0,1.7003059387207031
stachus,xgboost,summer_2024,867,36,5.1451568603515625,6.0,0.8548431396484375
stachus,xgboost,summer_2024,868,36,5.122755527496338,6.0,0.8772444725036621
stachus,xgboost,summer_2024,869,36,5.8141350746154785,8.0,2.1858649253845215
stachus,xgboost,summer_2024,870,36,5.938801288604736,9.0,3.0611987113952637
stachus,xgboost,summer_2024,871,36,5.32952356338501,6.0,0.6704764366149902
stachus,xgboost,summer_2024,872,36,5.129666805267334,5.0,0.12966680526733398
stachus,xgboost,summer_2024,873,36,5.357034206390381,5.0,0.35703420639038086
stachus,xgboost,summer_2024,874,36,5.540424823760986,5.0,0.5404248237609863
stachus,xgboost,summer_2024,875,36,6.042011260986328,6.0,0.042011260986328125
stachus,xgboost,summer_2024,876,36,6.743710994720459,7.0,0.256289005279541
stachus,xgboost,summer_2024,877,36,7.634153366088867,8.0,0.3658466339111328
stachus,xgboost,summer_2024,878,36,9.00263786315918,9.0,0.0026378631591796875
stachus,xgboost,summer_2024,879,36,9.857792854309082,8.0,1.857792854309082
stachus,xgboost,summer_2024,880,36,10.332036972045898,6.0,4.332036972045898
stachus,xgboost,summer_2024,881,36,10.449416160583496,8.0,2.449416160583496
stachus,xgboost,summer_2024,882,36,10.368027687072754,10.0,0.3680276870727539
stachus,xgboost,summer_2024,883,36,10.535999298095703,9.0,1.5359992980957031
stachus,xgboost,summer_2024,884,36,10.956232070922852,11.0,0.04376792907714844
stachus,xgboost,summer_2024,885,36,9.740886688232422,7.0,2.740886688232422
stachus,xgboost,summer_2024,886,36,8.414731979370117,8.0,0.4147319793701172
stachus,xgboost,summer_2024,887,36,8.470048904418945,9.0,0.5299510955810547
stachus,xgboost,summer_2024,888,37,7.652320384979248,8.0,0.34767961502075195
stachus,xgboost,summer_2024,889,37,6.961113929748535,5.0,1.9611139297485352
stachus,xgboost,summer_2024,890,37,7.780514717102051,5.0,2.780514717102051
stachus,xgboost,summer_2024,891,37,9.033076286315918,8.0,1.033076286315918
stachus,xgboost,summer_2024,892,37,11.04546070098877,13.0,1.9545392990112305
stachus,xgboost,summer_2024,893,37,11.815308570861816,11.0,0.8153085708618164
stachus,xgboost,summer_2024,894,37,10.865690231323242,10.0,0.8656902313232422
stachus,xgboost,summer_2024,895,37,10.00859546661377,9.0,1.0085954666137695
stachus,xgboost,summer_2024,896,37,10.829195976257324,12.0,1.1708040237426758
stachus,xgboost,summer_2024,897,37,10.437841415405273,10.0,0.43784141540527344
stachus,xgboost,summer_2024,898,37,9.700901985168457,9.0,0.700901985168457
stachus,xgboost,summer_2024,899,37,9.99622917175293,9.0,0.9962291717529297
stachus,xgboost,summer_2024,900,37,9.65263843536377,8.0,1.6526384353637695
stachus,xgboost,summer_2024,901,37,9.066390037536621,7.0,2.066390037536621
stachus,xgboost,summer_2024,902,37,9.509326934814453,7.0,2.509326934814453
stachus,xgboost,summer_2024,903,37,10.25734806060791,7.0,3.25734806060791
stachus,xgboost,summer_2024,904,37,10.065457344055176,8.0,2.065457344055176
stachus,xgboost,summer_2024,905,37,8.556039810180664,7.0,1.556039810180664
stachus,xgboost,summer_2024,906,37,7.967805862426758,7.0,0.9678058624267578
stachus,xgboost,summer_2024,907,37,7.517850875854492,6.0,1.5178508758544922
stachus,xgboost,summer_2024,908,37,7.476506233215332,5.0,2.476506233215332
stachus,xgboost,summer_2024,909,37,8.320378303527832,9.0,0.679621696472168
stachus,xgboost,summer_2024,910,37,7.739974498748779,7.0,0.7399744987487793
stachus,xgboost,summer_2024,911,37,6.798290729522705,6.0,0.7982907295227051
stachus,xgboost,summer_2024,912,38,6.845849990844727,8.0,1.1541500091552734
stachus,xgboost,summer_2024,913,38,6.258749485015869,6.0,0.25874948501586914
stachus,xgboost,summer_2024,914,38,7.017988204956055,8.0,0.9820117950439453
stachus,xgboost,summer_2024,915,38,7.56524133682251,8.0,0.43475866317749023
stachus,xgboost,summer_2024,916,38,9.989529609680176,14.0,4.010470390319824
stachus,xgboost,summer_2024,917,38,9.1622953414917,8.0,1.1622953414916992
stachus,xgboost,summer_2024,918,38,10.153268814086914,13.0,2.846731185913086
stachus,xgboost,summer_2024,919,38,9.433366775512695,11.0,1.5666332244873047
stachus,xgboost,summer_2024,920,38,8.956019401550293,10.0,1.043980598449707
stachus,xgboost,summer_2024,921,38,8.772236824035645,8.0,0.7722368240356445
stachus,xgboost,summer_2024,922,38,8.484711647033691,8.0,0.4847116470336914
stachus,xgboost,summer_2024,923,38,8.34902572631836,7.0,1.3490257263183594
stachus,xgboost,summer_2024,924,38,8.311266899108887,8.0,0.3112668991088867
stachus,xgboost,summer_2024,925,38,9.134267807006836,10.0,0.8657321929931641
stachus,xgboost,summer_2024,926,38,9.53227710723877,10.0,0.46772289276123047
stachus,xgboost,summer_2024,927,38,9.079154014587402,8.0,1.0791540145874023
stachus,xgboost,summer_2024,928,38,8.834023475646973,7.0,1.8340234756469727
stachus,xgboost,summer_2024,929,38,7.636849880218506,6.0,1.6368498802185059
stachus,xgboost,summer_2024,930,38,7.1480841636657715,5.0,2.1480841636657715
stachus,xgboost,summer_2024,931,38,7.0814971923828125,6.0,1.0814971923828125
stachus,xgboost,summer_2024,932,38,7.464700222015381,7.0,0.46470022201538086
stachus,xgboost,summer_2024,933,38,7.643056869506836,8.0,0.35694313049316406
stachus,xgboost,summer_2024,934,38,8.289250373840332,9.0,0.710749626159668
stachus,xgboost,summer_2024,935,38,7.670943737030029,8.0,0.3290562629699707
stachus,xgboost,summer_2024,936,39,7.8555474281311035,8.0,0.14445257186889648
stachus,xgboost,summer_2024,937,39,9.845427513122559,12.0,2.1545724868774414
stachus,xgboost,summer_2024,938,39,9.094361305236816,9.0,0.0943613052368164
stachus,xgboost,summer_2024,939,39,8.318138122558594,8.0,0.31813812255859375
stachus,xgboost,summer_2024,940,39,8.965410232543945,9.0,0.03458976745605469
stachus,xgboost,summer_2024,941,39,10.549079895019531,12.0,1.4509201049804688
stachus,xgboost,summer_2024,942,39,12.808926582336426,14.0,1.1910734176635742
stachus,xgboost,summer_2024,943,39,16.718626022338867,19.0,2.281373977661133
stachus,xgboost,summer_2024,944,39,20.690465927124023,24.0,3.3095340728759766
stachus,xgboost,summer_2024,945,39,19.022001266479492,20.0,0.9779987335205078
stachus,xgboost,summer_2024,946,39,17.64928436279297,16.0,1.6492843627929688
stachus,xgboost,summer_2024,947,39,17.10372543334961,18.0,0.8962745666503906
stachus,xgboost,summer_2024,948,39,16.47538185119629,19.0,2.524618148803711
stachus,xgboost,summer_2024,949,39,15.89965534210205,16.0,0.10034465789794922
stachus,xgboost,summer_2024,950,39,16.26555061340332,14.0,2.2655506134033203
stachus,xgboost,summer_2024,951,39,14.16608715057373,9.0,5.1660871505737305
stachus,xgboost,summer_2024,952,39,11.763728141784668,8.0,3.763728141784668
stachus,xgboost,summer_2024,953,39,10.544746398925781,9.0,1.5447463989257812
stachus,xgboost,summer_2024,954,39,10.016610145568848,10.0,0.016610145568847656
stachus,xgboost,summer_2024,955,39,10.001714706420898,11.0,0.9982852935791016
stachus,xgboost,summer_2024,956,39,9.257179260253906,9.0,0.25717926025390625
stachus,xgboost,summer_2024,957,39,8.83258056640625,9.0,0.16741943359375
stachus,xgboost,summer_2024,958,39,7.969089508056641,9.0,1.0309104919433594
stachus,xgboost,summer_2024,959,39,7.123958110809326,8.0,0.8760418891906738
stachus,xgboost,summer_2024,960,40,6.852485179901123,7.0,0.14751482009887695
stachus,xgboost,summer_2024,961,40,6.490571022033691,6.0,0.4905710220336914
stachus,xgboost,summer_2024,962,40,6.351332664489746,7.0,0.6486673355102539
stachus,xgboost,summer_2024,963,40,6.431617736816406,7.0,0.5683822631835938
stachus,xgboost,summer_2024,964,40,7.5427045822143555,8.0,0.45729541778564453
stachus,xgboost,summer_2024,965,40,9.160151481628418,10.0,0.839848518371582
stachus,xgboost,summer_2024,966,40,10.514558792114258,11.0,0.4854412078857422
stachus,xgboost,summer_2024,967,40,11.061568260192871,11.0,0.061568260192871094
stachus,xgboost,summer_2024,968,40,10.853676795959473,10.0,0.8536767959594727
stachus,xgboost,summer_2024,969,40,10.953402519226074,8.0,2.953402519226074
stachus,xgboost,summer_2024,970,40,10.982959747314453,8.0,2.982959747314453
stachus,xgboost,summer_2024,971,40,10.938318252563477,8.0,2.9383182525634766
stachus,xgboost,summer_2024,972,40,10.849889755249023,9.0,1.8498897552490234
stachus,xgboost,summer_2024,973,40,11.380866050720215,10.0,1.3808660507202148
stachus,xgboost,summer_2024,974,40,12.110297203063965,10.0,2.110297203063965
stachus,xgboost,summer_2024,975,40,12.44114875793457,9.0,3.4411487579345703
stachus,xgboost,summer_2024,976,40,12.18776798248291,10.0,2.18776798248291
stachus,xgboost,summer_2024,977,40,11.143462181091309,10.0,1.1434621810913086
stachus,xgboost,summer_2024,978,40,10.58331298828125,8.0,2.58331298828125
stachus,xgboost,summer_2024,979,40,11.07757568359375,8.0,3.07757568359375
stachus,xgboost,summer_2024,980,40,11.85150146484375,12.0,0.14849853515625
stachus,xgboost,summer_2024,981,40,12.531045913696289,14.0,1.468954086303711
stachus,xgboost,summer_2024,982,40,11.864752769470215,12.0,0.13524723052978516
stachus,xgboost,summer_2024,983,40,11.626974105834961,13.0,1.373025894165039
stachus,xgboost,summer_2024,984,41,10.999104499816895,10.0,0.9991044998168945
stachus,xgboost,summer_2024,985,41,9.843689918518066,10.0,0.1563100814819336
stachus,xgboost,summer_2024,986,41,9.861747741699219,11.0,1.1382522583007812
stachus,xgboost,summer_2024,987,41,9.637040138244629,11.0,1.362959861755371
stachus,xgboost,summer_2024,988,41,10.440898895263672,14.0,3.559101104736328
stachus,xgboost,summer_2024,989,41,11.174783706665039,14.0,2.825216293334961
stachus,xgboost,summer_2024,990,41,12.615187644958496,14.0,1.384812355041504
stachus,xgboost,summer_2024,991,41,13.156959533691406,13.0,0.15695953369140625
stachus,xgboost,summer_2024,992,41,13.555875778198242,15.0,1.4441242218017578
stachus,xgboost,summer_2024,993,41,14.42773151397705,19.0,4.572268486022949
stachus,xgboost,summer_2024,994,41,14.423073768615723,17.0,2.5769262313842773
stachus,xgboost,summer_2024,995,41,13.03203296661377,14.0,0.9679670333862305
stachus,xgboost,summer_2024,996,41,12.358985900878906,13.0,0.6410140991210938
stachus,xgboost,summer_2024,997,41,11.662199020385742,11.0,0.6621990203857422
stachus,xgboost,summer_2024,998,41,11.695499420166016,13.0,1.3045005798339844
stachus,xgboost,summer_2024,999,41,11.473259925842285,10.0,1.4732599258422852
stachus,xgboost,summer_2024,1000,41,10.492664337158203,10.0,0.4926643371582031
stachus,xgboost,summer_2024,1001,41,8.985384941101074,7.0,1.9853849411010742
stachus,xgboost,summer_2024,1002,41,7.794633388519287,7.0,0.7946333885192871
stachus,xgboost,summer_2024,1003,41,8.062909126281738,8.0,0.06290912628173828
stachus,xgboost,summer_2024,1004,41,7.872678279876709,8.0,0.12732172012329102
stachus,xgboost,summer_2024,1005,41,7.819541931152344,8.0,0.18045806884765625
stachus,xgboost,summer_2024,1006,41,7.393637180328369,8.0,0.6063628196716309
stachus,xgboost,summer_2024,1007,41,7.192960739135742,9.0,1.8070392608642578
stachus,xgboost,summer_2024,1008,42,7.279423236846924,8.0,0.7205767631530762
stachus,xgboost,summer_2024,1009,42,7.500532150268555,9.0,1.4994678497314453
stachus,xgboost,summer_2024,1010,42,8.490984916687012,10.0,1.5090150833129883
stachus,xgboost,summer_2024,1011,42,6.700928688049316,6.0,0.7009286880493164
stachus,xgboost,summer_2024,1012,42,5.782853603363037,5.0,0.7828536033630371
stachus,xgboost,summer_2024,1013,42,5.76602840423584,7.0,1.2339715957641602
stachus,xgboost,summer_2024,1014,42,5.36312198638916,5.0,0.36312198638916016
stachus,xgboost,summer_2024,1015,42,5.162506580352783,5.0,0.1625065803527832
stachus,xgboost,summer_2024,1016,42,4.9949541091918945,4.0,0.9949541091918945
stachus,xgboost,autumn_2024,0,0,5.417787551879883,5.0,0.4177875518798828
stachus,xgboost,autumn_2024,1,0,4.734105587005615,3.0,1.7341055870056152
stachus,xgboost,autumn_2024,2,0,3.620302438735962,3.0,0.6203024387359619
stachus,xgboost,autumn_2024,3,0,3.0662286281585693,3.0,0.06622862815856934
stachus,xgboost,autumn_2024,4,0,3.297795057296753,3.0,0.29779505729675293
stachus,xgboost,autumn_2024,5,0,4.4059367179870605,6.0,1.5940632820129395
stachus,xgboost,autumn_2024,6,0,6.13421630859375,11.0,4.86578369140625
stachus,xgboost,autumn_2024,7,0,6.121011257171631,6.0,0.12101125717163086
stachus,xgboost,autumn_2024,8,0,5.794051170349121,6.0,0.2059488296508789
stachus,xgboost,autumn_2024,9,0,5.508747577667236,6.0,0.49125242233276367
stachus,xgboost,autumn_2024,10,0,6.514024257659912,8.0,1.485975742340088
stachus,xgboost,autumn_2024,11,0,7.4361419677734375,10.0,2.5638580322265625
stachus,xgboost,autumn_2024,12,0,8.320446014404297,12.0,3.679553985595703
stachus,xgboost,autumn_2024,13,0,7.916527271270752,9.0,1.083472728729248
stachus,xgboost,autumn_2024,14,0,7.604834079742432,7.0,0.6048340797424316
stachus,xgboost,autumn_2024,15,0,7.525278091430664,7.0,0.5252780914306641
stachus,xgboost,autumn_2024,16,0,7.217791557312012,7.0,0.21779155731201172
stachus,xgboost,autumn_2024,17,0,6.148166179656982,4.0,2.1481661796569824
stachus,xgboost,autumn_2024,18,0,6.3330464363098145,7.0,0.6669535636901855
stachus,xgboost,autumn_2024,19,0,6.744070529937744,7.0,0.25592947006225586
stachus,xgboost,autumn_2024,20,0,6.142343521118164,4.0,2.142343521118164
stachus,xgboost,autumn_2024,21,0,6.828409194946289,6.0,0.8284091949462891
stachus,xgboost,autumn_2024,22,0,7.502288818359375,7.0,0.502288818359375
stachus,xgboost,autumn_2024,23,0,7.091176986694336,6.0,1.091176986694336
stachus,xgboost,autumn_2024,24,1,7.404763221740723,6.0,1.4047632217407227
stachus,xgboost,autumn_2024,25,1,7.334612846374512,9.0,1.6653871536254883
stachus,xgboost,autumn_2024,26,1,7.925970554351807,12.0,4.074029445648193
stachus,xgboost,autumn_2024,27,1,7.7301435470581055,11.0,3.2698564529418945
stachus,xgboost,autumn_2024,28,1,6.902426242828369,8.0,1.0975737571716309
stachus,xgboost,autumn_2024,29,1,5.571112632751465,6.0,0.42888736724853516
stachus,xgboost,autumn_2024,30,1,5.062704086303711,7.0,1.937295913696289
stachus,xgboost,autumn_2024,31,1,4.492734909057617,3.0,1.4927349090576172
stachus,xgboost,autumn_2024,32,1,4.256047248840332,4.0,0.25604724884033203
stachus,xgboost,autumn_2024,33,1,4.11529541015625,4.0,0.11529541015625
stachus,xgboost,autumn_2024,34,1,3.564028739929199,2.0,1.5640287399291992
stachus,xgboost,autumn_2024,35,1,3.1969096660614014,2.0,1.1969096660614014
stachus,xgboost,autumn_2024,36,1,2.724270820617676,3.0,0.2757291793823242
stachus,xgboost,autumn_2024,37,1,3.1809139251708984,8.0,4.819086074829102
stachus,xgboost,autumn_2024,38,1,3.3613626956939697,3.0,0.3613626956939697
stachus,xgboost,autumn_2024,39,1,3.93200421333313,5.0,1.0679957866668701
stachus,xgboost,autumn_2024,40,1,4.378810882568359,6.0,1.6211891174316406
stachus,xgboost,autumn_2024,41,1,4.718496322631836,6.0,1.281503677368164
stachus,xgboost,autumn_2024,42,1,5.201801776885986,7.0,1.7981982231140137
stachus,xgboost,autumn_2024,43,1,8.221288681030273,12.0,3.7787113189697266
stachus,xgboost,autumn_2024,44,1,8.913469314575195,10.0,1.0865306854248047
stachus,xgboost,autumn_2024,45,1,8.898237228393555,9.0,0.10176277160644531
stachus,xgboost,autumn_2024,46,1,10.198789596557617,12.0,1.8012104034423828
stachus,xgboost,autumn_2024,47,1,10.658060073852539,11.0,0.34193992614746094
stachus,xgboost,autumn_2024,48,2,11.202193260192871,10.0,1.202193260192871
stachus,xgboost,autumn_2024,49,2,9.896924018859863,9.0,0.8969240188598633
stachus,xgboost,autumn_2024,50,2,8.57775592803955,6.0,2.577755928039551
stachus,xgboost,autumn_2024,51,2,7.274616241455078,5.0,2.274616241455078
stachus,xgboost,autumn_2024,52,2,7.38005256652832,4.0,3.3800525665283203
stachus,xgboost,autumn_2024,53,2,8.932692527770996,7.0,1.932692527770996
stachus,xgboost,autumn_2024,54,2,9.946554183959961,8.0,1.946554183959961
stachus,xgboost,autumn_2024,55,2,11.78077220916748,10.0,1.7807722091674805
stachus,xgboost,autumn_2024,56,2,14.67292594909668,14.0,0.6729259490966797
stachus,xgboost,autumn_2024,57,2,13.230140686035156,11.0,2.2301406860351562
stachus,xgboost,autumn_2024,58,2,11.37984848022461,9.0,2.3798484802246094
stachus,xgboost,autumn_2024,59,2,10.332504272460938,8.0,2.3325042724609375
stachus,xgboost,autumn_2024,60,2,8.1643648147583,6.0,2.164364814758301
stachus,xgboost,autumn_2024,61,2,6.9072370529174805,6.0,0.9072370529174805
stachus,xgboost,autumn_2024,62,2,6.6314215660095215,8.0,1.3685784339904785
stachus,xgboost,autumn_2024,63,2,6.466642379760742,8.0,1.5333576202392578
stachus,xgboost,autumn_2024,64,2,6.222925662994385,7.0,0.7770743370056152
stachus,xgboost,autumn_2024,65,2,7.598289489746094,10.0,2.4017105102539062
stachus,xgboost,autumn_2024,66,2,7.802194118499756,9.0,1.1978058815002441
stachus,xgboost,autumn_2024,67,2,7.318222522735596,7.0,0.3182225227355957
stachus,xgboost,autumn_2024,68,2,7.622025012969971,9.0,1.3779749870300293
stachus,xgboost,autumn_2024,69,2,7.869300365447998,10.0,2.130699634552002
stachus,xgboost,autumn_2024,70,2,7.386704921722412,8.0,0.6132950782775879
stachus,xgboost,autumn_2024,71,2,7.383286476135254,7.0,0.3832864761352539
stachus,xgboost,autumn_2024,72,3,7.508810997009277,9.0,1.4911890029907227
stachus,xgboost,autumn_2024,73,3,7.928461074829102,11.0,3.0715389251708984
stachus,xgboost,autumn_2024,74,3,7.079264163970947,8.0,0.9207358360290527
stachus,xgboost,autumn_2024,75,3,5.932516098022461,5.0,0.9325160980224609
stachus,xgboost,autumn_2024,76,3,4.8828253746032715,4.0,0.8828253746032715
stachus,xgboost,autumn_2024,77,3,4.858455181121826,4.0,0.8584551811218262
stachus,xgboost,autumn_2024,78,3,4.882561206817627,5.0,0.11743879318237305
stachus,xgboost,autumn_2024,79,3,4.7210822105407715,6.0,1.2789177894592285
stachus,xgboost,autumn_2024,80,3,5.098618507385254,7.0,1.901381492614746
stachus,xgboost,autumn_2024,81,3,5.6059370040893555,7.0,1.3940629959106445
stachus,xgboost,autumn_2024,82,3,5.291658878326416,5.0,0.291658878326416
stachus,xgboost,autumn_2024,83,3,5.355015754699707,5.0,0.35501575469970703
stachus,xgboost,autumn_2024,84,3,4.931970596313477,4.0,0.9319705963134766
stachus,xgboost,autumn_2024,85,3,4.1202826499938965,4.0,0.12028264999389648
stachus,xgboost,autumn_2024,86,3,3.8813154697418213,3.0,0.8813154697418213
stachus,xgboost,autumn_2024,87,3,3.6333553791046143,4.0,0.36664462089538574
stachus,xgboost,autumn_2024,88,3,3.5441040992736816,4.0,0.45589590072631836
stachus,xgboost,autumn_2024,89,3,3.8453004360198975,6.0,2.1546995639801025
stachus,xgboost,autumn_2024,90,3,4.817885398864746,7.0,2.182114601135254
stachus,xgboost,autumn_2024,91,3,5.588953018188477,7.0,1.4110469818115234
stachus,xgboost,autumn_2024,92,3,6.009401798248291,7.0,0.990598201751709
stachus,xgboost,autumn_2024,93,3,6.383349418640137,7.0,0.6166505813598633
stachus,xgboost,autumn_2024,94,3,6.461700916290283,7.0,0.5382990837097168
stachus,xgboost,autumn_2024,95,3,7.615625381469727,9.0,1.3843746185302734
stachus,xgboost,autumn_2024,96,4,8.785421371459961,8.0,0.7854213714599609
stachus,xgboost,autumn_2024,97,4,9.57366943359375,9.0,0.57366943359375
stachus,xgboost,autumn_2024,98,4,10.438519477844238,9.0,1.4385194778442383
stachus,xgboost,autumn_2024,99,4,9.613058090209961,8.0,1.613058090209961
stachus,xgboost,autumn_2024,100,4,10.147978782653809,7.0,3.1479787826538086
stachus,xgboost,autumn_2024,101,4,9.48292350769043,5.0,4.48292350769043
stachus,xgboost,autumn_2024,102,4,8.603758811950684,7.0,1.6037588119506836
stachus,xgboost,autumn_2024,103,4,8.267069816589355,8.0,0.26706981658935547
stachus,xgboost,autumn_2024,104,4,8.061262130737305,6.0,2.0612621307373047
stachus,xgboost,autumn_2024,105,4,7.516201972961426,7.0,0.5162019729614258
stachus,xgboost,autumn_2024,106,4,5.5755109786987305,4.0,1.5755109786987305
stachus,xgboost,autumn_2024,107,4,5.2438435554504395,4.0,1.2438435554504395
stachus,xgboost,autumn_2024,108,4,5.16256856918335,5.0,0.1625685691833496
stachus,xgboost,autumn_2024,109,4,4.970006942749023,6.0,1.0299930572509766
stachus,xgboost,autumn_2024,110,4,4.89280891418457,7.0,2.1071910858154297
stachus,xgboost,autumn_2024,111,4,4.853001594543457,7.0,2.146998405456543
stachus,xgboost,autumn_2024,112,4,4.8675007820129395,7.0,2.1324992179870605
stachus,xgboost,autumn_2024,113,4,4.913744926452637,7.0,2.0862550735473633
stachus,xgboost,autumn_2024,114,4,5.85300350189209,8.0,2.14699649810791
stachus,xgboost,autumn_2024,115,4,5.6590728759765625,6.0,0.3409271240234375
stachus,xgboost,autumn_2024,116,4,5.652535915374756,6.0,0.34746408462524414
stachus,xgboost,autumn_2024,117,4,6.663233280181885,8.0,1.3367667198181152
stachus,xgboost,autumn_2024,118,4,8.84852409362793,11.0,2.1514759063720703
stachus,xgboost,autumn_2024,119,4,9.962113380432129,12.0,2.037886619567871
stachus,xgboost,autumn_2024,120,5,12.227357864379883,16.0,3.772642135620117
stachus,xgboost,autumn_2024,121,5,14.11000919342041,17.0,2.88999080657959
stachus,xgboost,autumn_2024,122,5,11.972857475280762,11.0,0.9728574752807617
stachus,xgboost,autumn_2024,123,5,7.5202317237854,6.0,1.5202317237854004
stachus,xgboost,autumn_2024,124,5,6.642549991607666,6.0,0.642549991607666
stachus,xgboost,autumn_2024,125,5,5.828206539154053,5.0,0.8282065391540527
stachus,xgboost,autumn_2024,126,5,5.768819808959961,6.0,0.23118019104003906
stachus,xgboost,autumn_2024,127,5,5.531672477722168,6.0,0.46832752227783203
stachus,xgboost,autumn_2024,128,5,5.09044885635376,4.0,1.0904488563537598
stachus,xgboost,autumn_2024,129,5,4.330570697784424,4.0,0.33057069778442383
stachus,xgboost,autumn_2024,130,5,3.4633939266204834,3.0,0.4633939266204834
stachus,xgboost,autumn_2024,131,5,2.577632188796997,2.0,0.5776321887969971
stachus,xgboost,autumn_2024,132,5,1.9959520101547241,2.0,0.004047989845275879
stachus,xgboost,autumn_2024,133,5,1.9230185747146606,2.0,0.07698142528533936
stachus,xgboost,autumn_2024,134,5,2.0368735790252686,2.0,0.036873579025268555
stachus,xgboost,autumn_2024,135,5,2.779076099395752,3.0,0.22092390060424805
stachus,xgboost,autumn_2024,136,5,3.040828227996826,3.0,0.04082822799682617
stachus,xgboost,autumn_2024,137,5,3.8898773193359375,4.0,0.1101226806640625
stachus,xgboost,autumn_2024,138,5,5.053664207458496,6.0,0.9463357925415039
stachus,xgboost,autumn_2024,139,5,6.476327419281006,7.0,0.5236725807189941
stachus,xgboost,autumn_2024,140,5,7.083920478820801,6.0,1.0839204788208008
stachus,xgboost,autumn_2024,141,5,7.60046911239624,6.0,1.6004691123962402
stachus,xgboost,autumn_2024,142,5,6.758233070373535,4.0,2.758233070373535
stachus,xgboost,autumn_2024,143,5,5.713171482086182,4.0,1.7131714820861816
stachus,xgboost,autumn_2024,144,6,5.798052787780762,4.0,1.7980527877807617
stachus,xgboost,autumn_2024,145,6,5.914676189422607,3.0,2.9146761894226074
stachus,xgboost,autumn_2024,146,6,4.983267784118652,2.0,2.9832677841186523
stachus,xgboost,autumn_2024,147,6,3.731419086456299,2.0,1.7314190864562988
stachus,xgboost,autumn_2024,148,6,3.332292079925537,2.0,1.332292079925537
stachus,xgboost,autumn_2024,149,6,4.070255756378174,4.0,0.07025575637817383
stachus,xgboost,autumn_2024,150,6,5.146080493927002,5.0,0.14608049392700195
stachus,xgboost,autumn_2024,151,6,4.951064109802246,3.0,1.951064109802246
stachus,xgboost,autumn_2024,152,6,3.988407611846924,2.0,1.9884076118469238
stachus,xgboost,autumn_2024,153,6,3.2284138202667236,2.0,1.2284138202667236
stachus,xgboost,autumn_2024,154,6,3.784451723098755,3.0,0.7844517230987549
stachus,xgboost,autumn_2024,155,6,3.756462812423706,2.0,1.756462812423706
stachus,xgboost,autumn_2024,156,6,3.6042356491088867,3.0,0.6042356491088867
stachus,xgboost,autumn_2024,157,6,4.106121063232422,6.0,1.8938789367675781
stachus,xgboost,autumn_2024,158,6,4.603798866271973,4.0,0.6037988662719727
stachus,xgboost,autumn_2024,159,6,4.827749252319336,6.0,1.172250747680664
stachus,xgboost,autumn_2024,160,6,5.6490325927734375,7.0,1.3509674072265625
stachus,xgboost,autumn_2024,161,6,7.2085490226745605,10.0,2.7914509773254395
stachus,xgboost,autumn_2024,162,6,9.684758186340332,13.0,3.315241813659668
stachus,xgboost,autumn_2024,163,6,11.211913108825684,12.0,0.7880868911743164
stachus,xgboost,autumn_2024,164,6,13.034011840820312,13.0,0.0340118408203125
stachus,xgboost,autumn_2024,165,6,14.95787525177002,16.0,1.0421247482299805
stachus,xgboost,autumn_2024,166,6,15.327106475830078,14.0,1.3271064758300781
stachus,xgboost,autumn_2024,167,6,13.08229923248291,10.0,3.08229923248291
stachus,xgboost,autumn_2024,168,7,12.20974063873291,10.0,2.20974063873291
stachus,xgboost,autumn_2024,169,7,11.428866386413574,9.0,2.428866386413574
stachus,xgboost,autumn_2024,170,7,10.67534065246582,8.0,2.6753406524658203
stachus,xgboost,autumn_2024,171,7,11.212309837341309,7.0,4.212309837341309
stachus,xgboost,autumn_2024,172,7,9.683340072631836,5.0,4.683340072631836
stachus,xgboost,autumn_2024,173,7,9.121044158935547,5.0,4.121044158935547
stachus,xgboost,autumn_2024,174,7,9.976292610168457,7.0,2.976292610168457
stachus,xgboost,autumn_2024,175,7,10.39193058013916,7.0,3.39193058013916
stachus,xgboost,autumn_2024,176,7,10.858806610107422,8.0,2.858806610107422
stachus,xgboost,autumn_2024,177,7,11.536698341369629,8.0,3.536698341369629
stachus,xgboost,autumn_2024,178,7,11.24679946899414,9.0,2.2467994689941406
stachus,xgboost,autumn_2024,179,7,10.234403610229492,8.0,2.234403610229492
stachus,xgboost,autumn_2024,180,7,9.72828197479248,10.0,0.27171802520751953
stachus,xgboost,autumn_2024,181,7,9.047165870666504,9.0,0.047165870666503906
stachus,xgboost,autumn_2024,182,7,8.441469192504883,8.0,0.4414691925048828
stachus,xgboost,autumn_2024,183,7,9.197062492370605,10.0,0.8029375076293945
stachus,xgboost,autumn_2024,184,7,10.394658088684082,11.0,0.605341911315918
stachus,xgboost,autumn_2024,185,7,10.565732955932617,8.0,2.565732955932617
stachus,xgboost,autumn_2024,186,7,10.376538276672363,9.0,1.3765382766723633
stachus,xgboost,autumn_2024,187,7,9.865275382995605,9.0,0.8652753829956055
stachus,xgboost,autumn_2024,188,7,9.380876541137695,9.0,0.3808765411376953
stachus,xgboost,autumn_2024,189,7,7.189098358154297,4.0,3.189098358154297
stachus,xgboost,autumn_2024,190,7,5.418915748596191,3.0,2.4189157485961914
stachus,xgboost,autumn_2024,191,7,4.259709358215332,1.0,3.259709358215332
stachus,xgboost,autumn_2024,192,8,3.52836537361145,1.0,2.52836537361145
stachus,xgboost,autumn_2024,193,8,2.8862433433532715,0.5,2.3862433433532715
stachus,xgboost,autumn_2024,194,8,2.00430965423584,0.6,1.4043096542358398
stachus,xgboost,autumn_2024,195,8,1.9443522691726685,0.6,1.3443522691726684
stachus,xgboost,autumn_2024,196,8,1.8704077005386353,0.4,1.4704077005386353
stachus,xgboost,autumn_2024,197,8,2.039578676223755,0.9,1.139578676223755
stachus,xgboost,autumn_2024,198,8,3.4790477752685547,4.0,0.5209522247314453
stachus,xgboost,autumn_2024,199,8,3.0899851322174072,2.0,1.0899851322174072
stachus,xgboost,autumn_2024,200,8,3.135478973388672,1.0,2.135478973388672
stachus,xgboost,autumn_2024,201,8,2.8655502796173096,1.0,1.8655502796173096
stachus,xgboost,autumn_2024,202,8,2.02653431892395,2.0,0.026534318923950195
stachus,xgboost,autumn_2024,203,8,1.9088982343673706,2.0,0.0911017656326294
stachus,xgboost,autumn_2024,204,8,2.032987117767334,2.0,0.032987117767333984
stachus,xgboost,autumn_2024,205,8,1.9947551488876343,2.0,0.005244851112365723
stachus,xgboost,autumn_2024,206,8,2.0485095977783203,2.0,0.04850959777832031
stachus,xgboost,autumn_2024,207,8,3.3614702224731445,2.0,1.3614702224731445
stachus,xgboost,autumn_2024,208,8,4.558867454528809,3.0,1.5588674545288086
stachus,xgboost,autumn_2024,209,8,5.079553604125977,4.0,1.0795536041259766
stachus,xgboost,autumn_2024,210,8,5.543838024139404,5.0,0.5438380241394043
stachus,xgboost,autumn_2024,211,8,5.328164577484131,4.0,1.3281645774841309
stachus,xgboost,autumn_2024,212,8,5.077019691467285,4.0,1.0770196914672852
stachus,xgboost,autumn_2024,213,8,4.768855094909668,4.0,0.768855094909668
stachus,xgboost,autumn_2024,214,8,3.9255151748657227,3.0,0.9255151748657227
stachus,xgboost,autumn_2024,215,8,4.099187850952148,3.0,1.0991878509521484
stachus,xgboost,autumn_2024,216,9,3.5240492820739746,3.0,0.5240492820739746
stachus,xgboost,autumn_2024,217,9,4.464349269866943,3.0,1.4643492698669434
stachus,xgboost,autumn_2024,218,9,3.840045690536499,3.0,0.840045690536499
stachus,xgboost,autumn_2024,219,9,3.2918224334716797,2.0,1.2918224334716797
stachus,xgboost,autumn_2024,220,9,3.312319040298462,2.0,1.312319040298462
stachus,xgboost,autumn_2024,221,9,3.2137389183044434,2.0,1.2137389183044434
stachus,xgboost,autumn_2024,222,9,3.142303705215454,2.0,1.142303705215454
stachus,xgboost,autumn_2024,223,9,3.0924088954925537,2.0,1.0924088954925537
stachus,xgboost,autumn_2024,224,9,3.605447769165039,3.0,0.6054477691650391
stachus,xgboost,autumn_2024,225,9,3.222024440765381,3.0,0.22202444076538086
stachus,xgboost,autumn_2024,226,9,3.4913737773895264,3.0,0.49137377738952637
stachus,xgboost,autumn_2024,227,9,3.6729023456573486,4.0,0.32709765434265137
stachus,xgboost,autumn_2024,228,9,3.7835628986358643,4.0,0.21643710136413574
stachus,xgboost,autumn_2024,229,9,4.118088245391846,5.0,0.8819117546081543
stachus,xgboost,autumn_2024,230,9,4.613980293273926,5.0,0.3860197067260742
stachus,xgboost,autumn_2024,231,9,4.808260917663574,4.0,0.8082609176635742
stachus,xgboost,autumn_2024,232,9,5.43076753616333,7.0,1.56923246383667
stachus,xgboost,autumn_2024,233,9,5.429764747619629,4.0,1.429764747619629
stachus,xgboost,autumn_2024,234,9,5.262740135192871,3.0,2.262740135192871
stachus,xgboost,autumn_2024,235,9,5.252801418304443,4.0,1.2528014183044434
stachus,xgboost,autumn_2024,236,9,5.8414740562438965,6.0,0.15852594375610352
stachus,xgboost,autumn_2024,237,9,4.892465591430664,3.0,1.892465591430664
stachus,xgboost,autumn_2024,238,9,3.898048162460327,2.0,1.8980481624603271
stachus,xgboost,autumn_2024,239,9,3.1688849925994873,1.0,2.1688849925994873
stachus,xgboost,autumn_2024,240,10,3.09279727935791,1.0,2.09279727935791
stachus,xgboost,autumn_2024,241,10,2.6777570247650146,1.0,1.6777570247650146
stachus,xgboost,autumn_2024,242,10,2.1213486194610596,0.7,1.4213486194610596
stachus,xgboost,autumn_2024,243,10,1.8877688646316528,0.6,1.2877688646316527
stachus,xgboost,autumn_2024,244,10,1.9378076791763306,0.7,1.2378076791763306
stachus,xgboost,autumn_2024,245,10,1.9209575653076172,0.9,1.0209575653076173
stachus,xgboost,autumn_2024,246,10,2.8672499656677246,3.0,0.1327500343322754
stachus,xgboost,autumn_2024,247,10,3.285867929458618,2.0,1.2858679294586182
stachus,xgboost,autumn_2024,248,10,3.917710781097412,3.0,0.9177107810974121
stachus,xgboost,autumn_2024,249,10,4.262572288513184,2.0,2.2625722885131836
stachus,xgboost,autumn_2024,250,10,4.184335231781006,2.0,2.184335231781006
stachus,xgboost,autumn_2024,251,10,4.14492654800415,2.0,2.1449265480041504
stachus,xgboost,autumn_2024,252,10,3.9362642765045166,2.0,1.9362642765045166
stachus,xgboost,autumn_2024,253,10,3.477248191833496,3.0,0.4772481918334961
stachus,xgboost,autumn_2024,254,10,3.525475263595581,4.0,0.47452473640441895
stachus,xgboost,autumn_2024,255,10,4.9410400390625,5.0,0.0589599609375
stachus,xgboost,autumn_2024,256,10,5.133111953735352,3.0,2.1331119537353516
stachus,xgboost,autumn_2024,257,10,5.464165210723877,4.0,1.464165210723877
stachus,xgboost,autumn_2024,258,10,5.234547138214111,3.0,2.2345471382141113
stachus,xgboost,autumn_2024,259,10,6.506500244140625,7.0,0.493499755859375
stachus,xgboost,autumn_2024,260,10,6.255387783050537,4.0,2.255387783050537
stachus,xgboost,autumn_2024,261,10,7.781578063964844,7.0,0.7815780639648438
stachus,xgboost,autumn_2024,262,10,9.581562042236328,9.0,0.5815620422363281
stachus,xgboost,autumn_2024,263,10,10.126532554626465,7.0,3.126532554626465
stachus,xgboost,autumn_2024,264,11,9.780611991882324,6.0,3.780611991882324
stachus,xgboost,autumn_2024,265,11,9.374671936035156,6.0,3.3746719360351562
stachus,xgboost,autumn_2024,266,11,10.309041023254395,7.0,3.3090410232543945
stachus,xgboost,autumn_2024,267,11,10.233433723449707,6.0,4.233433723449707
stachus,xgboost,autumn_2024,268,11,9.438446998596191,5.0,4.438446998596191
stachus,xgboost,autumn_2024,269,11,8.936266899108887,5.0,3.9362668991088867
stachus,xgboost,autumn_2024,270,11,8.428996086120605,5.0,3.4289960861206055
stachus,xgboost,autumn_2024,271,11,7.787783145904541,4.0,3.787783145904541
stachus,xgboost,autumn_2024,272,11,5.571447372436523,2.0,3.5714473724365234
stachus,xgboost,autumn_2024,273,11,4.420795917510986,1.0,3.4207959175109863
stachus,xgboost,autumn_2024,274,11,3.903308629989624,1.0,2.903308629989624
stachus,xgboost,autumn_2024,275,11,3.5571842193603516,1.0,2.5571842193603516
stachus,xgboost,autumn_2024,276,11,3.395224094390869,1.0,2.395224094390869
stachus,xgboost,autumn_2024,277,11,3.172813653945923,1.0,2.172813653945923
stachus,xgboost,autumn_2024,278,11,3.660933494567871,2.0,1.660933494567871
stachus,xgboost,autumn_2024,279,11,4.109415531158447,2.0,2.1094155311584473
stachus,xgboost,autumn_2024,280,11,5.6677069664001465,4.0,1.6677069664001465
stachus,xgboost,autumn_2024,281,11,8.619786262512207,9.0,0.38021373748779297
stachus,xgboost,autumn_2024,282,11,12.29811954498291,13.0,0.7018804550170898
stachus,xgboost,autumn_2024,283,11,13.478452682495117,14.0,0.5215473175048828
stachus,xgboost,autumn_2024,284,11,11.934717178344727,10.0,1.9347171783447266
stachus,xgboost,autumn_2024,285,11,9.678365707397461,7.0,2.678365707397461
stachus,xgboost,autumn_2024,286,11,7.134606838226318,5.0,2.1346068382263184
stachus,xgboost,autumn_2024,287,11,6.386975288391113,4.0,2.3869752883911133
stachus,xgboost,autumn_2024,288,12,5.766171932220459,4.0,1.766171932220459
stachus,xgboost,autumn_2024,289,12,5.023056983947754,3.0,2.023056983947754
stachus,xgboost,autumn_2024,290,12,4.1553521156311035,2.0,2.1553521156311035
stachus,xgboost,autumn_2024,291,12,3.30881667137146,1.0,2.30881667137146
stachus,xgboost,autumn_2024,292,12,2.826359987258911,0.6,2.226359987258911
stachus,xgboost,autumn_2024,293,12,2.1776721477508545,0.3,1.8776721477508544
stachus,xgboost,autumn_2024,294,12,2.309891939163208,1.0,1.309891939163208
stachus,xgboost,autumn_2024,295,12,2.227280616760254,0.5,1.727280616760254
stachus,xgboost,autumn_2024,296,12,2.342817544937134,1.0,1.3428175449371338
stachus,xgboost,autumn_2024,297,12,2.414097309112549,2.0,0.41409730911254883
stachus,xgboost,autumn_2024,298,12,2.8539066314697266,2.0,0.8539066314697266
stachus,xgboost,autumn_2024,299,12,3.4787752628326416,4.0,0.5212247371673584
stachus,xgboost,autumn_2024,300,12,4.1206183433532715,5.0,0.8793816566467285
stachus,xgboost,autumn_2024,301,12,4.6146697998046875,4.0,0.6146697998046875
stachus,xgboost,autumn_2024,302,12,4.353676795959473,5.0,0.6463232040405273
stachus,xgboost,autumn_2024,303,12,4.391456127166748,4.0,0.39145612716674805
stachus,xgboost,autumn_2024,304,12,4.2136945724487305,4.0,0.21369457244873047
stachus,xgboost,autumn_2024,305,12,4.570502758026123,6.0,1.429497241973877
stachus,xgboost,autumn_2024,306,12,4.199639320373535,3.0,1.1996393203735352
stachus,xgboost,autumn_2024,307,12,4.275264263153076,4.0,0.27526426315307617
stachus,xgboost,autumn_2024,308,12,4.48089599609375,4.0,0.48089599609375
stachus,xgboost,autumn_2024,309,12,4.711297988891602,5.0,0.28870201110839844
stachus,xgboost,autumn_2024,310,12,4.5798869132995605,4.0,0.5798869132995605
stachus,xgboost,autumn_2024,311,12,4.270838260650635,3.0,1.2708382606506348
stachus,xgboost,autumn_2024,312,13,3.8367700576782227,3.0,0.8367700576782227
stachus,xgboost,autumn_2024,313,13,3.408817768096924,2.0,1.4088177680969238
stachus,xgboost,autumn_2024,314,13,3.138967752456665,2.0,1.138967752456665
stachus,xgboost,autumn_2024,315,13,3.415911912918091,3.0,0.4159119129180908
stachus,xgboost,autumn_2024,316,13,3.1382956504821777,2.0,1.1382956504821777
stachus,xgboost,autumn_2024,317,13,3.5914361476898193,2.0,1.5914361476898193
stachus,xgboost,autumn_2024,318,13,4.288723945617676,5.0,0.7112760543823242
stachus,xgboost,autumn_2024,319,13,5.3370137214660645,4.0,1.3370137214660645
stachus,xgboost,autumn_2024,320,13,5.560685634613037,4.0,1.560685634613037
stachus,xgboost,autumn_2024,321,13,5.225310325622559,3.0,2.2253103256225586
stachus,xgboost,autumn_2024,322,13,4.868593692779541,2.0,2.868593692779541
stachus,xgboost,autumn_2024,323,13,4.73354959487915,3.0,1.7335495948791504
stachus,xgboost,autumn_2024,324,13,5.374973773956299,4.0,1.3749737739562988
stachus,xgboost,autumn_2024,325,13,6.16140079498291,4.0,2.16140079498291
stachus,xgboost,autumn_2024,326,13,8.675809860229492,8.0,0.6758098602294922
stachus,xgboost,autumn_2024,327,13,12.404193878173828,10.0,2.404193878173828
stachus,xgboost,autumn_2024,328,13,16.059814453125,13.0,3.059814453125
stachus,xgboost,autumn_2024,329,13,15.174703598022461,13.0,2.174703598022461
stachus,xgboost,autumn_2024,330,13,16.066028594970703,17.0,0.9339714050292969
stachus,xgboost,autumn_2024,331,13,16.715646743774414,16.0,0.7156467437744141
stachus,xgboost,autumn_2024,332,13,10.465521812438965,6.0,4.465521812438965
stachus,xgboost,autumn_2024,333,13,8.256277084350586,6.0,2.256277084350586
stachus,xgboost,autumn_2024,334,13,9.030309677124023,6.0,3.0303096771240234
stachus,xgboost,autumn_2024,335,13,11.530088424682617,11.0,0.5300884246826172
stachus,xgboost,autumn_2024,336,14,12.214249610900879,11.0,1.214249610900879
stachus,xgboost,autumn_2024,337,14,11.104801177978516,10.0,1.1048011779785156
stachus,xgboost,autumn_2024,338,14,10.962959289550781,9.0,1.9629592895507812
stachus,xgboost,autumn_2024,339,14,11.090677261352539,10.0,1.090677261352539
stachus,xgboost,autumn_2024,340,14,11.806486129760742,11.0,0.8064861297607422
stachus,xgboost,autumn_2024,341,14,13.2515287399292,15.0,1.7484712600708008
stachus,xgboost,autumn_2024,342,14,15.875138282775879,22.0,6.124861717224121
stachus,xgboost,autumn_2024,343,14,19.06515884399414,26.0,6.934841156005859
stachus,xgboost,autumn_2024,344,14,22.171594619750977,28.0,5.828405380249023
stachus,xgboost,autumn_2024,345,14,22.552541732788086,25.0,2.447458267211914
stachus,xgboost,autumn_2024,346,14,19.117881774902344,20.0,0.8821182250976562
stachus,xgboost,autumn_2024,347,14,17.221248626708984,17.0,0.22124862670898438
stachus,xgboost,autumn_2024,348,14,14.19150161743164,12.0,2.1915016174316406
stachus,xgboost,autumn_2024,349,14,12.397289276123047,10.0,2.397289276123047
stachus,xgboost,autumn_2024,350,14,11.46741008758545,10.0,1.4674100875854492
stachus,xgboost,autumn_2024,351,14,11.985710144042969,11.0,0.9857101440429688
stachus,xgboost,autumn_2024,352,14,12.578304290771484,13.0,0.4216957092285156
stachus,xgboost,autumn_2024,353,14,14.06185245513916,15.0,0.9381475448608398
stachus,xgboost,autumn_2024,354,14,13.505349159240723,12.0,1.5053491592407227
stachus,xgboost,autumn_2024,355,14,13.162816047668457,11.0,2.162816047668457
stachus,xgboost,autumn_2024,356,14,12.634232521057129,11.0,1.634232521057129
stachus,xgboost,autumn_2024,357,14,11.375434875488281,10.0,1.3754348754882812
stachus,xgboost,autumn_2024,358,14,11.240130424499512,11.0,0.24013042449951172
stachus,xgboost,autumn_2024,359,14,11.66137409210205,11.0,0.6613740921020508
stachus,xgboost,autumn_2024,360,15,11.215582847595215,9.0,2.215582847595215
stachus,xgboost,autumn_2024,361,15,10.7113618850708,9.0,1.7113618850708008
stachus,xgboost,autumn_2024,362,15,9.467426300048828,7.0,2.467426300048828
stachus,xgboost,autumn_2024,363,15,8.388956069946289,6.0,2.388956069946289
stachus,xgboost,autumn_2024,364,15,8.293424606323242,7.0,1.2934246063232422
stachus,xgboost,autumn_2024,365,15,8.35264778137207,7.0,1.3526477813720703
stachus,xgboost,autumn_2024,366,15,8.490449905395508,8.0,0.4904499053955078
stachus,xgboost,autumn_2024,367,15,8.2637300491333,7.0,1.2637300491333008
stachus,xgboost,autumn_2024,368,15,7.917363166809082,6.0,1.917363166809082
stachus,xgboost,autumn_2024,369,15,7.505136489868164,6.0,1.505136489868164
stachus,xgboost,autumn_2024,370,15,7.290287494659424,5.0,2.290287494659424
stachus,xgboost,autumn_2024,371,15,7.021815299987793,6.0,1.021815299987793
stachus,xgboost,autumn_2024,372,15,6.388169288635254,6.0,0.3881692886352539
stachus,xgboost,autumn_2024,373,15,6.138025760650635,6.0,0.13802576065063477
stachus,xgboost,autumn_2024,374,15,6.194404125213623,5.0,1.194404125213623
stachus,xgboost,autumn_2024,375,15,6.633879661560059,5.0,1.6338796615600586
stachus,xgboost,autumn_2024,376,15,7.162346363067627,5.0,2.162346363067627
stachus,xgboost,autumn_2024,377,15,8.148640632629395,6.0,2.1486406326293945
stachus,xgboost,autumn_2024,378,15,9.709686279296875,9.0,0.709686279296875
stachus,xgboost,autumn_2024,379,15,10.589065551757812,8.0,2.5890655517578125
stachus,xgboost,autumn_2024,380,15,11.094849586486816,9.0,2.0948495864868164
stachus,xgboost,autumn_2024,381,15,10.970621109008789,8.0,2.970621109008789
stachus,xgboost,autumn_2024,382,15,10.812384605407715,8.0,2.812384605407715
stachus,xgboost,autumn_2024,383,15,10.77283000946045,8.0,2.772830009460449
stachus,xgboost,autumn_2024,384,16,10.813699722290039,7.0,3.813699722290039
stachus,xgboost,autumn_2024,385,16,11.192112922668457,7.0,4.192112922668457
stachus,xgboost,autumn_2024,386,16,11.368337631225586,8.0,3.368337631225586
stachus,xgboost,autumn_2024,387,16,11.703987121582031,9.0,2.7039871215820312
stachus,xgboost,autumn_2024,388,16,12.573248863220215,8.0,4.573248863220215
stachus,xgboost,autumn_2024,389,16,12.596028327941895,9.0,3.5960283279418945
stachus,xgboost,autumn_2024,390,16,13.739188194274902,11.0,2.7391881942749023
stachus,xgboost,autumn_2024,391,16,15.118967056274414,12.0,3.118967056274414
stachus,xgboost,autumn_2024,392,16,16.68525505065918,14.0,2.6852550506591797
stachus,xgboost,autumn_2024,393,16,17.138019561767578,14.0,3.138019561767578
stachus,xgboost,autumn_2024,394,16,14.976943016052246,12.0,2.976943016052246
stachus,xgboost,autumn_2024,395,16,13.12353515625,10.0,3.12353515625
stachus,xgboost,autumn_2024,396,16,11.04172420501709,8.0,3.04172420501709
stachus,xgboost,autumn_2024,397,16,9.032413482666016,6.0,3.0324134826660156
stachus,xgboost,autumn_2024,398,16,9.013925552368164,8.0,1.013925552368164
stachus,xgboost,autumn_2024,399,16,9.604917526245117,8.0,1.6049175262451172
stachus,xgboost,autumn_2024,400,16,10.418815612792969,9.0,1.4188156127929688
stachus,xgboost,autumn_2024,401,16,12.093801498413086,12.0,0.09380149841308594
stachus,xgboost,autumn_2024,402,16,13.415167808532715,12.0,1.4151678085327148
stachus,xgboost,autumn_2024,403,16,14.633697509765625,13.0,1.633697509765625
stachus,xgboost,autumn_2024,404,16,15.575682640075684,13.0,2.5756826400756836
stachus,xgboost,autumn_2024,405,16,15.730268478393555,13.0,2.7302684783935547
stachus,xgboost,autumn_2024,406,16,15.701200485229492,12.0,3.701200485229492
stachus,xgboost,autumn_2024,407,16,14.576529502868652,11.0,3.5765295028686523
stachus,xgboost,autumn_2024,408,17,15.55911922454834,13.0,2.55911922454834
stachus,xgboost,autumn_2024,409,17,16.7800350189209,14.0,2.7800350189208984
stachus,xgboost,autumn_2024,410,17,18.246658325195312,14.0,4.2466583251953125
stachus,xgboost,autumn_2024,411,17,17.968036651611328,14.0,3.968036651611328
stachus,xgboost,autumn_2024,412,17,17.416597366333008,13.0,4.416597366333008
stachus,xgboost,autumn_2024,413,17,16.99825096130371,13.0,3.998250961303711
stachus,xgboost,autumn_2024,414,17,17.447553634643555,13.0,4.447553634643555
stachus,xgboost,autumn_2024,415,17,17.332923889160156,12.0,5.332923889160156
stachus,xgboost,autumn_2024,416,17,17.702144622802734,13.0,4.702144622802734
stachus,xgboost,autumn_2024,417,17,18.10832405090332,14.0,4.10832405090332
stachus,xgboost,autumn_2024,418,17,19.054426193237305,17.0,2.0544261932373047
stachus,xgboost,autumn_2024,419,17,19.640947341918945,17.0,2.6409473419189453
stachus,xgboost,autumn_2024,420,17,20.38983917236328,17.0,3.3898391723632812
stachus,xgboost,autumn_2024,421,17,20.98954963684082,18.0,2.9895496368408203
stachus,xgboost,autumn_2024,422,17,19.12024688720703,14.0,5.120246887207031
stachus,xgboost,autumn_2024,423,17,20.022205352783203,15.0,5.022205352783203
stachus,xgboost,autumn_2024,424,17,22.319564819335938,20.0,2.3195648193359375
stachus,xgboost,autumn_2024,425,17,25.249210357666016,24.0,1.2492103576660156
stachus,xgboost,autumn_2024,426,17,25.52749252319336,22.0,3.5274925231933594
stachus,xgboost,autumn_2024,427,17,25.12890625,23.0,2.12890625
stachus,xgboost,autumn_2024,428,17,22.470012664794922,21.0,1.4700126647949219
stachus,xgboost,autumn_2024,429,17,21.789356231689453,21.0,0.7893562316894531
stachus,xgboost,autumn_2024,430,17,19.363801956176758,19.0,0.3638019561767578
stachus,xgboost,autumn_2024,431,17,17.659914016723633,16.0,1.6599140167236328
stachus,xgboost,autumn_2024,432,18,14.292556762695312,12.0,2.2925567626953125
stachus,xgboost,autumn_2024,433,18,11.065495491027832,9.0,2.065495491027832
stachus,xgboost,autumn_2024,434,18,9.993019104003906,9.0,0.9930191040039062
stachus,xgboost,autumn_2024,435,18,8.999919891357422,8.0,0.9999198913574219
stachus,xgboost,autumn_2024,436,18,7.924591064453125,5.0,2.924591064453125
stachus,xgboost,autumn_2024,437,18,6.270140647888184,5.0,1.2701406478881836
stachus,xgboost,autumn_2024,438,18,7.322013854980469,7.0,0.32201385498046875
stachus,xgboost,autumn_2024,439,18,7.4543633460998535,5.0,2.4543633460998535
stachus,xgboost,autumn_2024,440,18,7.467873573303223,5.0,2.4678735733032227
stachus,xgboost,autumn_2024,441,18,6.269381523132324,4.0,2.269381523132324
stachus,xgboost,autumn_2024,442,18,6.0582275390625,5.0,1.0582275390625
stachus,xgboost,autumn_2024,443,18,6.470311641693115,7.0,0.5296883583068848
stachus,xgboost,autumn_2024,444,18,6.887563705444336,7.0,0.11243629455566406
stachus,xgboost,autumn_2024,445,18,7.035264015197754,8.0,0.9647359848022461
stachus,xgboost,autumn_2024,446,18,8.471341133117676,10.0,1.5286588668823242
stachus,xgboost,autumn_2024,447,18,10.85807991027832,16.0,5.14192008972168
stachus,xgboost,autumn_2024,448,18,13.141855239868164,19.0,5.858144760131836
stachus,xgboost,autumn_2024,449,18,15.053869247436523,18.0,2.9461307525634766
stachus,xgboost,autumn_2024,450,18,16.8863582611084,19.0,2.1136417388916016
stachus,xgboost,autumn_2024,451,18,18.17149543762207,20.0,1.8285045623779297
stachus,xgboost,autumn_2024,452,18,18.846187591552734,19.0,0.15381240844726562
stachus,xgboost,autumn_2024,453,18,20.155323028564453,20.0,0.15532302856445312
stachus,xgboost,autumn_2024,454,18,21.857553482055664,22.0,0.14244651794433594
stachus,xgboost,autumn_2024,455,18,21.910390853881836,22.0,0.08960914611816406
stachus,xgboost,autumn_2024,456,19,20.4288387298584,19.0,1.4288387298583984
stachus,xgboost,autumn_2024,457,19,20.70619773864746,20.0,0.7061977386474609
stachus,xgboost,autumn_2024,458,19,20.536466598510742,19.0,1.5364665985107422
stachus,xgboost,autumn_2024,459,19,21.60365104675293,20.0,1.6036510467529297
stachus,xgboost,autumn_2024,460,19,23.4545841217041,22.0,1.4545841217041016
stachus,xgboost,autumn_2024,461,19,24.798025131225586,21.0,3.798025131225586
stachus,xgboost,autumn_2024,462,19,22.277204513549805,17.0,5.277204513549805
stachus,xgboost,autumn_2024,463,19,21.2647705078125,18.0,3.2647705078125
stachus,xgboost,autumn_2024,464,19,19.348711013793945,14.0,5.348711013793945
stachus,xgboost,autumn_2024,465,19,17.773900985717773,14.0,3.7739009857177734
stachus,xgboost,autumn_2024,466,19,14.002307891845703,9.0,5.002307891845703
stachus,xgboost,autumn_2024,467,19,11.168704986572266,8.0,3.1687049865722656
stachus,xgboost,autumn_2024,468,19,9.595741271972656,7.0,2.5957412719726562
stachus,xgboost,autumn_2024,469,19,8.377546310424805,7.0,1.3775463104248047
stachus,xgboost,autumn_2024,470,19,8.518826484680176,7.0,1.5188264846801758
stachus,xgboost,autumn_2024,471,19,8.672958374023438,8.0,0.6729583740234375
stachus,xgboost,autumn_2024,472,19,9.24632740020752,8.0,1.2463274002075195
stachus,xgboost,autumn_2024,473,19,9.86829662322998,9.0,0.8682966232299805
stachus,xgboost,autumn_2024,474,19,11.388009071350098,11.0,0.38800907135009766
stachus,xgboost,autumn_2024,475,19,11.156811714172363,8.0,3.1568117141723633
stachus,xgboost,autumn_2024,476,19,12.152596473693848,10.0,2.1525964736938477
stachus,xgboost,autumn_2024,477,19,12.212491989135742,11.0,1.2124919891357422
stachus,xgboost,autumn_2024,478,19,12.497493743896484,11.0,1.4974937438964844
stachus,xgboost,autumn_2024,479,19,13.069806098937988,12.0,1.0698060989379883
stachus,xgboost,autumn_2024,480,20,13.405233383178711,10.0,3.405233383178711
stachus,xgboost,autumn_2024,481,20,10.705503463745117,5.0,5.705503463745117
stachus,xgboost,autumn_2024,482,20,9.01738452911377,5.0,4.0173845291137695
stachus,xgboost,autumn_2024,483,20,6.871931076049805,3.0,3.8719310760498047
stachus,xgboost,autumn_2024,484,20,5.489798069000244,3.0,2.489798069000244
stachus,xgboost,autumn_2024,485,20,5.070675849914551,3.0,2.070675849914551
stachus,xgboost,autumn_2024,486,20,5.350673198699951,3.0,2.350673198699951
stachus,xgboost,autumn_2024,487,20,5.382366180419922,3.0,2.382366180419922
stachus,xgboost,autumn_2024,488,20,5.665082931518555,3.0,2.6650829315185547
stachus,xgboost,autumn_2024,489,20,6.135715961456299,4.0,2.135715961456299
stachus,xgboost,autumn_2024,490,20,6.491178512573242,6.0,0.4911785125732422
stachus,xgboost,autumn_2024,491,20,6.216647148132324,5.0,1.2166471481323242
stachus,xgboost,autumn_2024,492,20,7.610351085662842,8.0,0.3896489143371582
stachus,xgboost,autumn_2024,493,20,8.955850601196289,9.0,0.04414939880371094
stachus,xgboost,autumn_2024,494,20,9.426587104797363,10.0,0.5734128952026367
stachus,xgboost,autumn_2024,495,20,11.734801292419434,13.0,1.2651987075805664
stachus,xgboost,autumn_2024,496,20,14.743408203125,15.0,0.256591796875
stachus,xgboost,autumn_2024,497,20,20.402408599853516,23.0,2.5975914001464844
stachus,xgboost,autumn_2024,498,20,21.958024978637695,22.0,0.04197502136230469
stachus,xgboost,autumn_2024,499,20,24.91455841064453,23.0,1.9145584106445312
stachus,xgboost,autumn_2024,500,20,24.643756866455078,23.0,1.6437568664550781
stachus,xgboost,autumn_2024,501,20,24.4349365234375,24.0,0.4349365234375
stachus,xgboost,autumn_2024,502,20,22.14468765258789,21.0,1.1446876525878906
stachus,xgboost,autumn_2024,503,20,19.517873764038086,17.0,2.517873764038086
stachus,xgboost,autumn_2024,504,21,14.02469253540039,12.0,2.0246925354003906
stachus,xgboost,autumn_2024,505,21,10.83919620513916,8.0,2.83919620513916
stachus,xgboost,autumn_2024,506,21,8.459454536437988,7.0,1.4594545364379883
stachus,xgboost,autumn_2024,507,21,7.945783615112305,6.0,1.9457836151123047
stachus,xgboost,autumn_2024,508,21,7.885826587677002,5.0,2.885826587677002
stachus,xgboost,autumn_2024,509,21,7.335185527801514,4.0,3.3351855278015137
stachus,xgboost,autumn_2024,510,21,7.2163310050964355,5.0,2.2163310050964355
stachus,xgboost,autumn_2024,511,21,6.972903728485107,4.0,2.9729037284851074
stachus,xgboost,autumn_2024,512,21,6.2963995933532715,4.0,2.2963995933532715
stachus,xgboost,autumn_2024,513,21,6.468149662017822,5.0,1.4681496620178223
stachus,xgboost,autumn_2024,514,21,6.659814834594727,5.0,1.6598148345947266
stachus,xgboost,autumn_2024,515,21,7.601529121398926,7.0,0.6015291213989258
stachus,xgboost,autumn_2024,516,21,7.386419296264648,6.0,1.3864192962646484
stachus,xgboost,autumn_2024,517,21,7.8780694007873535,10.0,2.1219305992126465
stachus,xgboost,autumn_2024,518,21,9.195807456970215,9.0,0.19580745697021484
stachus,xgboost,autumn_2024,519,21,10.093868255615234,9.0,1.0938682556152344
stachus,xgboost,autumn_2024,520,21,10.942858695983887,10.0,0.9428586959838867
stachus,xgboost,autumn_2024,521,21,12.793726921081543,12.0,0.793726921081543
stachus,xgboost,autumn_2024,522,21,12.47706413269043,9.0,3.4770641326904297
stachus,xgboost,autumn_2024,523,21,12.921947479248047,10.0,2.921947479248047
stachus,xgboost,autumn_2024,524,21,13.169768333435059,10.0,3.1697683334350586
stachus,xgboost,autumn_2024,525,21,13.439017295837402,10.0,3.4390172958374023
stachus,xgboost,autumn_2024,526,21,13.862560272216797,11.0,2.862560272216797
stachus,xgboost,autumn_2024,527,21,13.521980285644531,10.0,3.5219802856445312
stachus,xgboost,autumn_2024,528,22,12.95938777923584,10.0,2.95938777923584
stachus,xgboost,autumn_2024,529,22,13.120468139648438,11.0,2.1204681396484375
stachus,xgboost,autumn_2024,530,22,14.077162742614746,13.0,1.077162742614746
stachus,xgboost,autumn_2024,531,22,14.613247871398926,13.0,1.6132478713989258
stachus,xgboost,autumn_2024,532,22,13.069962501525879,11.0,2.069962501525879
stachus,xgboost,autumn_2024,533,22,11.600120544433594,9.0,2.6001205444335938
stachus,xgboost,autumn_2024,534,22,11.426162719726562,9.0,2.4261627197265625
stachus,xgboost,autumn_2024,535,22,9.517826080322266,6.0,3.5178260803222656
stachus,xgboost,autumn_2024,536,22,8.360008239746094,5.0,3.3600082397460938
stachus,xgboost,autumn_2024,537,22,7.685091972351074,6.0,1.6850919723510742
stachus,xgboost,autumn_2024,538,22,8.363875389099121,8.0,0.3638753890991211
stachus,xgboost,autumn_2024,539,22,9.056451797485352,10.0,0.9435482025146484
stachus,xgboost,autumn_2024,540,22,9.635628700256348,9.0,0.6356287002563477
stachus,xgboost,autumn_2024,541,22,8.538778305053711,7.0,1.538778305053711
stachus,xgboost,autumn_2024,542,22,8.330430030822754,8.0,0.3304300308227539
stachus,xgboost,autumn_2024,543,22,7.636118412017822,6.0,1.6361184120178223
stachus,xgboost,autumn_2024,544,22,7.706254959106445,6.0,1.7062549591064453
stachus,xgboost,autumn_2024,545,22,6.936692714691162,5.0,1.936692714691162
stachus,xgboost,autumn_2024,546,22,7.257979393005371,5.0,2.257979393005371
stachus,xgboost,autumn_2024,547,22,9.247299194335938,7.0,2.2472991943359375
stachus,xgboost,autumn_2024,548,22,9.698807716369629,8.0,1.698807716369629
stachus,xgboost,autumn_2024,549,22,8.193670272827148,6.0,2.1936702728271484
stachus,xgboost,autumn_2024,550,22,6.447432041168213,5.0,1.447432041168213
stachus,xgboost,autumn_2024,551,22,5.819370746612549,4.0,1.8193707466125488
stachus,xgboost,autumn_2024,552,23,6.0442214012146,5.0,1.0442214012145996
stachus,xgboost,autumn_2024,553,23,6.2752227783203125,6.0,0.2752227783203125
stachus,xgboost,autumn_2024,554,23,6.24678373336792,6.0,0.24678373336791992
stachus,xgboost,autumn_2024,555,23,7.354450702667236,8.0,0.6455492973327637
stachus,xgboost,autumn_2024,556,23,8.803997039794922,9.0,0.19600296020507812
stachus,xgboost,autumn_2024,557,23,8.351877212524414,7.0,1.351877212524414
stachus,xgboost,autumn_2024,558,23,7.05904483795166,6.0,1.0590448379516602
stachus,xgboost,autumn_2024,559,23,6.05544376373291,5.0,1.0554437637329102
stachus,xgboost,autumn_2024,560,23,5.067200660705566,4.0,1.0672006607055664
stachus,xgboost,autumn_2024,561,23,3.888028383255005,2.0,1.8880283832550049
stachus,xgboost,autumn_2024,562,23,3.032231569290161,2.0,1.0322315692901611
stachus,xgboost,autumn_2024,563,23,3.3814873695373535,2.0,1.3814873695373535
stachus,xgboost,autumn_2024,564,23,4.4810075759887695,3.0,1.4810075759887695
stachus,xgboost,autumn_2024,565,23,5.150587558746338,4.0,1.150587558746338
stachus,xgboost,autumn_2024,566,23,5.97868013381958,3.0,2.97868013381958
stachus,xgboost,autumn_2024,567,23,6.840968132019043,4.0,2.840968132019043
stachus,xgboost,autumn_2024,568,23,7.262051582336426,4.0,3.262051582336426
stachus,xgboost,autumn_2024,569,23,7.2372517585754395,4.0,3.2372517585754395
stachus,xgboost,autumn_2024,570,23,7.67356014251709,5.0,2.67356014251709
stachus,xgboost,autumn_2024,571,23,8.617097854614258,7.0,1.6170978546142578
stachus,xgboost,autumn_2024,572,23,9.771714210510254,8.0,1.771714210510254
stachus,xgboost,autumn_2024,573,23,10.126187324523926,10.0,0.12618732452392578
stachus,xgboost,autumn_2024,574,23,9.76661491394043,8.0,1.7666149139404297
stachus,xgboost,autumn_2024,575,23,8.899904251098633,8.0,0.8999042510986328
stachus,xgboost,autumn_2024,576,24,8.509498596191406,8.0,0.5094985961914062
stachus,xgboost,autumn_2024,577,24,9.175305366516113,8.0,1.1753053665161133
stachus,xgboost,autumn_2024,578,24,9.041078567504883,7.0,2.041078567504883
stachus,xgboost,autumn_2024,579,24,7.586911678314209,5.0,2.586911678314209
stachus,xgboost,autumn_2024,580,24,7.36251974105835,6.0,1.3625197410583496
stachus,xgboost,autumn_2024,581,24,7.828356742858887,7.0,0.8283567428588867
stachus,xgboost,autumn_2024,582,24,8.317228317260742,8.0,0.3172283172607422
stachus,xgboost,autumn_2024,583,24,8.236967086791992,8.0,0.2369670867919922
stachus,xgboost,autumn_2024,584,24,6.887065887451172,5.0,1.8870658874511719
stachus,xgboost,autumn_2024,585,24,6.421175003051758,6.0,0.4211750030517578
stachus,xgboost,autumn_2024,586,24,7.054533958435059,6.0,1.0545339584350586
stachus,xgboost,autumn_2024,587,24,8.215579986572266,8.0,0.21557998657226562
stachus,xgboost,autumn_2024,588,24,8.57015609741211,8.0,0.5701560974121094
stachus,xgboost,autumn_2024,589,24,7.5772480964660645,7.0,0.5772480964660645
stachus,xgboost,autumn_2024,590,24,8.326010704040527,8.0,0.32601070404052734
stachus,xgboost,autumn_2024,591,24,7.954188823699951,7.0,0.9541888236999512
stachus,xgboost,autumn_2024,592,24,8.28549861907959,8.0,0.28549861907958984
stachus,xgboost,autumn_2024,593,24,8.921175956726074,9.0,0.07882404327392578
stachus,xgboost,autumn_2024,594,24,8.640237808227539,8.0,0.6402378082275391
stachus,xgboost,autumn_2024,595,24,9.149840354919434,9.0,0.1498403549194336
stachus,xgboost,autumn_2024,596,24,12.662253379821777,14.0,1.3377466201782227
stachus,xgboost,autumn_2024,597,24,15.288910865783691,19.0,3.7110891342163086
stachus,xgboost,autumn_2024,598,24,19.08204460144043,22.0,2.9179553985595703
stachus,xgboost,autumn_2024,599,24,21.5953426361084,23.0,1.4046573638916016
stachus,xgboost,autumn_2024,600,25,22.60186767578125,21.0,1.60186767578125
stachus,xgboost,autumn_2024,601,25,20.172100067138672,18.0,2.172100067138672
stachus,xgboost,autumn_2024,602,25,16.604894638061523,14.0,2.6048946380615234
stachus,xgboost,autumn_2024,603,25,15.227479934692383,13.0,2.227479934692383
stachus,xgboost,autumn_2024,604,25,13.291686058044434,11.0,2.2916860580444336
stachus,xgboost,autumn_2024,605,25,11.360472679138184,9.0,2.3604726791381836
stachus,xgboost,autumn_2024,606,25,9.522677421569824,7.0,2.522677421569824
stachus,xgboost,autumn_2024,607,25,7.636105537414551,5.0,2.636105537414551
stachus,xgboost,autumn_2024,608,25,5.879924774169922,4.0,1.8799247741699219
stachus,xgboost,autumn_2024,609,25,5.835107326507568,5.0,0.8351073265075684
stachus,xgboost,autumn_2024,610,25,5.702883720397949,4.0,1.7028837203979492
stachus,xgboost,autumn_2024,611,25,5.9227495193481445,5.0,0.9227495193481445
stachus,xgboost,autumn_2024,612,25,7.405996322631836,8.0,0.5940036773681641
stachus,xgboost,autumn_2024,613,25,8.98149585723877,10.0,1.0185041427612305
stachus,xgboost,autumn_2024,614,25,10.825052261352539,12.0,1.174947738647461
stachus,xgboost,autumn_2024,615,25,12.801470756530762,14.0,1.1985292434692383
stachus,xgboost,autumn_2024,616,25,14.4298677444458,15.0,0.5701322555541992
stachus,xgboost,autumn_2024,617,25,15.824186325073242,15.0,0.8241863250732422
stachus,xgboost,autumn_2024,618,25,15.882320404052734,14.0,1.8823204040527344
stachus,xgboost,autumn_2024,619,25,15.114331245422363,13.0,2.1143312454223633
stachus,xgboost,autumn_2024,620,25,14.824779510498047,14.0,0.8247795104980469
stachus,xgboost,autumn_2024,621,25,16.057098388671875,15.0,1.057098388671875
stachus,xgboost,autumn_2024,622,25,16.410120010375977,15.0,1.4101200103759766
stachus,xgboost,autumn_2024,623,25,15.59468936920166,14.0,1.5946893692016602
stachus,xgboost,autumn_2024,624,26,15.59447956085205,14.0,1.5944795608520508
stachus,xgboost,autumn_2024,625,26,15.171146392822266,12.0,3.1711463928222656
stachus,xgboost,autumn_2024,626,26,14.128116607666016,12.0,2.1281166076660156
stachus,xgboost,autumn_2024,627,26,12.944682121276855,10.0,2.9446821212768555
stachus,xgboost,autumn_2024,628,26,11.32310962677002,10.0,1.3231096267700195
stachus,xgboost,autumn_2024,629,26,10.584447860717773,9.0,1.5844478607177734
stachus,xgboost,autumn_2024,630,26,10.601900100708008,9.0,1.6019001007080078
stachus,xgboost,autumn_2024,631,26,10.240696907043457,9.0,1.240696907043457
stachus,xgboost,autumn_2024,632,26,7.649717807769775,6.0,1.6497178077697754
stachus,xgboost,autumn_2024,633,26,4.484050273895264,3.0,1.4840502738952637
stachus,xgboost,autumn_2024,634,26,4.2719407081604,3.0,1.2719407081604004
stachus,xgboost,autumn_2024,635,26,4.619001865386963,3.0,1.619001865386963
stachus,xgboost,autumn_2024,636,26,5.792911529541016,5.0,0.7929115295410156
stachus,xgboost,autumn_2024,637,26,7.050908088684082,8.0,0.949091911315918
stachus,xgboost,autumn_2024,638,26,8.173697471618652,9.0,0.8263025283813477
stachus,xgboost,autumn_2024,639,26,10.433419227600098,13.0,2.5665807723999023
stachus,xgboost,autumn_2024,640,26,10.514856338500977,11.0,0.48514366149902344
stachus,xgboost,autumn_2024,641,26,11.479485511779785,12.0,0.5205144882202148
stachus,xgboost,autumn_2024,642,26,12.916735649108887,12.0,0.9167356491088867
stachus,xgboost,autumn_2024,643,26,12.60893440246582,13.0,0.3910655975341797
stachus,xgboost,autumn_2024,644,26,12.216368675231934,13.0,0.7836313247680664
stachus,xgboost,autumn_2024,645,26,12.317109107971191,13.0,0.6828908920288086
stachus,xgboost,autumn_2024,646,26,11.640007019042969,11.0,0.6400070190429688
stachus,xgboost,autumn_2024,647,26,9.9588623046875,9.0,0.9588623046875
stachus,xgboost,autumn_2024,648,27,9.249717712402344,8.0,1.2497177124023438
stachus,xgboost,autumn_2024,649,27,9.074429512023926,9.0,0.07442951202392578
stachus,xgboost,autumn_2024,650,27,9.871241569519043,10.0,0.12875843048095703
stachus,xgboost,autumn_2024,651,27,10.582612037658691,11.0,0.4173879623413086
stachus,xgboost,autumn_2024,652,27,9.906587600708008,8.0,1.9065876007080078
stachus,xgboost,autumn_2024,653,27,7.533895015716553,5.0,2.5338950157165527
stachus,xgboost,autumn_2024,654,27,7.303275108337402,6.0,1.3032751083374023
stachus,xgboost,autumn_2024,655,27,7.199600696563721,7.0,0.1996006965637207
stachus,xgboost,autumn_2024,656,27,7.541326522827148,8.0,0.45867347717285156
stachus,xgboost,autumn_2024,657,27,7.9591217041015625,8.0,0.0408782958984375
stachus,xgboost,autumn_2024,658,27,7.496105194091797,6.0,1.4961051940917969
stachus,xgboost,autumn_2024,659,27,7.626039981842041,8.0,0.373960018157959
stachus,xgboost,autumn_2024,660,27,8.625953674316406,11.0,2.3740463256835938
stachus,xgboost,autumn_2024,661,27,10.159844398498535,13.0,2.840155601501465
stachus,xgboost,autumn_2024,662,27,11.417749404907227,15.0,3.5822505950927734
stachus,xgboost,autumn_2024,663,27,12.411980628967285,16.0,3.588019371032715
stachus,xgboost,autumn_2024,664,27,13.4448881149292,15.0,1.5551118850708008
stachus,xgboost,autumn_2024,665,27,15.037985801696777,17.0,1.9620141983032227
stachus,xgboost,autumn_2024,666,27,16.18896484375,18.0,1.81103515625
stachus,xgboost,autumn_2024,667,27,16.66168785095215,19.0,2.3383121490478516
stachus,xgboost,autumn_2024,668,27,14.958824157714844,14.0,0.9588241577148438
stachus,xgboost,autumn_2024,669,27,13.75757122039795,13.0,0.7575712203979492
stachus,xgboost,autumn_2024,670,27,12.128613471984863,12.0,0.12861347198486328
stachus,xgboost,autumn_2024,671,27,11.146768569946289,10.0,1.146768569946289
stachus,xgboost,autumn_2024,672,28,8.577683448791504,7.0,1.577683448791504
stachus,xgboost,autumn_2024,673,28,7.779793739318848,6.0,1.7797937393188477
stachus,xgboost,autumn_2024,674,28,6.89310884475708,6.0,0.8931088447570801
stachus,xgboost,autumn_2024,675,28,5.841013431549072,5.0,0.8410134315490723
stachus,xgboost,autumn_2024,676,28,5.597996711730957,5.0,0.597996711730957
stachus,xgboost,autumn_2024,677,28,5.729950428009033,5.0,0.7299504280090332
stachus,xgboost,autumn_2024,678,28,7.731813907623291,7.0,0.731813907623291
stachus,xgboost,autumn_2024,679,28,9.337514877319336,7.0,2.337514877319336
stachus,xgboost,autumn_2024,680,28,10.37984848022461,7.0,3.3798484802246094
stachus,xgboost,autumn_2024,681,28,11.287335395812988,8.0,3.2873353958129883
stachus,xgboost,autumn_2024,682,28,13.442233085632324,17.0,3.557766914367676
stachus,xgboost,autumn_2024,683,28,15.59306526184082,19.0,3.4069347381591797
stachus,xgboost,autumn_2024,684,28,16.098098754882812,18.0,1.9019012451171875
stachus,xgboost,autumn_2024,685,28,14.322870254516602,15.0,0.6771297454833984
stachus,xgboost,autumn_2024,686,28,14.059041023254395,16.0,1.9409589767456055
stachus,xgboost,autumn_2024,687,28,16.151304244995117,21.0,4.848695755004883
stachus,xgboost,autumn_2024,688,28,18.40372085571289,23.0,4.596279144287109
stachus,xgboost,autumn_2024,689,28,21.288835525512695,25.0,3.7111644744873047
stachus,xgboost,autumn_2024,690,28,27.404422760009766,28.0,0.5955772399902344
stachus,xgboost,autumn_2024,691,28,29.176937103271484,32.0,2.8230628967285156
stachus,xgboost,autumn_2024,692,28,24.350284576416016,25.0,0.6497154235839844
stachus,xgboost,autumn_2024,693,28,19.150354385375977,20.0,0.8496456146240234
stachus,xgboost,autumn_2024,694,28,16.05352783203125,15.0,1.05352783203125
stachus,xgboost,autumn_2024,695,28,16.480180740356445,19.0,2.5198192596435547
stachus,xgboost,autumn_2024,696,29,14.904354095458984,14.0,0.9043540954589844
stachus,xgboost,autumn_2024,697,29,12.369562149047852,9.0,3.3695621490478516
stachus,xgboost,autumn_2024,698,29,11.82525634765625,10.0,1.82525634765625
stachus,xgboost,autumn_2024,699,29,11.292976379394531,11.0,0.29297637939453125
stachus,xgboost,autumn_2024,700,29,11.940452575683594,11.0,0.9404525756835938
stachus,xgboost,autumn_2024,701,29,11.338651657104492,7.0,4.338651657104492
stachus,xgboost,autumn_2024,702,29,11.75864315032959,11.0,0.7586431503295898
stachus,xgboost,autumn_2024,703,29,11.880927085876465,12.0,0.11907291412353516
stachus,xgboost,autumn_2024,704,29,13.76827335357666,15.0,1.2317266464233398
stachus,xgboost,autumn_2024,705,29,16.393390655517578,19.0,2.606609344482422
stachus,xgboost,autumn_2024,706,29,19.959396362304688,19.0,0.9593963623046875
stachus,xgboost,autumn_2024,707,29,20.190244674682617,20.0,0.1902446746826172
stachus,xgboost,autumn_2024,708,29,19.882247924804688,21.0,1.1177520751953125
stachus,xgboost,autumn_2024,709,29,17.991065979003906,16.0,1.9910659790039062
stachus,xgboost,autumn_2024,710,29,15.738078117370605,14.0,1.7380781173706055
stachus,xgboost,autumn_2024,711,29,15.19219970703125,15.0,0.19219970703125
stachus,xgboost,autumn_2024,712,29,17.71029281616211,23.0,5.289707183837891
stachus,xgboost,autumn_2024,713,29,20.904834747314453,28.0,7.095165252685547
stachus,xgboost,autumn_2024,714,29,23.744386672973633,29.0,5.255613327026367
stachus,xgboost,autumn_2024,715,29,24.49131202697754,28.0,3.508687973022461
stachus,xgboost,autumn_2024,716,29,23.112550735473633,28.0,4.887449264526367
stachus,xgboost,autumn_2024,717,29,23.300113677978516,29.0,5.699886322021484
stachus,xgboost,autumn_2024,718,29,23.217050552368164,28.0,4.782949447631836
stachus,xgboost,autumn_2024,719,29,19.950637817382812,21.0,1.0493621826171875
stachus,xgboost,autumn_2024,720,30,19.069805145263672,23.0,3.930194854736328
stachus,xgboost,autumn_2024,721,30,21.374574661254883,29.0,7.625425338745117
stachus,xgboost,autumn_2024,722,30,22.548324584960938,27.0,4.4516754150390625
stachus,xgboost,autumn_2024,723,30,20.54364776611328,24.0,3.4563522338867188
stachus,xgboost,autumn_2024,724,30,19.070558547973633,20.0,0.9294414520263672
stachus,xgboost,autumn_2024,725,30,13.239067077636719,12.0,1.2390670776367188
stachus,xgboost,autumn_2024,726,30,12.338164329528809,12.0,0.3381643295288086
stachus,xgboost,autumn_2024,727,30,13.094722747802734,14.0,0.9052772521972656
stachus,xgboost,autumn_2024,728,30,14.703778266906738,17.0,2.2962217330932617
stachus,xgboost,autumn_2024,729,30,12.93829345703125,11.0,1.93829345703125
stachus,xgboost,autumn_2024,730,30,10.592547416687012,9.0,1.5925474166870117
stachus,xgboost,autumn_2024,731,30,9.705766677856445,9.0,0.7057666778564453
stachus,xgboost,autumn_2024,732,30,11.224985122680664,13.0,1.775014877319336
stachus,xgboost,autumn_2024,733,30,12.072423934936523,13.0,0.9275760650634766
stachus,xgboost,autumn_2024,734,30,11.878395080566406,11.0,0.8783950805664062
stachus,xgboost,autumn_2024,735,30,10.844508171081543,10.0,0.844508171081543
stachus,xgboost,autumn_2024,736,30,11.639663696289062,11.0,0.6396636962890625
stachus,xgboost,autumn_2024,737,30,12.261161804199219,11.0,1.2611618041992188
stachus,xgboost,autumn_2024,738,30,13.110527992248535,12.0,1.1105279922485352
stachus,xgboost,autumn_2024,739,30,14.472434043884277,14.0,0.47243404388427734
stachus,xgboost,autumn_2024,740,30,14.210236549377441,14.0,0.2102365493774414
stachus,xgboost,autumn_2024,741,30,15.281244277954102,16.0,0.7187557220458984
stachus,xgboost,autumn_2024,742,30,15.66823673248291,16.0,0.33176326751708984
stachus,xgboost,autumn_2024,743,30,15.842576026916504,18.0,2.157423973083496
stachus,xgboost,autumn_2024,744,31,16.715953826904297,18.0,1.2840461730957031
stachus,xgboost,autumn_2024,745,31,17.65802764892578,19.0,1.3419723510742188
stachus,xgboost,autumn_2024,746,31,15.527417182922363,15.0,0.5274171829223633
stachus,xgboost,autumn_2024,747,31,11.956846237182617,11.0,0.9568462371826172
stachus,xgboost,autumn_2024,748,31,10.077701568603516,9.0,1.0777015686035156
stachus,xgboost,autumn_2024,749,31,10.073966979980469,10.0,0.07396697998046875
stachus,xgboost,autumn_2024,750,31,10.497499465942383,11.0,0.5025005340576172
stachus,xgboost,autumn_2024,751,31,10.045446395874023,9.0,1.0454463958740234
stachus,xgboost,autumn_2024,752,31,9.315445899963379,8.0,1.315445899963379
stachus,xgboost,autumn_2024,753,31,8.429313659667969,7.0,1.4293136596679688
stachus,xgboost,autumn_2024,754,31,7.287328243255615,6.0,1.2873282432556152
stachus,xgboost,autumn_2024,755,31,5.758874893188477,5.0,0.7588748931884766
stachus,xgboost,autumn_2024,756,31,4.639951229095459,3.0,1.639951229095459
stachus,xgboost,autumn_2024,757,31,3.3283331394195557,2.0,1.3283331394195557
stachus,xgboost,autumn_2024,758,31,3.3835628032684326,4.0,0.6164371967315674
stachus,xgboost,autumn_2024,759,31,3.7328879833221436,5.0,1.2671120166778564
stachus,xgboost,autumn_2024,760,31,4.718559741973877,6.0,1.281440258026123
stachus,xgboost,autumn_2024,761,31,6.461480617523193,7.0,0.5385193824768066
stachus,xgboost,autumn_2024,762,31,9.630938529968262,11.0,1.3690614700317383
stachus,xgboost,autumn_2024,763,31,14.743301391601562,15.0,0.2566986083984375
stachus,xgboost,autumn_2024,764,31,17.803653717041016,17.0,0.8036537170410156
stachus,xgboost,autumn_2024,765,31,18.643823623657227,18.0,0.6438236236572266
stachus,xgboost,autumn_2024,766,31,16.97164535522461,14.0,2.9716453552246094
stachus,xgboost,autumn_2024,767,31,14.268442153930664,11.0,3.268442153930664
stachus,xgboost,autumn_2024,768,32,13.391424179077148,10.0,3.3914241790771484
stachus,xgboost,autumn_2024,769,32,14.7538480758667,10.0,4.753848075866699
stachus,xgboost,autumn_2024,770,32,17.959251403808594,15.0,2.9592514038085938
stachus,xgboost,autumn_2024,771,32,17.42340850830078,16.0,1.4234085083007812
stachus,xgboost,autumn_2024,772,32,16.280851364135742,14.0,2.280851364135742
stachus,xgboost,autumn_2024,773,32,15.593606948852539,12.0,3.593606948852539
stachus,xgboost,autumn_2024,774,32,15.225397109985352,10.0,5.225397109985352
stachus,xgboost,autumn_2024,775,32,19.25715446472168,20.0,0.7428455352783203
stachus,xgboost,autumn_2024,776,32,19.567981719970703,17.0,2.567981719970703
stachus,xgboost,autumn_2024,777,32,17.084735870361328,14.0,3.084735870361328
stachus,xgboost,autumn_2024,778,32,14.788403511047363,13.0,1.7884035110473633
stachus,xgboost,autumn_2024,779,32,11.589580535888672,10.0,1.5895805358886719
stachus,xgboost,autumn_2024,780,32,9.591559410095215,8.0,1.5915594100952148
stachus,xgboost,autumn_2024,781,32,10.160018920898438,11.0,0.8399810791015625
stachus,xgboost,autumn_2024,782,32,11.178138732910156,12.0,0.8218612670898438
stachus,xgboost,autumn_2024,783,32,11.737895011901855,13.0,1.2621049880981445
stachus,xgboost,autumn_2024,784,32,12.303337097167969,14.0,1.6966629028320312
stachus,xgboost,autumn_2024,785,32,11.953070640563965,13.0,1.0469293594360352
stachus,xgboost,autumn_2024,786,32,11.108194351196289,12.0,0.8918056488037109
stachus,xgboost,autumn_2024,787,32,12.471503257751465,14.0,1.5284967422485352
stachus,xgboost,autumn_2024,788,32,15.420783996582031,18.0,2.5792160034179688
stachus,xgboost,autumn_2024,789,32,15.240577697753906,15.0,0.24057769775390625
stachus,xgboost,autumn_2024,790,32,14.365991592407227,14.0,0.36599159240722656
stachus,xgboost,autumn_2024,791,32,15.14333724975586,16.0,0.8566627502441406
stachus,xgboost,autumn_2024,792,33,16.0345516204834,16.0,0.03455162048339844
stachus,xgboost,autumn_2024,793,33,17.104026794433594,16.0,1.1040267944335938
stachus,xgboost,autumn_2024,794,33,17.649356842041016,17.0,0.6493568420410156
stachus,xgboost,autumn_2024,795,33,18.27471923828125,17.0,1.27471923828125
stachus,xgboost,autumn_2024,796,33,18.21050262451172,16.0,2.2105026245117188
stachus,xgboost,autumn_2024,797,33,16.800880432128906,14.0,2.8008804321289062
stachus,xgboost,autumn_2024,798,33,15.931900024414062,14.0,1.9319000244140625
stachus,xgboost,autumn_2024,799,33,14.294316291809082,12.0,2.294316291809082
stachus,xgboost,autumn_2024,800,33,13.667668342590332,13.0,0.667668342590332
stachus,xgboost,autumn_2024,801,33,14.26550579071045,14.0,0.2655057907104492
stachus,xgboost,autumn_2024,802,33,14.16179370880127,14.0,0.16179370880126953
stachus,xgboost,autumn_2024,803,33,13.48890209197998,12.0,1.4889020919799805
stachus,xgboost,autumn_2024,804,33,12.926227569580078,12.0,0.9262275695800781
stachus,xgboost,autumn_2024,805,33,12.105525016784668,12.0,0.10552501678466797
stachus,xgboost,autumn_2024,806,33,11.687446594238281,11.0,0.6874465942382812
stachus,xgboost,autumn_2024,807,33,10.690958976745605,10.0,0.6909589767456055
stachus,xgboost,autumn_2024,808,33,9.794116973876953,9.0,0.7941169738769531
stachus,xgboost,autumn_2024,809,33,9.467354774475098,9.0,0.46735477447509766
stachus,xgboost,autumn_2024,810,33,10.032975196838379,10.0,0.032975196838378906
stachus,xgboost,autumn_2024,811,33,10.986770629882812,11.0,0.0132293701171875
stachus,xgboost,autumn_2024,812,33,12.102250099182129,12.0,0.1022500991821289
stachus,xgboost,autumn_2024,813,33,12.291197776794434,13.0,0.7088022232055664
stachus,xgboost,autumn_2024,814,33,12.07338809967041,12.0,0.07338809967041016
stachus,xgboost,autumn_2024,815,33,12.302586555480957,12.0,0.30258655548095703
stachus,xgboost,autumn_2024,816,34,12.913804054260254,12.0,0.9138040542602539
stachus,xgboost,autumn_2024,817,34,13.463883399963379,14.0,0.5361166000366211
stachus,xgboost,autumn_2024,818,34,14.73824405670166,13.0,1.7382440567016602
stachus,xgboost,autumn_2024,819,34,15.466800689697266,14.0,1.4668006896972656
stachus,xgboost,autumn_2024,820,34,15.94618034362793,14.0,1.9461803436279297
stachus,xgboost,autumn_2024,821,34,16.29306983947754,14.0,2.293069839477539
stachus,xgboost,autumn_2024,822,34,14.627972602844238,12.0,2.6279726028442383
stachus,xgboost,autumn_2024,823,34,14.319520950317383,13.0,1.3195209503173828
stachus,xgboost,autumn_2024,824,34,14.105453491210938,14.0,0.1054534912109375
stachus,xgboost,autumn_2024,825,34,13.492120742797852,13.0,0.49212074279785156
stachus,xgboost,autumn_2024,826,34,13.787858009338379,13.0,0.7878580093383789
stachus,xgboost,autumn_2024,827,34,12.400675773620605,11.0,1.4006757736206055
stachus,xgboost,autumn_2024,828,34,11.174692153930664,10.0,1.174692153930664
stachus,xgboost,autumn_2024,829,34,9.869391441345215,9.0,0.8693914413452148
stachus,xgboost,autumn_2024,830,34,8.845769882202148,9.0,0.15423011779785156
stachus,xgboost,autumn_2024,831,34,10.48615550994873,12.0,1.5138444900512695
stachus,xgboost,autumn_2024,832,34,13.031579971313477,14.0,0.9684200286865234
stachus,xgboost,autumn_2024,833,34,14.793146133422852,15.0,0.20685386657714844
stachus,xgboost,autumn_2024,834,34,15.995233535766602,16.0,0.0047664642333984375
stachus,xgboost,autumn_2024,835,34,16.534360885620117,17.0,0.4656391143798828
stachus,xgboost,autumn_2024,836,34,17.52129554748535,18.0,0.47870445251464844
stachus,xgboost,autumn_2024,837,34,16.45387077331543,13.0,3.4538707733154297
stachus,xgboost,autumn_2024,838,34,16.69571876525879,14.0,2.695718765258789
stachus,xgboost,autumn_2024,839,34,16.147897720336914,15.0,1.147897720336914
stachus,xgboost,autumn_2024,840,35,15.259095191955566,15.0,0.2590951919555664
stachus,xgboost,autumn_2024,841,35,14.703553199768066,15.0,0.2964468002319336
stachus,xgboost,autumn_2024,842,35,15.258974075317383,14.0,1.2589740753173828
stachus,xgboost,autumn_2024,843,35,14.531881332397461,14.0,0.5318813323974609
stachus,xgboost,autumn_2024,844,35,12.98205280303955,12.0,0.9820528030395508
stachus,xgboost,autumn_2024,845,35,11.166743278503418,11.0,0.16674327850341797
stachus,xgboost,autumn_2024,846,35,9.613532066345215,9.0,0.6135320663452148
stachus,xgboost,autumn_2024,847,35,9.752245903015137,10.0,0.24775409698486328
stachus,xgboost,autumn_2024,848,35,9.273758888244629,9.0,0.2737588882446289
stachus,xgboost,autumn_2024,849,35,8.46569538116455,8.0,0.4656953811645508
stachus,xgboost,autumn_2024,850,35,7.67584228515625,6.0,1.67584228515625
stachus,xgboost,autumn_2024,851,35,7.571383953094482,6.0,1.5713839530944824
stachus,xgboost,autumn_2024,852,35,7.390829563140869,7.0,0.39082956314086914
stachus,xgboost,autumn_2024,853,35,7.64484167098999,9.0,1.3551583290100098
stachus,xgboost,autumn_2024,854,35,8.847553253173828,10.0,1.1524467468261719
stachus,xgboost,autumn_2024,855,35,9.719766616821289,11.0,1.280233383178711
stachus,xgboost,autumn_2024,856,35,10.212628364562988,10.0,0.21262836456298828
stachus,xgboost,autumn_2024,857,35,11.799456596374512,11.0,0.7994565963745117
stachus,xgboost,autumn_2024,858,35,13.122971534729004,13.0,0.1229715347290039
stachus,xgboost,autumn_2024,859,35,15.841252326965332,17.0,1.158747673034668
stachus,xgboost,autumn_2024,860,35,17.501728057861328,19.0,1.4982719421386719
stachus,xgboost,autumn_2024,861,35,16.828582763671875,17.0,0.171417236328125
stachus,xgboost,autumn_2024,862,35,14.485212326049805,12.0,2.4852123260498047
stachus,xgboost,autumn_2024,863,35,13.11129093170166,13.0,0.11129093170166016
stachus,xgboost,autumn_2024,864,36,11.379785537719727,9.0,2.3797855377197266
stachus,xgboost,autumn_2024,865,36,9.151128768920898,8.0,1.1511287689208984
stachus,xgboost,autumn_2024,866,36,7.552005767822266,7.0,0.5520057678222656
stachus,xgboost,autumn_2024,867,36,7.653989791870117,7.0,0.6539897918701172
stachus,xgboost,autumn_2024,868,36,8.249814987182617,7.0,1.2498149871826172
stachus,xgboost,autumn_2024,869,36,8.857924461364746,8.0,0.8579244613647461
stachus,xgboost,autumn_2024,870,36,9.249308586120605,8.0,1.2493085861206055
stachus,xgboost,autumn_2024,871,36,9.224519729614258,7.0,2.224519729614258
stachus,xgboost,autumn_2024,872,36,10.895390510559082,11.0,0.10460948944091797
stachus,xgboost,autumn_2024,873,36,14.143170356750488,13.0,1.1431703567504883
stachus,xgboost,autumn_2024,874,36,15.522046089172363,13.0,2.5220460891723633
stachus,xgboost,autumn_2024,875,36,19.364641189575195,19.0,0.3646411895751953
stachus,xgboost,autumn_2024,876,36,19.657590866088867,18.0,1.6575908660888672
stachus,xgboost,autumn_2024,877,36,19.538124084472656,20.0,0.46187591552734375
stachus,xgboost,autumn_2024,878,36,20.158920288085938,21.0,0.8410797119140625
stachus,xgboost,autumn_2024,879,36,20.58634376525879,19.0,1.586343765258789
stachus,xgboost,autumn_2024,880,36,20.540342330932617,20.0,0.5403423309326172
stachus,xgboost,autumn_2024,881,36,19.10283851623535,17.0,2.1028385162353516
stachus,xgboost,autumn_2024,882,36,20.038211822509766,20.0,0.038211822509765625
stachus,xgboost,autumn_2024,883,36,21.855648040771484,22.0,0.14435195922851562
stachus,xgboost,autumn_2024,884,36,21.527620315551758,21.0,0.5276203155517578
stachus,xgboost,autumn_2024,885,36,20.333641052246094,20.0,0.33364105224609375
stachus,xgboost,autumn_2024,886,36,18.5875301361084,18.0,0.5875301361083984
stachus,xgboost,autumn_2024,887,36,15.45349407196045,13.0,2.453494071960449
stachus,xgboost,autumn_2024,888,37,13.465252876281738,12.0,1.4652528762817383
stachus,xgboost,autumn_2024,889,37,13.116873741149902,12.0,1.1168737411499023
stachus,xgboost,autumn_2024,890,37,11.607171058654785,9.0,2.607171058654785
stachus,xgboost,autumn_2024,891,37,11.329385757446289,9.0,2.329385757446289
stachus,xgboost,autumn_2024,892,37,10.460232734680176,9.0,1.4602327346801758
stachus,xgboost,autumn_2024,893,37,9.560117721557617,8.0,1.5601177215576172
stachus,xgboost,autumn_2024,894,37,9.454988479614258,7.0,2.454988479614258
stachus,xgboost,autumn_2024,895,37,9.54703140258789,8.0,1.5470314025878906
stachus,xgboost,autumn_2024,896,37,9.319584846496582,7.0,2.319584846496582
stachus,xgboost,autumn_2024,897,37,9.00758171081543,7.0,2.0075817108154297
stachus,xgboost,autumn_2024,898,37,9.04061508178711,7.0,2.0406150817871094
stachus,xgboost,autumn_2024,899,37,9.355244636535645,7.0,2.3552446365356445
stachus,xgboost,autumn_2024,900,37,10.037158966064453,8.0,2.037158966064453
stachus,xgboost,autumn_2024,901,37,10.983468055725098,9.0,1.9834680557250977
stachus,xgboost,autumn_2024,902,37,11.043124198913574,9.0,2.043124198913574
stachus,xgboost,autumn_2024,903,37,10.982100486755371,8.0,2.982100486755371
stachus,xgboost,autumn_2024,904,37,10.524142265319824,8.0,2.524142265319824
stachus,xgboost,autumn_2024,905,37,10.24274730682373,7.0,3.2427473068237305
stachus,xgboost,autumn_2024,906,37,9.410883903503418,7.0,2.410883903503418
stachus,xgboost,autumn_2024,907,37,9.38685417175293,8.0,1.3868541717529297
stachus,xgboost,autumn_2024,908,37,9.250019073486328,7.0,2.250019073486328
stachus,xgboost,autumn_2024,909,37,8.981867790222168,7.0,1.981867790222168
stachus,xgboost,autumn_2024,910,37,7.955455780029297,6.0,1.9554557800292969
stachus,xgboost,autumn_2024,911,37,6.820623397827148,6.0,0.8206233978271484
stachus,xgboost,autumn_2024,912,38,6.705408096313477,6.0,0.7054080963134766
stachus,xgboost,autumn_2024,913,38,6.445398330688477,7.0,0.5546016693115234
stachus,xgboost,autumn_2024,914,38,6.42001485824585,6.0,0.4200148582458496
stachus,xgboost,autumn_2024,915,38,6.126498222351074,6.0,0.12649822235107422
stachus,xgboost,autumn_2024,916,38,6.057112693786621,6.0,0.057112693786621094
stachus,xgboost,autumn_2024,917,38,5.90031623840332,5.0,0.9003162384033203
stachus,xgboost,autumn_2024,918,38,6.08580207824707,6.0,0.08580207824707031
stachus,xgboost,autumn_2024,919,38,6.8562517166137695,7.0,0.14374828338623047
stachus,xgboost,autumn_2024,920,38,6.743700981140137,7.0,0.2562990188598633
stachus,xgboost,autumn_2024,921,38,6.541716575622559,6.0,0.5417165756225586
stachus,xgboost,autumn_2024,922,38,5.927314281463623,5.0,0.927314281463623
stachus,xgboost,autumn_2024,923,38,5.099452495574951,4.0,1.0994524955749512
stachus,xgboost,autumn_2024,924,38,4.99468469619751,4.0,0.9946846961975098
stachus,xgboost,autumn_2024,925,38,5.070260524749756,6.0,0.9297394752502441
stachus,xgboost,autumn_2024,926,38,5.880491256713867,7.0,1.1195087432861328
stachus,xgboost,autumn_2024,927,38,6.120966911315918,6.0,0.12096691131591797
stachus,xgboost,autumn_2024,928,38,6.846851825714111,6.0,0.8468518257141113
stachus,xgboost,autumn_2024,929,38,7.066927909851074,6.0,1.0669279098510742
stachus,xgboost,autumn_2024,930,38,7.585163593292236,7.0,0.5851635932922363
stachus,xgboost,autumn_2024,931,38,9.182718276977539,11.0,1.817281723022461
stachus,xgboost,autumn_2024,932,38,10.94786548614502,12.0,1.0521345138549805
stachus,xgboost,autumn_2024,933,38,12.014810562133789,13.0,0.9851894378662109
stachus,xgboost,autumn_2024,934,38,12.58513069152832,13.0,0.4148693084716797
stachus,xgboost,autumn_2024,935,38,12.15671443939209,12.0,0.15671443939208984
stachus,xgboost,autumn_2024,936,39,11.49169635772705,11.0,0.4916963577270508
stachus,xgboost,autumn_2024,937,39,10.442676544189453,10.0,0.4426765441894531
stachus,xgboost,autumn_2024,938,39,9.524323463439941,9.0,0.5243234634399414
stachus,xgboost,autumn_2024,939,39,8.501378059387207,8.0,0.501378059387207
stachus,xgboost,autumn_2024,940,39,7.968689918518066,7.0,0.9686899185180664
stachus,xgboost,autumn_2024,941,39,7.430480003356934,7.0,0.4304800033569336
stachus,xgboost,autumn_2024,942,39,6.817523002624512,6.0,0.8175230026245117
stachus,xgboost,autumn_2024,943,39,7.079481601715088,6.0,1.079481601715088
stachus,xgboost,autumn_2024,944,39,6.562765598297119,6.0,0.5627655982971191
stachus,xgboost,autumn_2024,945,39,6.138890266418457,5.0,1.138890266418457
stachus,xgboost,autumn_2024,946,39,5.807936191558838,4.0,1.807936191558838
stachus,xgboost,autumn_2024,947,39,6.105798721313477,6.0,0.10579872131347656
stachus,xgboost,autumn_2024,948,39,7.0372819900512695,7.0,0.03728199005126953
stachus,xgboost,autumn_2024,949,39,9.070466995239258,11.0,1.9295330047607422
stachus,xgboost,autumn_2024,950,39,11.288180351257324,12.0,0.7118196487426758
stachus,xgboost,autumn_2024,951,39,13.632486343383789,14.0,0.36751365661621094
stachus,xgboost,autumn_2024,952,39,15.060369491577148,16.0,0.9396305084228516
stachus,xgboost,autumn_2024,953,39,15.507460594177246,16.0,0.4925394058227539
stachus,xgboost,autumn_2024,954,39,16.340484619140625,16.0,0.340484619140625
stachus,xgboost,autumn_2024,955,39,16.94707489013672,16.0,0.9470748901367188
stachus,xgboost,autumn_2024,956,39,17.279037475585938,17.0,0.2790374755859375
stachus,xgboost,autumn_2024,957,39,17.53363037109375,17.0,0.53363037109375
stachus,xgboost,autumn_2024,958,39,17.642839431762695,18.0,0.3571605682373047
stachus,xgboost,autumn_2024,959,39,18.44922637939453,20.0,1.5507736206054688
stachus,xgboost,autumn_2024,960,40,19.267820358276367,18.0,1.2678203582763672
stachus,xgboost,autumn_2024,961,40,18.284221649169922,18.0,0.2842216491699219
stachus,xgboost,autumn_2024,962,40,12.63919448852539,11.0,1.6391944885253906
stachus,xgboost,autumn_2024,963,40,7.692173004150391,7.0,0.6921730041503906
stachus,xgboost,autumn_2024,964,40,7.095162868499756,7.0,0.09516286849975586
stachus,xgboost,autumn_2024,965,40,6.302156448364258,6.0,0.3021564483642578
stachus,xgboost,autumn_2024,966,40,6.547384738922119,6.0,0.5473847389221191
stachus,xgboost,autumn_2024,967,40,7.4609174728393555,8.0,0.5390825271606445
stachus,xgboost,autumn_2024,968,40,6.732561111450195,6.0,0.7325611114501953
stachus,xgboost,autumn_2024,969,40,7.428488731384277,8.0,0.5715112686157227
stachus,xgboost,autumn_2024,970,40,7.945456027984619,7.0,0.9454560279846191
stachus,xgboost,autumn_2024,971,40,10.00968074798584,11.0,0.9903192520141602
stachus,xgboost,autumn_2024,972,40,10.338616371154785,9.0,1.3386163711547852
stachus,xgboost,autumn_2024,973,40,9.418764114379883,8.0,1.4187641143798828
stachus,xgboost,autumn_2024,974,40,8.908048629760742,8.0,0.9080486297607422
stachus,xgboost,autumn_2024,975,40,9.350635528564453,9.0,0.3506355285644531
stachus,xgboost,autumn_2024,976,40,9.81936264038086,9.0,0.8193626403808594
stachus,xgboost,autumn_2024,977,40,10.456738471984863,10.0,0.4567384719848633
stachus,xgboost,autumn_2024,978,40,11.034711837768555,11.0,0.03471183776855469
stachus,xgboost,autumn_2024,979,40,12.650632858276367,12.0,0.6506328582763672
stachus,xgboost,autumn_2024,980,40,14.061117172241211,15.0,0.9388828277587891
stachus,xgboost,autumn_2024,981,40,15.876224517822266,17.0,1.1237754821777344
stachus,xgboost,autumn_2024,982,40,16.299850463867188,17.0,0.7001495361328125
stachus,xgboost,autumn_2024,983,40,17.237253189086914,17.0,0.23725318908691406
stachus,xgboost,autumn_2024,984,41,17.51675796508789,19.0,1.4832420349121094
stachus,xgboost,autumn_2024,985,41,18.37158203125,21.0,2.62841796875
stachus,xgboost,autumn_2024,986,41,19.540544509887695,20.0,0.4594554901123047
stachus,xgboost,autumn_2024,987,41,18.75153350830078,19.0,0.24846649169921875
stachus,xgboost,autumn_2024,988,41,18.710847854614258,19.0,0.2891521453857422
stachus,xgboost,autumn_2024,989,41,19.029645919799805,18.0,1.0296459197998047
stachus,xgboost,autumn_2024,990,41,19.665969848632812,19.0,0.6659698486328125
stachus,xgboost,autumn_2024,991,41,19.74239158630371,18.0,1.742391586303711
stachus,xgboost,autumn_2024,992,41,18.188804626464844,15.0,3.1888046264648438
stachus,xgboost,autumn_2024,993,41,16.08734893798828,14.0,2.0873489379882812
stachus,xgboost,autumn_2024,994,41,15.952249526977539,14.0,1.952249526977539
stachus,xgboost,autumn_2024,995,41,18.143980026245117,21.0,2.856019973754883
stachus,xgboost,autumn_2024,996,41,20.396818161010742,25.0,4.603181838989258
stachus,xgboost,autumn_2024,997,41,20.253929138183594,26.0,5.746070861816406
stachus,xgboost,autumn_2024,998,41,20.333833694458008,24.0,3.666166305541992
stachus,xgboost,autumn_2024,999,41,21.249839782714844,22.0,0.7501602172851562
stachus,xgboost,autumn_2024,1000,41,22.22527503967285,26.0,3.7747249603271484
stachus,xgboost,autumn_2024,1001,41,24.287797927856445,26.0,1.7122020721435547
stachus,xgboost,autumn_2024,1002,41,23.24620819091797,23.0,0.24620819091796875
stachus,xgboost,autumn_2024,1003,41,21.61815071105957,19.0,2.6181507110595703
stachus,xgboost,autumn_2024,1004,41,21.134878158569336,19.0,2.134878158569336
stachus,xgboost,autumn_2024,1005,41,21.921489715576172,21.0,0.9214897155761719
stachus,xgboost,autumn_2024,1006,41,22.4829044342041,23.0,0.5170955657958984
stachus,xgboost,autumn_2024,1007,41,22.66632652282715,23.0,0.33367347717285156
stachus,xgboost,autumn_2024,1008,42,21.786340713500977,22.0,0.21365928649902344
stachus,xgboost,autumn_2024,1009,42,22.385494232177734,23.0,0.6145057678222656
stachus,xgboost,autumn_2024,1010,42,24.04895782470703,28.0,3.9510421752929688
stachus,xgboost,autumn_2024,1011,42,25.624197006225586,30.0,4.375802993774414
stachus,xgboost,autumn_2024,1012,42,25.712263107299805,28.0,2.2877368927001953
stachus,xgboost,autumn_2024,1013,42,26.038288116455078,28.0,1.9617118835449219
stachus,xgboost,autumn_2024,1014,42,30.655994415283203,37.0,6.344005584716797
stachus,xgboost,autumn_2024,1015,42,34.549556732177734,37.0,2.4504432678222656
stachus,xgboost,autumn_2024,1016,42,35.07057189941406,36.0,0.9294281005859375
stachus,xgboost,autumn_2024,1017,42,33.48537826538086,32.0,1.4853782653808594
stachus,xgboost,autumn_2024,1018,42,30.461933135986328,30.0,0.4619331359863281
stachus,xgboost,autumn_2024,1019,42,29.76250648498535,28.0,1.7625064849853516
stachus,xgboost,autumn_2024,1020,42,26.355758666992188,23.0,3.3557586669921875
stachus,xgboost,autumn_2024,1021,42,21.088308334350586,18.0,3.088308334350586
stachus,xgboost,autumn_2024,1022,42,19.237205505371094,17.0,2.2372055053710938
stachus,xgboost,autumn_2024,1023,42,19.584476470947266,18.0,1.5844764709472656
stachus,xgboost,autumn_2024,1024,42,19.302202224731445,19.0,0.3022022247314453
stachus,xgboost,autumn_2024,1025,42,18.782928466796875,17.0,1.782928466796875
stachus,xgboost,autumn_2024,1026,42,18.912870407104492,17.0,1.9128704071044922
stachus,xgboost,autumn_2024,1027,42,20.443382263183594,19.0,1.4433822631835938
stachus,xgboost,autumn_2024,1028,42,22.46230125427246,21.0,1.462301254272461
stachus,xgboost,autumn_2024,1029,42,23.779830932617188,23.0,0.7798309326171875
stachus,xgboost,autumn_2024,1030,42,24.952411651611328,22.0,2.952411651611328
stachus,xgboost,autumn_2024,1031,42,23.58281898498535,22.0,1.5828189849853516
stachus,xgboost,autumn_2024,1032,43,23.68604278564453,22.0,1.6860427856445312
stachus,xgboost,autumn_2024,1033,43,24.567171096801758,23.0,1.5671710968017578
stachus,xgboost,autumn_2024,1034,43,23.58453941345215,22.0,1.5845394134521484
stachus,xgboost,autumn_2024,1035,43,24.90474510192871,22.0,2.904745101928711
stachus,xgboost,autumn_2024,1036,43,24.622020721435547,22.0,2.622020721435547
stachus,xgboost,autumn_2024,1037,43,24.059865951538086,22.0,2.059865951538086
stachus,xgboost,autumn_2024,1038,43,22.592836380004883,18.0,4.592836380004883
stachus,xgboost,autumn_2024,1039,43,23.048444747924805,20.0,3.0484447479248047
stachus,xgboost,autumn_2024,1040,43,23.19133949279785,19.0,4.191339492797852
stachus,xgboost,autumn_2024,1041,43,22.957965850830078,20.0,2.957965850830078
stachus,xgboost,autumn_2024,1042,43,23.071956634521484,21.0,2.0719566345214844
stachus,xgboost,autumn_2024,1043,43,24.281112670898438,20.0,4.2811126708984375
stachus,xgboost,autumn_2024,1044,43,25.282957077026367,23.0,2.282957077026367
stachus,xgboost,autumn_2024,1045,43,25.900102615356445,24.0,1.9001026153564453
stachus,xgboost,autumn_2024,1046,43,24.717695236206055,22.0,2.7176952362060547
stachus,xgboost,autumn_2024,1047,43,23.766029357910156,20.0,3.7660293579101562
stachus,xgboost,autumn_2024,1048,43,24.37415313720703,21.0,3.3741531372070312
stachus,xgboost,autumn_2024,1049,43,24.20342254638672,22.0,2.2034225463867188
stachus,xgboost,autumn_2024,1050,43,24.035959243774414,22.0,2.035959243774414
stachus,xgboost,autumn_2024,1051,43,24.13585662841797,20.0,4.135856628417969
stachus,xgboost,autumn_2024,1052,43,22.34476661682129,18.0,4.344766616821289
stachus,xgboost,autumn_2024,1053,43,20.762767791748047,19.0,1.7627677917480469
stachus,xgboost,autumn_2024,1054,43,17.580385208129883,17.0,0.5803852081298828
stachus,xgboost,autumn_2024,1055,43,15.091168403625488,15.0,0.09116840362548828
