station,model,window,hour_index,day_index,pred,actual,abs_error
andechs,dlinear,spring_2024,0,0,11.612855886955291,9.0,2.612855886955291
andechs,dlinear,spring_2024,1,0,9.497718519699433,6.0,3.4977185196994327
andechs,dlinear,spring_2024,2,0,7.83736076319347,5.0,2.8373607631934696
andechs,dlinear,spring_2024,3,0,6.693674058466952,4.0,2.693674058466952
andechs,dlinear,spring_2024,4,0,5.814397564474861,4.0,1.8143975644748611
andechs,dlinear,spring_2024,5,0,5.188172694058256,6.0,0.811827305941744
andechs,dlinear,spring_2024,6,0,4.872611175364783,8.0,3.127388824635217
andechs,dlinear,spring_2024,7,0,4.939183167131686,7.0,2.060816832868314
andechs,dlinear,spring_2024,8,0,4.75451078367548,5.0,0.24548921632452014
andechs,dlinear,spring_2024,9,0,4.365801280497094,3.0,1.3658012804970943
andechs,dlinear,spring_2024,10,0,4.151276312128859,3.0,1.151276312128859
andechs,dlinear,spring_2024,11,0,4.2949284347777805,3.0,1.2949284347777805
andechs,dlinear,spring_2024,12,0,4.529884078286127,3.0,1.529884078286127
andechs,dlinear,spring_2024,13,0,4.827672373226834,3.0,1.827672373226834
andechs,dlinear,spring_2024,14,0,4.741506249612162,3.0,1.7415062496121623
andechs,dlinear,spring_2024,15,0,4.175052713675197,2.0,2.175052713675197
andechs,dlinear,spring_2024,16,0,3.8799895670995777,2.0,1.8799895670995777
andechs,dlinear,spring_2024,17,0,3.7914428985427957,2.0,1.7914428985427957
andechs,dlinear,spring_2024,18,0,3.3416029102606526,3.0,0.3416029102606526
andechs,dlinear,spring_2024,19,0,3.036382642772393,3.0,0.03638264277239278
andechs,dlinear,spring_2024,20,0,3.018730219659667,3.0,0.018730219659667036
andechs,dlinear,spring_2024,21,0,3.201720543482394,4.0,0.7982794565176059
andechs,dlinear,spring_2024,22,0,3.2738848104319325,4.0,0.7261151895680675
andechs,dlinear,spring_2024,23,0,3.0465745293019473,4.0,0.9534254706980527
andechs,dlinear,spring_2024,24,1,2.8861240099585337,4.0,1.1138759900414663
andechs,dlinear,spring_2024,25,1,2.8520922574468455,5.0,2.1479077425531545
andechs,dlinear,spring_2024,26,1,2.969364613573843,5.0,2.030635386426157
andechs,dlinear,spring_2024,27,1,2.9261505096891387,5.0,2.0738494903108613
andechs,dlinear,spring_2024,28,1,3.0633509886176125,5.0,1.9366490113823875
andechs,dlinear,spring_2024,29,1,2.9028045918411074,4.0,1.0971954081588926
andechs,dlinear,spring_2024,30,1,2.881028255661462,4.0,1.118971744338538
andechs,dlinear,spring_2024,31,1,3.0084577070968868,4.0,0.9915422929031132
andechs,dlinear,spring_2024,32,1,3.15804480397955,5.0,1.84195519602045
andechs,dlinear,spring_2024,33,1,3.026269978531752,3.0,0.02626997853175217
andechs,dlinear,spring_2024,34,1,2.907509584020688,3.0,0.09249041597931207
andechs,dlinear,spring_2024,35,1,2.668379020407669,2.0,0.6683790204076692
andechs,dlinear,spring_2024,36,1,2.484178895791609,3.0,0.5158211042083911
andechs,dlinear,spring_2024,37,1,2.591208348523752,3.0,0.40879165147624796
andechs,dlinear,spring_2024,38,1,2.5596797253354704,3.0,0.4403202746645296
andechs,dlinear,spring_2024,39,1,2.751782838421016,3.0,0.24821716157898388
andechs,dlinear,spring_2024,40,1,2.599137581283183,4.0,1.4008624187168168
andechs,dlinear,spring_2024,41,1,2.2749537336986085,3.0,0.7250462663013915
andechs,dlinear,spring_2024,42,1,2.1063467268350937,3.0,0.8936532731649063
andechs,dlinear,spring_2024,43,1,2.204907764845127,2.0,0.20490776484512718
andechs,dlinear,spring_2024,44,1,2.0643960670240986,2.0,0.06439606702409861
andechs,dlinear,spring_2024,45,1,2.031519187337752,2.0,0.03151918733775183
andechs,dlinear,spring_2024,46,1,1.724433929773312,1.0,0.724433929773312
andechs,dlinear,spring_2024,47,1,1.4121843299464327,0.7,0.7121843299464328
andechs,dlinear,spring_2024,48,2,1.0542560624971467,0.9,0.15425606249714663
andechs,dlinear,spring_2024,49,2,0.8590539397750323,0.9,0.04094606022496772
andechs,dlinear,spring_2024,50,2,0.7989122552140637,0.6,0.19891225521406375
andechs,dlinear,spring_2024,51,2,0.5509224408703481,0.4,0.15092244087034812
andechs,dlinear,spring_2024,52,2,0.5099311391172225,0.8,0.2900688608827775
andechs,dlinear,spring_2024,53,2,0.5479766614773043,0.8,0.25202333852269576
andechs,dlinear,spring_2024,54,2,0.719508544095377,0.7,0.019508544095377056
andechs,dlinear,spring_2024,55,2,0.8716152642446069,0.7,0.17161526424460694
andechs,dlinear,spring_2024,56,2,0.8348691556953876,0.5,0.33486915569538755
andechs,dlinear,spring_2024,57,2,0.8245442054111747,0.5,0.3245442054111747
andechs,dlinear,spring_2024,58,2,0.782833703522841,0.7,0.08283370352284103
andechs,dlinear,spring_2024,59,2,0.8189269806940294,0.8,0.018926980694029316
andechs,dlinear,spring_2024,60,2,0.7368782518863002,0.9,0.16312174811369984
andechs,dlinear,spring_2024,61,2,0.7767451312409648,1.0,0.22325486875903522
andechs,dlinear,spring_2024,62,2,0.9416467719884931,2.0,1.0583532280115069
andechs,dlinear,spring_2024,63,2,1.000625838624499,2.0,0.999374161375501
andechs,dlinear,spring_2024,64,2,1.000509279551351,1.0,0.0005092795513510495
andechs,dlinear,spring_2024,65,2,0.9310547812916372,1.0,0.06894521870836279
andechs,dlinear,spring_2024,66,2,0.8165120631354776,1.0,0.18348793686452236
andechs,dlinear,spring_2024,67,2,0.8043146578544755,1.0,0.19568534214552447
andechs,dlinear,spring_2024,68,2,0.8305008304702683,1.0,0.16949916952973165
andechs,dlinear,spring_2024,69,2,0.8765737760912273,1.0,0.12342622390877267
andechs,dlinear,spring_2024,70,2,0.9529033341873436,1.0,0.04709666581265637
andechs,dlinear,spring_2024,71,2,1.0780773803453636,1.0,0.0780773803453636
andechs,dlinear,spring_2024,72,3,1.0605312788753478,1.0,0.060531278875347816
andechs,dlinear,spring_2024,73,3,1.062126617411466,2.0,0.9378733825885339
andechs,dlinear,spring_2024,74,3,1.0277803518876443,1.0,0.027780351887644272
andechs,dlinear,spring_2024,75,3,0.9808549975627763,2.0,1.0191450024372237
andechs,dlinear,spring_2024,76,3,1.2151523010040348,2.0,0.7848476989959652
andechs,dlinear,spring_2024,77,3,1.4613652849795367,2.0,0.5386347150204633
andechs,dlinear,spring_2024,78,3,1.809597359412546,2.0,0.19040264058745393
andechs,dlinear,spring_2024,79,3,1.9625505178052807,2.0,0.03744948219471933
andechs,dlinear,spring_2024,80,3,2.2697264416828404,2.0,0.26972644168284043
andechs,dlinear,spring_2024,81,3,2.626981623378751,2.0,0.6269816233787511
andechs,dlinear,spring_2024,82,3,2.938973909209068,2.0,0.9389739092090679
andechs,dlinear,spring_2024,83,3,3.265987880716721,2.0,1.2659878807167209
andechs,dlinear,spring_2024,84,3,3.5177582216537293,2.0,1.5177582216537293
andechs,dlinear,spring_2024,85,3,3.393553660053807,1.0,2.393553660053807
andechs,dlinear,spring_2024,86,3,3.218245983839389,1.0,2.218245983839389
andechs,dlinear,spring_2024,87,3,3.0520558079121054,1.0,2.0520558079121054
andechs,dlinear,spring_2024,88,3,2.9470579420464666,1.0,1.9470579420464666
andechs,dlinear,spring_2024,89,3,3.001376494360717,1.0,2.001376494360717
andechs,dlinear,spring_2024,90,3,3.1473742946801404,2.0,1.1473742946801404
andechs,dlinear,spring_2024,91,3,3.251125765002583,2.0,1.251125765002583
andechs,dlinear,spring_2024,92,3,3.3445806635866626,2.0,1.3445806635866626
andechs,dlinear,spring_2024,93,3,3.142325299307582,2.0,1.1423252993075819
andechs,dlinear,spring_2024,94,3,3.0636368893103088,3.0,0.06363688931030875
andechs,dlinear,spring_2024,95,3,2.9336030306866987,3.0,0.0663969693133013
andechs,dlinear,spring_2024,96,4,2.8725743429130186,3.0,0.1274256570869814
andechs,dlinear,spring_2024,97,4,2.467098578815537,3.0,0.5329014211844632
andechs,dlinear,spring_2024,98,4,2.285043758761235,2.0,0.2850437587612351
andechs,dlinear,spring_2024,99,4,2.342415845748104,2.0,0.3424158457481039
andechs,dlinear,spring_2024,100,4,2.206638044112311,2.0,0.20663804411231101
andechs,dlinear,spring_2024,101,4,2.152975525533641,2.0,0.15297552553364113
andechs,dlinear,spring_2024,102,4,2.0533687344386884,1.0,1.0533687344386884
andechs,dlinear,spring_2024,103,4,1.9762209247325058,1.0,0.9762209247325058
andechs,dlinear,spring_2024,104,4,1.972925561285182,2.0,0.027074438714818072
andechs,dlinear,spring_2024,105,4,2.149782755603299,2.0,0.14978275560329912
andechs,dlinear,spring_2024,106,4,2.4760728996287726,3.0,0.5239271003712274
andechs,dlinear,spring_2024,107,4,3.3809997645481644,4.0,0.6190002354518356
andechs,dlinear,spring_2024,108,4,4.167318517423096,4.0,0.16731851742309622
andechs,dlinear,spring_2024,109,4,5.298403847646549,6.0,0.7015961523534511
andechs,dlinear,spring_2024,110,4,6.317081658535405,7.0,0.6829183414645952
andechs,dlinear,spring_2024,111,4,7.337058665232571,8.0,0.6629413347674289
andechs,dlinear,spring_2024,112,4,7.794416943979513,8.0,0.20558305602048677
andechs,dlinear,spring_2024,113,4,7.9368099294199075,7.0,0.9368099294199075
andechs,dlinear,spring_2024,114,4,8.185900105830743,8.0,0.18590010583074346
andechs,dlinear,spring_2024,115,4,8.192836937083415,7.0,1.192836937083415
andechs,dlinear,spring_2024,116,4,7.675732658246867,6.0,1.6757326582468668
andechs,dlinear,spring_2024,117,4,7.101403881475902,4.0,3.1014038814759024
andechs,dlinear,spring_2024,118,4,6.398654459564282,3.0,3.3986544595642822
andechs,dlinear,spring_2024,119,4,5.37927420494551,2.0,3.37927420494551
andechs,dlinear,spring_2024,120,5,4.3994961512095525,1.0,3.3994961512095525
andechs,dlinear,spring_2024,121,5,3.6027215588146744,1.0,2.6027215588146744
andechs,dlinear,spring_2024,122,5,3.186070069260623,1.0,2.186070069260623
andechs,dlinear,spring_2024,123,5,2.9491882682224944,2.0,0.9491882682224944
andechs,dlinear,spring_2024,124,5,2.5551945936989986,2.0,0.5551945936989986
andechs,dlinear,spring_2024,125,5,2.3736342229986764,1.0,1.3736342229986764
andechs,dlinear,spring_2024,126,5,2.450998516818475,1.0,1.450998516818475
andechs,dlinear,spring_2024,127,5,2.823439494437555,2.0,0.8234394944375549
andechs,dlinear,spring_2024,128,5,2.9930150600761545,2.0,0.9930150600761545
andechs,dlinear,spring_2024,129,5,3.305296432679535,3.0,0.3052964326795351
andechs,dlinear,spring_2024,130,5,3.7697846500777787,3.0,0.7697846500777787
andechs,dlinear,spring_2024,131,5,4.069120227813391,3.0,1.069120227813391
andechs,dlinear,spring_2024,132,5,4.209094344912714,2.0,2.209094344912714
andechs,dlinear,spring_2024,133,5,4.62921956317751,3.0,1.62921956317751
andechs,dlinear,spring_2024,134,5,6.198666564705986,7.0,0.8013334352940138
andechs,dlinear,spring_2024,135,5,7.991006523795546,9.0,1.008993476204454
andechs,dlinear,spring_2024,136,5,9.154909866485438,9.0,0.15490986648543803
andechs,dlinear,spring_2024,137,5,9.459084154074379,7.0,2.459084154074379
andechs,dlinear,spring_2024,138,5,8.175095867641168,3.0,5.1750958676411685
andechs,dlinear,spring_2024,139,5,6.424263411810317,2.0,4.424263411810317
andechs,dlinear,spring_2024,140,5,4.945642522685626,1.0,3.9456425226856258
andechs,dlinear,spring_2024,141,5,3.765889522063553,1.0,2.765889522063553
andechs,dlinear,spring_2024,142,5,2.955146738152698,1.0,1.9551467381526981
andechs,dlinear,spring_2024,143,5,2.328780865597423,1.0,1.3287808655974231
andechs,dlinear,spring_2024,144,6,1.866342655015723,0.9,0.9663426550157229
andechs,dlinear,spring_2024,145,6,1.5239627648302507,0.9,0.6239627648302507
andechs,dlinear,spring_2024,146,6,1.2736292777329563,0.8,0.47362927773295627
andechs,dlinear,spring_2024,147,6,1.0453012692970418,0.7,0.34530126929704186
andechs,dlinear,spring_2024,148,6,0.9087395301342642,0.7,0.20873953013426427
andechs,dlinear,spring_2024,149,6,1.177119971598719,0.6,0.5771199715987191
andechs,dlinear,spring_2024,150,6,2.293895024134338,0.5,1.793895024134338
andechs,dlinear,spring_2024,151,6,2.484409683808912,0.3,2.184409683808912
andechs,dlinear,spring_2024,152,6,2.3685278698155185,0.4,1.9685278698155186
andechs,dlinear,spring_2024,153,6,2.3247616758995493,0.7,1.6247616758995493
andechs,dlinear,spring_2024,154,6,2.3571481842385205,1.0,1.3571481842385205
andechs,dlinear,spring_2024,155,6,2.439483863515302,1.0,1.439483863515302
andechs,dlinear,spring_2024,156,6,2.4908219271232026,1.0,1.4908219271232026
andechs,dlinear,spring_2024,157,6,2.38863143573988,0.3,2.08863143573988
andechs,dlinear,spring_2024,158,6,2.162128284991603,0.5,1.6621282849916028
andechs,dlinear,spring_2024,159,6,1.8645617912587165,0.8,1.0645617912587164
andechs,dlinear,spring_2024,160,6,1.7809674999184013,1.0,0.7809674999184013
andechs,dlinear,spring_2024,161,6,1.6671128855400443,1.0,0.6671128855400443
andechs,dlinear,spring_2024,162,6,1.4688503853139148,2.0,0.5311496146860852
andechs,dlinear,spring_2024,163,6,1.3201749697591145,2.0,0.6798250302408855
andechs,dlinear,spring_2024,164,6,1.3454161429347344,2.0,0.6545838570652656
andechs,dlinear,spring_2024,165,6,1.43751864702904,2.0,0.56248135297096
andechs,dlinear,spring_2024,166,6,1.5778338212106289,3.0,1.4221661787893711
andechs,dlinear,spring_2024,167,6,1.540653444593156,2.0,0.4593465554068441
andechs,dlinear,spring_2024,168,7,1.579466031843869,1.0,0.5794660318438689
andechs,dlinear,spring_2024,169,7,2.0245675689709106,2.0,0.024567568970910614
andechs,dlinear,spring_2024,170,7,2.57938862998025,1.0,1.57938862998025
andechs,dlinear,spring_2024,171,7,2.82000425614953,1.0,1.82000425614953
andechs,dlinear,spring_2024,172,7,2.9816515580621896,1.0,1.9816515580621896
andechs,dlinear,spring_2024,173,7,3.151705746231131,1.0,2.151705746231131
andechs,dlinear,spring_2024,174,7,3.4349199204655876,1.0,2.4349199204655876
andechs,dlinear,spring_2024,175,7,3.74922575441349,1.0,2.74922575441349
andechs,dlinear,spring_2024,176,7,3.986084046395985,2.0,1.9860840463959848
andechs,dlinear,spring_2024,177,7,4.130119268652933,2.0,2.1301192686529333
andechs,dlinear,spring_2024,178,7,4.226734798707776,2.0,2.226734798707776
andechs,dlinear,spring_2024,179,7,4.333626631906963,2.0,2.333626631906963
andechs,dlinear,spring_2024,180,7,4.320249170118178,2.0,2.3202491701181778
andechs,dlinear,spring_2024,181,7,3.9606160349761104,1.0,2.9606160349761104
andechs,dlinear,spring_2024,182,7,3.577032001246724,1.0,2.577032001246724
andechs,dlinear,spring_2024,183,7,3.297709136265925,1.0,2.297709136265925
andechs,dlinear,spring_2024,184,7,4.193492163664715,3.0,1.1934921636647147
andechs,dlinear,spring_2024,185,7,8.886270895289641,14.0,5.113729104710359
andechs,dlinear,spring_2024,186,7,13.724039362313805,27.0,13.275960637686195
andechs,dlinear,spring_2024,187,7,17.51959871906018,27.0,9.48040128093982
andechs,dlinear,spring_2024,188,7,20.332865473891708,27.0,6.667134526108292
andechs,dlinear,spring_2024,189,7,22.521454993088007,27.0,4.478545006911993
andechs,dlinear,spring_2024,190,7,24.227734699297244,27.0,2.772265300702756
andechs,dlinear,spring_2024,191,7,25.436499601825066,27.0,1.5635003981749342
andechs,dlinear,spring_2024,192,8,26.343802172078963,27.0,0.6561978279210372
andechs,dlinear,spring_2024,193,8,26.966087397586733,27.0,0.03391260241326677
andechs,dlinear,spring_2024,194,8,27.37650069154883,27.0,0.3765006915488307
andechs,dlinear,spring_2024,195,8,27.680380023874783,27.0,0.6803800238747826
andechs,dlinear,spring_2024,196,8,27.846954807530434,27.0,0.8469548075304338
andechs,dlinear,spring_2024,197,8,27.873331719134235,27.0,0.8733317191342351
andechs,dlinear,spring_2024,198,8,27.868424553650662,27.0,0.8684245536506623
andechs,dlinear,spring_2024,199,8,27.83694423655354,27.0,0.8369442365535384
andechs,dlinear,spring_2024,200,8,27.63020716395991,27.0,0.6302071639599092
andechs,dlinear,spring_2024,201,8,27.428848386475455,27.0,0.42884838647545465
andechs,dlinear,spring_2024,202,8,27.378219730424277,27.0,0.37821973042427715
andechs,dlinear,spring_2024,203,8,27.293041858854707,27.0,0.293041858854707
andechs,dlinear,spring_2024,204,8,27.138064710624587,27.0,0.1380647106245867
andechs,dlinear,spring_2024,205,8,27.18299279844383,27.0,0.18299279844383065
andechs,dlinear,spring_2024,206,8,27.470211828013202,27.0,0.47021182801320194
andechs,dlinear,spring_2024,207,8,27.828705873960622,27.0,0.8287058739606223
andechs,dlinear,spring_2024,208,8,28.144694039383914,27.0,1.1446940393839142
andechs,dlinear,spring_2024,209,8,28.559849756586395,27.0,1.5598497565863951
andechs,dlinear,spring_2024,210,8,28.954168732482447,27.0,1.9541687324824473
andechs,dlinear,spring_2024,211,8,29.207858391759675,27.0,2.2078583917596752
andechs,dlinear,spring_2024,212,8,29.296907692994964,27.0,2.2969076929949637
andechs,dlinear,spring_2024,213,8,29.150457297848572,27.0,2.150457297848572
andechs,dlinear,spring_2024,214,8,28.58393675721085,27.0,1.58393675721085
andechs,dlinear,spring_2024,215,8,27.93814633941671,27.0,0.9381463394167113
andechs,dlinear,spring_2024,216,9,28.11620695981181,27.0,1.1162069598118087
andechs,dlinear,spring_2024,217,9,28.480585808905495,27.0,1.480585808905495
andechs,dlinear,spring_2024,218,9,28.572229532930713,26.0,2.572229532930713
andechs,dlinear,spring_2024,219,9,28.132490558936105,21.0,7.132490558936105
andechs,dlinear,spring_2024,220,9,27.42675876214892,17.0,10.426758762148921
andechs,dlinear,spring_2024,221,9,26.776499991801284,15.0,11.776499991801284
andechs,dlinear,spring_2024,222,9,26.306823287518146,15.0,11.306823287518146
andechs,dlinear,spring_2024,223,9,26.127898075351133,16.0,10.127898075351133
andechs,dlinear,spring_2024,224,9,26.017358238590205,17.0,9.017358238590205
andechs,dlinear,spring_2024,225,9,26.122745502453718,20.0,6.122745502453718
andechs,dlinear,spring_2024,226,9,25.658562043555502,19.0,6.658562043555502
andechs,dlinear,spring_2024,227,9,25.136742397835597,18.0,7.136742397835597
andechs,dlinear,spring_2024,228,9,22.660143732825855,11.0,11.660143732825855
andechs,dlinear,spring_2024,229,9,19.97260948320739,9.0,10.972609483207389
andechs,dlinear,spring_2024,230,9,16.61642634012878,4.0,12.616426340128779
andechs,dlinear,spring_2024,231,9,13.63321587841046,3.0,10.63321587841046
andechs,dlinear,spring_2024,232,9,11.10245046620701,2.0,9.10245046620701
andechs,dlinear,spring_2024,233,9,9.339814926106182,2.0,7.3398149261061825
andechs,dlinear,spring_2024,234,9,8.117922645154867,2.0,6.1179226451548665
andechs,dlinear,spring_2024,235,9,7.395696883297727,2.0,5.395696883297727
andechs,dlinear,spring_2024,236,9,7.015188533931523,3.0,4.015188533931523
andechs,dlinear,spring_2024,237,9,6.73522808169149,3.0,3.7352280816914902
andechs,dlinear,spring_2024,238,9,6.69639954938123,3.0,3.69639954938123
andechs,dlinear,spring_2024,239,9,6.696180929309138,4.0,2.696180929309138
andechs,dlinear,spring_2024,240,10,6.933126467242909,4.0,2.933126467242909
andechs,dlinear,spring_2024,241,10,7.229745574514627,4.0,3.2297455745146273
andechs,dlinear,spring_2024,242,10,7.209538396955939,3.0,4.209538396955939
andechs,dlinear,spring_2024,243,10,6.833886295094688,2.0,4.833886295094688
andechs,dlinear,spring_2024,244,10,6.405909674673394,2.0,4.405909674673394
andechs,dlinear,spring_2024,245,10,6.087963307525213,2.0,4.087963307525213
andechs,dlinear,spring_2024,246,10,5.724444845185575,2.0,3.724444845185575
andechs,dlinear,spring_2024,247,10,5.3144641515362405,2.0,3.3144641515362405
andechs,dlinear,spring_2024,248,10,5.368308242894741,3.0,2.3683082428947406
andechs,dlinear,spring_2024,249,10,5.122571828675441,1.0,4.122571828675441
andechs,dlinear,spring_2024,250,10,4.642714769271506,1.0,3.642714769271506
andechs,dlinear,spring_2024,251,10,4.11614032964951,1.0,3.11614032964951
andechs,dlinear,spring_2024,252,10,3.571827422162773,1.0,2.571827422162773
andechs,dlinear,spring_2024,253,10,3.120702033419283,1.0,2.120702033419283
andechs,dlinear,spring_2024,254,10,2.8091574363034795,0.9,1.9091574363034796
andechs,dlinear,spring_2024,255,10,2.5956931053277916,1.0,1.5956931053277916
andechs,dlinear,spring_2024,256,10,2.4803672524480405,0.9,1.5803672524480405
andechs,dlinear,spring_2024,257,10,2.474102064396231,1.0,1.4741020643962308
andechs,dlinear,spring_2024,258,10,2.6371588977889164,1.0,1.6371588977889164
andechs,dlinear,spring_2024,259,10,2.84409715002705,1.0,1.84409715002705
andechs,dlinear,spring_2024,260,10,3.031520832314037,1.0,2.031520832314037
andechs,dlinear,spring_2024,261,10,3.2133628373870575,1.0,2.2133628373870575
andechs,dlinear,spring_2024,262,10,3.3191503858419606,1.0,2.3191503858419606
andechs,dlinear,spring_2024,263,10,3.3923988271557777,1.0,2.3923988271557777
andechs,dlinear,spring_2024,264,11,3.3803358686889586,0.9,2.4803358686889587
andechs,dlinear,spring_2024,265,11,3.3688301865208916,1.0,2.3688301865208916
andechs,dlinear,spring_2024,266,11,3.345817839537747,0.9,2.4458178395377472
andechs,dlinear,spring_2024,267,11,3.3208007832829383,0.9,2.4208007832829384
andechs,dlinear,spring_2024,268,11,3.303616051653065,0.8,2.503616051653065
andechs,dlinear,spring_2024,269,11,3.298253396249276,0.8,2.498253396249276
andechs,dlinear,spring_2024,270,11,3.243703910503122,0.5,2.743703910503122
andechs,dlinear,spring_2024,271,11,3.2113488463980158,0.4,2.811348846398016
andechs,dlinear,spring_2024,272,11,3.0585653638541066,0.4,2.6585653638541067
andechs,dlinear,spring_2024,273,11,3.9467508249208425,4.0,0.053249175079157496
andechs,dlinear,spring_2024,274,11,4.752177104426883,4.0,0.7521771044268828
andechs,dlinear,spring_2024,275,11,4.753715365064438,2.0,2.753715365064438
andechs,dlinear,spring_2024,276,11,4.488167153447954,2.0,2.4881671534479537
andechs,dlinear,spring_2024,277,11,4.323765686359555,2.0,2.323765686359555
andechs,dlinear,spring_2024,278,11,4.352519012572292,2.0,2.3525190125722917
andechs,dlinear,spring_2024,279,11,4.297323431300853,2.0,2.2973234313008533
andechs,dlinear,spring_2024,280,11,4.143814442859039,2.0,2.143814442859039
andechs,dlinear,spring_2024,281,11,4.08024303767868,2.0,2.08024303767868
andechs,dlinear,spring_2024,282,11,4.100291125187525,2.0,2.1002911251875247
andechs,dlinear,spring_2024,283,11,4.077466562425247,2.0,2.077466562425247
andechs,dlinear,spring_2024,284,11,4.160273596003519,2.0,2.1602735960035186
andechs,dlinear,spring_2024,285,11,4.14889673080175,2.0,2.1488967308017504
andechs,dlinear,spring_2024,286,11,4.114937718404695,2.0,2.114937718404695
andechs,dlinear,spring_2024,287,11,4.013827414843641,2.0,2.0138274148436413
andechs,dlinear,spring_2024,288,12,3.9550294310165186,2.0,1.9550294310165186
andechs,dlinear,spring_2024,289,12,3.839445631293246,2.0,1.8394456312932461
andechs,dlinear,spring_2024,290,12,3.545700342815101,1.0,2.545700342815101
andechs,dlinear,spring_2024,291,12,3.2243754907982343,1.0,2.2243754907982343
andechs,dlinear,spring_2024,292,12,2.890127540026498,1.0,1.8901275400264979
andechs,dlinear,spring_2024,293,12,2.716172111061677,1.0,1.716172111061677
andechs,dlinear,spring_2024,294,12,2.7030508654303818,1.0,1.7030508654303818
andechs,dlinear,spring_2024,295,12,2.5563482987803035,0.9,1.6563482987803035
andechs,dlinear,spring_2024,296,12,2.4211961296548505,1.0,1.4211961296548505
andechs,dlinear,spring_2024,297,12,2.379117759838019,0.9,1.4791177598380192
andechs,dlinear,spring_2024,298,12,2.412942950016025,1.0,1.412942950016025
andechs,dlinear,spring_2024,299,12,2.4526995701475602,2.0,0.45269957014756024
andechs,dlinear,spring_2024,300,12,2.6037305359766805,2.0,0.6037305359766805
andechs,dlinear,spring_2024,301,12,2.8263790223466256,2.0,0.8263790223466256
andechs,dlinear,spring_2024,302,12,3.141323754274057,2.0,1.1413237542740569
andechs,dlinear,spring_2024,303,12,3.4096938900221296,2.0,1.4096938900221296
andechs,dlinear,spring_2024,304,12,3.6512568582818967,3.0,0.6512568582818967
andechs,dlinear,spring_2024,305,12,3.926989535313595,3.0,0.9269895353135951
andechs,dlinear,spring_2024,306,12,3.737826989464512,2.0,1.7378269894645122
andechs,dlinear,spring_2024,307,12,3.296957908851633,2.0,1.296957908851633
andechs,dlinear,spring_2024,308,12,2.937346212304776,1.0,1.9373462123047762
andechs,dlinear,spring_2024,309,12,2.639943923464952,1.0,1.6399439234649522
andechs,dlinear,spring_2024,310,12,2.435496258328106,1.0,1.4354962583281061
andechs,dlinear,spring_2024,311,12,2.3072834171549745,1.0,1.3072834171549745
andechs,dlinear,spring_2024,312,13,2.385618336299622,1.0,1.385618336299622
andechs,dlinear,spring_2024,313,13,2.4233096669995833,1.0,1.4233096669995833
andechs,dlinear,spring_2024,314,13,2.46039308877854,1.0,1.46039308877854
andechs,dlinear,spring_2024,315,13,2.5936763840126065,1.0,1.5936763840126065
andechs,dlinear,spring_2024,316,13,2.6639862432692443,1.0,1.6639862432692443
andechs,dlinear,spring_2024,317,13,2.656669197087224,1.0,1.6566691970872238
andechs,dlinear,spring_2024,318,13,2.6228292280981798,0.9,1.7228292280981798
andechs,dlinear,spring_2024,319,13,2.558460900267339,0.9,1.6584609002673392
andechs,dlinear,spring_2024,320,13,2.543655998234573,1.0,1.543655998234573
andechs,dlinear,spring_2024,321,13,2.645831343066241,2.0,0.645831343066241
andechs,dlinear,spring_2024,322,13,2.733819879449365,2.0,0.7338198794493649
andechs,dlinear,spring_2024,323,13,2.729563290794366,2.0,0.7295632907943661
andechs,dlinear,spring_2024,324,13,2.728261354975139,2.0,0.7282613549751389
andechs,dlinear,spring_2024,325,13,2.68605782104567,2.0,0.68605782104567
andechs,dlinear,spring_2024,326,13,2.789536595943746,2.0,0.7895365959437459
andechs,dlinear,spring_2024,327,13,2.792777606338762,2.0,0.7927776063387619
andechs,dlinear,spring_2024,328,13,2.8983045864699855,2.0,0.8983045864699855
andechs,dlinear,spring_2024,329,13,3.0829249715225817,2.0,1.0829249715225817
andechs,dlinear,spring_2024,330,13,3.2085768903848946,3.0,0.20857689038489458
andechs,dlinear,spring_2024,331,13,3.39368492530776,3.0,0.3936849253077601
andechs,dlinear,spring_2024,332,13,3.411828352052229,3.0,0.411828352052229
andechs,dlinear,spring_2024,333,13,3.7864253990265313,3.0,0.7864253990265313
andechs,dlinear,spring_2024,334,13,3.9573009315536924,4.0,0.04269906844630755
andechs,dlinear,spring_2024,335,13,4.102616519104896,4.0,0.10261651910489622
andechs,dlinear,spring_2024,336,14,4.083393908351343,3.0,1.0833939083513426
andechs,dlinear,spring_2024,337,14,3.997526235236109,3.0,0.997526235236109
andechs,dlinear,spring_2024,338,14,3.9238848139497757,3.0,0.9238848139497757
andechs,dlinear,spring_2024,339,14,3.8901809448257882,3.0,0.8901809448257882
andechs,dlinear,spring_2024,340,14,3.9732687319572184,3.0,0.9732687319572184
andechs,dlinear,spring_2024,341,14,4.267391443090121,3.0,1.267391443090121
andechs,dlinear,spring_2024,342,14,4.546158811464897,3.0,1.5461588114648972
andechs,dlinear,spring_2024,343,14,4.851652183146273,4.0,0.8516521831462729
andechs,dlinear,spring_2024,344,14,4.929690323212453,3.0,1.9296903232124532
andechs,dlinear,spring_2024,345,14,5.000521645739967,3.0,2.0005216457399673
andechs,dlinear,spring_2024,346,14,5.005015451830303,4.0,1.0050154518303032
andechs,dlinear,spring_2024,347,14,5.026695840553847,4.0,1.026695840553847
andechs,dlinear,spring_2024,348,14,5.133133819872525,4.0,1.1331338198725254
andechs,dlinear,spring_2024,349,14,5.085809849904571,4.0,1.085809849904571
andechs,dlinear,spring_2024,350,14,5.014725230067553,4.0,1.0147252300675529
andechs,dlinear,spring_2024,351,14,5.095886027551528,4.0,1.0958860275515283
andechs,dlinear,spring_2024,352,14,5.572585779123942,4.0,1.5725857791239424
andechs,dlinear,spring_2024,353,14,6.169927354259522,5.0,1.1699273542595217
andechs,dlinear,spring_2024,354,14,6.855286949032587,5.0,1.8552869490325872
andechs,dlinear,spring_2024,355,14,7.194168189835604,4.0,3.1941681898356036
andechs,dlinear,spring_2024,356,14,7.0109082712959925,3.0,4.0109082712959925
andechs,dlinear,spring_2024,357,14,6.644733203313721,2.0,4.644733203313721
andechs,dlinear,spring_2024,358,14,5.98541857335197,2.0,3.9854185733519696
andechs,dlinear,spring_2024,359,14,5.389197111476847,2.0,3.3891971114768467
andechs,dlinear,spring_2024,360,15,5.071849670667973,2.0,3.071849670667973
andechs,dlinear,spring_2024,361,15,4.912716430645417,2.0,2.9127164306454167
andechs,dlinear,spring_2024,362,15,4.850989203372127,2.0,2.8509892033721274
andechs,dlinear,spring_2024,363,15,4.8279761040416105,2.0,2.8279761040416105
andechs,dlinear,spring_2024,364,15,4.904906459007108,3.0,1.9049064590071083
andechs,dlinear,spring_2024,365,15,5.2948110614811,3.0,2.2948110614811004
andechs,dlinear,spring_2024,366,15,5.58869641205877,3.0,2.58869641205877
andechs,dlinear,spring_2024,367,15,5.565947821664319,3.0,2.5659478216643192
andechs,dlinear,spring_2024,368,15,5.42031960834783,3.0,2.42031960834783
andechs,dlinear,spring_2024,369,15,5.52234245651948,3.0,2.52234245651948
andechs,dlinear,spring_2024,370,15,6.059971010279532,5.0,1.0599710102795319
andechs,dlinear,spring_2024,371,15,6.718456234847786,6.0,0.7184562348477863
andechs,dlinear,spring_2024,372,15,7.022747628965366,6.0,1.0227476289653659
andechs,dlinear,spring_2024,373,15,7.034253169104837,6.0,1.0342531691048373
andechs,dlinear,spring_2024,374,15,6.9844682838991305,6.0,0.9844682838991305
andechs,dlinear,spring_2024,375,15,7.0515380502340665,5.0,2.0515380502340665
andechs,dlinear,spring_2024,376,15,6.929608819751732,5.0,1.9296088197517323
andechs,dlinear,spring_2024,377,15,6.842104383204065,4.0,2.842104383204065
andechs,dlinear,spring_2024,378,15,6.937072841778782,4.0,2.9370728417787824
andechs,dlinear,spring_2024,379,15,7.135749137385206,3.0,4.135749137385206
andechs,dlinear,spring_2024,380,15,7.216918184591879,2.0,5.216918184591879
andechs,dlinear,spring_2024,381,15,6.988005821692534,2.0,4.988005821692534
andechs,dlinear,spring_2024,382,15,6.877716327634499,2.0,4.877716327634499
andechs,dlinear,spring_2024,383,15,6.679198657484974,2.0,4.679198657484974
andechs,dlinear,spring_2024,384,16,6.2726083109376045,2.0,4.2726083109376045
andechs,dlinear,spring_2024,385,16,5.768806705261529,2.0,3.768806705261529
andechs,dlinear,spring_2024,386,16,5.2412630987660975,2.0,3.2412630987660975
andechs,dlinear,spring_2024,387,16,4.904380899906059,2.0,2.9043808999060587
andechs,dlinear,spring_2024,388,16,4.739441751315937,2.0,2.739441751315937
andechs,dlinear,spring_2024,389,16,4.498720323335961,2.0,2.498720323335961
andechs,dlinear,spring_2024,390,16,4.3125785839986595,2.0,2.3125785839986595
andechs,dlinear,spring_2024,391,16,4.206121739479077,2.0,2.2061217394790766
andechs,dlinear,spring_2024,392,16,4.609842024395254,2.0,2.6098420243952543
andechs,dlinear,spring_2024,393,16,5.451927958036985,3.0,2.4519279580369853
andechs,dlinear,spring_2024,394,16,7.920385972721398,7.0,0.9203859727213981
andechs,dlinear,spring_2024,395,16,10.894060064578934,10.0,0.8940600645789338
andechs,dlinear,spring_2024,396,16,13.717315793007572,12.0,1.7173157930075718
andechs,dlinear,spring_2024,397,16,16.10875692279882,12.0,4.108756922798818
andechs,dlinear,spring_2024,398,16,17.7330181197688,11.0,6.733018119768801
andechs,dlinear,spring_2024,399,16,18.536533902491342,11.0,7.5365339024913425
andechs,dlinear,spring_2024,400,16,18.62771488947031,10.0,8.627714889470312
andechs,dlinear,spring_2024,401,16,18.53553217631822,10.0,8.53553217631822
andechs,dlinear,spring_2024,402,16,18.154291278931378,10.0,8.154291278931378
andechs,dlinear,spring_2024,403,16,17.77363198215324,10.0,7.7736319821532405
andechs,dlinear,spring_2024,404,16,16.477048513973422,8.0,8.477048513973422
andechs,dlinear,spring_2024,405,16,14.624866085069316,7.0,7.624866085069316
andechs,dlinear,spring_2024,406,16,12.943362683745999,6.0,6.943362683745999
andechs,dlinear,spring_2024,407,16,11.876333890364098,7.0,4.876333890364098
andechs,dlinear,spring_2024,408,17,11.363870372695477,8.0,3.3638703726954766
andechs,dlinear,spring_2024,409,17,11.366669601009242,9.0,2.3666696010092423
andechs,dlinear,spring_2024,410,17,11.951233581103466,10.0,1.951233581103466
andechs,dlinear,spring_2024,411,17,13.880538973666408,14.0,0.11946102633359246
andechs,dlinear,spring_2024,412,17,16.680496689249182,17.0,0.31950331075081806
andechs,dlinear,spring_2024,413,17,19.075540733870962,18.0,1.0755407338709624
andechs,dlinear,spring_2024,414,17,20.711008972835344,15.0,5.711008972835344
andechs,dlinear,spring_2024,415,17,22.037552971573678,16.0,6.037552971573678
andechs,dlinear,spring_2024,416,17,22.990917021116594,15.0,7.990917021116594
andechs,dlinear,spring_2024,417,17,23.843670869740983,16.0,7.843670869740983
andechs,dlinear,spring_2024,418,17,24.429419027598577,19.0,5.429419027598577
andechs,dlinear,spring_2024,419,17,24.879454607862613,23.0,1.8794546078626126
andechs,dlinear,spring_2024,420,17,25.225849664301574,21.0,4.225849664301574
andechs,dlinear,spring_2024,421,17,25.51918839080553,22.0,3.5191883908055317
andechs,dlinear,spring_2024,422,17,25.740186594008208,23.0,2.7401865940082075
andechs,dlinear,spring_2024,423,17,25.926172568031873,23.0,2.9261725680318733
andechs,dlinear,spring_2024,424,17,26.02972485273094,25.0,1.02972485273094
andechs,dlinear,spring_2024,425,17,26.381568759679965,21.0,5.381568759679965
andechs,dlinear,spring_2024,426,17,26.73348127204054,21.0,5.733481272040539
andechs,dlinear,spring_2024,427,17,26.853623010529482,20.0,6.853623010529482
andechs,dlinear,spring_2024,428,17,26.74315914404146,21.0,5.74315914404146
andechs,dlinear,spring_2024,429,17,26.490172954157998,20.0,6.490172954157998
andechs,dlinear,spring_2024,430,17,26.199978641945638,16.0,10.199978641945638
andechs,dlinear,spring_2024,431,17,24.944367464940672,11.0,13.944367464940672
andechs,dlinear,spring_2024,432,18,23.11197608868428,10.0,13.11197608868428
andechs,dlinear,spring_2024,433,18,21.44799571036095,11.0,10.44799571036095
andechs,dlinear,spring_2024,434,18,20.416628253220466,11.0,9.416628253220466
andechs,dlinear,spring_2024,435,18,20.438315606497934,12.0,8.438315606497934
andechs,dlinear,spring_2024,436,18,20.724733720074227,13.0,7.7247337200742265
andechs,dlinear,spring_2024,437,18,21.0698698110127,12.0,9.069869811012701
andechs,dlinear,spring_2024,438,18,21.146631544132482,12.0,9.146631544132482
andechs,dlinear,spring_2024,439,18,21.108039299856046,11.0,10.108039299856046
andechs,dlinear,spring_2024,440,18,21.125338929857055,11.0,10.125338929857055
andechs,dlinear,spring_2024,441,18,22.516749282683957,13.0,9.516749282683957
andechs,dlinear,spring_2024,442,18,23.875048002810082,14.0,9.875048002810082
andechs,dlinear,spring_2024,443,18,24.70215815696756,13.0,11.70215815696756
andechs,dlinear,spring_2024,444,18,25.202087654803517,15.0,10.202087654803517
andechs,dlinear,spring_2024,445,18,24.55645802518842,6.0,18.55645802518842
andechs,dlinear,spring_2024,446,18,22.740922373832248,4.0,18.740922373832248
andechs,dlinear,spring_2024,447,18,18.126789011285005,2.0,16.126789011285005
andechs,dlinear,spring_2024,448,18,14.02177780015193,2.0,12.02177780015193
andechs,dlinear,spring_2024,449,18,10.875006381461679,2.0,8.875006381461679
andechs,dlinear,spring_2024,450,18,8.735182181585778,2.0,6.7351821815857775
andechs,dlinear,spring_2024,451,18,7.224302078884344,2.0,5.224302078884344
andechs,dlinear,spring_2024,452,18,6.13946308146104,2.0,4.13946308146104
andechs,dlinear,spring_2024,453,18,5.288739130402467,2.0,3.288739130402467
andechs,dlinear,spring_2024,454,18,4.617672349418871,2.0,2.6176723494188714
andechs,dlinear,spring_2024,455,18,4.131060543435121,2.0,2.1310605434351206
andechs,dlinear,spring_2024,456,19,3.8017271205406518,2.0,1.8017271205406518
andechs,dlinear,spring_2024,457,19,3.7519628701556025,2.0,1.7519628701556025
andechs,dlinear,spring_2024,458,19,3.9072559639579776,2.0,1.9072559639579776
andechs,dlinear,spring_2024,459,19,4.19960257045671,2.0,2.19960257045671
andechs,dlinear,spring_2024,460,19,4.476247747893106,2.0,2.4762477478931064
andechs,dlinear,spring_2024,461,19,4.774321946035185,2.0,2.774321946035185
andechs,dlinear,spring_2024,462,19,4.96494704830808,2.0,2.9649470483080798
andechs,dlinear,spring_2024,463,19,5.162213667645948,2.0,3.162213667645948
andechs,dlinear,spring_2024,464,19,5.594610996767142,3.0,2.594610996767142
andechs,dlinear,spring_2024,465,19,6.293917445657197,4.0,2.293917445657197
andechs,dlinear,spring_2024,466,19,7.34072638327396,5.0,2.34072638327396
andechs,dlinear,spring_2024,467,19,7.825128621149119,5.0,2.825128621149119
andechs,dlinear,spring_2024,468,19,8.15540751736094,4.0,4.15540751736094
andechs,dlinear,spring_2024,469,19,8.203164872795838,4.0,4.203164872795838
andechs,dlinear,spring_2024,470,19,7.884930556128438,4.0,3.884930556128438
andechs,dlinear,spring_2024,471,19,7.2587293802333175,4.0,3.2587293802333175
andechs,dlinear,spring_2024,472,19,6.671020832776378,4.0,2.671020832776378
andechs,dlinear,spring_2024,473,19,6.1718023575360785,4.0,2.1718023575360785
andechs,dlinear,spring_2024,474,19,5.764024977555929,3.0,2.7640249775559287
andechs,dlinear,spring_2024,475,19,5.247228743902548,3.0,2.2472287439025482
andechs,dlinear,spring_2024,476,19,4.718505076287364,2.0,2.7185050762873644
andechs,dlinear,spring_2024,477,19,4.164363865947358,2.0,2.164363865947358
andechs,dlinear,spring_2024,478,19,3.7960296934117315,3.0,0.7960296934117315
andechs,dlinear,spring_2024,479,19,3.6574580339765306,3.0,0.6574580339765306
andechs,dlinear,spring_2024,480,20,3.6256878570677356,3.0,0.6256878570677356
andechs,dlinear,spring_2024,481,20,3.550717414202679,2.0,1.550717414202679
andechs,dlinear,spring_2024,482,20,3.670190945490111,2.0,1.670190945490111
andechs,dlinear,spring_2024,483,20,3.8957768655965492,2.0,1.8957768655965492
andechs,dlinear,spring_2024,484,20,4.205446203178435,3.0,1.2054462031784352
andechs,dlinear,spring_2024,485,20,4.553267438617677,3.0,1.5532674386176772
andechs,dlinear,spring_2024,486,20,4.726983595259041,3.0,1.7269835952590409
andechs,dlinear,spring_2024,487,20,5.312334553320704,4.0,1.3123345533207038
andechs,dlinear,spring_2024,488,20,6.545499976627143,7.0,0.4545000233728569
andechs,dlinear,spring_2024,489,20,7.585659612015709,6.0,1.585659612015709
andechs,dlinear,spring_2024,490,20,7.938635047289127,5.0,2.938635047289127
andechs,dlinear,spring_2024,491,20,8.115255802226097,5.0,3.1152558022260965
andechs,dlinear,spring_2024,492,20,8.351936095332526,5.0,3.351936095332526
andechs,dlinear,spring_2024,493,20,9.191040211158402,7.0,2.191040211158402
andechs,dlinear,spring_2024,494,20,9.70393115149186,7.0,2.70393115149186
andechs,dlinear,spring_2024,495,20,10.532404869201951,10.0,0.532404869201951
andechs,dlinear,spring_2024,496,20,11.426865992231946,12.0,0.5731340077680542
andechs,dlinear,spring_2024,497,20,12.333943758147697,13.0,0.6660562418523028
andechs,dlinear,spring_2024,498,20,12.630723279101346,12.0,0.6307232791013462
andechs,dlinear,spring_2024,499,20,11.614569046011525,7.0,4.614569046011525
andechs,dlinear,spring_2024,500,20,10.60279516892125,8.0,2.6027951689212507
andechs,dlinear,spring_2024,501,20,9.968620318208366,9.0,0.9686203182083659
andechs,dlinear,spring_2024,502,20,9.195161595115167,8.0,1.1951615951151666
andechs,dlinear,spring_2024,503,20,8.29317046197714,7.0,1.2931704619771391
andechs,dlinear,spring_2024,504,21,7.717279305847152,6.0,1.7172793058471516
andechs,dlinear,spring_2024,505,21,7.4451193635869455,6.0,1.4451193635869455
andechs,dlinear,spring_2024,506,21,7.1378742069111425,5.0,2.1378742069111425
andechs,dlinear,spring_2024,507,21,7.020028145520486,5.0,2.0200281455204863
andechs,dlinear,spring_2024,508,21,6.684464195454467,4.0,2.684464195454467
andechs,dlinear,spring_2024,509,21,6.6262570902484255,4.0,2.6262570902484255
andechs,dlinear,spring_2024,510,21,6.283696921398489,5.0,1.283696921398489
andechs,dlinear,spring_2024,511,21,6.322413379780865,5.0,1.3224133797808646
andechs,dlinear,spring_2024,512,21,7.1704092338437215,8.0,0.8295907661562785
andechs,dlinear,spring_2024,513,21,8.312534971369999,8.0,0.31253497136999897
andechs,dlinear,spring_2024,514,21,9.024546590654271,8.0,1.0245465906542712
andechs,dlinear,spring_2024,515,21,9.719688697565555,7.0,2.719688697565555
andechs,dlinear,spring_2024,516,21,10.018931092822502,6.0,4.018931092822502
andechs,dlinear,spring_2024,517,21,10.052472680899442,5.0,5.052472680899442
andechs,dlinear,spring_2024,518,21,9.96183960467706,5.0,4.96183960467706
andechs,dlinear,spring_2024,519,21,10.562219855849861,10.0,0.562219855849861
andechs,dlinear,spring_2024,520,21,11.354369998987297,11.0,0.3543699989872966
andechs,dlinear,spring_2024,521,21,11.831837369770124,11.0,0.831837369770124
andechs,dlinear,spring_2024,522,21,11.601571701244806,8.0,3.601571701244806
andechs,dlinear,spring_2024,523,21,10.698848698343918,7.0,3.6988486983439177
andechs,dlinear,spring_2024,524,21,9.998042874523794,7.0,2.9980428745237937
andechs,dlinear,spring_2024,525,21,9.778002581581173,8.0,1.7780025815811733
andechs,dlinear,spring_2024,526,21,10.003908404253727,11.0,0.9960915957462735
andechs,dlinear,spring_2024,527,21,10.02910130349403,11.0,0.9708986965059694
andechs,dlinear,spring_2024,528,22,9.97679117775159,9.0,0.9767911777515899
andechs,dlinear,spring_2024,529,22,9.949551149706275,8.0,1.9495511497062754
andechs,dlinear,spring_2024,530,22,9.788696469753805,7.0,2.7886964697538055
andechs,dlinear,spring_2024,531,22,9.08368428425555,5.0,4.0836842842555505
andechs,dlinear,spring_2024,532,22,8.288199047928712,5.0,3.288199047928712
andechs,dlinear,spring_2024,533,22,7.468859772140207,4.0,3.468859772140207
andechs,dlinear,spring_2024,534,22,6.854390029682743,4.0,2.854390029682743
andechs,dlinear,spring_2024,535,22,6.405716012771297,3.0,3.405716012771297
andechs,dlinear,spring_2024,536,22,6.390753761144862,3.0,3.390753761144862
andechs,dlinear,spring_2024,537,22,6.898889768846844,4.0,2.8988897688468436
andechs,dlinear,spring_2024,538,22,7.702893274754529,5.0,2.702893274754529
andechs,dlinear,spring_2024,539,22,8.487800089632655,5.0,3.487800089632655
andechs,dlinear,spring_2024,540,22,8.846518944888883,5.0,3.8465189448888832
andechs,dlinear,spring_2024,541,22,9.058023528127759,6.0,3.058023528127759
andechs,dlinear,spring_2024,542,22,9.31803351823135,7.0,2.318033518231349
andechs,dlinear,spring_2024,543,22,9.424103795931213,6.0,3.424103795931213
andechs,dlinear,spring_2024,544,22,9.36040288157448,6.0,3.3604028815744797
andechs,dlinear,spring_2024,545,22,9.1424484930738,5.0,4.1424484930738
andechs,dlinear,spring_2024,546,22,8.762225777752294,5.0,3.7622257777522936
andechs,dlinear,spring_2024,547,22,8.41309612830974,5.0,3.413096128309739
andechs,dlinear,spring_2024,548,22,8.353489548630563,5.0,3.353489548630563
andechs,dlinear,spring_2024,549,22,7.981538245442339,5.0,2.981538245442339
andechs,dlinear,spring_2024,550,22,7.333602400136745,4.0,3.333602400136745
andechs,dlinear,spring_2024,551,22,6.327729447104676,4.0,2.3277294471046757
andechs,dlinear,spring_2024,552,23,5.452343346328627,3.0,2.452343346328627
andechs,dlinear,spring_2024,553,23,4.874043993647911,3.0,1.874043993647911
andechs,dlinear,spring_2024,554,23,4.512724940247245,3.0,1.512724940247245
andechs,dlinear,spring_2024,555,23,4.252426712620428,2.0,2.2524267126204283
andechs,dlinear,spring_2024,556,23,3.98695838416234,3.0,0.9869583841623402
andechs,dlinear,spring_2024,557,23,3.854971758233618,3.0,0.854971758233618
andechs,dlinear,spring_2024,558,23,3.7530361706561743,3.0,0.7530361706561743
andechs,dlinear,spring_2024,559,23,3.719586451421367,3.0,0.719586451421367
andechs,dlinear,spring_2024,560,23,3.78689160970882,4.0,0.2131083902911799
andechs,dlinear,spring_2024,561,23,3.92716895217291,5.0,1.0728310478270902
andechs,dlinear,spring_2024,562,23,4.120653983401299,5.0,0.879346016598701
andechs,dlinear,spring_2024,563,23,4.276951281282192,6.0,1.7230487187178083
andechs,dlinear,spring_2024,564,23,4.392011974690948,7.0,2.6079880253090524
andechs,dlinear,spring_2024,565,23,4.500014073379707,8.0,3.499985926620293
andechs,dlinear,spring_2024,566,23,4.5656271668230595,8.0,3.4343728331769405
andechs,dlinear,spring_2024,567,23,4.578431328200083,8.0,3.4215686717999167
andechs,dlinear,spring_2024,568,23,4.5382430186217295,8.0,3.4617569813782705
andechs,dlinear,spring_2024,569,23,4.551470100970433,8.0,3.448529899029567
andechs,dlinear,spring_2024,570,23,4.576753778667236,7.0,2.4232462213327643
andechs,dlinear,spring_2024,571,23,4.6141307155646505,7.0,2.3858692844353495
andechs,dlinear,spring_2024,572,23,4.5182083663876105,5.0,0.4817916336123895
andechs,dlinear,spring_2024,573,23,4.306967916130212,5.0,0.6930320838697881
andechs,dlinear,spring_2024,574,23,4.2109395161566265,4.0,0.21093951615662654
andechs,dlinear,spring_2024,575,23,4.1109894804089695,4.0,0.1109894804089695
andechs,dlinear,spring_2024,576,24,4.038097644251441,3.0,1.0380976442514411
andechs,dlinear,spring_2024,577,24,4.013151109690485,3.0,1.0131511096904848
andechs,dlinear,spring_2024,578,24,3.9302708555320622,3.0,0.9302708555320622
andechs,dlinear,spring_2024,579,24,3.8515685373384208,3.0,0.8515685373384208
andechs,dlinear,spring_2024,580,24,3.906238174988264,3.0,0.906238174988264
andechs,dlinear,spring_2024,581,24,4.21492605779333,4.0,0.2149260577933303
andechs,dlinear,spring_2024,582,24,4.484663722496444,5.0,0.5153362775035557
andechs,dlinear,spring_2024,583,24,4.737209972760356,6.0,1.2627900272396442
andechs,dlinear,spring_2024,584,24,4.904600194676815,7.0,2.0953998053231846
andechs,dlinear,spring_2024,585,24,5.047583037333236,8.0,2.9524169626667636
andechs,dlinear,spring_2024,586,24,5.187716032655699,9.0,3.8122839673443014
andechs,dlinear,spring_2024,587,24,5.24367611080031,7.0,1.75632388919969
andechs,dlinear,spring_2024,588,24,5.074286377229535,5.0,0.07428637722953457
andechs,dlinear,spring_2024,589,24,4.839415876386699,4.0,0.839415876386699
andechs,dlinear,spring_2024,590,24,4.544897023367492,5.0,0.4551029766325083
andechs,dlinear,spring_2024,591,24,4.249659290175408,5.0,0.7503407098245916
andechs,dlinear,spring_2024,592,24,3.9812366092076483,5.0,1.0187633907923517
andechs,dlinear,spring_2024,593,24,3.7904093578080142,5.0,1.2095906421919858
andechs,dlinear,spring_2024,594,24,3.628421277833491,6.0,2.371578722166509
andechs,dlinear,spring_2024,595,24,3.502409204037431,5.0,1.497590795962569
andechs,dlinear,spring_2024,596,24,3.4067213378776664,5.0,1.5932786621223336
andechs,dlinear,spring_2024,597,24,3.344746525243005,4.0,0.6552534747569951
andechs,dlinear,spring_2024,598,24,3.3033027304339067,4.0,0.6966972695660933
andechs,dlinear,spring_2024,599,24,3.377277688871815,3.0,0.377277688871815
andechs,dlinear,spring_2024,600,25,3.344769989296393,2.0,1.3447699892963931
andechs,dlinear,spring_2024,601,25,3.212263085627041,2.0,1.212263085627041
andechs,dlinear,spring_2024,602,25,3.0603674358462527,2.0,1.0603674358462527
andechs,dlinear,spring_2024,603,25,2.9390466332376692,2.0,0.9390466332376692
andechs,dlinear,spring_2024,604,25,2.8884017164926963,2.0,0.8884017164926963
andechs,dlinear,spring_2024,605,25,2.858198926915364,2.0,0.8581989269153638
andechs,dlinear,spring_2024,606,25,2.8276382452521363,2.0,0.8276382452521363
andechs,dlinear,spring_2024,607,25,2.859670346186528,1.0,1.8596703461865278
andechs,dlinear,spring_2024,608,25,2.965339093344367,2.0,0.9653390933443671
andechs,dlinear,spring_2024,609,25,3.129823794295824,2.0,1.1298237942958238
andechs,dlinear,spring_2024,610,25,3.3570840426560005,2.5,0.8570840426560005
andechs,dlinear,spring_2024,611,25,3.507098499366524,3.0,0.5070984993665242
andechs,dlinear,spring_2024,612,25,3.6403393471116985,3.25,0.3903393471116985
andechs,dlinear,spring_2024,613,25,3.683151024859182,3.0,0.6831510248591819
andechs,dlinear,spring_2024,614,25,3.637535818248774,4.2,0.5624641817512264
andechs,dlinear,spring_2024,615,25,3.5506833026616667,4.2,0.6493166973383335
andechs,dlinear,spring_2024,616,25,3.4395471484284377,4.18,0.740452851571562
andechs,dlinear,spring_2024,617,25,3.270288152929879,3.979999999999999,0.7097118470701202
andechs,dlinear,spring_2024,618,25,3.1146770067888667,4.16,1.0453229932111334
andechs,dlinear,spring_2024,619,25,2.9058114908892274,3.6,0.6941885091107727
andechs,dlinear,spring_2024,620,25,2.7184973312066187,3.5,0.7815026687933813
andechs,dlinear,spring_2024,621,25,2.561782282462647,2.92,0.3582177175373529
andechs,dlinear,spring_2024,622,25,2.4436406622073945,2.48,0.03635933779260547
andechs,dlinear,spring_2024,623,25,2.3107092233461017,2.06,0.2507092233461017
andechs,dlinear,spring_2024,624,26,2.1680062936861484,1.94,0.22800629368614844
andechs,dlinear,spring_2024,625,26,2.0343230149774687,1.42,0.6143230149774688
andechs,dlinear,spring_2024,626,26,1.96547515416052,1.18,0.78547515416052
andechs,dlinear,spring_2024,627,26,1.9338459884943093,3.0,1.0661540115056907
andechs,dlinear,spring_2024,628,26,1.9351641326978335,3.0,1.0648358673021665
andechs,dlinear,spring_2024,629,26,2.0028242510868948,3.0,0.9971757489131052
andechs,dlinear,spring_2024,630,26,2.09867583020546,3.0,0.90132416979454
andechs,dlinear,spring_2024,631,26,2.188127564521299,3.0,0.8118724354787008
andechs,dlinear,spring_2024,632,26,2.2861790950338348,3.0,0.7138209049661652
andechs,dlinear,spring_2024,633,26,2.4538392675735277,3.0,0.5461607324264723
andechs,dlinear,spring_2024,634,26,2.6060263364387195,3.0,0.3939736635612805
andechs,dlinear,spring_2024,635,26,2.7572105502929025,4.0,1.2427894497070975
andechs,dlinear,spring_2024,636,26,2.8249413162505466,5.0,2.1750586837494534
andechs,dlinear,spring_2024,637,26,2.8687137103655584,5.0,2.1312862896344416
andechs,dlinear,spring_2024,638,26,2.8473478804806875,4.0,1.1526521195193125
andechs,dlinear,spring_2024,639,26,2.9178899849336473,3.0,0.08211001506635274
andechs,dlinear,spring_2024,640,26,2.8427678354849295,3.0,0.1572321645150705
andechs,dlinear,spring_2024,641,26,2.7110179768710476,3.0,0.2889820231289524
andechs,dlinear,spring_2024,642,26,2.6092900959022933,2.0,0.6092900959022933
andechs,dlinear,spring_2024,643,26,2.399806277162698,2.0,0.399806277162698
andechs,dlinear,spring_2024,644,26,2.186841378615921,3.0,0.8131586213840789
andechs,dlinear,spring_2024,645,26,2.047490817062819,3.0,0.952509182937181
andechs,dlinear,spring_2024,646,26,1.9807225328835987,3.0,1.0192774671164013
andechs,dlinear,spring_2024,647,26,1.9758048486721274,2.0,0.024195151327872644
andechs,dlinear,spring_2024,648,27,1.9797973454833384,3.0,1.0202026545166616
andechs,dlinear,spring_2024,649,27,2.027002908334743,3.0,0.972997091665257
andechs,dlinear,spring_2024,650,27,2.141282368850765,3.0,0.858717631149235
andechs,dlinear,spring_2024,651,27,2.356898540019786,3.0,0.6431014599802141
andechs,dlinear,spring_2024,652,27,2.582776997521108,3.0,0.4172230024788921
andechs,dlinear,spring_2024,653,27,2.811458125585783,3.0,0.18854187441421688
andechs,dlinear,spring_2024,654,27,3.058319538274303,3.0,0.05831953827430292
andechs,dlinear,spring_2024,655,27,3.1923967298996327,4.0,0.8076032701003673
andechs,dlinear,spring_2024,656,27,3.2821758462551767,4.0,0.7178241537448233
andechs,dlinear,spring_2024,657,27,3.3777947383186517,4.0,0.6222052616813483
andechs,dlinear,spring_2024,658,27,3.3905126181904093,4.0,0.6094873818095907
andechs,dlinear,spring_2024,659,27,3.327162688501484,3.0,0.3271626885014838
andechs,dlinear,spring_2024,660,27,3.278012429080169,3.0,0.2780124290801691
andechs,dlinear,spring_2024,661,27,3.174679644810732,3.0,0.17467964481073217
andechs,dlinear,spring_2024,662,27,3.013904738403255,4.0,0.9860952615967449
andechs,dlinear,spring_2024,663,27,2.8009555114356415,4.0,1.1990444885643585
andechs,dlinear,spring_2024,664,27,2.7064597188040813,3.0,0.2935402811959187
andechs,dlinear,spring_2024,665,27,2.5976197509636143,3.0,0.4023802490363857
andechs,dlinear,spring_2024,666,27,2.457181084167884,4.0,1.542818915832116
andechs,dlinear,spring_2024,667,27,2.3760958588699843,4.0,1.6239041411300157
andechs,dlinear,spring_2024,668,27,2.3423659604422227,3.0,0.6576340395577773
andechs,dlinear,spring_2024,669,27,2.308746202251627,3.0,0.6912537977483728
andechs,dlinear,spring_2024,670,27,2.2532772712308953,2.0,0.2532772712308953
andechs,dlinear,spring_2024,671,27,2.2049426885381505,2.0,0.20494268853815045
andechs,dlinear,spring_2024,672,28,2.3049903232493816,2.0,0.3049903232493816
andechs,dlinear,spring_2024,673,28,2.436773603296757,3.0,0.5632263967032429
andechs,dlinear,spring_2024,674,28,2.6278186979173084,4.0,1.3721813020826916
andechs,dlinear,spring_2024,675,28,2.8014049869282722,5.0,2.1985950130717278
andechs,dlinear,spring_2024,676,28,2.9309452212478746,6.0,3.0690547787521254
andechs,dlinear,spring_2024,677,28,3.1462478122413096,6.0,2.8537521877586904
andechs,dlinear,spring_2024,678,28,3.3163571848823983,6.0,2.6836428151176017
andechs,dlinear,spring_2024,679,28,3.4254291659665554,5.0,1.5745708340334446
andechs,dlinear,spring_2024,680,28,3.5296825800594,7.0,3.4703174199406
andechs,dlinear,spring_2024,681,28,3.557575926346625,6.0,2.442424073653375
andechs,dlinear,spring_2024,682,28,3.53422102341558,5.0,1.4657789765844198
andechs,dlinear,spring_2024,683,28,3.4061656648636083,4.0,0.5938343351363917
andechs,dlinear,spring_2024,684,28,3.2719460552670423,2.0,1.2719460552670423
andechs,dlinear,spring_2024,685,28,3.11256690991225,2.0,1.1125669099122502
andechs,dlinear,spring_2024,686,28,2.93405183302421,2.0,0.9340518330242098
andechs,dlinear,spring_2024,687,28,2.7421209678572387,2.0,0.7421209678572387
andechs,dlinear,spring_2024,688,28,2.5401072639104902,1.0,1.5401072639104902
andechs,dlinear,spring_2024,689,28,2.3277156890011383,1.0,1.3277156890011383
andechs,dlinear,spring_2024,690,28,2.1918370345188602,1.0,1.1918370345188602
andechs,dlinear,spring_2024,691,28,2.064611168627759,1.0,1.064611168627759
andechs,dlinear,spring_2024,692,28,2.0137581201422448,1.0,1.0137581201422448
andechs,dlinear,spring_2024,693,28,2.024304745152423,1.0,1.0243047451524232
andechs,dlinear,spring_2024,694,28,2.047433696105204,1.0,1.047433696105204
andechs,dlinear,spring_2024,695,28,2.090295137836224,1.0,1.090295137836224
andechs,dlinear,spring_2024,696,29,2.215997314361761,1.0,1.2159973143617608
andechs,dlinear,spring_2024,697,29,2.3452739410622048,1.0,1.3452739410622048
andechs,dlinear,spring_2024,698,29,2.4312506060879864,1.0,1.4312506060879864
andechs,dlinear,spring_2024,699,29,2.496721835461817,2.0,0.49672183546181703
andechs,dlinear,spring_2024,700,29,2.56393416656818,2.0,0.5639341665681799
andechs,dlinear,spring_2024,701,29,2.6314456129641224,2.0,0.6314456129641224
andechs,dlinear,spring_2024,702,29,2.682092830226124,2.0,0.6820928302261242
andechs,dlinear,spring_2024,703,29,2.7572162751395166,2.0,0.7572162751395166
andechs,dlinear,spring_2024,704,29,2.839525865556211,2.0,0.8395258655562108
andechs,dlinear,spring_2024,705,29,2.897789349968261,2.0,0.897789349968261
andechs,dlinear,spring_2024,706,29,2.8790490829217728,2.0,0.8790490829217728
andechs,dlinear,spring_2024,707,29,2.974860616560802,2.0,0.974860616560802
andechs,dlinear,spring_2024,708,29,2.959811976212804,2.0,0.9598119762128041
andechs,dlinear,spring_2024,709,29,2.979882435629982,2.0,0.9798824356299818
andechs,dlinear,spring_2024,710,29,3.0191625881783137,3.0,0.019162588178313733
andechs,dlinear,spring_2024,711,29,2.9830821169008526,3.0,0.016917883099147435
andechs,dlinear,spring_2024,712,29,2.9076352201402207,2.0,0.9076352201402207
andechs,dlinear,spring_2024,713,29,2.813579560410985,2.0,0.813579560410985
andechs,dlinear,spring_2024,714,29,2.7342763850914453,3.0,0.2657236149085547
andechs,dlinear,spring_2024,715,29,2.723330974332752,3.0,0.27666902566724794
andechs,dlinear,spring_2024,716,29,2.7315224234085624,4.0,1.2684775765914376
andechs,dlinear,spring_2024,717,29,2.7171601097829194,3.0,0.28283989021708056
andechs,dlinear,spring_2024,718,29,2.694112839166842,3.0,0.30588716083315814
andechs,dlinear,spring_2024,719,29,2.6741107310640593,3.0,0.3258892689359407
andechs,dlinear,spring_2024,720,30,2.7923420638129706,3.0,0.20765793618702943
andechs,dlinear,spring_2024,721,30,2.9542745646750834,3.0,0.045725435324916575
andechs,dlinear,spring_2024,722,30,3.095089616714871,3.0,0.09508961671487093
andechs,dlinear,spring_2024,723,30,3.1599492132393197,3.0,0.15994921323931965
andechs,dlinear,spring_2024,724,30,3.2122227874551026,4.0,0.7877772125448974
andechs,dlinear,spring_2024,725,30,3.2265443727965657,4.0,0.7734556272034343
andechs,dlinear,spring_2024,726,30,3.196273264498024,4.0,0.8037267355019759
andechs,dlinear,spring_2024,727,30,3.1213291483029115,4.0,0.8786708516970885
andechs,dlinear,spring_2024,728,30,3.002178128036606,3.0,0.0021781280366059974
andechs,dlinear,spring_2024,729,30,2.8614772392237633,4.0,1.1385227607762367
andechs,dlinear,spring_2024,730,30,2.72432904104579,3.0,0.2756709589542101
andechs,dlinear,spring_2024,731,30,2.5642711824892026,3.0,0.4357288175107974
andechs,dlinear,spring_2024,732,30,2.3791391693731825,2.0,0.3791391693731825
andechs,dlinear,spring_2024,733,30,2.199635174244481,2.0,0.19963517424448085
andechs,dlinear,spring_2024,734,30,2.023207178376987,2.0,0.02320717837698716
andechs,dlinear,spring_2024,735,30,1.870007772348159,2.0,0.12999222765184104
andechs,dlinear,spring_2024,736,30,1.861617459637082,2.0,0.13838254036291797
andechs,dlinear,spring_2024,737,30,1.8616687455762637,2.0,0.13833125442373628
andechs,dlinear,spring_2024,738,30,1.9255925220125292,3.0,1.0744074779874708
andechs,dlinear,spring_2024,739,30,2.0004838401601064,3.0,0.9995161598398936
andechs,dlinear,spring_2024,740,30,1.9967463636398994,3.0,1.0032536363601006
andechs,dlinear,spring_2024,741,30,1.992125757401928,3.0,1.007874242598072
andechs,dlinear,spring_2024,742,30,1.9923897444147052,4.0,2.007610255585295
andechs,dlinear,spring_2024,743,30,2.116126808770089,3.0,0.8838731912299109
andechs,dlinear,spring_2024,744,31,2.239949855975417,3.0,0.760050144024583
andechs,dlinear,spring_2024,745,31,2.333401204043013,4.0,1.666598795956987
andechs,dlinear,spring_2024,746,31,2.5503800528547473,3.0,0.44961994714525266
andechs,dlinear,spring_2024,747,31,2.8399092633414513,3.0,0.16009073665854867
andechs,dlinear,spring_2024,748,31,3.1617237816746675,3.0,0.1617237816746675
andechs,dlinear,spring_2024,749,31,3.4866547600852846,7.0,3.5133452399147154
andechs,dlinear,spring_2024,750,31,3.7567123651388137,9.0,5.243287634861186
andechs,dlinear,spring_2024,751,31,3.959203163378697,8.0,4.040796836621303
andechs,dlinear,spring_2024,752,31,4.042821086519105,7.0,2.9571789134808952
andechs,dlinear,spring_2024,753,31,3.981970197239159,5.0,1.0180298027608412
andechs,dlinear,spring_2024,754,31,3.8877976954429565,6.0,2.1122023045570435
andechs,dlinear,spring_2024,755,31,3.819537692344672,6.0,2.180462307655328
andechs,dlinear,spring_2024,756,31,3.836515594290707,13.0,9.163484405709292
andechs,dlinear,spring_2024,757,31,3.759505861612262,9.0,5.240494138387739
andechs,dlinear,spring_2024,758,31,3.6237489448735483,8.0,4.376251055126452
andechs,dlinear,spring_2024,759,31,3.4805581239159684,7.0,3.5194418760840316
andechs,dlinear,spring_2024,760,31,3.3922401748376894,6.0,2.6077598251623106
andechs,dlinear,spring_2024,761,31,3.289981263248488,5.0,1.710018736751512
andechs,dlinear,spring_2024,762,31,3.17911428037175,5.0,1.82088571962825
andechs,dlinear,spring_2024,763,31,3.066050122572311,5.0,1.9339498774276889
andechs,dlinear,spring_2024,764,31,2.9677825094748225,5.0,2.0322174905251775
andechs,dlinear,spring_2024,765,31,2.9627534374907674,5.0,2.0372465625092326
andechs,dlinear,spring_2024,766,31,3.040044820908732,5.0,1.959955179091268
andechs,dlinear,spring_2024,767,31,3.1122891326868514,5.0,1.8877108673131486
andechs,dlinear,spring_2024,768,32,3.1740265232504945,6.0,2.8259734767495055
andechs,dlinear,spring_2024,769,32,3.322349108543245,7.0,3.677650891456755
andechs,dlinear,spring_2024,770,32,3.50626709138059,8.0,4.49373290861941
andechs,dlinear,spring_2024,771,32,3.6511379333614045,9.0,5.3488620666385955
andechs,dlinear,spring_2024,772,32,3.768004503654627,10.0,6.231995496345373
andechs,dlinear,spring_2024,773,32,3.9362039823689945,10.0,6.063796017631006
andechs,dlinear,spring_2024,774,32,4.124019166597932,11.0,6.875980833402068
andechs,dlinear,spring_2024,775,32,4.3270527878825105,10.0,5.6729472121174895
andechs,dlinear,spring_2024,776,32,4.410044534946831,7.0,2.589955465053169
andechs,dlinear,spring_2024,777,32,4.414534744166726,8.0,3.585465255833274
andechs,dlinear,spring_2024,778,32,4.28262717659767,8.0,3.7173728234023304
andechs,dlinear,spring_2024,779,32,4.103474778621706,8.0,3.896525221378294
andechs,dlinear,spring_2024,780,32,3.9472282435385737,8.0,4.052771756461427
andechs,dlinear,spring_2024,781,32,3.775263313342122,9.0,5.224736686657878
andechs,dlinear,spring_2024,782,32,3.637038221518638,10.0,6.3629617784813615
andechs,dlinear,spring_2024,783,32,3.5882343862625516,10.0,6.411765613737448
andechs,dlinear,spring_2024,784,32,3.433775945024455,10.0,6.566224054975545
andechs,dlinear,spring_2024,785,32,3.4955267235224303,11.0,7.50447327647757
andechs,dlinear,spring_2024,786,32,3.4894849524657348,11.0,7.510515047534265
andechs,dlinear,spring_2024,787,32,3.404823900278232,12.0,8.595176099721769
andechs,dlinear,spring_2024,788,32,3.3576762142087384,11.0,7.642323785791262
andechs,dlinear,spring_2024,789,32,3.437411844058249,11.0,7.562588155941751
andechs,dlinear,spring_2024,790,32,3.5771049174644034,11.0,7.422895082535597
andechs,dlinear,spring_2024,791,32,3.7273715586518668,12.0,8.272628441348132
andechs,dlinear,spring_2024,792,33,3.780869072476223,12.0,8.219130927523777
andechs,dlinear,spring_2024,793,33,3.828684191561913,11.0,7.171315808438087
andechs,dlinear,spring_2024,794,33,3.8852629937886083,11.0,7.114737006211392
andechs,dlinear,spring_2024,795,33,3.979513783313825,11.0,7.020486216686175
andechs,dlinear,spring_2024,796,33,4.082584220113881,10.0,5.917415779886119
andechs,dlinear,spring_2024,797,33,4.152183529121208,10.0,5.847816470878792
andechs,dlinear,spring_2024,798,33,4.190994002081046,10.0,5.809005997918954
andechs,dlinear,spring_2024,799,33,4.150566863155431,9.0,4.849433136844569
andechs,dlinear,spring_2024,800,33,4.036389996498645,9.0,4.963610003501355
andechs,dlinear,spring_2024,801,33,3.7895778360868473,7.0,3.2104221639131527
andechs,dlinear,spring_2024,802,33,3.4948752531619536,6.0,2.5051247468380464
andechs,dlinear,spring_2024,803,33,3.2336362658030793,4.0,0.7663637341969207
andechs,dlinear,spring_2024,804,33,3.2638830898237305,4.0,0.7361169101762695
andechs,dlinear,spring_2024,805,33,3.060958008122177,4.0,0.939041991877823
andechs,dlinear,spring_2024,806,33,2.822482843357482,4.0,1.177517156642518
andechs,dlinear,spring_2024,807,33,2.6664595370561055,5.0,2.3335404629438945
andechs,dlinear,spring_2024,808,33,2.593056750419892,5.0,2.406943249580108
andechs,dlinear,spring_2024,809,33,2.5005905863659312,4.0,1.4994094136340688
andechs,dlinear,spring_2024,810,33,2.340223867297381,2.0,0.34022386729738097
andechs,dlinear,spring_2024,811,33,2.1867419962420156,3.0,0.8132580037579844
andechs,dlinear,spring_2024,812,33,2.064548034926913,3.0,0.9354519650730868
andechs,dlinear,spring_2024,813,33,2.0175685176388205,3.0,0.9824314823611795
andechs,dlinear,spring_2024,814,33,1.97453973117329,2.0,0.025460268826710042
andechs,dlinear,spring_2024,815,33,1.9141668026301772,1.0,0.9141668026301772
andechs,dlinear,spring_2024,816,34,1.90331653356326,2.0,0.09668346643673997
andechs,dlinear,spring_2024,817,34,1.9703430292507917,3.0,1.0296569707492083
andechs,dlinear,spring_2024,818,34,2.10201037295463,4.0,1.8979896270453702
andechs,dlinear,spring_2024,819,34,2.261820568132617,4.0,1.7381794318673829
andechs,dlinear,spring_2024,820,34,2.4215175430725444,4.0,1.5784824569274556
andechs,dlinear,spring_2024,821,34,2.572556752409133,3.0,0.42744324759086716
andechs,dlinear,spring_2024,822,34,2.663980301462549,3.0,0.33601969853745084
andechs,dlinear,spring_2024,823,34,2.7264204610758975,3.0,0.27357953892410247
andechs,dlinear,spring_2024,824,34,2.814920186209886,3.0,0.18507981379011396
andechs,dlinear,spring_2024,825,34,2.843198544426173,3.0,0.15680145557382685
andechs,dlinear,spring_2024,826,34,2.747790158237019,3.0,0.2522098417629808
andechs,dlinear,spring_2024,827,34,2.673834575830797,3.0,0.3261654241692029
andechs,dlinear,spring_2024,828,34,2.644510588462221,2.0,0.6445105884622211
andechs,dlinear,spring_2024,829,34,2.570723965882231,3.0,0.4292760341177688
andechs,dlinear,spring_2024,830,34,2.371359733843275,2.0,0.37135973384327503
andechs,dlinear,spring_2024,831,34,2.229167841697032,2.0,0.22916784169703197
andechs,dlinear,spring_2024,832,34,2.280560036518064,2.0,0.28056003651806405
andechs,dlinear,spring_2024,833,34,2.310114232203421,2.0,0.31011423220342094
andechs,dlinear,spring_2024,834,34,2.3163847737631467,3.0,0.6836152262368533
andechs,dlinear,spring_2024,835,34,2.299564060314513,3.0,0.7004359396854869
andechs,dlinear,spring_2024,836,34,2.311804872393481,3.0,0.688195127606519
andechs,dlinear,spring_2024,837,34,2.3036409983115544,3.0,0.6963590016884456
andechs,dlinear,spring_2024,838,34,2.368747017471384,3.0,0.6312529825286162
andechs,dlinear,spring_2024,839,34,2.483931274946854,3.0,0.5160687250531462
andechs,dlinear,spring_2024,840,35,2.680053375298145,4.0,1.319946624701855
andechs,dlinear,spring_2024,841,35,2.8755094362524405,4.0,1.1244905637475595
andechs,dlinear,spring_2024,842,35,2.983667915299043,4.0,1.0163320847009572
andechs,dlinear,spring_2024,843,35,3.0625232815514756,4.0,0.9374767184485244
andechs,dlinear,spring_2024,844,35,3.1177419266922666,3.0,0.11774192669226657
andechs,dlinear,spring_2024,845,35,3.125653765105431,2.0,1.1256537651054308
andechs,dlinear,spring_2024,846,35,3.130367240621516,2.0,1.1303672406215162
andechs,dlinear,spring_2024,847,35,3.140255919157342,2.0,1.140255919157342
andechs,dlinear,spring_2024,848,35,3.1073967925118113,2.0,1.1073967925118113
andechs,dlinear,spring_2024,849,35,3.051017989167227,2.0,1.051017989167227
andechs,dlinear,spring_2024,850,35,2.960083977882572,2.0,0.9600839778825718
andechs,dlinear,spring_2024,851,35,2.819508269061452,2.0,0.8195082690614521
andechs,dlinear,spring_2024,852,35,2.7457621030714385,2.0,0.7457621030714385
andechs,dlinear,spring_2024,853,35,2.583520122158401,2.0,0.5835201221584012
andechs,dlinear,spring_2024,854,35,2.4677906779990852,2.0,0.46779067799908525
andechs,dlinear,spring_2024,855,35,2.3633984402869888,2.0,0.36339844028698876
andechs,dlinear,spring_2024,856,35,2.343150788838841,2.0,0.343150788838841
andechs,dlinear,spring_2024,857,35,2.396181044945578,2.0,0.3961810449455778
andechs,dlinear,spring_2024,858,35,2.452620096497518,3.0,0.547379903502482
andechs,dlinear,spring_2024,859,35,2.546836257124424,3.0,0.45316374287557615
andechs,dlinear,spring_2024,860,35,2.7238715072010193,3.0,0.27612849279898066
andechs,dlinear,spring_2024,861,35,2.967150667573505,4.0,1.032849332426495
andechs,dlinear,spring_2024,862,35,3.4117342975214946,4.0,0.5882657024785054
andechs,dlinear,spring_2024,863,35,3.774178985982195,5.0,1.225821014017805
andechs,dlinear,spring_2024,864,36,4.0200597606440365,8.0,3.9799402393559635
andechs,dlinear,spring_2024,865,36,4.131833552125014,9.0,4.868166447874986
andechs,dlinear,spring_2024,866,36,4.123373724672417,9.0,4.876626275327583
andechs,dlinear,spring_2024,867,36,4.07655713882918,7.0,2.9234428611708196
andechs,dlinear,spring_2024,868,36,4.029497794129423,6.0,1.9705022058705772
andechs,dlinear,spring_2024,869,36,3.979759728669224,5.0,1.0202402713307759
andechs,dlinear,spring_2024,870,36,3.9569994624680036,4.0,0.0430005375319964
andechs,dlinear,spring_2024,871,36,3.842905844732815,2.0,1.8429058447328148
andechs,dlinear,spring_2024,872,36,3.721111726722235,2.0,1.721111726722235
andechs,dlinear,spring_2024,873,36,3.590251903991975,3.0,0.5902519039919749
andechs,dlinear,spring_2024,874,36,3.4651434977343993,3.0,0.46514349773439934
andechs,dlinear,spring_2024,875,36,3.353802131151796,2.0,1.353802131151796
andechs,dlinear,spring_2024,876,36,3.2229092180273056,2.0,1.2229092180273056
andechs,dlinear,spring_2024,877,36,3.069198996260077,2.0,1.0691989962600772
andechs,dlinear,spring_2024,878,36,2.9426320556945456,2.0,0.9426320556945456
andechs,dlinear,spring_2024,879,36,2.8513538257282622,2.0,0.8513538257282622
andechs,dlinear,spring_2024,880,36,2.773993302967739,2.0,0.7739933029677388
andechs,dlinear,spring_2024,881,36,2.718978789547525,2.0,0.718978789547525
andechs,dlinear,spring_2024,882,36,2.742063209710241,3.0,0.2579367902897589
andechs,dlinear,spring_2024,883,36,2.887387203304498,3.0,0.11261279669550195
andechs,dlinear,spring_2024,884,36,3.0057287492636777,3.0,0.005728749263677724
andechs,dlinear,spring_2024,885,36,3.1090455674805866,3.0,0.10904556748058658
andechs,dlinear,spring_2024,886,36,3.1350455268268345,3.0,0.13504552682683446
andechs,dlinear,spring_2024,887,36,3.1487133316732208,3.0,0.14871333167322076
andechs,dlinear,spring_2024,888,37,3.1844785921198797,3.0,0.18447859211987971
andechs,dlinear,spring_2024,889,37,3.2498582492752153,4.0,0.7501417507247847
andechs,dlinear,spring_2024,890,37,3.337685549224668,3.0,0.337685549224668
andechs,dlinear,spring_2024,891,37,3.388174051859118,3.0,0.38817405185911813
andechs,dlinear,spring_2024,892,37,3.42646072540002,3.0,0.4264607254000201
andechs,dlinear,spring_2024,893,37,3.4584267365795336,3.0,0.4584267365795336
andechs,dlinear,spring_2024,894,37,3.4427172031749613,3.0,0.4427172031749613
andechs,dlinear,spring_2024,895,37,3.3643497514942036,2.0,1.3643497514942036
andechs,dlinear,spring_2024,896,37,3.247198853970177,2.0,1.2471988539701768
andechs,dlinear,spring_2024,897,37,3.1477120389510675,2.0,1.1477120389510675
andechs,dlinear,spring_2024,898,37,3.089472921864508,3.0,0.08947292186450806
andechs,dlinear,spring_2024,899,37,3.020016650064782,3.0,0.020016650064782038
andechs,dlinear,spring_2024,900,37,2.9378069852495767,3.0,0.06219301475042327
andechs,dlinear,spring_2024,901,37,2.888950620527041,3.0,0.11104937947295879
andechs,dlinear,spring_2024,902,37,2.8925398182135114,3.0,0.10746018178648864
andechs,dlinear,spring_2024,903,37,2.898183115030449,3.0,0.10181688496955088
andechs,dlinear,spring_2024,904,37,3.0190255239165213,3.0,0.019025523916521347
andechs,dlinear,spring_2024,905,37,3.347531478565325,4.0,0.6524685214346748
andechs,dlinear,spring_2024,906,37,3.55225116908353,5.0,1.44774883091647
andechs,dlinear,spring_2024,907,37,3.6946066440125347,5.0,1.3053933559874653
andechs,dlinear,spring_2024,908,37,3.730710843708267,5.0,1.269289156291733
andechs,dlinear,spring_2024,909,37,3.7249089267194804,5.0,1.2750910732805196
andechs,dlinear,spring_2024,910,37,3.7434933443861738,4.0,0.25650665561382624
andechs,dlinear,spring_2024,911,37,3.699008553790337,4.0,0.3009914462096628
andechs,dlinear,spring_2024,912,38,3.640653523960364,6.0,2.359346476039636
andechs,dlinear,spring_2024,913,38,3.5027718081239714,8.0,4.497228191876029
andechs,dlinear,spring_2024,914,38,3.3392925739777937,7.0,3.6607074260222063
andechs,dlinear,spring_2024,915,38,3.2553867458082077,7.0,3.7446132541917923
andechs,dlinear,spring_2024,916,38,3.2319811210750915,6.0,2.7680188789249085
andechs,dlinear,spring_2024,917,38,3.284413621776384,6.0,2.715586378223616
andechs,dlinear,spring_2024,918,38,3.277533729013481,5.0,1.7224662709865188
andechs,dlinear,spring_2024,919,38,3.3274755988554583,4.0,0.6725244011445417
andechs,dlinear,spring_2024,920,38,3.3519287186279145,3.0,0.3519287186279145
andechs,dlinear,spring_2024,921,38,3.314319214575821,4.0,0.6856807854241791
andechs,dlinear,spring_2024,922,38,3.2256941904824017,4.0,0.7743058095175983
andechs,dlinear,spring_2024,923,38,3.2066850120261456,4.0,0.7933149879738544
andechs,dlinear,spring_2024,924,38,3.3019192565388678,4.0,0.6980807434611322
andechs,dlinear,spring_2024,925,38,3.380577333003062,4.0,0.6194226669969378
andechs,dlinear,spring_2024,926,38,3.3621013683967096,5.0,1.6378986316032904
andechs,dlinear,spring_2024,927,38,3.371099755410457,5.0,1.628900244589543
andechs,dlinear,spring_2024,928,38,3.4320091042058896,5.0,1.5679908957941104
andechs,dlinear,spring_2024,929,38,3.5623597358515386,6.0,2.4376402641484614
andechs,dlinear,spring_2024,930,38,3.7002407041848495,7.0,3.2997592958151505
andechs,dlinear,spring_2024,931,38,3.8467505606266483,7.0,3.1532494393733517
andechs,dlinear,spring_2024,932,38,4.02483477482182,7.0,2.9751652251781797
andechs,dlinear,spring_2024,933,38,4.196659299723638,8.0,3.8033407002763617
andechs,dlinear,spring_2024,934,38,4.346176716353057,7.0,2.6538232836469433
andechs,dlinear,spring_2024,935,38,4.399346177565452,7.0,2.6006538224345483
andechs,dlinear,spring_2024,936,39,4.382187432364669,7.0,2.6178125676353314
andechs,dlinear,spring_2024,937,39,4.323268741208873,7.0,2.6767312587911274
andechs,dlinear,spring_2024,938,39,4.189380645298356,7.0,2.810619354701644
andechs,dlinear,spring_2024,939,39,3.9956181216954856,7.0,3.0043818783045144
andechs,dlinear,spring_2024,940,39,3.9034258270108015,7.0,3.0965741729891985
andechs,dlinear,spring_2024,941,39,3.9250698164735045,7.0,3.0749301835264955
andechs,dlinear,spring_2024,942,39,3.963604442240837,7.0,3.036395557759163
andechs,dlinear,spring_2024,943,39,3.850767435607601,6.0,2.149232564392399
andechs,dlinear,spring_2024,944,39,3.729998904450458,6.0,2.270001095549542
andechs,dlinear,spring_2024,945,39,3.5854580231875097,7.0,3.4145419768124903
andechs,dlinear,spring_2024,946,39,3.441555194224033,8.0,4.558444805775967
andechs,dlinear,spring_2024,947,39,3.427502806676287,10.0,6.572497193323713
andechs,dlinear,spring_2024,948,39,3.5453867912535184,10.0,6.454613208746482
andechs,dlinear,spring_2024,949,39,3.6276447185258154,10.0,6.372355281474185
andechs,dlinear,spring_2024,950,39,3.6945166288981803,10.0,6.30548337110182
andechs,dlinear,spring_2024,951,39,3.772920899935199,11.0,7.227079100064801
andechs,dlinear,spring_2024,952,39,3.9096570380467957,11.0,7.090342961953205
andechs,dlinear,spring_2024,953,39,4.086314201657383,12.0,7.913685798342617
andechs,dlinear,spring_2024,954,39,4.260055783908449,14.0,9.739944216091551
andechs,dlinear,spring_2024,955,39,4.422363210892876,13.0,8.577636789107125
andechs,dlinear,spring_2024,956,39,4.5345321170879185,12.0,7.4654678829120815
andechs,dlinear,spring_2024,957,39,4.635252199450981,12.0,7.364747800549019
andechs,dlinear,spring_2024,958,39,4.6655579996239265,12.0,7.3344420003760735
andechs,dlinear,spring_2024,959,39,4.64758039776236,11.0,6.35241960223764
andechs,dlinear,spring_2024,960,40,4.589603802658894,10.0,5.410396197341106
andechs,dlinear,spring_2024,961,40,4.604930907276344,9.0,4.395069092723656
andechs,dlinear,spring_2024,962,40,4.616028580162851,8.0,3.383971419837149
andechs,dlinear,spring_2024,963,40,4.605558107031753,8.0,3.3944418929682474
andechs,dlinear,spring_2024,964,40,4.542814969302016,8.0,3.4571850306979837
andechs,dlinear,spring_2024,965,40,4.5330565227609565,8.0,3.4669434772390435
andechs,dlinear,spring_2024,966,40,4.406166390617418,8.0,3.593833609382582
andechs,dlinear,spring_2024,967,40,4.179748855081453,7.0,2.8202511449185472
andechs,dlinear,spring_2024,968,40,3.9980670295667737,7.0,3.0019329704332263
andechs,dlinear,spring_2024,969,40,3.7554031530233063,8.0,4.244596846976694
andechs,dlinear,spring_2024,970,40,3.584548574875244,8.0,4.415451425124756
andechs,dlinear,spring_2024,971,40,3.551175634341905,9.0,5.448824365658095
andechs,dlinear,spring_2024,972,40,3.5750220657490335,10.0,6.4249779342509665
andechs,dlinear,spring_2024,973,40,3.6522501970813193,10.0,6.347749802918681
andechs,dlinear,spring_2024,974,40,3.686611850124075,10.0,6.313388149875925
andechs,dlinear,spring_2024,975,40,3.664926177564332,9.0,5.3350738224356675
andechs,dlinear,spring_2024,976,40,3.6794158835022674,8.0,4.3205841164977326
andechs,dlinear,spring_2024,977,40,3.6328129279900816,7.0,3.3671870720099184
andechs,dlinear,spring_2024,978,40,3.5623444427502284,6.0,2.4376555572497716
andechs,dlinear,spring_2024,979,40,3.50849461436855,6.0,2.49150538563145
andechs,dlinear,spring_2024,980,40,3.369336096524362,6.0,2.630663903475638
andechs,dlinear,spring_2024,981,40,3.23067525488409,6.0,2.76932474511591
andechs,dlinear,spring_2024,982,40,3.120834101119784,5.0,1.879165898880216
andechs,dlinear,spring_2024,983,40,3.040144119624447,5.0,1.959855880375553
andechs,dlinear,spring_2024,984,41,3.028500071122661,3.0,0.02850007112266084
andechs,dlinear,spring_2024,985,41,3.059434581385898,3.0,0.05943458138589808
andechs,dlinear,spring_2024,986,41,3.1638297940363787,3.0,0.16382979403637865
andechs,dlinear,spring_2024,987,41,3.269977536439147,3.0,0.2699775364391468
andechs,dlinear,spring_2024,988,41,3.314035703734216,3.0,0.31403570373421585
andechs,dlinear,spring_2024,989,41,3.3119635794734528,3.0,0.31196357947345277
andechs,dlinear,spring_2024,990,41,3.3673624380769747,3.0,0.36736243807697466
andechs,dlinear,spring_2024,991,41,3.2673649921696164,3.0,0.2673649921696164
andechs,dlinear,spring_2024,992,41,3.1263843133273794,2.5,0.6263843133273794
andechs,dlinear,spring_2024,993,41,2.998232064769166,2.0,0.9982320647691658
andechs,dlinear,spring_2024,994,41,2.8413161770962545,2.0,0.8413161770962545
andechs,dlinear,spring_2024,995,41,2.673629791571178,2.0,0.673629791571178
andechs,dlinear,spring_2024,996,41,2.614735195014261,2.0,0.6147351950142612
andechs,dlinear,spring_2024,997,41,2.5875485526998094,3.0,0.41245144730019057
andechs,dlinear,spring_2024,998,41,2.589055715278412,2.0,0.5890557152784122
andechs,dlinear,spring_2024,999,41,2.6572672287777936,3.0,0.34273277122220636
andechs,dlinear,spring_2024,1000,41,2.758622331967981,2.0,0.758622331967981
andechs,dlinear,spring_2024,1001,41,2.7047310771486623,2.0,0.7047310771486623
andechs,dlinear,spring_2024,1002,41,2.590414936711749,2.0,0.590414936711749
andechs,dlinear,spring_2024,1003,41,2.5087289855121706,2.0,0.5087289855121706
andechs,dlinear,spring_2024,1004,41,2.376207089513556,3.0,0.6237929104864439
andechs,dlinear,spring_2024,1005,41,2.3064256340435043,3.0,0.6935743659564957
andechs,dlinear,spring_2024,1006,41,2.219196356901434,2.0,0.2191963569014339
andechs,dlinear,spring_2024,1007,41,2.1481216142604436,2.0,0.14812161426044357
andechs,dlinear,spring_2024,1008,42,2.1990206527257286,2.0,0.19902065272572855
andechs,dlinear,spring_2024,1009,42,2.2775610819699392,2.0,0.2775610819699392
andechs,dlinear,spring_2024,1010,42,2.3712505105035135,2.0,0.37125051050351354
andechs,dlinear,spring_2024,1011,42,2.4627981494209257,2.0,0.4627981494209257
andechs,dlinear,spring_2024,1012,42,2.5300267329838695,2.0,0.5300267329838695
andechs,dlinear,spring_2024,1013,42,2.590652980444088,2.0,0.5906529804440881
andechs,dlinear,spring_2024,1014,42,2.643147442740268,2.0,0.6431474427402679
andechs,dlinear,spring_2024,1015,42,2.681262010300019,2.0,0.6812620103000189
andechs,dlinear,spring_2024,1016,42,2.7072404018533884,2.0,0.7072404018533884
andechs,dlinear,spring_2024,1017,42,2.6926666493840727,2.0,0.6926666493840727
andechs,dlinear,spring_2024,1018,42,2.6649818043223674,2.0,0.6649818043223674
andechs,dlinear,spring_2024,1019,42,2.6333864570228878,2.0,0.6333864570228878
andechs,dlinear,spring_2024,1020,42,2.660162142309876,2.0,0.660162142309876
andechs,dlinear,spring_2024,1021,42,2.6148955416481066,2.0,0.6148955416481066
andechs,dlinear,spring_2024,1022,42,2.577282044846733,2.0,0.5772820448467328
andechs,dlinear,spring_2024,1023,42,2.528749464686529,2.0,0.5287494646865292
andechs,dlinear,spring_2024,1024,42,2.5501269045700723,2.0,0.5501269045700723
andechs,dlinear,spring_2024,1025,42,2.5853520634657703,2.0,0.5853520634657703
andechs,dlinear,spring_2024,1026,42,2.6228697741308924,2.0,0.6228697741308924
andechs,dlinear,spring_2024,1027,42,2.6661855821650784,3.0,0.3338144178349216
andechs,dlinear,spring_2024,1028,42,2.6464584698452738,3.0,0.3535415301547262
andechs,dlinear,spring_2024,1029,42,2.8346717299053124,3.0,0.16532827009468765
andechs,dlinear,spring_2024,1030,42,2.897485882562983,3.0,0.10251411743701722
andechs,dlinear,spring_2024,1031,42,2.8922152452951213,2.0,0.8922152452951213
andechs,dlinear,spring_2024,1032,43,2.914501083573776,3.0,0.08549891642622409
andechs,dlinear,spring_2024,1033,43,2.959480919570245,3.0,0.04051908042975505
andechs,dlinear,spring_2024,1034,43,2.9823365100700303,4.0,1.0176634899299697
andechs,dlinear,spring_2024,1035,43,2.9608954061142905,3.0,0.03910459388570953
andechs,dlinear,spring_2024,1036,43,2.918460969692595,3.0,0.08153903030740484
andechs,dlinear,spring_2024,1037,43,2.8967701277166764,3.0,0.10322987228332359
andechs,dlinear,spring_2024,1038,43,2.8472340154785765,2.0,0.8472340154785765
andechs,dlinear,spring_2024,1039,43,2.799285765504006,3.0,0.2007142344959938
andechs,dlinear,spring_2024,1040,43,2.7889620736894845,3.0,0.21103792631051554
andechs,dlinear,spring_2024,1041,43,2.806941080226437,2.0,0.8069410802264372
andechs,dlinear,spring_2024,1042,43,2.859466610391026,3.0,0.140533389608974
andechs,dlinear,spring_2024,1043,43,2.8653275619196608,2.0,0.8653275619196608
andechs,dlinear,spring_2024,1044,43,2.8293757814337,2.0,0.8293757814337002
andechs,dlinear,spring_2024,1045,43,2.798499309394911,3.0,0.2015006906050889
andechs,dlinear,spring_2024,1046,43,2.6907553412718155,2.0,0.6907553412718155
andechs,dlinear,spring_2024,1047,43,2.5954856963306066,2.0,0.5954856963306066
andechs,dlinear,spring_2024,1048,43,2.570945171070155,2.0,0.570945171070155
andechs,dlinear,spring_2024,1049,43,2.5537392491178457,2.0,0.5537392491178457
andechs,dlinear,spring_2024,1050,43,2.627862288569493,3.0,0.3721377114305069
andechs,dlinear,spring_2024,1051,43,2.8149412994608447,4.0,1.1850587005391553
andechs,dlinear,spring_2024,1052,43,3.078008859519033,5.0,1.921991140480967
andechs,dlinear,spring_2024,1053,43,3.3879746862375058,5.0,1.6120253137624942
andechs,dlinear,spring_2024,1054,43,3.6678036954609943,5.0,1.3321963045390057
andechs,dlinear,spring_2024,1055,43,3.8283557978651235,6.0,2.1716442021348765
andechs,dlinear,summer_2024,0,0,3.6952541834757215,1.0,2.6952541834757215
andechs,dlinear,summer_2024,1,0,3.8897190748205173,2.0,1.8897190748205173
andechs,dlinear,summer_2024,2,0,3.5334584901078268,1.0,2.5334584901078268
andechs,dlinear,summer_2024,3,0,2.8881882103895933,1.0,1.8881882103895933
andechs,dlinear,summer_2024,4,0,2.343120004906467,1.0,1.343120004906467
andechs,dlinear,summer_2024,5,0,2.0863006883707804,1.0,1.0863006883707804
andechs,dlinear,summer_2024,6,0,1.7972272069179773,1.0,0.7972272069179773
andechs,dlinear,summer_2024,7,0,1.7558606501729415,1.0,0.7558606501729415
andechs,dlinear,summer_2024,8,0,1.9615899296772685,1.0,0.9615899296772685
andechs,dlinear,summer_2024,9,0,2.1136979244092107,1.0,1.1136979244092107
andechs,dlinear,summer_2024,10,0,2.519588973112865,1.0,1.5195889731128651
andechs,dlinear,summer_2024,11,0,3.077884073061976,2.0,1.077884073061976
andechs,dlinear,summer_2024,12,0,3.2374035953317146,1.0,2.2374035953317146
andechs,dlinear,summer_2024,13,0,3.5781385084041495,1.0,2.5781385084041495
andechs,dlinear,summer_2024,14,0,4.042057179839619,1.0,3.0420571798396194
andechs,dlinear,summer_2024,15,0,4.063941659718753,1.0,3.063941659718753
andechs,dlinear,summer_2024,16,0,4.032860048414507,1.0,3.0328600484145074
andechs,dlinear,summer_2024,17,0,4.362144921314561,1.0,3.3621449213145613
andechs,dlinear,summer_2024,18,0,4.642919026842004,2.0,2.642919026842004
andechs,dlinear,summer_2024,19,0,4.478064088281457,2.0,2.4780640882814566
andechs,dlinear,summer_2024,20,0,4.241924014400505,2.0,2.241924014400505
andechs,dlinear,summer_2024,21,0,3.960299700752106,2.0,1.9602997007521061
andechs,dlinear,summer_2024,22,0,3.5701501145635355,2.0,1.5701501145635355
andechs,dlinear,summer_2024,23,0,3.5183506880951025,2.0,1.5183506880951025
andechs,dlinear,summer_2024,24,1,3.5086392843183445,2.0,1.5086392843183445
andechs,dlinear,summer_2024,25,1,3.600291888904768,2.0,1.600291888904768
andechs,dlinear,summer_2024,26,1,3.4486929687372454,2.0,1.4486929687372454
andechs,dlinear,summer_2024,27,1,3.2994987531986317,2.0,1.2994987531986317
andechs,dlinear,summer_2024,28,1,3.7893375702369996,2.0,1.7893375702369996
andechs,dlinear,summer_2024,29,1,4.353337028712977,2.0,2.3533370287129767
andechs,dlinear,summer_2024,30,1,4.824515734758699,2.0,2.824515734758699
andechs,dlinear,summer_2024,31,1,4.936873481838447,2.0,2.9368734818384468
andechs,dlinear,summer_2024,32,1,4.893232655926072,2.0,2.893232655926072
andechs,dlinear,summer_2024,33,1,5.085006443524158,2.0,3.0850064435241578
andechs,dlinear,summer_2024,34,1,5.475040436602148,2.0,3.475040436602148
andechs,dlinear,summer_2024,35,1,4.973622886925144,1.0,3.9736228869251438
andechs,dlinear,summer_2024,36,1,4.480584280121157,1.0,3.480584280121157
andechs,dlinear,summer_2024,37,1,4.586338778041549,1.0,3.586338778041549
andechs,dlinear,summer_2024,38,1,4.335136881139399,1.0,3.335136881139399
andechs,dlinear,summer_2024,39,1,3.951739810666963,1.0,2.951739810666963
andechs,dlinear,summer_2024,40,1,3.8089700917138267,1.0,2.8089700917138267
andechs,dlinear,summer_2024,41,1,3.9087283276952816,2.0,1.9087283276952816
andechs,dlinear,summer_2024,42,1,3.8025775449832877,2.0,1.8025775449832877
andechs,dlinear,summer_2024,43,1,3.7415655045759086,1.0,2.7415655045759086
andechs,dlinear,summer_2024,44,1,4.160758396113204,2.0,2.160758396113204
andechs,dlinear,summer_2024,45,1,4.337769786893272,2.0,2.337769786893272
andechs,dlinear,summer_2024,46,1,4.110671429742335,2.0,2.110671429742335
andechs,dlinear,summer_2024,47,1,3.8715714428320522,2.0,1.8715714428320522
andechs,dlinear,summer_2024,48,2,3.551498953930423,2.0,1.5514989539304231
andechs,dlinear,summer_2024,49,2,3.046918580605345,2.0,1.046918580605345
andechs,dlinear,summer_2024,50,2,2.341351137619011,1.0,1.3413511376190108
andechs,dlinear,summer_2024,51,2,1.668304756809107,1.0,0.668304756809107
andechs,dlinear,summer_2024,52,2,1.3366019373123113,1.0,0.33660193731231125
andechs,dlinear,summer_2024,53,2,1.1907128751265441,1.0,0.1907128751265441
andechs,dlinear,summer_2024,54,2,1.0586029704150892,1.0,0.05860297041508922
andechs,dlinear,summer_2024,55,2,0.7856175176396754,1.0,0.21438248236032464
andechs,dlinear,summer_2024,56,2,0.5733508604062978,0.9,0.32664913959370223
andechs,dlinear,summer_2024,57,2,0.46396186013799046,0.8,0.3360381398620096
andechs,dlinear,summer_2024,58,2,0.37236935095346624,0.6,0.22763064904653374
andechs,dlinear,summer_2024,59,2,0.337169276675489,0.7,0.36283072332451094
andechs,dlinear,summer_2024,60,2,0.18778039286936288,0.6,0.4122196071306371
andechs,dlinear,summer_2024,61,2,0.4096987331658939,0.7,0.29030126683410606
andechs,dlinear,summer_2024,62,2,0.5349509597587145,0.6,0.06504904024128544
andechs,dlinear,summer_2024,63,2,0.7557428628519451,0.8,0.044257137148054904
andechs,dlinear,summer_2024,64,2,1.2116877052337625,1.0,0.21168770523376246
andechs,dlinear,summer_2024,65,2,1.1420227159953305,1.0,0.14202271599533045
andechs,dlinear,summer_2024,66,2,0.983390986533963,1.0,0.016609013466037048
andechs,dlinear,summer_2024,67,2,0.7538228459174778,1.0,0.24617715408252216
andechs,dlinear,summer_2024,68,2,0.6490229650822785,0.9,0.2509770349177215
andechs,dlinear,summer_2024,69,2,0.6371011743379276,0.8,0.16289882566207248
andechs,dlinear,summer_2024,70,2,0.5706917375293665,0.6,0.02930826247063345
andechs,dlinear,summer_2024,71,2,0.49895613310421005,0.5,0.0010438668957899466
andechs,dlinear,summer_2024,72,3,0.4369522044181142,0.8,0.3630477955818858
andechs,dlinear,summer_2024,73,3,0.4334546321391928,1.0,0.5665453678608072
andechs,dlinear,summer_2024,74,3,0.3407983667772898,1.0,0.6592016332227102
andechs,dlinear,summer_2024,75,3,0.3651972209862837,1.0,0.6348027790137163
andechs,dlinear,summer_2024,76,3,0.5408602233183606,2.0,1.4591397766816394
andechs,dlinear,summer_2024,77,3,0.9212160133411853,1.0,0.0787839866588147
andechs,dlinear,summer_2024,78,3,1.2926841693575737,1.0,0.2926841693575737
andechs,dlinear,summer_2024,79,3,1.321294904516296,3.0,1.678705095483704
andechs,dlinear,summer_2024,80,3,1.4874847451571478,3.0,1.5125152548428522
andechs,dlinear,summer_2024,81,3,2.042663802186628,3.0,0.9573361978133721
andechs,dlinear,summer_2024,82,3,2.600923142894662,3.0,0.3990768571053378
andechs,dlinear,summer_2024,83,3,2.9278217921738965,3.0,0.07217820782610351
andechs,dlinear,summer_2024,84,3,2.7110188401443214,3.0,0.2889811598556786
andechs,dlinear,summer_2024,85,3,2.303857961901473,2.0,0.30385796190147296
andechs,dlinear,summer_2024,86,3,2.2412010813353147,2.0,0.2412010813353147
andechs,dlinear,summer_2024,87,3,2.2101001152120543,2.0,0.2101001152120543
andechs,dlinear,summer_2024,88,3,2.460831629455424,3.0,0.539168370544576
andechs,dlinear,summer_2024,89,3,2.97152715734268,3.0,0.028472842657320196
andechs,dlinear,summer_2024,90,3,3.2635169231531815,3.0,0.26351692315318154
andechs,dlinear,summer_2024,91,3,3.6991928541965446,3.0,0.6991928541965446
andechs,dlinear,summer_2024,92,3,3.8100665836187995,4.0,0.18993341638120054
andechs,dlinear,summer_2024,93,3,3.2751568362944106,3.0,0.27515683629441057
andechs,dlinear,summer_2024,94,3,2.7437127756599944,3.0,0.2562872243400056
andechs,dlinear,summer_2024,95,3,2.377163933672157,3.0,0.6228360663278432
andechs,dlinear,summer_2024,96,4,2.3319037271347076,3.0,0.6680962728652924
andechs,dlinear,summer_2024,97,4,2.6096538135289156,4.0,1.3903461864710844
andechs,dlinear,summer_2024,98,4,2.683432103870248,4.0,1.3165678961297518
andechs,dlinear,summer_2024,99,4,2.410633851708983,3.0,0.5893661482910169
andechs,dlinear,summer_2024,100,4,2.199811105408142,4.0,1.8001888945918578
andechs,dlinear,summer_2024,101,4,1.8946121055952743,3.0,1.1053878944047257
andechs,dlinear,summer_2024,102,4,1.608935742132557,3.0,1.391064257867443
andechs,dlinear,summer_2024,103,4,1.5335507080765503,3.0,1.4664492919234497
andechs,dlinear,summer_2024,104,4,1.641784307642454,3.0,1.358215692357546
andechs,dlinear,summer_2024,105,4,1.8373208115426265,2.0,0.1626791884573735
andechs,dlinear,summer_2024,106,4,1.9660998816984843,2.0,0.033900118301515736
andechs,dlinear,summer_2024,107,4,2.2406001331495,2.0,0.24060013314950002
andechs,dlinear,summer_2024,108,4,2.679783088402219,3.0,0.3202169115977811
andechs,dlinear,summer_2024,109,4,3.5647166544126536,3.0,0.5647166544126536
andechs,dlinear,summer_2024,110,4,4.713429547092112,3.0,1.7134295470921117
andechs,dlinear,summer_2024,111,4,5.6953666963067855,3.0,2.6953666963067855
andechs,dlinear,summer_2024,112,4,6.593650362804247,4.0,2.5936503628042473
andechs,dlinear,summer_2024,113,4,6.686685653521669,4.0,2.6866856535216694
andechs,dlinear,summer_2024,114,4,6.315590014942867,4.0,2.3155900149428668
andechs,dlinear,summer_2024,115,4,5.775560922691092,5.0,0.775560922691092
andechs,dlinear,summer_2024,116,4,5.54329629037789,5.0,0.5432962903778904
andechs,dlinear,summer_2024,117,4,5.172687529700934,5.0,0.1726875297009336
andechs,dlinear,summer_2024,118,4,4.790268382024912,6.0,1.2097316179750877
andechs,dlinear,summer_2024,119,4,4.656332447645778,5.0,0.34366755235422186
andechs,dlinear,summer_2024,120,5,4.725014913905459,5.0,0.2749850860945413
andechs,dlinear,summer_2024,121,5,4.643049686448677,6.0,1.356950313551323
andechs,dlinear,summer_2024,122,5,4.29054422086708,6.0,1.7094557791329201
andechs,dlinear,summer_2024,123,5,4.011002533230475,6.0,1.9889974667695247
andechs,dlinear,summer_2024,124,5,3.8415006479259244,6.0,2.1584993520740756
andechs,dlinear,summer_2024,125,5,4.178424032721899,6.0,1.8215759672781013
andechs,dlinear,summer_2024,126,5,4.070881566214931,5.0,0.9291184337850691
andechs,dlinear,summer_2024,127,5,3.8304465925287716,3.0,0.8304465925287716
andechs,dlinear,summer_2024,128,5,4.1033454494600665,4.0,0.10334544946006652
andechs,dlinear,summer_2024,129,5,4.762487418618095,3.0,1.762487418618095
andechs,dlinear,summer_2024,130,5,5.430886570625568,4.0,1.4308865706255682
andechs,dlinear,summer_2024,131,5,6.289662004529005,4.0,2.2896620045290046
andechs,dlinear,summer_2024,132,5,6.997092266338081,4.0,2.997092266338081
andechs,dlinear,summer_2024,133,5,7.742807947531097,5.0,2.742807947531097
andechs,dlinear,summer_2024,134,5,8.516572155065946,5.0,3.516572155065946
andechs,dlinear,summer_2024,135,5,9.661584769839152,9.0,0.6615847698391519
andechs,dlinear,summer_2024,136,5,9.93888888622271,10.0,0.06111111377729017
andechs,dlinear,summer_2024,137,5,8.615056863355766,7.0,1.6150568633557665
andechs,dlinear,summer_2024,138,5,6.909082288296929,6.0,0.9090822882969292
andechs,dlinear,summer_2024,139,5,5.771822612301952,7.0,1.2281773876980484
andechs,dlinear,summer_2024,140,5,5.0778145211804,7.0,1.9221854788195998
andechs,dlinear,summer_2024,141,5,4.395474768791747,6.0,1.6045252312082532
andechs,dlinear,summer_2024,142,5,3.500912840055955,4.0,0.49908715994404496
andechs,dlinear,summer_2024,143,5,2.7628393136388913,4.0,1.2371606863611087
andechs,dlinear,summer_2024,144,6,2.3023455626322864,3.0,0.6976544373677136
andechs,dlinear,summer_2024,145,6,1.9546191089162486,2.0,0.04538089108375143
andechs,dlinear,summer_2024,146,6,1.6876497091722813,3.0,1.3123502908277187
andechs,dlinear,summer_2024,147,6,1.7029173077432693,3.0,1.2970826922567307
andechs,dlinear,summer_2024,148,6,1.954034624806284,3.0,1.045965375193716
andechs,dlinear,summer_2024,149,6,1.9110848070064224,3.0,1.0889151929935776
andechs,dlinear,summer_2024,150,6,2.052245935769301,3.0,0.9477540642306992
andechs,dlinear,summer_2024,151,6,2.8153672703217847,3.0,0.1846327296782153
andechs,dlinear,summer_2024,152,6,3.5055468064008317,3.0,0.5055468064008317
andechs,dlinear,summer_2024,153,6,3.92371275214166,3.0,0.9237127521416602
andechs,dlinear,summer_2024,154,6,4.40180603434264,4.0,0.4018060343426404
andechs,dlinear,summer_2024,155,6,4.917379993289627,4.0,0.9173799932896269
andechs,dlinear,summer_2024,156,6,4.930875383346623,3.0,1.9308753833466232
andechs,dlinear,summer_2024,157,6,4.486368702713966,3.0,1.4863687027139658
andechs,dlinear,summer_2024,158,6,5.127119356967754,4.0,1.1271193569677536
andechs,dlinear,summer_2024,159,6,5.7936643378215775,4.0,1.7936643378215775
andechs,dlinear,summer_2024,160,6,6.0012911659899055,5.0,1.0012911659899055
andechs,dlinear,summer_2024,161,6,6.0693899206528705,5.0,1.0693899206528705
andechs,dlinear,summer_2024,162,6,6.448531741382543,6.0,0.4485317413825429
andechs,dlinear,summer_2024,163,6,6.945675163001042,6.0,0.9456751630010416
andechs,dlinear,summer_2024,164,6,7.144928453765779,7.0,0.1449284537657789
andechs,dlinear,summer_2024,165,6,7.007813212983302,7.0,0.007813212983301732
andechs,dlinear,summer_2024,166,6,6.841320531241798,7.0,0.15867946875820227
andechs,dlinear,summer_2024,167,6,6.55165341041453,7.0,0.44834658958547013
andechs,dlinear,summer_2024,168,7,6.232505963759313,6.0,0.23250596375931298
andechs,dlinear,summer_2024,169,7,6.002982181385689,6.0,0.0029821813856889534
andechs,dlinear,summer_2024,170,7,5.8663153415300116,6.0,0.13368465846998845
andechs,dlinear,summer_2024,171,7,6.047545845001633,6.0,0.047545845001632614
andechs,dlinear,summer_2024,172,7,6.0097009004732325,5.0,1.0097009004732325
andechs,dlinear,summer_2024,173,7,6.163854186585745,7.0,0.8361458134142552
andechs,dlinear,summer_2024,174,7,6.125882024056267,6.0,0.12588202405626703
andechs,dlinear,summer_2024,175,7,5.762841010654191,5.0,0.7628410106541912
andechs,dlinear,summer_2024,176,7,5.05868152143241,3.0,2.05868152143241
andechs,dlinear,summer_2024,177,7,4.255662232155808,2.0,2.2556622321558084
andechs,dlinear,summer_2024,178,7,3.640085052349783,2.0,1.6400850523497832
andechs,dlinear,summer_2024,179,7,3.4116223079963652,2.0,1.4116223079963652
andechs,dlinear,summer_2024,180,7,3.1182047336362295,2.0,1.1182047336362295
andechs,dlinear,summer_2024,181,7,3.1077507847905887,2.0,1.1077507847905887
andechs,dlinear,summer_2024,182,7,3.4880463696156783,3.0,0.48804636961567827
andechs,dlinear,summer_2024,183,7,3.816923462757108,3.0,0.8169234627571078
andechs,dlinear,summer_2024,184,7,4.043119882940339,2.0,2.0431198829403394
andechs,dlinear,summer_2024,185,7,4.3872991917120565,3.0,1.3872991917120565
andechs,dlinear,summer_2024,186,7,4.915702290877858,4.0,0.9157022908778583
andechs,dlinear,summer_2024,187,7,5.321316821698943,5.0,0.32131682169894304
andechs,dlinear,summer_2024,188,7,5.406863190420221,6.0,0.5931368095797787
andechs,dlinear,summer_2024,189,7,5.29195391509513,6.0,0.7080460849048702
andechs,dlinear,summer_2024,190,7,5.013601320890333,7.0,1.9863986791096666
andechs,dlinear,summer_2024,191,7,4.879559413556287,7.0,2.1204405864437126
andechs,dlinear,summer_2024,192,8,4.795606683063112,8.0,3.204393316936888
andechs,dlinear,summer_2024,193,8,4.720129770336163,9.0,4.279870229663837
andechs,dlinear,summer_2024,194,8,4.447418387754011,8.0,3.552581612245989
andechs,dlinear,summer_2024,195,8,4.213936953593555,8.0,3.7860630464064453
andechs,dlinear,summer_2024,196,8,3.9975907716072907,7.0,3.0024092283927093
andechs,dlinear,summer_2024,197,8,3.8250906099296125,7.0,3.1749093900703875
andechs,dlinear,summer_2024,198,8,3.60413071816373,6.0,2.39586928183627
andechs,dlinear,summer_2024,199,8,3.649877931363175,5.0,1.350122068636825
andechs,dlinear,summer_2024,200,8,4.171457737710627,5.0,0.828542262289373
andechs,dlinear,summer_2024,201,8,5.188041387425257,6.0,0.8119586125747427
andechs,dlinear,summer_2024,202,8,5.989090719603761,6.0,0.010909280396239396
andechs,dlinear,summer_2024,203,8,6.4996265950298255,6.0,0.49962659502982554
andechs,dlinear,summer_2024,204,8,7.889651043031643,6.0,1.8896510430316429
andechs,dlinear,summer_2024,205,8,11.220506936984528,7.0,4.220506936984528
andechs,dlinear,summer_2024,206,8,12.013800872166037,6.0,6.013800872166037
andechs,dlinear,summer_2024,207,8,12.08878622450912,6.0,6.0887862245091195
andechs,dlinear,summer_2024,208,8,12.193935043924023,7.0,5.193935043924023
andechs,dlinear,summer_2024,209,8,12.484718323853151,8.0,4.484718323853151
andechs,dlinear,summer_2024,210,8,12.564078642317833,10.0,2.564078642317833
andechs,dlinear,summer_2024,211,8,12.196994453391959,9.0,3.1969944533919588
andechs,dlinear,summer_2024,212,8,11.537201535285229,8.0,3.537201535285229
andechs,dlinear,summer_2024,213,8,11.358559546574456,9.0,2.3585595465744564
andechs,dlinear,summer_2024,214,8,11.545680382888495,12.0,0.4543196171115049
andechs,dlinear,summer_2024,215,8,11.827760004593904,13.0,1.1722399954060965
andechs,dlinear,summer_2024,216,9,11.415190204415778,10.0,1.4151902044157776
andechs,dlinear,summer_2024,217,9,10.754615292933813,10.0,0.7546152929338135
andechs,dlinear,summer_2024,218,9,10.085536523392811,11.0,0.9144634766071889
andechs,dlinear,summer_2024,219,9,9.378563339324362,10.0,0.6214366606756379
andechs,dlinear,summer_2024,220,9,8.347437838665542,8.0,0.3474378386655417
andechs,dlinear,summer_2024,221,9,7.424180550185532,7.0,0.4241805501855316
andechs,dlinear,summer_2024,222,9,6.711909946219356,7.0,0.28809005378064434
andechs,dlinear,summer_2024,223,9,6.25152326593726,7.0,0.7484767340627396
andechs,dlinear,summer_2024,224,9,6.104803083675559,7.0,0.8951969163244407
andechs,dlinear,summer_2024,225,9,6.417082654184808,7.0,0.5829173458151917
andechs,dlinear,summer_2024,226,9,7.131834227475015,7.0,0.13183422747501528
andechs,dlinear,summer_2024,227,9,7.854497100718154,7.0,0.8544971007181541
andechs,dlinear,summer_2024,228,9,9.247452326922224,8.0,1.2474523269222235
andechs,dlinear,summer_2024,229,9,11.41455908990558,10.0,1.4145590899055804
andechs,dlinear,summer_2024,230,9,11.170283280657,8.0,3.1702832806569994
andechs,dlinear,summer_2024,231,9,10.249264128939497,10.0,0.24926412893949745
andechs,dlinear,summer_2024,232,9,9.091677136320937,9.0,0.09167713632093744
andechs,dlinear,summer_2024,233,9,7.91706255810734,6.0,1.9170625581073404
andechs,dlinear,summer_2024,234,9,7.1382908397954035,6.0,1.1382908397954035
andechs,dlinear,summer_2024,235,9,6.7913058960816866,8.0,1.2086941039183134
andechs,dlinear,summer_2024,236,9,6.3896443740567115,8.0,1.6103556259432885
andechs,dlinear,summer_2024,237,9,5.826689386942681,7.0,1.1733106130573194
andechs,dlinear,summer_2024,238,9,5.145071525005818,7.0,1.854928474994182
andechs,dlinear,summer_2024,239,9,4.608534910714107,7.0,2.3914650892858926
andechs,dlinear,summer_2024,240,10,4.279639103247598,8.0,3.7203608967524016
andechs,dlinear,summer_2024,241,10,4.102995976379809,9.0,4.897004023620191
andechs,dlinear,summer_2024,242,10,4.02097235840079,9.0,4.97902764159921
andechs,dlinear,summer_2024,243,10,4.264088746506701,11.0,6.735911253493299
andechs,dlinear,summer_2024,244,10,4.718363816345488,9.0,4.281636183654512
andechs,dlinear,summer_2024,245,10,5.557985532492222,11.0,5.442014467507778
andechs,dlinear,summer_2024,246,10,6.061712727639832,10.0,3.938287272360168
andechs,dlinear,summer_2024,247,10,5.96909280807029,7.0,1.0309071919297104
andechs,dlinear,summer_2024,248,10,5.982895026461626,8.0,2.017104973538374
andechs,dlinear,summer_2024,249,10,6.187089556742924,9.0,2.812910443257076
andechs,dlinear,summer_2024,250,10,6.612338618979271,10.0,3.3876613810207292
andechs,dlinear,summer_2024,251,10,6.979008657502257,8.0,1.0209913424977426
andechs,dlinear,summer_2024,252,10,8.061836242647999,9.0,0.938163757352001
andechs,dlinear,summer_2024,253,10,8.317272876369909,8.0,0.3172728763699091
andechs,dlinear,summer_2024,254,10,8.119584706994743,8.0,0.11958470699474333
andechs,dlinear,summer_2024,255,10,8.072669143663687,8.0,0.0726691436636866
andechs,dlinear,summer_2024,256,10,8.266240117487186,8.0,0.266240117487186
andechs,dlinear,summer_2024,257,10,8.09938660657464,7.0,1.0993866065746403
andechs,dlinear,summer_2024,258,10,7.214100992221944,7.0,0.2141009922219439
andechs,dlinear,summer_2024,259,10,6.141104826769907,6.0,0.1411048267699071
andechs,dlinear,summer_2024,260,10,5.366428286351187,6.0,0.6335717136488128
andechs,dlinear,summer_2024,261,10,5.259286154443949,8.0,2.7407138455560514
andechs,dlinear,summer_2024,262,10,5.195604523392798,8.0,2.804395476607202
andechs,dlinear,summer_2024,263,10,4.574038314569947,7.0,2.425961685430053
andechs,dlinear,summer_2024,264,11,4.041080805779124,5.0,0.9589191942208757
andechs,dlinear,summer_2024,265,11,3.942705271675018,6.0,2.057294728324982
andechs,dlinear,summer_2024,266,11,3.985794753430751,5.0,1.014205246569249
andechs,dlinear,summer_2024,267,11,4.005465760981833,6.0,1.9945342390181668
andechs,dlinear,summer_2024,268,11,4.164262092849926,6.0,1.8357379071500741
andechs,dlinear,summer_2024,269,11,4.241086775381598,6.0,1.7589132246184018
andechs,dlinear,summer_2024,270,11,4.12577883432726,5.0,0.8742211656727399
andechs,dlinear,summer_2024,271,11,4.528922476801974,5.0,0.4710775231980264
andechs,dlinear,summer_2024,272,11,5.000124913955512,6.0,0.9998750860444883
andechs,dlinear,summer_2024,273,11,5.143362028633752,6.0,0.856637971366248
andechs,dlinear,summer_2024,274,11,4.837051637388913,5.0,0.16294836261108703
andechs,dlinear,summer_2024,275,11,4.434244830057027,4.0,0.4342448300570272
andechs,dlinear,summer_2024,276,11,4.024437018164204,3.0,1.0244370181642042
andechs,dlinear,summer_2024,277,11,3.895813146777658,3.0,0.895813146777658
andechs,dlinear,summer_2024,278,11,3.858413406774312,3.0,0.8584134067743121
andechs,dlinear,summer_2024,279,11,3.781777681591642,3.0,0.7817776815916422
andechs,dlinear,summer_2024,280,11,3.6667963951831792,3.0,0.6667963951831792
andechs,dlinear,summer_2024,281,11,4.121639832100122,5.0,0.8783601678998778
andechs,dlinear,summer_2024,282,11,4.321157238590401,5.0,0.6788427614095989
andechs,dlinear,summer_2024,283,11,4.259614031098172,5.0,0.740385968901828
andechs,dlinear,summer_2024,284,11,3.375488015270702,3.0,0.37548801527070186
andechs,dlinear,summer_2024,285,11,2.4630159021791265,3.3333333333333335,0.870317431154207
andechs,dlinear,summer_2024,286,11,1.8271412170569743,3.6666666666666665,1.8395254496096922
andechs,dlinear,summer_2024,287,11,1.4199906736830004,4.0,2.5800093263169996
andechs,dlinear,summer_2024,288,12,1.2757424461062747,4.0,2.7242575538937253
andechs,dlinear,summer_2024,289,12,1.4384022323208963,4.0,2.5615977676791037
andechs,dlinear,summer_2024,290,12,1.6778145853802156,4.0,2.3221854146197844
andechs,dlinear,summer_2024,291,12,1.577828014251753,4.0,2.422171985748247
andechs,dlinear,summer_2024,292,12,1.5354362591125152,4.0,2.4645637408874848
andechs,dlinear,summer_2024,293,12,1.6039160780624826,5.0,3.3960839219375174
andechs,dlinear,summer_2024,294,12,1.6328952284224538,5.0,3.367104771577546
andechs,dlinear,summer_2024,295,12,1.6245719171221564,5.0,3.3754280828778436
andechs,dlinear,summer_2024,296,12,1.9050771943947438,5.0,3.0949228056052562
andechs,dlinear,summer_2024,297,12,2.3334162243026495,5.0,2.6665837756973505
andechs,dlinear,summer_2024,298,12,2.8806951501931275,6.0,3.1193048498068725
andechs,dlinear,summer_2024,299,12,4.034967435745414,5.0,0.9650325642545861
andechs,dlinear,summer_2024,300,12,5.42137272878158,6.0,0.5786272712184202
andechs,dlinear,summer_2024,301,12,5.238449777609602,4.0,1.2384497776096017
andechs,dlinear,summer_2024,302,12,5.455834743399013,5.0,0.45583474339901286
andechs,dlinear,summer_2024,303,12,5.054399120952167,3.0,2.0543991209521666
andechs,dlinear,summer_2024,304,12,5.442885868648788,3.0,2.442885868648788
andechs,dlinear,summer_2024,305,12,5.95708248694131,4.0,1.9570824869413102
andechs,dlinear,summer_2024,306,12,5.35088053891966,3.0,2.35088053891966
andechs,dlinear,summer_2024,307,12,4.561191972412567,4.0,0.5611919724125674
andechs,dlinear,summer_2024,308,12,4.078275742781653,4.0,0.07827574278165272
andechs,dlinear,summer_2024,309,12,3.646855942235229,4.0,0.3531440577647711
andechs,dlinear,summer_2024,310,12,3.5353501671322105,5.0,1.4646498328677895
andechs,dlinear,summer_2024,311,12,3.5366061534805553,5.0,1.4633938465194447
andechs,dlinear,summer_2024,312,13,3.4612778300889353,5.0,1.5387221699110647
andechs,dlinear,summer_2024,313,13,3.4066746483841097,6.0,2.5933253516158903
andechs,dlinear,summer_2024,314,13,3.3780198601490534,6.0,2.6219801398509466
andechs,dlinear,summer_2024,315,13,3.2681491540831216,5.0,1.7318508459168784
andechs,dlinear,summer_2024,316,13,3.105607465926205,5.0,1.8943925340737948
andechs,dlinear,summer_2024,317,13,2.948779033942453,5.0,2.051220966057547
andechs,dlinear,summer_2024,318,13,3.714475833266936,7.0,3.285524166733064
andechs,dlinear,summer_2024,319,13,4.508910359460808,6.0,1.491089640539192
andechs,dlinear,summer_2024,320,13,4.6609518420640885,4.0,0.6609518420640885
andechs,dlinear,summer_2024,321,13,4.65949651747786,3.0,1.6594965174778604
andechs,dlinear,summer_2024,322,13,4.939990995798601,4.0,0.9399909957986008
andechs,dlinear,summer_2024,323,13,5.014456736672131,3.0,2.0144567366721313
andechs,dlinear,summer_2024,324,13,5.069081445011029,3.0,2.0690814450110286
andechs,dlinear,summer_2024,325,13,5.043650343695737,3.0,2.043650343695737
andechs,dlinear,summer_2024,326,13,4.832170740003431,3.0,1.8321707400034306
andechs,dlinear,summer_2024,327,13,4.447612862069331,3.0,1.447612862069331
andechs,dlinear,summer_2024,328,13,3.9910425038422606,3.0,0.9910425038422606
andechs,dlinear,summer_2024,329,13,3.610520235070365,3.0,0.6105202350703651
andechs,dlinear,summer_2024,330,13,3.2827533727549856,3.0,0.2827533727549856
andechs,dlinear,summer_2024,331,13,2.9283947202390057,4.0,1.0716052797609943
andechs,dlinear,summer_2024,332,13,2.7402052439102085,4.0,1.2597947560897915
andechs,dlinear,summer_2024,333,13,2.650725745327925,4.0,1.3492742546720748
andechs,dlinear,summer_2024,334,13,2.6189640126568894,4.0,1.3810359873431106
andechs,dlinear,summer_2024,335,13,2.7152259568517216,4.0,1.2847740431482784
andechs,dlinear,summer_2024,336,14,2.81021992033329,6.0,3.18978007966671
andechs,dlinear,summer_2024,337,14,3.073713941439689,7.0,3.926286058560311
andechs,dlinear,summer_2024,338,14,3.4708531037714527,7.0,3.5291468962285473
andechs,dlinear,summer_2024,339,14,3.6339081352230362,7.0,3.3660918647769638
andechs,dlinear,summer_2024,340,14,3.7396751024833326,7.0,3.2603248975166674
andechs,dlinear,summer_2024,341,14,4.114994194056714,7.0,2.885005805943286
andechs,dlinear,summer_2024,342,14,4.222050920283285,6.0,1.7779490797167146
andechs,dlinear,summer_2024,343,14,4.239182249640861,5.0,0.7608177503591387
andechs,dlinear,summer_2024,344,14,4.6494647658508175,5.0,0.35053523414918253
andechs,dlinear,summer_2024,345,14,5.30304928042348,5.0,0.30304928042347967
andechs,dlinear,summer_2024,346,14,6.193846183002993,6.0,0.19384618300299294
andechs,dlinear,summer_2024,347,14,7.688778541172427,7.0,0.688778541172427
andechs,dlinear,summer_2024,348,14,8.561368903141549,7.0,1.561368903141549
andechs,dlinear,summer_2024,349,14,9.526587529293598,8.0,1.5265875292935984
andechs,dlinear,summer_2024,350,14,9.937521111218643,8.0,1.9375211112186435
andechs,dlinear,summer_2024,351,14,10.098481863198423,8.0,2.0984818631984226
andechs,dlinear,summer_2024,352,14,10.30432809625407,8.0,2.3043280962540695
andechs,dlinear,summer_2024,353,14,10.260156103177227,8.0,2.260156103177227
andechs,dlinear,summer_2024,354,14,10.26494655205656,9.0,1.2649465520565606
andechs,dlinear,summer_2024,355,14,10.511706513640508,10.0,0.5117065136405081
andechs,dlinear,summer_2024,356,14,10.76863013369421,11.0,0.2313698663057906
andechs,dlinear,summer_2024,357,14,10.720067347760516,12.0,1.2799326522394843
andechs,dlinear,summer_2024,358,14,10.314088438333044,12.0,1.6859115616669555
andechs,dlinear,summer_2024,359,14,9.198924463969746,10.0,0.8010755360302539
andechs,dlinear,summer_2024,360,15,7.797850561595572,8.0,0.20214943840442778
andechs,dlinear,summer_2024,361,15,6.481344251661802,8.0,1.5186557483381984
andechs,dlinear,summer_2024,362,15,5.431825407779334,7.0,1.5681745922206662
andechs,dlinear,summer_2024,363,15,4.734921081284741,8.0,3.2650789187152593
andechs,dlinear,summer_2024,364,15,4.2905443609710785,7.0,2.7094556390289215
andechs,dlinear,summer_2024,365,15,3.94951761437883,7.0,3.05048238562117
andechs,dlinear,summer_2024,366,15,3.690023499836431,7.0,3.309976500163569
andechs,dlinear,summer_2024,367,15,3.4921009540457115,6.0,2.5078990459542885
andechs,dlinear,summer_2024,368,15,3.4561847145909255,5.2,1.7438152854090747
andechs,dlinear,summer_2024,369,15,3.5800481468359044,4.4,0.8199518531640959
andechs,dlinear,summer_2024,370,15,3.7910666847268586,3.5999999999999996,0.19106668472685895
andechs,dlinear,summer_2024,371,15,4.055534417689662,2.8,1.2555344176896623
andechs,dlinear,summer_2024,372,15,4.354616028143941,2.0,2.3546160281439414
andechs,dlinear,summer_2024,373,15,4.608809051795728,2.0,2.6088090517957276
andechs,dlinear,summer_2024,374,15,4.707870665474983,2.0,2.7078706654749833
andechs,dlinear,summer_2024,375,15,4.71679830687014,2.0,2.71679830687014
andechs,dlinear,summer_2024,376,15,4.773321269064317,3.0,1.7733212690643168
andechs,dlinear,summer_2024,377,15,4.877981736378399,3.0,1.8779817363783993
andechs,dlinear,summer_2024,378,15,5.112743162324301,4.0,1.1127431623243007
andechs,dlinear,summer_2024,379,15,5.307261443745993,5.0,0.3072614437459933
andechs,dlinear,summer_2024,380,15,5.322046901879681,5.0,0.32204690187968144
andechs,dlinear,summer_2024,381,15,5.461193259553811,6.0,0.5388067404461889
andechs,dlinear,summer_2024,382,15,5.249033560211356,6.0,0.7509664397886437
andechs,dlinear,summer_2024,383,15,4.886916524993284,5.0,0.11308347500671623
andechs,dlinear,summer_2024,384,16,4.392337479979892,4.0,0.39233747997989177
andechs,dlinear,summer_2024,385,16,4.110354913735691,4.0,0.11035491373569073
andechs,dlinear,summer_2024,386,16,3.8840575945740845,3.0,0.8840575945740845
andechs,dlinear,summer_2024,387,16,3.6410051108513843,3.0,0.6410051108513843
andechs,dlinear,summer_2024,388,16,3.6019277287868667,3.0,0.6019277287868667
andechs,dlinear,summer_2024,389,16,3.8907014517216476,5.0,1.1092985482783524
andechs,dlinear,summer_2024,390,16,4.06626921589385,5.0,0.9337307841061504
andechs,dlinear,summer_2024,391,16,4.449496213551941,7.0,2.5505037864480586
andechs,dlinear,summer_2024,392,16,4.545434901571986,4.0,0.5454349015719862
andechs,dlinear,summer_2024,393,16,5.0842894809831165,7.0,1.9157105190168835
andechs,dlinear,summer_2024,394,16,5.757152146276689,7.0,1.242847853723311
andechs,dlinear,summer_2024,395,16,6.710169437050653,9.0,2.289830562949347
andechs,dlinear,summer_2024,396,16,7.366296978190539,8.0,0.6337030218094606
andechs,dlinear,summer_2024,397,16,7.559420432316824,7.0,0.5594204323168244
andechs,dlinear,summer_2024,398,16,8.24787905513777,9.0,0.7521209448622308
andechs,dlinear,summer_2024,399,16,8.445457638639299,8.0,0.445457638639299
andechs,dlinear,summer_2024,400,16,8.128716659007885,7.0,1.1287166590078854
andechs,dlinear,summer_2024,401,16,7.5390956736552965,7.0,0.5390956736552965
andechs,dlinear,summer_2024,402,16,7.041337202365588,6.0,1.0413372023655878
andechs,dlinear,summer_2024,403,16,6.621762812202038,7.0,0.37823718779796156
andechs,dlinear,summer_2024,404,16,6.254761943164346,7.0,0.745238056835654
andechs,dlinear,summer_2024,405,16,5.617348440629906,5.0,0.6173484406299057
andechs,dlinear,summer_2024,406,16,4.98055868384272,5.0,0.019441316157280397
andechs,dlinear,summer_2024,407,16,4.3938572903883255,5.0,0.6061427096116745
andechs,dlinear,summer_2024,408,17,4.169927436454371,7.0,2.830072563545629
andechs,dlinear,summer_2024,409,17,4.1977165448116756,9.0,4.8022834551883244
andechs,dlinear,summer_2024,410,17,4.279475499416519,10.0,5.720524500583481
andechs,dlinear,summer_2024,411,17,4.308315299277904,9.0,4.691684700722096
andechs,dlinear,summer_2024,412,17,4.432974619592483,9.0,4.567025380407517
andechs,dlinear,summer_2024,413,17,4.723720415009782,12.0,7.276279584990218
andechs,dlinear,summer_2024,414,17,5.178170115223421,12.0,6.821829884776579
andechs,dlinear,summer_2024,415,17,5.582858280920333,10.0,4.417141719079667
andechs,dlinear,summer_2024,416,17,5.886244261149461,9.0,3.1137557388505392
andechs,dlinear,summer_2024,417,17,6.542485647229827,10.0,3.457514352770173
andechs,dlinear,summer_2024,418,17,7.175984259757474,10.0,2.824015740242526
andechs,dlinear,summer_2024,419,17,8.047800251554943,10.0,1.9521997484450573
andechs,dlinear,summer_2024,420,17,8.49348428198751,9.0,0.5065157180124906
andechs,dlinear,summer_2024,421,17,8.801259501638016,9.0,0.1987404983619836
andechs,dlinear,summer_2024,422,17,9.128650359925086,10.0,0.8713496400749143
andechs,dlinear,summer_2024,423,17,9.780831915663818,13.0,3.2191680843361823
andechs,dlinear,summer_2024,424,17,10.177126742765372,12.0,1.8228732572346278
andechs,dlinear,summer_2024,425,17,10.735495746434783,14.0,3.2645042535652173
andechs,dlinear,summer_2024,426,17,10.899033980599636,13.0,2.1009660194003636
andechs,dlinear,summer_2024,427,17,10.658989270050022,13.0,2.3410107299499785
andechs,dlinear,summer_2024,428,17,10.148621287152693,15.0,4.851378712847307
andechs,dlinear,summer_2024,429,17,9.653151276013308,15.0,5.346848723986692
andechs,dlinear,summer_2024,430,17,8.994396589845028,13.0,4.005603410154972
andechs,dlinear,summer_2024,431,17,8.28574061484253,12.0,3.7142593851574706
andechs,dlinear,summer_2024,432,18,7.703414247607465,14.0,6.296585752392535
andechs,dlinear,summer_2024,433,18,7.285638941962846,15.0,7.714361058037154
andechs,dlinear,summer_2024,434,18,6.955909600849235,14.0,7.044090399150765
andechs,dlinear,summer_2024,435,18,6.8489224470541,15.0,8.1510775529459
andechs,dlinear,summer_2024,436,18,6.861168535858923,14.0,7.138831464141077
andechs,dlinear,summer_2024,437,18,6.843135134252336,13.0,6.156864865747664
andechs,dlinear,summer_2024,438,18,7.251998838270632,17.0,9.748001161729368
andechs,dlinear,summer_2024,439,18,7.537780196430051,13.0,5.462219803569949
andechs,dlinear,summer_2024,440,18,8.008477427805591,10.0,1.991522572194409
andechs,dlinear,summer_2024,441,18,8.886220852811013,12.0,3.1137791471889873
andechs,dlinear,summer_2024,442,18,9.796626617958605,13.0,3.203373382041395
andechs,dlinear,summer_2024,443,18,10.716847392058526,14.0,3.2831526079414743
andechs,dlinear,summer_2024,444,18,11.637638838964538,14.0,2.3623611610354622
andechs,dlinear,summer_2024,445,18,12.065216073870989,14.0,1.9347839261290112
andechs,dlinear,summer_2024,446,18,12.396163853948774,15.0,2.6038361460512256
andechs,dlinear,summer_2024,447,18,12.72380130052473,13.0,0.27619869947526965
andechs,dlinear,summer_2024,448,18,13.179945657892818,14.0,0.8200543421071824
andechs,dlinear,summer_2024,449,18,15.594297642212045,20.0,4.4057023577879555
andechs,dlinear,summer_2024,450,18,15.289082404261325,15.0,0.28908240426132537
andechs,dlinear,summer_2024,451,18,14.154542364096391,14.0,0.15454236409639144
andechs,dlinear,summer_2024,452,18,13.245288057898843,15.0,1.7547119421011566
andechs,dlinear,summer_2024,453,18,12.662647642339474,16.0,3.337352357660526
andechs,dlinear,summer_2024,454,18,11.715213887752416,14.0,2.284786112247584
andechs,dlinear,summer_2024,455,18,10.666564735154019,13.0,2.3334352648459813
andechs,dlinear,summer_2024,456,19,9.775268650904394,12.0,2.224731349095606
andechs,dlinear,summer_2024,457,19,9.271590574958507,13.0,3.7284094250414928
andechs,dlinear,summer_2024,458,19,9.177691940934904,14.0,4.8223080590650955
andechs,dlinear,summer_2024,459,19,8.921827567816813,13.0,4.078172432183187
andechs,dlinear,summer_2024,460,19,8.70017048525621,13.0,4.29982951474379
andechs,dlinear,summer_2024,461,19,8.607939375931455,12.0,3.392060624068545
andechs,dlinear,summer_2024,462,19,8.506958946393052,12.0,3.493041053606948
andechs,dlinear,summer_2024,463,19,8.472641281007402,12.0,3.5273587189925983
andechs,dlinear,summer_2024,464,19,8.32529008272303,9.0,0.6747099172769708
andechs,dlinear,summer_2024,465,19,8.35120587021362,9.0,0.6487941297863795
andechs,dlinear,summer_2024,466,19,8.429210599872702,9.0,0.570789400127298
andechs,dlinear,summer_2024,467,19,8.60324623199866,9.0,0.3967537680013393
andechs,dlinear,summer_2024,468,19,8.682323265576603,9.0,0.3176767344233973
andechs,dlinear,summer_2024,469,19,8.890328095927472,8.0,0.8903280959274724
andechs,dlinear,summer_2024,470,19,9.301974934470444,9.0,0.30197493447044366
andechs,dlinear,summer_2024,471,19,9.393802893264567,8.0,1.3938028932645672
andechs,dlinear,summer_2024,472,19,10.374525483542794,12.0,1.6254745164572064
andechs,dlinear,summer_2024,473,19,10.918239805834418,12.0,1.0817601941655823
andechs,dlinear,summer_2024,474,19,10.973851392767827,12.0,1.026148607232173
andechs,dlinear,summer_2024,475,19,10.92817996557001,13.0,2.07182003442999
andechs,dlinear,summer_2024,476,19,10.778439088775404,14.0,3.2215609112245964
andechs,dlinear,summer_2024,477,19,10.595323901810696,16.0,5.404676098189304
andechs,dlinear,summer_2024,478,19,10.363111603323908,16.0,5.636888396676092
andechs,dlinear,summer_2024,479,19,10.08034963933001,16.0,5.919650360669991
andechs,dlinear,summer_2024,480,20,9.785757205778395,16.0,6.2142427942216045
andechs,dlinear,summer_2024,481,20,9.477178663264471,16.0,6.522821336735529
andechs,dlinear,summer_2024,482,20,9.308588707978553,16.0,6.6914112920214475
andechs,dlinear,summer_2024,483,20,9.229633210501996,16.0,6.770366789498004
andechs,dlinear,summer_2024,484,20,8.956477686334402,14.0,5.043522313665598
andechs,dlinear,summer_2024,485,20,8.661132208138188,14.0,5.338867791861812
andechs,dlinear,summer_2024,486,20,8.22732849704846,12.0,3.7726715029515407
andechs,dlinear,summer_2024,487,20,7.882789994592565,10.0,2.1172100054074354
andechs,dlinear,summer_2024,488,20,7.8239099845156,10.0,2.1760900154844
andechs,dlinear,summer_2024,489,20,8.288045623056844,11.0,2.711954376943156
andechs,dlinear,summer_2024,490,20,9.084629179062263,11.0,1.9153708209377367
andechs,dlinear,summer_2024,491,20,10.069701300074282,12.0,1.930298699925718
andechs,dlinear,summer_2024,492,20,10.941608616615952,13.0,2.0583913833840484
andechs,dlinear,summer_2024,493,20,11.66332455545048,13.0,1.3366754445495204
andechs,dlinear,summer_2024,494,20,12.684753898776208,15.0,2.315246101223792
andechs,dlinear,summer_2024,495,20,12.932811736925757,13.0,0.06718826307424308
andechs,dlinear,summer_2024,496,20,13.039819618781321,14.0,0.9601803812186791
andechs,dlinear,summer_2024,497,20,12.094716398168789,9.0,3.0947163981687886
andechs,dlinear,summer_2024,498,20,10.657278897383502,9.0,1.6572788973835024
andechs,dlinear,summer_2024,499,20,9.432150476834813,8.0,1.4321504768348134
andechs,dlinear,summer_2024,500,20,8.35352577138594,8.0,0.35352577138593944
andechs,dlinear,summer_2024,501,20,7.424609253970848,7.0,0.42460925397084814
andechs,dlinear,summer_2024,502,20,6.614969397050512,7.0,0.3850306029494881
andechs,dlinear,summer_2024,503,20,5.410277689315837,3.0,2.410277689315837
andechs,dlinear,summer_2024,504,21,4.385969714928169,2.0,2.3859697149281693
andechs,dlinear,summer_2024,505,21,3.6187954017715382,1.0,2.6187954017715382
andechs,dlinear,summer_2024,506,21,3.1896694339700806,1.0,2.1896694339700806
andechs,dlinear,summer_2024,507,21,3.02827870796102,2.0,1.0282787079610198
andechs,dlinear,summer_2024,508,21,2.9904932079769777,3.0,0.009506792023022292
andechs,dlinear,summer_2024,509,21,3.1572397327449617,4.0,0.8427602672550383
andechs,dlinear,summer_2024,510,21,3.5507258387992753,4.0,0.4492741612007247
andechs,dlinear,summer_2024,511,21,3.9011915907264134,4.0,0.09880840927358658
andechs,dlinear,summer_2024,512,21,4.338197954074397,5.0,0.6618020459256027
andechs,dlinear,summer_2024,513,21,4.849902868581625,5.0,0.15009713141837544
andechs,dlinear,summer_2024,514,21,5.4538159877702554,6.0,0.5461840122297446
andechs,dlinear,summer_2024,515,21,5.786064132613923,4.0,1.786064132613923
andechs,dlinear,summer_2024,516,21,5.955035651562816,4.0,1.9550356515628158
andechs,dlinear,summer_2024,517,21,5.963680046756134,4.0,1.9636800467561342
andechs,dlinear,summer_2024,518,21,6.165069766700942,8.0,1.8349302332990582
andechs,dlinear,summer_2024,519,21,6.400710146032835,8.0,1.5992898539671652
andechs,dlinear,summer_2024,520,21,6.226546170076811,5.0,1.2265461700768112
andechs,dlinear,summer_2024,521,21,6.1912062712086815,6.0,0.1912062712086815
andechs,dlinear,summer_2024,522,21,6.194799273224326,8.0,1.8052007267756736
andechs,dlinear,summer_2024,523,21,5.730334632236087,6.0,0.26966536776391337
andechs,dlinear,summer_2024,524,21,5.0764819694653465,5.0,0.07648196946534647
andechs,dlinear,summer_2024,525,21,4.5310071015198226,5.0,0.46899289848017744
andechs,dlinear,summer_2024,526,21,4.053239118171185,5.0,0.9467608818288147
andechs,dlinear,summer_2024,527,21,3.6724941054078966,5.0,1.3275058945921034
andechs,dlinear,summer_2024,528,22,3.4294504505183845,6.0,2.5705495494816155
andechs,dlinear,summer_2024,529,22,3.2029502688724936,6.0,2.7970497311275064
andechs,dlinear,summer_2024,530,22,3.2197096452389284,6.0,2.7802903547610716
andechs,dlinear,summer_2024,531,22,3.185082511320281,5.0,1.8149174886797188
andechs,dlinear,summer_2024,532,22,3.418978445685291,8.0,4.5810215543147095
andechs,dlinear,summer_2024,533,22,3.8294982525364403,10.0,6.170501747463559
andechs,dlinear,summer_2024,534,22,4.030143518308886,8.0,3.9698564816911137
andechs,dlinear,summer_2024,535,22,4.063691598312645,6.0,1.9363084016873549
andechs,dlinear,summer_2024,536,22,3.976315394423683,6.0,2.023684605576317
andechs,dlinear,summer_2024,537,22,3.8965151721990123,4.0,0.10348482780098767
andechs,dlinear,summer_2024,538,22,4.4611882644758225,5.0,0.5388117355241775
andechs,dlinear,summer_2024,539,22,5.144852411311895,5.0,0.14485241131189497
andechs,dlinear,summer_2024,540,22,5.634887461807168,5.0,0.6348874618071676
andechs,dlinear,summer_2024,541,22,5.941844884346099,5.0,0.9418448843460991
andechs,dlinear,summer_2024,542,22,6.245617808594078,6.0,0.2456178085940781
andechs,dlinear,summer_2024,543,22,6.351106858997504,5.0,1.351106858997504
andechs,dlinear,summer_2024,544,22,6.16137862007964,4.0,2.16137862007964
andechs,dlinear,summer_2024,545,22,5.906674570962791,4.0,1.9066745709627906
andechs,dlinear,summer_2024,546,22,5.697861564546371,5.0,0.697861564546371
andechs,dlinear,summer_2024,547,22,5.521436387120534,5.0,0.5214363871205343
andechs,dlinear,summer_2024,548,22,5.3479457047996775,6.0,0.6520542952003225
andechs,dlinear,summer_2024,549,22,4.90974235877591,6.0,1.09025764122409
andechs,dlinear,summer_2024,550,22,4.313652345641069,6.0,1.686347654358931
andechs,dlinear,summer_2024,551,22,3.8294065386230907,6.0,2.1705934613769093
andechs,dlinear,summer_2024,552,23,3.29091075628459,4.0,0.7090892437154102
andechs,dlinear,summer_2024,553,23,2.7901264533115837,3.0,0.2098735466884163
andechs,dlinear,summer_2024,554,23,2.5663896402972464,3.0,0.43361035970275363
andechs,dlinear,summer_2024,555,23,2.5063072395366452,4.0,1.4936927604633548
andechs,dlinear,summer_2024,556,23,2.612230658994703,5.0,2.387769341005297
andechs,dlinear,summer_2024,557,23,2.767645328199195,5.0,2.232354671800805
andechs,dlinear,summer_2024,558,23,2.942628611031363,5.0,2.057371388968637
andechs,dlinear,summer_2024,559,23,2.971309430910363,4.0,1.0286905690896369
andechs,dlinear,summer_2024,560,23,3.1061338258824294,5.0,1.8938661741175706
andechs,dlinear,summer_2024,561,23,3.236184279495122,4.0,0.7638157205048781
andechs,dlinear,summer_2024,562,23,3.4883886637120183,5.0,1.5116113362879817
andechs,dlinear,summer_2024,563,23,3.7106945167065355,4.0,0.2893054832934645
andechs,dlinear,summer_2024,564,23,3.926197723719534,4.0,0.0738022762804662
andechs,dlinear,summer_2024,565,23,4.073438289686742,4.0,0.0734382896867416
andechs,dlinear,summer_2024,566,23,4.187366275295013,4.0,0.18736627529501337
andechs,dlinear,summer_2024,567,23,4.482696631598308,4.0,0.48269663159830767
andechs,dlinear,summer_2024,568,23,4.704521836378182,3.0,1.7045218363781824
andechs,dlinear,summer_2024,569,23,4.8019812824878265,4.0,0.8019812824878265
andechs,dlinear,summer_2024,570,23,4.936093992678055,5.0,0.06390600732194507
andechs,dlinear,summer_2024,571,23,4.925877201230271,6.0,1.0741227987697286
andechs,dlinear,summer_2024,572,23,4.509260511198011,4.0,0.5092605111980113
andechs,dlinear,summer_2024,573,23,4.2471611487327685,5.0,0.7528388512672315
andechs,dlinear,summer_2024,574,23,3.8621227922317853,6.0,2.1378772077682147
andechs,dlinear,summer_2024,575,23,3.5189619500446456,6.0,2.4810380499553544
andechs,dlinear,summer_2024,576,24,3.481339987110926,8.0,4.5186600128890735
andechs,dlinear,summer_2024,577,24,3.8028394345034986,9.0,5.197160565496501
andechs,dlinear,summer_2024,578,24,4.1051412453473635,9.0,4.8948587546526365
andechs,dlinear,summer_2024,579,24,4.122008156066568,8.0,3.877991843933432
andechs,dlinear,summer_2024,580,24,4.034525413134981,7.0,2.965474586865019
andechs,dlinear,summer_2024,581,24,3.865577780858578,6.0,2.134422219141422
andechs,dlinear,summer_2024,582,24,4.124667897135366,9.0,4.875332102864634
andechs,dlinear,summer_2024,583,24,4.264182833083787,7.0,2.7358171669162132
andechs,dlinear,summer_2024,584,24,4.771664716192134,7.0,2.2283352838078656
andechs,dlinear,summer_2024,585,24,5.870176828099099,9.0,3.1298231719009006
andechs,dlinear,summer_2024,586,24,6.415192254895694,7.0,0.5848077451043059
andechs,dlinear,summer_2024,587,24,7.063748490297831,9.0,1.9362515097021689
andechs,dlinear,summer_2024,588,24,8.386466880059029,13.0,4.613533119940971
andechs,dlinear,summer_2024,589,24,9.782327923582883,12.0,2.2176720764171165
andechs,dlinear,summer_2024,590,24,9.382610003294023,7.0,2.3826100032940225
andechs,dlinear,summer_2024,591,24,8.777212770672346,7.0,1.777212770672346
andechs,dlinear,summer_2024,592,24,8.148105637578645,6.0,2.148105637578645
andechs,dlinear,summer_2024,593,24,7.8995952530672575,6.0,1.8995952530672575
andechs,dlinear,summer_2024,594,24,8.064086338625742,8.0,0.0640863386257422
andechs,dlinear,summer_2024,595,24,7.907083696256257,7.0,0.9070836962562572
andechs,dlinear,summer_2024,596,24,7.45382078544971,8.0,0.54617921455029
andechs,dlinear,summer_2024,597,24,6.96038330412715,8.0,1.0396166958728497
andechs,dlinear,summer_2024,598,24,6.356369532671188,8.0,1.643630467328812
andechs,dlinear,summer_2024,599,24,5.851960432469293,8.0,2.1480395675307067
andechs,dlinear,summer_2024,600,25,5.494464071237612,9.0,3.505535928762388
andechs,dlinear,summer_2024,601,25,5.263086239653907,10.0,4.736913760346093
andechs,dlinear,summer_2024,602,25,5.245445178281198,11.0,5.754554821718802
andechs,dlinear,summer_2024,603,25,5.306707379299686,11.0,5.693292620700314
andechs,dlinear,summer_2024,604,25,5.571917708901648,12.0,6.428082291098352
andechs,dlinear,summer_2024,605,25,5.540239750215058,10.0,4.459760249784942
andechs,dlinear,summer_2024,606,25,5.490747691417427,9.0,3.509252308582573
andechs,dlinear,summer_2024,607,25,5.42416261131212,8.0,2.57583738868788
andechs,dlinear,summer_2024,608,25,5.496632754524494,7.0,1.5033672454755056
andechs,dlinear,summer_2024,609,25,5.686940607484171,6.0,0.3130593925158287
andechs,dlinear,summer_2024,610,25,6.5820232887031,9.0,2.4179767112969
andechs,dlinear,summer_2024,611,25,7.638006242468688,9.0,1.3619937575313124
andechs,dlinear,summer_2024,612,25,8.315598468146943,8.0,0.31559846814694303
andechs,dlinear,summer_2024,613,25,8.833032702596249,9.0,0.16696729740375105
andechs,dlinear,summer_2024,614,25,9.36219676375523,10.0,0.6378032362447694
andechs,dlinear,summer_2024,615,25,9.86013406641048,10.0,0.1398659335895207
andechs,dlinear,summer_2024,616,25,10.380793669723053,11.0,0.6192063302769473
andechs,dlinear,summer_2024,617,25,11.216515270731785,13.0,1.7834847292682152
andechs,dlinear,summer_2024,618,25,11.487228978475642,12.0,0.5127710215243582
andechs,dlinear,summer_2024,619,25,10.946986498293427,10.0,0.9469864982934268
andechs,dlinear,summer_2024,620,25,10.330529711880578,11.0,0.6694702881194221
andechs,dlinear,summer_2024,621,25,9.834232692219876,12.0,2.165767307780124
andechs,dlinear,summer_2024,622,25,9.476716888444908,12.0,2.5232831115550916
andechs,dlinear,summer_2024,623,25,8.949808669023346,11.0,2.050191330976654
andechs,dlinear,summer_2024,624,26,8.668321277466166,13.0,4.331678722533834
andechs,dlinear,summer_2024,625,26,8.539629574293883,15.0,6.460370425706117
andechs,dlinear,summer_2024,626,26,8.54401802791676,14.0,5.45598197208324
andechs,dlinear,summer_2024,627,26,8.42963331137312,16.0,7.57036668862688
andechs,dlinear,summer_2024,628,26,8.447198274122572,15.0,6.552801725877428
andechs,dlinear,summer_2024,629,26,8.361341797292528,14.0,5.638658202707472
andechs,dlinear,summer_2024,630,26,8.240140209209859,13.0,4.759859790790141
andechs,dlinear,summer_2024,631,26,8.024862683342812,12.0,3.9751373166571877
andechs,dlinear,summer_2024,632,26,8.02205027100699,10.0,1.9779497289930106
andechs,dlinear,summer_2024,633,26,8.275309467909942,10.0,1.724690532090058
andechs,dlinear,summer_2024,634,26,8.52982428493831,9.0,0.4701757150616892
andechs,dlinear,summer_2024,635,26,8.681662591258267,9.0,0.31833740874173344
andechs,dlinear,summer_2024,636,26,8.92509307797664,9.0,0.07490692202335936
andechs,dlinear,summer_2024,637,26,9.20152096968352,9.0,0.20152096968351962
andechs,dlinear,summer_2024,638,26,9.455357056601628,9.0,0.4553570566016276
andechs,dlinear,summer_2024,639,26,9.75765720365562,10.0,0.2423427963443796
andechs,dlinear,summer_2024,640,26,10.02487905440739,10.0,0.024879054407389134
andechs,dlinear,summer_2024,641,26,10.248322905351316,10.0,0.24832290535131563
andechs,dlinear,summer_2024,642,26,10.565428470213332,11.0,0.4345715297866679
andechs,dlinear,summer_2024,643,26,10.806512069634064,13.0,2.1934879303659365
andechs,dlinear,summer_2024,644,26,10.827843528451961,13.0,2.172156471548039
andechs,dlinear,summer_2024,645,26,10.429367715900533,12.0,1.5706322840994673
andechs,dlinear,summer_2024,646,26,9.947364824675233,12.0,2.0526351753247667
andechs,dlinear,summer_2024,647,26,9.767964720299185,13.0,3.232035279700815
andechs,dlinear,summer_2024,648,27,9.5190017367822,12.0,2.480998263217799
andechs,dlinear,summer_2024,649,27,9.366721800944081,12.0,2.633278199055919
andechs,dlinear,summer_2024,650,27,9.197296749703474,12.0,2.802703250296526
andechs,dlinear,summer_2024,651,27,8.832564701400138,11.0,2.1674352985998624
andechs,dlinear,summer_2024,652,27,8.699765214805058,11.0,2.3002347851949416
andechs,dlinear,summer_2024,653,27,8.840229788883281,13.0,4.159770211116719
andechs,dlinear,summer_2024,654,27,8.052590441559147,5.0,3.052590441559147
andechs,dlinear,summer_2024,655,27,6.949729630084253,3.0,3.949729630084253
andechs,dlinear,summer_2024,656,27,6.1425302625620075,3.0,3.1425302625620075
andechs,dlinear,summer_2024,657,27,5.475510154807837,3.0,2.4755101548078366
andechs,dlinear,summer_2024,658,27,4.981554432725748,2.0,2.9815544327257477
andechs,dlinear,summer_2024,659,27,4.653604004522655,2.0,2.6536040045226548
andechs,dlinear,summer_2024,660,27,4.340795015415895,3.0,1.3407950154158952
andechs,dlinear,summer_2024,661,27,4.26343840376604,5.0,0.73656159623396
andechs,dlinear,summer_2024,662,27,4.4272473198832785,6.0,1.5727526801167215
andechs,dlinear,summer_2024,663,27,4.541117966181787,6.0,1.4588820338182131
andechs,dlinear,summer_2024,664,27,4.696448851221632,5.0,0.303551148778368
andechs,dlinear,summer_2024,665,27,4.718464014740865,4.0,0.7184640147408654
andechs,dlinear,summer_2024,666,27,4.895464804475552,5.0,0.10453519552444757
andechs,dlinear,summer_2024,667,27,5.014590340895108,5.0,0.0145903408951078
andechs,dlinear,summer_2024,668,27,4.972090147054839,5.0,0.027909852945160907
andechs,dlinear,summer_2024,669,27,4.711518063150029,4.0,0.7115180631500291
andechs,dlinear,summer_2024,670,27,4.275026675715022,4.0,0.27502667571502215
andechs,dlinear,summer_2024,671,27,3.8931350273953553,4.0,0.10686497260464467
andechs,dlinear,summer_2024,672,28,3.6380786678471564,4.0,0.3619213321528436
andechs,dlinear,summer_2024,673,28,3.5518939229988415,4.0,0.44810607700115845
andechs,dlinear,summer_2024,674,28,3.6333232745986606,4.0,0.36667672540133944
andechs,dlinear,summer_2024,675,28,3.7637285642391247,5.0,1.2362714357608753
andechs,dlinear,summer_2024,676,28,3.7795090305278736,4.0,0.22049096947212643
andechs,dlinear,summer_2024,677,28,3.7287484569102087,4.0,0.27125154308979127
andechs,dlinear,summer_2024,678,28,4.109621197913803,6.0,1.8903788020861967
andechs,dlinear,summer_2024,679,28,4.576861329443412,6.0,1.4231386705565878
andechs,dlinear,summer_2024,680,28,4.917946162255163,6.0,1.0820538377448372
andechs,dlinear,summer_2024,681,28,5.389698295077285,6.0,0.6103017049227146
andechs,dlinear,summer_2024,682,28,6.1151691758124915,7.0,0.8848308241875085
andechs,dlinear,summer_2024,683,28,6.763118272117254,7.0,0.23688172788274642
andechs,dlinear,summer_2024,684,28,7.23964390564085,7.0,0.23964390564085036
andechs,dlinear,summer_2024,685,28,7.65384221137858,7.0,0.6538422113785796
andechs,dlinear,summer_2024,686,28,7.8251285318238715,7.0,0.8251285318238715
andechs,dlinear,summer_2024,687,28,7.995853946241189,7.0,0.9958539462411888
andechs,dlinear,summer_2024,688,28,8.273454113131788,9.0,0.7265458868682124
andechs,dlinear,summer_2024,689,28,8.797357058791377,9.0,0.20264294120862303
andechs,dlinear,summer_2024,690,28,9.37642952385766,9.0,0.3764295238576594
andechs,dlinear,summer_2024,691,28,9.256698229779271,8.0,1.2566982297792713
andechs,dlinear,summer_2024,692,28,8.802104694821706,9.0,0.19789530517829412
andechs,dlinear,summer_2024,693,28,8.263322767606521,8.0,0.26332276760652107
andechs,dlinear,summer_2024,694,28,7.643798033278207,8.0,0.35620196672179283
andechs,dlinear,summer_2024,695,28,6.924467537462709,8.0,1.075532462537291
andechs,dlinear,summer_2024,696,29,6.324970098689166,8.0,1.6750299013108343
andechs,dlinear,summer_2024,697,29,5.982885752579181,8.0,2.0171142474208192
andechs,dlinear,summer_2024,698,29,5.7650080391270855,8.0,2.2349919608729145
andechs,dlinear,summer_2024,699,29,5.491422231924453,8.0,2.508577768075547
andechs,dlinear,summer_2024,700,29,5.318675041271848,8.0,2.681324958728152
andechs,dlinear,summer_2024,701,29,5.269827163203806,9.0,3.7301728367961937
andechs,dlinear,summer_2024,702,29,5.283300500998248,9.0,3.716699499001752
andechs,dlinear,summer_2024,703,29,5.362299314790464,8.0,2.637700685209536
andechs,dlinear,summer_2024,704,29,5.681610631511932,9.0,3.3183893684880683
andechs,dlinear,summer_2024,705,29,6.329817530903398,8.0,1.670182469096602
andechs,dlinear,summer_2024,706,29,7.163084408892633,9.0,1.836915591107367
andechs,dlinear,summer_2024,707,29,7.779918169209413,10.0,2.220081830790587
andechs,dlinear,summer_2024,708,29,8.210119763979598,9.0,0.7898802360204016
andechs,dlinear,summer_2024,709,29,8.498294827677938,9.0,0.5017051723220618
andechs,dlinear,summer_2024,710,29,8.826256121335728,9.0,0.173743878664272
andechs,dlinear,summer_2024,711,29,9.411908022055545,10.0,0.5880919779444547
andechs,dlinear,summer_2024,712,29,9.885284730001223,10.0,0.11471526999877746
andechs,dlinear,summer_2024,713,29,10.482017315443477,11.0,0.5179826845565234
andechs,dlinear,summer_2024,714,29,10.149205367612865,8.0,2.149205367612865
andechs,dlinear,summer_2024,715,29,9.67898143261213,9.0,0.6789814326121295
andechs,dlinear,summer_2024,716,29,9.547072387456382,12.0,2.4529276125436184
andechs,dlinear,summer_2024,717,29,9.605685982254887,13.0,3.3943140177451134
andechs,dlinear,summer_2024,718,29,9.28224737542355,13.0,3.71775262457645
andechs,dlinear,summer_2024,719,29,8.805180865339324,13.0,4.194819134660676
andechs,dlinear,summer_2024,720,30,8.38481606321936,13.0,4.615183936780641
andechs,dlinear,summer_2024,721,30,8.088158803580399,13.0,4.911841196419601
andechs,dlinear,summer_2024,722,30,7.721313702985552,14.0,6.278686297014448
andechs,dlinear,summer_2024,723,30,7.323454881244579,13.0,5.676545118755421
andechs,dlinear,summer_2024,724,30,7.097772102879017,13.0,5.902227897120983
andechs,dlinear,summer_2024,725,30,6.829121034798051,11.0,4.170878965201949
andechs,dlinear,summer_2024,726,30,6.532860130297939,9.0,2.467139869702061
andechs,dlinear,summer_2024,727,30,6.334252086674494,8.0,1.6657479133255064
andechs,dlinear,summer_2024,728,30,6.814261646912442,9.0,2.185738353087558
andechs,dlinear,summer_2024,729,30,7.992971702569234,12.0,4.007028297430766
andechs,dlinear,summer_2024,730,30,9.185246701935231,13.0,3.814753298064769
andechs,dlinear,summer_2024,731,30,10.15301488022114,13.0,2.8469851197788607
andechs,dlinear,summer_2024,732,30,11.031817113836084,14.0,2.968182886163916
andechs,dlinear,summer_2024,733,30,13.404541767966613,20.0,6.595458232033387
andechs,dlinear,summer_2024,734,30,14.780691520587547,16.0,1.2193084794124527
andechs,dlinear,summer_2024,735,30,15.994402042547536,17.0,1.0055979574524638
andechs,dlinear,summer_2024,736,30,17.449591147341003,18.0,0.5504088526589968
andechs,dlinear,summer_2024,737,30,17.952978114823917,17.0,0.9529781148239174
andechs,dlinear,summer_2024,738,30,17.51534066179107,16.0,1.5153406617910683
andechs,dlinear,summer_2024,739,30,16.069317966956124,12.0,4.069317966956124
andechs,dlinear,summer_2024,740,30,13.448449611995276,6.0,7.448449611995276
andechs,dlinear,summer_2024,741,30,11.079295821745042,6.0,5.079295821745042
andechs,dlinear,summer_2024,742,30,9.152872083859787,6.0,3.152872083859787
andechs,dlinear,summer_2024,743,30,7.580678915641899,6.0,1.580678915641899
andechs,dlinear,summer_2024,744,31,6.443145197000479,6.0,0.4431451970004794
andechs,dlinear,summer_2024,745,31,5.636394603732475,5.0,0.6363946037324748
andechs,dlinear,summer_2024,746,31,5.010105104356313,5.0,0.010105104356313177
andechs,dlinear,summer_2024,747,31,4.513788923786104,4.0,0.5137889237861044
andechs,dlinear,summer_2024,748,31,4.307483409127469,5.0,0.6925165908725308
andechs,dlinear,summer_2024,749,31,4.182683133289183,6.0,1.8173168667108168
andechs,dlinear,summer_2024,750,31,4.290554576558467,7.0,2.709445423441533
andechs,dlinear,summer_2024,751,31,4.454170903722293,7.0,2.545829096277707
andechs,dlinear,summer_2024,752,31,4.954734118809118,8.0,3.0452658811908817
andechs,dlinear,summer_2024,753,31,5.6414362043246715,7.0,1.3585637956753285
andechs,dlinear,summer_2024,754,31,6.223052232780926,6.0,0.22305223278092612
andechs,dlinear,summer_2024,755,31,6.722104856823169,7.0,0.2778951431768313
andechs,dlinear,summer_2024,756,31,7.264914101727523,8.0,0.7350858982724766
andechs,dlinear,summer_2024,757,31,7.582296474289354,8.0,0.41770352571064606
andechs,dlinear,summer_2024,758,31,7.381164376930678,6.0,1.3811643769306778
andechs,dlinear,summer_2024,759,31,6.910082162674092,6.0,0.910082162674092
andechs,dlinear,summer_2024,760,31,6.713143221210918,7.0,0.28685677878908233
andechs,dlinear,summer_2024,761,31,7.009348179550815,8.0,0.9906518204491848
andechs,dlinear,summer_2024,762,31,7.090983160385408,8.0,0.9090168396145923
andechs,dlinear,summer_2024,763,31,6.777013384207515,8.0,1.2229866157924851
andechs,dlinear,summer_2024,764,31,6.405451629186381,9.0,2.5945483708136194
andechs,dlinear,summer_2024,765,31,6.1284860798280985,11.0,4.8715139201719015
andechs,dlinear,summer_2024,766,31,6.140345579004167,13.0,6.859654420995833
andechs,dlinear,summer_2024,767,31,6.139804292886501,13.0,6.860195707113499
andechs,dlinear,summer_2024,768,32,6.178585027826903,12.0,5.821414972173097
andechs,dlinear,summer_2024,769,32,6.328790263279339,11.0,4.671209736720661
andechs,dlinear,summer_2024,770,32,6.745625998826419,11.0,4.254374001173581
andechs,dlinear,summer_2024,771,32,7.22212179692897,12.0,4.77787820307103
andechs,dlinear,summer_2024,772,32,7.65276932990305,12.0,4.34723067009695
andechs,dlinear,summer_2024,773,32,8.08768806147965,13.0,4.91231193852035
andechs,dlinear,summer_2024,774,32,8.522443055475227,14.0,5.477556944524773
andechs,dlinear,summer_2024,775,32,8.588806875344122,11.0,2.4111931246558775
andechs,dlinear,summer_2024,776,32,8.262121196758507,8.0,0.26212119675850687
andechs,dlinear,summer_2024,777,32,7.773366544037426,6.0,1.773366544037426
andechs,dlinear,summer_2024,778,32,7.3205068870040275,6.0,1.3205068870040275
andechs,dlinear,summer_2024,779,32,7.163796523802084,7.0,0.16379652380208398
andechs,dlinear,summer_2024,780,32,6.999160602274435,6.0,0.9991606022744346
andechs,dlinear,summer_2024,781,32,6.838677220986723,6.0,0.8386772209867228
andechs,dlinear,summer_2024,782,32,6.668117589110675,6.0,0.6681175891106754
andechs,dlinear,summer_2024,783,32,6.460115920023955,7.0,0.5398840799760452
andechs,dlinear,summer_2024,784,32,6.390647103615764,8.0,1.6093528963842356
andechs,dlinear,summer_2024,785,32,6.173040203130161,6.0,0.173040203130161
andechs,dlinear,summer_2024,786,32,5.707999481768256,4.0,1.7079994817682556
andechs,dlinear,summer_2024,787,32,5.322551824629049,5.0,0.3225518246290493
andechs,dlinear,summer_2024,788,32,5.010554361330404,5.0,0.010554361330403772
andechs,dlinear,summer_2024,789,32,4.654202609945423,5.0,0.3457973900545772
andechs,dlinear,summer_2024,790,32,4.464875437138465,6.0,1.5351245628615349
andechs,dlinear,summer_2024,791,32,4.54776767239747,7.0,2.4522323276025304
andechs,dlinear,summer_2024,792,33,4.783348029987871,7.0,2.216651970012129
andechs,dlinear,summer_2024,793,33,5.1328182574936685,8.0,2.8671817425063315
andechs,dlinear,summer_2024,794,33,5.489774587215897,8.0,2.510225412784103
andechs,dlinear,summer_2024,795,33,5.716311637607998,9.0,3.2836883623920023
andechs,dlinear,summer_2024,796,33,5.755024304810909,8.0,2.2449756951890913
andechs,dlinear,summer_2024,797,33,5.783543021057709,8.0,2.2164569789422908
andechs,dlinear,summer_2024,798,33,5.5855435017491395,5.0,0.5855435017491395
andechs,dlinear,summer_2024,799,33,5.168021471442766,4.0,1.1680214714427661
andechs,dlinear,summer_2024,800,33,4.833799338549931,4.0,0.8337993385499312
andechs,dlinear,summer_2024,801,33,4.728545451770184,4.0,0.7285454517701844
andechs,dlinear,summer_2024,802,33,4.76869218998958,4.0,0.7686921899895802
andechs,dlinear,summer_2024,803,33,4.8126171806127935,4.0,0.8126171806127935
andechs,dlinear,summer_2024,804,33,4.93243881592581,4.0,0.9324388159258099
andechs,dlinear,summer_2024,805,33,5.224566825388831,5.0,0.22456682538883133
andechs,dlinear,summer_2024,806,33,5.549011472815849,5.0,0.5490114728158488
andechs,dlinear,summer_2024,807,33,6.062334156772577,7.0,0.937665843227423
andechs,dlinear,summer_2024,808,33,6.629204038864653,8.0,1.3707959611353466
andechs,dlinear,summer_2024,809,33,7.124062934455365,10.0,2.875937065544635
andechs,dlinear,summer_2024,810,33,7.70149887979978,12.0,4.29850112020022
andechs,dlinear,summer_2024,811,33,8.288842689195777,15.0,6.711157310804223
andechs,dlinear,summer_2024,812,33,8.364700462037872,13.0,4.635299537962128
andechs,dlinear,summer_2024,813,33,8.222327259809331,12.0,3.7776727401906687
andechs,dlinear,summer_2024,814,33,8.196968454780325,14.0,5.803031545219675
andechs,dlinear,summer_2024,815,33,8.035298419617465,12.0,3.9647015803825347
andechs,dlinear,summer_2024,816,34,7.898732182604935,11.0,3.1012678173950654
andechs,dlinear,summer_2024,817,34,7.569116568992261,7.0,0.5691165689922606
andechs,dlinear,summer_2024,818,34,6.9075014708336475,6.0,0.9075014708336475
andechs,dlinear,summer_2024,819,34,6.261832635935711,6.0,0.26183263593571127
andechs,dlinear,summer_2024,820,34,5.845889949686841,6.0,0.15411005031315916
andechs,dlinear,summer_2024,821,34,5.646719281960069,7.0,1.3532807180399313
andechs,dlinear,summer_2024,822,34,5.579710712736133,9.0,3.4202892872638673
andechs,dlinear,summer_2024,823,34,5.668491941391077,10.0,4.331508058608923
andechs,dlinear,summer_2024,824,34,5.693942477877377,8.0,2.3060575221226234
andechs,dlinear,summer_2024,825,34,5.86409624824805,7.0,1.1359037517519504
andechs,dlinear,summer_2024,826,34,6.27435573184784,8.0,1.72564426815216
andechs,dlinear,summer_2024,827,34,6.717183573787615,8.0,1.282816426212385
andechs,dlinear,summer_2024,828,34,7.196111855621004,8.0,0.8038881443789956
andechs,dlinear,summer_2024,829,34,7.440323937514236,8.0,0.5596760624857637
andechs,dlinear,summer_2024,830,34,7.690129964143851,8.0,0.30987003585614925
andechs,dlinear,summer_2024,831,34,7.961653904604767,8.0,0.038346095395232815
andechs,dlinear,summer_2024,832,34,8.181247095281766,9.0,0.8187529047182345
andechs,dlinear,summer_2024,833,34,8.249061602251675,9.0,0.7509383977483246
andechs,dlinear,summer_2024,834,34,8.270877735379987,10.0,1.7291222646200133
andechs,dlinear,summer_2024,835,34,7.8387838849495655,9.0,1.1612161150504345
andechs,dlinear,summer_2024,836,34,7.372220304165317,10.0,2.6277796958346826
andechs,dlinear,summer_2024,837,34,6.949589264737587,9.0,2.050410735262413
andechs,dlinear,summer_2024,838,34,6.447656038071856,9.0,2.552343961928144
andechs,dlinear,summer_2024,839,34,6.03600635986659,9.0,2.9639936401334097
andechs,dlinear,summer_2024,840,35,5.668289113285002,9.0,3.3317108867149976
andechs,dlinear,summer_2024,841,35,5.56430634384588,12.0,6.43569365615412
andechs,dlinear,summer_2024,842,35,5.669158210558653,11.0,5.330841789441347
andechs,dlinear,summer_2024,843,35,5.584403189858241,9.0,3.415596810141759
andechs,dlinear,summer_2024,844,35,5.322575437492722,8.0,2.6774245625072783
andechs,dlinear,summer_2024,845,35,5.1142850674375655,8.0,2.8857149325624345
andechs,dlinear,summer_2024,846,35,4.892868500060107,7.0,2.107131499939893
andechs,dlinear,summer_2024,847,35,4.5113950430243355,4.0,0.5113950430243355
andechs,dlinear,summer_2024,848,35,4.061611716375586,4.0,0.0616117163755856
andechs,dlinear,summer_2024,849,35,3.726359415369038,3.0,0.7263594153690378
andechs,dlinear,summer_2024,850,35,3.7633147976886057,5.0,1.2366852023113943
andechs,dlinear,summer_2024,851,35,4.002674679811272,5.0,0.997325320188728
andechs,dlinear,summer_2024,852,35,4.820819360802602,7.0,2.179180639197398
andechs,dlinear,summer_2024,853,35,5.5323204979377945,7.0,1.4676795020622055
andechs,dlinear,summer_2024,854,35,6.073836895752863,7.0,0.926163104247137
andechs,dlinear,summer_2024,855,35,6.468661781746408,7.0,0.531338218253592
andechs,dlinear,summer_2024,856,35,6.965099454935841,7.0,0.03490054506415863
andechs,dlinear,summer_2024,857,35,7.326843126987941,8.0,0.6731568730120587
andechs,dlinear,summer_2024,858,35,8.14776706401892,11.0,2.85223293598108
andechs,dlinear,summer_2024,859,35,7.818085553782006,7.0,0.818085553782006
andechs,dlinear,summer_2024,860,35,7.317775605632306,8.0,0.6822243943676938
andechs,dlinear,summer_2024,861,35,6.750133084650931,7.0,0.24986691534906935
andechs,dlinear,summer_2024,862,35,6.07508817192765,6.0,0.07508817192764994
andechs,dlinear,summer_2024,863,35,5.648485664524714,7.0,1.3515143354752857
andechs,dlinear,summer_2024,864,36,5.235654816054758,8.0,2.7643451839452418
andechs,dlinear,summer_2024,865,36,4.750242252072802,9.0,4.249757747927198
andechs,dlinear,summer_2024,866,36,4.456615715622533,10.0,5.543384284377467
andechs,dlinear,summer_2024,867,36,4.235245061003144,10.0,5.764754938996856
andechs,dlinear,summer_2024,868,36,4.030066067963419,8.0,3.9699339320365814
andechs,dlinear,summer_2024,869,36,3.8974959223165837,8.0,4.102504077683417
andechs,dlinear,summer_2024,870,36,3.9430966422036917,10.0,6.056903357796308
andechs,dlinear,summer_2024,871,36,4.025017019440644,9.0,4.974982980559356
andechs,dlinear,summer_2024,872,36,4.4474444863613884,9.0,4.5525555136386116
andechs,dlinear,summer_2024,873,36,4.980169271926815,8.0,3.0198307280731846
andechs,dlinear,summer_2024,874,36,5.4772219536024185,7.0,1.5227780463975815
andechs,dlinear,summer_2024,875,36,6.024691492125109,7.0,0.9753085078748907
andechs,dlinear,summer_2024,876,36,7.794792067598011,12.0,4.205207932401989
andechs,dlinear,summer_2024,877,36,9.088030403713864,12.0,2.911969596286136
andechs,dlinear,summer_2024,878,36,9.142757107256987,8.0,1.1427571072569869
andechs,dlinear,summer_2024,879,36,8.813163303272677,7.0,1.8131633032726775
andechs,dlinear,summer_2024,880,36,8.654931639138423,8.0,0.6549316391384234
andechs,dlinear,summer_2024,881,36,9.167904842257558,10.0,0.832095157742442
andechs,dlinear,summer_2024,882,36,9.334983420886395,9.0,0.3349834208863953
andechs,dlinear,summer_2024,883,36,9.302633077628828,10.0,0.697366922371172
andechs,dlinear,summer_2024,884,36,9.133435188307418,10.0,0.8665648116925819
andechs,dlinear,summer_2024,885,36,8.645782178911098,11.0,2.354217821088902
andechs,dlinear,summer_2024,886,36,8.045339387605615,10.0,1.9546606123943846
andechs,dlinear,summer_2024,887,36,7.541983899039089,10.0,2.4580161009609114
andechs,dlinear,summer_2024,888,37,7.218475290827387,10.0,2.781524709172613
andechs,dlinear,summer_2024,889,37,6.979870673867147,11.0,4.020129326132853
andechs,dlinear,summer_2024,890,37,6.99653578650098,12.0,5.00346421349902
andechs,dlinear,summer_2024,891,37,6.990176872345748,12.0,5.009823127654252
andechs,dlinear,summer_2024,892,37,7.0224112611912535,11.0,3.9775887388087465
andechs,dlinear,summer_2024,893,37,7.031295083013333,11.0,3.968704916986667
andechs,dlinear,summer_2024,894,37,7.001673218327069,11.0,3.9983267816729313
andechs,dlinear,summer_2024,895,37,7.262900986052539,12.0,4.737099013947461
andechs,dlinear,summer_2024,896,37,7.543872959433017,11.0,3.456127040566983
andechs,dlinear,summer_2024,897,37,8.26757716478691,12.0,3.7324228352130895
andechs,dlinear,summer_2024,898,37,8.798274270428209,11.0,2.201725729571791
andechs,dlinear,summer_2024,899,37,9.282576279515663,11.0,1.7174237204843372
andechs,dlinear,summer_2024,900,37,9.518518889894725,9.0,0.5185188898947253
andechs,dlinear,summer_2024,901,37,8.808065922362784,6.0,2.8080659223627844
andechs,dlinear,summer_2024,902,37,7.737042021978581,6.0,1.7370420219785814
andechs,dlinear,summer_2024,903,37,6.792024534124111,5.0,1.7920245341241108
andechs,dlinear,summer_2024,904,37,5.930265464553219,3.0,2.9302654645532193
andechs,dlinear,summer_2024,905,37,5.397099587814029,4.0,1.3970995878140293
andechs,dlinear,summer_2024,906,37,5.1455087549112815,4.0,1.1455087549112815
andechs,dlinear,summer_2024,907,37,4.891423104362341,5.0,0.10857689563765938
andechs,dlinear,summer_2024,908,37,4.757019175634497,7.0,2.242980824365503
andechs,dlinear,summer_2024,909,37,4.566678010514164,7.0,2.433321989485836
andechs,dlinear,summer_2024,910,37,4.159296941682193,5.0,0.840703058317807
andechs,dlinear,summer_2024,911,37,3.7311892746308937,4.0,0.26881072536910633
andechs,dlinear,summer_2024,912,38,3.624310782131944,5.0,1.375689217868056
andechs,dlinear,summer_2024,913,38,3.6218234789248953,5.0,1.3781765210751047
andechs,dlinear,summer_2024,914,38,3.710985433367628,6.0,2.289014566632372
andechs,dlinear,summer_2024,915,38,3.830466926020562,6.0,2.169533073979438
andechs,dlinear,summer_2024,916,38,4.071890721439187,7.0,2.9281092785608127
andechs,dlinear,summer_2024,917,38,4.149324309673752,6.0,1.8506756903262476
andechs,dlinear,summer_2024,918,38,4.215377150944298,7.0,2.784622849055702
andechs,dlinear,summer_2024,919,38,4.4117059437733674,6.0,1.5882940562266326
andechs,dlinear,summer_2024,920,38,4.748248410639167,7.0,2.2517515893608326
andechs,dlinear,summer_2024,921,38,5.016773471658703,6.0,0.9832265283412971
andechs,dlinear,summer_2024,922,38,5.525579089807092,6.0,0.474420910192908
andechs,dlinear,summer_2024,923,38,6.640804881248776,8.0,1.3591951187512237
andechs,dlinear,summer_2024,924,38,9.945061706719553,11.0,1.054938293280447
andechs,dlinear,summer_2024,925,38,11.558733714491508,8.0,3.558733714491508
andechs,dlinear,summer_2024,926,38,11.069190512894567,7.0,4.069190512894567
andechs,dlinear,summer_2024,927,38,9.863940065594909,5.0,4.8639400655949085
andechs,dlinear,summer_2024,928,38,9.08976796487002,6.0,3.0897679648700205
andechs,dlinear,summer_2024,929,38,9.348074114406261,11.0,1.651925885593739
andechs,dlinear,summer_2024,930,38,9.539979632754978,10.0,0.46002036724502204
andechs,dlinear,summer_2024,931,38,9.183658549400043,9.0,0.18365854940004311
andechs,dlinear,summer_2024,932,38,8.389882597629718,7.0,1.3898825976297182
andechs,dlinear,summer_2024,933,38,7.482048317847653,7.0,0.4820483178476529
andechs,dlinear,summer_2024,934,38,6.72025813577296,6.0,0.7202581357729603
andechs,dlinear,summer_2024,935,38,5.895992900983423,5.0,0.8959929009834227
andechs,dlinear,summer_2024,936,39,5.274570042213226,5.0,0.27457004221322556
andechs,dlinear,summer_2024,937,39,4.891504566897478,5.0,0.1084954331025223
andechs,dlinear,summer_2024,938,39,4.56552983301952,5.0,0.43447016698048024
andechs,dlinear,summer_2024,939,39,4.228985017181227,4.0,0.22898501718122688
andechs,dlinear,summer_2024,940,39,3.9861625643507193,4.0,0.01383743564928075
andechs,dlinear,summer_2024,941,39,3.9874504912929916,5.0,1.0125495087070084
andechs,dlinear,summer_2024,942,39,4.1658280987329945,7.0,2.8341719012670055
andechs,dlinear,summer_2024,943,39,4.526939359363874,10.0,5.473060640636126
andechs,dlinear,summer_2024,944,39,4.917202706262683,8.0,3.0827972937373174
andechs,dlinear,summer_2024,945,39,5.7628077131162465,10.0,4.2371922868837535
andechs,dlinear,summer_2024,946,39,6.355844060754764,7.0,0.6441559392452358
andechs,dlinear,summer_2024,947,39,6.7828601314169035,6.0,0.7828601314169035
andechs,dlinear,summer_2024,948,39,7.051729104443423,5.0,2.0517291044434227
andechs,dlinear,summer_2024,949,39,7.0312131204573145,4.0,3.0312131204573145
andechs,dlinear,summer_2024,950,39,6.631611380134691,4.0,2.631611380134691
andechs,dlinear,summer_2024,951,39,6.355473584387162,3.0,3.3554735843871617
andechs,dlinear,summer_2024,952,39,6.347843103635483,4.0,2.3478431036354834
andechs,dlinear,summer_2024,953,39,6.383869974118191,4.0,2.3838699741181912
andechs,dlinear,summer_2024,954,39,6.279770442493614,4.0,2.2797704424936143
andechs,dlinear,summer_2024,955,39,6.151702693407215,6.0,0.15170269340721543
andechs,dlinear,summer_2024,956,39,5.9847202407872295,6.0,0.015279759212770472
andechs,dlinear,summer_2024,957,39,5.645118118501317,6.0,0.3548818814986827
andechs,dlinear,summer_2024,958,39,5.11073638446556,5.0,0.11073638446556
andechs,dlinear,summer_2024,959,39,4.725692134485815,5.0,0.27430786551418507
andechs,dlinear,summer_2024,960,40,4.745561086306033,5.0,0.2544389136939671
andechs,dlinear,summer_2024,961,40,4.90562217245542,5.0,0.09437782754458013
andechs,dlinear,summer_2024,962,40,5.0754867421170715,5.0,0.07548674211707151
andechs,dlinear,summer_2024,963,40,5.065127123742528,5.0,0.06512712374252771
andechs,dlinear,summer_2024,964,40,4.9822904191542925,5.0,0.017709580845707507
andechs,dlinear,summer_2024,965,40,4.863597589729144,5.0,0.13640241027085587
andechs,dlinear,summer_2024,966,40,4.696638375560656,5.0,0.30336162443934356
andechs,dlinear,summer_2024,967,40,4.716825179076777,5.0,0.28317482092322344
andechs,dlinear,summer_2024,968,40,4.99704933586704,4.0,0.9970493358670396
andechs,dlinear,summer_2024,969,40,5.578961286946162,5.0,0.5789612869461616
andechs,dlinear,summer_2024,970,40,6.17407515541082,4.0,2.1740751554108204
andechs,dlinear,summer_2024,971,40,6.865057210748144,4.0,2.8650572107481436
andechs,dlinear,summer_2024,972,40,7.599786459144872,5.0,2.5997864591448723
andechs,dlinear,summer_2024,973,40,8.18519847017889,5.0,3.1851984701788894
andechs,dlinear,summer_2024,974,40,8.463168035374533,6.0,2.463168035374533
andechs,dlinear,summer_2024,975,40,8.354457846336942,5.0,3.354457846336942
andechs,dlinear,summer_2024,976,40,8.483412949868473,5.0,3.483412949868473
andechs,dlinear,summer_2024,977,40,8.625965490370325,5.0,3.6259654903703247
andechs,dlinear,summer_2024,978,40,8.797381960854638,6.0,2.797381960854638
andechs,dlinear,summer_2024,979,40,8.510669212786619,6.0,2.5106692127866186
andechs,dlinear,summer_2024,980,40,8.131971720163024,7.0,1.1319717201630244
andechs,dlinear,summer_2024,981,40,7.700998486156159,8.0,0.2990015138438409
andechs,dlinear,summer_2024,982,40,7.235066360809158,8.0,0.7649336391908417
andechs,dlinear,summer_2024,983,40,6.948637598947137,9.0,2.051362401052863
andechs,dlinear,summer_2024,984,41,6.675014258107198,10.0,3.324985741892802
andechs,dlinear,summer_2024,985,41,6.4395990073585745,10.0,3.5604009926414255
andechs,dlinear,summer_2024,986,41,6.3128662978690695,10.0,3.6871337021309305
andechs,dlinear,summer_2024,987,41,6.231537887663581,10.0,3.768462112336419
andechs,dlinear,summer_2024,988,41,6.164745131084828,11.0,4.835254868915172
andechs,dlinear,summer_2024,989,41,6.210817438481729,12.0,5.789182561518271
andechs,dlinear,summer_2024,990,41,5.989343630462404,11.0,5.010656369537596
andechs,dlinear,summer_2024,991,41,5.662422795806233,7.0,1.3375772041937672
andechs,dlinear,summer_2024,992,41,6.03726852668356,7.0,0.96273147331644
andechs,dlinear,summer_2024,993,41,7.158994659227297,9.0,1.8410053407727034
andechs,dlinear,summer_2024,994,41,8.342530740736617,10.0,1.657469259263383
andechs,dlinear,summer_2024,995,41,8.964781999874242,8.0,0.9647819998742424
andechs,dlinear,summer_2024,996,41,9.446639319884031,8.0,1.4466393198840315
andechs,dlinear,summer_2024,997,41,9.698689192673488,8.0,1.6986891926734877
andechs,dlinear,summer_2024,998,41,9.665262443197769,7.0,2.6652624431977685
andechs,dlinear,summer_2024,999,41,9.763831283606928,8.0,1.7638312836069279
andechs,dlinear,summer_2024,1000,41,9.813062223026147,8.0,1.8130622230261473
andechs,dlinear,summer_2024,1001,41,9.635783427743196,7.0,2.6357834277431955
andechs,dlinear,summer_2024,1002,41,9.510786756502814,7.0,2.5107867565028137
andechs,dlinear,summer_2024,1003,41,9.292474398921375,9.0,0.2924743989213745
andechs,dlinear,summer_2024,1004,41,9.017756479803726,10.0,0.982243520196274
andechs,dlinear,summer_2024,1005,41,8.595883555781816,10.0,1.4041164442181842
andechs,dlinear,summer_2024,1006,41,8.090444640583286,9.0,0.9095553594167143
andechs,dlinear,summer_2024,1007,41,7.481703048035332,9.0,1.5182969519646683
andechs,dlinear,summer_2024,1008,42,6.942833819180587,9.0,2.0571661808194133
andechs,dlinear,summer_2024,1009,42,6.508485838167857,10.0,3.491514161832143
andechs,dlinear,summer_2024,1010,42,6.315644181629689,9.0,2.684355818370311
andechs,dlinear,summer_2024,1011,42,6.26307241981027,9.0,2.7369275801897297
andechs,dlinear,summer_2024,1012,42,6.26107737713596,9.0,2.73892262286404
andechs,dlinear,summer_2024,1013,42,6.187708354310635,10.0,3.812291645689365
andechs,dlinear,summer_2024,1014,42,6.3017327928524915,10.0,3.6982672071475085
andechs,dlinear,summer_2024,1015,42,6.443671970155053,10.0,3.5563280298449467
andechs,dlinear,summer_2024,1016,42,6.650640302904305,10.0,3.3493596970956947
andechs,dlinear,summer_2024,1017,42,7.019830435772701,8.0,0.9801695642272987
andechs,dlinear,summer_2024,1018,42,7.769821154321109,11.0,3.230178845678891
andechs,dlinear,summer_2024,1019,42,8.740237165916135,11.0,2.2597628340838654
andechs,dlinear,summer_2024,1020,42,10.129423903222413,12.0,1.8705760967775866
andechs,dlinear,summer_2024,1021,42,11.257590677237696,12.0,0.7424093227623043
andechs,dlinear,summer_2024,1022,42,11.721268501646183,11.0,0.7212685016461826
andechs,dlinear,summer_2024,1023,42,11.913880969603088,11.0,0.9138809696030883
andechs,dlinear,summer_2024,1024,42,11.893525672683145,10.0,1.893525672683145
andechs,dlinear,summer_2024,1025,42,11.293481874963721,10.0,1.293481874963721
andechs,dlinear,summer_2024,1026,42,10.674763772789369,9.0,1.674763772789369
andechs,dlinear,summer_2024,1027,42,10.35407676216451,8.0,2.3540767621645102
andechs,dlinear,summer_2024,1028,42,10.669759033360457,10.0,0.6697590333604566
andechs,dlinear,summer_2024,1029,42,10.932869427916758,12.0,1.0671305720832418
andechs,dlinear,summer_2024,1030,42,10.822938374240053,12.0,1.177061625759947
andechs,dlinear,summer_2024,1031,42,10.801974672926216,11.0,0.1980253270737844
andechs,dlinear,summer_2024,1032,43,10.64968566325579,11.0,0.3503143367442103
andechs,dlinear,summer_2024,1033,43,10.050097616379263,9.0,1.0500976163792632
andechs,dlinear,summer_2024,1034,43,9.157910810822841,8.0,1.157910810822841
andechs,dlinear,summer_2024,1035,43,8.41131770036024,8.0,0.4113177003602395
andechs,dlinear,summer_2024,1036,43,7.755034662039219,9.0,1.2449653379607808
andechs,dlinear,summer_2024,1037,43,7.251080638718368,9.0,1.748919361281632
andechs,dlinear,summer_2024,1038,43,6.761870401140403,9.0,2.2381295988595973
andechs,dlinear,summer_2024,1039,43,6.241991792980727,7.0,0.7580082070192731
andechs,dlinear,summer_2024,1040,43,6.152494365796176,6.0,0.15249436579617637
andechs,dlinear,summer_2024,1041,43,6.703248724163329,6.0,0.7032487241633287
andechs,dlinear,summer_2024,1042,43,7.510576518241408,7.0,0.5105765182414084
andechs,dlinear,summer_2024,1043,43,8.297252173846406,7.0,1.297252173846406
andechs,dlinear,summer_2024,1044,43,8.777535121199472,6.0,2.777535121199472
andechs,dlinear,summer_2024,1045,43,9.035436154703,6.0,3.0354361547029995
andechs,dlinear,summer_2024,1046,43,9.123592425269111,6.0,3.123592425269111
andechs,dlinear,summer_2024,1047,43,9.097027660341062,6.0,3.0970276603410625
andechs,dlinear,summer_2024,1048,43,9.142897986007545,7.0,2.1428979860075454
andechs,dlinear,summer_2024,1049,43,8.573724721798396,5.0,3.5737247217983956
andechs,dlinear,summer_2024,1050,43,7.686748988642005,5.0,2.6867489886420053
andechs,dlinear,summer_2024,1051,43,6.697845763128735,5.0,1.6978457631287354
andechs,dlinear,summer_2024,1052,43,5.949316249144656,6.0,0.05068375085534438
andechs,dlinear,summer_2024,1053,43,5.319318051686098,7.0,1.680681948313902
andechs,dlinear,summer_2024,1054,43,4.731289282822347,6.0,1.2687107171776528
andechs,dlinear,summer_2024,1055,43,4.096332603402377,6.0,1.9036673965976227
andechs,dlinear,autumn_2024,0,0,2.771680930466456,3.0,0.2283190695335442
andechs,dlinear,autumn_2024,1,0,2.7702260403103387,3.0,0.2297739596896613
andechs,dlinear,autumn_2024,2,0,2.7872809794492888,3.0,0.21271902055071124
andechs,dlinear,autumn_2024,3,0,2.9277531112620734,3.0,0.07224688873792662
andechs,dlinear,autumn_2024,4,0,2.9714003184400095,4.0,1.0285996815599905
andechs,dlinear,autumn_2024,5,0,3.0688454769429683,3.0,0.06884547694296828
andechs,dlinear,autumn_2024,6,0,2.877754020305834,2.0,0.8777540203058338
andechs,dlinear,autumn_2024,7,0,2.59879456626532,3.0,0.4012054337346802
andechs,dlinear,autumn_2024,8,0,2.541270588653439,4.0,1.4587294113465612
andechs,dlinear,autumn_2024,9,0,2.649211115901909,4.0,1.3507888840980908
andechs,dlinear,autumn_2024,10,0,2.682466136387222,5.0,2.317533863612778
andechs,dlinear,autumn_2024,11,0,2.9268377912073733,5.0,2.0731622087926267
andechs,dlinear,autumn_2024,12,0,3.341265505535505,5.0,1.658734494464495
andechs,dlinear,autumn_2024,13,0,3.330392870943477,4.0,0.6696071290565229
andechs,dlinear,autumn_2024,14,0,2.995554249287533,3.0,0.004445750712466889
andechs,dlinear,autumn_2024,15,0,2.730148311150712,3.0,0.2698516888492879
andechs,dlinear,autumn_2024,16,0,2.5510167810125117,4.0,1.4489832189874883
andechs,dlinear,autumn_2024,17,0,2.3569220396987056,3.0,0.6430779603012944
andechs,dlinear,autumn_2024,18,0,2.426007304933569,3.0,0.5739926950664311
andechs,dlinear,autumn_2024,19,0,2.313591245891025,3.0,0.686408754108975
andechs,dlinear,autumn_2024,20,0,2.2186703973980495,4.0,1.7813296026019505
andechs,dlinear,autumn_2024,21,0,2.399222957247594,5.0,2.600777042752406
andechs,dlinear,autumn_2024,22,0,2.5077079619026534,4.0,1.4922920380973466
andechs,dlinear,autumn_2024,23,0,2.6080311279332995,4.0,1.3919688720667005
andechs,dlinear,autumn_2024,24,1,2.6711897636214728,4.0,1.3288102363785272
andechs,dlinear,autumn_2024,25,1,3.0804327297458713,4.0,0.9195672702541287
andechs,dlinear,autumn_2024,26,1,3.203506358756081,4.0,0.7964936412439192
andechs,dlinear,autumn_2024,27,1,3.2015279673226673,4.0,0.7984720326773327
andechs,dlinear,autumn_2024,28,1,2.92902670648021,3.0,0.0709732935197902
andechs,dlinear,autumn_2024,29,1,2.618716950838272,2.0,0.6187169508382722
andechs,dlinear,autumn_2024,30,1,2.1099358176185694,1.0,1.1099358176185694
andechs,dlinear,autumn_2024,31,1,1.700780486266055,0.9,0.8007804862660549
andechs,dlinear,autumn_2024,32,1,1.5135800340640877,0.8,0.7135800340640877
andechs,dlinear,autumn_2024,33,1,1.2618461710738016,1.0,0.2618461710738016
andechs,dlinear,autumn_2024,34,1,1.0192901060456832,1.0,0.019290106045683153
andechs,dlinear,autumn_2024,35,1,0.9825780443875676,1.0,0.017421955612432427
andechs,dlinear,autumn_2024,36,1,0.9748902839499083,2.0,1.0251097160500917
andechs,dlinear,autumn_2024,37,1,1.0725402900894325,2.0,0.9274597099105675
andechs,dlinear,autumn_2024,38,1,1.203651797713909,3.0,1.796348202286091
andechs,dlinear,autumn_2024,39,1,1.1522450323753572,2.0,0.8477549676246428
andechs,dlinear,autumn_2024,40,1,1.018126947325256,2.0,0.9818730526747439
andechs,dlinear,autumn_2024,41,1,0.9099978516472218,2.0,1.0900021483527782
andechs,dlinear,autumn_2024,42,1,0.833837291072359,2.0,1.166162708927641
andechs,dlinear,autumn_2024,43,1,0.8925400730696635,2.0,1.1074599269303365
andechs,dlinear,autumn_2024,44,1,1.0209588157014746,2.0,0.9790411842985254
andechs,dlinear,autumn_2024,45,1,1.1309328500966052,2.0,0.8690671499033948
andechs,dlinear,autumn_2024,46,1,1.1544921637370074,2.0,0.8455078362629926
andechs,dlinear,autumn_2024,47,1,1.0101225349326812,2.0,0.9898774650673188
andechs,dlinear,autumn_2024,48,2,0.8958794600687137,1.0,0.10412053993128634
andechs,dlinear,autumn_2024,49,2,0.9119012662651222,1.0,0.08809873373487775
andechs,dlinear,autumn_2024,50,2,0.8733975506192477,0.9,0.02660244938075229
andechs,dlinear,autumn_2024,51,2,0.8470388960939248,0.9,0.052961103906075224
andechs,dlinear,autumn_2024,52,2,0.7486804580767465,0.9,0.15131954192325348
andechs,dlinear,autumn_2024,53,2,0.7654252021821284,0.7,0.06542520218212844
andechs,dlinear,autumn_2024,54,2,0.7240637806238235,0.9,0.17593621937617654
andechs,dlinear,autumn_2024,55,2,1.1998350385264347,3.0,1.8001649614735653
andechs,dlinear,autumn_2024,56,2,2.4281298105192373,8.0,5.571870189480762
andechs,dlinear,autumn_2024,57,2,3.22064168686847,9.0,5.77935831313153
andechs,dlinear,autumn_2024,58,2,3.705598232997011,8.0,4.294401767002989
andechs,dlinear,autumn_2024,59,2,4.415411340750037,10.0,5.584588659249963
andechs,dlinear,autumn_2024,60,2,5.295997918195987,11.0,5.704002081804013
andechs,dlinear,autumn_2024,61,2,5.669578795245741,8.0,2.330421204754259
andechs,dlinear,autumn_2024,62,2,5.984895878078342,9.0,3.0151041219216577
andechs,dlinear,autumn_2024,63,2,5.9485994434170175,7.0,1.0514005565829825
andechs,dlinear,autumn_2024,64,2,5.958597653387525,8.0,2.0414023466124753
andechs,dlinear,autumn_2024,65,2,6.036362704818062,8.0,1.9636372951819379
andechs,dlinear,autumn_2024,66,2,5.9511327378335315,8.0,2.0488672621664685
andechs,dlinear,autumn_2024,67,2,5.7004640653137155,8.0,2.2995359346862845
andechs,dlinear,autumn_2024,68,2,5.254454524353369,7.0,1.7455454756466313
andechs,dlinear,autumn_2024,69,2,4.888457111838312,7.0,2.1115428881616882
andechs,dlinear,autumn_2024,70,2,4.7098554655481575,8.0,3.2901445344518425
andechs,dlinear,autumn_2024,71,2,4.769939136046284,8.0,3.2300608639537156
andechs,dlinear,autumn_2024,72,3,4.899109656340528,8.0,3.100890343659472
andechs,dlinear,autumn_2024,73,3,5.073924467649471,8.0,2.926075532350529
andechs,dlinear,autumn_2024,74,3,4.977613393318285,7.0,2.0223866066817147
andechs,dlinear,autumn_2024,75,3,4.660604269247029,5.0,0.3393957307529707
andechs,dlinear,autumn_2024,76,3,4.268555009525331,4.0,0.26855500952533085
andechs,dlinear,autumn_2024,77,3,3.990134340861566,4.0,0.009865659138434069
andechs,dlinear,autumn_2024,78,3,3.981614483647964,4.0,0.018385516352036113
andechs,dlinear,autumn_2024,79,3,4.203717155542324,4.0,0.20371715554232406
andechs,dlinear,autumn_2024,80,3,4.331510090513788,4.0,0.3315100905137882
andechs,dlinear,autumn_2024,81,3,4.188937580639869,3.0,1.1889375806398688
andechs,dlinear,autumn_2024,82,3,3.8874603074434635,2.0,1.8874603074434635
andechs,dlinear,autumn_2024,83,3,3.7961422595118233,2.0,1.7961422595118233
andechs,dlinear,autumn_2024,84,3,3.8718968840515022,3.0,0.8718968840515022
andechs,dlinear,autumn_2024,85,3,3.948928607411185,3.0,0.9489286074111849
andechs,dlinear,autumn_2024,86,3,3.7064438275850575,2.0,1.7064438275850575
andechs,dlinear,autumn_2024,87,3,3.456801341282719,2.0,1.456801341282719
andechs,dlinear,autumn_2024,88,3,3.3775418378448907,4.0,0.6224581621551093
andechs,dlinear,autumn_2024,89,3,3.3689507901049183,4.0,0.6310492098950817
andechs,dlinear,autumn_2024,90,3,3.635519242067626,5.0,1.364480757932374
andechs,dlinear,autumn_2024,91,3,3.880263631548722,6.0,2.119736368451278
andechs,dlinear,autumn_2024,92,3,4.027713561293872,7.0,2.972286438706128
andechs,dlinear,autumn_2024,93,3,4.087267642057441,7.0,2.9127323579425592
andechs,dlinear,autumn_2024,94,3,4.010082630767,5.0,0.9899173692329999
andechs,dlinear,autumn_2024,95,3,4.0304031946413765,5.0,0.9695968053586235
andechs,dlinear,autumn_2024,96,4,4.5139782401395205,9.0,4.4860217598604795
andechs,dlinear,autumn_2024,97,4,5.009916138612766,9.0,3.990083861387234
andechs,dlinear,autumn_2024,98,4,5.260719140528761,7.0,1.739280859471239
andechs,dlinear,autumn_2024,99,4,5.334756263299024,7.0,1.665243736700976
andechs,dlinear,autumn_2024,100,4,9.391905548779135,27.0,17.608094451220865
andechs,dlinear,autumn_2024,101,4,11.836931695585433,27.0,15.163068304414567
andechs,dlinear,autumn_2024,102,4,10.215015502708408,4.0,6.2150155027084075
andechs,dlinear,autumn_2024,103,4,9.242261333552415,11.0,1.757738666447585
andechs,dlinear,autumn_2024,104,4,10.375220954539728,25.0,14.624779045460272
andechs,dlinear,autumn_2024,105,4,9.444105577797622,9.0,0.4441055777976217
andechs,dlinear,autumn_2024,106,4,7.170794015725026,1.0,6.170794015725026
andechs,dlinear,autumn_2024,107,4,6.906612456862803,15.0,8.093387543137197
andechs,dlinear,autumn_2024,108,4,5.700260755075718,1.0,4.700260755075718
andechs,dlinear,autumn_2024,109,4,4.500386440835443,2.0,2.5003864408354426
andechs,dlinear,autumn_2024,110,4,3.537646950954926,1.0,2.537646950954926
andechs,dlinear,autumn_2024,111,4,2.796676838529648,2.0,0.7966768385296481
andechs,dlinear,autumn_2024,112,4,2.656438561004021,5.0,2.343561438995979
andechs,dlinear,autumn_2024,113,4,2.56888237003683,4.0,1.43111762996317
andechs,dlinear,autumn_2024,114,4,2.584974740932988,4.0,1.4150252590670118
andechs,dlinear,autumn_2024,115,4,2.4968362168614098,2.0,0.4968362168614098
andechs,dlinear,autumn_2024,116,4,2.4818061592413847,2.0,0.4818061592413847
andechs,dlinear,autumn_2024,117,4,2.8438680774481373,4.0,1.1561319225518627
andechs,dlinear,autumn_2024,118,4,3.734521089062839,7.0,3.265478910937161
andechs,dlinear,autumn_2024,119,4,4.389888764480393,5.0,0.6101112355196072
andechs,dlinear,autumn_2024,120,5,4.6841279379120175,2.0,2.6841279379120175
andechs,dlinear,autumn_2024,121,5,4.692037759079996,0.6,4.092037759079997
andechs,dlinear,autumn_2024,122,5,4.576472876282248,2.0,2.5764728762822484
andechs,dlinear,autumn_2024,123,5,4.344324150479668,2.0,2.344324150479668
andechs,dlinear,autumn_2024,124,5,4.06551500541685,2.0,2.0655150054168496
andechs,dlinear,autumn_2024,125,5,3.6734662764112054,2.0,1.6734662764112054
andechs,dlinear,autumn_2024,126,5,3.2424090785799358,2.0,1.2424090785799358
andechs,dlinear,autumn_2024,127,5,2.8487711035592582,2.0,0.8487711035592582
andechs,dlinear,autumn_2024,128,5,2.47188785513345,1.0,1.47188785513345
andechs,dlinear,autumn_2024,129,5,2.0221753592651304,1.0,1.0221753592651304
andechs,dlinear,autumn_2024,130,5,1.5896596547793145,1.0,0.5896596547793145
andechs,dlinear,autumn_2024,131,5,1.431180781720303,1.0,0.43118078172030305
andechs,dlinear,autumn_2024,132,5,1.480905344350179,1.0,0.48090534435017895
andechs,dlinear,autumn_2024,133,5,1.538399811217293,1.0,0.538399811217293
andechs,dlinear,autumn_2024,134,5,1.770950193809722,2.0,0.22904980619027793
andechs,dlinear,autumn_2024,135,5,1.9490588890162956,2.0,0.05094111098370435
andechs,dlinear,autumn_2024,136,5,2.1221419621953443,1.0,1.1221419621953443
andechs,dlinear,autumn_2024,137,5,2.2213304157055425,1.0,1.2213304157055425
andechs,dlinear,autumn_2024,138,5,2.2641362506861493,1.0,1.2641362506861493
andechs,dlinear,autumn_2024,139,5,2.180644719889326,0.9,1.280644719889326
andechs,dlinear,autumn_2024,140,5,2.024355323870907,1.0,1.0243553238709069
andechs,dlinear,autumn_2024,141,5,2.272006890422743,2.0,0.27200689042274284
andechs,dlinear,autumn_2024,142,5,2.5067592544861403,2.0,0.5067592544861403
andechs,dlinear,autumn_2024,143,5,2.5344710308514165,2.0,0.5344710308514165
andechs,dlinear,autumn_2024,144,6,2.345313843756478,2.0,0.345313843756478
andechs,dlinear,autumn_2024,145,6,2.252262794858232,1.0,1.252262794858232
andechs,dlinear,autumn_2024,146,6,2.057879692093443,0.9,1.1578796920934429
andechs,dlinear,autumn_2024,147,6,1.8355544634885126,0.8,1.0355544634885125
andechs,dlinear,autumn_2024,148,6,1.744157551712492,0.9,0.8441575517124921
andechs,dlinear,autumn_2024,149,6,1.6880410001294495,0.9,0.7880410001294494
andechs,dlinear,autumn_2024,150,6,1.7581688579749124,0.9,0.8581688579749124
andechs,dlinear,autumn_2024,151,6,1.8837979506125517,1.0,0.8837979506125517
andechs,dlinear,autumn_2024,152,6,1.8795377183400337,1.0,0.8795377183400337
andechs,dlinear,autumn_2024,153,6,1.9806681380229456,2.0,0.019331861977054388
andechs,dlinear,autumn_2024,154,6,2.27633408730993,2.0,0.2763340873099298
andechs,dlinear,autumn_2024,155,6,2.571675393332161,2.0,0.571675393332161
andechs,dlinear,autumn_2024,156,6,2.7390436292856255,2.0,0.7390436292856255
andechs,dlinear,autumn_2024,157,6,2.8888090527924617,1.0,1.8888090527924617
andechs,dlinear,autumn_2024,158,6,3.0105251008638807,1.0,2.0105251008638807
andechs,dlinear,autumn_2024,159,6,3.374913887132267,2.0,1.374913887132267
andechs,dlinear,autumn_2024,160,6,4.004393862793367,2.0,2.004393862793367
andechs,dlinear,autumn_2024,161,6,4.562882384396369,3.0,1.562882384396369
andechs,dlinear,autumn_2024,162,6,4.957314880589351,3.0,1.957314880589351
andechs,dlinear,autumn_2024,163,6,4.9388204523181525,3.0,1.9388204523181525
andechs,dlinear,autumn_2024,164,6,4.787342271747418,3.0,1.787342271747418
andechs,dlinear,autumn_2024,165,6,4.73241282827073,3.0,1.7324128282707303
andechs,dlinear,autumn_2024,166,6,4.530950812578412,3.0,1.5309508125784124
andechs,dlinear,autumn_2024,167,6,4.237527338612659,3.0,1.2375273386126588
andechs,dlinear,autumn_2024,168,7,3.927366370231622,2.0,1.927366370231622
andechs,dlinear,autumn_2024,169,7,3.6921182833124666,1.0,2.6921182833124666
andechs,dlinear,autumn_2024,170,7,3.65532400379815,1.0,2.65532400379815
andechs,dlinear,autumn_2024,171,7,3.557217132546934,1.0,2.557217132546934
andechs,dlinear,autumn_2024,172,7,3.6245247960567397,2.0,1.6245247960567397
andechs,dlinear,autumn_2024,173,7,3.508420848698127,2.0,1.508420848698127
andechs,dlinear,autumn_2024,174,7,4.134410603084026,4.0,0.1344106030840262
andechs,dlinear,autumn_2024,175,7,4.354309202406298,3.0,1.3543092024062977
andechs,dlinear,autumn_2024,176,7,4.493411568653972,2.0,2.493411568653972
andechs,dlinear,autumn_2024,177,7,4.4761942834163,2.0,2.4761942834162998
andechs,dlinear,autumn_2024,178,7,4.49311359264061,3.0,1.4931135926406096
andechs,dlinear,autumn_2024,179,7,5.191239975853534,4.0,1.1912399758535344
andechs,dlinear,autumn_2024,180,7,6.695390693979384,6.0,0.6953906939793839
andechs,dlinear,autumn_2024,181,7,8.409041012621543,7.0,1.4090410126215431
andechs,dlinear,autumn_2024,182,7,9.023752304473906,5.0,4.023752304473906
andechs,dlinear,autumn_2024,183,7,8.8991624110326,6.0,2.8991624110326004
andechs,dlinear,autumn_2024,184,7,8.270737892286672,4.0,4.270737892286672
andechs,dlinear,autumn_2024,185,7,6.832955781679539,1.0,5.832955781679539
andechs,dlinear,autumn_2024,186,7,5.385796614652325,1.0,4.385796614652325
andechs,dlinear,autumn_2024,187,7,4.262693251228482,2.0,2.262693251228482
andechs,dlinear,autumn_2024,188,7,3.495612211156807,2.0,1.495612211156807
andechs,dlinear,autumn_2024,189,7,2.8210936789229217,1.0,1.8210936789229217
andechs,dlinear,autumn_2024,190,7,2.201756317555634,1.0,1.2017563175556338
andechs,dlinear,autumn_2024,191,7,1.7851221913951036,0.8,0.9851221913951036
andechs,dlinear,autumn_2024,192,8,1.5267509077493324,1.0,0.5267509077493324
andechs,dlinear,autumn_2024,193,8,1.2494355034479563,0.8,0.44943550344795624
andechs,dlinear,autumn_2024,194,8,1.0353040383030807,0.8,0.23530403830308066
andechs,dlinear,autumn_2024,195,8,0.9400910822552131,0.7,0.24009108225521314
andechs,dlinear,autumn_2024,196,8,0.9713554041735915,0.7,0.2713554041735915
andechs,dlinear,autumn_2024,197,8,0.9259673324338848,0.6,0.32596733243388487
andechs,dlinear,autumn_2024,198,8,1.084178659992518,0.5,0.5841786599925181
andechs,dlinear,autumn_2024,199,8,1.066967038883158,0.3,0.766967038883158
andechs,dlinear,autumn_2024,200,8,1.010228397068012,0.8,0.21022839706801189
andechs,dlinear,autumn_2024,201,8,0.9375654989041715,0.9,0.03756549890417149
andechs,dlinear,autumn_2024,202,8,1.043860136189708,1.0,0.043860136189707966
andechs,dlinear,autumn_2024,203,8,1.439287040848928,2.0,0.560712959151072
andechs,dlinear,autumn_2024,204,8,1.8391956914178755,2.0,0.16080430858212447
andechs,dlinear,autumn_2024,205,8,2.1724623863865222,2.0,0.17246238638652223
andechs,dlinear,autumn_2024,206,8,2.5188027243877347,2.0,0.5188027243877347
andechs,dlinear,autumn_2024,207,8,2.7887503403209024,2.0,0.7887503403209024
andechs,dlinear,autumn_2024,208,8,2.914873239435658,2.0,0.914873239435658
andechs,dlinear,autumn_2024,209,8,3.0003144356811733,2.0,1.0003144356811733
andechs,dlinear,autumn_2024,210,8,2.8034562390597633,1.0,1.8034562390597633
andechs,dlinear,autumn_2024,211,8,2.3833438236441866,2.0,0.3833438236441866
andechs,dlinear,autumn_2024,212,8,1.9278176929239539,2.0,0.07218230707604611
andechs,dlinear,autumn_2024,213,8,1.5100372680550267,2.0,0.4899627319449733
andechs,dlinear,autumn_2024,214,8,1.2026918184682787,1.0,0.20269181846827866
andechs,dlinear,autumn_2024,215,8,0.8865350352380554,0.9,0.013464964761944587
andechs,dlinear,autumn_2024,216,9,0.8672896895302546,1.0,0.13271031046974535
andechs,dlinear,autumn_2024,217,9,1.1009667231046834,1.0,0.10096672310468335
andechs,dlinear,autumn_2024,218,9,1.2457336388803357,0.8,0.4457336388803357
andechs,dlinear,autumn_2024,219,9,1.1829608073070075,0.7,0.4829608073070075
andechs,dlinear,autumn_2024,220,9,1.227174515382342,1.0,0.2271745153823419
andechs,dlinear,autumn_2024,221,9,1.372046754380106,1.0,0.37204675438010604
andechs,dlinear,autumn_2024,222,9,1.4616126038954906,0.8,0.6616126038954906
andechs,dlinear,autumn_2024,223,9,1.4021186962256653,0.4,1.0021186962256654
andechs,dlinear,autumn_2024,224,9,1.3270108304717603,0.5,0.8270108304717603
andechs,dlinear,autumn_2024,225,9,1.2006505166116188,0.6,0.6006505166116188
andechs,dlinear,autumn_2024,226,9,1.0234866203517692,0.7,0.3234866203517692
andechs,dlinear,autumn_2024,227,9,0.895244463514616,0.7,0.195244463514616
andechs,dlinear,autumn_2024,228,9,0.7494343808837334,1.0,0.2505656191162666
andechs,dlinear,autumn_2024,229,9,0.7178456390410126,1.0,0.2821543609589874
andechs,dlinear,autumn_2024,230,9,0.7202561396615978,1.0,0.27974386033840215
andechs,dlinear,autumn_2024,231,9,0.6608700337091458,1.0,0.33912996629085423
andechs,dlinear,autumn_2024,232,9,0.6492781833515489,1.0,0.35072181664845115
andechs,dlinear,autumn_2024,233,9,0.7015460757935568,1.0,0.29845392420644323
andechs,dlinear,autumn_2024,234,9,0.7888886728785804,1.0,0.21111132712141956
andechs,dlinear,autumn_2024,235,9,0.7409102412524415,1.0,0.25908975874755846
andechs,dlinear,autumn_2024,236,9,0.7130828560724263,2.0,1.2869171439275737
andechs,dlinear,autumn_2024,237,9,0.666304477915574,1.0,0.333695522084426
andechs,dlinear,autumn_2024,238,9,0.640807700105233,2.0,1.359192299894767
andechs,dlinear,autumn_2024,239,9,0.7544824124436778,1.0,0.24551758755632225
andechs,dlinear,autumn_2024,240,10,0.8550760085115927,1.0,0.1449239914884073
andechs,dlinear,autumn_2024,241,10,0.932813968582134,1.0,0.06718603141786605
andechs,dlinear,autumn_2024,242,10,1.031536993592014,1.0,0.03153699359201401
andechs,dlinear,autumn_2024,243,10,1.1872481458305364,1.0,0.1872481458305364
andechs,dlinear,autumn_2024,244,10,1.3947475550884727,1.0,0.3947475550884727
andechs,dlinear,autumn_2024,245,10,1.4343788926061647,1.0,0.4343788926061647
andechs,dlinear,autumn_2024,246,10,1.3467110527267216,1.0,0.34671105272672165
andechs,dlinear,autumn_2024,247,10,1.312638711074352,1.0,0.31263871107435204
andechs,dlinear,autumn_2024,248,10,1.3026759578486384,1.0,0.30267595784863843
andechs,dlinear,autumn_2024,249,10,1.2583978835885379,1.0,0.2583978835885379
andechs,dlinear,autumn_2024,250,10,1.2789079840002335,2.0,0.7210920159997665
andechs,dlinear,autumn_2024,251,10,1.4770325318203978,4.0,2.522967468179602
andechs,dlinear,autumn_2024,252,10,1.859275213036128,5.0,3.140724786963872
andechs,dlinear,autumn_2024,253,10,1.85959383812229,1.0,0.8595938381222901
andechs,dlinear,autumn_2024,254,10,1.8138928397647192,2.0,0.18610716023528084
andechs,dlinear,autumn_2024,255,10,1.7688209934122474,2.0,0.2311790065877526
andechs,dlinear,autumn_2024,256,10,1.9237568747211422,6.0,4.076243125278857
andechs,dlinear,autumn_2024,257,10,1.688881351148133,1.0,0.6888813511481331
andechs,dlinear,autumn_2024,258,10,1.4304880068775736,1.0,0.4304880068775736
andechs,dlinear,autumn_2024,259,10,1.4716096629076918,1.0,0.4716096629076918
andechs,dlinear,autumn_2024,260,10,1.5012173640439088,2.0,0.4987826359560912
andechs,dlinear,autumn_2024,261,10,1.4843233468878574,2.0,0.5156766531121426
andechs,dlinear,autumn_2024,262,10,1.510107242015187,1.0,0.5101072420151871
andechs,dlinear,autumn_2024,263,10,1.4395557563862154,2.0,0.5604442436137846
andechs,dlinear,autumn_2024,264,11,1.5671023986566137,3.0,1.4328976013433863
andechs,dlinear,autumn_2024,265,11,2.0022054876359965,4.0,1.9977945123640035
andechs,dlinear,autumn_2024,266,11,2.766766050073834,6.0,3.233233949926166
andechs,dlinear,autumn_2024,267,11,3.25670982635965,4.0,0.7432901736403501
andechs,dlinear,autumn_2024,268,11,3.2428824135973517,2.0,1.2428824135973517
andechs,dlinear,autumn_2024,269,11,2.970390884945987,2.0,0.9703908849459868
andechs,dlinear,autumn_2024,270,11,2.723662788653211,1.0,1.7236627886532112
andechs,dlinear,autumn_2024,271,11,2.5487648141468164,2.0,0.5487648141468164
andechs,dlinear,autumn_2024,272,11,2.3708689818181137,2.0,0.3708689818181137
andechs,dlinear,autumn_2024,273,11,2.1966678291887534,2.0,0.19666782918875336
andechs,dlinear,autumn_2024,274,11,2.2034002897273277,2.0,0.2034002897273277
andechs,dlinear,autumn_2024,275,11,2.277532947556193,3.0,0.722467052443807
andechs,dlinear,autumn_2024,276,11,2.6679365377015274,4.0,1.3320634622984726
andechs,dlinear,autumn_2024,277,11,3.1536145092004375,4.0,0.8463854907995625
andechs,dlinear,autumn_2024,278,11,3.8141680102168802,5.0,1.1858319897831198
andechs,dlinear,autumn_2024,279,11,4.423375666378201,5.0,0.5766243336217993
andechs,dlinear,autumn_2024,280,11,6.775776198916175,22.0,15.224223801083825
andechs,dlinear,autumn_2024,281,11,7.0841708416660865,6.0,1.0841708416660865
andechs,dlinear,autumn_2024,282,11,6.53755166936182,5.0,1.5375516693618199
andechs,dlinear,autumn_2024,283,11,5.8342733275762075,4.0,1.8342733275762075
andechs,dlinear,autumn_2024,284,11,5.068193129614661,3.0,2.068193129614661
andechs,dlinear,autumn_2024,285,11,4.394215479721813,4.0,0.39421547972181337
andechs,dlinear,autumn_2024,286,11,3.879261548315903,4.0,0.12073845168409703
andechs,dlinear,autumn_2024,287,11,3.4623730758581557,3.0,0.4623730758581557
andechs,dlinear,autumn_2024,288,12,3.2160551883372097,3.0,0.2160551883372097
andechs,dlinear,autumn_2024,289,12,3.109805913027962,2.0,1.1098059130279618
andechs,dlinear,autumn_2024,290,12,3.045172466939171,2.0,1.0451724669391709
andechs,dlinear,autumn_2024,291,12,2.8858368038582314,1.0,1.8858368038582314
andechs,dlinear,autumn_2024,292,12,2.713238357506924,1.0,1.713238357506924
andechs,dlinear,autumn_2024,293,12,2.4723105142872956,1.0,1.4723105142872956
andechs,dlinear,autumn_2024,294,12,2.3153772966907873,0.9,1.4153772966907874
andechs,dlinear,autumn_2024,295,12,2.258818904549731,1.0,1.2588189045497309
andechs,dlinear,autumn_2024,296,12,2.29638859257535,2.0,0.29638859257535
andechs,dlinear,autumn_2024,297,12,2.4329072156325977,2.0,0.4329072156325977
andechs,dlinear,autumn_2024,298,12,2.8605195826137013,6.0,3.1394804173862987
andechs,dlinear,autumn_2024,299,12,2.845250438288098,2.0,0.8452504382880979
andechs,dlinear,autumn_2024,300,12,2.8600405207720456,3.0,0.13995947922795438
andechs,dlinear,autumn_2024,301,12,3.8244660389086347,15.0,11.175533961091364
andechs,dlinear,autumn_2024,302,12,3.953851444284067,4.0,0.046148555715932904
andechs,dlinear,autumn_2024,303,12,4.235649830100458,13.0,8.764350169899542
andechs,dlinear,autumn_2024,304,12,3.974517984372492,4.0,0.02548201562750796
andechs,dlinear,autumn_2024,305,12,4.312960870066193,11.0,6.687039129933807
andechs,dlinear,autumn_2024,306,12,3.896808680479145,3.0,0.8968086804791451
andechs,dlinear,autumn_2024,307,12,3.48493688302601,2.0,1.48493688302601
andechs,dlinear,autumn_2024,308,12,3.1500259423012413,2.0,1.1500259423012413
andechs,dlinear,autumn_2024,309,12,2.8611514412533188,2.0,0.8611514412533188
andechs,dlinear,autumn_2024,310,12,2.593588749006554,2.0,0.5935887490065541
andechs,dlinear,autumn_2024,311,12,2.457041412554437,2.0,0.4570414125544371
andechs,dlinear,autumn_2024,312,13,2.5005497011362556,2.0,0.5005497011362556
andechs,dlinear,autumn_2024,313,13,2.6516767731604727,2.0,0.6516767731604727
andechs,dlinear,autumn_2024,314,13,2.7251264403097153,2.0,0.7251264403097153
andechs,dlinear,autumn_2024,315,13,2.774800277925067,2.0,0.7748002779250669
andechs,dlinear,autumn_2024,316,13,2.7170092008164417,2.0,0.7170092008164417
andechs,dlinear,autumn_2024,317,13,2.6184656927957253,1.0,1.6184656927957253
andechs,dlinear,autumn_2024,318,13,2.4878142586718743,1.0,1.4878142586718743
andechs,dlinear,autumn_2024,319,13,2.2933659712918515,2.0,0.2933659712918515
andechs,dlinear,autumn_2024,320,13,2.0727255648656175,2.0,0.07272556486561754
andechs,dlinear,autumn_2024,321,13,1.9960091936892193,2.0,0.003990806310780748
andechs,dlinear,autumn_2024,322,13,2.0737170409191714,2.0,0.07371704091917142
andechs,dlinear,autumn_2024,323,13,2.1544605531873744,2.0,0.1544605531873744
andechs,dlinear,autumn_2024,324,13,2.3793394214433827,2.0,0.37933942144338273
andechs,dlinear,autumn_2024,325,13,2.529760393330199,2.0,0.5297603933301991
andechs,dlinear,autumn_2024,326,13,2.819807129563307,2.0,0.8198071295633071
andechs,dlinear,autumn_2024,327,13,3.194838683023864,2.0,1.194838683023864
andechs,dlinear,autumn_2024,328,13,3.469750852382304,2.0,1.4697508523823042
andechs,dlinear,autumn_2024,329,13,3.547014794505345,2.0,1.547014794505345
andechs,dlinear,autumn_2024,330,13,3.494220391782771,2.0,1.494220391782771
andechs,dlinear,autumn_2024,331,13,3.358823953229164,2.0,1.3588239532291642
andechs,dlinear,autumn_2024,332,13,2.9757116358307174,2.0,0.9757116358307174
andechs,dlinear,autumn_2024,333,13,2.5652905701908537,2.0,0.5652905701908537
andechs,dlinear,autumn_2024,334,13,2.4063805503251467,2.0,0.40638055032514675
andechs,dlinear,autumn_2024,335,13,2.43853313484833,2.0,0.4385331348483299
andechs,dlinear,autumn_2024,336,14,3.0469546133083876,8.0,4.953045386691612
andechs,dlinear,autumn_2024,337,14,3.8746811718675107,6.0,2.1253188281324893
andechs,dlinear,autumn_2024,338,14,5.673604376610184,16.0,10.326395623389816
andechs,dlinear,autumn_2024,339,14,6.823369658346724,12.0,5.176630341653276
andechs,dlinear,autumn_2024,340,14,7.856021035870146,16.0,8.143978964129854
andechs,dlinear,autumn_2024,341,14,8.124352555478112,9.0,0.8756474445218885
andechs,dlinear,autumn_2024,342,14,7.938431781828742,5.0,2.9384317818287418
andechs,dlinear,autumn_2024,343,14,8.064094519583989,9.0,0.935905480416011
andechs,dlinear,autumn_2024,344,14,8.332563526437905,11.0,2.667436473562095
andechs,dlinear,autumn_2024,345,14,8.73840663094074,12.0,3.261593369059259
andechs,dlinear,autumn_2024,346,14,8.971733981202721,12.0,3.0282660187972787
andechs,dlinear,autumn_2024,347,14,9.35261990746113,15.0,5.647380092538871
andechs,dlinear,autumn_2024,348,14,9.707552713772756,12.0,2.292447286227244
andechs,dlinear,autumn_2024,349,14,10.382121529044127,12.0,1.6178784709558727
andechs,dlinear,autumn_2024,350,14,10.25603195078607,9.0,1.2560319507860704
andechs,dlinear,autumn_2024,351,14,9.74761469580515,9.0,0.7476146958051508
andechs,dlinear,autumn_2024,352,14,9.861371122838726,12.0,2.138628877161274
andechs,dlinear,autumn_2024,353,14,10.134138401859389,13.0,2.8658615981406115
andechs,dlinear,autumn_2024,354,14,10.303635354596974,14.0,3.696364645403026
andechs,dlinear,autumn_2024,355,14,10.392521939651218,14.0,3.6074780603487824
andechs,dlinear,autumn_2024,356,14,10.23497338837386,11.0,0.7650266116261406
andechs,dlinear,autumn_2024,357,14,9.651747154272206,9.0,0.651747154272206
andechs,dlinear,autumn_2024,358,14,8.757928345081385,5.0,3.7579283450813854
andechs,dlinear,autumn_2024,359,14,7.720304488446767,4.0,3.720304488446767
andechs,dlinear,autumn_2024,360,15,6.839089088947645,4.0,2.8390890889476452
andechs,dlinear,autumn_2024,361,15,6.279541898581483,4.0,2.279541898581483
andechs,dlinear,autumn_2024,362,15,5.715479062043982,2.0,3.7154790620439817
andechs,dlinear,autumn_2024,363,15,5.176756304052338,2.0,3.176756304052338
andechs,dlinear,autumn_2024,364,15,4.655717320929367,2.0,2.6557173209293667
andechs,dlinear,autumn_2024,365,15,4.237246211971829,1.0,3.2372462119718293
andechs,dlinear,autumn_2024,366,15,3.8774668548324382,1.0,2.8774668548324382
andechs,dlinear,autumn_2024,367,15,3.536194484066372,1.0,2.536194484066372
andechs,dlinear,autumn_2024,368,15,3.164064928352149,3.0,0.16406492835214914
andechs,dlinear,autumn_2024,369,15,2.9775269001356124,3.0,0.022473099864387613
andechs,dlinear,autumn_2024,370,15,2.8184299836118427,2.0,0.8184299836118427
andechs,dlinear,autumn_2024,371,15,2.883844892223784,2.0,0.883844892223784
andechs,dlinear,autumn_2024,372,15,3.4956927739946595,3.0,0.4956927739946595
andechs,dlinear,autumn_2024,373,15,5.012086287718736,5.0,0.012086287718735989
andechs,dlinear,autumn_2024,374,15,6.1505039744616266,5.0,1.1505039744616266
andechs,dlinear,autumn_2024,375,15,6.781849453931323,6.0,0.781849453931323
andechs,dlinear,autumn_2024,376,15,7.120836134485196,6.0,1.120836134485196
andechs,dlinear,autumn_2024,377,15,7.4543240800614825,7.0,0.4543240800614825
andechs,dlinear,autumn_2024,378,15,7.6783898784082645,7.0,0.6783898784082645
andechs,dlinear,autumn_2024,379,15,7.542888024374005,6.0,1.5428880243740046
andechs,dlinear,autumn_2024,380,15,7.410307425087859,7.0,0.41030742508785867
andechs,dlinear,autumn_2024,381,15,7.231053261910322,7.0,0.23105326191032205
andechs,dlinear,autumn_2024,382,15,6.99716174339742,6.0,0.9971617433974203
andechs,dlinear,autumn_2024,383,15,6.539440949494327,5.0,1.5394409494943266
andechs,dlinear,autumn_2024,384,16,6.143584215387495,5.0,1.143584215387495
andechs,dlinear,autumn_2024,385,16,5.676315681609724,5.0,0.676315681609724
andechs,dlinear,autumn_2024,386,16,5.243975158011629,4.0,1.2439751580116294
andechs,dlinear,autumn_2024,387,16,4.805121447868819,4.0,0.8051214478688191
andechs,dlinear,autumn_2024,388,16,4.47164449419872,4.0,0.4716444941987197
andechs,dlinear,autumn_2024,389,16,4.298749498245876,3.0,1.2987494982458756
andechs,dlinear,autumn_2024,390,16,4.24161296567373,3.0,1.2416129656737303
andechs,dlinear,autumn_2024,391,16,4.130907737479592,2.0,2.1309077374795917
andechs,dlinear,autumn_2024,392,16,4.171257323991796,2.0,2.171257323991796
andechs,dlinear,autumn_2024,393,16,4.955122492229244,5.0,0.04487750777075572
andechs,dlinear,autumn_2024,394,16,5.705988140360759,4.0,1.705988140360759
andechs,dlinear,autumn_2024,395,16,7.051453134861824,6.0,1.0514531348618243
andechs,dlinear,autumn_2024,396,16,7.985888318535865,6.0,1.9858883185358653
andechs,dlinear,autumn_2024,397,16,8.94839653314165,7.0,1.9483965331416506
andechs,dlinear,autumn_2024,398,16,10.84783838003671,9.0,1.8478383800367109
andechs,dlinear,autumn_2024,399,16,11.1452791391916,6.0,5.145279139191601
andechs,dlinear,autumn_2024,400,16,11.122398939667738,6.0,5.122398939667738
andechs,dlinear,autumn_2024,401,16,11.541093901775291,9.0,2.541093901775291
andechs,dlinear,autumn_2024,402,16,11.47830272744365,9.0,2.4783027274436495
andechs,dlinear,autumn_2024,403,16,10.962095874974583,8.0,2.962095874974583
andechs,dlinear,autumn_2024,404,16,10.139726744923896,8.0,2.1397267449238964
andechs,dlinear,autumn_2024,405,16,9.427522282134593,9.0,0.42752228213459276
andechs,dlinear,autumn_2024,406,16,8.852890467653388,7.0,1.8528904676533884
andechs,dlinear,autumn_2024,407,16,8.335415208781974,6.0,2.335415208781974
andechs,dlinear,autumn_2024,408,17,7.922409398400819,6.0,1.922409398400819
andechs,dlinear,autumn_2024,409,17,7.614435201777995,6.0,1.6144352017779946
andechs,dlinear,autumn_2024,410,17,7.35181547323776,5.0,2.3518154732377603
andechs,dlinear,autumn_2024,411,17,7.206500019084841,4.0,3.2065000190848414
andechs,dlinear,autumn_2024,412,17,7.243317607980291,4.0,3.2433176079802912
andechs,dlinear,autumn_2024,413,17,7.424475267707734,4.0,3.4244752677077344
andechs,dlinear,autumn_2024,414,17,7.758199009366534,8.0,0.24180099063346638
andechs,dlinear,autumn_2024,415,17,7.839575352933919,4.0,3.8395753529339194
andechs,dlinear,autumn_2024,416,17,8.564868261405312,13.0,4.435131738594688
andechs,dlinear,autumn_2024,417,17,8.755975507072392,9.0,0.24402449292760764
andechs,dlinear,autumn_2024,418,17,8.77418103003349,8.0,0.7741810300334908
andechs,dlinear,autumn_2024,419,17,9.610481449543112,16.0,6.389518550456888
andechs,dlinear,autumn_2024,420,17,10.506391672596095,15.0,4.493608327403905
andechs,dlinear,autumn_2024,421,17,11.693930567019706,17.0,5.306069432980294
andechs,dlinear,autumn_2024,422,17,13.2776282770521,23.0,9.7223717229479
andechs,dlinear,autumn_2024,423,17,14.507363933716947,21.0,6.492636066283053
andechs,dlinear,autumn_2024,424,17,15.968572372354958,24.0,8.031427627645042
andechs,dlinear,autumn_2024,425,17,16.423792143715268,20.0,3.576207856284732
andechs,dlinear,autumn_2024,426,17,16.216428131655263,18.0,1.7835718683447368
andechs,dlinear,autumn_2024,427,17,15.555789625856864,14.0,1.555789625856864
andechs,dlinear,autumn_2024,428,17,14.314165602902227,6.0,8.314165602902227
andechs,dlinear,autumn_2024,429,17,12.504032928362502,2.0,10.504032928362502
andechs,dlinear,autumn_2024,430,17,10.565324081574246,3.0,7.565324081574246
andechs,dlinear,autumn_2024,431,17,9.123488902970891,4.0,5.123488902970891
andechs,dlinear,autumn_2024,432,18,7.761374521427263,3.0,4.761374521427263
andechs,dlinear,autumn_2024,433,18,6.4092988704266425,1.0,5.4092988704266425
andechs,dlinear,autumn_2024,434,18,5.248211253190334,1.0,4.248211253190334
andechs,dlinear,autumn_2024,435,18,4.544677388860161,1.0,3.544677388860161
andechs,dlinear,autumn_2024,436,18,3.975228588318168,0.9,3.075228588318168
andechs,dlinear,autumn_2024,437,18,3.519396845093187,0.7,2.8193968450931868
andechs,dlinear,autumn_2024,438,18,3.244880488992796,1.0,2.244880488992796
andechs,dlinear,autumn_2024,439,18,3.137053984341914,0.9,2.237053984341914
andechs,dlinear,autumn_2024,440,18,3.055568981184531,1.0,2.055568981184531
andechs,dlinear,autumn_2024,441,18,3.073129543626689,2.0,1.0731295436266892
andechs,dlinear,autumn_2024,442,18,3.4008738164370773,3.0,0.4008738164370773
andechs,dlinear,autumn_2024,443,18,4.083207446983727,4.0,0.08320744698372717
andechs,dlinear,autumn_2024,444,18,4.604927524097935,4.0,0.6049275240979348
andechs,dlinear,autumn_2024,445,18,5.5563004261944595,4.0,1.5563004261944595
andechs,dlinear,autumn_2024,446,18,6.541356782750096,5.0,1.5413567827500962
andechs,dlinear,autumn_2024,447,18,7.756953843424569,6.0,1.7569538434245686
andechs,dlinear,autumn_2024,448,18,8.636643317720816,7.0,1.6366433177208162
andechs,dlinear,autumn_2024,449,18,9.216441952605244,9.0,0.21644195260524413
andechs,dlinear,autumn_2024,450,18,10.18466378941016,12.0,1.8153362105898392
andechs,dlinear,autumn_2024,451,18,10.758915135681551,13.0,2.2410848643184487
andechs,dlinear,autumn_2024,452,18,11.057543653681032,11.0,0.05754365368103187
andechs,dlinear,autumn_2024,453,18,11.568507236369044,13.0,1.4314927636309562
andechs,dlinear,autumn_2024,454,18,12.473389218113299,15.0,2.526610781886701
andechs,dlinear,autumn_2024,455,18,12.883781229384974,13.0,0.11621877061502595
andechs,dlinear,autumn_2024,456,19,12.988569051521878,12.0,0.9885690515218784
andechs,dlinear,autumn_2024,457,19,13.616983846713634,9.0,4.616983846713634
andechs,dlinear,autumn_2024,458,19,13.549492843240932,5.0,8.549492843240932
andechs,dlinear,autumn_2024,459,19,12.919316858384114,5.0,7.919316858384114
andechs,dlinear,autumn_2024,460,19,13.180055820559524,7.0,6.180055820559524
andechs,dlinear,autumn_2024,461,19,13.663729390372549,6.0,7.6637293903725485
andechs,dlinear,autumn_2024,462,19,13.847030081627453,6.0,7.847030081627453
andechs,dlinear,autumn_2024,463,19,12.754962704883607,2.0,10.754962704883607
andechs,dlinear,autumn_2024,464,19,11.601893248602122,2.0,9.601893248602122
andechs,dlinear,autumn_2024,465,19,10.455066161314637,3.0,7.455066161314637
andechs,dlinear,autumn_2024,466,19,9.547350290664482,6.0,3.5473502906644825
andechs,dlinear,autumn_2024,467,19,8.999872277096834,11.0,2.0001277229031658
andechs,dlinear,autumn_2024,468,19,8.678095799209585,11.0,2.3219042007904154
andechs,dlinear,autumn_2024,469,19,8.872031256160678,13.0,4.127968743839322
andechs,dlinear,autumn_2024,470,19,9.179424083675599,13.0,3.820575916324401
andechs,dlinear,autumn_2024,471,19,9.286909641756413,13.0,3.713090358243587
andechs,dlinear,autumn_2024,472,19,9.598347140047021,15.0,5.4016528599529785
andechs,dlinear,autumn_2024,473,19,10.092626023755663,16.0,5.907373976244337
andechs,dlinear,autumn_2024,474,19,10.31829316137233,15.0,4.681706838627671
andechs,dlinear,autumn_2024,475,19,10.284948654982351,14.0,3.715051345017649
andechs,dlinear,autumn_2024,476,19,10.33810520429775,14.0,3.661894795702249
andechs,dlinear,autumn_2024,477,19,9.768112032575926,4.0,5.768112032575926
andechs,dlinear,autumn_2024,478,19,8.806629214315908,3.0,5.806629214315908
andechs,dlinear,autumn_2024,479,19,7.691797062246643,2.0,5.691797062246643
andechs,dlinear,autumn_2024,480,20,6.491560280658579,2.0,4.491560280658579
andechs,dlinear,autumn_2024,481,20,5.412632118566417,2.0,3.4126321185664166
andechs,dlinear,autumn_2024,482,20,4.566662045485128,2.0,2.5666620454851277
andechs,dlinear,autumn_2024,483,20,4.079699231822737,2.0,2.0796992318227367
andechs,dlinear,autumn_2024,484,20,3.674137718772622,2.0,1.6741377187726219
andechs,dlinear,autumn_2024,485,20,3.4827391759883923,2.0,1.4827391759883923
andechs,dlinear,autumn_2024,486,20,3.3315655613609425,2.0,1.3315655613609425
andechs,dlinear,autumn_2024,487,20,3.3085207801512864,2.0,1.3085207801512864
andechs,dlinear,autumn_2024,488,20,3.4208521676568893,2.0,1.4208521676568893
andechs,dlinear,autumn_2024,489,20,3.600787106923106,2.0,1.6007871069231059
andechs,dlinear,autumn_2024,490,20,3.966690826536407,3.0,0.9666908265364071
andechs,dlinear,autumn_2024,491,20,4.479224147581821,3.0,1.4792241475818209
andechs,dlinear,autumn_2024,492,20,5.187745254633272,3.0,2.1877452546332723
andechs,dlinear,autumn_2024,493,20,6.276579775087281,4.0,2.2765797750872814
andechs,dlinear,autumn_2024,494,20,7.56022076134229,5.0,2.56022076134229
andechs,dlinear,autumn_2024,495,20,8.880510911287338,6.0,2.880510911287338
andechs,dlinear,autumn_2024,496,20,10.6376507380608,8.0,2.6376507380608007
andechs,dlinear,autumn_2024,497,20,12.489626167241905,11.0,1.489626167241905
andechs,dlinear,autumn_2024,498,20,13.332017103230482,9.0,4.332017103230482
andechs,dlinear,autumn_2024,499,20,12.811071410356007,5.0,7.811071410356007
andechs,dlinear,autumn_2024,500,20,12.18836491309003,5.0,7.18836491309003
andechs,dlinear,autumn_2024,501,20,11.012575654924973,4.0,7.012575654924973
andechs,dlinear,autumn_2024,502,20,9.773195249509092,4.0,5.773195249509092
andechs,dlinear,autumn_2024,503,20,8.71683969743131,3.0,5.716839697431309
andechs,dlinear,autumn_2024,504,21,8.120633182396798,9.0,0.8793668176032021
andechs,dlinear,autumn_2024,505,21,7.2762710302904585,9.0,1.7237289697095415
andechs,dlinear,autumn_2024,506,21,6.319490605495141,8.0,1.6805093945048588
andechs,dlinear,autumn_2024,507,21,5.60288208620464,7.0,1.39711791379536
andechs,dlinear,autumn_2024,508,21,4.981663762001074,5.0,0.01833623799892603
andechs,dlinear,autumn_2024,509,21,4.457017498615554,5.0,0.5429825013844463
andechs,dlinear,autumn_2024,510,21,4.107578466589866,5.0,0.8924215334101344
andechs,dlinear,autumn_2024,511,21,3.9077772814270517,4.0,0.09222271857294828
andechs,dlinear,autumn_2024,512,21,3.8490763853451178,4.0,0.15092361465488224
andechs,dlinear,autumn_2024,513,21,4.083432487708759,5.0,0.9165675122912411
andechs,dlinear,autumn_2024,514,21,4.44261537123412,5.0,0.5573846287658801
andechs,dlinear,autumn_2024,515,21,4.994999784745091,6.0,1.005000215254909
andechs,dlinear,autumn_2024,516,21,5.3343874615454,5.0,0.33438746154539967
andechs,dlinear,autumn_2024,517,21,5.725550829792246,6.0,0.2744491702077543
andechs,dlinear,autumn_2024,518,21,6.1562872349167606,5.0,1.1562872349167606
andechs,dlinear,autumn_2024,519,21,6.941379036979767,7.0,0.058620963020232786
andechs,dlinear,autumn_2024,520,21,7.160755473294637,6.0,1.1607554732946372
andechs,dlinear,autumn_2024,521,21,7.615794791353911,6.0,1.6157947913539106
andechs,dlinear,autumn_2024,522,21,7.822856594527575,8.0,0.17714340547242458
andechs,dlinear,autumn_2024,523,21,7.638116016857584,7.0,0.6381160168575839
andechs,dlinear,autumn_2024,524,21,7.951991389004595,12.0,4.048008610995405
andechs,dlinear,autumn_2024,525,21,8.393034150405647,15.0,6.606965849594353
andechs,dlinear,autumn_2024,526,21,8.60993169248395,15.0,6.390068307516049
andechs,dlinear,autumn_2024,527,21,8.855736909654867,16.0,7.144263090345133
andechs,dlinear,autumn_2024,528,22,8.536759633521742,11.0,2.4632403664782583
andechs,dlinear,autumn_2024,529,22,8.40973752119249,14.0,5.59026247880751
andechs,dlinear,autumn_2024,530,22,8.467326836938609,15.0,6.532673163061391
andechs,dlinear,autumn_2024,531,22,8.26627825263244,13.0,4.733721747367561
andechs,dlinear,autumn_2024,532,22,7.773524719107748,10.0,2.2264752808922523
andechs,dlinear,autumn_2024,533,22,7.185620414003145,7.0,0.18562041400314477
andechs,dlinear,autumn_2024,534,22,6.782397661856817,7.0,0.21760233814318308
andechs,dlinear,autumn_2024,535,22,5.967237083056958,4.0,1.9672370830569577
andechs,dlinear,autumn_2024,536,22,5.290664048964402,2.0,3.290664048964402
andechs,dlinear,autumn_2024,537,22,4.742046910599318,2.0,2.742046910599318
andechs,dlinear,autumn_2024,538,22,4.6190810033231955,3.0,1.6190810033231955
andechs,dlinear,autumn_2024,539,22,4.644775782032193,3.0,1.6447757820321929
andechs,dlinear,autumn_2024,540,22,5.10952838397907,6.0,0.8904716160209301
andechs,dlinear,autumn_2024,541,22,5.411141551114509,5.0,0.41114155111450934
andechs,dlinear,autumn_2024,542,22,5.929960672290376,7.0,1.0700393277096243
andechs,dlinear,autumn_2024,543,22,6.383480082096734,7.0,0.6165199179032657
andechs,dlinear,autumn_2024,544,22,6.737556046468875,7.0,0.2624439535311254
andechs,dlinear,autumn_2024,545,22,6.896493685225504,2.0,4.896493685225504
andechs,dlinear,autumn_2024,546,22,6.715411509061507,2.0,4.715411509061507
andechs,dlinear,autumn_2024,547,22,6.366286184083639,2.0,4.366286184083639
andechs,dlinear,autumn_2024,548,22,5.920022563240911,1.0,4.920022563240911
andechs,dlinear,autumn_2024,549,22,5.4580465948090335,2.0,3.4580465948090335
andechs,dlinear,autumn_2024,550,22,5.081293979726816,2.0,3.0812939797268157
andechs,dlinear,autumn_2024,551,22,4.522616139987157,2.0,2.522616139987157
andechs,dlinear,autumn_2024,552,23,4.0701166602545324,3.0,1.0701166602545324
andechs,dlinear,autumn_2024,553,23,3.709194126530824,2.0,1.7091941265308241
andechs,dlinear,autumn_2024,554,23,3.342854643014599,2.0,1.342854643014599
andechs,dlinear,autumn_2024,555,23,3.255083399366718,1.0,2.255083399366718
andechs,dlinear,autumn_2024,556,23,3.304083154772023,3.0,0.3040831547720231
andechs,dlinear,autumn_2024,557,23,3.205983131122019,3.0,0.20598313112201883
andechs,dlinear,autumn_2024,558,23,2.915009358009688,3.0,0.08499064199031192
andechs,dlinear,autumn_2024,559,23,2.5471663142770504,3.0,0.4528336857229496
andechs,dlinear,autumn_2024,560,23,2.245539620569227,4.0,1.754460379430773
andechs,dlinear,autumn_2024,561,23,1.919379348954922,4.0,2.080620651045078
andechs,dlinear,autumn_2024,562,23,1.6606305933303611,4.0,2.339369406669639
andechs,dlinear,autumn_2024,563,23,1.635219358320171,4.0,2.364780641679829
andechs,dlinear,autumn_2024,564,23,1.6624695199712818,4.0,2.337530480028718
andechs,dlinear,autumn_2024,565,23,1.7709126896768623,4.0,2.2290873103231377
andechs,dlinear,autumn_2024,566,23,2.0388609299315945,4.0,1.9611390700684055
andechs,dlinear,autumn_2024,567,23,2.2735386214955744,5.0,2.7264613785044256
andechs,dlinear,autumn_2024,568,23,2.3962065789487568,5.0,2.6037934210512432
andechs,dlinear,autumn_2024,569,23,2.587904070079115,6.0,3.412095929920885
andechs,dlinear,autumn_2024,570,23,2.860597866904821,7.0,4.139402133095179
andechs,dlinear,autumn_2024,571,23,3.1078611198046326,8.0,4.892138880195367
andechs,dlinear,autumn_2024,572,23,3.2490454113164633,7.0,3.7509545886835367
andechs,dlinear,autumn_2024,573,23,3.3229685330539525,4.0,0.6770314669460475
andechs,dlinear,autumn_2024,574,23,3.279837989537,2.0,1.279837989537
andechs,dlinear,autumn_2024,575,23,3.002130790895515,1.0,2.002130790895515
andechs,dlinear,autumn_2024,576,24,2.846511280620563,0.7,2.1465112806205626
andechs,dlinear,autumn_2024,577,24,2.732186287372532,0.6,2.132186287372532
andechs,dlinear,autumn_2024,578,24,2.7138975896613475,0.5,2.2138975896613475
andechs,dlinear,autumn_2024,579,24,2.638030028420034,0.5,2.138030028420034
andechs,dlinear,autumn_2024,580,24,2.3954782018581318,0.6,1.7954782018581317
andechs,dlinear,autumn_2024,581,24,2.08798452052576,0.6,1.4879845205257598
andechs,dlinear,autumn_2024,582,24,1.7379835846519152,0.7,1.0379835846519152
andechs,dlinear,autumn_2024,583,24,1.5397963592694142,0.7,0.8397963592694142
andechs,dlinear,autumn_2024,584,24,1.3619911654272903,0.9,0.46199116542729024
andechs,dlinear,autumn_2024,585,24,1.2206221722654673,2.0,0.7793778277345327
andechs,dlinear,autumn_2024,586,24,1.2839239957631117,2.0,0.7160760042368883
andechs,dlinear,autumn_2024,587,24,1.5832699886788966,2.0,0.41673001132110343
andechs,dlinear,autumn_2024,588,24,1.8506076902772128,1.0,0.8506076902772128
andechs,dlinear,autumn_2024,589,24,2.286325885507833,2.0,0.286325885507833
andechs,dlinear,autumn_2024,590,24,3.2906404498237816,4.0,0.7093595501762184
andechs,dlinear,autumn_2024,591,24,4.3335601640951635,4.0,0.33356016409516354
andechs,dlinear,autumn_2024,592,24,5.4246244217441655,4.0,1.4246244217441655
andechs,dlinear,autumn_2024,593,24,6.586845061188793,6.0,0.586845061188793
andechs,dlinear,autumn_2024,594,24,7.653328762214063,8.0,0.34667123778593734
andechs,dlinear,autumn_2024,595,24,8.09637354208096,8.0,0.0963735420809595
andechs,dlinear,autumn_2024,596,24,8.146865348330868,6.0,2.146865348330868
andechs,dlinear,autumn_2024,597,24,7.9056435639590905,3.0,4.9056435639590905
andechs,dlinear,autumn_2024,598,24,7.473673914775002,2.0,5.473673914775002
andechs,dlinear,autumn_2024,599,24,7.079548730621741,2.0,5.079548730621741
andechs,dlinear,autumn_2024,600,25,6.890889421895023,2.0,4.890889421895023
andechs,dlinear,autumn_2024,601,25,6.809266182465278,2.0,4.809266182465278
andechs,dlinear,autumn_2024,602,25,6.636033385655367,2.0,4.636033385655367
andechs,dlinear,autumn_2024,603,25,6.46503140800257,2.0,4.46503140800257
andechs,dlinear,autumn_2024,604,25,6.06000374572535,1.0,5.06000374572535
andechs,dlinear,autumn_2024,605,25,5.540238673301317,2.0,3.5402386733013174
andechs,dlinear,autumn_2024,606,25,4.904810143861539,1.0,3.904810143861539
andechs,dlinear,autumn_2024,607,25,4.349499670849015,2.0,2.3494996708490152
andechs,dlinear,autumn_2024,608,25,3.8547787239328666,3.0,0.8547787239328666
andechs,dlinear,autumn_2024,609,25,3.570163061957866,5.0,1.429836938042134
andechs,dlinear,autumn_2024,610,25,3.3033546182682367,4.0,0.6966453817317633
andechs,dlinear,autumn_2024,611,25,3.287823658036218,4.0,0.7121763419637821
andechs,dlinear,autumn_2024,612,25,3.4269112857649633,3.0,0.4269112857649633
andechs,dlinear,autumn_2024,613,25,3.6969013375652287,4.0,0.30309866243477135
andechs,dlinear,autumn_2024,614,25,4.474964713211007,4.0,0.47496471321100664
andechs,dlinear,autumn_2024,615,25,6.000055235458226,8.0,1.999944764541774
andechs,dlinear,autumn_2024,616,25,7.547731713956895,12.0,4.452268286043105
andechs,dlinear,autumn_2024,617,25,8.849501063412827,13.0,4.150498936587173
andechs,dlinear,autumn_2024,618,25,9.488579917617297,12.0,2.5114200823827026
andechs,dlinear,autumn_2024,619,25,9.32962128881491,6.0,3.3296212888149093
andechs,dlinear,autumn_2024,620,25,8.809157770447502,3.0,5.809157770447502
andechs,dlinear,autumn_2024,621,25,8.32695330062692,3.0,5.32695330062692
andechs,dlinear,autumn_2024,622,25,7.8217498026377115,3.0,4.8217498026377115
andechs,dlinear,autumn_2024,623,25,7.349809131232254,3.0,4.349809131232254
andechs,dlinear,autumn_2024,624,26,6.828888059118513,2.0,4.828888059118513
andechs,dlinear,autumn_2024,625,26,6.213041326321565,2.0,4.213041326321565
andechs,dlinear,autumn_2024,626,26,5.508573815238825,2.0,3.508573815238825
andechs,dlinear,autumn_2024,627,26,4.955059980205836,2.0,2.955059980205836
andechs,dlinear,autumn_2024,628,26,4.425551604504651,1.0,3.4255516045046512
andechs,dlinear,autumn_2024,629,26,3.940076404596096,1.0,2.940076404596096
andechs,dlinear,autumn_2024,630,26,3.804827626832627,2.0,1.804827626832627
andechs,dlinear,autumn_2024,631,26,3.7613370672790447,2.0,1.7613370672790447
andechs,dlinear,autumn_2024,632,26,3.389746228757115,3.0,0.3897462287571152
andechs,dlinear,autumn_2024,633,26,3.0602792306284825,4.0,0.9397207693715175
andechs,dlinear,autumn_2024,634,26,3.11608821884864,4.0,0.8839117811513599
andechs,dlinear,autumn_2024,635,26,3.7123595411491586,6.0,2.2876404588508414
andechs,dlinear,autumn_2024,636,26,4.705332812362985,9.0,4.294667187637015
andechs,dlinear,autumn_2024,637,26,5.759202979967054,10.0,4.240797020032946
andechs,dlinear,autumn_2024,638,26,6.600887558644099,9.0,2.399112441355901
andechs,dlinear,autumn_2024,639,26,7.038430572381111,7.0,0.03843057238111136
andechs,dlinear,autumn_2024,640,26,7.06515407133983,5.0,2.0651540713398298
andechs,dlinear,autumn_2024,641,26,7.092697893786947,5.0,2.092697893786947
andechs,dlinear,autumn_2024,642,26,7.0017443995124165,5.0,2.0017443995124165
andechs,dlinear,autumn_2024,643,26,6.89307081429507,5.0,1.8930708142950703
andechs,dlinear,autumn_2024,644,26,6.868164997137363,6.0,0.8681649971373631
andechs,dlinear,autumn_2024,645,26,7.097013980706889,8.0,0.9029860192931114
andechs,dlinear,autumn_2024,646,26,7.396866844514086,9.0,1.6031331554859136
andechs,dlinear,autumn_2024,647,26,7.5526127225893305,8.0,0.4473872774106695
andechs,dlinear,autumn_2024,648,27,7.4283663696929345,8.0,0.5716336303070655
andechs,dlinear,autumn_2024,649,27,7.15263982369585,6.0,1.15263982369585
andechs,dlinear,autumn_2024,650,27,6.939009047360168,7.0,0.06099095263983223
andechs,dlinear,autumn_2024,651,27,6.667204121091893,7.0,0.33279587890810713
andechs,dlinear,autumn_2024,652,27,6.326400929928383,7.0,0.6735990700716172
andechs,dlinear,autumn_2024,653,27,5.848809677506969,6.0,0.1511903224930311
andechs,dlinear,autumn_2024,654,27,5.214494366148593,4.0,1.2144943661485934
andechs,dlinear,autumn_2024,655,27,4.5640499501785365,4.0,0.5640499501785365
andechs,dlinear,autumn_2024,656,27,4.534314267046147,9.0,4.465685732953853
andechs,dlinear,autumn_2024,657,27,5.009304888216073,13.0,7.990695111783927
andechs,dlinear,autumn_2024,658,27,5.354011387067649,9.0,3.645988612932351
andechs,dlinear,autumn_2024,659,27,5.571710277419051,8.0,2.428289722580949
andechs,dlinear,autumn_2024,660,27,6.088455845820489,7.0,0.9115441541795111
andechs,dlinear,autumn_2024,661,27,6.773556173852094,7.0,0.22644382614790626
andechs,dlinear,autumn_2024,662,27,7.879199007783975,8.0,0.12080099221602492
andechs,dlinear,autumn_2024,663,27,9.195980815549822,10.0,0.8040191844501781
andechs,dlinear,autumn_2024,664,27,10.070157722041605,9.0,1.0701577220416052
andechs,dlinear,autumn_2024,665,27,10.12781296082278,7.0,3.12781296082278
andechs,dlinear,autumn_2024,666,27,9.63921077099263,7.0,2.63921077099263
andechs,dlinear,autumn_2024,667,27,8.755535656080308,5.0,3.7555356560803084
andechs,dlinear,autumn_2024,668,27,7.725299366682648,6.0,1.7252993666826484
andechs,dlinear,autumn_2024,669,27,6.6330133663175275,4.0,2.6330133663175275
andechs,dlinear,autumn_2024,670,27,5.667156500310559,4.0,1.6671565003105586
andechs,dlinear,autumn_2024,671,27,4.889678718049524,4.0,0.8896787180495238
andechs,dlinear,autumn_2024,672,28,4.211595633096538,5.0,0.7884043669034622
andechs,dlinear,autumn_2024,673,28,3.427072110722463,4.0,0.5729278892775369
andechs,dlinear,autumn_2024,674,28,2.7060406688315224,3.0,0.2939593311684776
andechs,dlinear,autumn_2024,675,28,2.413912549887339,6.0,3.586087450112661
andechs,dlinear,autumn_2024,676,28,2.2886405523274562,5.0,2.7113594476725438
andechs,dlinear,autumn_2024,677,28,1.9717979841569067,3.0,1.0282020158430933
andechs,dlinear,autumn_2024,678,28,1.701766408339343,3.0,1.298233591660657
andechs,dlinear,autumn_2024,679,28,1.599579963327911,3.0,1.400420036672089
andechs,dlinear,autumn_2024,680,28,1.7408540451694439,5.0,3.259145954830556
andechs,dlinear,autumn_2024,681,28,2.896338611892513,15.0,12.103661388107486
andechs,dlinear,autumn_2024,682,28,4.22650724113456,13.0,8.77349275886544
andechs,dlinear,autumn_2024,683,28,5.534610461218058,11.0,5.465389538781942
andechs,dlinear,autumn_2024,684,28,6.809870276475001,9.0,2.190129723524999
andechs,dlinear,autumn_2024,685,28,8.128104260220193,8.0,0.1281042602201925
andechs,dlinear,autumn_2024,686,28,10.67985978694642,10.0,0.6798597869464196
andechs,dlinear,autumn_2024,687,28,12.122284407021574,8.0,4.122284407021574
andechs,dlinear,autumn_2024,688,28,12.937176836126659,9.0,3.9371768361266586
andechs,dlinear,autumn_2024,689,28,12.620864864919266,7.0,5.620864864919266
andechs,dlinear,autumn_2024,690,28,12.139261119647976,8.0,4.139261119647976
andechs,dlinear,autumn_2024,691,28,11.471638041346822,7.0,4.4716380413468215
andechs,dlinear,autumn_2024,692,28,10.542037145021528,7.0,3.5420371450215278
andechs,dlinear,autumn_2024,693,28,9.07123921331695,5.0,4.07123921331695
andechs,dlinear,autumn_2024,694,28,7.743357669332015,5.0,2.743357669332015
andechs,dlinear,autumn_2024,695,28,6.585249957000002,4.0,2.585249957000002
andechs,dlinear,autumn_2024,696,29,5.656519558014131,3.0,2.656519558014131
andechs,dlinear,autumn_2024,697,29,5.02348991646192,4.0,1.0234899164619202
andechs,dlinear,autumn_2024,698,29,4.395802257491362,3.0,1.3958022574913622
andechs,dlinear,autumn_2024,699,29,4.296650262189683,4.0,0.29665026218968293
andechs,dlinear,autumn_2024,700,29,4.149571126854394,3.0,1.1495711268543944
andechs,dlinear,autumn_2024,701,29,4.097121959830461,5.0,0.9028780401695391
andechs,dlinear,autumn_2024,702,29,4.359327563681197,4.0,0.3593275636811972
andechs,dlinear,autumn_2024,703,29,5.094171710718499,5.0,0.09417171071849939
andechs,dlinear,autumn_2024,704,29,6.201246069903977,9.0,2.798753930096023
andechs,dlinear,autumn_2024,705,29,8.050155617919073,27.0,18.949844382080926
andechs,dlinear,autumn_2024,706,29,10.522535002703183,27.0,16.477464997296817
andechs,dlinear,autumn_2024,707,29,12.378028902439581,24.0,11.621971097560419
andechs,dlinear,autumn_2024,708,29,13.578444233771734,21.0,7.421555766228266
andechs,dlinear,autumn_2024,709,29,14.618824757241377,20.0,5.381175242758623
andechs,dlinear,autumn_2024,710,29,14.893142196717669,16.0,1.106857803282331
andechs,dlinear,autumn_2024,711,29,14.201410794646783,11.0,3.201410794646783
andechs,dlinear,autumn_2024,712,29,14.243521046920312,11.0,3.2435210469203124
andechs,dlinear,autumn_2024,713,29,14.78269396856019,12.0,2.7826939685601904
andechs,dlinear,autumn_2024,714,29,15.42935314740831,15.0,0.4293531474083103
andechs,dlinear,autumn_2024,715,29,16.9519008474826,14.0,2.9519008474826016
andechs,dlinear,autumn_2024,716,29,17.906196663937664,5.0,12.906196663937664
andechs,dlinear,autumn_2024,717,29,17.257311755065928,3.0,14.257311755065928
andechs,dlinear,autumn_2024,718,29,15.218595861303537,2.0,13.218595861303537
andechs,dlinear,autumn_2024,719,29,12.906324721138285,2.0,10.906324721138285
andechs,dlinear,autumn_2024,720,30,11.058854445783384,2.0,9.058854445783384
andechs,dlinear,autumn_2024,721,30,9.842725541913898,4.0,5.842725541913898
andechs,dlinear,autumn_2024,722,30,8.944442160181755,6.0,2.9444421601817545
andechs,dlinear,autumn_2024,723,30,8.219470986473247,4.0,4.219470986473247
andechs,dlinear,autumn_2024,724,30,7.765504413492907,4.0,3.7655044134929074
andechs,dlinear,autumn_2024,725,30,7.164539004339904,3.0,4.164539004339904
andechs,dlinear,autumn_2024,726,30,6.623733128004968,2.0,4.623733128004968
andechs,dlinear,autumn_2024,727,30,6.216435499873985,3.0,3.2164354998739846
andechs,dlinear,autumn_2024,728,30,6.121046107981888,4.0,2.121046107981888
andechs,dlinear,autumn_2024,729,30,6.09314007611211,6.0,0.09314007611211039
andechs,dlinear,autumn_2024,730,30,6.121769817437057,11.0,4.878230182562943
andechs,dlinear,autumn_2024,731,30,6.246457522244755,14.0,7.753542477755245
andechs,dlinear,autumn_2024,732,30,6.580131672689793,12.0,5.419868327310207
andechs,dlinear,autumn_2024,733,30,6.772629263467853,9.0,2.227370736532147
andechs,dlinear,autumn_2024,734,30,6.630738121814227,7.0,0.36926187818577283
andechs,dlinear,autumn_2024,735,30,6.467587344535815,8.0,1.532412655464185
andechs,dlinear,autumn_2024,736,30,6.646308384215979,9.0,2.3536916157840206
andechs,dlinear,autumn_2024,737,30,7.030210004320847,11.0,3.969789995679153
andechs,dlinear,autumn_2024,738,30,7.6501005893921175,12.0,4.3498994106078825
andechs,dlinear,autumn_2024,739,30,8.392446170916791,13.0,4.6075538290832085
andechs,dlinear,autumn_2024,740,30,8.549044472446923,8.0,0.5490444724469228
andechs,dlinear,autumn_2024,741,30,8.018060829768997,3.0,5.018060829768997
andechs,dlinear,autumn_2024,742,30,7.127579230423946,3.0,4.127579230423946
andechs,dlinear,autumn_2024,743,30,6.4133605357742915,2.0,4.4133605357742915
andechs,dlinear,autumn_2024,744,31,6.5311234577455615,8.0,1.4688765422544385
andechs,dlinear,autumn_2024,745,31,6.549358869814836,4.0,2.549358869814836
andechs,dlinear,autumn_2024,746,31,6.061856425390934,2.0,4.061856425390934
andechs,dlinear,autumn_2024,747,31,5.677608579254979,2.0,3.6776085792549793
andechs,dlinear,autumn_2024,748,31,5.243111921455821,2.0,3.243111921455821
andechs,dlinear,autumn_2024,749,31,4.694155596602856,2.0,2.6941555966028563
andechs,dlinear,autumn_2024,750,31,4.202268165223691,2.0,2.202268165223691
andechs,dlinear,autumn_2024,751,31,3.751036585298791,2.0,1.7510365852987908
andechs,dlinear,autumn_2024,752,31,3.212142989079714,3.0,0.21214298907971418
andechs,dlinear,autumn_2024,753,31,2.8027525046174846,3.0,0.1972474953825154
andechs,dlinear,autumn_2024,754,31,2.604520466005434,2.0,0.6045204660054342
andechs,dlinear,autumn_2024,755,31,2.684017637665394,2.0,0.6840176376653941
andechs,dlinear,autumn_2024,756,31,2.826452963809932,2.0,0.826452963809932
andechs,dlinear,autumn_2024,757,31,3.156601619170138,3.0,0.15660161917013804
andechs,dlinear,autumn_2024,758,31,3.6907071696403646,3.0,0.6907071696403646
andechs,dlinear,autumn_2024,759,31,4.165090884942425,4.0,0.1650908849424253
andechs,dlinear,autumn_2024,760,31,4.492761268116027,4.0,0.49276126811602694
andechs,dlinear,autumn_2024,761,31,4.911367534724503,4.0,0.9113675347245032
andechs,dlinear,autumn_2024,762,31,5.180642130667039,5.0,0.18064213066703871
andechs,dlinear,autumn_2024,763,31,5.262741729358748,5.0,0.26274172935874773
andechs,dlinear,autumn_2024,764,31,5.4489205654272865,5.0,0.44892056542728653
andechs,dlinear,autumn_2024,765,31,5.542614208497164,6.0,0.4573857915028361
andechs,dlinear,autumn_2024,766,31,5.571299339118687,6.0,0.4287006608813133
andechs,dlinear,autumn_2024,767,31,5.456284241143075,6.0,0.5437157588569246
andechs,dlinear,autumn_2024,768,32,5.286983212570867,5.0,0.2869832125708669
andechs,dlinear,autumn_2024,769,32,4.965935702195146,5.0,0.034064297804854426
andechs,dlinear,autumn_2024,770,32,4.6757008029783655,4.0,0.6757008029783655
andechs,dlinear,autumn_2024,771,32,4.979366753192092,5.0,0.020633246807907568
andechs,dlinear,autumn_2024,772,32,5.590508533038646,5.0,0.5905085330386459
andechs,dlinear,autumn_2024,773,32,6.22756828118991,7.0,0.7724317188100898
andechs,dlinear,autumn_2024,774,32,6.73143835242729,4.0,2.73143835242729
andechs,dlinear,autumn_2024,775,32,7.259904353368651,6.0,1.2599043533686514
andechs,dlinear,autumn_2024,776,32,7.369319428296569,6.0,1.3693194282965688
andechs,dlinear,autumn_2024,777,32,7.781800653585656,9.0,1.2181993464143437
andechs,dlinear,autumn_2024,778,32,8.239820242458087,12.0,3.7601797575419127
andechs,dlinear,autumn_2024,779,32,8.30428645779283,16.0,7.695713542207169
andechs,dlinear,autumn_2024,780,32,7.993305894380644,12.0,4.006694105619356
andechs,dlinear,autumn_2024,781,32,8.015952688992323,11.0,2.984047311007677
andechs,dlinear,autumn_2024,782,32,8.051928432023761,11.0,2.948071567976239
andechs,dlinear,autumn_2024,783,32,7.908135907923782,10.0,2.091864092076218
andechs,dlinear,autumn_2024,784,32,7.959478643292306,11.0,3.0405213567076936
andechs,dlinear,autumn_2024,785,32,7.955062646639684,11.0,3.044937353360316
andechs,dlinear,autumn_2024,786,32,7.838855607459692,10.0,2.161144392540308
andechs,dlinear,autumn_2024,787,32,7.9458219322680765,12.0,4.0541780677319235
andechs,dlinear,autumn_2024,788,32,8.465055066722059,14.0,5.5349449332779415
andechs,dlinear,autumn_2024,789,32,8.181828445033158,8.0,0.1818284450331582
andechs,dlinear,autumn_2024,790,32,7.602996483862417,8.0,0.3970035161375831
andechs,dlinear,autumn_2024,791,32,7.185694376166649,8.0,0.8143056238333513
andechs,dlinear,autumn_2024,792,33,7.078231127240063,10.0,2.9217688727599374
andechs,dlinear,autumn_2024,793,33,7.035445402295036,10.0,2.9645545977049643
andechs,dlinear,autumn_2024,794,33,7.011209131807958,10.0,2.9887908681920416
andechs,dlinear,autumn_2024,795,33,7.206582156420936,11.0,3.793417843579064
andechs,dlinear,autumn_2024,796,33,7.3948685677278725,11.0,3.6051314322721275
andechs,dlinear,autumn_2024,797,33,7.626120831386421,11.0,3.3738791686135787
andechs,dlinear,autumn_2024,798,33,7.648654410831117,10.0,2.351345589168883
andechs,dlinear,autumn_2024,799,33,7.194682880469225,7.0,0.19468288046922488
andechs,dlinear,autumn_2024,800,33,6.685781157113829,6.0,0.685781157113829
andechs,dlinear,autumn_2024,801,33,6.367933453444124,6.0,0.36793345344412387
andechs,dlinear,autumn_2024,802,33,6.367088686474552,6.0,0.36708868647455173
andechs,dlinear,autumn_2024,803,33,6.800354019492801,9.0,2.1996459805071993
andechs,dlinear,autumn_2024,804,33,7.422660016123487,10.0,2.577339983876513
andechs,dlinear,autumn_2024,805,33,7.861731513913128,9.0,1.1382684860868721
andechs,dlinear,autumn_2024,806,33,8.113800949642513,9.0,0.8861990503574866
andechs,dlinear,autumn_2024,807,33,8.126162907069702,8.0,0.1261629070697019
andechs,dlinear,autumn_2024,808,33,8.067616001839616,8.0,0.06761600183961569
andechs,dlinear,autumn_2024,809,33,7.99543776261544,9.0,1.00456223738456
andechs,dlinear,autumn_2024,810,33,7.977793317517447,9.0,1.0222066824825529
andechs,dlinear,autumn_2024,811,33,8.225482313560892,10.0,1.7745176864391077
andechs,dlinear,autumn_2024,812,33,8.325517030828477,11.0,2.674482969171523
andechs,dlinear,autumn_2024,813,33,8.460808932132494,11.0,2.539191067867506
andechs,dlinear,autumn_2024,814,33,8.41434115874314,10.0,1.5856588412568602
andechs,dlinear,autumn_2024,815,33,8.088670088144491,6.0,2.0886700881444913
andechs,dlinear,autumn_2024,816,34,7.989115696097285,8.0,0.010884303902715331
andechs,dlinear,autumn_2024,817,34,8.364907543916875,4.0,4.364907543916875
andechs,dlinear,autumn_2024,818,34,8.44293235609863,2.0,6.4429323560986305
andechs,dlinear,autumn_2024,819,34,8.252877324314909,3.0,5.252877324314909
andechs,dlinear,autumn_2024,820,34,8.086970344784103,3.0,5.086970344784103
andechs,dlinear,autumn_2024,821,34,7.741828642498591,1.0,6.741828642498591
andechs,dlinear,autumn_2024,822,34,7.519045313092954,1.0,6.519045313092954
andechs,dlinear,autumn_2024,823,34,6.929735585147557,2.0,4.929735585147557
andechs,dlinear,autumn_2024,824,34,6.348726766205242,4.0,2.3487267662052416
andechs,dlinear,autumn_2024,825,34,6.019832201682213,9.0,2.9801677983177868
andechs,dlinear,autumn_2024,826,34,5.975591121467717,10.0,4.024408878532283
andechs,dlinear,autumn_2024,827,34,5.8701969728989045,9.0,3.1298030271010955
andechs,dlinear,autumn_2024,828,34,5.724733022806763,7.0,1.2752669771932368
andechs,dlinear,autumn_2024,829,34,6.0145917485678035,8.0,1.9854082514321965
andechs,dlinear,autumn_2024,830,34,6.569421199712752,8.0,1.4305788002872477
andechs,dlinear,autumn_2024,831,34,7.291845060287206,8.0,0.7081549397127942
andechs,dlinear,autumn_2024,832,34,8.009792267207342,9.0,0.9902077327926584
andechs,dlinear,autumn_2024,833,34,8.336922749578704,8.0,0.3369227495787044
andechs,dlinear,autumn_2024,834,34,9.145694480543305,7.0,2.1456944805433054
andechs,dlinear,autumn_2024,835,34,9.834994898251232,2.0,7.834994898251232
andechs,dlinear,autumn_2024,836,34,10.084001879809302,2.0,8.084001879809302
andechs,dlinear,autumn_2024,837,34,9.657845642579579,2.0,7.657845642579579
andechs,dlinear,autumn_2024,838,34,8.696111688752207,2.0,6.696111688752207
andechs,dlinear,autumn_2024,839,34,7.791602430420444,2.0,5.791602430420444
andechs,dlinear,autumn_2024,840,35,7.134966502061573,2.0,5.134966502061573
andechs,dlinear,autumn_2024,841,35,6.756062103380436,2.0,4.756062103380436
andechs,dlinear,autumn_2024,842,35,6.5124230568058685,2.0,4.5124230568058685
andechs,dlinear,autumn_2024,843,35,6.133473383040213,2.0,4.133473383040213
andechs,dlinear,autumn_2024,844,35,5.579040390804714,2.0,3.579040390804714
andechs,dlinear,autumn_2024,845,35,5.018660166676241,1.0,4.018660166676241
andechs,dlinear,autumn_2024,846,35,4.681459576737392,0.3,4.3814595767373925
andechs,dlinear,autumn_2024,847,35,4.17593651177207,0.5,3.67593651177207
andechs,dlinear,autumn_2024,848,35,3.5750953946624935,1.0,2.5750953946624935
andechs,dlinear,autumn_2024,849,35,3.070123400065773,3.0,0.07012340006577311
andechs,dlinear,autumn_2024,850,35,2.835047827901981,3.0,0.16495217209801893
andechs,dlinear,autumn_2024,851,35,2.806154900156647,3.0,0.19384509984335319
andechs,dlinear,autumn_2024,852,35,2.914912627024598,3.0,0.08508737297540181
andechs,dlinear,autumn_2024,853,35,3.1858830690157443,4.0,0.8141169309842557
andechs,dlinear,autumn_2024,854,35,3.810469931077055,5.0,1.189530068922945
andechs,dlinear,autumn_2024,855,35,4.497395458820448,5.0,0.5026045411795517
andechs,dlinear,autumn_2024,856,35,4.6992025108043975,4.0,0.6992025108043975
andechs,dlinear,autumn_2024,857,35,4.575160794954709,3.0,1.5751607949547086
andechs,dlinear,autumn_2024,858,35,4.606639301130372,3.0,1.6066393011303717
andechs,dlinear,autumn_2024,859,35,4.933475884222643,3.0,1.9334758842226432
andechs,dlinear,autumn_2024,860,35,4.959101312956603,3.0,1.9591013129566033
andechs,dlinear,autumn_2024,861,35,4.609454096312185,2.0,2.6094540963121853
andechs,dlinear,autumn_2024,862,35,4.145862864880949,2.0,2.1458628648809492
andechs,dlinear,autumn_2024,863,35,3.7327761920941342,2.0,1.7327761920941342
andechs,dlinear,autumn_2024,864,36,3.4423213590692554,4.0,0.5576786409307446
andechs,dlinear,autumn_2024,865,36,3.2081727388285444,4.0,0.7918272611714556
andechs,dlinear,autumn_2024,866,36,3.0203040299909194,5.0,1.9796959700090806
andechs,dlinear,autumn_2024,867,36,2.919732499573939,5.0,2.080267500426061
andechs,dlinear,autumn_2024,868,36,3.000874216705805,5.0,1.999125783294195
andechs,dlinear,autumn_2024,869,36,3.148822726758535,5.0,1.8511772732414649
andechs,dlinear,autumn_2024,870,36,3.1307769739578903,5.0,1.8692230260421097
andechs,dlinear,autumn_2024,871,36,2.979241992462696,4.0,1.020758007537304
andechs,dlinear,autumn_2024,872,36,3.0763223629360206,6.0,2.9236776370639794
andechs,dlinear,autumn_2024,873,36,3.8557095454510577,7.0,3.1442904545489423
andechs,dlinear,autumn_2024,874,36,5.400268853546893,11.0,5.599731146453107
andechs,dlinear,autumn_2024,875,36,7.18957703861107,12.0,4.81042296138893
andechs,dlinear,autumn_2024,876,36,8.885862936765974,11.0,2.1141370632340255
andechs,dlinear,autumn_2024,877,36,11.172554827083138,14.0,2.827445172916862
andechs,dlinear,autumn_2024,878,36,13.374940882003916,15.0,1.6250591179960843
andechs,dlinear,autumn_2024,879,36,15.499985683744885,18.0,2.5000143162551147
andechs,dlinear,autumn_2024,880,36,17.55787470210651,20.0,2.44212529789349
andechs,dlinear,autumn_2024,881,36,17.582813412897856,11.0,6.582813412897856
andechs,dlinear,autumn_2024,882,36,16.07234824287611,6.0,10.07234824287611
andechs,dlinear,autumn_2024,883,36,14.194875627044686,4.0,10.194875627044686
andechs,dlinear,autumn_2024,884,36,12.415680618884824,3.0,9.415680618884824
andechs,dlinear,autumn_2024,885,36,11.253585619774633,5.0,6.253585619774633
andechs,dlinear,autumn_2024,886,36,10.461935735056237,5.0,5.461935735056237
andechs,dlinear,autumn_2024,887,36,9.777956585659862,4.0,5.777956585659862
andechs,dlinear,autumn_2024,888,37,9.25923711706439,5.0,4.259237117064391
andechs,dlinear,autumn_2024,889,37,8.985152754241952,4.0,4.985152754241952
andechs,dlinear,autumn_2024,890,37,8.87339695245685,4.0,4.873396952456851
andechs,dlinear,autumn_2024,891,37,8.66184813992513,3.0,5.66184813992513
andechs,dlinear,autumn_2024,892,37,8.142613019646735,2.0,6.142613019646735
andechs,dlinear,autumn_2024,893,37,7.675320370667347,3.0,4.675320370667347
andechs,dlinear,autumn_2024,894,37,7.266245152657438,2.0,5.266245152657438
andechs,dlinear,autumn_2024,895,37,7.000697585093248,1.0,6.000697585093248
andechs,dlinear,autumn_2024,896,37,6.726074968744451,1.0,5.726074968744451
andechs,dlinear,autumn_2024,897,37,6.050109010854131,2.0,4.050109010854131
andechs,dlinear,autumn_2024,898,37,5.355306028247144,4.0,1.3553060282471439
andechs,dlinear,autumn_2024,899,37,4.763333858998548,5.0,0.2366661410014519
andechs,dlinear,autumn_2024,900,37,4.574651793077443,6.0,1.425348206922557
andechs,dlinear,autumn_2024,901,37,4.738696413381247,6.0,1.2613035866187534
andechs,dlinear,autumn_2024,902,37,5.17452464633839,9.0,3.82547535366161
andechs,dlinear,autumn_2024,903,37,5.785412099656962,7.0,1.2145879003430382
andechs,dlinear,autumn_2024,904,37,5.979242427980976,5.0,0.9792424279809762
andechs,dlinear,autumn_2024,905,37,5.831468948795204,6.0,0.16853105120479572
andechs,dlinear,autumn_2024,906,37,5.631154029242971,7.0,1.3688459707570289
andechs,dlinear,autumn_2024,907,37,5.568936959989433,5.0,0.5689369599894327
andechs,dlinear,autumn_2024,908,37,5.37620495464396,8.0,2.62379504535604
andechs,dlinear,autumn_2024,909,37,5.105964544103307,6.0,0.8940354558966934
andechs,dlinear,autumn_2024,910,37,4.81395628272132,6.0,1.1860437172786797
andechs,dlinear,autumn_2024,911,37,4.50522813161991,4.0,0.5052281316199103
andechs,dlinear,autumn_2024,912,38,4.2293792674684045,4.0,0.22937926746840454
andechs,dlinear,autumn_2024,913,38,4.196596122412403,2.0,2.1965961224124033
andechs,dlinear,autumn_2024,914,38,4.12891233609865,2.0,2.12891233609865
andechs,dlinear,autumn_2024,915,38,4.1461835793068005,5.0,0.8538164206931995
andechs,dlinear,autumn_2024,916,38,4.248121132097701,5.0,0.751878867902299
andechs,dlinear,autumn_2024,917,38,4.3303737194304635,3.0,1.3303737194304635
andechs,dlinear,autumn_2024,918,38,4.398584824286748,3.0,1.3985848242867478
andechs,dlinear,autumn_2024,919,38,4.415746535419376,2.0,2.415746535419376
andechs,dlinear,autumn_2024,920,38,4.205308559975427,2.0,2.2053085599754274
andechs,dlinear,autumn_2024,921,38,3.928026296482847,3.0,0.9280262964828472
andechs,dlinear,autumn_2024,922,38,3.8622717829845015,5.0,1.1377282170154985
andechs,dlinear,autumn_2024,923,38,3.810699864375013,5.0,1.189300135624987
andechs,dlinear,autumn_2024,924,38,3.8480530003862006,7.0,3.1519469996137994
andechs,dlinear,autumn_2024,925,38,3.8472367094126745,6.0,2.1527632905873255
andechs,dlinear,autumn_2024,926,38,3.816713886261791,5.0,1.183286113738209
andechs,dlinear,autumn_2024,927,38,4.027806230839332,6.0,1.9721937691606684
andechs,dlinear,autumn_2024,928,38,4.627969991429413,10.0,5.372030008570587
andechs,dlinear,autumn_2024,929,38,4.983670548267469,5.0,0.016329451732531197
andechs,dlinear,autumn_2024,930,38,5.1791412632475495,2.0,3.1791412632475495
andechs,dlinear,autumn_2024,931,38,5.467299643466419,2.0,3.4672996434664194
andechs,dlinear,autumn_2024,932,38,5.514514397150544,2.0,3.5145143971505437
andechs,dlinear,autumn_2024,933,38,5.618634293316015,2.0,3.618634293316015
andechs,dlinear,autumn_2024,934,38,5.546612847098964,2.0,3.546612847098964
andechs,dlinear,autumn_2024,935,38,5.276623642161103,1.0,4.276623642161103
andechs,dlinear,autumn_2024,936,39,4.997521347802783,2.0,2.997521347802783
andechs,dlinear,autumn_2024,937,39,5.1274462322619385,1.0,4.1274462322619385
andechs,dlinear,autumn_2024,938,39,5.08734996825111,1.0,4.08734996825111
andechs,dlinear,autumn_2024,939,39,4.923405647473494,1.0,3.923405647473494
andechs,dlinear,autumn_2024,940,39,4.417555817875677,1.0,3.4175558178756766
andechs,dlinear,autumn_2024,941,39,3.956281462921697,1.0,2.956281462921697
andechs,dlinear,autumn_2024,942,39,3.656364642746762,1.0,2.656364642746762
andechs,dlinear,autumn_2024,943,39,3.2771033392241904,1.0,2.2771033392241904
andechs,dlinear,autumn_2024,944,39,2.8760491307893745,1.0,1.8760491307893745
andechs,dlinear,autumn_2024,945,39,2.6068443989602637,2.0,0.6068443989602637
andechs,dlinear,autumn_2024,946,39,2.506468820789826,3.0,0.4935311792101742
andechs,dlinear,autumn_2024,947,39,2.5120189683807137,3.0,0.4879810316192863
andechs,dlinear,autumn_2024,948,39,2.8599563297717268,4.0,1.1400436702282732
andechs,dlinear,autumn_2024,949,39,3.6634967218603314,4.0,0.3365032781396686
andechs,dlinear,autumn_2024,950,39,4.8104755831007235,5.0,0.18952441689927646
andechs,dlinear,autumn_2024,951,39,6.562635755468403,8.0,1.4373642445315973
andechs,dlinear,autumn_2024,952,39,8.042849922386436,9.0,0.957150077613564
andechs,dlinear,autumn_2024,953,39,9.407234660597801,8.0,1.4072346605978012
andechs,dlinear,autumn_2024,954,39,10.005014964432569,5.0,5.0050149644325685
andechs,dlinear,autumn_2024,955,39,10.05134291826398,4.0,6.05134291826398
andechs,dlinear,autumn_2024,956,39,9.548650391366625,4.0,5.548650391366625
andechs,dlinear,autumn_2024,957,39,8.778070742188993,3.0,5.7780707421889925
andechs,dlinear,autumn_2024,958,39,8.750558469270223,3.0,5.7505584692702225
andechs,dlinear,autumn_2024,959,39,9.084104740455142,3.0,6.0841047404551425
andechs,dlinear,autumn_2024,960,40,9.023594381692595,3.0,6.023594381692595
andechs,dlinear,autumn_2024,961,40,8.756410781735438,3.0,5.756410781735438
andechs,dlinear,autumn_2024,962,40,7.905576105702413,3.0,4.905576105702413
andechs,dlinear,autumn_2024,963,40,7.063961391923835,4.0,3.0639613919238347
andechs,dlinear,autumn_2024,964,40,6.397008630955808,4.0,2.397008630955808
andechs,dlinear,autumn_2024,965,40,5.6557427172231405,4.0,1.6557427172231405
andechs,dlinear,autumn_2024,966,40,5.053198858657105,4.0,1.0531988586571046
andechs,dlinear,autumn_2024,967,40,4.669636360365742,2.0,2.6696363603657423
andechs,dlinear,autumn_2024,968,40,4.172927363125382,2.0,2.172927363125382
andechs,dlinear,autumn_2024,969,40,3.7935365667571466,4.0,0.20646343324285343
andechs,dlinear,autumn_2024,970,40,3.7685695156271075,6.0,2.2314304843728925
andechs,dlinear,autumn_2024,971,40,4.015941766181638,8.0,3.984058233818362
andechs,dlinear,autumn_2024,972,40,4.386767028477221,8.0,3.6132329715227787
andechs,dlinear,autumn_2024,973,40,4.895056685281077,10.0,5.104943314718923
andechs,dlinear,autumn_2024,974,40,5.45790824004803,9.0,3.54209175995197
andechs,dlinear,autumn_2024,975,40,6.020402309365654,9.0,2.979597690634346
andechs,dlinear,autumn_2024,976,40,6.51999491999783,9.0,2.4800050800021696
andechs,dlinear,autumn_2024,977,40,6.891037038950703,6.0,0.891037038950703
andechs,dlinear,autumn_2024,978,40,6.944382433700296,6.0,0.9443824337002962
andechs,dlinear,autumn_2024,979,40,6.92221704840634,10.0,3.07778295159366
andechs,dlinear,autumn_2024,980,40,7.0465323649043015,13.0,5.9534676350956985
andechs,dlinear,autumn_2024,981,40,7.500954939024714,14.0,6.499045060975286
andechs,dlinear,autumn_2024,982,40,7.895517061141178,13.0,5.104482938858822
andechs,dlinear,autumn_2024,983,40,8.186231026015822,13.0,4.813768973984178
andechs,dlinear,autumn_2024,984,41,8.551337571464206,12.0,3.448662428535794
andechs,dlinear,autumn_2024,985,41,9.037516381751706,10.0,0.9624836182482941
andechs,dlinear,autumn_2024,986,41,9.515926424362647,3.0,6.515926424362647
andechs,dlinear,autumn_2024,987,41,9.595791238588324,2.0,7.595791238588324
andechs,dlinear,autumn_2024,988,41,9.619202568923662,2.0,7.6192025689236615
andechs,dlinear,autumn_2024,989,41,9.092358019795135,2.0,7.092358019795135
andechs,dlinear,autumn_2024,990,41,8.442323689242443,1.0,7.442323689242443
andechs,dlinear,autumn_2024,991,41,8.313793133789652,0.8,7.513793133789652
andechs,dlinear,autumn_2024,992,41,7.904359074071698,1.0,6.904359074071698
andechs,dlinear,autumn_2024,993,41,7.38965849116798,2.0,5.38965849116798
andechs,dlinear,autumn_2024,994,41,7.0311010153167,7.0,0.031101015316700398
andechs,dlinear,autumn_2024,995,41,7.040083463372878,14.0,6.959916536627122
andechs,dlinear,autumn_2024,996,41,7.4262540442144065,15.0,7.5737459557855935
andechs,dlinear,autumn_2024,997,41,8.082827657953462,17.0,8.917172342046538
andechs,dlinear,autumn_2024,998,41,8.237733477992277,12.0,3.7622665220077227
andechs,dlinear,autumn_2024,999,41,8.000204829268693,8.0,0.00020482926869291873
andechs,dlinear,autumn_2024,1000,41,7.8831743466907565,8.0,0.11682565330924355
andechs,dlinear,autumn_2024,1001,41,8.36769517470901,11.0,2.6323048252909906
andechs,dlinear,autumn_2024,1002,41,8.749895271866084,12.0,3.250104728133916
andechs,dlinear,autumn_2024,1003,41,9.066943576255476,11.0,1.9330564237445245
andechs,dlinear,autumn_2024,1004,41,9.229824972146442,12.0,2.7701750278535577
andechs,dlinear,autumn_2024,1005,41,9.80688938739376,14.0,4.19311061260624
andechs,dlinear,autumn_2024,1006,41,11.194782364026162,19.0,7.805217635973838
andechs,dlinear,autumn_2024,1007,41,12.230914263609819,17.0,4.769085736390181
andechs,dlinear,autumn_2024,1008,42,12.348314174982566,13.0,0.6516858250174344
andechs,dlinear,autumn_2024,1009,42,11.963678035731402,10.0,1.9636780357314016
andechs,dlinear,autumn_2024,1010,42,11.482681231321989,9.0,2.4826812313219886
andechs,dlinear,autumn_2024,1011,42,10.616000422546183,5.0,5.616000422546183
andechs,dlinear,autumn_2024,1012,42,9.994651894244889,7.0,2.994651894244889
andechs,dlinear,autumn_2024,1013,42,9.931071682491703,9.0,0.9310716824917034
andechs,dlinear,autumn_2024,1014,42,10.638514454636642,8.0,2.638514454636642
andechs,dlinear,autumn_2024,1015,42,12.390391574675817,12.0,0.3903915746758173
andechs,dlinear,autumn_2024,1016,42,14.293314119582028,16.0,1.7066858804179716
andechs,dlinear,autumn_2024,1017,42,15.323114362623688,17.0,1.6768856373763121
andechs,dlinear,autumn_2024,1018,42,15.968361076851805,21.0,5.031638923148195
andechs,dlinear,autumn_2024,1019,42,16.179459895722083,24.0,7.820540104277917
andechs,dlinear,autumn_2024,1020,42,15.315012148449002,18.0,2.684987851550998
andechs,dlinear,autumn_2024,1021,42,15.09702643998911,18.0,2.9029735600108904
andechs,dlinear,autumn_2024,1022,42,14.96022431373288,17.0,2.03977568626712
andechs,dlinear,autumn_2024,1023,42,14.219458619350617,11.0,3.2194586193506165
andechs,dlinear,autumn_2024,1024,42,13.297384693172997,7.0,6.297384693172997
andechs,dlinear,autumn_2024,1025,42,12.81798866609682,9.0,3.81798866609682
andechs,dlinear,autumn_2024,1026,42,12.901364986611949,13.0,0.09863501338805136
andechs,dlinear,autumn_2024,1027,42,13.18615958229879,14.0,0.8138404177012095
andechs,dlinear,autumn_2024,1028,42,13.167457885422959,15.0,1.8325421145770413
andechs,dlinear,autumn_2024,1029,42,13.037288915801419,14.0,0.9627110841985811
andechs,dlinear,autumn_2024,1030,42,12.972196894052697,14.0,1.027803105947303
andechs,dlinear,autumn_2024,1031,42,12.693782541899973,13.0,0.30621745810002743
andechs,dlinear,autumn_2024,1032,43,12.454673329804358,12.0,0.4546733298043577
andechs,dlinear,autumn_2024,1033,43,12.040894942877822,12.0,0.040894942877821805
andechs,dlinear,autumn_2024,1034,43,11.721939241308187,12.0,0.27806075869181335
andechs,dlinear,autumn_2024,1035,43,11.591031942135874,11.0,0.5910319421358743
andechs,dlinear,autumn_2024,1036,43,11.672919037642542,11.0,0.6729190376425418
andechs,dlinear,autumn_2024,1037,43,11.355129538230226,11.0,0.3551295382302264
andechs,dlinear,autumn_2024,1038,43,10.574298439887972,9.0,1.574298439887972
andechs,dlinear,autumn_2024,1039,43,10.823446972507199,15.0,4.176553027492801
andechs,dlinear,autumn_2024,1040,43,11.318619050300184,16.0,4.681380949699816
andechs,dlinear,autumn_2024,1041,43,11.38980071926584,14.0,2.610199280734159
andechs,dlinear,autumn_2024,1042,43,11.624997043991575,15.0,3.3750029560084247
andechs,dlinear,autumn_2024,1043,43,12.22540453898157,16.0,3.7745954610184302
andechs,dlinear,autumn_2024,1044,43,12.393999020308053,13.0,0.606000979691947
andechs,dlinear,autumn_2024,1045,43,12.303565927876488,11.0,1.3035659278764875
andechs,dlinear,autumn_2024,1046,43,12.151251766593656,12.0,0.15125176659365636
andechs,dlinear,autumn_2024,1047,43,12.651894700669143,18.0,5.348105299330857
andechs,dlinear,autumn_2024,1048,43,13.455537229080203,16.0,2.5444627709197967
andechs,dlinear,autumn_2024,1049,43,13.701999960334431,12.0,1.7019999603344313
andechs,dlinear,autumn_2024,1050,43,13.33726676722486,12.0,1.3372667672248593
andechs,dlinear,autumn_2024,1051,43,12.846016707637828,12.0,0.846016707637828
andechs,dlinear,autumn_2024,1052,43,12.254782652824943,13.0,0.7452173471750569
andechs,dlinear,autumn_2024,1053,43,11.634144961961173,12.0,0.365855038038827
andechs,dlinear,autumn_2024,1054,43,11.017539699430923,12.0,0.9824603005690768
andechs,dlinear,autumn_2024,1055,43,10.596087719213415,12.0,1.4039122807865851
