station,model,window,hour_index,day_index,pred,actual,abs_error
lothstrasse,dlinear,spring_2024,0,0,,15.0,
lothstrasse,dlinear,spring_2024,1,0,,15.0,
lothstrasse,dlinear,spring_2024,2,0,,15.0,
lothstrasse,dlinear,spring_2024,3,0,,15.0,
lothstrasse,dlinear,spring_2024,4,0,,15.0,
lothstrasse,dlinear,spring_2024,5,0,,14.0,
lothstrasse,dlinear,spring_2024,6,0,,12.0,
lothstrasse,dlinear,spring_2024,7,0,,10.0,
lothstrasse,dlinear,spring_2024,8,0,,8.0,
lothstrasse,dlinear,spring_2024,9,0,,7.0,
lothstrasse,dlinear,spring_2024,10,0,,5.0,
lothstrasse,dlinear,spring_2024,11,0,,4.0,
lothstrasse,dlinear,spring_2024,12,0,,5.0,
lothstrasse,dlinear,spring_2024,13,0,,5.0,
lothstrasse,dlinear,spring_2024,14,0,,4.0,
lothstrasse,dlinear,spring_2024,15,0,,3.0,
lothstrasse,dlinear,spring_2024,16,0,,2.0,
lothstrasse,dlinear,spring_2024,17,0,,2.0,
lothstrasse,dlinear,spring_2024,18,0,,3.0,
lothstrasse,dlinear,spring_2024,19,0,,7.0,
lothstrasse,dlinear,spring_2024,20,0,,7.0,
lothstrasse,dlinear,spring_2024,21,0,,6.0,
lothstrasse,dlinear,spring_2024,22,0,,5.0,
lothstrasse,dlinear,spring_2024,23,0,,4.0,
lothstrasse,dlinear,spring_2024,24,1,,5.0,
lothstrasse,dlinear,spring_2024,25,1,,6.0,
lothstrasse,dlinear,spring_2024,26,1,,4.0,
lothstrasse,dlinear,spring_2024,27,1,,4.0,
lothstrasse,dlinear,spring_2024,28,1,,4.0,
lothstrasse,dlinear,spring_2024,29,1,,5.0,
lothstrasse,dlinear,spring_2024,30,1,,4.0,
lothstrasse,dlinear,spring_2024,31,1,,4.0,
lothstrasse,dlinear,spring_2024,32,1,,3.0,
lothstrasse,dlinear,spring_2024,33,1,,3.0,
lothstrasse,dlinear,spring_2024,34,1,,3.0,
lothstrasse,dlinear,spring_2024,35,1,,2.0,
lothstrasse,dlinear,spring_2024,36,1,,2.0,
lothstrasse,dlinear,spring_2024,37,1,,3.0,
lothstrasse,dlinear,spring_2024,38,1,,3.0,
lothstrasse,dlinear,spring_2024,39,1,,5.0,
lothstrasse,dlinear,spring_2024,40,1,,3.0,
lothstrasse,dlinear,spring_2024,41,1,,3.0,
lothstrasse,dlinear,spring_2024,42,1,,3.0,
lothstrasse,dlinear,spring_2024,43,1,,2.0,
lothstrasse,dlinear,spring_2024,44,1,,2.0,
lothstrasse,dlinear,spring_2024,45,1,,2.0,
lothstrasse,dlinear,spring_2024,46,1,,2.0,
lothstrasse,dlinear,spring_2024,47,1,,1.0,
lothstrasse,dlinear,spring_2024,48,2,,1.0,
lothstrasse,dlinear,spring_2024,49,2,,2.0,
lothstrasse,dlinear,spring_2024,50,2,,2.0,
lothstrasse,dlinear,spring_2024,51,2,,2.0,
lothstrasse,dlinear,spring_2024,52,2,,2.0,
lothstrasse,dlinear,spring_2024,53,2,,2.0,
lothstrasse,dlinear,spring_2024,54,2,,2.0,
lothstrasse,dlinear,spring_2024,55,2,,2.0,
lothstrasse,dlinear,spring_2024,56,2,,2.0,
lothstrasse,dlinear,spring_2024,57,2,,2.0,
lothstrasse,dlinear,spring_2024,58,2,,2.0,
lothstrasse,dlinear,spring_2024,59,2,,2.0,
lothstrasse,dlinear,spring_2024,60,2,,2.0,
lothstrasse,dlinear,spring_2024,61,2,,2.0,
lothstrasse,dlinear,spring_2024,62,2,,4.0,
lothstrasse,dlinear,spring_2024,63,2,,3.0,
lothstrasse,dlinear,spring_2024,64,2,,3.0,
lothstrasse,dlinear,spring_2024,65,2,,3.0,
lothstrasse,dlinear,spring_2024,66,2,,4.0,
lothstrasse,dlinear,spring_2024,67,2,,4.0,
lothstrasse,dlinear,spring_2024,68,2,,4.0,
lothstrasse,dlinear,spring_2024,69,2,,3.0,
lothstrasse,dlinear,spring_2024,70,2,,2.0,
lothstrasse,dlinear,spring_2024,71,2,,2.0,
lothstrasse,dlinear,spring_2024,72,3,,3.0,
lothstrasse,dlinear,spring_2024,73,3,,4.0,
lothstrasse,dlinear,spring_2024,74,3,,4.0,
lothstrasse,dlinear,spring_2024,75,3,,3.0,
lothstrasse,dlinear,spring_2024,76,3,,3.0,
lothstrasse,dlinear,spring_2024,77,3,,3.0,
lothstrasse,dlinear,spring_2024,78,3,,3.0,
lothstrasse,dlinear,spring_2024,79,3,,3.0,
lothstrasse,dlinear,spring_2024,80,3,,3.0,
lothstrasse,dlinear,spring_2024,81,3,,3.0,
lothstrasse,dlinear,spring_2024,82,3,,3.0,
lothstrasse,dlinear,spring_2024,83,3,,2.0,
lothstrasse,dlinear,spring_2024,84,3,,3.0,
lothstrasse,dlinear,spring_2024,85,3,,3.0,
lothstrasse,dlinear,spring_2024,86,3,,3.0,
lothstrasse,dlinear,spring_2024,87,3,,4.0,
lothstrasse,dlinear,spring_2024,88,3,,6.0,
lothstrasse,dlinear,spring_2024,89,3,,6.0,
lothstrasse,dlinear,spring_2024,90,3,,7.0,
lothstrasse,dlinear,spring_2024,91,3,,7.0,
lothstrasse,dlinear,spring_2024,92,3,,7.0,
lothstrasse,dlinear,spring_2024,93,3,,6.0,
lothstrasse,dlinear,spring_2024,94,3,,5.0,
lothstrasse,dlinear,spring_2024,95,3,,5.0,
lothstrasse,dlinear,spring_2024,96,4,,6.0,
lothstrasse,dlinear,spring_2024,97,4,,7.0,
lothstrasse,dlinear,spring_2024,98,4,,6.0,
lothstrasse,dlinear,spring_2024,99,4,,5.0,
lothstrasse,dlinear,spring_2024,100,4,,4.0,
lothstrasse,dlinear,spring_2024,101,4,,4.0,
lothstrasse,dlinear,spring_2024,102,4,,4.0,
lothstrasse,dlinear,spring_2024,103,4,,3.0,
lothstrasse,dlinear,spring_2024,104,4,,3.0,
lothstrasse,dlinear,spring_2024,105,4,,4.0,
lothstrasse,dlinear,spring_2024,106,4,,4.0,
lothstrasse,dlinear,spring_2024,107,4,,5.0,
lothstrasse,dlinear,spring_2024,108,4,,6.0,
lothstrasse,dlinear,spring_2024,109,4,,6.0,
lothstrasse,dlinear,spring_2024,110,4,,6.0,
lothstrasse,dlinear,spring_2024,111,4,,7.0,
lothstrasse,dlinear,spring_2024,112,4,,7.0,
lothstrasse,dlinear,spring_2024,113,4,,6.0,
lothstrasse,dlinear,spring_2024,114,4,,8.0,
lothstrasse,dlinear,spring_2024,115,4,,10.0,
lothstrasse,dlinear,spring_2024,116,4,,13.0,
lothstrasse,dlinear,spring_2024,117,4,,30.0,
lothstrasse,dlinear,spring_2024,118,4,,13.0,
lothstrasse,dlinear,spring_2024,119,4,,7.0,
lothstrasse,dlinear,spring_2024,120,5,,6.0,
lothstrasse,dlinear,spring_2024,121,5,,8.0,
lothstrasse,dlinear,spring_2024,122,5,,7.0,
lothstrasse,dlinear,spring_2024,123,5,,4.0,
lothstrasse,dlinear,spring_2024,124,5,,3.0,
lothstrasse,dlinear,spring_2024,125,5,,3.0,
lothstrasse,dlinear,spring_2024,126,5,,4.0,
lothstrasse,dlinear,spring_2024,127,5,,5.0,
lothstrasse,dlinear,spring_2024,128,5,,4.0,
lothstrasse,dlinear,spring_2024,129,5,,4.0,
lothstrasse,dlinear,spring_2024,130,5,,2.0,
lothstrasse,dlinear,spring_2024,131,5,,2.0,
lothstrasse,dlinear,spring_2024,132,5,,2.0,
lothstrasse,dlinear,spring_2024,133,5,,2.0,
lothstrasse,dlinear,spring_2024,134,5,,3.0,
lothstrasse,dlinear,spring_2024,135,5,,9.0,
lothstrasse,dlinear,spring_2024,136,5,,16.0,
lothstrasse,dlinear,spring_2024,137,5,,22.0,
lothstrasse,dlinear,spring_2024,138,5,,10.0,
lothstrasse,dlinear,spring_2024,139,5,,4.0,
lothstrasse,dlinear,spring_2024,140,5,,3.0,
lothstrasse,dlinear,spring_2024,141,5,,2.0,
lothstrasse,dlinear,spring_2024,142,5,,5.0,
lothstrasse,dlinear,spring_2024,143,5,,2.0,
lothstrasse,dlinear,spring_2024,144,6,,1.0,
lothstrasse,dlinear,spring_2024,145,6,,0.9,
lothstrasse,dlinear,spring_2024,146,6,,0.8,
lothstrasse,dlinear,spring_2024,147,6,,0.7,
lothstrasse,dlinear,spring_2024,148,6,,0.8,
lothstrasse,dlinear,spring_2024,149,6,,1.0,
lothstrasse,dlinear,spring_2024,150,6,,0.9,
lothstrasse,dlinear,spring_2024,151,6,,1.0,
lothstrasse,dlinear,spring_2024,152,6,,1.0,
lothstrasse,dlinear,spring_2024,153,6,,0.9,
lothstrasse,dlinear,spring_2024,154,6,,1.0,
lothstrasse,dlinear,spring_2024,155,6,,1.0,
lothstrasse,dlinear,spring_2024,156,6,,1.0,
lothstrasse,dlinear,spring_2024,157,6,,2.0,
lothstrasse,dlinear,spring_2024,158,6,,3.0,
lothstrasse,dlinear,spring_2024,159,6,,1.0,
lothstrasse,dlinear,spring_2024,160,6,,2.0,
lothstrasse,dlinear,spring_2024,161,6,,2.0,
lothstrasse,dlinear,spring_2024,162,6,,5.0,
lothstrasse,dlinear,spring_2024,163,6,,3.0,
lothstrasse,dlinear,spring_2024,164,6,,3.0,
lothstrasse,dlinear,spring_2024,165,6,,4.0,
lothstrasse,dlinear,spring_2024,166,6,,3.0,
lothstrasse,dlinear,spring_2024,167,6,,3.0,
lothstrasse,dlinear,spring_2024,168,7,,2.0,
lothstrasse,dlinear,spring_2024,169,7,,2.0,
lothstrasse,dlinear,spring_2024,170,7,,1.0,
lothstrasse,dlinear,spring_2024,171,7,,1.0,
lothstrasse,dlinear,spring_2024,172,7,,1.0,
lothstrasse,dlinear,spring_2024,173,7,,1.0,
lothstrasse,dlinear,spring_2024,174,7,,2.0,
lothstrasse,dlinear,spring_2024,175,7,,2.0,
lothstrasse,dlinear,spring_2024,176,7,,2.0,
lothstrasse,dlinear,spring_2024,177,7,,1.0,
lothstrasse,dlinear,spring_2024,178,7,,1.0,
lothstrasse,dlinear,spring_2024,179,7,,2.0,
lothstrasse,dlinear,spring_2024,180,7,,2.0,
lothstrasse,dlinear,spring_2024,181,7,,2.0,
lothstrasse,dlinear,spring_2024,182,7,,2.0,
lothstrasse,dlinear,spring_2024,183,7,,1.0,
lothstrasse,dlinear,spring_2024,184,7,,2.0,
lothstrasse,dlinear,spring_2024,185,7,,10.0,
lothstrasse,dlinear,spring_2024,186,7,,32.0,
lothstrasse,dlinear,spring_2024,187,7,,32.0,
lothstrasse,dlinear,spring_2024,188,7,,32.0,
lothstrasse,dlinear,spring_2024,189,7,,32.0,
lothstrasse,dlinear,spring_2024,190,7,,32.0,
lothstrasse,dlinear,spring_2024,191,7,,32.0,
lothstrasse,dlinear,spring_2024,192,8,,32.0,
lothstrasse,dlinear,spring_2024,193,8,,32.0,
lothstrasse,dlinear,spring_2024,194,8,,32.0,
lothstrasse,dlinear,spring_2024,195,8,,32.0,
lothstrasse,dlinear,spring_2024,196,8,,32.0,
lothstrasse,dlinear,spring_2024,197,8,,32.0,
lothstrasse,dlinear,spring_2024,198,8,,32.0,
lothstrasse,dlinear,spring_2024,199,8,,32.0,
lothstrasse,dlinear,spring_2024,200,8,,32.0,
lothstrasse,dlinear,spring_2024,201,8,,27.0,
lothstrasse,dlinear,spring_2024,202,8,,29.0,
lothstrasse,dlinear,spring_2024,203,8,,27.0,
lothstrasse,dlinear,spring_2024,204,8,,26.0,
lothstrasse,dlinear,spring_2024,205,8,,29.0,
lothstrasse,dlinear,spring_2024,206,8,,32.0,
lothstrasse,dlinear,spring_2024,207,8,,32.0,
lothstrasse,dlinear,spring_2024,208,8,,32.0,
lothstrasse,dlinear,spring_2024,209,8,,32.0,
lothstrasse,dlinear,spring_2024,210,8,,32.0,
lothstrasse,dlinear,spring_2024,211,8,,32.0,
lothstrasse,dlinear,spring_2024,212,8,,32.0,
lothstrasse,dlinear,spring_2024,213,8,,32.0,
lothstrasse,dlinear,spring_2024,214,8,,21.0,
lothstrasse,dlinear,spring_2024,215,8,,17.0,
lothstrasse,dlinear,spring_2024,216,9,,32.0,
lothstrasse,dlinear,spring_2024,217,9,,32.0,
lothstrasse,dlinear,spring_2024,218,9,,32.0,
lothstrasse,dlinear,spring_2024,219,9,,19.0,
lothstrasse,dlinear,spring_2024,220,9,,17.0,
lothstrasse,dlinear,spring_2024,221,9,,16.0,
lothstrasse,dlinear,spring_2024,222,9,,17.0,
lothstrasse,dlinear,spring_2024,223,9,,17.0,
lothstrasse,dlinear,spring_2024,224,9,,17.0,
lothstrasse,dlinear,spring_2024,225,9,,17.0,
lothstrasse,dlinear,spring_2024,226,9,,16.0,
lothstrasse,dlinear,spring_2024,227,9,,15.0,
lothstrasse,dlinear,spring_2024,228,9,,14.0,
lothstrasse,dlinear,spring_2024,229,9,,11.0,
lothstrasse,dlinear,spring_2024,230,9,,11.0,
lothstrasse,dlinear,spring_2024,231,9,,7.0,
lothstrasse,dlinear,spring_2024,232,9,,2.0,
lothstrasse,dlinear,spring_2024,233,9,,2.0,
lothstrasse,dlinear,spring_2024,234,9,,2.0,
lothstrasse,dlinear,spring_2024,235,9,,3.0,
lothstrasse,dlinear,spring_2024,236,9,,4.0,
lothstrasse,dlinear,spring_2024,237,9,,4.0,
lothstrasse,dlinear,spring_2024,238,9,,4.0,
lothstrasse,dlinear,spring_2024,239,9,,3.0,
lothstrasse,dlinear,spring_2024,240,10,,3.0,
lothstrasse,dlinear,spring_2024,241,10,,2.0,
lothstrasse,dlinear,spring_2024,242,10,,2.0,
lothstrasse,dlinear,spring_2024,243,10,,2.0,
lothstrasse,dlinear,spring_2024,244,10,,2.0,
lothstrasse,dlinear,spring_2024,245,10,,2.0,
lothstrasse,dlinear,spring_2024,246,10,,2.0,
lothstrasse,dlinear,spring_2024,247,10,,2.0,
lothstrasse,dlinear,spring_2024,248,10,,2.0,
lothstrasse,dlinear,spring_2024,249,10,,1.0,
lothstrasse,dlinear,spring_2024,250,10,,0.9,
lothstrasse,dlinear,spring_2024,251,10,,0.9,
lothstrasse,dlinear,spring_2024,252,10,,0.9,
lothstrasse,dlinear,spring_2024,253,10,,0.9,
lothstrasse,dlinear,spring_2024,254,10,,0.8,
lothstrasse,dlinear,spring_2024,255,10,,0.8,
lothstrasse,dlinear,spring_2024,256,10,,0.9,
lothstrasse,dlinear,spring_2024,257,10,,1.0,
lothstrasse,dlinear,spring_2024,258,10,,1.0,
lothstrasse,dlinear,spring_2024,259,10,,1.0,
lothstrasse,dlinear,spring_2024,260,10,,1.0,
lothstrasse,dlinear,spring_2024,261,10,,0.9,
lothstrasse,dlinear,spring_2024,262,10,,0.8,
lothstrasse,dlinear,spring_2024,263,10,,0.7,
lothstrasse,dlinear,spring_2024,264,11,,0.6,
lothstrasse,dlinear,spring_2024,265,11,,0.5,
lothstrasse,dlinear,spring_2024,266,11,,0.6,
lothstrasse,dlinear,spring_2024,267,11,,0.6,
lothstrasse,dlinear,spring_2024,268,11,,0.7,
lothstrasse,dlinear,spring_2024,269,11,,1.0,
lothstrasse,dlinear,spring_2024,270,11,,1.0,
lothstrasse,dlinear,spring_2024,271,11,,1.0,
lothstrasse,dlinear,spring_2024,272,11,,0.7,
lothstrasse,dlinear,spring_2024,273,11,,1.0,
lothstrasse,dlinear,spring_2024,274,11,,1.0,
lothstrasse,dlinear,spring_2024,275,11,,1.0,
lothstrasse,dlinear,spring_2024,276,11,,1.0,
lothstrasse,dlinear,spring_2024,277,11,,1.0,
lothstrasse,dlinear,spring_2024,278,11,,1.0,
lothstrasse,dlinear,spring_2024,279,11,,1.0,
lothstrasse,dlinear,spring_2024,280,11,,2.0,
lothstrasse,dlinear,spring_2024,281,11,,2.0,
lothstrasse,dlinear,spring_2024,282,11,,2.0,
lothstrasse,dlinear,spring_2024,283,11,,3.0,
lothstrasse,dlinear,spring_2024,284,11,,5.0,
lothstrasse,dlinear,spring_2024,285,11,,3.0,
lothstrasse,dlinear,spring_2024,286,11,,3.0,
lothstrasse,dlinear,spring_2024,287,11,,3.0,
lothstrasse,dlinear,spring_2024,288,12,,3.0,
lothstrasse,dlinear,spring_2024,289,12,,5.0,
lothstrasse,dlinear,spring_2024,290,12,,5.0,
lothstrasse,dlinear,spring_2024,291,12,,4.0,
lothstrasse,dlinear,spring_2024,292,12,,3.0,
lothstrasse,dlinear,spring_2024,293,12,,3.0,
lothstrasse,dlinear,spring_2024,294,12,,4.0,
lothstrasse,dlinear,spring_2024,295,12,,3.0,
lothstrasse,dlinear,spring_2024,296,12,,3.0,
lothstrasse,dlinear,spring_2024,297,12,,3.0,
lothstrasse,dlinear,spring_2024,298,12,,2.0,
lothstrasse,dlinear,spring_2024,299,12,,2.0,
lothstrasse,dlinear,spring_2024,300,12,,2.0,
lothstrasse,dlinear,spring_2024,301,12,,1.0,
lothstrasse,dlinear,spring_2024,302,12,,2.0,
lothstrasse,dlinear,spring_2024,303,12,,2.0,
lothstrasse,dlinear,spring_2024,304,12,,3.0,
lothstrasse,dlinear,spring_2024,305,12,,6.0,
lothstrasse,dlinear,spring_2024,306,12,,4.0,
lothstrasse,dlinear,spring_2024,307,12,,3.0,
lothstrasse,dlinear,spring_2024,308,12,,2.0,
lothstrasse,dlinear,spring_2024,309,12,,2.0,
lothstrasse,dlinear,spring_2024,310,12,,2.0,
lothstrasse,dlinear,spring_2024,311,12,,2.0,
lothstrasse,dlinear,spring_2024,312,13,,1.0,
lothstrasse,dlinear,spring_2024,313,13,,1.0,
lothstrasse,dlinear,spring_2024,314,13,,1.0,
lothstrasse,dlinear,spring_2024,315,13,,1.0,
lothstrasse,dlinear,spring_2024,316,13,,2.0,
lothstrasse,dlinear,spring_2024,317,13,,1.0,
lothstrasse,dlinear,spring_2024,318,13,,1.0,
lothstrasse,dlinear,spring_2024,319,13,,1.0,
lothstrasse,dlinear,spring_2024,320,13,,2.0,
lothstrasse,dlinear,spring_2024,321,13,,2.0,
lothstrasse,dlinear,spring_2024,322,13,,2.0,
lothstrasse,dlinear,spring_2024,323,13,,2.0,
lothstrasse,dlinear,spring_2024,324,13,,3.0,
lothstrasse,dlinear,spring_2024,325,13,,3.0,
lothstrasse,dlinear,spring_2024,326,13,,4.0,
lothstrasse,dlinear,spring_2024,327,13,,4.0,
lothstrasse,dlinear,spring_2024,328,13,,4.0,
lothstrasse,dlinear,spring_2024,329,13,,5.0,
lothstrasse,dlinear,spring_2024,330,13,,6.0,
lothstrasse,dlinear,spring_2024,331,13,,5.0,
lothstrasse,dlinear,spring_2024,332,13,,7.0,
lothstrasse,dlinear,spring_2024,333,13,,7.0,
lothstrasse,dlinear,spring_2024,334,13,,7.0,
lothstrasse,dlinear,spring_2024,335,13,,5.0,
lothstrasse,dlinear,spring_2024,336,14,,3.0,
lothstrasse,dlinear,spring_2024,337,14,,3.0,
lothstrasse,dlinear,spring_2024,338,14,,4.0,
lothstrasse,dlinear,spring_2024,339,14,,3.0,
lothstrasse,dlinear,spring_2024,340,14,,3.0,
lothstrasse,dlinear,spring_2024,341,14,,3.0,
lothstrasse,dlinear,spring_2024,342,14,,3.0,
lothstrasse,dlinear,spring_2024,343,14,,3.0,
lothstrasse,dlinear,spring_2024,344,14,,3.0,
lothstrasse,dlinear,spring_2024,345,14,,3.0,
lothstrasse,dlinear,spring_2024,346,14,,2.0,
lothstrasse,dlinear,spring_2024,347,14,,2.0,
lothstrasse,dlinear,spring_2024,348,14,,2.0,
lothstrasse,dlinear,spring_2024,349,14,,2.0,
lothstrasse,dlinear,spring_2024,350,14,,3.0,
lothstrasse,dlinear,spring_2024,351,14,,4.0,
lothstrasse,dlinear,spring_2024,352,14,,6.0,
lothstrasse,dlinear,spring_2024,353,14,,7.0,
lothstrasse,dlinear,spring_2024,354,14,,9.0,
lothstrasse,dlinear,spring_2024,355,14,,9.0,
lothstrasse,dlinear,spring_2024,356,14,,9.0,
lothstrasse,dlinear,spring_2024,357,14,,8.0,
lothstrasse,dlinear,spring_2024,358,14,,7.0,
lothstrasse,dlinear,spring_2024,359,14,,6.0,
lothstrasse,dlinear,spring_2024,360,15,,7.0,
lothstrasse,dlinear,spring_2024,361,15,,8.0,
lothstrasse,dlinear,spring_2024,362,15,,7.0,
lothstrasse,dlinear,spring_2024,363,15,,10.0,
lothstrasse,dlinear,spring_2024,364,15,,6.0,
lothstrasse,dlinear,spring_2024,365,15,,8.0,
lothstrasse,dlinear,spring_2024,366,15,,5.0,
lothstrasse,dlinear,spring_2024,367,15,,4.0,
lothstrasse,dlinear,spring_2024,368,15,,3.0,
lothstrasse,dlinear,spring_2024,369,15,,3.0,
lothstrasse,dlinear,spring_2024,370,15,,4.0,
lothstrasse,dlinear,spring_2024,371,15,,4.0,
lothstrasse,dlinear,spring_2024,372,15,,4.0,
lothstrasse,dlinear,spring_2024,373,15,,3.0,
lothstrasse,dlinear,spring_2024,374,15,,4.0,
lothstrasse,dlinear,spring_2024,375,15,,4.0,
lothstrasse,dlinear,spring_2024,376,15,,4.0,
lothstrasse,dlinear,spring_2024,377,15,,6.0,
lothstrasse,dlinear,spring_2024,378,15,,13.0,
lothstrasse,dlinear,spring_2024,379,15,,21.0,
lothstrasse,dlinear,spring_2024,380,15,,25.0,
lothstrasse,dlinear,spring_2024,381,15,,17.0,
lothstrasse,dlinear,spring_2024,382,15,,14.0,
lothstrasse,dlinear,spring_2024,383,15,,11.0,
lothstrasse,dlinear,spring_2024,384,16,,8.0,
lothstrasse,dlinear,spring_2024,385,16,,6.0,
lothstrasse,dlinear,spring_2024,386,16,,7.0,
lothstrasse,dlinear,spring_2024,387,16,,6.0,
lothstrasse,dlinear,spring_2024,388,16,,5.0,
lothstrasse,dlinear,spring_2024,389,16,,4.0,
lothstrasse,dlinear,spring_2024,390,16,,3.0,
lothstrasse,dlinear,spring_2024,391,16,,3.0,
lothstrasse,dlinear,spring_2024,392,16,,3.0,
lothstrasse,dlinear,spring_2024,393,16,,3.0,
lothstrasse,dlinear,spring_2024,394,16,,4.0,
lothstrasse,dlinear,spring_2024,395,16,,6.0,
lothstrasse,dlinear,spring_2024,396,16,,8.0,
lothstrasse,dlinear,spring_2024,397,16,,9.0,
lothstrasse,dlinear,spring_2024,398,16,,9.0,
lothstrasse,dlinear,spring_2024,399,16,,10.0,
lothstrasse,dlinear,spring_2024,400,16,,10.0,
lothstrasse,dlinear,spring_2024,401,16,,12.0,
lothstrasse,dlinear,spring_2024,402,16,,13.0,
lothstrasse,dlinear,spring_2024,403,16,,16.0,
lothstrasse,dlinear,spring_2024,404,16,,12.0,
lothstrasse,dlinear,spring_2024,405,16,,10.0,
lothstrasse,dlinear,spring_2024,406,16,,9.0,
lothstrasse,dlinear,spring_2024,407,16,,7.0,
lothstrasse,dlinear,spring_2024,408,17,,8.0,
lothstrasse,dlinear,spring_2024,409,17,,8.0,
lothstrasse,dlinear,spring_2024,410,17,,7.0,
lothstrasse,dlinear,spring_2024,411,17,,7.0,
lothstrasse,dlinear,spring_2024,412,17,,8.0,
lothstrasse,dlinear,spring_2024,413,17,,9.0,
lothstrasse,dlinear,spring_2024,414,17,,10.0,
lothstrasse,dlinear,spring_2024,415,17,,11.0,
lothstrasse,dlinear,spring_2024,416,17,,12.0,
lothstrasse,dlinear,spring_2024,417,17,,12.0,
lothstrasse,dlinear,spring_2024,418,17,,11.0,
lothstrasse,dlinear,spring_2024,419,17,,14.0,
lothstrasse,dlinear,spring_2024,420,17,,15.0,
lothstrasse,dlinear,spring_2024,421,17,,18.0,
lothstrasse,dlinear,spring_2024,422,17,,19.0,
lothstrasse,dlinear,spring_2024,423,17,,21.0,
lothstrasse,dlinear,spring_2024,424,17,,22.0,
lothstrasse,dlinear,spring_2024,425,17,,21.0,
lothstrasse,dlinear,spring_2024,426,17,,23.0,
lothstrasse,dlinear,spring_2024,427,17,,23.0,
lothstrasse,dlinear,spring_2024,428,17,,20.0,
lothstrasse,dlinear,spring_2024,429,17,,20.0,
lothstrasse,dlinear,spring_2024,430,17,,18.0,
lothstrasse,dlinear,spring_2024,431,17,,14.0,
lothstrasse,dlinear,spring_2024,432,18,,12.0,
lothstrasse,dlinear,spring_2024,433,18,,10.0,
lothstrasse,dlinear,spring_2024,434,18,,10.0,
lothstrasse,dlinear,spring_2024,435,18,,11.0,
lothstrasse,dlinear,spring_2024,436,18,,11.0,
lothstrasse,dlinear,spring_2024,437,18,,11.0,
lothstrasse,dlinear,spring_2024,438,18,,10.0,
lothstrasse,dlinear,spring_2024,439,18,,11.0,
lothstrasse,dlinear,spring_2024,440,18,,11.0,
lothstrasse,dlinear,spring_2024,441,18,,11.0,
lothstrasse,dlinear,spring_2024,442,18,,11.0,
lothstrasse,dlinear,spring_2024,443,18,,11.0,
lothstrasse,dlinear,spring_2024,444,18,,12.0,
lothstrasse,dlinear,spring_2024,445,18,,9.0,
lothstrasse,dlinear,spring_2024,446,18,,4.0,
lothstrasse,dlinear,spring_2024,447,18,,3.0,
lothstrasse,dlinear,spring_2024,448,18,,2.0,
lothstrasse,dlinear,spring_2024,449,18,,2.0,
lothstrasse,dlinear,spring_2024,450,18,,2.0,
lothstrasse,dlinear,spring_2024,451,18,,2.0,
lothstrasse,dlinear,spring_2024,452,18,,1.0,
lothstrasse,dlinear,spring_2024,453,18,,1.0,
lothstrasse,dlinear,spring_2024,454,18,,1.0,
lothstrasse,dlinear,spring_2024,455,18,,0.9,
lothstrasse,dlinear,spring_2024,456,19,,0.8,
lothstrasse,dlinear,spring_2024,457,19,,0.8,
lothstrasse,dlinear,spring_2024,458,19,,0.9,
lothstrasse,dlinear,spring_2024,459,19,,0.9,
lothstrasse,dlinear,spring_2024,460,19,,0.8,
lothstrasse,dlinear,spring_2024,461,19,,1.0,
lothstrasse,dlinear,spring_2024,462,19,,1.0,
lothstrasse,dlinear,spring_2024,463,19,,1.0,
lothstrasse,dlinear,spring_2024,464,19,,1.0,
lothstrasse,dlinear,spring_2024,465,19,,2.0,
lothstrasse,dlinear,spring_2024,466,19,,2.0,
lothstrasse,dlinear,spring_2024,467,19,,2.0,
lothstrasse,dlinear,spring_2024,468,19,,2.0,
lothstrasse,dlinear,spring_2024,469,19,,2.0,
lothstrasse,dlinear,spring_2024,470,19,,2.0,
lothstrasse,dlinear,spring_2024,471,19,,3.0,
lothstrasse,dlinear,spring_2024,472,19,,3.0,
lothstrasse,dlinear,spring_2024,473,19,,3.0,
lothstrasse,dlinear,spring_2024,474,19,,3.0,
lothstrasse,dlinear,spring_2024,475,19,,4.0,
lothstrasse,dlinear,spring_2024,476,19,,5.0,
lothstrasse,dlinear,spring_2024,477,19,,5.0,
lothstrasse,dlinear,spring_2024,478,19,,5.0,
lothstrasse,dlinear,spring_2024,479,19,,6.0,
lothstrasse,dlinear,spring_2024,480,20,,8.0,
lothstrasse,dlinear,spring_2024,481,20,,9.0,
lothstrasse,dlinear,spring_2024,482,20,,10.0,
lothstrasse,dlinear,spring_2024,483,20,,11.0,
lothstrasse,dlinear,spring_2024,484,20,,10.0,
lothstrasse,dlinear,spring_2024,485,20,,9.0,
lothstrasse,dlinear,spring_2024,486,20,,9.0,
lothstrasse,dlinear,spring_2024,487,20,,9.0,
lothstrasse,dlinear,spring_2024,488,20,,6.0,
lothstrasse,dlinear,spring_2024,489,20,,6.0,
lothstrasse,dlinear,spring_2024,490,20,,7.0,
lothstrasse,dlinear,spring_2024,491,20,,6.0,
lothstrasse,dlinear,spring_2024,492,20,,6.0,
lothstrasse,dlinear,spring_2024,493,20,,7.0,
lothstrasse,dlinear,spring_2024,494,20,,7.0,
lothstrasse,dlinear,spring_2024,495,20,,8.0,
lothstrasse,dlinear,spring_2024,496,20,,9.0,
lothstrasse,dlinear,spring_2024,497,20,,10.0,
lothstrasse,dlinear,spring_2024,498,20,,10.0,
lothstrasse,dlinear,spring_2024,499,20,,12.0,
lothstrasse,dlinear,spring_2024,500,20,,13.0,
lothstrasse,dlinear,spring_2024,501,20,,14.0,
lothstrasse,dlinear,spring_2024,502,20,,14.0,
lothstrasse,dlinear,spring_2024,503,20,,12.0,
lothstrasse,dlinear,spring_2024,504,21,,11.0,
lothstrasse,dlinear,spring_2024,505,21,,11.0,
lothstrasse,dlinear,spring_2024,506,21,,11.0,
lothstrasse,dlinear,spring_2024,507,21,,11.0,
lothstrasse,dlinear,spring_2024,508,21,,10.0,
lothstrasse,dlinear,spring_2024,509,21,,8.0,
lothstrasse,dlinear,spring_2024,510,21,,7.0,
lothstrasse,dlinear,spring_2024,511,21,,7.0,
lothstrasse,dlinear,spring_2024,512,21,,8.0,
lothstrasse,dlinear,spring_2024,513,21,,8.0,
lothstrasse,dlinear,spring_2024,514,21,,10.0,
lothstrasse,dlinear,spring_2024,515,21,,9.0,
lothstrasse,dlinear,spring_2024,516,21,,9.0,
lothstrasse,dlinear,spring_2024,517,21,,8.0,
lothstrasse,dlinear,spring_2024,518,21,,11.0,
lothstrasse,dlinear,spring_2024,519,21,,10.0,
lothstrasse,dlinear,spring_2024,520,21,,19.0,
lothstrasse,dlinear,spring_2024,521,21,,15.0,
lothstrasse,dlinear,spring_2024,522,21,,17.0,
lothstrasse,dlinear,spring_2024,523,21,,15.0,
lothstrasse,dlinear,spring_2024,524,21,,16.0,
lothstrasse,dlinear,spring_2024,525,21,,16.0,
lothstrasse,dlinear,spring_2024,526,21,,16.0,
lothstrasse,dlinear,spring_2024,527,21,,15.9675,
lothstrasse,dlinear,spring_2024,528,22,,15.935,
lothstrasse,dlinear,spring_2024,529,22,,15.9025,
lothstrasse,dlinear,spring_2024,530,22,,15.87,
lothstrasse,dlinear,spring_2024,531,22,,15.8375,
lothstrasse,dlinear,spring_2024,532,22,,15.805,
lothstrasse,dlinear,spring_2024,533,22,,12.0,
lothstrasse,dlinear,spring_2024,534,22,,14.0,
lothstrasse,dlinear,spring_2024,535,22,,16.0,
lothstrasse,dlinear,spring_2024,536,22,,17.0,
lothstrasse,dlinear,spring_2024,537,22,,17.0,
lothstrasse,dlinear,spring_2024,538,22,,16.0,
lothstrasse,dlinear,spring_2024,539,22,,13.0,
lothstrasse,dlinear,spring_2024,540,22,,12.0,
lothstrasse,dlinear,spring_2024,541,22,,10.0,
lothstrasse,dlinear,spring_2024,542,22,,10.0,
lothstrasse,dlinear,spring_2024,543,22,,9.0,
lothstrasse,dlinear,spring_2024,544,22,,9.0,
lothstrasse,dlinear,spring_2024,545,22,,8.0,
lothstrasse,dlinear,spring_2024,546,22,,7.0,
lothstrasse,dlinear,spring_2024,547,22,,9.0,
lothstrasse,dlinear,spring_2024,548,22,,9.0,
lothstrasse,dlinear,spring_2024,549,22,,7.0,
lothstrasse,dlinear,spring_2024,550,22,,7.0,
lothstrasse,dlinear,spring_2024,551,22,,8.0,
lothstrasse,dlinear,spring_2024,552,23,,8.0,
lothstrasse,dlinear,spring_2024,553,23,,8.0,
lothstrasse,dlinear,spring_2024,554,23,,8.0,
lothstrasse,dlinear,spring_2024,555,23,,10.0,
lothstrasse,dlinear,spring_2024,556,23,,9.0,
lothstrasse,dlinear,spring_2024,557,23,,9.0,
lothstrasse,dlinear,spring_2024,558,23,,10.0,
lothstrasse,dlinear,spring_2024,559,23,,9.0,
lothstrasse,dlinear,spring_2024,560,23,,9.0,
lothstrasse,dlinear,spring_2024,561,23,,9.0,
lothstrasse,dlinear,spring_2024,562,23,,10.0,
lothstrasse,dlinear,spring_2024,563,23,,7.0,
lothstrasse,dlinear,spring_2024,564,23,,6.0,
lothstrasse,dlinear,spring_2024,565,23,,5.0,
lothstrasse,dlinear,spring_2024,566,23,,5.0,
lothstrasse,dlinear,spring_2024,567,23,,5.0,
lothstrasse,dlinear,spring_2024,568,23,,5.0,
lothstrasse,dlinear,spring_2024,569,23,,5.0,
lothstrasse,dlinear,spring_2024,570,23,,5.0,
lothstrasse,dlinear,spring_2024,571,23,,4.0,
lothstrasse,dlinear,spring_2024,572,23,,4.0,
lothstrasse,dlinear,spring_2024,573,23,,4.0,
lothstrasse,dlinear,spring_2024,574,23,,4.0,
lothstrasse,dlinear,spring_2024,575,23,,4.0,
lothstrasse,dlinear,spring_2024,576,24,,4.0,
lothstrasse,dlinear,spring_2024,577,24,,3.0,
lothstrasse,dlinear,spring_2024,578,24,,3.0,
lothstrasse,dlinear,spring_2024,579,24,,3.0,
lothstrasse,dlinear,spring_2024,580,24,,4.0,
lothstrasse,dlinear,spring_2024,581,24,,4.0,
lothstrasse,dlinear,spring_2024,582,24,,4.0,
lothstrasse,dlinear,spring_2024,583,24,,6.0,
lothstrasse,dlinear,spring_2024,584,24,,4.0,
lothstrasse,dlinear,spring_2024,585,24,,3.0,
lothstrasse,dlinear,spring_2024,586,24,,3.0,
lothstrasse,dlinear,spring_2024,587,24,,2.0,
lothstrasse,dlinear,spring_2024,588,24,,1.0,
lothstrasse,dlinear,spring_2024,589,24,,1.0,
lothstrasse,dlinear,spring_2024,590,24,,0.7,
lothstrasse,dlinear,spring_2024,591,24,,0.6,
lothstrasse,dlinear,spring_2024,592,24,,0.5,
lothstrasse,dlinear,spring_2024,593,24,,0.6,
lothstrasse,dlinear,spring_2024,594,24,,0.6,
lothstrasse,dlinear,spring_2024,595,24,,0.7,
lothstrasse,dlinear,spring_2024,596,24,,0.8,
lothstrasse,dlinear,spring_2024,597,24,,0.8,
lothstrasse,dlinear,spring_2024,598,24,,0.9,
lothstrasse,dlinear,spring_2024,599,24,,0.8,
lothstrasse,dlinear,spring_2024,600,25,,0.9,
lothstrasse,dlinear,spring_2024,601,25,,1.0,
lothstrasse,dlinear,spring_2024,602,25,,1.0,
lothstrasse,dlinear,spring_2024,603,25,,2.0,
lothstrasse,dlinear,spring_2024,604,25,,2.0,
lothstrasse,dlinear,spring_2024,605,25,,2.0,
lothstrasse,dlinear,spring_2024,606,25,,2.0,
lothstrasse,dlinear,spring_2024,607,25,,3.0,
lothstrasse,dlinear,spring_2024,608,25,,4.0,
lothstrasse,dlinear,spring_2024,609,25,,4.0,
lothstrasse,dlinear,spring_2024,610,25,,4.0,
lothstrasse,dlinear,spring_2024,611,25,,4.0,
lothstrasse,dlinear,spring_2024,612,25,,4.0,
lothstrasse,dlinear,spring_2024,613,25,,4.0,
lothstrasse,dlinear,spring_2024,614,25,,4.0,
lothstrasse,dlinear,spring_2024,615,25,,3.0,
lothstrasse,dlinear,spring_2024,616,25,,2.0,
lothstrasse,dlinear,spring_2024,617,25,,2.0,
lothstrasse,dlinear,spring_2024,618,25,,2.0,
lothstrasse,dlinear,spring_2024,619,25,,2.0,
lothstrasse,dlinear,spring_2024,620,25,,2.0,
lothstrasse,dlinear,spring_2024,621,25,,1.0,
lothstrasse,dlinear,spring_2024,622,25,,1.0,
lothstrasse,dlinear,spring_2024,623,25,,2.0,
lothstrasse,dlinear,spring_2024,624,26,,3.0,
lothstrasse,dlinear,spring_2024,625,26,,3.0,
lothstrasse,dlinear,spring_2024,626,26,,4.0,
lothstrasse,dlinear,spring_2024,627,26,,4.0,
lothstrasse,dlinear,spring_2024,628,26,,4.0,
lothstrasse,dlinear,spring_2024,629,26,,4.0,
lothstrasse,dlinear,spring_2024,630,26,,5.0,
lothstrasse,dlinear,spring_2024,631,26,,7.0,
lothstrasse,dlinear,spring_2024,632,26,,7.0,
lothstrasse,dlinear,spring_2024,633,26,,8.0,
lothstrasse,dlinear,spring_2024,634,26,,10.0,
lothstrasse,dlinear,spring_2024,635,26,,12.0,
lothstrasse,dlinear,spring_2024,636,26,,12.0,
lothstrasse,dlinear,spring_2024,637,26,,10.0,
lothstrasse,dlinear,spring_2024,638,26,,10.0,
lothstrasse,dlinear,summer_2024,0,0,2.995546864176223,2.0,0.9955468641762231
lothstrasse,dlinear,summer_2024,1,0,3.6247295886986706,2.0,1.6247295886986706
lothstrasse,dlinear,summer_2024,2,0,3.6402701314101655,2.0,1.6402701314101655
lothstrasse,dlinear,summer_2024,3,0,3.301635166725131,2.0,1.3016351667251311
lothstrasse,dlinear,summer_2024,4,0,3.147415290465959,1.0,2.147415290465959
lothstrasse,dlinear,summer_2024,5,0,2.8733529036473335,1.0,1.8733529036473335
lothstrasse,dlinear,summer_2024,6,0,2.76452818591544,2.0,0.7645281859154398
lothstrasse,dlinear,summer_2024,7,0,2.8003395976007774,1.0,1.8003395976007774
lothstrasse,dlinear,summer_2024,8,0,2.8978072755585957,2.0,0.8978072755585957
lothstrasse,dlinear,summer_2024,9,0,3.02057339803358,3.0,0.020573398033580048
lothstrasse,dlinear,summer_2024,10,0,3.518059488643688,4.0,0.4819405113563122
lothstrasse,dlinear,summer_2024,11,0,3.8004744393333225,4.0,0.19952556066667748
lothstrasse,dlinear,summer_2024,12,0,3.3846312245317867,4.0,0.6153687754682133
lothstrasse,dlinear,summer_2024,13,0,3.0196961241174693,5.0,1.9803038758825307
lothstrasse,dlinear,summer_2024,14,0,2.6752558673743962,6.0,3.3247441326256038
lothstrasse,dlinear,summer_2024,15,0,2.6279748165477104,6.0,3.3720251834522896
lothstrasse,dlinear,summer_2024,16,0,3.162801476261898,6.0,2.837198523738102
lothstrasse,dlinear,summer_2024,17,0,5.42961484534137,9.0,3.57038515465863
lothstrasse,dlinear,summer_2024,18,0,6.498354485712198,5.0,1.4983544857121984
lothstrasse,dlinear,summer_2024,19,0,6.422385058185057,4.0,2.422385058185057
lothstrasse,dlinear,summer_2024,20,0,5.933152063178419,4.0,1.9331520631784187
lothstrasse,dlinear,summer_2024,21,0,5.317668168723484,5.0,0.31766816872348436
lothstrasse,dlinear,summer_2024,22,0,4.864277176134756,4.0,0.8642771761347561
lothstrasse,dlinear,summer_2024,23,0,4.53930617516481,4.0,0.5393061751648096
lothstrasse,dlinear,summer_2024,24,1,4.447147111277488,4.0,0.44714711127748785
lothstrasse,dlinear,summer_2024,25,1,4.957801578948172,4.0,0.957801578948172
lothstrasse,dlinear,summer_2024,26,1,5.399249333417519,3.0,2.3992493334175187
lothstrasse,dlinear,summer_2024,27,1,5.998018289043405,3.0,2.9980182890434053
lothstrasse,dlinear,summer_2024,28,1,6.788869209707402,3.0,3.7888692097074017
lothstrasse,dlinear,summer_2024,29,1,7.02664802479215,2.0,5.02664802479215
lothstrasse,dlinear,summer_2024,30,1,6.7231189695716225,2.0,4.7231189695716225
lothstrasse,dlinear,summer_2024,31,1,6.269834298103767,2.0,4.269834298103767
lothstrasse,dlinear,summer_2024,32,1,5.772002878533389,3.0,2.772002878533389
lothstrasse,dlinear,summer_2024,33,1,5.207691244074307,4.0,1.207691244074307
lothstrasse,dlinear,summer_2024,34,1,4.724422626411755,4.0,0.724422626411755
lothstrasse,dlinear,summer_2024,35,1,4.033083152357836,4.0,0.0330831523578361
lothstrasse,dlinear,summer_2024,36,1,3.88776216597545,5.0,1.1122378340245498
lothstrasse,dlinear,summer_2024,37,1,3.965720885426562,5.0,1.034279114573438
lothstrasse,dlinear,summer_2024,38,1,3.6607207156400823,3.0,0.6607207156400823
lothstrasse,dlinear,summer_2024,39,1,3.7139592551500598,3.0,0.7139592551500598
lothstrasse,dlinear,summer_2024,40,1,3.927538891977823,4.0,0.07246110802217709
lothstrasse,dlinear,summer_2024,41,1,4.203996234354943,5.0,0.7960037656450574
lothstrasse,dlinear,summer_2024,42,1,4.406961648080929,5.0,0.5930383519190707
lothstrasse,dlinear,summer_2024,43,1,4.652667357516734,4.0,0.6526673575167337
lothstrasse,dlinear,summer_2024,44,1,5.425711591363294,3.0,2.425711591363294
lothstrasse,dlinear,summer_2024,45,1,6.249112187309832,4.0,2.249112187309832
lothstrasse,dlinear,summer_2024,46,1,6.308906055235742,3.0,3.3089060552357417
lothstrasse,dlinear,summer_2024,47,1,5.793024777931521,2.0,3.793024777931521
lothstrasse,dlinear,summer_2024,48,2,5.784260874355067,3.0,2.784260874355067
lothstrasse,dlinear,summer_2024,49,2,5.552183700247739,3.0,2.552183700247739
lothstrasse,dlinear,summer_2024,50,2,4.8213243640818915,2.0,2.8213243640818915
lothstrasse,dlinear,summer_2024,51,2,4.2304157787924055,2.0,2.2304157787924055
lothstrasse,dlinear,summer_2024,52,2,3.8612464847840666,2.0,1.8612464847840666
lothstrasse,dlinear,summer_2024,53,2,3.7708029185258303,1.0,2.7708029185258303
lothstrasse,dlinear,summer_2024,54,2,3.681058014694016,1.0,2.681058014694016
lothstrasse,dlinear,summer_2024,55,2,3.3139258051274956,1.0,2.3139258051274956
lothstrasse,dlinear,summer_2024,56,2,2.7885526697965206,1.0,1.7885526697965206
lothstrasse,dlinear,summer_2024,57,2,2.1319340575466867,1.0,1.1319340575466867
lothstrasse,dlinear,summer_2024,58,2,2.02930883157945,2.0,0.02930883157945008
lothstrasse,dlinear,summer_2024,59,2,1.9055213517476988,2.0,0.09447864825230123
lothstrasse,dlinear,summer_2024,60,2,1.6276469208351658,2.0,0.3723530791648342
lothstrasse,dlinear,summer_2024,61,2,1.6417300718249699,3.0,1.3582699281750301
lothstrasse,dlinear,summer_2024,62,2,1.9629992564831769,2.0,0.03700074351682314
lothstrasse,dlinear,summer_2024,63,2,2.1347120912154027,1.0,1.1347120912154027
lothstrasse,dlinear,summer_2024,64,2,2.3048274295070543,1.0,1.3048274295070543
lothstrasse,dlinear,summer_2024,65,2,2.530950497776337,2.0,0.5309504977763368
lothstrasse,dlinear,summer_2024,66,2,2.652887865847802,1.0,1.6528878658478021
lothstrasse,dlinear,summer_2024,67,2,2.9483693864232783,2.0,0.9483693864232783
lothstrasse,dlinear,summer_2024,68,2,3.094750344449502,2.0,1.0947503444495021
lothstrasse,dlinear,summer_2024,69,2,3.1060601657570537,2.0,1.1060601657570537
lothstrasse,dlinear,summer_2024,70,2,2.595220886444227,1.0,1.5952208864442272
lothstrasse,dlinear,summer_2024,71,2,1.9121951100744865,1.0,0.9121951100744865
lothstrasse,dlinear,summer_2024,72,3,1.6019728723164328,1.0,0.6019728723164328
lothstrasse,dlinear,summer_2024,73,3,1.5127259582949453,1.0,0.5127259582949453
lothstrasse,dlinear,summer_2024,74,3,1.3335040201008659,1.0,0.3335040201008659
lothstrasse,dlinear,summer_2024,75,3,1.430265784557867,2.0,0.569734215442133
lothstrasse,dlinear,summer_2024,76,3,1.613151417911181,2.0,0.386848582088819
lothstrasse,dlinear,summer_2024,77,3,1.7874854736073869,3.0,1.2125145263926131
lothstrasse,dlinear,summer_2024,78,3,1.9998545527103078,3.0,1.0001454472896922
lothstrasse,dlinear,summer_2024,79,3,2.2543536556821158,5.0,2.7456463443178842
lothstrasse,dlinear,summer_2024,80,3,2.2998359626158846,5.0,2.7001640373841154
lothstrasse,dlinear,summer_2024,81,3,2.161288208671181,6.0,3.838711791328819
lothstrasse,dlinear,summer_2024,82,3,2.1795169440960533,7.0,4.820483055903947
lothstrasse,dlinear,summer_2024,83,3,2.171118031106077,8.0,5.828881968893922
lothstrasse,dlinear,summer_2024,84,3,2.2438687829632924,5.0,2.7561312170367076
lothstrasse,dlinear,summer_2024,85,3,2.153921996416658,3.0,0.846078003583342
lothstrasse,dlinear,summer_2024,86,3,2.2594801176121515,3.0,0.7405198823878485
lothstrasse,dlinear,summer_2024,87,3,2.4098297395827633,4.0,1.5901702604172367
lothstrasse,dlinear,summer_2024,88,3,2.4520304825866206,5.0,2.5479695174133794
lothstrasse,dlinear,summer_2024,89,3,2.655876126465149,5.0,2.344123873534851
lothstrasse,dlinear,summer_2024,90,3,2.9262445834834976,3.0,0.07375541651650241
lothstrasse,dlinear,summer_2024,91,3,3.2036320176633093,3.0,0.2036320176633093
lothstrasse,dlinear,summer_2024,92,3,3.1843413621450747,2.0,1.1843413621450747
lothstrasse,dlinear,summer_2024,93,3,2.938794519678933,2.0,0.9387945196789329
lothstrasse,dlinear,summer_2024,94,3,2.901344252134268,2.0,0.901344252134268
lothstrasse,dlinear,summer_2024,95,3,3.006918359038106,3.0,0.006918359038106114
lothstrasse,dlinear,summer_2024,96,4,3.1916786171622924,3.0,0.1916786171622924
lothstrasse,dlinear,summer_2024,97,4,3.31923050295231,2.0,1.3192305029523101
lothstrasse,dlinear,summer_2024,98,4,3.2398704578107758,2.0,1.2398704578107758
lothstrasse,dlinear,summer_2024,99,4,3.102338323292635,2.0,1.102338323292635
lothstrasse,dlinear,summer_2024,100,4,2.9450676469164963,2.0,0.9450676469164963
lothstrasse,dlinear,summer_2024,101,4,2.882038771007536,2.0,0.8820387710075361
lothstrasse,dlinear,summer_2024,102,4,2.9152810669994365,2.0,0.9152810669994365
lothstrasse,dlinear,summer_2024,103,4,3.0850779819227885,2.0,1.0850779819227885
lothstrasse,dlinear,summer_2024,104,4,2.8529415822773325,2.0,0.8529415822773325
lothstrasse,dlinear,summer_2024,105,4,2.5648681261117434,2.0,0.5648681261117434
lothstrasse,dlinear,summer_2024,106,4,2.408043256419405,2.0,0.408043256419405
lothstrasse,dlinear,summer_2024,107,4,2.2692148467900664,3.0,0.7307851532099336
lothstrasse,dlinear,summer_2024,108,4,2.3529317679280934,5.0,2.6470682320719066
lothstrasse,dlinear,summer_2024,109,4,2.4710931396575546,4.0,1.5289068603424454
lothstrasse,dlinear,summer_2024,110,4,2.6563165332331873,5.0,2.3436834667668127
lothstrasse,dlinear,summer_2024,111,4,2.978777291683878,6.0,3.021222708316122
lothstrasse,dlinear,summer_2024,112,4,3.4016977030584643,5.0,1.5983022969415357
lothstrasse,dlinear,summer_2024,113,4,3.6032773248237056,4.0,0.39672267517629445
lothstrasse,dlinear,summer_2024,114,4,3.897777548731856,5.0,1.102222451268144
lothstrasse,dlinear,summer_2024,115,4,4.451304675220254,7.0,2.5486953247797457
lothstrasse,dlinear,summer_2024,116,4,5.256595324135102,5.0,0.2565953241351018
lothstrasse,dlinear,summer_2024,117,4,6.01768398117974,7.0,0.98231601882026
lothstrasse,dlinear,summer_2024,118,4,6.467967983928702,5.0,1.4679679839287019
lothstrasse,dlinear,summer_2024,119,4,6.580691402716494,5.0,1.5806914027164938
lothstrasse,dlinear,summer_2024,120,5,7.097614528842463,8.0,0.9023854711575368
lothstrasse,dlinear,summer_2024,121,5,7.4741796317011095,8.0,0.5258203682988905
lothstrasse,dlinear,summer_2024,122,5,7.532704712054448,6.0,1.5327047120544481
lothstrasse,dlinear,summer_2024,123,5,7.389729760413081,3.0,4.389729760413081
lothstrasse,dlinear,summer_2024,124,5,7.279079661290442,3.0,4.279079661290442
lothstrasse,dlinear,summer_2024,125,5,7.27579552636962,2.0,5.27579552636962
lothstrasse,dlinear,summer_2024,126,5,6.792478050128482,3.0,3.792478050128482
lothstrasse,dlinear,summer_2024,127,5,5.8830698691738625,5.0,0.8830698691738625
lothstrasse,dlinear,summer_2024,128,5,5.169630009462825,6.0,0.8303699905371751
lothstrasse,dlinear,summer_2024,129,5,4.83481210411529,6.0,1.16518789588471
lothstrasse,dlinear,summer_2024,130,5,4.694387935303667,6.0,1.3056120646963327
lothstrasse,dlinear,summer_2024,131,5,4.81080727364334,6.0,1.1891927263566604
lothstrasse,dlinear,summer_2024,132,5,5.061443084759393,8.0,2.938556915240607
lothstrasse,dlinear,summer_2024,133,5,5.558172451960612,8.0,2.441827548039388
lothstrasse,dlinear,summer_2024,134,5,5.843014344778025,8.0,2.156985655221975
lothstrasse,dlinear,summer_2024,135,5,7.32418063039427,7.0,0.32418063039427025
lothstrasse,dlinear,summer_2024,136,5,9.640543008722982,7.0,2.6405430087229824
lothstrasse,dlinear,summer_2024,137,5,9.781493010538378,6.0,3.7814930105383784
lothstrasse,dlinear,summer_2024,138,5,8.772179703103301,6.0,2.7721797031033013
lothstrasse,dlinear,summer_2024,139,5,7.267360439175987,5.0,2.267360439175987
lothstrasse,dlinear,summer_2024,140,5,6.254198564567977,5.0,1.254198564567977
lothstrasse,dlinear,summer_2024,141,5,6.018693100287318,4.0,2.018693100287318
lothstrasse,dlinear,summer_2024,142,5,5.5961491458196475,4.0,1.5961491458196475
lothstrasse,dlinear,summer_2024,143,5,4.744389163846327,3.0,1.7443891638463267
lothstrasse,dlinear,summer_2024,144,6,4.021891656999256,1.0,3.021891656999256
lothstrasse,dlinear,summer_2024,145,6,3.508505039677952,1.0,2.508505039677952
lothstrasse,dlinear,summer_2024,146,6,3.3122585062306418,2.0,1.3122585062306418
lothstrasse,dlinear,summer_2024,147,6,3.7758617437653177,2.0,1.7758617437653177
lothstrasse,dlinear,summer_2024,148,6,4.118776022838916,3.0,1.118776022838916
lothstrasse,dlinear,summer_2024,149,6,4.112231746641575,3.0,1.1122317466415748
lothstrasse,dlinear,summer_2024,150,6,3.9331252356778315,3.0,0.9331252356778315
lothstrasse,dlinear,summer_2024,151,6,3.593102175125893,2.0,1.593102175125893
lothstrasse,dlinear,summer_2024,152,6,3.576148275785703,3.0,0.576148275785703
lothstrasse,dlinear,summer_2024,153,6,3.7588685205444587,2.0,1.7588685205444587
lothstrasse,dlinear,summer_2024,154,6,4.201211761158704,2.0,2.201211761158704
lothstrasse,dlinear,summer_2024,155,6,4.602631773942321,3.0,1.6026317739423206
lothstrasse,dlinear,summer_2024,156,6,4.667909861716661,3.0,1.6679098617166606
lothstrasse,dlinear,summer_2024,157,6,4.472192230559379,2.0,2.4721922305593793
lothstrasse,dlinear,summer_2024,158,6,3.9858024517324884,2.0,1.9858024517324884
lothstrasse,dlinear,summer_2024,159,6,3.534052605094338,2.0,1.5340526050943382
lothstrasse,dlinear,summer_2024,160,6,3.696548593955561,5.0,1.3034514060444389
lothstrasse,dlinear,summer_2024,161,6,3.7356835006644684,4.0,0.2643164993355316
lothstrasse,dlinear,summer_2024,162,6,3.735191705845765,3.0,0.7351917058457649
lothstrasse,dlinear,summer_2024,163,6,3.731209548064353,2.0,1.7312095480643528
lothstrasse,dlinear,summer_2024,164,6,3.8378724833279994,2.0,1.8378724833279994
lothstrasse,dlinear,summer_2024,165,6,3.9601584692391114,2.0,1.9601584692391114
lothstrasse,dlinear,summer_2024,166,6,4.064207160058459,2.0,2.0642071600584586
lothstrasse,dlinear,summer_2024,167,6,4.376589642732479,2.0,2.376589642732479
lothstrasse,dlinear,summer_2024,168,7,4.760778311295912,3.0,1.760778311295912
lothstrasse,dlinear,summer_2024,169,7,5.160406814895843,3.0,2.1604068148958433
lothstrasse,dlinear,summer_2024,170,7,5.396055194781971,3.0,2.3960551947819706
lothstrasse,dlinear,summer_2024,171,7,5.687947915201256,4.0,1.6879479152012564
lothstrasse,dlinear,summer_2024,172,7,5.798762050882692,5.0,0.7987620508826918
lothstrasse,dlinear,summer_2024,173,7,5.996539120446511,5.0,0.9965391204465108
lothstrasse,dlinear,summer_2024,174,7,6.15570059399339,3.0,3.15570059399339
lothstrasse,dlinear,summer_2024,175,7,6.185998714744931,4.0,2.1859987147449313
lothstrasse,dlinear,summer_2024,176,7,5.548952570182257,3.0,2.548952570182257
lothstrasse,dlinear,summer_2024,177,7,4.442983572631283,2.0,2.4429835726312827
lothstrasse,dlinear,summer_2024,178,7,3.707711104175282,2.0,1.707711104175282
lothstrasse,dlinear,summer_2024,179,7,3.2613269714992246,2.0,1.2613269714992246
lothstrasse,dlinear,summer_2024,180,7,3.0597665399276948,3.0,0.05976653992769476
lothstrasse,dlinear,summer_2024,181,7,3.2256670314852194,4.0,0.7743329685147806
lothstrasse,dlinear,summer_2024,182,7,3.4652567920238533,6.0,2.5347432079761467
lothstrasse,dlinear,summer_2024,183,7,4.095513761710402,8.0,3.904486238289598
lothstrasse,dlinear,summer_2024,184,7,4.791440490232357,11.0,6.208559509767643
lothstrasse,dlinear,summer_2024,185,7,5.0426372660463175,8.0,2.9573627339536825
lothstrasse,dlinear,summer_2024,186,7,5.2198300161474185,8.0,2.7801699838525815
lothstrasse,dlinear,summer_2024,187,7,5.6143826811811115,8.0,2.3856173188188885
lothstrasse,dlinear,summer_2024,188,7,6.796166760580046,7.0,0.20383323941995357
lothstrasse,dlinear,summer_2024,189,7,7.8664731806654595,5.0,2.8664731806654595
lothstrasse,dlinear,summer_2024,190,7,8.353939249515538,5.0,3.3539392495155376
lothstrasse,dlinear,summer_2024,191,7,8.940880866244699,5.0,3.940880866244699
lothstrasse,dlinear,summer_2024,192,8,9.439183222788785,7.0,2.4391832227887846
lothstrasse,dlinear,summer_2024,193,8,9.693259357634348,9.0,0.6932593576343482
lothstrasse,dlinear,summer_2024,194,8,9.932699778265697,8.0,1.9326997782656967
lothstrasse,dlinear,summer_2024,195,8,9.918517391261293,10.0,0.08148260873870683
lothstrasse,dlinear,summer_2024,196,8,9.790248216228614,9.0,0.7902482162286137
lothstrasse,dlinear,summer_2024,197,8,9.4599652695209,7.0,2.4599652695209
lothstrasse,dlinear,summer_2024,198,8,8.480052468233362,6.0,2.480052468233362
lothstrasse,dlinear,summer_2024,199,8,6.873343279242523,5.0,1.8733432792425226
lothstrasse,dlinear,summer_2024,200,8,5.673824173764514,5.0,0.6738241737645136
lothstrasse,dlinear,summer_2024,201,8,5.6304975644794455,7.0,1.3695024355205545
lothstrasse,dlinear,summer_2024,202,8,5.98516769248573,8.0,2.0148323075142702
lothstrasse,dlinear,summer_2024,203,8,6.193487205730672,6.0,0.1934872057306718
lothstrasse,dlinear,summer_2024,204,8,6.17639188040934,5.0,1.1763918804093398
lothstrasse,dlinear,summer_2024,205,8,6.02707920897181,5.0,1.0270792089718102
lothstrasse,dlinear,summer_2024,206,8,5.94952136939032,6.0,0.05047863060968005
lothstrasse,dlinear,summer_2024,207,8,6.639440544593352,8.0,1.3605594554066478
lothstrasse,dlinear,summer_2024,208,8,7.948683646657427,9.0,1.051316353342573
lothstrasse,dlinear,summer_2024,209,8,9.213547575396587,11.0,1.7864524246034126
lothstrasse,dlinear,summer_2024,210,8,10.733305871486323,11.0,0.26669412851367724
lothstrasse,dlinear,summer_2024,211,8,11.903845934444748,12.0,0.09615406555525219
lothstrasse,dlinear,summer_2024,212,8,12.097668020768454,14.0,1.9023319792315458
lothstrasse,dlinear,summer_2024,213,8,12.268825667530304,15.0,2.7311743324696955
lothstrasse,dlinear,summer_2024,214,8,13.735558629615435,14.0,0.2644413703845654
lothstrasse,dlinear,summer_2024,215,8,15.69966072655063,15.0,0.6996607265506292
lothstrasse,dlinear,summer_2024,216,9,15.758790257094832,17.0,1.241209742905168
lothstrasse,dlinear,summer_2024,217,9,14.813219385441169,16.0,1.186780614558831
lothstrasse,dlinear,summer_2024,218,9,14.061677171098852,13.0,1.061677171098852
lothstrasse,dlinear,summer_2024,219,9,14.174176082855094,13.0,1.1741760828550944
lothstrasse,dlinear,summer_2024,220,9,14.144025000369101,12.0,2.1440250003691013
lothstrasse,dlinear,summer_2024,221,9,13.282781264984044,8.0,5.2827812649840435
lothstrasse,dlinear,summer_2024,222,9,11.65749764712507,6.0,5.657497647125069
lothstrasse,dlinear,summer_2024,223,9,9.940512187663726,5.0,4.940512187663726
lothstrasse,dlinear,summer_2024,224,9,9.082426725425794,6.0,3.082426725425794
lothstrasse,dlinear,summer_2024,225,9,9.089364821832902,8.0,1.089364821832902
lothstrasse,dlinear,summer_2024,226,9,8.82775151922587,7.0,1.8277515192258704
lothstrasse,dlinear,summer_2024,227,9,8.299302884469569,6.0,2.2993028844695687
lothstrasse,dlinear,summer_2024,228,9,7.770652332361981,6.0,1.7706523323619807
lothstrasse,dlinear,summer_2024,229,9,7.5568867316420665,6.0,1.5568867316420665
lothstrasse,dlinear,summer_2024,230,9,7.858188505413855,8.0,0.14181149458614506
lothstrasse,dlinear,summer_2024,231,9,8.346038854421314,8.0,0.3460388544213142
lothstrasse,dlinear,summer_2024,232,9,8.853089168498734,10.0,1.1469108315012662
lothstrasse,dlinear,summer_2024,233,9,8.403510937146537,10.0,1.596489062853463
lothstrasse,dlinear,summer_2024,234,9,7.654443879472289,7.0,0.6544438794722893
lothstrasse,dlinear,summer_2024,235,9,7.772474157271033,7.0,0.7724741572710334
lothstrasse,dlinear,summer_2024,236,9,8.368180655709843,7.0,1.3681806557098426
lothstrasse,dlinear,summer_2024,237,9,8.80727755658822,7.0,1.80727755658822
lothstrasse,dlinear,summer_2024,238,9,8.600151046624784,7.0,1.6001510466247844
lothstrasse,dlinear,summer_2024,239,9,7.849120022400332,5.0,2.8491200224003324
lothstrasse,dlinear,summer_2024,240,10,7.09882908737343,4.0,3.0988290873734297
lothstrasse,dlinear,summer_2024,241,10,6.804282142864283,5.0,1.8042821428642828
lothstrasse,dlinear,summer_2024,242,10,6.615015816355107,5.0,1.6150158163551067
lothstrasse,dlinear,summer_2024,243,10,6.566427947127147,4.0,2.5664279471271474
lothstrasse,dlinear,summer_2024,244,10,6.757624931548717,5.0,1.7576249315487171
lothstrasse,dlinear,summer_2024,245,10,7.04047452796773,8.0,0.9595254720322703
lothstrasse,dlinear,summer_2024,246,10,7.009433624756296,10.0,2.990566375243704
lothstrasse,dlinear,summer_2024,247,10,6.831624754122004,7.0,0.16837524587799635
lothstrasse,dlinear,summer_2024,248,10,7.645455228613309,8.0,0.35454477138669116
lothstrasse,dlinear,summer_2024,249,10,8.902824233703114,11.0,2.0971757662968855
lothstrasse,dlinear,summer_2024,250,10,9.07335718176918,9.0,0.07335718176918071
lothstrasse,dlinear,summer_2024,251,10,9.30841915841712,11.0,1.69158084158288
lothstrasse,dlinear,summer_2024,252,10,9.153612079220306,12.0,2.8463879207796943
lothstrasse,dlinear,summer_2024,253,10,8.40385257061672,9.0,0.5961474293832794
lothstrasse,dlinear,summer_2024,254,10,7.395036623179977,6.0,1.3950366231799771
lothstrasse,dlinear,summer_2024,255,10,6.648146533678146,6.0,0.6481465336781458
lothstrasse,dlinear,summer_2024,256,10,6.160821475153198,8.0,1.839178524846802
lothstrasse,dlinear,summer_2024,257,10,5.705822629246095,9.0,3.2941773707539053
lothstrasse,dlinear,summer_2024,258,10,5.475345487251799,9.0,3.524654512748201
lothstrasse,dlinear,summer_2024,259,10,5.75282731737852,8.0,2.24717268262148
lothstrasse,dlinear,summer_2024,260,10,6.323746396587162,10.0,3.676253603412838
lothstrasse,dlinear,summer_2024,261,10,7.033246422744777,11.0,3.966753577255223
lothstrasse,dlinear,summer_2024,262,10,7.479854127106734,14.0,6.520145872893266
lothstrasse,dlinear,summer_2024,263,10,7.005205527265277,13.0,5.994794472734723
lothstrasse,dlinear,summer_2024,264,11,6.619442253052078,12.0,5.380557746947922
lothstrasse,dlinear,summer_2024,265,11,6.874504265186471,12.0,5.125495734813529
lothstrasse,dlinear,summer_2024,266,11,7.866663522828683,10.0,2.1333364771713166
lothstrasse,dlinear,summer_2024,267,11,8.774979529176173,9.0,0.2250204708238268
lothstrasse,dlinear,summer_2024,268,11,9.033400283345571,9.0,0.033400283345571324
lothstrasse,dlinear,summer_2024,269,11,8.4815335389438,8.0,0.48153353894380047
lothstrasse,dlinear,summer_2024,270,11,7.307141833272474,6.0,1.3071418332724738
lothstrasse,dlinear,summer_2024,271,11,6.508819705253782,6.0,0.5088197052537824
lothstrasse,dlinear,summer_2024,272,11,6.602722651756781,7.0,0.39727734824321903
lothstrasse,dlinear,summer_2024,273,11,6.659905946239293,8.0,1.3400940537607067
lothstrasse,dlinear,summer_2024,274,11,6.540745281792209,7.0,0.4592547182077906
lothstrasse,dlinear,summer_2024,275,11,6.324544426725325,8.0,1.6754555732746752
lothstrasse,dlinear,summer_2024,276,11,5.496177670629711,5.0,0.4961776706297112
lothstrasse,dlinear,summer_2024,277,11,4.7252529378996115,4.0,0.7252529378996115
lothstrasse,dlinear,summer_2024,278,11,4.327969581981842,5.0,0.6720304180181582
lothstrasse,dlinear,summer_2024,279,11,3.93927931416771,4.0,0.060720685832289956
lothstrasse,dlinear,summer_2024,280,11,3.620186870178802,4.0,0.3798131298211982
lothstrasse,dlinear,summer_2024,281,11,3.4667195505020505,4.0,0.5332804494979495
lothstrasse,dlinear,summer_2024,282,11,3.518476615776383,5.0,1.481523384223617
lothstrasse,dlinear,summer_2024,283,11,4.062671806640775,5.0,0.9373281933592246
lothstrasse,dlinear,summer_2024,284,11,4.338717067993393,4.0,0.3387170679933931
lothstrasse,dlinear,summer_2024,285,11,4.2361343728865055,3.0,1.2361343728865055
lothstrasse,dlinear,summer_2024,286,11,3.755160540913954,3.0,0.7551605409139541
lothstrasse,dlinear,summer_2024,287,11,3.2339767170461164,2.0,1.2339767170461164
lothstrasse,dlinear,summer_2024,288,12,3.1131870774402497,2.0,1.1131870774402497
lothstrasse,dlinear,summer_2024,289,12,3.164899434212648,2.0,1.1648994342126482
lothstrasse,dlinear,summer_2024,290,12,3.234879985559852,1.0,2.234879985559852
lothstrasse,dlinear,summer_2024,291,12,3.2048683395308117,1.0,2.2048683395308117
lothstrasse,dlinear,summer_2024,292,12,3.188992924571714,1.0,2.188992924571714
lothstrasse,dlinear,summer_2024,293,12,3.3576209917693887,1.0,2.3576209917693887
lothstrasse,dlinear,summer_2024,294,12,3.2023465166019283,1.0,2.2023465166019283
lothstrasse,dlinear,summer_2024,295,12,2.7991827821683173,1.0,1.7991827821683173
lothstrasse,dlinear,summer_2024,296,12,2.8049152060828693,1.0,1.8049152060828693
lothstrasse,dlinear,summer_2024,297,12,2.9746293879613988,1.0,1.9746293879613988
lothstrasse,dlinear,summer_2024,298,12,3.1565665192314873,1.0,2.1565665192314873
lothstrasse,dlinear,summer_2024,299,12,3.481962776766102,2.0,1.4819627767661019
lothstrasse,dlinear,summer_2024,300,12,3.505942807720931,1.0,2.505942807720931
lothstrasse,dlinear,summer_2024,301,12,3.493237930315785,1.0,2.493237930315785
lothstrasse,dlinear,summer_2024,302,12,4.5304510824336965,2.0,2.5304510824336965
lothstrasse,dlinear,summer_2024,303,12,4.481890712380524,2.0,2.4818907123805243
lothstrasse,dlinear,summer_2024,304,12,4.126306423078587,3.0,1.1263064230785869
lothstrasse,dlinear,summer_2024,305,12,3.8900026913966217,3.0,0.8900026913966217
lothstrasse,dlinear,summer_2024,306,12,4.080455139159054,5.0,0.9195448608409462
lothstrasse,dlinear,summer_2024,307,12,4.559356858334377,5.0,0.4406431416656229
lothstrasse,dlinear,summer_2024,308,12,4.600985231617733,4.0,0.6009852316177327
lothstrasse,dlinear,summer_2024,309,12,4.783503007899013,3.0,1.7835030078990126
lothstrasse,dlinear,summer_2024,310,12,4.730210038555979,2.0,2.7302100385559793
lothstrasse,dlinear,summer_2024,311,12,5.127922369539822,2.0,3.1279223695398217
lothstrasse,dlinear,summer_2024,312,13,5.63513380231455,3.0,2.6351338023145496
lothstrasse,dlinear,summer_2024,313,13,6.091625734723824,3.0,3.0916257347238236
lothstrasse,dlinear,summer_2024,314,13,6.423580843689022,3.0,3.423580843689022
lothstrasse,dlinear,summer_2024,315,13,6.6772833419577635,3.0,3.6772833419577635
lothstrasse,dlinear,summer_2024,316,13,6.877130461475073,4.0,2.8771304614750726
lothstrasse,dlinear,summer_2024,317,13,6.8792364057716044,5.0,1.8792364057716044
lothstrasse,dlinear,summer_2024,318,13,6.62909383077072,7.0,0.3709061692292801
lothstrasse,dlinear,summer_2024,319,13,6.180006432326095,8.0,1.8199935676739054
lothstrasse,dlinear,summer_2024,320,13,5.619353393136126,7.0,1.3806466068638743
lothstrasse,dlinear,summer_2024,321,13,4.958489494482516,8.0,3.0415105055174836
lothstrasse,dlinear,summer_2024,322,13,4.773413870773126,6.0,1.2265861292268738
lothstrasse,dlinear,summer_2024,323,13,4.344279809045717,4.0,0.34427980904571687
lothstrasse,dlinear,summer_2024,324,13,4.1899871992915205,4.0,0.18998719929152053
lothstrasse,dlinear,summer_2024,325,13,4.092541092809094,4.0,0.0925410928090944
lothstrasse,dlinear,summer_2024,326,13,3.7673005463519296,3.0,0.7673005463519296
lothstrasse,dlinear,summer_2024,327,13,3.3562461368825685,3.0,0.35624613688256845
lothstrasse,dlinear,summer_2024,328,13,2.9192293781983336,3.0,0.08077062180166639
lothstrasse,dlinear,summer_2024,329,13,2.7939176140739663,3.0,0.20608238592603367
lothstrasse,dlinear,summer_2024,330,13,2.910795117706524,4.0,1.0892048822934761
lothstrasse,dlinear,summer_2024,331,13,3.373314105508854,4.0,0.6266858944911462
lothstrasse,dlinear,summer_2024,332,13,3.987009626292057,5.0,1.012990373707943
lothstrasse,dlinear,summer_2024,333,13,4.379418220542947,4.0,0.3794182205429468
lothstrasse,dlinear,summer_2024,334,13,4.398446463755954,4.0,0.3984464637559544
lothstrasse,dlinear,summer_2024,335,13,4.726082359401819,5.0,0.2739176405981807
lothstrasse,dlinear,summer_2024,336,14,5.151256067840937,3.0,2.1512560678409374
lothstrasse,dlinear,summer_2024,337,14,5.534802097778491,2.0,3.534802097778491
lothstrasse,dlinear,summer_2024,338,14,6.099253860522256,3.0,3.099253860522256
lothstrasse,dlinear,summer_2024,339,14,6.390831528565409,3.0,3.3908315285654087
lothstrasse,dlinear,summer_2024,340,14,6.793719324156356,2.0,4.793719324156356
lothstrasse,dlinear,summer_2024,341,14,6.893262476080424,2.0,4.893262476080424
lothstrasse,dlinear,summer_2024,342,14,6.233049109951144,3.0,3.2330491099511436
lothstrasse,dlinear,summer_2024,343,14,5.494500158926312,2.0,3.4945001589263116
lothstrasse,dlinear,summer_2024,344,14,5.069341957649867,3.0,2.0693419576498666
lothstrasse,dlinear,summer_2024,345,14,4.852079597555683,4.0,0.852079597555683
lothstrasse,dlinear,summer_2024,346,14,4.988694505957513,6.0,1.011305494042487
lothstrasse,dlinear,summer_2024,347,14,5.217408538304115,6.0,0.7825914616958851
lothstrasse,dlinear,summer_2024,348,14,5.38802826943834,6.0,0.6119717305616597
lothstrasse,dlinear,summer_2024,349,14,5.817657012573831,7.0,1.1823429874261686
lothstrasse,dlinear,summer_2024,350,14,6.223642505372624,6.0,0.22364250537262365
lothstrasse,dlinear,summer_2024,351,14,6.576701996019409,6.0,0.5767019960194091
lothstrasse,dlinear,summer_2024,352,14,7.253850197237272,8.0,0.7461498027627282
lothstrasse,dlinear,summer_2024,353,14,8.07686392265739,11.0,2.92313607734261
lothstrasse,dlinear,summer_2024,354,14,8.787673057777843,11.0,2.212326942222157
lothstrasse,dlinear,summer_2024,355,14,9.55509327967644,11.0,1.4449067203235604
lothstrasse,dlinear,summer_2024,356,14,10.235226525345917,11.0,0.7647734746540831
lothstrasse,dlinear,summer_2024,357,14,10.749181738859074,11.0,0.2508182611409264
lothstrasse,dlinear,summer_2024,358,14,10.836848592411801,11.0,0.1631514075881988
lothstrasse,dlinear,summer_2024,359,14,10.737833585310746,9.0,1.7378335853107458
lothstrasse,dlinear,summer_2024,360,15,9.661715076232586,7.0,2.6617150762325856
lothstrasse,dlinear,summer_2024,361,15,8.482241790226876,6.0,2.482241790226876
lothstrasse,dlinear,summer_2024,362,15,7.603073857850362,6.0,1.6030738578503616
lothstrasse,dlinear,summer_2024,363,15,7.509070664396473,6.0,1.5090706643964733
lothstrasse,dlinear,summer_2024,364,15,7.77181049089962,6.0,1.77181049089962
lothstrasse,dlinear,summer_2024,365,15,7.486375536543791,5.0,2.4863755365437914
lothstrasse,dlinear,summer_2024,366,15,7.255265923267524,4.0,3.2552659232675243
lothstrasse,dlinear,summer_2024,367,15,6.813571935245127,4.0,2.813571935245127
lothstrasse,dlinear,summer_2024,368,15,6.267104738003732,3.0,3.2671047380037317
lothstrasse,dlinear,summer_2024,369,15,6.044844811247223,4.0,2.0448448112472226
lothstrasse,dlinear,summer_2024,370,15,5.970592733156611,4.0,1.9705927331566109
lothstrasse,dlinear,summer_2024,371,15,5.670343055874663,4.0,1.670343055874663
lothstrasse,dlinear,summer_2024,372,15,5.329948311831166,4.0,1.3299483118311661
lothstrasse,dlinear,summer_2024,373,15,4.907734089164188,5.0,0.09226591083581237
lothstrasse,dlinear,summer_2024,374,15,4.606321457658344,5.0,0.39367854234165556
lothstrasse,dlinear,summer_2024,375,15,4.258457114336048,3.0,1.2584571143360481
lothstrasse,dlinear,summer_2024,376,15,4.24069689631024,4.0,0.24069689631024005
lothstrasse,dlinear,summer_2024,377,15,4.297451939470955,5.0,0.7025480605290451
lothstrasse,dlinear,summer_2024,378,15,4.656096607053959,5.0,0.3439033929460411
lothstrasse,dlinear,summer_2024,379,15,5.2576502294298715,5.0,0.2576502294298715
lothstrasse,dlinear,summer_2024,380,15,5.996255743545119,5.0,0.9962557435451194
lothstrasse,dlinear,summer_2024,381,15,6.410396569413054,6.0,0.410396569413054
lothstrasse,dlinear,summer_2024,382,15,5.9655693057450545,5.0,0.9655693057450545
lothstrasse,dlinear,summer_2024,383,15,4.777376353005183,4.0,0.7773763530051827
lothstrasse,dlinear,summer_2024,384,16,4.010814740958526,3.0,1.0108147409585264
lothstrasse,dlinear,summer_2024,385,16,4.03644988817618,3.0,1.03644988817618
lothstrasse,dlinear,summer_2024,386,16,4.446384562081552,2.0,2.446384562081552
lothstrasse,dlinear,summer_2024,387,16,4.587434562534057,2.0,2.5874345625340567
lothstrasse,dlinear,summer_2024,388,16,4.558847682826337,2.0,2.558847682826337
lothstrasse,dlinear,summer_2024,389,16,4.429709773259182,3.0,1.429709773259182
lothstrasse,dlinear,summer_2024,390,16,4.118552033224671,4.0,0.11855203322467123
lothstrasse,dlinear,summer_2024,391,16,4.183805946512637,5.0,0.8161940534873633
lothstrasse,dlinear,summer_2024,392,16,4.226264386303786,5.0,0.7737356136962141
lothstrasse,dlinear,summer_2024,393,16,4.345114360712992,6.0,1.6548856392870084
lothstrasse,dlinear,summer_2024,394,16,4.369688261362,5.0,0.6303117386380004
lothstrasse,dlinear,summer_2024,395,16,4.484172446464392,4.0,0.4841724464643917
lothstrasse,dlinear,summer_2024,396,16,4.476246775938674,2.0,2.476246775938674
lothstrasse,dlinear,summer_2024,397,16,4.658079085970712,2.0,2.658079085970712
lothstrasse,dlinear,summer_2024,398,16,4.970609121697147,3.0,1.970609121697147
lothstrasse,dlinear,summer_2024,399,16,5.2168307353102685,4.0,1.2168307353102685
lothstrasse,dlinear,summer_2024,400,16,5.322655137688942,4.0,1.3226551376889422
lothstrasse,dlinear,summer_2024,401,16,5.365897037948724,4.0,1.3658970379487236
lothstrasse,dlinear,summer_2024,402,16,5.374192282409007,5.0,0.37419228240900715
lothstrasse,dlinear,summer_2024,403,16,5.764149733563771,5.0,0.7641497335637712
lothstrasse,dlinear,summer_2024,404,16,6.290647769889319,6.0,0.2906477698893193
lothstrasse,dlinear,summer_2024,405,16,6.783765970851074,6.0,0.783765970851074
lothstrasse,dlinear,summer_2024,406,16,6.9350010415540355,5.0,1.9350010415540355
lothstrasse,dlinear,summer_2024,407,16,6.8598750288901735,5.0,1.8598750288901735
lothstrasse,dlinear,summer_2024,408,17,7.094528034647075,5.0,2.094528034647075
lothstrasse,dlinear,summer_2024,409,17,7.8162254950317145,6.0,1.8162254950317145
lothstrasse,dlinear,summer_2024,410,17,8.456565986357031,6.0,2.456565986357031
lothstrasse,dlinear,summer_2024,411,17,8.815435466255272,6.0,2.8154354662552716
lothstrasse,dlinear,summer_2024,412,17,9.084161942912466,5.0,4.084161942912466
lothstrasse,dlinear,summer_2024,413,17,9.4197377329386,4.0,5.4197377329386
lothstrasse,dlinear,summer_2024,414,17,8.906568601808269,4.0,4.906568601808269
lothstrasse,dlinear,summer_2024,415,17,7.960296549980416,5.0,2.9602965499804164
lothstrasse,dlinear,summer_2024,416,17,7.141421118245484,5.25,1.8914211182454839
lothstrasse,dlinear,summer_2024,417,17,6.823916533058244,5.5,1.3239165330582443
lothstrasse,dlinear,summer_2024,418,17,6.792548874479515,5.75,1.0425488744795146
lothstrasse,dlinear,summer_2024,419,17,6.764671886835823,6.0,0.7646718868358233
lothstrasse,dlinear,summer_2024,420,17,6.484264921877328,6.0,0.48426492187732784
lothstrasse,dlinear,summer_2024,421,17,6.198171025993005,6.0,0.1981710259930054
lothstrasse,dlinear,summer_2024,422,17,6.15389485528119,6.0,0.15389485528119007
lothstrasse,dlinear,summer_2024,423,17,6.590739245085478,8.0,1.4092607549145217
lothstrasse,dlinear,summer_2024,424,17,7.035057097272506,9.0,1.9649429027274943
lothstrasse,dlinear,summer_2024,425,17,7.239681057036036,7.0,0.23968105703603637
lothstrasse,dlinear,summer_2024,426,17,7.370359801658935,5.0,2.3703598016589353
lothstrasse,dlinear,summer_2024,427,17,8.14686736845813,4.0,4.14686736845813
lothstrasse,dlinear,summer_2024,428,17,8.952114373457453,5.0,3.9521143734574533
lothstrasse,dlinear,summer_2024,429,17,9.626812901928348,6.0,3.626812901928348
lothstrasse,dlinear,summer_2024,430,17,10.545854428041375,11.0,0.4541455719586249
lothstrasse,dlinear,summer_2024,431,17,10.94877529433217,8.0,2.9487752943321706
lothstrasse,dlinear,summer_2024,432,18,11.077310153287794,7.0,4.077310153287794
lothstrasse,dlinear,summer_2024,433,18,11.651426124205795,12.0,0.3485738757942052
lothstrasse,dlinear,summer_2024,434,18,11.95017139561622,11.0,0.9501713956162199
lothstrasse,dlinear,summer_2024,435,18,12.222338359526066,10.0,2.2223383595260664
lothstrasse,dlinear,summer_2024,436,18,12.562052328391657,10.0,2.5620523283916565
lothstrasse,dlinear,summer_2024,437,18,13.20379523831026,11.0,2.20379523831026
lothstrasse,dlinear,summer_2024,438,18,13.931360159776826,11.0,2.931360159776826
lothstrasse,dlinear,summer_2024,439,18,13.377662061019379,11.0,2.377662061019379
lothstrasse,dlinear,summer_2024,440,18,12.551593758652409,10.0,2.551593758652409
lothstrasse,dlinear,summer_2024,441,18,11.870696336258657,11.0,0.870696336258657
lothstrasse,dlinear,summer_2024,442,18,11.254354553499711,9.0,2.254354553499711
lothstrasse,dlinear,summer_2024,443,18,10.739901283052465,9.0,1.7399012830524647
lothstrasse,dlinear,summer_2024,444,18,10.694805063063782,11.0,0.3051949369362177
lothstrasse,dlinear,summer_2024,445,18,10.442093589975745,9.0,1.4420935899757445
lothstrasse,dlinear,summer_2024,446,18,9.745286340196996,8.0,1.745286340196996
lothstrasse,dlinear,summer_2024,447,18,9.06189530004408,9.0,0.06189530004408006
lothstrasse,dlinear,summer_2024,448,18,9.111119361665205,12.0,2.888880638334795
lothstrasse,dlinear,summer_2024,449,18,9.777705507175972,13.0,3.2222944928240285
lothstrasse,dlinear,summer_2024,450,18,10.288594268262962,10.0,0.28859426826296186
lothstrasse,dlinear,summer_2024,451,18,11.100241728069017,8.0,3.100241728069017
lothstrasse,dlinear,summer_2024,452,18,12.573547495479144,8.0,4.5735474954791435
lothstrasse,dlinear,summer_2024,453,18,14.048702647693778,10.0,4.048702647693778
lothstrasse,dlinear,summer_2024,454,18,13.964567957854797,11.0,2.964567957854797
lothstrasse,dlinear,summer_2024,455,18,12.07354558390629,8.0,4.07354558390629
lothstrasse,dlinear,summer_2024,456,19,10.569847744829488,8.0,2.569847744829488
lothstrasse,dlinear,summer_2024,457,19,10.03931850775892,9.0,1.0393185077589209
lothstrasse,dlinear,summer_2024,458,19,10.257667845382826,8.0,2.2576678453828265
lothstrasse,dlinear,summer_2024,459,19,10.567809448155874,8.0,2.5678094481558738
lothstrasse,dlinear,summer_2024,460,19,10.732637841801008,10.0,0.732637841801008
lothstrasse,dlinear,summer_2024,461,19,10.83814983258938,11.0,0.16185016741061986
lothstrasse,dlinear,summer_2024,462,19,10.932784794060096,11.0,0.06721520593990427
lothstrasse,dlinear,summer_2024,463,19,10.570637181113796,9.0,1.5706371811137956
lothstrasse,dlinear,summer_2024,464,19,9.965218410267514,10.0,0.034781589732485685
lothstrasse,dlinear,summer_2024,465,19,9.58273289578449,11.0,1.4172671042155098
lothstrasse,dlinear,summer_2024,466,19,9.494233373182416,11.0,1.505766626817584
lothstrasse,dlinear,summer_2024,467,19,9.420410163665231,12.0,2.579589836334769
lothstrasse,dlinear,summer_2024,468,19,9.26874793862762,12.0,2.7312520613723805
lothstrasse,dlinear,summer_2024,469,19,9.434519835759339,12.0,2.565480164240661
lothstrasse,dlinear,summer_2024,470,19,10.943271340050151,14.0,3.056728659949849
lothstrasse,dlinear,summer_2024,471,19,10.968552624479223,13.0,2.031447375520777
lothstrasse,dlinear,summer_2024,472,19,10.205013531574803,10.0,0.20501353157480295
lothstrasse,dlinear,summer_2024,473,19,9.810520298392335,9.0,0.8105202983923352
lothstrasse,dlinear,summer_2024,474,19,10.044667244667538,10.0,0.04466724466753824
lothstrasse,dlinear,summer_2024,475,19,11.163818146919965,7.0,4.163818146919965
lothstrasse,dlinear,summer_2024,476,19,11.835999783278801,6.0,5.835999783278801
lothstrasse,dlinear,summer_2024,477,19,11.947691482373244,5.0,6.947691482373244
lothstrasse,dlinear,summer_2024,478,19,12.328882788090517,6.0,6.328882788090517
lothstrasse,dlinear,summer_2024,479,19,12.925764342819964,7.0,5.925764342819964
lothstrasse,dlinear,summer_2024,480,20,13.3221104715598,6.0,7.3221104715597995
lothstrasse,dlinear,summer_2024,481,20,13.784853958969464,6.0,7.784853958969464
lothstrasse,dlinear,summer_2024,482,20,14.228233081081036,8.0,6.2282330810810365
lothstrasse,dlinear,summer_2024,483,20,14.65290753151158,10.0,4.65290753151158
lothstrasse,dlinear,summer_2024,484,20,14.482882394484006,9.0,5.482882394484006
lothstrasse,dlinear,summer_2024,485,20,13.83769512997103,6.0,7.83769512997103
lothstrasse,dlinear,summer_2024,486,20,12.535733023414492,5.0,7.535733023414492
lothstrasse,dlinear,summer_2024,487,20,10.851504409827951,4.0,6.851504409827951
lothstrasse,dlinear,summer_2024,488,20,10.133033046756145,6.0,4.133033046756145
lothstrasse,dlinear,summer_2024,489,20,10.494033231309968,10.0,0.49403323130996846
lothstrasse,dlinear,summer_2024,490,20,11.313329388435744,12.0,0.6866706115642565
lothstrasse,dlinear,summer_2024,491,20,11.52806453814594,10.0,1.5280645381459408
lothstrasse,dlinear,summer_2024,492,20,11.494473824716911,9.0,2.494473824716911
lothstrasse,dlinear,summer_2024,493,20,11.196281356708498,9.0,2.1962813567084982
lothstrasse,dlinear,summer_2024,494,20,10.966628756578057,9.0,1.9666287565780571
lothstrasse,dlinear,summer_2024,495,20,10.513911774252819,9.0,1.5139117742528185
lothstrasse,dlinear,summer_2024,496,20,10.55808276886047,10.0,0.5580827688604693
lothstrasse,dlinear,summer_2024,497,20,10.508865584602777,10.0,0.508865584602777
lothstrasse,dlinear,summer_2024,498,20,8.933474342739098,4.0,4.933474342739098
lothstrasse,dlinear,summer_2024,499,20,8.072752190844216,7.0,1.0727521908442164
lothstrasse,dlinear,summer_2024,500,20,7.351295748637333,8.0,0.6487042513626671
lothstrasse,dlinear,summer_2024,501,20,6.460466629698011,7.0,0.5395333703019887
lothstrasse,dlinear,summer_2024,502,20,5.705209045652087,4.0,1.7052090456520874
lothstrasse,dlinear,summer_2024,503,20,5.094913614101015,4.0,1.0949136141010154
lothstrasse,dlinear,summer_2024,504,21,4.348604756739897,2.0,2.3486047567398973
lothstrasse,dlinear,summer_2024,505,21,3.473377733285895,1.0,2.473377733285895
lothstrasse,dlinear,summer_2024,506,21,2.693543443709515,0.8,1.8935434437095149
lothstrasse,dlinear,summer_2024,507,21,2.3945281574533452,0.8,1.5945281574533452
lothstrasse,dlinear,summer_2024,508,21,2.4880988279219194,1.0,1.4880988279219194
lothstrasse,dlinear,summer_2024,509,21,2.8301650001423018,2.0,0.8301650001423018
lothstrasse,dlinear,summer_2024,510,21,3.189645913367266,2.0,1.1896459133672659
lothstrasse,dlinear,summer_2024,511,21,3.5106137868355662,2.0,1.5106137868355662
lothstrasse,dlinear,summer_2024,512,21,4.135679498750569,3.0,1.1356794987505694
lothstrasse,dlinear,summer_2024,513,21,4.81605834208714,4.0,0.8160583420871399
lothstrasse,dlinear,summer_2024,514,21,5.441319389314193,5.0,0.44131938931419334
lothstrasse,dlinear,summer_2024,515,21,5.762428237112889,7.0,1.2375717628871108
lothstrasse,dlinear,summer_2024,516,21,5.707776215877519,7.0,1.2922237841224806
lothstrasse,dlinear,summer_2024,517,21,6.217529190456958,8.0,1.7824708095430424
lothstrasse,dlinear,summer_2024,518,21,6.5673540810899205,9.0,2.4326459189100795
lothstrasse,dlinear,summer_2024,519,21,6.729403178388893,10.0,3.2705968216111074
lothstrasse,dlinear,summer_2024,520,21,7.097373188786532,11.0,3.9026268112134677
lothstrasse,dlinear,summer_2024,521,21,6.884183556949164,8.0,1.1158164430508357
lothstrasse,dlinear,summer_2024,522,21,6.782955520347098,9.0,2.217044479652902
lothstrasse,dlinear,summer_2024,523,21,6.534387372558079,9.0,2.465612627441921
lothstrasse,dlinear,summer_2024,524,21,6.256400525557296,10.0,3.7435994744427044
lothstrasse,dlinear,summer_2024,525,21,5.253596670394167,5.0,0.2535966703941668
lothstrasse,dlinear,summer_2024,526,21,4.702589926121608,4.0,0.7025899261216084
lothstrasse,dlinear,summer_2024,527,21,4.72313913614182,3.0,1.7231391361418202
lothstrasse,dlinear,summer_2024,528,22,4.94199557430831,2.0,2.9419955743083097
lothstrasse,dlinear,summer_2024,529,22,4.6734162332358835,1.0,3.6734162332358835
lothstrasse,dlinear,summer_2024,530,22,4.409670125355955,1.0,3.409670125355955
lothstrasse,dlinear,summer_2024,531,22,4.657571604176221,2.0,2.657571604176221
lothstrasse,dlinear,summer_2024,532,22,5.065154375464541,2.0,3.065154375464541
lothstrasse,dlinear,summer_2024,533,22,5.239061019955703,1.0,4.239061019955703
lothstrasse,dlinear,summer_2024,534,22,5.418637112286509,2.0,3.4186371122865093
lothstrasse,dlinear,summer_2024,535,22,6.240763168961214,4.0,2.240763168961214
lothstrasse,dlinear,summer_2024,536,22,6.025337662450831,3.0,3.0253376624508306
lothstrasse,dlinear,summer_2024,537,22,5.053230288673705,2.0,3.0532302886737046
lothstrasse,dlinear,summer_2024,538,22,4.496985724990203,2.0,2.4969857249902034
lothstrasse,dlinear,summer_2024,539,22,4.3893807526864554,2.0,2.3893807526864554
lothstrasse,dlinear,summer_2024,540,22,4.243296431800095,2.0,2.243296431800095
lothstrasse,dlinear,summer_2024,541,22,4.194421440638604,3.0,1.194421440638604
lothstrasse,dlinear,summer_2024,542,22,4.352361159214366,3.0,1.3523611592143663
lothstrasse,dlinear,summer_2024,543,22,4.310402154546479,3.0,1.3104021545464786
lothstrasse,dlinear,summer_2024,544,22,4.1206818730764665,4.0,0.1206818730764665
lothstrasse,dlinear,summer_2024,545,22,3.9390029302430563,2.0,1.9390029302430563
lothstrasse,dlinear,summer_2024,546,22,4.253797383390271,2.0,2.253797383390271
lothstrasse,dlinear,summer_2024,547,22,4.72609002313545,3.0,1.7260900231354501
lothstrasse,dlinear,summer_2024,548,22,4.176073217530563,0.8,3.376073217530563
lothstrasse,dlinear,summer_2024,549,22,3.8892394216650423,1.0,2.8892394216650423
lothstrasse,dlinear,summer_2024,550,22,3.9124638289991807,3.0,0.9124638289991807
lothstrasse,dlinear,summer_2024,551,22,3.804762391421922,4.0,0.19523760857807781
lothstrasse,dlinear,summer_2024,552,23,3.966000787031743,3.0,0.9660007870317431
lothstrasse,dlinear,summer_2024,553,23,3.5135754439560265,1.0,2.5135754439560265
lothstrasse,dlinear,summer_2024,554,23,3.592243876360937,2.0,1.592243876360937
lothstrasse,dlinear,summer_2024,555,23,3.873510209185362,3.0,0.8735102091853619
lothstrasse,dlinear,summer_2024,556,23,4.282224788354472,2.0,2.2822247883544717
lothstrasse,dlinear,summer_2024,557,23,4.763496216612998,3.0,1.7634962166129977
lothstrasse,dlinear,summer_2024,558,23,4.987475147326069,4.0,0.9874751473260686
lothstrasse,dlinear,summer_2024,559,23,4.758644637148712,3.0,1.7586446371487119
lothstrasse,dlinear,summer_2024,560,23,4.424966725014218,2.0,2.424966725014218
lothstrasse,dlinear,summer_2024,561,23,4.3990594181497045,3.0,1.3990594181497045
lothstrasse,dlinear,summer_2024,562,23,4.163949041324948,3.0,1.1639490413249476
lothstrasse,dlinear,summer_2024,563,23,3.8074467026625882,3.0,0.8074467026625882
lothstrasse,dlinear,summer_2024,564,23,3.429464263183541,4.0,0.570535736816459
lothstrasse,dlinear,summer_2024,565,23,3.03021590695373,5.0,1.96978409304627
lothstrasse,dlinear,summer_2024,566,23,2.546671260963777,5.0,2.453328739036223
lothstrasse,dlinear,summer_2024,567,23,2.5939152729953716,5.0,2.4060847270046284
lothstrasse,dlinear,summer_2024,568,23,2.942270009333275,7.0,4.057729990666725
lothstrasse,dlinear,summer_2024,569,23,3.2914820584746076,8.0,4.708517941525392
lothstrasse,dlinear,summer_2024,570,23,3.4932838889726354,8.0,4.506716111027364
lothstrasse,dlinear,summer_2024,571,23,3.9969924052975747,7.0,3.0030075947024253
lothstrasse,dlinear,summer_2024,572,23,4.487101833939439,9.0,4.512898166060561
lothstrasse,dlinear,summer_2024,573,23,4.975738975980687,8.0,3.024261024019313
lothstrasse,dlinear,summer_2024,574,23,5.265253287843116,7.0,1.734746712156884
lothstrasse,dlinear,summer_2024,575,23,5.406517235175274,6.0,0.5934827648247261
lothstrasse,dlinear,summer_2024,576,24,5.743522473678878,4.0,1.743522473678878
lothstrasse,dlinear,summer_2024,577,24,5.988655514843604,4.0,1.9886555148436038
lothstrasse,dlinear,summer_2024,578,24,6.162746924104683,5.0,1.1627469241046828
lothstrasse,dlinear,summer_2024,579,24,6.506740200695108,6.0,0.5067402006951083
lothstrasse,dlinear,summer_2024,580,24,7.167632974513489,6.0,1.1676329745134888
lothstrasse,dlinear,summer_2024,581,24,7.450847467422438,4.0,3.450847467422438
lothstrasse,dlinear,summer_2024,582,24,7.565127558939319,3.0,4.565127558939319
lothstrasse,dlinear,summer_2024,583,24,7.1198578126552325,4.0,3.1198578126552325
lothstrasse,dlinear,summer_2024,584,24,6.075211007450282,4.0,2.0752110074502816
lothstrasse,dlinear,summer_2024,585,24,5.372731162772244,6.0,0.6272688372277564
lothstrasse,dlinear,summer_2024,586,24,4.974513942675374,4.0,0.9745139426753742
lothstrasse,dlinear,summer_2024,587,24,4.420542052533967,2.0,2.4205420525339667
lothstrasse,dlinear,summer_2024,588,24,4.059150075132645,4.0,0.05915007513264481
lothstrasse,dlinear,summer_2024,589,24,3.88667870303178,4.0,0.1133212969682198
lothstrasse,dlinear,summer_2024,590,24,3.7167804794426,3.0,0.7167804794425998
lothstrasse,dlinear,summer_2024,591,24,3.6039707942234482,3.0,0.6039707942234482
lothstrasse,dlinear,summer_2024,592,24,3.6552989671831355,5.0,1.3447010328168645
lothstrasse,dlinear,summer_2024,593,24,4.510175502114569,7.0,2.489824497885431
lothstrasse,dlinear,summer_2024,594,24,5.493394863179445,5.0,0.4933948631794447
lothstrasse,dlinear,summer_2024,595,24,6.699354723143154,5.0,1.6993547231431538
lothstrasse,dlinear,summer_2024,596,24,7.354689768822848,5.0,2.3546897688228476
lothstrasse,dlinear,summer_2024,597,24,7.635968060355063,4.0,3.6359680603550633
lothstrasse,dlinear,summer_2024,598,24,7.814727730856342,4.0,3.814727730856342
lothstrasse,dlinear,summer_2024,599,24,7.784686736244705,3.0,4.784686736244705
lothstrasse,dlinear,summer_2024,600,25,7.819276786477484,5.0,2.8192767864774844
lothstrasse,dlinear,summer_2024,601,25,8.304374941289586,7.0,1.304374941289586
lothstrasse,dlinear,summer_2024,602,25,9.29491011393225,10.0,0.7050898860677499
lothstrasse,dlinear,summer_2024,603,25,10.014850878171808,9.0,1.0148508781718082
lothstrasse,dlinear,summer_2024,604,25,10.26333603856119,8.0,2.2633360385611905
lothstrasse,dlinear,summer_2024,605,25,10.06457175209637,7.0,3.06457175209637
lothstrasse,dlinear,summer_2024,606,25,9.643445895060164,7.0,2.6434458950601645
lothstrasse,dlinear,summer_2024,607,25,8.539586127134042,6.0,2.539586127134042
lothstrasse,dlinear,summer_2024,608,25,7.3901252075310815,8.0,0.6098747924689185
lothstrasse,dlinear,summer_2024,609,25,6.957975993893013,9.0,2.0420240061069874
lothstrasse,dlinear,summer_2024,610,25,7.03756797248876,8.0,0.9624320275112401
lothstrasse,dlinear,summer_2024,611,25,6.826848160548032,7.0,0.17315183945196821
lothstrasse,dlinear,summer_2024,612,25,6.669624845232123,8.0,1.3303751547678768
lothstrasse,dlinear,summer_2024,613,25,6.863018616316548,8.0,1.1369813836834517
lothstrasse,dlinear,summer_2024,614,25,7.1386591635859675,9.0,1.8613408364140325
lothstrasse,dlinear,summer_2024,615,25,7.4379764240737485,9.0,1.5620235759262515
lothstrasse,dlinear,summer_2024,616,25,7.574211142542323,8.0,0.42578885745767714
lothstrasse,dlinear,summer_2024,617,25,7.697808075204568,10.0,2.302191924795432
lothstrasse,dlinear,summer_2024,618,25,8.066310707308395,10.0,1.9336892926916054
lothstrasse,dlinear,summer_2024,619,25,8.840434639973912,9.0,0.1595653600260878
lothstrasse,dlinear,summer_2024,620,25,10.016942085898162,11.0,0.9830579141018383
lothstrasse,dlinear,summer_2024,621,25,11.09588368861565,12.0,0.9041163113843496
lothstrasse,dlinear,summer_2024,622,25,11.627912865296025,11.0,0.6279128652960253
lothstrasse,dlinear,summer_2024,623,25,11.49374253645751,8.0,3.4937425364575105
lothstrasse,dlinear,summer_2024,624,26,12.105427965516856,6.0,6.105427965516856
lothstrasse,dlinear,summer_2024,625,26,13.416842671676658,5.0,8.416842671676658
lothstrasse,dlinear,summer_2024,626,26,14.333086078078386,4.0,10.333086078078386
lothstrasse,dlinear,summer_2024,627,26,14.848159472751846,5.0,9.848159472751846
lothstrasse,dlinear,summer_2024,628,26,14.947696307359791,5.0,9.947696307359791
lothstrasse,dlinear,summer_2024,629,26,14.66272856482043,6.0,8.66272856482043
lothstrasse,dlinear,summer_2024,630,26,13.632360705146638,6.0,7.632360705146638
lothstrasse,dlinear,summer_2024,631,26,12.098012257126761,5.0,7.098012257126761
lothstrasse,dlinear,summer_2024,632,26,10.837182815656798,6.0,4.8371828156567975
lothstrasse,dlinear,summer_2024,633,26,9.86995522967114,8.0,1.86995522967114
lothstrasse,dlinear,summer_2024,634,26,9.283075109701977,9.0,0.28307510970197747
lothstrasse,dlinear,summer_2024,635,26,8.773249620108755,9.0,0.2267503798912447
lothstrasse,dlinear,summer_2024,636,26,8.331426883730344,8.0,0.33142688373034446
lothstrasse,dlinear,summer_2024,637,26,8.000969159385315,7.0,1.0009691593853152
lothstrasse,dlinear,summer_2024,638,26,7.882845196400074,8.0,0.11715480359992636
lothstrasse,dlinear,summer_2024,639,26,8.271002142292833,10.0,1.7289978577071672
lothstrasse,dlinear,summer_2024,640,26,9.057169915719292,12.0,2.9428300842807076
lothstrasse,dlinear,summer_2024,641,26,9.377313650757552,12.0,2.622686349242448
lothstrasse,dlinear,summer_2024,642,26,9.85357513269411,13.0,3.1464248673058908
lothstrasse,dlinear,summer_2024,643,26,10.98254084669815,13.0,2.01745915330185
lothstrasse,dlinear,summer_2024,644,26,10.93927403132465,8.0,2.9392740313246506
lothstrasse,dlinear,summer_2024,645,26,10.658394992288311,9.0,1.6583949922883114
lothstrasse,dlinear,summer_2024,646,26,10.742520828940737,9.0,1.7425208289407372
lothstrasse,dlinear,summer_2024,647,26,10.855245142479271,11.0,0.14475485752072892
lothstrasse,dlinear,summer_2024,648,27,10.434310391151808,11.0,0.5656896088481922
lothstrasse,dlinear,summer_2024,649,27,10.254215454844081,8.0,2.254215454844081
lothstrasse,dlinear,summer_2024,650,27,10.826553575652582,7.0,3.826553575652582
lothstrasse,dlinear,summer_2024,651,27,11.600898168092481,8.0,3.600898168092481
lothstrasse,dlinear,summer_2024,652,27,11.773566886950281,8.0,3.773566886950281
lothstrasse,dlinear,summer_2024,653,27,11.817991153686355,7.0,4.817991153686355
lothstrasse,dlinear,summer_2024,654,27,9.129039638869813,2.0,7.129039638869813
lothstrasse,dlinear,summer_2024,655,27,6.19437306970714,0.7,5.49437306970714
lothstrasse,dlinear,summer_2024,656,27,4.379026719457314,0.8,3.579026719457314
lothstrasse,dlinear,summer_2024,657,27,3.881798363018121,2.0,1.8817983630181212
lothstrasse,dlinear,summer_2024,658,27,3.805551196344607,2.0,1.8055511963446071
lothstrasse,dlinear,summer_2024,659,27,4.695608118273335,4.0,0.6956081182733351
lothstrasse,dlinear,summer_2024,660,27,4.9802430108377855,3.0,1.9802430108377855
lothstrasse,dlinear,summer_2024,661,27,4.349249044951231,1.0,3.3492490449512307
lothstrasse,dlinear,summer_2024,662,27,3.5797662939587216,2.0,1.5797662939587216
lothstrasse,dlinear,summer_2024,663,27,3.153772903916937,2.0,1.1537729039169369
lothstrasse,dlinear,summer_2024,664,27,3.1363097224433307,3.0,0.13630972244333073
lothstrasse,dlinear,summer_2024,665,27,3.3229927861412043,4.0,0.6770072138587957
lothstrasse,dlinear,summer_2024,666,27,3.6669033028181275,4.0,0.3330966971818725
lothstrasse,dlinear,summer_2024,667,27,4.193483760114839,5.0,0.8065162398851609
lothstrasse,dlinear,summer_2024,668,27,4.855667732141268,5.0,0.144332267858732
lothstrasse,dlinear,summer_2024,669,27,5.563618485616097,7.0,1.4363815143839034
lothstrasse,dlinear,summer_2024,670,27,6.096405350959927,7.0,0.9035946490400733
lothstrasse,dlinear,summer_2024,671,27,6.487772960335804,8.0,1.5122270396641957
lothstrasse,dlinear,summer_2024,672,28,7.13125722622284,6.0,1.1312572262228402
lothstrasse,dlinear,summer_2024,673,28,8.416824112956304,4.0,4.416824112956304
lothstrasse,dlinear,summer_2024,674,28,9.503580090620165,3.0,6.503580090620165
lothstrasse,dlinear,summer_2024,675,28,9.949158577184077,3.0,6.949158577184077
lothstrasse,dlinear,summer_2024,676,28,9.934922305329383,3.0,6.934922305329383
lothstrasse,dlinear,summer_2024,677,28,9.84921039409985,4.0,5.849210394099851
lothstrasse,dlinear,summer_2024,678,28,9.67856126747185,8.0,1.6785612674718493
lothstrasse,dlinear,summer_2024,679,28,8.090053905315546,4.0,4.090053905315546
lothstrasse,dlinear,summer_2024,680,28,6.557690017968142,4.0,2.5576900179681417
lothstrasse,dlinear,summer_2024,681,28,5.670921858223505,6.0,0.3290781417764954
lothstrasse,dlinear,summer_2024,682,28,5.418963907616704,6.0,0.5810360923832958
lothstrasse,dlinear,summer_2024,683,28,5.49794293274767,7.0,1.5020570672523297
lothstrasse,dlinear,summer_2024,684,28,5.422880575013797,8.0,2.5771194249862033
lothstrasse,dlinear,summer_2024,685,28,5.281926328894564,7.0,1.7180736711054356
lothstrasse,dlinear,summer_2024,686,28,4.940540981103046,6.0,1.0594590188969537
lothstrasse,dlinear,summer_2024,687,28,4.835803914840772,6.0,1.1641960851592277
lothstrasse,dlinear,summer_2024,688,28,4.924019512440095,5.0,0.07598048755990483
lothstrasse,dlinear,summer_2024,689,28,5.283534173168116,5.0,0.2835341731681158
lothstrasse,dlinear,summer_2024,690,28,5.853664756865793,7.0,1.1463352431342066
lothstrasse,dlinear,summer_2024,691,28,6.46537370255361,8.0,1.5346262974463896
lothstrasse,dlinear,summer_2024,692,28,7.286262232430771,11.0,3.7137377675692287
lothstrasse,dlinear,summer_2024,693,28,8.20013184235142,11.0,2.7998681576485804
lothstrasse,dlinear,summer_2024,694,28,8.885971618563095,10.0,1.1140283814369045
lothstrasse,dlinear,summer_2024,695,28,9.105264135703054,8.0,1.1052641357030542
lothstrasse,dlinear,summer_2024,696,29,9.261556643917423,7.0,2.261556643917423
lothstrasse,dlinear,summer_2024,697,29,9.533716541846534,8.0,1.533716541846534
lothstrasse,dlinear,summer_2024,698,29,9.789391950951384,8.0,1.7893919509513836
lothstrasse,dlinear,summer_2024,699,29,9.938313390698953,7.0,2.938313390698953
lothstrasse,dlinear,summer_2024,700,29,10.169773759971664,9.0,1.1697737599716636
lothstrasse,dlinear,summer_2024,701,29,10.847899971843434,13.0,2.152100028156566
lothstrasse,dlinear,summer_2024,702,29,10.80189499799341,11.0,0.19810500200659042
lothstrasse,dlinear,summer_2024,703,29,9.815377941727107,7.0,2.8153779417271068
lothstrasse,dlinear,summer_2024,704,29,8.626789392634752,9.0,0.37321060736524814
lothstrasse,dlinear,summer_2024,705,29,8.232504592053953,13.0,4.767495407946047
lothstrasse,dlinear,summer_2024,706,29,8.065793852278569,11.0,2.934206147721431
lothstrasse,dlinear,summer_2024,707,29,7.9752956098188506,9.0,1.0247043901811494
lothstrasse,dlinear,summer_2024,708,29,7.97164128027526,8.0,0.028358719724740133
lothstrasse,dlinear,summer_2024,709,29,7.537516822370872,7.0,0.537516822370872
lothstrasse,dlinear,summer_2024,710,29,7.486922405971606,9.0,1.5130775940283936
lothstrasse,dlinear,summer_2024,711,29,7.79669963401839,11.0,3.20330036598161
lothstrasse,dlinear,summer_2024,712,29,8.421551479313136,11.0,2.578448520686864
lothstrasse,dlinear,summer_2024,713,29,8.974886910064173,9.0,0.02511308993582695
lothstrasse,dlinear,summer_2024,714,29,9.423545499054502,9.0,0.42354549905450156
lothstrasse,dlinear,summer_2024,715,29,10.438027626966171,11.0,0.5619723730338286
lothstrasse,dlinear,summer_2024,716,29,11.755180838663932,14.0,2.2448191613360677
lothstrasse,dlinear,summer_2024,717,29,12.966306486302352,15.0,2.0336935136976475
lothstrasse,dlinear,summer_2024,718,29,13.756735946289275,14.0,0.24326405371072468
lothstrasse,dlinear,summer_2024,719,29,13.988942279495209,11.0,2.988942279495209
lothstrasse,dlinear,summer_2024,720,30,14.179925053414308,10.0,4.179925053414308
lothstrasse,dlinear,summer_2024,721,30,14.164141071984325,9.0,5.164141071984325
lothstrasse,dlinear,summer_2024,722,30,13.959715077392696,7.0,6.959715077392696
lothstrasse,dlinear,summer_2024,723,30,13.73840418812658,6.0,7.73840418812658
lothstrasse,dlinear,summer_2024,724,30,13.868127547763237,6.0,7.868127547763237
lothstrasse,dlinear,summer_2024,725,30,13.699338636071289,5.0,8.699338636071289
lothstrasse,dlinear,summer_2024,726,30,12.988293700976278,7.0,5.9882937009762784
lothstrasse,dlinear,summer_2024,727,30,11.830456877458062,7.0,4.830456877458062
lothstrasse,dlinear,summer_2024,728,30,10.994279496956615,9.0,1.994279496956615
lothstrasse,dlinear,summer_2024,729,30,11.045908693200005,11.0,0.04590869320000479
lothstrasse,dlinear,summer_2024,730,30,11.470064436475026,12.0,0.5299355635249743
lothstrasse,dlinear,summer_2024,731,30,11.503608888255021,12.0,0.49639111174497863
lothstrasse,dlinear,summer_2024,732,30,11.226424811806863,12.0,0.7735751881931368
lothstrasse,dlinear,summer_2024,733,30,11.286352846051985,12.0,0.7136471539480151
lothstrasse,dlinear,summer_2024,734,30,11.533548467848659,12.0,0.46645153215134094
lothstrasse,dlinear,summer_2024,735,30,11.935379676108166,13.0,1.064620323891834
lothstrasse,dlinear,summer_2024,736,30,12.506056188215993,13.0,0.4939438117840069
lothstrasse,dlinear,summer_2024,737,30,12.892926237157686,15.0,2.1070737628423135
lothstrasse,dlinear,summer_2024,738,30,12.947369473098572,14.0,1.052630526901428
lothstrasse,dlinear,summer_2024,739,30,13.119838490194908,14.0,0.8801615098050917
lothstrasse,dlinear,summer_2024,740,30,11.889941811323189,7.0,4.8899418113231885
lothstrasse,dlinear,summer_2024,741,30,9.048357931713609,4.0,5.048357931713609
lothstrasse,dlinear,summer_2024,742,30,7.165591850374655,4.0,3.165591850374655
lothstrasse,dlinear,summer_2024,743,30,5.891082960706499,3.0,2.891082960706499
lothstrasse,dlinear,summer_2024,744,31,5.175087810550346,3.0,2.1750878105503464
lothstrasse,dlinear,summer_2024,745,31,4.923096856766229,3.0,1.9230968567662288
lothstrasse,dlinear,summer_2024,746,31,5.045970087771206,3.0,2.045970087771206
lothstrasse,dlinear,summer_2024,747,31,5.1732650063857575,4.0,1.1732650063857575
lothstrasse,dlinear,summer_2024,748,31,5.456025045800565,3.0,2.4560250458005646
lothstrasse,dlinear,summer_2024,749,31,5.828210890098861,3.0,2.8282108900988607
lothstrasse,dlinear,summer_2024,750,31,5.9740448334694705,4.0,1.9740448334694705
lothstrasse,dlinear,summer_2024,751,31,5.64566617545863,5.0,0.6456661754586301
lothstrasse,dlinear,summer_2024,752,31,5.511928016051191,8.0,2.4880719839488092
lothstrasse,dlinear,summer_2024,753,31,5.925144221849431,10.0,4.074855778150569
lothstrasse,dlinear,summer_2024,754,31,6.421978151516537,12.0,5.578021848483463
lothstrasse,dlinear,summer_2024,755,31,6.722773160164895,11.0,4.277226839835105
lothstrasse,dlinear,summer_2024,756,31,7.244488363586768,9.0,1.7555116364132317
lothstrasse,dlinear,summer_2024,757,31,7.189023090146772,8.0,0.8109769098532276
lothstrasse,dlinear,summer_2024,758,31,6.347394005098117,6.0,0.347394005098117
lothstrasse,dlinear,summer_2024,759,31,5.612006635396405,6.0,0.3879933646035951
lothstrasse,dlinear,summer_2024,760,31,5.589082265822798,7.0,1.4109177341772021
lothstrasse,dlinear,summer_2024,761,31,6.323360671650139,7.0,0.6766393283498608
lothstrasse,dlinear,summer_2024,762,31,7.096099960429838,6.0,1.0960999604298376
lothstrasse,dlinear,summer_2024,763,31,7.696895107921437,5.0,2.6968951079214367
lothstrasse,dlinear,summer_2024,764,31,7.906045926719134,5.0,2.906045926719134
lothstrasse,dlinear,summer_2024,765,31,7.975199407307827,5.0,2.9751994073078274
lothstrasse,dlinear,summer_2024,766,31,8.207598134922483,5.0,3.207598134922483
lothstrasse,dlinear,summer_2024,767,31,8.148455733509355,2.0,6.148455733509355
lothstrasse,dlinear,summer_2024,768,32,7.719821453050352,2.0,5.719821453050352
lothstrasse,dlinear,summer_2024,769,32,7.73648504547829,2.0,5.73648504547829
lothstrasse,dlinear,summer_2024,770,32,9.49058132573085,3.0,6.490581325730849
lothstrasse,dlinear,summer_2024,771,32,10.773435427739662,5.0,5.773435427739662
lothstrasse,dlinear,summer_2024,772,32,11.335217234797346,8.0,3.335217234797346
lothstrasse,dlinear,summer_2024,773,32,11.472362822887733,7.0,4.4723628228877335
lothstrasse,dlinear,summer_2024,774,32,11.970284401432123,7.0,4.970284401432123
lothstrasse,dlinear,summer_2024,775,32,11.637766932216437,5.0,6.6377669322164365
lothstrasse,dlinear,summer_2024,776,32,10.206069631698051,4.0,6.2060696316980515
lothstrasse,dlinear,summer_2024,777,32,9.205183689687383,4.0,5.205183689687383
lothstrasse,dlinear,summer_2024,778,32,8.058404775144798,4.0,4.058404775144798
lothstrasse,dlinear,summer_2024,779,32,7.175376325932968,4.0,3.1753763259329677
lothstrasse,dlinear,summer_2024,780,32,6.573865518468789,5.0,1.5738655184687893
lothstrasse,dlinear,summer_2024,781,32,6.422882201758597,6.0,0.4228822017585969
lothstrasse,dlinear,summer_2024,782,32,6.549470921070658,7.0,0.4505290789293417
lothstrasse,dlinear,summer_2024,783,32,6.283705541762833,6.0,0.28370554176283314
lothstrasse,dlinear,summer_2024,784,32,6.100233997043338,5.0,1.100233997043338
lothstrasse,dlinear,summer_2024,785,32,6.124960115952097,5.0,1.1249601159520974
lothstrasse,dlinear,summer_2024,786,32,6.062197273376436,5.0,1.0621972733764364
lothstrasse,dlinear,summer_2024,787,32,5.720400410768275,4.0,1.720400410768275
lothstrasse,dlinear,summer_2024,788,32,5.185801596897017,3.0,2.185801596897017
lothstrasse,dlinear,summer_2024,789,32,5.11237025790455,3.0,2.1123702579045496
lothstrasse,dlinear,summer_2024,790,32,5.48067767077173,4.0,1.4806776707717297
lothstrasse,dlinear,summer_2024,791,32,5.8501905463227954,5.0,0.8501905463227954
lothstrasse,dlinear,summer_2024,792,33,6.144199513215359,4.0,2.1441995132153586
lothstrasse,dlinear,summer_2024,793,33,6.897892766425986,5.0,1.8978927664259864
lothstrasse,dlinear,summer_2024,794,33,7.6294574501249945,5.0,2.6294574501249945
lothstrasse,dlinear,summer_2024,795,33,7.308420246128173,3.0,4.308420246128173
lothstrasse,dlinear,summer_2024,796,33,6.847807911367941,3.0,3.8478079113679406
lothstrasse,dlinear,summer_2024,797,33,6.651885373259939,3.0,3.6518853732599386
lothstrasse,dlinear,summer_2024,798,33,6.262721505087471,4.0,2.2627215050874714
lothstrasse,dlinear,summer_2024,799,33,5.782927969605875,4.0,1.7829279696058746
lothstrasse,dlinear,summer_2024,800,33,5.431225698098366,5.0,0.4312256980983662
lothstrasse,dlinear,summer_2024,801,33,5.830216723670636,5.0,0.8302167236706364
lothstrasse,dlinear,summer_2024,802,33,6.219456947275882,3.0,3.219456947275882
lothstrasse,dlinear,summer_2024,803,33,6.079244894846701,3.0,3.079244894846701
lothstrasse,dlinear,summer_2024,804,33,5.67943387503691,2.0,3.67943387503691
lothstrasse,dlinear,summer_2024,805,33,5.337965454568671,3.0,2.337965454568671
lothstrasse,dlinear,summer_2024,806,33,4.884167161839389,4.0,0.8841671618393887
lothstrasse,dlinear,summer_2024,807,33,5.632563334384492,5.0,0.6325633343844919
lothstrasse,dlinear,summer_2024,808,33,6.546773754794315,9.0,2.453226245205685
lothstrasse,dlinear,summer_2024,809,33,6.931469906550221,7.0,0.06853009344977856
lothstrasse,dlinear,summer_2024,810,33,7.514261624927249,8.0,0.4857383750727511
lothstrasse,dlinear,summer_2024,811,33,8.36865431015364,9.0,0.6313456898463592
lothstrasse,dlinear,summer_2024,812,33,9.181654033607238,9.0,0.18165403360723786
lothstrasse,dlinear,summer_2024,813,33,9.675691215451533,8.0,1.6756912154515327
lothstrasse,dlinear,summer_2024,814,33,9.985137908722365,10.0,0.014862091277635159
lothstrasse,dlinear,summer_2024,815,33,10.2069266086903,12.0,1.7930733913097008
lothstrasse,dlinear,summer_2024,816,34,10.581722095168793,14.0,3.418277904831207
lothstrasse,dlinear,summer_2024,817,34,10.588530517556103,13.0,2.4114694824438967
lothstrasse,dlinear,summer_2024,818,34,8.685306582640644,3.0,5.685306582640644
lothstrasse,dlinear,summer_2024,819,34,7.2074996722475255,4.0,3.2074996722475255
lothstrasse,dlinear,summer_2024,820,34,7.104829703856753,6.0,1.104829703856753
lothstrasse,dlinear,summer_2024,821,34,7.217790326601084,5.0,2.217790326601084
lothstrasse,dlinear,summer_2024,822,34,6.911550047164108,5.0,1.9115500471641083
lothstrasse,dlinear,summer_2024,823,34,6.956713065948533,5.0,1.9567130659485326
lothstrasse,dlinear,summer_2024,824,34,6.937608926807699,6.0,0.937608926807699
lothstrasse,dlinear,summer_2024,825,34,6.685854903769303,7.0,0.3141450962306971
lothstrasse,dlinear,summer_2024,826,34,6.7069191478096855,8.0,1.2930808521903145
lothstrasse,dlinear,summer_2024,827,34,6.493293403359525,9.0,2.506706596640475
lothstrasse,dlinear,summer_2024,828,34,6.454176926914029,9.0,2.5458230730859706
lothstrasse,dlinear,summer_2024,829,34,6.370021428064891,8.0,1.6299785719351094
lothstrasse,dlinear,summer_2024,830,34,6.25452923340176,7.0,0.7454707665982401
lothstrasse,dlinear,summer_2024,831,34,6.1771090642096596,9.0,2.8228909357903404
lothstrasse,dlinear,summer_2024,832,34,6.376062190734892,9.0,2.623937809265108
lothstrasse,dlinear,summer_2024,833,34,6.627991584522752,8.0,1.3720084154772483
lothstrasse,dlinear,summer_2024,834,34,6.802918694822884,7.0,0.1970813051771163
lothstrasse,dlinear,summer_2024,835,34,6.847376862910994,6.0,0.8473768629109939
lothstrasse,dlinear,summer_2024,836,34,6.953511203885457,7.0,0.04648879611454326
lothstrasse,dlinear,summer_2024,837,34,6.859718600264028,7.0,0.1402813997359722
lothstrasse,dlinear,summer_2024,838,34,6.737234578496208,6.0,0.7372345784962082
lothstrasse,dlinear,summer_2024,839,34,6.621131611221102,6.0,0.6211316112211023
lothstrasse,dlinear,summer_2024,840,35,6.071130661065126,5.0,1.0711306610651263
lothstrasse,dlinear,summer_2024,841,35,5.8650721132200445,5.0,0.8650721132200445
lothstrasse,dlinear,summer_2024,842,35,5.91866886825954,5.0,0.9186688682595401
lothstrasse,dlinear,summer_2024,843,35,5.9798321914682635,5.0,0.9798321914682635
lothstrasse,dlinear,summer_2024,844,35,5.831544144941731,4.0,1.8315441449417307
lothstrasse,dlinear,summer_2024,845,35,5.634278607134531,4.0,1.6342786071345312
lothstrasse,dlinear,summer_2024,846,35,5.361125874106962,3.0,2.3611258741069623
lothstrasse,dlinear,summer_2024,847,35,4.621606217965491,2.0,2.621606217965491
lothstrasse,dlinear,summer_2024,848,35,3.7736105827730264,2.0,1.7736105827730264
lothstrasse,dlinear,summer_2024,849,35,3.1820586216156332,2.0,1.1820586216156332
lothstrasse,dlinear,summer_2024,850,35,3.174660639166257,2.0,1.174660639166257
lothstrasse,dlinear,summer_2024,851,35,3.3417311399875853,2.0,1.3417311399875853
lothstrasse,dlinear,summer_2024,852,35,3.6196881962533354,2.0,1.6196881962533354
lothstrasse,dlinear,summer_2024,853,35,3.887522858752158,4.0,0.11247714124784203
lothstrasse,dlinear,summer_2024,854,35,4.122780743734186,3.0,1.122780743734186
lothstrasse,dlinear,summer_2024,855,35,4.28245088935819,4.0,0.2824508893581896
lothstrasse,dlinear,summer_2024,856,35,4.500243591416414,4.0,0.5002435914164138
lothstrasse,dlinear,summer_2024,857,35,4.641516156345961,5.0,0.35848384365403874
lothstrasse,dlinear,summer_2024,858,35,4.95696520757906,5.0,0.04303479242093999
lothstrasse,dlinear,summer_2024,859,35,5.290883698067159,5.0,0.29088369806715875
lothstrasse,dlinear,summer_2024,860,35,5.958696111398357,5.0,0.958696111398357
lothstrasse,dlinear,summer_2024,861,35,6.894551456868387,7.0,0.10544854313161256
lothstrasse,dlinear,summer_2024,862,35,7.599036708098517,6.0,1.5990367080985166
lothstrasse,dlinear,summer_2024,863,35,7.897992461981032,5.0,2.8979924619810324
lothstrasse,dlinear,summer_2024,864,36,8.265015887521175,2.0,6.265015887521175
lothstrasse,dlinear,summer_2024,865,36,8.843704020996121,3.0,5.843704020996121
lothstrasse,dlinear,summer_2024,866,36,9.231106801468655,3.0,6.2311068014686555
lothstrasse,dlinear,summer_2024,867,36,9.560842859186096,4.0,5.560842859186096
lothstrasse,dlinear,summer_2024,868,36,9.576738091787453,3.0,6.576738091787453
lothstrasse,dlinear,summer_2024,869,36,9.70335433901852,4.0,5.703354339018521
lothstrasse,dlinear,summer_2024,870,36,9.710758465177912,6.0,3.7107584651779124
lothstrasse,dlinear,summer_2024,871,36,9.072440072885094,6.0,3.072440072885094
lothstrasse,dlinear,summer_2024,872,36,8.202543360633655,8.0,0.20254336063365486
lothstrasse,dlinear,summer_2024,873,36,7.530124538639478,10.0,2.4698754613605223
lothstrasse,dlinear,summer_2024,874,36,7.3593854402969106,10.0,2.6406145597030894
lothstrasse,dlinear,summer_2024,875,36,7.551485169601394,9.0,1.4485148303986062
lothstrasse,dlinear,summer_2024,876,36,7.838290481438219,9.0,1.1617095185617812
lothstrasse,dlinear,summer_2024,877,36,7.669716263100384,8.0,0.33028373689961565
lothstrasse,dlinear,summer_2024,878,36,7.263412465186288,9.0,1.7365875348137116
lothstrasse,dlinear,summer_2024,879,36,6.843021376572317,8.0,1.1569786234276833
lothstrasse,dlinear,summer_2024,880,36,6.623547746587952,8.0,1.3764522534120482
lothstrasse,dlinear,summer_2024,881,36,6.642121729242639,8.0,1.357878270757361
lothstrasse,dlinear,summer_2024,882,36,6.748309999151509,8.0,1.251690000848491
lothstrasse,dlinear,summer_2024,883,36,7.424226417728512,9.0,1.5757735822714878
lothstrasse,dlinear,summer_2024,884,36,8.357538113912481,10.0,1.6424618860875189
lothstrasse,dlinear,summer_2024,885,36,8.67606873942703,10.0,1.3239312605729694
lothstrasse,dlinear,summer_2024,886,36,8.678885256162722,9.0,0.32111474383727767
lothstrasse,dlinear,summer_2024,887,36,8.424480432734864,9.0,0.5755195672651361
lothstrasse,dlinear,summer_2024,888,37,8.659579817474036,9.0,0.34042018252596407
lothstrasse,dlinear,summer_2024,889,37,8.873607706728054,10.0,1.1263922932719463
lothstrasse,dlinear,summer_2024,890,37,9.20185572822744,10.0,0.7981442717725606
lothstrasse,dlinear,summer_2024,891,37,9.748690125871327,9.0,0.7486901258713274
lothstrasse,dlinear,summer_2024,892,37,10.021870416839343,9.0,1.0218704168393433
lothstrasse,dlinear,summer_2024,893,37,10.281908189747421,9.0,1.281908189747421
lothstrasse,dlinear,summer_2024,894,37,10.191917123199756,8.0,2.1919171231997563
lothstrasse,dlinear,summer_2024,895,37,9.773209410875502,9.0,0.7732094108755021
lothstrasse,dlinear,summer_2024,896,37,9.65748388164979,11.0,1.3425161183502095
lothstrasse,dlinear,summer_2024,897,37,9.740194880468673,10.0,0.2598051195313271
lothstrasse,dlinear,summer_2024,898,37,10.000909410168559,8.0,2.0009094101685587
lothstrasse,dlinear,summer_2024,899,37,9.723298131664016,5.0,4.723298131664016
lothstrasse,dlinear,summer_2024,900,37,10.185279271805426,6.0,4.185279271805426
lothstrasse,dlinear,summer_2024,901,37,9.24182865433437,6.0,3.2418286543343697
lothstrasse,dlinear,summer_2024,902,37,7.063590285868791,2.0,5.063590285868791
lothstrasse,dlinear,summer_2024,903,37,5.695977074318008,0.9,4.7959770743180075
lothstrasse,dlinear,summer_2024,904,37,4.7334132679066805,0.9,3.8334132679066806
lothstrasse,dlinear,summer_2024,905,37,4.356918867722635,1.0,3.3569188677226354
lothstrasse,dlinear,summer_2024,906,37,4.065591713468341,2.0,2.065591713468341
lothstrasse,dlinear,summer_2024,907,37,4.0836894892093305,2.0,2.0836894892093305
lothstrasse,dlinear,summer_2024,908,37,4.60305069160438,4.0,0.6030506916043796
lothstrasse,dlinear,summer_2024,909,37,5.104331124832684,5.0,0.10433112483268392
lothstrasse,dlinear,summer_2024,910,37,4.841591724943577,4.0,0.8415917249435774
lothstrasse,dlinear,summer_2024,911,37,4.390978777130872,3.0,1.3909787771308721
lothstrasse,dlinear,summer_2024,912,38,4.4394327968282905,2.0,2.4394327968282905
lothstrasse,dlinear,summer_2024,913,38,4.796069006725663,3.0,1.7960690067256628
lothstrasse,dlinear,summer_2024,914,38,5.059114885538589,3.0,2.0591148855385892
lothstrasse,dlinear,summer_2024,915,38,5.214733933161036,3.0,2.2147339331610363
lothstrasse,dlinear,summer_2024,916,38,5.552020574926599,2.0,3.5520205749265994
lothstrasse,dlinear,summer_2024,917,38,6.075325532212602,3.0,3.0753255322126023
lothstrasse,dlinear,summer_2024,918,38,6.357395045511329,3.0,3.3573950455113293
lothstrasse,dlinear,summer_2024,919,38,5.54794062165037,3.0,2.54794062165037
lothstrasse,dlinear,summer_2024,920,38,5.46742158091925,4.0,1.4674215809192503
lothstrasse,dlinear,summer_2024,921,38,6.002832701895652,6.0,0.002832701895652434
lothstrasse,dlinear,summer_2024,922,38,6.43357588869628,7.0,0.5664241113037196
lothstrasse,dlinear,summer_2024,923,38,6.789451247516155,8.0,1.2105487524838452
lothstrasse,dlinear,summer_2024,924,38,7.071100269326123,8.0,0.9288997306738773
lothstrasse,dlinear,summer_2024,925,38,7.129459696938244,7.0,0.12945969693824377
lothstrasse,dlinear,summer_2024,926,38,7.097166888987504,8.0,0.9028331110124963
lothstrasse,dlinear,summer_2024,927,38,7.070325475695548,10.0,2.9296745243044517
lothstrasse,dlinear,summer_2024,928,38,6.3185094932324795,8.0,1.6814905067675205
lothstrasse,dlinear,summer_2024,929,38,5.69429797884332,8.0,2.30570202115668
lothstrasse,dlinear,summer_2024,930,38,5.747645806282463,9.0,3.2523541937175366
lothstrasse,dlinear,summer_2024,931,38,6.78572836527962,8.0,1.2142716347203804
lothstrasse,dlinear,summer_2024,932,38,8.005242346737758,7.0,1.0052423467377576
lothstrasse,dlinear,summer_2024,933,38,8.134002383489822,4.0,4.134002383489822
lothstrasse,dlinear,summer_2024,934,38,8.090541191428631,4.0,4.090541191428631
lothstrasse,dlinear,summer_2024,935,38,7.882221531669537,4.0,3.882221531669537
lothstrasse,dlinear,summer_2024,936,39,8.07115533366871,5.0,3.0711553336687096
lothstrasse,dlinear,summer_2024,937,39,8.62574752284288,6.0,2.6257475228428806
lothstrasse,dlinear,summer_2024,938,39,9.1077679859996,5.0,4.107767985999599
lothstrasse,dlinear,summer_2024,939,39,9.211829724169366,3.0,6.211829724169366
lothstrasse,dlinear,summer_2024,940,39,8.919849744567896,2.0,6.919849744567896
lothstrasse,dlinear,summer_2024,941,39,8.681879329655139,2.0,6.681879329655139
lothstrasse,dlinear,summer_2024,942,39,8.496820190223279,2.0,6.4968201902232785
lothstrasse,dlinear,summer_2024,943,39,8.085031223454907,2.0,6.085031223454907
lothstrasse,dlinear,summer_2024,944,39,6.966846596533886,3.0,3.9668465965338857
lothstrasse,dlinear,summer_2024,945,39,6.7453422177999345,5.0,1.7453422177999345
lothstrasse,dlinear,summer_2024,946,39,6.6112653329273,5.0,1.6112653329273003
lothstrasse,dlinear,summer_2024,947,39,6.180238306839631,6.0,0.18023830683963116
lothstrasse,dlinear,summer_2024,948,39,5.908646067655377,7.0,1.0913539323446226
lothstrasse,dlinear,summer_2024,949,39,5.17368872667875,6.0,0.8263112733212497
lothstrasse,dlinear,summer_2024,950,39,4.417506178452628,5.0,0.5824938215473718
lothstrasse,dlinear,summer_2024,951,39,3.8817429499453313,5.0,1.1182570500546687
lothstrasse,dlinear,summer_2024,952,39,3.503490003702445,4.0,0.4965099962975552
lothstrasse,dlinear,summer_2024,953,39,3.574658689587027,6.0,2.425341310412973
lothstrasse,dlinear,summer_2024,954,39,3.8648670637806926,8.0,4.135132936219307
lothstrasse,dlinear,summer_2024,955,39,5.174082790326662,9.0,3.825917209673338
lothstrasse,dlinear,summer_2024,956,39,6.473618737216087,9.0,2.5263812627839126
lothstrasse,dlinear,summer_2024,957,39,7.20661158988573,8.0,0.7933884101142699
lothstrasse,dlinear,summer_2024,958,39,6.804649787827733,5.0,1.8046497878277332
lothstrasse,dlinear,summer_2024,959,39,6.485121974930509,4.0,2.485121974930509
lothstrasse,dlinear,summer_2024,960,40,6.621641419873661,4.0,2.6216414198736606
lothstrasse,dlinear,summer_2024,961,40,6.777664790180361,5.0,1.7776647901803608
lothstrasse,dlinear,summer_2024,962,40,6.723509484905086,5.0,1.7235094849050858
lothstrasse,dlinear,summer_2024,963,40,6.709211995519464,3.0,3.709211995519464
lothstrasse,dlinear,summer_2024,964,40,6.842399278015079,3.0,3.842399278015079
lothstrasse,dlinear,summer_2024,965,40,6.904696943338306,3.0,3.9046969433383056
lothstrasse,dlinear,summer_2024,966,40,6.8427830785567005,3.0,3.8427830785567005
lothstrasse,dlinear,summer_2024,967,40,6.390372565198921,3.0,3.3903725651989207
lothstrasse,dlinear,summer_2024,968,40,5.950683906998962,4.0,1.9506839069989619
lothstrasse,dlinear,summer_2024,969,40,5.727174146729837,5.0,0.7271741467298369
lothstrasse,dlinear,summer_2024,970,40,5.887374758237653,6.0,0.11262524176234656
lothstrasse,dlinear,summer_2024,971,40,6.193225316843538,5.0,1.193225316843538
lothstrasse,dlinear,summer_2024,972,40,6.172247708971382,5.0,1.1722477089713816
lothstrasse,dlinear,summer_2024,973,40,5.890774561844557,5.0,0.8907745618445571
lothstrasse,dlinear,summer_2024,974,40,5.708249517848517,2.0,3.7082495178485173
lothstrasse,dlinear,summer_2024,975,40,5.635783076485669,2.0,3.6357830764856693
lothstrasse,dlinear,summer_2024,976,40,5.770028134002922,4.0,1.7700281340029216
lothstrasse,dlinear,summer_2024,977,40,5.909325086529932,6.0,0.0906749134700684
lothstrasse,dlinear,summer_2024,978,40,6.231985213792478,7.0,0.7680147862075222
lothstrasse,dlinear,summer_2024,979,40,7.1338674607072114,7.0,0.13386746070721145
lothstrasse,dlinear,summer_2024,980,40,8.530125339777262,10.0,1.4698746602227377
lothstrasse,dlinear,summer_2024,981,40,9.987241114722288,12.0,2.0127588852777123
lothstrasse,dlinear,summer_2024,982,40,10.982156150646533,12.0,1.0178438493534667
lothstrasse,dlinear,summer_2024,983,40,12.335450511401195,9.0,3.335450511401195
lothstrasse,dlinear,summer_2024,984,41,13.555547301976244,10.0,3.555547301976244
lothstrasse,dlinear,summer_2024,985,41,14.240723727650728,10.0,4.240723727650728
lothstrasse,dlinear,summer_2024,986,41,14.388567555562652,9.0,5.388567555562652
lothstrasse,dlinear,summer_2024,987,41,14.499097037607779,8.0,6.499097037607779
lothstrasse,dlinear,summer_2024,988,41,14.45294301608481,8.0,6.452943016084809
lothstrasse,dlinear,summer_2024,989,41,13.961705186987858,8.0,5.961705186987858
lothstrasse,dlinear,summer_2024,990,41,12.890678938746957,8.0,4.890678938746957
lothstrasse,dlinear,summer_2024,991,41,11.15557103925602,6.0,5.155571039256021
lothstrasse,dlinear,summer_2024,992,41,9.785879627617549,6.0,3.7858796276175486
lothstrasse,dlinear,summer_2024,993,41,9.13747172020943,7.0,2.1374717202094295
lothstrasse,dlinear,summer_2024,994,41,9.053242349365549,6.0,3.053242349365549
lothstrasse,dlinear,summer_2024,995,41,8.9278739621831,5.0,3.9278739621830994
lothstrasse,dlinear,summer_2024,996,41,8.52553414021614,4.0,4.5255341402161395
lothstrasse,dlinear,summer_2024,997,41,7.937624446808239,5.0,2.937624446808239
lothstrasse,dlinear,summer_2024,998,41,7.077387732522415,6.0,1.077387732522415
lothstrasse,dlinear,summer_2024,999,41,6.224121385690955,7.0,0.775878614309045
lothstrasse,dlinear,summer_2024,1000,41,5.678656878066403,6.0,0.32134312193359715
lothstrasse,dlinear,summer_2024,1001,41,5.650329296213878,7.0,1.3496707037861224
lothstrasse,dlinear,summer_2024,1002,41,5.897552531868654,8.0,2.102447468131346
lothstrasse,dlinear,summer_2024,1003,41,6.89058466005915,8.0,1.10941533994085
lothstrasse,dlinear,summer_2024,1004,41,8.103445078397277,9.0,0.8965549216027231
lothstrasse,dlinear,summer_2024,1005,41,8.946460287834588,7.0,1.9464602878345882
lothstrasse,dlinear,summer_2024,1006,41,9.194813319354502,4.0,5.194813319354502
lothstrasse,dlinear,summer_2024,1007,41,9.272024910084706,2.0,7.272024910084706
lothstrasse,dlinear,summer_2024,1008,42,9.337679870832476,2.0,7.337679870832476
lothstrasse,dlinear,summer_2024,1009,42,9.465281980510612,2.0,7.465281980510612
lothstrasse,dlinear,summer_2024,1010,42,9.751472759604642,4.0,5.751472759604642
lothstrasse,dlinear,summer_2024,1011,42,9.99360686190822,5.0,4.993606861908219
lothstrasse,dlinear,summer_2024,1012,42,10.387310887584519,5.0,5.387310887584519
lothstrasse,dlinear,summer_2024,1013,42,10.618830407623069,4.0,6.618830407623069
lothstrasse,dlinear,summer_2024,1014,42,10.3903529268578,4.0,6.390352926857799
lothstrasse,dlinear,summer_2024,1015,42,9.914841334267132,5.0,4.914841334267132
lothstrasse,dlinear,summer_2024,1016,42,9.514627885070443,7.0,2.5146278850704427
lothstrasse,dlinear,summer_2024,1017,42,9.513719315007483,9.0,0.5137193150074832
lothstrasse,dlinear,summer_2024,1018,42,9.720476551017585,11.0,1.279523448982415
lothstrasse,dlinear,summer_2024,1019,42,10.21251999706664,13.0,2.7874800029333606
lothstrasse,dlinear,summer_2024,1020,42,10.858017546129044,12.0,1.1419824538709555
lothstrasse,dlinear,summer_2024,1021,42,10.799620323208057,11.0,0.20037967679194324
lothstrasse,dlinear,summer_2024,1022,42,10.402789443076554,9.0,1.4027894430765535
lothstrasse,dlinear,summer_2024,1023,42,9.751671799392913,9.0,0.7516717993929127
lothstrasse,dlinear,summer_2024,1024,42,9.28179592555754,8.0,1.2817959255575406
lothstrasse,dlinear,summer_2024,1025,42,8.9598310822892,6.0,2.9598310822892007
lothstrasse,dlinear,summer_2024,1026,42,9.000997073372728,7.0,2.0009970733727283
lothstrasse,dlinear,summer_2024,1027,42,9.704898540081793,8.0,1.7048985400817926
lothstrasse,dlinear,summer_2024,1028,42,10.56509911948278,12.0,1.4349008805172208
lothstrasse,dlinear,summer_2024,1029,42,11.069377919752926,13.0,1.9306220802470744
lothstrasse,dlinear,summer_2024,1030,42,11.10606722159092,13.0,1.8939327784090807
lothstrasse,dlinear,summer_2024,1031,42,11.562002953145447,11.0,0.5620029531454467
lothstrasse,dlinear,summer_2024,1032,43,12.733082108833699,13.0,0.26691789116630105
lothstrasse,dlinear,summer_2024,1033,43,12.732045352850289,12.0,0.7320453528502888
lothstrasse,dlinear,summer_2024,1034,43,11.934206791341039,10.0,1.9342067913410386
lothstrasse,dlinear,summer_2024,1035,43,11.381398154047105,9.0,2.3813981540471048
lothstrasse,dlinear,summer_2024,1036,43,10.918532952183648,8.0,2.9185329521836483
lothstrasse,dlinear,summer_2024,1037,43,10.445865816737946,7.0,3.445865816737946
lothstrasse,dlinear,summer_2024,1038,43,9.717700598224866,7.0,2.717700598224866
lothstrasse,dlinear,summer_2024,1039,43,8.659135468262878,7.0,1.6591354682628783
lothstrasse,dlinear,summer_2024,1040,43,8.203806816332618,9.0,0.7961931836673823
lothstrasse,dlinear,summer_2024,1041,43,7.877353045832394,9.0,1.1226469541676058
lothstrasse,dlinear,summer_2024,1042,43,8.05163973635123,10.0,1.9483602636487696
lothstrasse,dlinear,summer_2024,1043,43,7.99109067609025,9.0,1.0089093239097497
lothstrasse,dlinear,summer_2024,1044,43,7.890209481977915,7.0,0.8902094819779149
lothstrasse,dlinear,summer_2024,1045,43,7.812314241958973,7.0,0.8123142419589726
lothstrasse,dlinear,summer_2024,1046,43,7.686632848464365,8.0,0.3133671515356351
lothstrasse,dlinear,summer_2024,1047,43,7.503233307658495,9.0,1.496766692341505
lothstrasse,dlinear,summer_2024,1048,43,7.539281433622177,9.0,1.4607185663778228
lothstrasse,dlinear,summer_2024,1049,43,8.148946911504872,7.0,1.148946911504872
lothstrasse,dlinear,summer_2024,1050,43,6.814976728420256,4.0,2.8149767284202563
lothstrasse,dlinear,summer_2024,1051,43,5.729669387443554,3.0,2.729669387443554
lothstrasse,dlinear,summer_2024,1052,43,5.517955685107166,3.0,2.5179556851071663
lothstrasse,dlinear,summer_2024,1053,43,5.10105712902043,3.0,2.10105712902043
lothstrasse,dlinear,summer_2024,1054,43,4.835086420022174,2.0,2.835086420022174
lothstrasse,dlinear,summer_2024,1055,43,4.677335015434803,3.0,1.677335015434803
lothstrasse,dlinear,autumn_2024,0,0,2.731562539726844,2.0,0.7315625397268439
lothstrasse,dlinear,autumn_2024,1,0,3.292710937481107,3.0,0.292710937481107
lothstrasse,dlinear,autumn_2024,2,0,3.4127427041742573,1.0,2.4127427041742573
lothstrasse,dlinear,autumn_2024,3,0,3.783053378565851,1.0,2.783053378565851
lothstrasse,dlinear,autumn_2024,4,0,4.029028497728285,1.0,3.0290284977282846
lothstrasse,dlinear,autumn_2024,5,0,4.769356561857775,2.0,2.7693565618577747
lothstrasse,dlinear,autumn_2024,6,0,5.361841808159525,2.0,3.361841808159525
lothstrasse,dlinear,autumn_2024,7,0,5.653229178854756,4.0,1.6532291788547564
lothstrasse,dlinear,autumn_2024,8,0,5.242245123271452,3.0,2.242245123271452
lothstrasse,dlinear,autumn_2024,9,0,4.728440082604598,5.0,0.2715599173954022
lothstrasse,dlinear,autumn_2024,10,0,4.6766456810961134,8.0,3.3233543189038866
lothstrasse,dlinear,autumn_2024,11,0,5.005185068058496,10.0,4.994814931941504
lothstrasse,dlinear,autumn_2024,12,0,5.289803559815395,10.0,4.710196440184605
lothstrasse,dlinear,autumn_2024,13,0,5.132394893327559,9.0,3.867605106672441
lothstrasse,dlinear,autumn_2024,14,0,4.641864020727856,8.0,3.358135979272144
lothstrasse,dlinear,autumn_2024,15,0,4.114941899226645,6.0,1.885058100773355
lothstrasse,dlinear,autumn_2024,16,0,3.8437030086135913,7.0,3.1562969913864087
lothstrasse,dlinear,autumn_2024,17,0,3.723893951699698,6.0,2.276106048300302
lothstrasse,dlinear,autumn_2024,18,0,3.95275742553035,4.0,0.047242574469649856
lothstrasse,dlinear,autumn_2024,19,0,4.227788397918957,2.0,2.2277883979189568
lothstrasse,dlinear,autumn_2024,20,0,4.481320711229669,2.0,2.481320711229669
lothstrasse,dlinear,autumn_2024,21,0,4.771140672835737,5.0,0.22885932716426272
lothstrasse,dlinear,autumn_2024,22,0,5.042659915201985,5.0,0.042659915201984866
lothstrasse,dlinear,autumn_2024,23,0,5.183715229468213,3.0,2.1837152294682127
lothstrasse,dlinear,autumn_2024,24,1,5.27735871529358,2.0,3.2773587152935804
lothstrasse,dlinear,autumn_2024,25,1,5.744668385951149,4.0,1.7446683859511491
lothstrasse,dlinear,autumn_2024,26,1,6.490077735201968,5.0,1.490077735201968
lothstrasse,dlinear,autumn_2024,27,1,7.065163670020107,3.0,4.065163670020107
lothstrasse,dlinear,autumn_2024,28,1,6.995532668171433,3.0,3.9955326681714327
lothstrasse,dlinear,autumn_2024,29,1,6.396285330316411,2.0,4.396285330316411
lothstrasse,dlinear,autumn_2024,30,1,5.503330265246871,1.0,4.503330265246871
lothstrasse,dlinear,autumn_2024,31,1,4.4630760681539074,1.0,3.4630760681539074
lothstrasse,dlinear,autumn_2024,32,1,3.7423206486365466,0.9,2.8423206486365467
lothstrasse,dlinear,autumn_2024,33,1,2.6316207361723043,0.8,1.8316207361723043
lothstrasse,dlinear,autumn_2024,34,1,1.9872273591648533,0.5,1.4872273591648533
lothstrasse,dlinear,autumn_2024,35,1,1.3622923615005238,0.5,0.8622923615005238
lothstrasse,dlinear,autumn_2024,36,1,1.3477950319555183,0.5,0.8477950319555183
lothstrasse,dlinear,autumn_2024,37,1,1.6355786584688152,0.6,1.0355786584688151
lothstrasse,dlinear,autumn_2024,38,1,1.6627996918183796,0.8,0.8627996918183796
lothstrasse,dlinear,autumn_2024,39,1,1.669104593513302,1.0,0.669104593513302
lothstrasse,dlinear,autumn_2024,40,1,1.8936071586235181,2.0,0.10639284137648186
lothstrasse,dlinear,autumn_2024,41,1,2.161684961119565,3.0,0.838315038880435
lothstrasse,dlinear,autumn_2024,42,1,2.931403573240746,5.0,2.068596426759254
lothstrasse,dlinear,autumn_2024,43,1,4.096833943077726,10.0,5.903166056922274
lothstrasse,dlinear,autumn_2024,44,1,5.116926681362107,12.0,6.883073318637893
lothstrasse,dlinear,autumn_2024,45,1,5.875493922709801,12.0,6.124506077290199
lothstrasse,dlinear,autumn_2024,46,1,6.700093852110686,7.0,0.29990614788931413
lothstrasse,dlinear,autumn_2024,47,1,7.392560306867432,4.0,3.3925603068674324
lothstrasse,dlinear,autumn_2024,48,2,7.689009480496741,6.0,1.6890094804967406
lothstrasse,dlinear,autumn_2024,49,2,7.592954055250566,6.0,1.5929540552505657
lothstrasse,dlinear,autumn_2024,50,2,7.251447724241023,2.0,5.251447724241023
lothstrasse,dlinear,autumn_2024,51,2,6.808538259124516,2.0,4.808538259124516
lothstrasse,dlinear,autumn_2024,52,2,6.390592894919448,2.0,4.390592894919448
lothstrasse,dlinear,autumn_2024,53,2,6.291975806427875,2.0,4.291975806427875
lothstrasse,dlinear,autumn_2024,54,2,6.562943746094948,2.0,4.562943746094948
lothstrasse,dlinear,autumn_2024,55,2,7.42122203698602,3.0,4.42122203698602
lothstrasse,dlinear,autumn_2024,56,2,9.32121459470317,5.0,4.32121459470317
lothstrasse,dlinear,autumn_2024,57,2,9.90634424878705,4.0,5.90634424878705
lothstrasse,dlinear,autumn_2024,58,2,9.652199132481412,3.0,6.652199132481412
lothstrasse,dlinear,autumn_2024,59,2,9.13364447888114,4.0,5.1336444788811395
lothstrasse,dlinear,autumn_2024,60,2,8.17028525069159,3.0,5.17028525069159
lothstrasse,dlinear,autumn_2024,61,2,7.1800579714548824,3.0,4.1800579714548824
lothstrasse,dlinear,autumn_2024,62,2,6.677752825419498,2.0,4.677752825419498
lothstrasse,dlinear,autumn_2024,63,2,6.196039246261892,2.0,4.196039246261892
lothstrasse,dlinear,autumn_2024,64,2,6.021208868608755,2.0,4.021208868608755
lothstrasse,dlinear,autumn_2024,65,2,6.374791796243196,4.0,2.374791796243196
lothstrasse,dlinear,autumn_2024,66,2,6.473964149987756,3.0,3.473964149987756
lothstrasse,dlinear,autumn_2024,67,2,6.171637730323313,2.0,4.171637730323313
lothstrasse,dlinear,autumn_2024,68,2,6.008092622021833,4.0,2.0080926220218327
lothstrasse,dlinear,autumn_2024,69,2,5.800129807907176,5.0,0.8001298079071759
lothstrasse,dlinear,autumn_2024,70,2,5.681365770753981,6.0,0.3186342292460189
lothstrasse,dlinear,autumn_2024,71,2,5.601446718225219,8.0,2.398553281774781
lothstrasse,dlinear,autumn_2024,72,3,5.483594470858172,10.0,4.516405529141828
lothstrasse,dlinear,autumn_2024,73,3,5.527333895562103,9.0,3.472666104437897
lothstrasse,dlinear,autumn_2024,74,3,5.367086057516884,7.0,1.6329139424831158
lothstrasse,dlinear,autumn_2024,75,3,4.940117077712461,6.0,1.0598829222875388
lothstrasse,dlinear,autumn_2024,76,3,4.563317196677849,5.0,0.43668280332215126
lothstrasse,dlinear,autumn_2024,77,3,4.432183182332825,6.0,1.5678168176671754
lothstrasse,dlinear,autumn_2024,78,3,4.539716827674482,7.0,2.460283172325518
lothstrasse,dlinear,autumn_2024,79,3,4.767033694140794,9.0,4.232966305859206
lothstrasse,dlinear,autumn_2024,80,3,4.9925134562907285,10.0,5.0074865437092715
lothstrasse,dlinear,autumn_2024,81,3,5.034213816137297,8.0,2.9657861838627033
lothstrasse,dlinear,autumn_2024,82,3,4.760264876484573,9.0,4.239735123515427
lothstrasse,dlinear,autumn_2024,83,3,4.520762438768355,8.0,3.4792375612316446
lothstrasse,dlinear,autumn_2024,84,3,4.21577884235248,7.0,2.7842211576475204
lothstrasse,dlinear,autumn_2024,85,3,3.905536727322545,6.0,2.094463272677455
lothstrasse,dlinear,autumn_2024,86,3,3.570279041814291,4.0,0.4297209581857091
lothstrasse,dlinear,autumn_2024,87,3,3.3892570598628153,3.0,0.38925705986281534
lothstrasse,dlinear,autumn_2024,88,3,3.502696383716578,2.0,1.5026963837165779
lothstrasse,dlinear,autumn_2024,89,3,3.890023321521939,2.0,1.890023321521939
lothstrasse,dlinear,autumn_2024,90,3,4.453949005219648,2.0,2.4539490052196484
lothstrasse,dlinear,autumn_2024,91,3,4.880372249922161,2.0,2.8803722499221607
lothstrasse,dlinear,autumn_2024,92,3,5.055568133911091,2.0,3.055568133911091
lothstrasse,dlinear,autumn_2024,93,3,5.045900709455784,2.0,3.0459007094557844
lothstrasse,dlinear,autumn_2024,94,3,4.748623747637613,2.0,2.7486237476376134
lothstrasse,dlinear,autumn_2024,95,3,5.033023794773409,3.0,2.033023794773409
lothstrasse,dlinear,autumn_2024,96,4,5.583370319178144,2.0,3.583370319178144
lothstrasse,dlinear,autumn_2024,97,4,6.469577149409977,2.0,4.469577149409977
lothstrasse,dlinear,autumn_2024,98,4,6.923993357652881,3.0,3.923993357652881
lothstrasse,dlinear,autumn_2024,99,4,6.798212202000718,2.0,4.798212202000718
lothstrasse,dlinear,autumn_2024,100,4,7.6481198514200255,3.0,4.6481198514200255
lothstrasse,dlinear,autumn_2024,101,4,7.85637231938961,2.0,5.85637231938961
lothstrasse,dlinear,autumn_2024,102,4,7.252029934656035,2.0,5.252029934656035
lothstrasse,dlinear,autumn_2024,103,4,7.285340289072945,5.0,2.285340289072945
lothstrasse,dlinear,autumn_2024,104,4,7.286547328845321,6.0,1.2865473288453213
lothstrasse,dlinear,autumn_2024,105,4,6.283176604817564,5.0,1.2831766048175641
lothstrasse,dlinear,autumn_2024,106,4,4.76876602813053,2.0,2.76876602813053
lothstrasse,dlinear,autumn_2024,107,4,4.3539693793122565,2.0,2.3539693793122565
lothstrasse,dlinear,autumn_2024,108,4,4.084157327769184,3.0,1.0841573277691836
lothstrasse,dlinear,autumn_2024,109,4,4.088332851184219,4.0,0.08833285118421941
lothstrasse,dlinear,autumn_2024,110,4,4.248766628596143,3.0,1.248766628596143
lothstrasse,dlinear,autumn_2024,111,4,4.425224408925985,7.0,2.5747755910740153
lothstrasse,dlinear,autumn_2024,112,4,4.806007050638492,9.0,4.193992949361508
lothstrasse,dlinear,autumn_2024,113,4,4.7749883379940075,6.0,1.2250116620059925
lothstrasse,dlinear,autumn_2024,114,4,4.991520195018341,10.0,5.008479804981659
lothstrasse,dlinear,autumn_2024,115,4,4.6577302829230955,7.0,2.3422697170769045
lothstrasse,dlinear,autumn_2024,116,4,4.555857696376249,7.0,2.4441423036237513
lothstrasse,dlinear,autumn_2024,117,4,4.825241920515542,8.0,3.174758079484458
lothstrasse,dlinear,autumn_2024,118,4,5.715119330806847,4.0,1.7151193308068473
lothstrasse,dlinear,autumn_2024,119,4,6.549362328749799,5.0,1.5493623287497993
lothstrasse,dlinear,autumn_2024,120,5,7.21930102589438,5.0,2.2193010258943797
lothstrasse,dlinear,autumn_2024,121,5,7.683593769405009,3.0,4.683593769405009
lothstrasse,dlinear,autumn_2024,122,5,7.641483066327361,3.0,4.641483066327361
lothstrasse,dlinear,autumn_2024,123,5,6.7210583400616475,2.0,4.7210583400616475
lothstrasse,dlinear,autumn_2024,124,5,5.988842547779511,3.0,2.9888425477795106
lothstrasse,dlinear,autumn_2024,125,5,5.427418982008604,4.0,1.4274189820086036
lothstrasse,dlinear,autumn_2024,126,5,5.2040183543689675,5.0,0.20401835436896754
lothstrasse,dlinear,autumn_2024,127,5,4.998513243923949,6.0,1.0014867560760514
lothstrasse,dlinear,autumn_2024,128,5,4.64146221744055,4.0,0.6414622174405498
lothstrasse,dlinear,autumn_2024,129,5,4.0020328037987785,3.0,1.0020328037987785
lothstrasse,dlinear,autumn_2024,130,5,3.3155959948823415,2.0,1.3155959948823415
lothstrasse,dlinear,autumn_2024,131,5,2.3163094621426206,1.0,1.3163094621426206
lothstrasse,dlinear,autumn_2024,132,5,1.7970319439098161,0.9,0.8970319439098161
lothstrasse,dlinear,autumn_2024,133,5,1.7899004170985457,2.0,0.21009958290145425
lothstrasse,dlinear,autumn_2024,134,5,1.9263956270505673,2.0,0.07360437294943267
lothstrasse,dlinear,autumn_2024,135,5,2.3766777932545518,1.0,1.3766777932545518
lothstrasse,dlinear,autumn_2024,136,5,3.0269092854309037,2.0,1.0269092854309037
lothstrasse,dlinear,autumn_2024,137,5,3.823285918042682,3.0,0.8232859180426821
lothstrasse,dlinear,autumn_2024,138,5,4.76150272505069,3.0,1.7615027250506898
lothstrasse,dlinear,autumn_2024,139,5,5.431069718586398,2.0,3.4310697185863983
lothstrasse,dlinear,autumn_2024,140,5,5.765128399295851,4.0,1.7651283992958513
lothstrasse,dlinear,autumn_2024,141,5,6.062960714617324,6.0,0.06296071461732389
lothstrasse,dlinear,autumn_2024,142,5,5.6343460255619355,7.0,1.3656539744380645
lothstrasse,dlinear,autumn_2024,143,5,4.947870754298146,4.0,0.9478707542981457
lothstrasse,dlinear,autumn_2024,144,6,4.437723023051019,5.0,0.562276976948981
lothstrasse,dlinear,autumn_2024,145,6,4.138303986787441,5.0,0.8616960132125593
lothstrasse,dlinear,autumn_2024,146,6,3.90658106458267,4.0,0.09341893541733004
lothstrasse,dlinear,autumn_2024,147,6,3.7064986679859167,2.0,1.7064986679859167
lothstrasse,dlinear,autumn_2024,148,6,3.4967118359012748,3.0,0.49671183590127477
lothstrasse,dlinear,autumn_2024,149,6,3.4430914388846627,1.0,2.4430914388846627
lothstrasse,dlinear,autumn_2024,150,6,3.611088172063362,1.0,2.611088172063362
lothstrasse,dlinear,autumn_2024,151,6,3.5973086466326585,1.0,2.5973086466326585
lothstrasse,dlinear,autumn_2024,152,6,3.389982738221947,1.0,2.389982738221947
lothstrasse,dlinear,autumn_2024,153,6,2.858409187250036,1.0,1.858409187250036
lothstrasse,dlinear,autumn_2024,154,6,2.6208135971314332,2.0,0.6208135971314332
lothstrasse,dlinear,autumn_2024,155,6,2.352251376318641,3.0,0.647748623681359
lothstrasse,dlinear,autumn_2024,156,6,2.2744891575666557,4.0,1.7255108424333443
lothstrasse,dlinear,autumn_2024,157,6,2.5995227509517203,3.0,0.40047724904827975
lothstrasse,dlinear,autumn_2024,158,6,2.605501349456614,4.0,1.3944986505433858
lothstrasse,dlinear,autumn_2024,159,6,2.9645096637268313,5.0,2.0354903362731687
lothstrasse,dlinear,autumn_2024,160,6,3.5522697315082246,6.0,2.4477302684917754
lothstrasse,dlinear,autumn_2024,161,6,4.484524382372081,8.0,3.515475617627919
lothstrasse,dlinear,autumn_2024,162,6,6.389914195468359,10.0,3.610085804531641
lothstrasse,dlinear,autumn_2024,163,6,7.851068827349009,12.0,4.148931172650991
lothstrasse,dlinear,autumn_2024,164,6,8.542264663554766,11.0,2.457735336445234
lothstrasse,dlinear,autumn_2024,165,6,8.82895366462055,11.0,2.171046335379449
lothstrasse,dlinear,autumn_2024,166,6,8.778719569467283,12.0,3.221280430532717
lothstrasse,dlinear,autumn_2024,167,6,8.50848518701153,13.0,4.49151481298847
lothstrasse,dlinear,autumn_2024,168,7,8.115817483692531,14.0,5.884182516307469
lothstrasse,dlinear,autumn_2024,169,7,7.97793511340926,13.0,5.02206488659074
lothstrasse,dlinear,autumn_2024,170,7,7.963563042923505,11.0,3.0364369570764946
lothstrasse,dlinear,autumn_2024,171,7,7.685641844261883,9.0,1.314358155738117
lothstrasse,dlinear,autumn_2024,172,7,7.347769448782676,7.0,0.34776944878267635
lothstrasse,dlinear,autumn_2024,173,7,7.132629909842297,7.0,0.13262990984229717
lothstrasse,dlinear,autumn_2024,174,7,7.361138103203213,6.0,1.3611381032032126
lothstrasse,dlinear,autumn_2024,175,7,7.930801645452316,5.0,2.9308016454523163
lothstrasse,dlinear,autumn_2024,176,7,7.872004952558179,7.0,0.8720049525581786
lothstrasse,dlinear,autumn_2024,177,7,8.008117977120218,12.0,3.991882022879782
lothstrasse,dlinear,autumn_2024,178,7,7.559151514340153,10.0,2.4408484856598474
lothstrasse,dlinear,autumn_2024,179,7,7.022292678187582,5.0,2.022292678187582
lothstrasse,dlinear,autumn_2024,180,7,7.1639886087575695,5.0,2.1639886087575695
lothstrasse,dlinear,autumn_2024,181,7,7.142068205304444,2.0,5.142068205304444
lothstrasse,dlinear,autumn_2024,182,7,6.992537862908218,1.0,5.992537862908218
lothstrasse,dlinear,autumn_2024,183,7,7.141230635684421,3.0,4.141230635684421
lothstrasse,dlinear,autumn_2024,184,7,7.408160009711471,4.0,3.4081600097114713
lothstrasse,dlinear,autumn_2024,185,7,7.141605279822285,2.0,5.141605279822285
lothstrasse,dlinear,autumn_2024,186,7,6.277788311643663,1.0,5.277788311643663
lothstrasse,dlinear,autumn_2024,187,7,5.484341477224987,0.7,4.784341477224987
lothstrasse,dlinear,autumn_2024,188,7,4.876912740759514,0.8,4.076912740759514
lothstrasse,dlinear,autumn_2024,189,7,4.153009674719188,1.0,3.153009674719188
lothstrasse,dlinear,autumn_2024,190,7,3.361527709200982,1.0,2.361527709200982
lothstrasse,dlinear,autumn_2024,191,7,2.6639836532124295,1.0,1.6639836532124295
lothstrasse,dlinear,autumn_2024,192,8,2.3019862306646215,1.0,1.3019862306646215
lothstrasse,dlinear,autumn_2024,193,8,2.088202895428169,0.8,1.2882028954281688
lothstrasse,dlinear,autumn_2024,194,8,1.855055406770029,0.8,1.0550554067700288
lothstrasse,dlinear,autumn_2024,195,8,1.7625080239373063,0.8,0.9625080239373063
lothstrasse,dlinear,autumn_2024,196,8,1.9601844089040594,2.0,0.03981559109594057
lothstrasse,dlinear,autumn_2024,197,8,2.0569724475134086,2.0,0.056972447513408575
lothstrasse,dlinear,autumn_2024,198,8,2.4042110092813753,3.0,0.5957889907186247
lothstrasse,dlinear,autumn_2024,199,8,2.5820666541642137,3.0,0.41793334583578634
lothstrasse,dlinear,autumn_2024,200,8,2.4679539868900524,3.0,0.5320460131099476
lothstrasse,dlinear,autumn_2024,201,8,1.807486015221337,2.0,0.192513984778663
lothstrasse,dlinear,autumn_2024,202,8,1.2350633080126863,3.0,1.7649366919873137
lothstrasse,dlinear,autumn_2024,203,8,1.1215982206115394,3.0,1.8784017793884606
lothstrasse,dlinear,autumn_2024,204,8,1.305981630853593,4.0,2.694018369146407
lothstrasse,dlinear,autumn_2024,205,8,1.4406426040148985,4.0,2.5593573959851015
lothstrasse,dlinear,autumn_2024,206,8,1.525055367140852,4.0,2.474944632859148
lothstrasse,dlinear,autumn_2024,207,8,1.7219522813876145,4.0,2.2780477186123855
lothstrasse,dlinear,autumn_2024,208,8,2.1266984699317404,4.0,1.8733015300682596
lothstrasse,dlinear,autumn_2024,209,8,2.9306786765610893,7.0,4.069321323438911
lothstrasse,dlinear,autumn_2024,210,8,3.69618773211972,7.0,3.30381226788028
lothstrasse,dlinear,autumn_2024,211,8,3.8005164561708096,3.0,0.8005164561708096
lothstrasse,dlinear,autumn_2024,212,8,3.6067312357740553,2.0,1.6067312357740553
lothstrasse,dlinear,autumn_2024,213,8,3.3204046156506086,2.0,1.3204046156506086
lothstrasse,dlinear,autumn_2024,214,8,2.9344716048493953,2.0,0.9344716048493953
lothstrasse,dlinear,autumn_2024,215,8,2.686517849674905,2.0,0.6865178496749049
lothstrasse,dlinear,autumn_2024,216,9,2.4729746737375504,1.0,1.4729746737375504
lothstrasse,dlinear,autumn_2024,217,9,2.5345357752742954,1.0,1.5345357752742954
lothstrasse,dlinear,autumn_2024,218,9,2.5339443896521967,1.0,1.5339443896521967
lothstrasse,dlinear,autumn_2024,219,9,2.4439811128983706,1.0,1.4439811128983706
lothstrasse,dlinear,autumn_2024,220,9,2.295741788650113,1.0,1.2957417886501128
lothstrasse,dlinear,autumn_2024,221,9,1.7471355676404396,1.0,0.7471355676404396
lothstrasse,dlinear,autumn_2024,222,9,1.3650496322960377,0.9,0.4650496322960377
lothstrasse,dlinear,autumn_2024,223,9,1.3983306246033793,0.8,0.5983306246033793
lothstrasse,dlinear,autumn_2024,224,9,1.6008856186368443,0.8,0.8008856186368443
lothstrasse,dlinear,autumn_2024,225,9,1.5360618569066,0.9,0.6360618569066
lothstrasse,dlinear,autumn_2024,226,9,1.5388998224498311,1.0,0.5388998224498311
lothstrasse,dlinear,autumn_2024,227,9,1.5754400541882303,1.0,0.5754400541882303
lothstrasse,dlinear,autumn_2024,228,9,1.5583368538380844,1.0,0.5583368538380844
lothstrasse,dlinear,autumn_2024,229,9,1.6129814053376412,1.0,0.6129814053376412
lothstrasse,dlinear,autumn_2024,230,9,1.547574018375116,1.0,0.5475740183751161
lothstrasse,dlinear,autumn_2024,231,9,1.9352017945486968,2.0,0.06479820545130321
lothstrasse,dlinear,autumn_2024,232,9,2.403457180300972,2.0,0.4034571803009719
lothstrasse,dlinear,autumn_2024,233,9,2.8710048312104304,2.0,0.8710048312104304
lothstrasse,dlinear,autumn_2024,234,9,3.116173538619984,2.0,1.116173538619984
lothstrasse,dlinear,autumn_2024,235,9,2.703436771159622,1.0,1.7034367711596219
lothstrasse,dlinear,autumn_2024,236,9,2.296153672238816,1.0,1.296153672238816
lothstrasse,dlinear,autumn_2024,237,9,1.9966327052511552,1.0,0.9966327052511552
lothstrasse,dlinear,autumn_2024,238,9,1.785580936800578,1.0,0.785580936800578
lothstrasse,dlinear,autumn_2024,239,9,1.5432473367999862,1.0,0.5432473367999862
lothstrasse,dlinear,autumn_2024,240,10,1.3970897590015032,1.0,0.39708975900150323
lothstrasse,dlinear,autumn_2024,241,10,1.291837402054469,1.0,0.29183740205446895
lothstrasse,dlinear,autumn_2024,242,10,1.1712307761544265,0.9,0.2712307761544265
lothstrasse,dlinear,autumn_2024,243,10,1.1361101758562606,0.9,0.2361101758562606
lothstrasse,dlinear,autumn_2024,244,10,1.1255542181509197,1.0,0.12555421815091972
lothstrasse,dlinear,autumn_2024,245,10,1.1347889451554534,1.0,0.13478894515545337
lothstrasse,dlinear,autumn_2024,246,10,1.4504587697241798,1.0,0.45045876972417975
lothstrasse,dlinear,autumn_2024,247,10,1.6559561646927619,1.0,0.6559561646927619
lothstrasse,dlinear,autumn_2024,248,10,1.5422607327133844,1.0,0.5422607327133844
lothstrasse,dlinear,autumn_2024,249,10,1.3264954906501347,1.0,0.3264954906501347
lothstrasse,dlinear,autumn_2024,250,10,1.4545582332088705,1.0,0.45455823320887045
lothstrasse,dlinear,autumn_2024,251,10,1.3797866864782469,1.0,0.37978668647824687
lothstrasse,dlinear,autumn_2024,252,10,1.3835687068889508,1.0,0.38356870688895084
lothstrasse,dlinear,autumn_2024,253,10,1.2388984224828943,1.0,0.23889842248289428
lothstrasse,dlinear,autumn_2024,254,10,1.2823090578688063,1.0,0.28230905786880633
lothstrasse,dlinear,autumn_2024,255,10,1.5056337778492508,2.0,0.4943662221507492
lothstrasse,dlinear,autumn_2024,256,10,1.7074581706259266,2.0,0.29254182937407336
lothstrasse,dlinear,autumn_2024,257,10,1.9427393194655318,2.0,0.0572606805344682
lothstrasse,dlinear,autumn_2024,258,10,2.2783382424933403,2.0,0.27833824249334027
lothstrasse,dlinear,autumn_2024,259,10,3.3753755244129993,3.0,0.37537552441299926
lothstrasse,dlinear,autumn_2024,260,10,4.191599376912591,5.0,0.808400623087409
lothstrasse,dlinear,autumn_2024,261,10,5.043652219867998,5.0,0.043652219867998276
lothstrasse,dlinear,autumn_2024,262,10,5.573214669696306,12.0,6.426785330303694
lothstrasse,dlinear,autumn_2024,263,10,5.548399314875492,10.0,4.451600685124508
lothstrasse,dlinear,autumn_2024,264,11,5.1845687495137165,11.0,5.8154312504862835
lothstrasse,dlinear,autumn_2024,265,11,4.880156031455366,12.0,7.119843968544634
lothstrasse,dlinear,autumn_2024,266,11,5.180024599305789,13.0,7.819975400694211
lothstrasse,dlinear,autumn_2024,267,11,5.341417348595819,11.0,5.658582651404181
lothstrasse,dlinear,autumn_2024,268,11,5.289365053705081,9.0,3.7106349462949186
lothstrasse,dlinear,autumn_2024,269,11,5.308980456700138,5.0,0.3089804567001382
lothstrasse,dlinear,autumn_2024,270,11,5.4294351799130816,4.0,1.4294351799130816
lothstrasse,dlinear,autumn_2024,271,11,5.276941564802204,2.0,3.276941564802204
lothstrasse,dlinear,autumn_2024,272,11,4.642497999648008,1.0,3.6424979996480076
lothstrasse,dlinear,autumn_2024,273,11,3.8554011346604673,1.0,2.8554011346604673
lothstrasse,dlinear,autumn_2024,274,11,3.1580597565757373,1.0,2.1580597565757373
lothstrasse,dlinear,autumn_2024,275,11,2.6602099982952967,2.0,0.6602099982952967
lothstrasse,dlinear,autumn_2024,276,11,2.306792454713856,2.0,0.3067924547138561
lothstrasse,dlinear,autumn_2024,277,11,2.159221821010901,1.0,1.159221821010901
lothstrasse,dlinear,autumn_2024,278,11,2.457504297444844,2.0,0.457504297444844
lothstrasse,dlinear,autumn_2024,279,11,2.968446141923779,1.0,1.968446141923779
lothstrasse,dlinear,autumn_2024,280,11,4.528641417370972,2.0,2.528641417370972
lothstrasse,dlinear,autumn_2024,281,11,6.378759066359634,6.0,0.37875906635963386
lothstrasse,dlinear,autumn_2024,282,11,7.957634682658274,7.0,0.9576346826582736
lothstrasse,dlinear,autumn_2024,283,11,9.081525204375192,11.0,1.9184747956248085
lothstrasse,dlinear,autumn_2024,284,11,8.634470189383096,8.0,0.6344701893830962
lothstrasse,dlinear,autumn_2024,285,11,6.972258970972146,6.0,0.9722589709721463
lothstrasse,dlinear,autumn_2024,286,11,5.391932401547908,5.0,0.3919324015479084
lothstrasse,dlinear,autumn_2024,287,11,4.460704485059372,6.0,1.539295514940628
lothstrasse,dlinear,autumn_2024,288,12,4.01202076315034,4.0,0.012020763150339953
lothstrasse,dlinear,autumn_2024,289,12,3.5363997956346664,3.0,0.5363997956346664
lothstrasse,dlinear,autumn_2024,290,12,2.7893221834280832,2.0,0.7893221834280832
lothstrasse,dlinear,autumn_2024,291,12,2.079639813987121,2.0,0.07963981398712106
lothstrasse,dlinear,autumn_2024,292,12,1.7039541359774253,1.0,0.7039541359774253
lothstrasse,dlinear,autumn_2024,293,12,1.2841467814252154,1.0,0.28414678142521543
lothstrasse,dlinear,autumn_2024,294,12,1.0616166107186853,1.0,0.061616610718685294
lothstrasse,dlinear,autumn_2024,295,12,0.9518632410038346,1.0,0.04813675899616543
lothstrasse,dlinear,autumn_2024,296,12,1.0601090787238525,2.0,0.9398909212761475
lothstrasse,dlinear,autumn_2024,297,12,1.666353681433196,2.0,0.33364631856680393
lothstrasse,dlinear,autumn_2024,298,12,2.4611462421182635,2.0,0.4611462421182635
lothstrasse,dlinear,autumn_2024,299,12,3.251279370173309,2.0,1.2512793701733091
lothstrasse,dlinear,autumn_2024,300,12,3.6209922908330885,1.0,2.6209922908330885
lothstrasse,dlinear,autumn_2024,301,12,3.9166077815836355,1.0,2.9166077815836355
lothstrasse,dlinear,autumn_2024,302,12,3.426132072848661,1.0,2.426132072848661
lothstrasse,dlinear,autumn_2024,303,12,3.2474536502683304,1.0,2.2474536502683304
lothstrasse,dlinear,autumn_2024,304,12,2.8274396908863513,1.0,1.8274396908863513
lothstrasse,dlinear,autumn_2024,305,12,3.2975382310382164,3.0,0.2975382310382164
lothstrasse,dlinear,autumn_2024,306,12,3.651277071521365,5.0,1.3487229284786348
lothstrasse,dlinear,autumn_2024,307,12,4.089409593358738,6.0,1.910590406641262
lothstrasse,dlinear,autumn_2024,308,12,4.22296164537451,4.0,0.22296164537451002
lothstrasse,dlinear,autumn_2024,309,12,4.337736012286954,5.0,0.6622639877130458
lothstrasse,dlinear,autumn_2024,310,12,4.291459470514149,8.0,3.708540529485851
lothstrasse,dlinear,autumn_2024,311,12,4.015290058435964,7.0,2.984709941564036
lothstrasse,dlinear,autumn_2024,312,13,3.7706412177465833,5.0,1.2293587822534167
lothstrasse,dlinear,autumn_2024,313,13,3.5581989437377795,2.0,1.5581989437377795
lothstrasse,dlinear,autumn_2024,314,13,3.4468953725577434,2.0,1.4468953725577434
lothstrasse,dlinear,autumn_2024,315,13,3.268430470946429,2.0,1.268430470946429
lothstrasse,dlinear,autumn_2024,316,13,3.088647414048288,1.0,2.088647414048288
lothstrasse,dlinear,autumn_2024,317,13,3.363923807801802,1.0,2.363923807801802
lothstrasse,dlinear,autumn_2024,318,13,3.821843404815531,2.0,1.8218434048155312
lothstrasse,dlinear,autumn_2024,319,13,4.58266940561136,2.0,2.5826694056113597
lothstrasse,dlinear,autumn_2024,320,13,5.0037466539742415,3.0,2.0037466539742415
lothstrasse,dlinear,autumn_2024,321,13,4.920179259436189,6.0,1.079820740563811
lothstrasse,dlinear,autumn_2024,322,13,4.251607276109774,5.0,0.7483927238902259
lothstrasse,dlinear,autumn_2024,323,13,3.9200875373163306,7.0,3.0799124626836694
lothstrasse,dlinear,autumn_2024,324,13,4.310214648410385,8.0,3.689785351589615
lothstrasse,dlinear,autumn_2024,325,13,4.898569258911405,9.0,4.101430741088595
lothstrasse,dlinear,autumn_2024,326,13,6.299977043095449,8.0,1.7000229569045509
lothstrasse,dlinear,autumn_2024,327,13,8.343752490375467,7.0,1.3437524903754667
lothstrasse,dlinear,autumn_2024,328,13,9.776517044140293,9.0,0.7765170441402933
lothstrasse,dlinear,autumn_2024,329,13,10.333319678829547,9.0,1.3333196788295467
lothstrasse,dlinear,autumn_2024,330,13,11.356126706576257,14.0,2.643873293423743
lothstrasse,dlinear,autumn_2024,331,13,11.320206359337801,10.0,1.320206359337801
lothstrasse,dlinear,autumn_2024,332,13,8.582233403918814,5.0,3.5822334039188135
lothstrasse,dlinear,autumn_2024,333,13,6.293086661102734,3.0,3.293086661102734
lothstrasse,dlinear,autumn_2024,334,13,6.33963854020085,2.0,4.33963854020085
lothstrasse,dlinear,autumn_2024,335,13,7.396908938743727,2.0,5.396908938743727
lothstrasse,dlinear,autumn_2024,336,14,8.17993711675245,2.0,6.17993711675245
lothstrasse,dlinear,autumn_2024,337,14,8.263826728231985,2.0,6.263826728231985
lothstrasse,dlinear,autumn_2024,338,14,8.605280609981724,2.0,6.605280609981724
lothstrasse,dlinear,autumn_2024,339,14,8.782704995833148,2.0,6.782704995833148
lothstrasse,dlinear,autumn_2024,340,14,9.230983106873861,2.0,7.230983106873861
lothstrasse,dlinear,autumn_2024,341,14,10.295368115177256,4.0,6.295368115177256
lothstrasse,dlinear,autumn_2024,342,14,12.881265956946605,5.0,7.881265956946605
lothstrasse,dlinear,autumn_2024,343,14,15.458607447773314,5.0,10.458607447773314
lothstrasse,dlinear,autumn_2024,344,14,17.397143043790688,7.0,10.397143043790688
lothstrasse,dlinear,autumn_2024,345,14,18.15042498089398,7.0,11.15042498089398
lothstrasse,dlinear,autumn_2024,346,14,17.044151868725784,5.0,12.044151868725784
lothstrasse,dlinear,autumn_2024,347,14,15.04508106595735,7.0,8.04508106595735
lothstrasse,dlinear,autumn_2024,348,14,12.827615869625248,7.0,5.827615869625248
lothstrasse,dlinear,autumn_2024,349,14,11.469014049278815,5.0,6.469014049278815
lothstrasse,dlinear,autumn_2024,350,14,10.738606917212266,6.0,4.738606917212266
lothstrasse,dlinear,autumn_2024,351,14,10.203639193399775,6.0,4.203639193399775
lothstrasse,dlinear,autumn_2024,352,14,10.402687693243317,7.0,3.402687693243317
lothstrasse,dlinear,autumn_2024,353,14,11.122460102764233,8.0,3.122460102764233
lothstrasse,dlinear,autumn_2024,354,14,11.080218884067484,8.0,3.0802188840674845
lothstrasse,dlinear,autumn_2024,355,14,10.809888716558621,9.0,1.8098887165586213
lothstrasse,dlinear,autumn_2024,356,14,10.430323625238861,9.0,1.4303236252388611
lothstrasse,dlinear,autumn_2024,357,14,9.67952390201873,7.0,2.6795239020187296
lothstrasse,dlinear,autumn_2024,358,14,9.187303503516727,7.0,2.187303503516727
lothstrasse,dlinear,autumn_2024,359,14,9.007273487928629,6.0,3.0072734879286287
lothstrasse,dlinear,autumn_2024,360,15,8.757115893037886,8.0,0.7571158930378861
lothstrasse,dlinear,autumn_2024,361,15,8.102289807088988,5.0,3.1022898070889884
lothstrasse,dlinear,autumn_2024,362,15,7.267092298392404,5.0,2.267092298392404
lothstrasse,dlinear,autumn_2024,363,15,6.564392578665846,6.0,0.5643925786658457
lothstrasse,dlinear,autumn_2024,364,15,6.374009372975124,7.0,0.6259906270248763
lothstrasse,dlinear,autumn_2024,365,15,6.503906943774915,8.0,1.4960930562250851
lothstrasse,dlinear,autumn_2024,366,15,6.624776227515157,8.0,1.3752237724848433
lothstrasse,dlinear,autumn_2024,367,15,6.621573810636954,7.0,0.3784261893630463
lothstrasse,dlinear,autumn_2024,368,15,6.482561440801801,9.0,2.517438559198199
lothstrasse,dlinear,autumn_2024,369,15,6.1549153489347015,8.0,1.8450846510652985
lothstrasse,dlinear,autumn_2024,370,15,5.776765790425999,8.0,2.2232342095740014
lothstrasse,dlinear,autumn_2024,371,15,5.6214926770948015,9.0,3.3785073229051985
lothstrasse,dlinear,autumn_2024,372,15,5.524402445297536,9.0,3.475597554702464
lothstrasse,dlinear,autumn_2024,373,15,5.541842180975194,7.0,1.4581578190248061
lothstrasse,dlinear,autumn_2024,374,15,5.484907333746528,2.0,3.484907333746528
lothstrasse,dlinear,autumn_2024,375,15,5.641603185590739,4.0,1.6416031855907391
lothstrasse,dlinear,autumn_2024,376,15,5.836872152158776,6.0,0.16312784784122414
lothstrasse,dlinear,autumn_2024,377,15,6.435104984476062,8.0,1.5648950155239376
lothstrasse,dlinear,autumn_2024,378,15,7.373972160886667,9.0,1.6260278391133332
lothstrasse,dlinear,autumn_2024,379,15,8.003115592420272,10.0,1.9968844075797278
lothstrasse,dlinear,autumn_2024,380,15,8.169822385507073,9.0,0.8301776144929267
lothstrasse,dlinear,autumn_2024,381,15,8.296021712423611,9.0,0.7039782875763887
lothstrasse,dlinear,autumn_2024,382,15,8.180123459108128,9.0,0.8198765408918725
lothstrasse,dlinear,autumn_2024,383,15,8.029282536390582,10.0,1.970717463609418
lothstrasse,dlinear,autumn_2024,384,16,7.9674930742027055,9.0,1.0325069257972945
lothstrasse,dlinear,autumn_2024,385,16,8.108013952379325,8.0,0.10801395237932532
lothstrasse,dlinear,autumn_2024,386,16,8.09022267379597,9.0,0.9097773262040292
lothstrasse,dlinear,autumn_2024,387,16,8.044341643817821,8.0,0.04434164381782146
lothstrasse,dlinear,autumn_2024,388,16,8.199315721335728,6.0,2.1993157213357275
lothstrasse,dlinear,autumn_2024,389,16,8.467877840355492,6.0,2.4678778403554915
lothstrasse,dlinear,autumn_2024,390,16,9.232456975760455,6.0,3.2324569757604547
lothstrasse,dlinear,autumn_2024,391,16,10.507693381181047,8.0,2.5076933811810473
lothstrasse,dlinear,autumn_2024,392,16,11.790758138270052,8.0,3.7907581382700517
lothstrasse,dlinear,autumn_2024,393,16,12.52128336748948,8.0,4.521283367489479
lothstrasse,dlinear,autumn_2024,394,16,12.494633346168374,8.0,4.494633346168374
lothstrasse,dlinear,autumn_2024,395,16,11.760103787577522,6.0,5.760103787577522
lothstrasse,dlinear,autumn_2024,396,16,10.419620796773078,5.0,5.419620796773078
lothstrasse,dlinear,autumn_2024,397,16,8.87137588458265,3.0,5.871375884582649
lothstrasse,dlinear,autumn_2024,398,16,8.504196839663903,5.0,3.504196839663903
lothstrasse,dlinear,autumn_2024,399,16,8.84412207702168,7.0,1.8441220770216802
lothstrasse,dlinear,autumn_2024,400,16,9.455210651704544,7.0,2.455210651704544
lothstrasse,dlinear,autumn_2024,401,16,10.678935582424126,8.0,2.678935582424126
lothstrasse,dlinear,autumn_2024,402,16,11.693238961357139,9.0,2.693238961357139
lothstrasse,dlinear,autumn_2024,403,16,12.223533941715193,11.0,1.2235339417151927
lothstrasse,dlinear,autumn_2024,404,16,12.313066247421393,10.0,2.3130662474213928
lothstrasse,dlinear,autumn_2024,405,16,12.128655565666923,7.0,5.128655565666923
lothstrasse,dlinear,autumn_2024,406,16,11.745330549210271,6.0,5.745330549210271
lothstrasse,dlinear,autumn_2024,407,16,11.164521986487184,7.0,4.164521986487184
lothstrasse,dlinear,autumn_2024,408,17,11.184183029605943,9.0,2.1841830296059435
lothstrasse,dlinear,autumn_2024,409,17,11.689021119985743,12.0,0.31097888001425744
lothstrasse,dlinear,autumn_2024,410,17,12.28950779757739,14.0,1.7104922024226106
lothstrasse,dlinear,autumn_2024,411,17,12.741769074212941,15.0,2.2582309257870588
lothstrasse,dlinear,autumn_2024,412,17,12.888809043657,13.0,0.11119095634300002
lothstrasse,dlinear,autumn_2024,413,17,13.03510438649475,12.0,1.0351043864947496
lothstrasse,dlinear,autumn_2024,414,17,13.382722170748597,13.0,0.3827221707485968
lothstrasse,dlinear,autumn_2024,415,17,13.301403746377774,14.0,0.6985962536222257
lothstrasse,dlinear,autumn_2024,416,17,13.58536633536284,10.0,3.58536633536284
lothstrasse,dlinear,autumn_2024,417,17,13.80337160492704,7.0,6.80337160492704
lothstrasse,dlinear,autumn_2024,418,17,14.076678113125812,3.0,11.076678113125812
lothstrasse,dlinear,autumn_2024,419,17,14.692984685287339,3.0,11.692984685287339
lothstrasse,dlinear,autumn_2024,420,17,15.769226740254638,9.0,6.769226740254638
lothstrasse,dlinear,autumn_2024,421,17,16.09160611049053,14.0,2.091606110490531
lothstrasse,dlinear,autumn_2024,422,17,15.517338879389074,13.0,2.517338879389074
lothstrasse,dlinear,autumn_2024,423,17,15.38735810141807,14.0,1.3873581014180694
lothstrasse,dlinear,autumn_2024,424,17,16.840742648952155,16.0,0.8407426489521548
lothstrasse,dlinear,autumn_2024,425,17,19.37676827492187,22.0,2.6232317250781314
lothstrasse,dlinear,autumn_2024,426,17,21.114568510320574,24.0,2.8854314896794264
lothstrasse,dlinear,autumn_2024,427,17,21.47929477529654,22.0,0.5207052247034589
lothstrasse,dlinear,autumn_2024,428,17,20.664482822622624,20.0,0.6644828226226238
lothstrasse,dlinear,autumn_2024,429,17,19.307138080749134,16.0,3.3071380807491337
lothstrasse,dlinear,autumn_2024,430,17,17.335571470047135,12.0,5.335571470047135
lothstrasse,dlinear,autumn_2024,431,17,15.69886857309665,9.0,6.69886857309665
lothstrasse,dlinear,autumn_2024,432,18,13.499407972423793,5.0,8.499407972423793
lothstrasse,dlinear,autumn_2024,433,18,11.198820938633245,6.0,5.198820938633245
lothstrasse,dlinear,autumn_2024,434,18,9.08754591034099,5.0,4.087545910340991
lothstrasse,dlinear,autumn_2024,435,18,7.812140899962327,6.0,1.8121408999623272
lothstrasse,dlinear,autumn_2024,436,18,6.979700386420072,6.0,0.9797003864200722
lothstrasse,dlinear,autumn_2024,437,18,6.410268282895732,6.0,0.41026828289573203
lothstrasse,dlinear,autumn_2024,438,18,6.115438364404114,6.0,0.11543836440411415
lothstrasse,dlinear,autumn_2024,439,18,6.102125610002686,6.0,0.10212561000268572
lothstrasse,dlinear,autumn_2024,440,18,8.625325658955918,9.0,0.3746743410440825
lothstrasse,dlinear,autumn_2024,441,18,7.647710697110702,0.8,6.847710697110702
lothstrasse,dlinear,autumn_2024,442,18,6.351540871419092,1.0,5.351540871419092
lothstrasse,dlinear,autumn_2024,443,18,5.702750012697556,1.0,4.702750012697556
lothstrasse,dlinear,autumn_2024,444,18,5.496061834381387,1.0,4.496061834381387
lothstrasse,dlinear,autumn_2024,445,18,5.7959163890547405,2.0,3.7959163890547405
lothstrasse,dlinear,autumn_2024,446,18,6.549560788450819,5.0,1.549560788450819
lothstrasse,dlinear,autumn_2024,447,18,8.367536532057553,12.0,3.632463467942447
lothstrasse,dlinear,autumn_2024,448,18,10.46336104250446,16.0,5.536638957495541
lothstrasse,dlinear,autumn_2024,449,18,11.999713583737844,13.0,1.0002864162621563
lothstrasse,dlinear,autumn_2024,450,18,13.653388786101555,13.0,0.653388786101555
lothstrasse,dlinear,autumn_2024,451,18,14.65611355063416,15.0,0.34388644936584
lothstrasse,dlinear,autumn_2024,452,18,14.920422067761686,20.0,5.079577932238314
lothstrasse,dlinear,autumn_2024,453,18,15.194370371865327,23.0,7.805629628134673
lothstrasse,dlinear,autumn_2024,454,18,15.878155204832499,22.0,6.121844795167501
lothstrasse,dlinear,autumn_2024,455,18,16.222459386062415,17.0,0.7775406139375853
lothstrasse,dlinear,autumn_2024,456,19,16.363991727166038,15.0,1.363991727166038
lothstrasse,dlinear,autumn_2024,457,19,16.68582293936098,15.0,1.6858229393609783
lothstrasse,dlinear,autumn_2024,458,19,16.803443935727586,15.0,1.8034439357275858
lothstrasse,dlinear,autumn_2024,459,19,16.98481506947323,15.0,1.9848150694732283
lothstrasse,dlinear,autumn_2024,460,19,17.241062801339496,16.0,1.2410628013394955
lothstrasse,dlinear,autumn_2024,461,19,17.945068021754206,15.0,2.9450680217542065
lothstrasse,dlinear,autumn_2024,462,19,17.802729026015726,11.0,6.802729026015726
lothstrasse,dlinear,autumn_2024,463,19,17.906927443679233,13.0,4.906927443679233
lothstrasse,dlinear,autumn_2024,464,19,17.166007498596894,11.0,6.166007498596894
lothstrasse,dlinear,autumn_2024,465,19,15.829231411211314,9.0,6.829231411211314
lothstrasse,dlinear,autumn_2024,466,19,14.25380663064855,7.0,7.253806630648549
lothstrasse,dlinear,autumn_2024,467,19,12.311982659785306,4.0,8.311982659785306
lothstrasse,dlinear,autumn_2024,468,19,10.537072228058042,2.0,8.537072228058042
lothstrasse,dlinear,autumn_2024,469,19,9.37806563011932,0.9,8.47806563011932
lothstrasse,dlinear,autumn_2024,470,19,8.866655446444852,1.0,7.866655446444852
lothstrasse,dlinear,autumn_2024,471,19,8.615096488344479,1.0,7.615096488344479
lothstrasse,dlinear,autumn_2024,472,19,8.532663260516703,1.0,7.532663260516703
lothstrasse,dlinear,autumn_2024,473,19,8.939708104373667,1.0,7.939708104373667
lothstrasse,dlinear,autumn_2024,474,19,9.564289385155458,3.0,6.564289385155458
lothstrasse,dlinear,autumn_2024,475,19,9.790027129463112,4.0,5.7900271294631125
lothstrasse,dlinear,autumn_2024,476,19,10.505733333292639,5.0,5.505733333292639
lothstrasse,dlinear,autumn_2024,477,19,10.592501127416002,6.0,4.592501127416002
lothstrasse,dlinear,autumn_2024,478,19,10.652205930568673,6.0,4.652205930568673
lothstrasse,dlinear,autumn_2024,479,19,11.02693865536004,5.0,6.0269386553600395
lothstrasse,dlinear,autumn_2024,480,20,10.952242762244795,7.0,3.9522427622447953
lothstrasse,dlinear,autumn_2024,481,20,9.995395628648648,7.0,2.995395628648648
lothstrasse,dlinear,autumn_2024,482,20,8.497740299524414,6.0,2.4977402995244145
lothstrasse,dlinear,autumn_2024,483,20,7.043877911065722,6.0,1.0438779110657217
lothstrasse,dlinear,autumn_2024,484,20,6.0334598773809045,4.0,2.0334598773809045
lothstrasse,dlinear,autumn_2024,485,20,5.4675276149606535,5.0,0.46752761496065354
lothstrasse,dlinear,autumn_2024,486,20,5.256813193523822,4.0,1.256813193523822
lothstrasse,dlinear,autumn_2024,487,20,5.111837657177539,3.0,2.1118376571775386
lothstrasse,dlinear,autumn_2024,488,20,5.117832711682095,2.0,3.1178327116820954
lothstrasse,dlinear,autumn_2024,489,20,5.083364461299768,1.0,4.083364461299768
lothstrasse,dlinear,autumn_2024,490,20,5.949745798809333,2.0,3.9497457988093334
lothstrasse,dlinear,autumn_2024,491,20,5.898103118723569,3.0,2.8981031187235686
lothstrasse,dlinear,autumn_2024,492,20,6.611208738137674,7.0,0.38879126186232593
lothstrasse,dlinear,autumn_2024,493,20,7.6778489075182454,10.0,2.3221510924817546
lothstrasse,dlinear,autumn_2024,494,20,8.7427963238483,10.0,1.2572036761517005
lothstrasse,dlinear,autumn_2024,495,20,10.562867442992308,11.0,0.4371325570076916
lothstrasse,dlinear,autumn_2024,496,20,12.470422963679189,11.0,1.470422963679189
lothstrasse,dlinear,autumn_2024,497,20,15.410198771849736,17.0,1.5898012281502645
lothstrasse,dlinear,autumn_2024,498,20,17.866214711947123,20.0,2.133785288052877
lothstrasse,dlinear,autumn_2024,499,20,19.63020514874077,23.0,3.369794851259229
lothstrasse,dlinear,autumn_2024,500,20,19.965772544610623,22.0,2.0342274553893773
lothstrasse,dlinear,autumn_2024,501,20,19.060704211034132,22.0,2.939295788965868
lothstrasse,dlinear,autumn_2024,502,20,17.68549178256575,18.0,0.3145082174342484
lothstrasse,dlinear,autumn_2024,503,20,16.225455375679648,11.0,5.225455375679648
lothstrasse,dlinear,autumn_2024,504,21,13.70741374488342,5.0,8.70741374488342
lothstrasse,dlinear,autumn_2024,505,21,10.830847005459818,5.0,5.830847005459818
lothstrasse,dlinear,autumn_2024,506,21,8.586233219061976,4.0,4.586233219061976
lothstrasse,dlinear,autumn_2024,507,21,7.379714470733175,3.0,4.379714470733175
lothstrasse,dlinear,autumn_2024,508,21,6.550035553747268,3.0,3.550035553747268
lothstrasse,dlinear,autumn_2024,509,21,6.290440166894909,3.0,3.290440166894909
lothstrasse,dlinear,autumn_2024,510,21,5.868621933582945,3.0,2.8686219335829453
lothstrasse,dlinear,autumn_2024,511,21,5.491164940093866,4.0,1.4911649400938662
lothstrasse,dlinear,autumn_2024,512,21,5.188608496114751,4.0,1.1886084961147514
lothstrasse,dlinear,autumn_2024,513,21,4.859482686307757,4.0,0.8594826863077571
lothstrasse,dlinear,autumn_2024,514,21,4.47167275447842,5.0,0.52832724552158
lothstrasse,dlinear,autumn_2024,515,21,4.5269463142302735,5.0,0.4730536857697265
lothstrasse,dlinear,autumn_2024,516,21,4.830073518103133,4.0,0.8300735181031333
lothstrasse,dlinear,autumn_2024,517,21,5.2088163790605675,2.0,3.2088163790605675
lothstrasse,dlinear,autumn_2024,518,21,5.424360002398364,3.0,2.4243600023983642
lothstrasse,dlinear,autumn_2024,519,21,5.74870790727865,5.0,0.74870790727865
lothstrasse,dlinear,autumn_2024,520,21,6.254299979278767,5.0,1.254299979278767
lothstrasse,dlinear,autumn_2024,521,21,7.2361225154328785,5.0,2.2361225154328785
lothstrasse,dlinear,autumn_2024,522,21,7.628470663204879,4.0,3.6284706632048787
lothstrasse,dlinear,autumn_2024,523,21,7.896798436207872,6.0,1.896798436207872
lothstrasse,dlinear,autumn_2024,524,21,8.356968895372889,9.0,0.6430311046271111
lothstrasse,dlinear,autumn_2024,525,21,8.999551499627774,7.0,1.9995514996277741
lothstrasse,dlinear,autumn_2024,526,21,9.649629467713343,4.0,5.649629467713343
lothstrasse,dlinear,autumn_2024,527,21,9.956601673468137,5.0,4.956601673468137
lothstrasse,dlinear,autumn_2024,528,22,10.028368138713402,7.0,3.028368138713402
lothstrasse,dlinear,autumn_2024,529,22,10.2938694427314,4.0,6.293869442731401
lothstrasse,dlinear,autumn_2024,530,22,10.602909304503662,3.0,7.602909304503662
lothstrasse,dlinear,autumn_2024,531,22,10.920816044789257,6.0,4.920816044789257
lothstrasse,dlinear,autumn_2024,532,22,10.642274955078245,3.0,7.6422749550782445
lothstrasse,dlinear,autumn_2024,533,22,9.85833004648464,4.0,5.858330046484641
lothstrasse,dlinear,autumn_2024,534,22,9.171737783199928,5.0,4.171737783199928
lothstrasse,dlinear,autumn_2024,535,22,8.217514552530965,4.0,4.2175145525309645
lothstrasse,dlinear,autumn_2024,536,22,7.469522254636082,5.0,2.4695222546360824
lothstrasse,dlinear,autumn_2024,537,22,6.983251726574627,5.0,1.9832517265746272
lothstrasse,dlinear,autumn_2024,538,22,7.019081603138552,10.0,2.9809183968614477
lothstrasse,dlinear,autumn_2024,539,22,7.407993932470404,11.0,3.5920060675295957
lothstrasse,dlinear,autumn_2024,540,22,7.869225821812499,12.0,4.130774178187501
lothstrasse,dlinear,autumn_2024,541,22,8.32767350435554,8.0,0.32767350435553944
lothstrasse,dlinear,autumn_2024,542,22,8.627624034061428,8.0,0.6276240340614283
lothstrasse,dlinear,autumn_2024,543,22,8.130342374382622,6.0,2.1303423743826215
lothstrasse,dlinear,autumn_2024,544,22,7.545602507806541,6.0,1.5456025078065414
lothstrasse,dlinear,autumn_2024,545,22,6.796924065929863,6.0,0.7969240659298631
lothstrasse,dlinear,autumn_2024,546,22,6.569292181813729,6.0,0.5692921818137293
lothstrasse,dlinear,autumn_2024,547,22,6.759841804333531,8.0,1.240158195666469
lothstrasse,dlinear,autumn_2024,548,22,6.856817445899462,8.0,1.1431825541005383
lothstrasse,dlinear,autumn_2024,549,22,6.167299271558715,2.0,4.167299271558715
lothstrasse,dlinear,autumn_2024,550,22,5.445325098297154,2.0,3.445325098297154
lothstrasse,dlinear,autumn_2024,551,22,5.008758981913062,2.0,3.0087589819130622
lothstrasse,dlinear,autumn_2024,552,23,4.949206959390176,3.0,1.9492069593901764
lothstrasse,dlinear,autumn_2024,553,23,4.86407871819446,5.0,0.13592128180554042
lothstrasse,dlinear,autumn_2024,554,23,4.852123449808209,7.0,2.147876550191791
lothstrasse,dlinear,autumn_2024,555,23,5.375761730462541,10.0,4.624238269537459
lothstrasse,dlinear,autumn_2024,556,23,6.381939397664029,12.0,5.618060602335971
lothstrasse,dlinear,autumn_2024,557,23,6.831277627851574,10.0,3.1687223721484257
lothstrasse,dlinear,autumn_2024,558,23,6.334176006772346,5.0,1.3341760067723456
lothstrasse,dlinear,autumn_2024,559,23,5.684865262904899,5.0,0.684865262904899
lothstrasse,dlinear,autumn_2024,560,23,5.01140715562197,5.0,0.0114071556219697
lothstrasse,dlinear,autumn_2024,561,23,3.963390604218139,3.0,0.963390604218139
lothstrasse,dlinear,autumn_2024,562,23,2.971075442546943,2.0,0.971075442546943
lothstrasse,dlinear,autumn_2024,563,23,2.5903740027392694,3.0,0.40962599726073057
lothstrasse,dlinear,autumn_2024,564,23,2.5114393647730444,2.0,0.5114393647730444
lothstrasse,dlinear,autumn_2024,565,23,2.5162342468336294,0.9,1.6162342468336295
lothstrasse,dlinear,autumn_2024,566,23,2.5835725708697064,1.0,1.5835725708697064
lothstrasse,dlinear,autumn_2024,567,23,2.9296550777703665,1.0,1.9296550777703665
lothstrasse,dlinear,autumn_2024,568,23,3.5686221811171204,1.0,2.5686221811171204
lothstrasse,dlinear,autumn_2024,569,23,4.086954297426462,1.0,3.0869542974264617
lothstrasse,dlinear,autumn_2024,570,23,4.626565866436367,1.0,3.6265658664363674
lothstrasse,dlinear,autumn_2024,571,23,5.349553716654456,3.0,2.349553716654456
lothstrasse,dlinear,autumn_2024,572,23,6.192116457959989,7.0,0.8078835420400106
lothstrasse,dlinear,autumn_2024,573,23,6.942781097610457,9.0,2.0572189023895433
lothstrasse,dlinear,autumn_2024,574,23,7.159181435264151,8.0,0.8408185647358488
lothstrasse,dlinear,autumn_2024,575,23,7.08614760814633,3.0,4.08614760814633
lothstrasse,dlinear,autumn_2024,576,24,7.194558808332718,3.0,4.194558808332718
lothstrasse,dlinear,autumn_2024,577,24,7.5088345666733165,5.0,2.5088345666733165
lothstrasse,dlinear,autumn_2024,578,24,7.706414955977933,7.0,0.7064149559779329
lothstrasse,dlinear,autumn_2024,579,24,7.126602670340478,6.0,1.1266026703404783
lothstrasse,dlinear,autumn_2024,580,24,6.7319207462657715,6.0,0.7319207462657715
lothstrasse,dlinear,autumn_2024,581,24,6.642391680217229,7.0,0.35760831978277086
lothstrasse,dlinear,autumn_2024,582,24,6.576819860744781,8.0,1.4231801392552192
lothstrasse,dlinear,autumn_2024,583,24,6.271755299827116,10.0,3.7282447001728842
lothstrasse,dlinear,autumn_2024,584,24,5.589626703449699,8.0,2.4103732965503006
lothstrasse,dlinear,autumn_2024,585,24,4.842740506199553,8.0,3.1572594938004466
lothstrasse,dlinear,autumn_2024,586,24,4.6722246283399755,10.0,5.3277753716600245
lothstrasse,dlinear,autumn_2024,587,24,4.830063787770385,8.0,3.169936212229615
lothstrasse,dlinear,autumn_2024,588,24,5.344157043099753,7.0,1.6558429569002469
lothstrasse,dlinear,autumn_2024,589,24,5.6328075458994356,2.0,3.6328075458994356
lothstrasse,dlinear,autumn_2024,590,24,6.178787080752391,2.0,4.178787080752391
lothstrasse,dlinear,autumn_2024,591,24,6.404092943755173,2.0,4.404092943755173
lothstrasse,dlinear,autumn_2024,592,24,6.817653207486937,2.0,4.817653207486937
lothstrasse,dlinear,autumn_2024,593,24,7.4018458888764815,2.0,5.4018458888764815
lothstrasse,dlinear,autumn_2024,594,24,7.7280728107786505,2.0,5.7280728107786505
lothstrasse,dlinear,autumn_2024,595,24,8.404401763584485,2.0,6.4044017635844845
lothstrasse,dlinear,autumn_2024,596,24,9.98683639554141,4.0,5.98683639554141
lothstrasse,dlinear,autumn_2024,597,24,11.882353764335518,12.0,0.11764623566448229
lothstrasse,dlinear,autumn_2024,598,24,13.456868850880689,16.0,2.5431311491193114
lothstrasse,dlinear,autumn_2024,599,24,14.373090216756914,14.0,0.3730902167569141
lothstrasse,dlinear,autumn_2024,600,25,14.982548419967182,16.0,1.0174515800328177
lothstrasse,dlinear,autumn_2024,601,25,14.230315435465059,16.0,1.7696845645349413
lothstrasse,dlinear,autumn_2024,602,25,12.575141622686425,15.0,2.4248583773135746
lothstrasse,dlinear,autumn_2024,603,25,11.108820491825956,13.0,1.8911795081740443
lothstrasse,dlinear,autumn_2024,604,25,9.86672413942633,13.0,3.1332758605736704
lothstrasse,dlinear,autumn_2024,605,25,8.626558685867451,13.0,4.373441314132549
lothstrasse,dlinear,autumn_2024,606,25,7.2038613129599085,8.0,0.7961386870400915
lothstrasse,dlinear,autumn_2024,607,25,6.079482332408857,6.0,0.07948233240885738
lothstrasse,dlinear,autumn_2024,608,25,5.148908830401016,5.0,0.148908830401016
lothstrasse,dlinear,autumn_2024,609,25,4.81176493879486,5.0,0.18823506120514022
lothstrasse,dlinear,autumn_2024,610,25,4.637303852882822,5.0,0.3626961471171777
lothstrasse,dlinear,autumn_2024,611,25,4.924633312881214,4.0,0.9246333128812143
lothstrasse,dlinear,autumn_2024,612,25,5.751851274620806,8.0,2.2481487253791936
lothstrasse,dlinear,autumn_2024,613,25,6.95292049491403,12.0,5.04707950508597
lothstrasse,dlinear,autumn_2024,614,25,8.562500338399817,14.0,5.437499661600183
lothstrasse,dlinear,autumn_2024,615,25,10.668532518498733,20.0,9.331467481501267
lothstrasse,dlinear,autumn_2024,616,25,12.519365210193563,20.0,7.480634789806437
lothstrasse,dlinear,autumn_2024,617,25,13.361199577735665,14.0,0.6388004222643353
lothstrasse,dlinear,autumn_2024,618,25,13.916479634747635,16.0,2.0835203652523653
lothstrasse,dlinear,autumn_2024,619,25,13.596661718960227,12.0,1.5966617189602275
lothstrasse,dlinear,autumn_2024,620,25,13.146818287321317,11.0,2.1468182873213166
lothstrasse,dlinear,autumn_2024,621,25,13.023041735850843,11.0,2.0230417358508426
lothstrasse,dlinear,autumn_2024,622,25,13.121245691549461,10.0,3.1212456915494613
lothstrasse,dlinear,autumn_2024,623,25,12.92536880727726,11.0,1.9253688072772608
lothstrasse,dlinear,autumn_2024,624,26,12.492042533150844,12.0,0.492042533150844
lothstrasse,dlinear,autumn_2024,625,26,11.897460065671629,13.0,1.1025399343283713
lothstrasse,dlinear,autumn_2024,626,26,11.106377498639818,12.0,0.8936225013601824
lothstrasse,dlinear,autumn_2024,627,26,10.563345737765161,11.0,0.43665426223483905
lothstrasse,dlinear,autumn_2024,628,26,9.695182774955766,8.0,1.6951827749557662
lothstrasse,dlinear,autumn_2024,629,26,8.812832957943789,6.0,2.8128329579437885
lothstrasse,dlinear,autumn_2024,630,26,7.994576067812071,6.0,1.994576067812071
lothstrasse,dlinear,autumn_2024,631,26,7.7233274844353055,9.0,1.2766725155646945
lothstrasse,dlinear,autumn_2024,632,26,6.795129884590056,6.0,0.7951298845900556
lothstrasse,dlinear,autumn_2024,633,26,5.241454091365502,3.0,2.241454091365502
lothstrasse,dlinear,autumn_2024,634,26,4.11420644615617,4.0,0.11420644615617004
lothstrasse,dlinear,autumn_2024,635,26,3.968793933517594,5.0,1.0312060664824059
lothstrasse,dlinear,autumn_2024,636,26,4.587258399364739,7.0,2.412741600635261
lothstrasse,dlinear,autumn_2024,637,26,5.517041674175716,7.0,1.482958325824284
lothstrasse,dlinear,autumn_2024,638,26,6.148085825547329,5.0,1.1480858255473292
lothstrasse,dlinear,autumn_2024,639,26,6.83398663771652,6.0,0.8339866377165199
lothstrasse,dlinear,autumn_2024,640,26,7.3224926156919015,8.0,0.6775073843080985
lothstrasse,dlinear,autumn_2024,641,26,8.38863241425142,12.0,3.61136758574858
lothstrasse,dlinear,autumn_2024,642,26,9.2778633560492,10.0,0.7221366439507992
lothstrasse,dlinear,autumn_2024,643,26,10.234412324014201,7.0,3.234412324014201
lothstrasse,dlinear,autumn_2024,644,26,10.585676782512722,9.0,1.5856767825127225
lothstrasse,dlinear,autumn_2024,645,26,10.651318201982184,9.0,1.6513182019821837
lothstrasse,dlinear,autumn_2024,646,26,10.35387880326841,9.0,1.35387880326841
lothstrasse,dlinear,autumn_2024,647,26,9.510928332461264,7.0,2.5109283324612637
lothstrasse,dlinear,autumn_2024,648,27,9.011141994812956,9.0,0.011141994812955858
lothstrasse,dlinear,autumn_2024,649,27,8.87848824180617,12.0,3.1215117581938294
lothstrasse,dlinear,autumn_2024,650,27,8.993487179238185,13.0,4.006512820761815
lothstrasse,dlinear,autumn_2024,651,27,9.230217336169568,12.0,2.7697826638304317
lothstrasse,dlinear,autumn_2024,652,27,8.520757399469586,6.0,2.520757399469586
lothstrasse,dlinear,autumn_2024,653,27,7.213026734971051,7.0,0.2130267349710513
lothstrasse,dlinear,autumn_2024,654,27,6.06785643598096,6.0,0.0678564359809597
lothstrasse,dlinear,autumn_2024,655,27,5.403536064620445,5.0,0.4035360646204449
lothstrasse,dlinear,autumn_2024,656,27,5.3602928753171355,6.0,0.6397071246828645
lothstrasse,dlinear,autumn_2024,657,27,5.797317335837241,7.0,1.2026826641627588
lothstrasse,dlinear,autumn_2024,658,27,6.101399718992659,8.0,1.898600281007341
lothstrasse,dlinear,autumn_2024,659,27,6.5971184741679405,7.0,0.4028815258320595
lothstrasse,dlinear,autumn_2024,660,27,7.515398296956533,7.0,0.5153982969565334
lothstrasse,dlinear,autumn_2024,661,27,8.781781743482705,9.0,0.21821825651729476
lothstrasse,dlinear,autumn_2024,662,27,9.784625365632452,11.0,1.2153746343675476
lothstrasse,dlinear,autumn_2024,663,27,10.65737425086074,12.0,1.3426257491392608
lothstrasse,dlinear,autumn_2024,664,27,10.961158467042448,10.0,0.9611584670424485
lothstrasse,dlinear,autumn_2024,665,27,11.601004765187854,11.0,0.6010047651878541
lothstrasse,dlinear,autumn_2024,666,27,12.187149987046231,11.0,1.1871499870462312
lothstrasse,dlinear,autumn_2024,667,27,12.057182986962436,9.0,3.0571829869624363
lothstrasse,dlinear,autumn_2024,668,27,10.637883831825608,5.0,5.637883831825608
lothstrasse,dlinear,autumn_2024,669,27,9.35173123340553,4.0,5.3517312334055305
lothstrasse,dlinear,autumn_2024,670,27,8.520439849207063,2.0,6.520439849207063
lothstrasse,dlinear,autumn_2024,671,27,7.842437898381738,2.0,5.842437898381738
lothstrasse,dlinear,autumn_2024,672,28,7.164791894157399,2.0,5.164791894157399
lothstrasse,dlinear,autumn_2024,673,28,6.549317555191746,1.0,5.549317555191746
lothstrasse,dlinear,autumn_2024,674,28,6.149971224358174,2.0,4.149971224358174
lothstrasse,dlinear,autumn_2024,675,28,5.690039456437578,1.0,4.690039456437578
lothstrasse,dlinear,autumn_2024,676,28,5.4138399266691035,1.0,4.4138399266691035
lothstrasse,dlinear,autumn_2024,677,28,4.991533534806719,1.0,3.9915335348067194
lothstrasse,dlinear,autumn_2024,678,28,4.700628028033957,1.0,3.7006280280339574
lothstrasse,dlinear,autumn_2024,679,28,4.855023196532693,1.0,3.8550231965326933
lothstrasse,dlinear,autumn_2024,680,28,5.359274038660283,2.0,3.359274038660283
lothstrasse,dlinear,autumn_2024,681,28,6.151938130186133,5.0,1.1519381301861333
lothstrasse,dlinear,autumn_2024,682,28,7.6643468787867475,14.0,6.3356531212132525
lothstrasse,dlinear,autumn_2024,683,28,9.700651483376781,14.0,4.299348516623219
lothstrasse,dlinear,autumn_2024,684,28,10.949352219732768,17.0,6.050647780267232
lothstrasse,dlinear,autumn_2024,685,28,11.295831922041979,15.0,3.7041680779580215
lothstrasse,dlinear,autumn_2024,686,28,11.69791011515033,16.0,4.30208988484967
lothstrasse,dlinear,autumn_2024,687,28,13.098059559992105,19.0,5.901940440007895
lothstrasse,dlinear,autumn_2024,688,28,14.944438244087927,18.0,3.0555617559120734
lothstrasse,dlinear,autumn_2024,689,28,16.76708270492248,20.0,3.2329172950775202
lothstrasse,dlinear,autumn_2024,690,28,18.546687033226554,24.0,5.453312966773446
lothstrasse,dlinear,autumn_2024,691,28,19.181693431933173,22.0,2.818306568066827
lothstrasse,dlinear,autumn_2024,692,28,17.821372388885578,17.0,0.8213723888855782
lothstrasse,dlinear,autumn_2024,693,28,14.409839756119295,11.0,3.409839756119295
lothstrasse,dlinear,autumn_2024,694,28,11.272483761300313,11.0,0.2724837613003128
lothstrasse,dlinear,autumn_2024,695,28,9.584954576954434,10.0,0.4150454230455658
lothstrasse,dlinear,autumn_2024,696,29,8.390752266546333,10.0,1.6092477334536675
lothstrasse,dlinear,autumn_2024,697,29,7.2258191445455004,8.0,0.7741808554544996
lothstrasse,dlinear,autumn_2024,698,29,6.762735378152358,7.0,0.2372646218476424
lothstrasse,dlinear,autumn_2024,699,29,6.9679619418842496,8.0,1.0320380581157504
lothstrasse,dlinear,autumn_2024,700,29,7.001020047322183,8.0,0.9989799526778169
lothstrasse,dlinear,autumn_2024,701,29,6.699921575354612,2.0,4.699921575354612
lothstrasse,dlinear,autumn_2024,702,29,7.1906444032298475,5.0,2.1906444032298475
lothstrasse,dlinear,autumn_2024,703,29,8.007308787156287,8.0,0.007308787156286911
lothstrasse,dlinear,autumn_2024,704,29,9.152287151709693,11.0,1.847712848290307
lothstrasse,dlinear,autumn_2024,705,29,11.150006698957572,16.0,4.849993301042428
lothstrasse,dlinear,autumn_2024,706,29,13.813155697990913,19.0,5.186844302009087
lothstrasse,dlinear,autumn_2024,707,29,15.828248492659991,21.0,5.171751507340009
lothstrasse,dlinear,autumn_2024,708,29,16.574209902709065,20.0,3.4257900972909354
lothstrasse,dlinear,autumn_2024,709,29,16.416106225821153,14.0,2.416106225821153
lothstrasse,dlinear,autumn_2024,710,29,15.357612985187664,6.0,9.357612985187664
lothstrasse,dlinear,autumn_2024,711,29,14.131403896585313,6.0,8.131403896585313
lothstrasse,dlinear,autumn_2024,712,29,14.929354770650761,12.0,2.929354770650761
lothstrasse,dlinear,autumn_2024,713,29,17.343286881014432,14.0,3.343286881014432
lothstrasse,dlinear,autumn_2024,714,29,19.298419536386255,17.0,2.2984195363862554
lothstrasse,dlinear,autumn_2024,715,29,19.691173568016914,16.0,3.6911735680169144
lothstrasse,dlinear,autumn_2024,716,29,19.015054116243718,16.0,3.015054116243718
lothstrasse,dlinear,autumn_2024,717,29,18.518922379750684,19.0,0.4810776202493159
lothstrasse,dlinear,autumn_2024,718,29,17.329634656011503,16.0,1.3296346560115033
lothstrasse,dlinear,autumn_2024,719,29,15.456425022789688,17.0,1.5435749772103122
lothstrasse,dlinear,autumn_2024,720,30,14.537773217589931,17.0,2.4622267824100685
lothstrasse,dlinear,autumn_2024,721,30,15.715895854723884,18.0,2.2841041452761157
lothstrasse,dlinear,autumn_2024,722,30,16.59873137774443,13.0,3.5987313777444285
lothstrasse,dlinear,autumn_2024,723,30,15.695292907001757,11.0,4.6952929070017575
lothstrasse,dlinear,autumn_2024,724,30,14.150911201653479,9.0,5.150911201653479
lothstrasse,dlinear,autumn_2024,725,30,12.01587858854937,6.0,6.01587858854937
lothstrasse,dlinear,autumn_2024,726,30,10.457639742804872,6.0,4.457639742804872
lothstrasse,dlinear,autumn_2024,727,30,9.996325907958314,8.0,1.9963259079583136
lothstrasse,dlinear,autumn_2024,728,30,10.927200509879388,9.0,1.9272005098793876
lothstrasse,dlinear,autumn_2024,729,30,11.029129803594316,9.0,2.0291298035943157
lothstrasse,dlinear,autumn_2024,730,30,10.187745885400883,7.0,3.187745885400883
lothstrasse,dlinear,autumn_2024,731,30,9.48567613226726,9.0,0.48567613226726003
lothstrasse,dlinear,autumn_2024,732,30,9.643563876400155,12.0,2.3564361235998454
lothstrasse,dlinear,autumn_2024,733,30,9.878187826591844,10.0,0.12181217340815564
lothstrasse,dlinear,autumn_2024,734,30,10.028777382028379,10.0,0.02877738202837854
lothstrasse,dlinear,autumn_2024,735,30,10.067060200127603,11.0,0.932939799872397
lothstrasse,dlinear,autumn_2024,736,30,10.50506410010078,10.0,0.5050641001007801
lothstrasse,dlinear,autumn_2024,737,30,11.001008562537182,9.0,2.001008562537182
lothstrasse,dlinear,autumn_2024,738,30,11.890084751354829,10.0,1.890084751354829
lothstrasse,dlinear,autumn_2024,739,30,12.8153393881643,12.0,0.8153393881643005
lothstrasse,dlinear,autumn_2024,740,30,12.932073274052744,11.0,1.932073274052744
lothstrasse,dlinear,autumn_2024,741,30,12.355305380438875,11.0,1.3553053804388746
lothstrasse,dlinear,autumn_2024,742,30,11.916539395856066,10.0,1.9165393958560664
lothstrasse,dlinear,autumn_2024,743,30,11.651967004602735,9.0,2.651967004602735
lothstrasse,dlinear,autumn_2024,744,31,11.926711278865511,9.0,2.926711278865511
lothstrasse,dlinear,autumn_2024,745,31,12.243397812462764,8.0,4.243397812462764
lothstrasse,dlinear,autumn_2024,746,31,11.632573394100998,6.0,5.632573394100998
lothstrasse,dlinear,autumn_2024,747,31,10.16413165731507,4.0,6.164131657315069
lothstrasse,dlinear,autumn_2024,748,31,8.792956455861656,4.0,4.792956455861656
lothstrasse,dlinear,autumn_2024,749,31,8.233420270966347,6.0,2.233420270966347
lothstrasse,dlinear,autumn_2024,750,31,8.2360441135351,4.0,4.236044113535099
lothstrasse,dlinear,autumn_2024,751,31,8.066287020669556,2.0,6.066287020669556
lothstrasse,dlinear,autumn_2024,752,31,7.492888880181518,2.0,5.492888880181518
lothstrasse,dlinear,autumn_2024,753,31,6.968201071154585,3.0,3.968201071154585
lothstrasse,dlinear,autumn_2024,754,31,6.354087931178037,4.0,2.3540879311780367
lothstrasse,dlinear,autumn_2024,755,31,5.535966823433936,4.0,1.5359668234339363
lothstrasse,dlinear,autumn_2024,756,31,4.433050468454512,3.0,1.4330504684545122
lothstrasse,dlinear,autumn_2024,757,31,3.5791094952396443,2.0,1.5791094952396443
lothstrasse,dlinear,autumn_2024,758,31,3.1228561325163917,2.0,1.1228561325163917
lothstrasse,dlinear,autumn_2024,759,31,3.3010917301373346,4.0,0.6989082698626654
lothstrasse,dlinear,autumn_2024,760,31,3.914208196123724,5.0,1.0857918038762762
lothstrasse,dlinear,autumn_2024,761,31,5.77087289661979,6.0,0.22912710338021025
lothstrasse,dlinear,autumn_2024,762,31,7.91026479345432,5.0,2.9102647934543198
lothstrasse,dlinear,autumn_2024,763,31,10.142659767778513,3.0,7.142659767778513
lothstrasse,dlinear,autumn_2024,764,31,12.932906350571647,10.0,2.9329063505716473
lothstrasse,dlinear,autumn_2024,765,31,14.493786205918452,13.0,1.4937862059184521
lothstrasse,dlinear,autumn_2024,766,31,15.232073132099812,14.0,1.2320731320998117
lothstrasse,dlinear,autumn_2024,767,31,14.19816014011683,13.0,1.1981601401168298
lothstrasse,dlinear,autumn_2024,768,32,12.151939747522835,10.0,2.1519397475228352
lothstrasse,dlinear,autumn_2024,769,32,10.32773183029841,10.0,0.3277318302984096
lothstrasse,dlinear,autumn_2024,770,32,10.141788357559742,5.0,5.141788357559742
lothstrasse,dlinear,autumn_2024,771,32,10.31028027392173,2.0,8.31028027392173
lothstrasse,dlinear,autumn_2024,772,32,10.652052135156595,3.0,7.652052135156595
lothstrasse,dlinear,autumn_2024,773,32,10.808550985192328,8.0,2.808550985192328
lothstrasse,dlinear,autumn_2024,774,32,11.355156196806316,11.0,0.35515619680631616
lothstrasse,dlinear,autumn_2024,775,32,13.669274590000759,17.0,3.330725409999241
lothstrasse,dlinear,autumn_2024,776,32,14.634988566968216,15.0,0.36501143303178374
lothstrasse,dlinear,autumn_2024,777,32,14.07838224733243,11.0,3.0783822473324296
lothstrasse,dlinear,autumn_2024,778,32,12.771799334260365,6.0,6.771799334260365
lothstrasse,dlinear,autumn_2024,779,32,11.128872046541284,1.0,10.128872046541284
lothstrasse,dlinear,autumn_2024,780,32,10.041340581210603,2.0,8.041340581210603
lothstrasse,dlinear,autumn_2024,781,32,10.270685964280439,2.0,8.270685964280439
lothstrasse,dlinear,autumn_2024,782,32,10.385655464617459,2.0,8.385655464617459
lothstrasse,dlinear,autumn_2024,783,32,10.465893359322235,2.0,8.465893359322235
lothstrasse,dlinear,autumn_2024,784,32,10.658023635300083,2.0,8.658023635300083
lothstrasse,dlinear,autumn_2024,785,32,10.751858013275555,2.0,8.751858013275555
lothstrasse,dlinear,autumn_2024,786,32,10.486681055983157,3.0,7.486681055983157
lothstrasse,dlinear,autumn_2024,787,32,10.747808832382471,9.0,1.7478088323824714
lothstrasse,dlinear,autumn_2024,788,32,11.805996009306687,15.0,3.1940039906933126
lothstrasse,dlinear,autumn_2024,789,32,11.527986128739158,9.0,2.5279861287391583
lothstrasse,dlinear,autumn_2024,790,32,10.920487963264335,6.0,4.9204879632643355
lothstrasse,dlinear,autumn_2024,791,32,10.992806276512859,5.0,5.992806276512859
lothstrasse,dlinear,autumn_2024,792,33,11.505949952490141,2.0,9.505949952490141
lothstrasse,dlinear,autumn_2024,793,33,11.980463067951385,2.0,9.980463067951385
lothstrasse,dlinear,autumn_2024,794,33,12.342457371254376,2.0,10.342457371254376
lothstrasse,dlinear,autumn_2024,795,33,12.702315995923032,3.0,9.702315995923032
lothstrasse,dlinear,autumn_2024,796,33,12.755789379428094,5.0,7.755789379428094
lothstrasse,dlinear,autumn_2024,797,33,12.285091379742866,7.0,5.285091379742866
lothstrasse,dlinear,autumn_2024,798,33,11.851075800306939,8.0,3.8510758003069387
lothstrasse,dlinear,autumn_2024,799,33,11.493652676656573,7.0,4.493652676656573
lothstrasse,dlinear,autumn_2024,800,33,11.310467005475275,6.0,5.3104670054752745
lothstrasse,dlinear,autumn_2024,801,33,11.304669841945028,8.0,3.304669841945028
lothstrasse,dlinear,autumn_2024,802,33,11.508302418765982,10.0,1.5083024187659824
lothstrasse,dlinear,autumn_2024,803,33,11.513236932839327,10.0,1.5132369328393267
lothstrasse,dlinear,autumn_2024,804,33,11.329349519336215,10.0,1.3293495193362155
lothstrasse,dlinear,autumn_2024,805,33,10.939397902800525,10.0,0.9393979028005255
lothstrasse,dlinear,autumn_2024,806,33,10.440452481490398,8.0,2.4404524814903983
lothstrasse,dlinear,autumn_2024,807,33,9.90882880501171,7.0,2.9088288050117104
lothstrasse,dlinear,autumn_2024,808,33,9.359901391113938,6.0,3.3599013911139384
lothstrasse,dlinear,autumn_2024,809,33,8.981514603091249,6.0,2.9815146030912487
lothstrasse,dlinear,autumn_2024,810,33,9.092463656006192,9.0,0.092463656006192
lothstrasse,dlinear,autumn_2024,811,33,9.44119192522481,10.0,0.5588080747751896
lothstrasse,dlinear,autumn_2024,812,33,9.89948204460542,10.0,0.10051795539457942
lothstrasse,dlinear,autumn_2024,813,33,10.330883558786196,12.0,1.669116441213804
lothstrasse,dlinear,autumn_2024,814,33,10.425910338294008,14.0,3.574089661705992
lothstrasse,dlinear,autumn_2024,815,33,10.37053925961954,17.0,6.629460740380461
lothstrasse,dlinear,autumn_2024,816,34,10.39332115614123,17.0,6.60667884385877
lothstrasse,dlinear,autumn_2024,817,34,10.583890326235409,17.0,6.416109673764591
lothstrasse,dlinear,autumn_2024,818,34,10.812771359362124,16.0,5.187228640637876
lothstrasse,dlinear,autumn_2024,819,34,11.117613823569869,15.0,3.8823861764301313
lothstrasse,dlinear,autumn_2024,820,34,11.473703556304919,17.0,5.526296443695081
lothstrasse,dlinear,autumn_2024,821,34,11.399744199842948,17.0,5.600255800157052
lothstrasse,dlinear,autumn_2024,822,34,10.911422020685215,13.0,2.0885779793147847
lothstrasse,dlinear,autumn_2024,823,34,11.06760813539233,9.0,2.06760813539233
lothstrasse,dlinear,autumn_2024,824,34,11.531968799606412,9.0,2.531968799606412
lothstrasse,dlinear,autumn_2024,825,34,11.488170849567371,7.0,4.488170849567371
lothstrasse,dlinear,autumn_2024,826,34,11.363784151368566,6.0,5.3637841513685665
lothstrasse,dlinear,autumn_2024,827,34,10.590579017229938,4.0,6.590579017229938
lothstrasse,dlinear,autumn_2024,828,34,9.50475387710245,5.0,4.50475387710245
lothstrasse,dlinear,autumn_2024,829,34,8.590426082978876,4.0,4.590426082978876
lothstrasse,dlinear,autumn_2024,830,34,8.006982948570677,2.0,6.006982948570677
lothstrasse,dlinear,autumn_2024,831,34,8.78025009138215,5.0,3.7802500913821504
lothstrasse,dlinear,autumn_2024,832,34,10.065713037920341,6.0,4.065713037920341
lothstrasse,dlinear,autumn_2024,833,34,11.135682370405043,8.0,3.1356823704050427
lothstrasse,dlinear,autumn_2024,834,34,11.700532939943098,9.0,2.7005329399430984
lothstrasse,dlinear,autumn_2024,835,34,11.868173809981416,3.0,8.868173809981416
lothstrasse,dlinear,autumn_2024,836,34,12.315686358877375,4.0,8.315686358877375
lothstrasse,dlinear,autumn_2024,837,34,12.131444082776202,6.0,6.131444082776202
lothstrasse,dlinear,autumn_2024,838,34,11.451569147443998,6.0,5.451569147443998
lothstrasse,dlinear,autumn_2024,839,34,10.833248749385818,10.0,0.8332487493858185
lothstrasse,dlinear,autumn_2024,840,35,10.39692107479985,12.0,1.6030789252001494
lothstrasse,dlinear,autumn_2024,841,35,10.293027118577827,12.0,1.706972881422173
lothstrasse,dlinear,autumn_2024,842,35,10.72998429624025,12.0,1.27001570375975
lothstrasse,dlinear,autumn_2024,843,35,10.717139094935646,10.0,0.7171390949356464
lothstrasse,dlinear,autumn_2024,844,35,10.246535139949685,5.0,5.246535139949685
lothstrasse,dlinear,autumn_2024,845,35,9.411247053980073,4.0,5.411247053980073
lothstrasse,dlinear,autumn_2024,846,35,8.367366776145763,3.0,5.367366776145763
lothstrasse,dlinear,autumn_2024,847,35,7.736125007282343,3.0,4.736125007282343
lothstrasse,dlinear,autumn_2024,848,35,7.620034698034425,5.0,2.6200346980344253
lothstrasse,dlinear,autumn_2024,849,35,7.352024681033087,7.0,0.35202468103308693
lothstrasse,dlinear,autumn_2024,850,35,6.978475587188477,8.0,1.021524412811523
lothstrasse,dlinear,autumn_2024,851,35,6.880282128896724,10.0,3.1197178711032763
lothstrasse,dlinear,autumn_2024,852,35,7.226894151933996,10.0,2.7731058480660042
lothstrasse,dlinear,autumn_2024,853,35,8.391099405368756,8.0,0.391099405368756
lothstrasse,dlinear,autumn_2024,854,35,9.081628346849485,10.0,0.9183716531505155
lothstrasse,dlinear,autumn_2024,855,35,9.46656589470517,11.0,1.5334341052948304
lothstrasse,dlinear,autumn_2024,856,35,9.237149268942591,9.0,0.23714926894259136
lothstrasse,dlinear,autumn_2024,857,35,9.306276802925105,13.0,3.6937231970748954
lothstrasse,dlinear,autumn_2024,858,35,9.578769936080606,16.0,6.421230063919394
lothstrasse,dlinear,autumn_2024,859,35,10.42594295958456,21.0,10.57405704041544
lothstrasse,dlinear,autumn_2024,860,35,11.191672395020994,18.0,6.808327604979006
lothstrasse,dlinear,autumn_2024,861,35,11.049577756997376,14.0,2.950422243002624
lothstrasse,dlinear,autumn_2024,862,35,10.183993972442952,9.0,1.183993972442952
lothstrasse,dlinear,autumn_2024,863,35,9.372496089052792,8.0,1.3724960890527917
lothstrasse,dlinear,autumn_2024,864,36,8.35420631797959,7.0,1.3542063179795907
lothstrasse,dlinear,autumn_2024,865,36,7.3070720080210805,5.0,2.3070720080210805
lothstrasse,dlinear,autumn_2024,866,36,6.631755907991332,6.0,0.631755907991332
lothstrasse,dlinear,autumn_2024,867,36,6.5168346188408055,6.0,0.5168346188408055
lothstrasse,dlinear,autumn_2024,868,36,6.459445656421796,6.0,0.4594456564217957
lothstrasse,dlinear,autumn_2024,869,36,6.370753201659203,7.0,0.6292467983407972
lothstrasse,dlinear,autumn_2024,870,36,6.417147746779545,5.0,1.4171477467795448
lothstrasse,dlinear,autumn_2024,871,36,6.190198188441297,5.0,1.1901981884412969
lothstrasse,dlinear,autumn_2024,872,36,6.776076449422341,4.0,2.776076449422341
lothstrasse,dlinear,autumn_2024,873,36,8.48927146989106,5.0,3.48927146989106
lothstrasse,dlinear,autumn_2024,874,36,10.286781499951259,7.0,3.2867814999512586
lothstrasse,dlinear,autumn_2024,875,36,12.746978871221966,9.0,3.746978871221966
lothstrasse,dlinear,autumn_2024,876,36,13.918029054008159,12.0,1.9180290540081586
lothstrasse,dlinear,autumn_2024,877,36,14.982853617129308,13.0,1.982853617129308
lothstrasse,dlinear,autumn_2024,878,36,15.634024682563538,8.0,7.634024682563538
lothstrasse,dlinear,autumn_2024,879,36,15.916067803934816,6.0,9.916067803934816
lothstrasse,dlinear,autumn_2024,880,36,15.831592153286355,6.0,9.831592153286355
lothstrasse,dlinear,autumn_2024,881,36,14.746021884554647,8.0,6.746021884554647
lothstrasse,dlinear,autumn_2024,882,36,13.830094138157055,12.0,1.8300941381570546
lothstrasse,dlinear,autumn_2024,883,36,13.528884673111042,13.0,0.5288846731110421
lothstrasse,dlinear,autumn_2024,884,36,12.784175812573322,13.0,0.2158241874266782
lothstrasse,dlinear,autumn_2024,885,36,12.218036629086718,17.0,4.781963370913282
lothstrasse,dlinear,autumn_2024,886,36,12.135218734594666,15.0,2.864781265405334
lothstrasse,dlinear,autumn_2024,887,36,11.582420101093945,10.0,1.5824201010939447
lothstrasse,dlinear,autumn_2024,888,37,10.938972678192346,11.0,0.06102732180765358
lothstrasse,dlinear,autumn_2024,889,37,10.63485056181953,11.0,0.3651494381804703
lothstrasse,dlinear,autumn_2024,890,37,10.054637980665484,8.0,2.0546379806654844
lothstrasse,dlinear,autumn_2024,891,37,9.554359725742035,8.0,1.5543597257420352
lothstrasse,dlinear,autumn_2024,892,37,8.903455246025226,8.0,0.9034552460252261
lothstrasse,dlinear,autumn_2024,893,37,8.419587803623967,7.0,1.4195878036239673
lothstrasse,dlinear,autumn_2024,894,37,8.131893418379692,6.0,2.1318934183796916
lothstrasse,dlinear,autumn_2024,895,37,8.239109622436466,5.0,3.239109622436466
lothstrasse,dlinear,autumn_2024,896,37,8.1588797903946,5.0,3.1588797903946
lothstrasse,dlinear,autumn_2024,897,37,7.684765860171827,4.0,3.6847658601718267
lothstrasse,dlinear,autumn_2024,898,37,7.3762725669563025,3.0,4.3762725669563025
lothstrasse,dlinear,autumn_2024,899,37,7.32182775004614,5.0,2.3218277500461397
lothstrasse,dlinear,autumn_2024,900,37,7.84098208803233,6.0,1.8409820880323302
lothstrasse,dlinear,autumn_2024,901,37,8.52697582666841,7.0,1.5269758266684104
lothstrasse,dlinear,autumn_2024,902,37,8.66127856388846,7.0,1.6612785638884606
lothstrasse,dlinear,autumn_2024,903,37,8.38972438449696,6.0,2.38972438449696
lothstrasse,dlinear,autumn_2024,904,37,7.798964426171405,8.0,0.20103557382859538
lothstrasse,dlinear,autumn_2024,905,37,7.284574465859206,9.0,1.7154255341407936
lothstrasse,dlinear,autumn_2024,906,37,6.98531078976436,8.0,1.0146892102356402
lothstrasse,dlinear,autumn_2024,907,37,6.86752605966055,10.0,3.13247394033945
lothstrasse,dlinear,autumn_2024,908,37,6.755036537308031,10.0,3.2449634626919686
lothstrasse,dlinear,autumn_2024,909,37,6.256946142807788,10.0,3.743053857192212
lothstrasse,dlinear,autumn_2024,910,37,5.9257013146187445,9.0,3.0742986853812555
lothstrasse,dlinear,autumn_2024,911,37,5.440810408331035,5.0,0.4408104083310347
lothstrasse,dlinear,autumn_2024,912,38,5.297228221224607,4.0,1.2972282212246071
lothstrasse,dlinear,autumn_2024,913,38,5.250606597185852,2.0,3.250606597185852
lothstrasse,dlinear,autumn_2024,914,38,5.33759986856696,2.0,3.3375998685669597
lothstrasse,dlinear,autumn_2024,915,38,5.481967584873417,1.0,4.481967584873417
lothstrasse,dlinear,autumn_2024,916,38,5.58442486880034,1.0,4.58442486880034
lothstrasse,dlinear,autumn_2024,917,38,5.3075950866103,1.0,4.3075950866103
lothstrasse,dlinear,autumn_2024,918,38,5.174862617047254,2.0,3.1748626170472543
lothstrasse,dlinear,autumn_2024,919,38,5.265259080283123,2.0,3.2652590802831227
lothstrasse,dlinear,autumn_2024,920,38,5.283265541927932,2.0,3.283265541927932
lothstrasse,dlinear,autumn_2024,921,38,5.022400958988184,1.0,4.022400958988184
lothstrasse,dlinear,autumn_2024,922,38,4.612768716689911,1.0,3.612768716689911
lothstrasse,dlinear,autumn_2024,923,38,4.243113480179952,1.0,3.243113480179952
lothstrasse,dlinear,autumn_2024,924,38,4.181507639304257,1.0,3.1815076393042574
lothstrasse,dlinear,autumn_2024,925,38,4.508955282706474,1.0,3.5089552827064736
lothstrasse,dlinear,autumn_2024,926,38,4.964399272749114,1.0,3.964399272749114
lothstrasse,dlinear,autumn_2024,927,38,5.304679984517435,1.0,4.304679984517435
lothstrasse,dlinear,autumn_2024,928,38,5.563085446664413,1.0,4.563085446664413
lothstrasse,dlinear,autumn_2024,929,38,5.569182342392119,1.0,4.569182342392119
lothstrasse,dlinear,autumn_2024,930,38,5.6895109483667845,1.0,4.6895109483667845
lothstrasse,dlinear,autumn_2024,931,38,6.290386012091283,2.0,4.290386012091283
lothstrasse,dlinear,autumn_2024,932,38,7.2016289853396795,3.0,4.2016289853396795
lothstrasse,dlinear,autumn_2024,933,38,7.768813639503364,7.0,0.7688136395033638
lothstrasse,dlinear,autumn_2024,934,38,7.973816397097911,11.0,3.0261836029020888
lothstrasse,dlinear,autumn_2024,935,38,7.745192864399197,12.0,4.254807135600803
lothstrasse,dlinear,autumn_2024,936,39,7.94411162319529,10.0,2.0558883768047096
lothstrasse,dlinear,autumn_2024,937,39,8.44132335160326,9.0,0.5586766483967391
lothstrasse,dlinear,autumn_2024,938,39,8.475019037478985,9.0,0.5249809625210151
lothstrasse,dlinear,autumn_2024,939,39,7.9907789227629165,9.0,1.0092210772370835
lothstrasse,dlinear,autumn_2024,940,39,7.3582321788229,11.0,3.6417678211771003
lothstrasse,dlinear,autumn_2024,941,39,6.8782458029849725,12.0,5.1217541970150275
lothstrasse,dlinear,autumn_2024,942,39,6.5531234955043995,13.0,6.4468765044956005
lothstrasse,dlinear,autumn_2024,943,39,6.33312202078848,14.0,7.66687797921152
lothstrasse,dlinear,autumn_2024,944,39,6.132572606431853,12.0,5.867427393568147
lothstrasse,dlinear,autumn_2024,945,39,5.777883334447942,10.0,4.222116665552058
lothstrasse,dlinear,autumn_2024,946,39,5.402991526809917,9.0,3.5970084731900833
lothstrasse,dlinear,autumn_2024,947,39,5.432983490279955,8.0,2.5670165097200446
lothstrasse,dlinear,autumn_2024,948,39,6.149864751376041,9.0,2.8501352486239586
lothstrasse,dlinear,autumn_2024,949,39,7.570647849185843,13.0,5.429352150814157
lothstrasse,dlinear,autumn_2024,950,39,9.295176274160463,16.0,6.704823725839537
lothstrasse,dlinear,autumn_2024,951,39,10.907861837158679,15.0,4.092138162841321
lothstrasse,dlinear,autumn_2024,952,39,12.02805127563869,11.0,1.0280512756386901
lothstrasse,dlinear,autumn_2024,953,39,12.266671923170186,13.0,0.7333280768298138
lothstrasse,dlinear,autumn_2024,954,39,12.266468951740956,12.0,0.266468951740956
lothstrasse,dlinear,autumn_2024,955,39,12.184381229813164,13.0,0.8156187701868358
lothstrasse,dlinear,autumn_2024,956,39,12.069318025367197,12.0,0.06931802536719722
lothstrasse,dlinear,autumn_2024,957,39,11.94393250855634,13.0,1.0560674914436596
lothstrasse,dlinear,autumn_2024,958,39,12.097534997879642,14.0,1.9024650021203584
lothstrasse,dlinear,autumn_2024,959,39,12.274600058653455,14.0,1.725399941346545
lothstrasse,dlinear,autumn_2024,960,40,12.137615710284456,14.0,1.8623842897155445
lothstrasse,dlinear,autumn_2024,961,40,12.213734196350682,18.0,5.786265803649318
lothstrasse,dlinear,autumn_2024,962,40,10.909190991460834,7.0,3.909190991460834
lothstrasse,dlinear,autumn_2024,963,40,8.885049798196894,2.0,6.885049798196894
lothstrasse,dlinear,autumn_2024,964,40,7.4368854869468874,3.0,4.4368854869468874
lothstrasse,dlinear,autumn_2024,965,40,6.572429699655435,4.0,2.5724296996554354
lothstrasse,dlinear,autumn_2024,966,40,6.1036379978044675,4.0,2.1036379978044675
lothstrasse,dlinear,autumn_2024,967,40,6.239621640571869,2.0,4.239621640571869
lothstrasse,dlinear,autumn_2024,968,40,6.279380832150785,2.0,4.279380832150785
lothstrasse,dlinear,autumn_2024,969,40,6.528548745320505,4.0,2.5285487453205047
lothstrasse,dlinear,autumn_2024,970,40,7.0466063602262015,6.0,1.0466063602262015
lothstrasse,dlinear,autumn_2024,971,40,7.656580807760221,7.0,0.6565808077602213
lothstrasse,dlinear,autumn_2024,972,40,7.8649893228169345,6.0,1.8649893228169345
lothstrasse,dlinear,autumn_2024,973,40,7.998053243332081,4.0,3.9980532433320812
lothstrasse,dlinear,autumn_2024,974,40,8.104806175550957,3.0,5.104806175550957
lothstrasse,dlinear,autumn_2024,975,40,8.574414969211714,3.0,5.574414969211714
lothstrasse,dlinear,autumn_2024,976,40,8.925012131315638,3.0,5.925012131315638
lothstrasse,dlinear,autumn_2024,977,40,8.956480186168463,5.0,3.956480186168463
lothstrasse,dlinear,autumn_2024,978,40,9.135080331553961,8.0,1.1350803315539615
lothstrasse,dlinear,autumn_2024,979,40,9.761922285081853,9.0,0.7619222850818534
lothstrasse,dlinear,autumn_2024,980,40,10.7378541794083,11.0,0.2621458205916998
lothstrasse,dlinear,autumn_2024,981,40,11.64675635337862,14.0,2.3532436466213795
lothstrasse,dlinear,autumn_2024,982,40,12.329939208523292,12.0,0.3299392085232924
lothstrasse,dlinear,autumn_2024,983,40,12.939222668365822,12.0,0.9392226683658222
lothstrasse,dlinear,autumn_2024,984,41,13.498636255254194,11.0,2.498636255254194
lothstrasse,dlinear,autumn_2024,985,41,14.324244544220079,13.0,1.324244544220079
lothstrasse,dlinear,autumn_2024,986,41,14.583232529264246,12.0,2.5832325292642455
lothstrasse,dlinear,autumn_2024,987,41,14.542139443467391,11.0,3.5421394434673914
lothstrasse,dlinear,autumn_2024,988,41,14.751967205937255,15.0,0.2480327940627447
lothstrasse,dlinear,autumn_2024,989,41,14.955387555212187,13.0,1.9553875552121873
lothstrasse,dlinear,autumn_2024,990,41,15.268623382666103,13.0,2.268623382666103
lothstrasse,dlinear,autumn_2024,991,41,15.512189925917053,13.0,2.5121899259170526
lothstrasse,dlinear,autumn_2024,992,41,14.962110157743822,11.0,3.9621101577438225
lothstrasse,dlinear,autumn_2024,993,41,13.961426921509908,10.0,3.961426921509908
lothstrasse,dlinear,autumn_2024,994,41,13.504514600925651,13.0,0.5045146009256509
lothstrasse,dlinear,autumn_2024,995,41,14.510384276159451,17.0,2.489615723840549
lothstrasse,dlinear,autumn_2024,996,41,15.973546278637567,21.0,5.026453721362433
lothstrasse,dlinear,autumn_2024,997,41,17.075709989882895,24.0,6.9242900101171045
lothstrasse,dlinear,autumn_2024,998,41,17.346286953358383,25.0,7.653713046641617
lothstrasse,dlinear,autumn_2024,999,41,17.202997102282996,24.0,6.797002897717004
lothstrasse,dlinear,autumn_2024,1000,41,17.513092133771003,21.0,3.4869078662289965
lothstrasse,dlinear,autumn_2024,1001,41,18.239523926165887,21.0,2.7604760738341128
lothstrasse,dlinear,autumn_2024,1002,41,18.38227586075364,18.0,0.38227586075364073
lothstrasse,dlinear,autumn_2024,1003,41,17.757036553019972,17.0,0.7570365530199723
lothstrasse,dlinear,autumn_2024,1004,41,17.161864439988918,14.0,3.1618644399889178
lothstrasse,dlinear,autumn_2024,1005,41,17.116630139004382,14.0,3.116630139004382
lothstrasse,dlinear,autumn_2024,1006,41,17.731877499228798,16.0,1.7318774992287977
lothstrasse,dlinear,autumn_2024,1007,41,18.178313751367384,17.0,1.1783137513673836
lothstrasse,dlinear,autumn_2024,1008,42,17.89244980480762,14.0,3.892449804807619
lothstrasse,dlinear,autumn_2024,1009,42,18.388420530774287,12.0,6.388420530774287
lothstrasse,dlinear,autumn_2024,1010,42,19.479570074441135,10.0,9.479570074441135
lothstrasse,dlinear,autumn_2024,1011,42,20.289590329174686,6.0,14.289590329174686
lothstrasse,dlinear,autumn_2024,1012,42,20.20598694287522,3.0,17.20598694287522
lothstrasse,dlinear,autumn_2024,1013,42,20.045052191086697,3.0,17.045052191086697
lothstrasse,dlinear,autumn_2024,1014,42,22.624100272551637,5.0,17.624100272551637
lothstrasse,dlinear,autumn_2024,1015,42,26.370306926536955,10.0,16.370306926536955
lothstrasse,dlinear,autumn_2024,1016,42,28.639428612573123,14.0,14.639428612573123
lothstrasse,dlinear,autumn_2024,1017,42,27.979076461828804,13.0,14.979076461828804
lothstrasse,dlinear,autumn_2024,1018,42,26.01159533776766,12.0,14.011595337767659
lothstrasse,dlinear,autumn_2024,1019,42,24.319274232832,13.0,11.319274232832
lothstrasse,dlinear,autumn_2024,1020,42,21.8387618632,12.0,9.838761863199998
lothstrasse,dlinear,autumn_2024,1021,42,18.965799728658464,10.0,8.965799728658464
lothstrasse,dlinear,autumn_2024,1022,42,17.158548070997607,12.0,5.1585480709976075
lothstrasse,dlinear,autumn_2024,1023,42,16.309048101843906,16.0,0.3090481018439064
lothstrasse,dlinear,autumn_2024,1024,42,15.498289987865887,17.0,1.5017100121341134
lothstrasse,dlinear,autumn_2024,1025,42,14.567877277855294,15.0,0.4321227221447064
lothstrasse,dlinear,autumn_2024,1026,42,14.380997606576805,15.0,0.6190023934231945
lothstrasse,dlinear,autumn_2024,1027,42,14.72130508830118,14.0,0.7213050883011807
lothstrasse,dlinear,autumn_2024,1028,42,15.68753238743779,14.0,1.6875323874377894
lothstrasse,dlinear,autumn_2024,1029,42,16.586660482895727,13.0,3.586660482895727
lothstrasse,dlinear,autumn_2024,1030,42,17.110165262339038,12.0,5.110165262339038
lothstrasse,dlinear,autumn_2024,1031,42,17.13953830821669,11.0,6.139538308216689
lothstrasse,dlinear,autumn_2024,1032,43,17.052054363387622,9.0,8.052054363387622
lothstrasse,dlinear,autumn_2024,1033,43,17.29958122979102,11.0,6.29958122979102
lothstrasse,dlinear,autumn_2024,1034,43,17.697326955604552,12.0,5.697326955604552
lothstrasse,dlinear,autumn_2024,1035,43,18.15845241973329,15.0,3.1584524197332904
lothstrasse,dlinear,autumn_2024,1036,43,18.438382972102797,15.0,3.438382972102797
lothstrasse,dlinear,autumn_2024,1037,43,18.234948280534567,15.0,3.2349482805345673
lothstrasse,dlinear,autumn_2024,1038,43,17.659296441458448,15.0,2.659296441458448
lothstrasse,dlinear,autumn_2024,1039,43,18.06654299171271,19.0,0.9334570082872915
lothstrasse,dlinear,autumn_2024,1040,43,18.4131637759812,18.0,0.41316377598120013
lothstrasse,dlinear,autumn_2024,1041,43,18.545064207019173,19.0,0.45493579298082665
lothstrasse,dlinear,autumn_2024,1042,43,18.800299967280246,21.0,2.199700032719754
lothstrasse,dlinear,autumn_2024,1043,43,18.873617358156714,22.0,3.1263826418432856
lothstrasse,dlinear,autumn_2024,1044,43,18.81162577311405,23.0,4.188374226885951
lothstrasse,dlinear,autumn_2024,1045,43,18.70531694614212,22.0,3.294683053857881
lothstrasse,dlinear,autumn_2024,1046,43,18.220408174336978,18.0,0.22040817433697768
lothstrasse,dlinear,autumn_2024,1047,43,17.280272397800644,14.0,3.280272397800644
lothstrasse,dlinear,autumn_2024,1048,43,16.638403267858926,13.0,3.6384032678589264
lothstrasse,dlinear,autumn_2024,1049,43,16.218675447676567,10.0,6.218675447676567
lothstrasse,dlinear,autumn_2024,1050,43,16.375606941184067,12.0,4.375606941184067
lothstrasse,dlinear,autumn_2024,1051,43,16.176810475293372,11.0,5.176810475293372
lothstrasse,dlinear,autumn_2024,1052,43,15.40765255851484,9.0,6.40765255851484
lothstrasse,dlinear,autumn_2024,1053,43,14.576296120524148,10.0,4.576296120524148
lothstrasse,dlinear,autumn_2024,1054,43,13.391141890780093,10.0,3.3911418907800925
lothstrasse,dlinear,autumn_2024,1055,43,12.363547138855283,10.0,2.3635471388552833
